0.0	19.333313320921366
0.01	15.159188788549672
0.02	13.67639346978588
0.03	13.492690605519236
0.04	19.646773640921584
0.05	26.273626529161323
0.06	26.322748079179743
0.07	21.37713488093659
0.08	19.37067862249534
0.09	16.828567434274635
0.1	23.12902073780647
0.11	18.607050402820313
0.12	17.947534137603796
0.13	18.847753826571253
0.14	18.711858927556182
0.15	19.730996964342182
0.16	24.085294317644472
0.17	25.348469550858773
0.18	21.044916463710866
0.19	20.73401922879988
0.2	18.568387187870318
0.21	21.98746320974786
0.22	23.392774374185873
0.23	28.95728364023947
0.24	25.16642376655465
0.25	22.965928499592923
0.26	19.689303069447217
0.27	17.14322262759249
0.28	16.043481502142217
0.29	16.588746068554627
0.3	23.149083594512742
0.31	21.96861277914481
0.32	19.465349535923426
0.33	21.834746785384016
0.34	21.31528602707819
0.35000000000000003	21.723248513945197
0.36	20.68025164629115
0.37	20.782814263523143
0.38	17.849568684917504
0.39	22.011751512597538
0.4	20.909865863513854
0.41000000000000003	20.787026669687684
0.42	23.042156538379416
0.43	22.249908495040877
0.44	22.198271418025474
0.45	18.568950299378642
0.46	18.296471207569915
0.47000000000000003	28.2380337459433
0.48	35.363540371407005
0.49	32.48198299713064
0.5	25.30376176072541
0.51	20.520055875273005
0.52	17.05079922177949
0.53	13.497225010595042
0.54	15.378250065371473
0.55	18.92461746919686
0.56	19.138272700480748
0.5700000000000001	17.117949301186908
0.58	23.994011743704387
0.59	24.613020985853737
0.6	21.94173656953819
0.61	18.616114563511672
0.62	14.220513787469098
0.63	12.6501269121427
0.64	10.478671457033505
0.65	9.17662310709565
0.66	11.881718277776658
0.67	11.314686659120776
0.68	9.360006639951505
0.6900000000000001	17.318210168113453
0.7000000000000001	13.317391435606257
0.71	12.700179783885979
0.72	17.32338266495539
0.73	14.671476991766303
0.74	20.38072884657242
0.75	18.182509070340807
0.76	22.988254459161464
0.77	20.790684102794113
0.78	22.11616150778723
0.79	17.161941276733458
0.8	15.002351803267048
0.81	23.913759247980472
0.8200000000000001	26.483717829862705
0.8300000000000001	20.844306371374977
0.84	17.97672029074024
0.85	17.604234127994555
0.86	13.558950592350211
0.87	12.621200073552195
0.88	11.927513334394991
0.89	12.286714984558051
0.9	9.304282972480701
0.91	11.501738697039187
0.92	11.080436735236212
0.93	12.122129752051281
0.9400000000000001	11.877889243169093
0.9500000000000001	11.52856647789207
0.96	14.857181373298493
0.97	13.758699317985384
0.98	14.145701257051405
0.99	12.917486151852296
1.0	12.74087707633785
1.01	8.775394232996241
1.02	6.1173262453663995
1.03	8.374468303031227
1.04	6.633447679631775
1.05	8.214355881547338
1.06	6.4446379958957865
1.07	5.668557712747192
1.08	5.6771071876169765
1.09	6.482183043161061
1.1	6.535835231871088
1.11	5.712150745920244
1.12	7.218996428256167
1.1300000000000001	13.808738245128524
1.1400000000000001	23.149121452658836
1.1500000000000001	18.968990616617333
1.16	18.079101624031573
1.17	22.517410813995777
1.18	23.61762042976156
1.19	25.179280551881675
1.2	27.627240674630393
1.21	24.346578360569293
1.22	20.246861419109077
1.23	16.241333003187368
1.24	19.659153933305152
1.25	17.27066501327128
1.26	15.40990559213375
1.27	19.176542394561437
1.28	21.931379080135226
1.29	20.086353388705948
1.3	18.84100208886049
1.31	16.372428699371564
1.32	21.840191180789965
1.33	24.197735507073077
1.34	23.09247283800499
1.35	19.038955859782217
1.36	15.771979839350859
1.37	13.331599154323223
1.3800000000000001	16.822246919379108
1.3900000000000001	32.386629782557954
1.4000000000000001	25.84558454940381
1.41	21.507385264694108
1.42	21.494360743312324
1.43	24.249759528883192
1.44	19.74642431190644
1.45	16.20776644081177
1.46	22.217805235610424
1.47	17.160520770002446
1.48	16.734895071205766
1.49	14.872559659301801
1.5	11.87655966558199
1.51	10.72700483748515
1.52	10.184347458563431
1.53	10.914294916509778
1.54	12.532666575077828
1.55	12.45599849408932
1.56	11.60092020478928
1.57	15.36226747815164
1.58	16.52119541326945
1.59	13.829035095394813
1.6	11.295961185020099
1.61	24.875894659041535
1.62	25.1062883217895
1.6300000000000001	26.745436921503817
1.6400000000000001	26.333298391045066
1.6500000000000001	23.647266757494204
1.6600000000000001	26.39987244023176
1.67	30.74555950479192
1.68	26.474125239614605
1.69	22.164714239882837
1.7	24.20191138530769
1.71	27.38557933535603
1.72	23.925099626828466
1.73	35.38693552460337
1.74	30.7349746011203
1.75	28.071678479646753
1.76	25.774247526117843
1.77	20.92467113368453
1.78	24.156394561249254
1.79	24.711318785966483
1.8	27.774866664339694
1.81	26.263022217008043
1.82	25.71452624000182
1.83	22.961520551921286
1.84	20.22125034766209
1.85	17.557901555036846
1.86	17.70352304921368
1.87	15.128049221282122
1.8800000000000001	13.030766250048893
1.8900000000000001	10.480737882190825
1.9000000000000001	14.923583900531849
1.9100000000000001	13.226177457999507
1.92	13.897757797389946
1.93	13.411267561995633
1.94	12.968010114509168
1.95	17.716700983636287
1.96	15.933833348173167
1.97	15.206242275110109
1.98	13.538621612145544
1.99	12.473736336648399
2.0	14.055070788647557
2.0100000000000002	11.285029155743416
2.02	10.60216123324106
2.0300000000000002	13.892203611814711
2.04	13.42463447604445
2.05	15.379283323207167
2.06	13.70291537225951
2.07	12.219085521418728
2.08	12.28520672442163
2.09	12.349351751324303
2.1	9.381195696169783
2.11	7.553730854015984
2.12	7.41354532244968
2.13	10.648728404927052
2.14	10.120469749380092
2.15	7.849194683422929
2.16	5.632065461025403
2.17	5.461212746911403
2.18	5.248439866242778
2.19	5.180951101296193
2.2	5.421637614637197
2.21	5.002987744440924
2.22	3.260869130625934
2.23	0.2720832322621633
2.24	-0.4709477176371689
2.25	0.6758125808179163
2.2600000000000002	2.654722790507288
2.27	1.949194910928509
2.2800000000000002	3.386340550540053
2.29	3.949572280318616
2.3000000000000003	3.122068699611147
2.31	2.3781821522348197
2.32	3.302101412656683
2.33	4.205997322823773
2.34	7.330563315289808
2.35	7.047062904183612
2.36	14.959933016659743
2.37	18.879821016321618
2.38	21.078670572774804
2.39	24.49929890939534
2.4	19.994278908350335
2.41	15.912723977478631
2.42	17.0011405652411
2.43	18.290036915155913
2.44	14.027736982969795
2.45	12.850571677448832
2.46	10.771992316498991
2.47	11.730603217094107
2.48	12.910835127612739
2.49	10.889675402439456
2.5	9.183436888953961
2.5100000000000002	6.524602510007748
2.52	8.007877841817193
2.5300000000000002	9.238947940831983
2.54	9.245604938753845
2.5500000000000003	11.917247736694058
2.56	14.044427471164012
2.57	14.272498697831583
2.58	17.05157415632466
2.59	14.674523086643424
2.6	11.508812588027851
2.61	9.19640362575307
2.62	13.957177261383327
2.63	14.125101434161037
2.64	12.272570910983216
2.65	11.489149376842779
2.66	15.797419748526472
2.67	19.080887029967396
2.68	15.097556601474365
2.69	11.08086344636471
2.7	8.672160945642592
2.71	10.113885759155348
2.72	11.86304156188854
2.73	11.695721775180695
2.74	12.125343791107337
2.75	16.197564883635444
2.7600000000000002	14.543152821448007
2.77	13.818876709182852
2.7800000000000002	12.558003453133571
2.79	9.46216084443858
2.8000000000000003	9.07972378704907
2.81	11.432614619523077
2.82	10.722510771322348
2.83	12.113622413823094
2.84	9.867486644702309
2.85	7.826384639176077
2.86	5.822496904700811
2.87	1.6969573161042437
2.88	0.35834505333070216
2.89	3.9455233079737293
2.9	14.26820559167357
2.91	17.051685315053334
2.92	13.303316620753675
2.93	10.954105694870934
2.94	10.994883463412778
2.95	14.270007830434512
2.96	17.381350675497913
2.97	17.211896872873115
2.98	19.07581072435231
2.99	18.111296985308925
3.0	16.501816741826353
3.0100000000000002	17.568814590734483
3.02	21.193096829429514
3.0300000000000002	20.211950405788983
3.04	21.4095183921115
3.0500000000000003	23.957774190142644
3.06	19.437456114781828
3.0700000000000003	18.2157156879692
3.08	18.73705781140567
3.09	19.14061066449864
3.1	23.91796467618068
3.11	22.399654775428086
3.12	17.933354574893986
3.13	14.533370367793745
3.14	15.135444526689467
3.15	16.406338099443648
3.16	14.63787264016153
3.17	17.63935102136409
3.18	19.90466414091697
3.19	24.371203455720455
3.2	20.85216234778719
3.21	18.52204745908207
3.22	23.67511873782579
3.23	19.827500621386193
3.24	17.531515440023483
3.25	13.533106580471557
3.2600000000000002	13.66694989584551
3.27	12.158577591636558
3.2800000000000002	12.381955814014386
3.29	12.301758045671063
3.3000000000000003	10.149047161063248
3.31	12.7343005717868
3.3200000000000003	16.23603544711513
3.33	14.77690624706496
3.34	13.689417143611962
3.35	15.759653202067351
3.36	12.687871374708903
3.37	14.674759272158111
3.38	14.210899870965775
3.39	16.955852283832943
3.4	15.405073627470198
3.41	12.07795203315093
3.42	8.877182808359292
3.43	7.100525273182678
3.44	12.658662322149661
3.45	12.778716701149685
3.46	11.457813224299937
3.47	15.193933272828266
3.48	11.410874222241345
3.49	9.158359556950069
3.5	7.43654007248016
3.5100000000000002	5.912162400048649
3.52	6.97484470815876
3.5300000000000002	6.51499020699071
3.54	5.683787092278574
3.5500000000000003	10.736035139317694
3.56	10.657925925765731
3.5700000000000003	17.130015983198458
3.58	23.962129844612726
3.59	19.748505847909808
3.6	17.221658756997957
3.61	17.35555475173179
3.62	25.68461578928482
3.63	20.404023763425997
3.64	18.678023444574702
3.65	15.354107660585141
3.66	14.235074649077491
3.67	12.323770401315413
3.68	16.001323758132372
3.69	18.771066174069773
3.7	16.488029451622324
3.71	15.48498827075998
3.72	15.000265750329953
3.73	14.267331853814833
3.74	13.216418577071884
3.75	22.35881204276455
3.7600000000000002	21.09688107152274
3.77	18.033695556573065
3.7800000000000002	17.138833197483955
3.79	15.895135762788726
3.8000000000000003	22.42766989438446
3.81	19.190237935260985
3.8200000000000003	18.91228300044581
3.83	18.325722026824625
3.84	19.38470516163243
3.85	23.399165829887735
3.86	23.408180700853823
3.87	20.312986153604143
3.88	24.091273645905883
3.89	20.272191946732516
3.9	19.87868162365049
3.91	27.300360754079502
3.92	26.965292032147836
3.93	28.64399879293621
3.94	32.70098619575708
3.95	30.732101368595092
3.96	24.195573037672236
3.97	19.554415360594906
3.98	24.676486363181127
3.99	25.294943626227973
4.0	22.610733287934437
4.01	25.486818220350088
4.0200000000000005	21.28246397771308
4.03	26.588507008742113
4.04	24.05139575052874
4.05	23.58729519543553
4.0600000000000005	25.512269620101392
4.07	20.147436724880617
4.08	16.390693541370982
4.09	15.92396769257483
4.1	15.237089160517383
4.11	11.876570033856343
4.12	11.485278350319607
4.13	11.181371649887963
4.14	10.824487207242052
4.15	10.548966192750795
4.16	8.67768382566379
4.17	7.524063687756766
4.18	7.868784714316133
4.19	17.068546242245024
4.2	16.951210866104827
4.21	18.96537216614958
4.22	31.705567112171664
4.23	30.27016329716894
4.24	33.4959574888705
4.25	27.786493486803547
4.26	32.34396989244311
4.2700000000000005	28.351793519131558
4.28	38.089479154109185
4.29	32.91082484509706
4.3	29.179480064952173
4.3100000000000005	24.94932574518911
4.32	25.574180680445277
4.33	20.85716237455977
4.34	16.721564926775667
4.3500000000000005	13.582200767635811
4.36	18.33551791767107
4.37	14.274784356254889
4.38	13.984602800851116
4.39	13.611206569062457
4.4	18.8828626807134
4.41	20.867052529770483
4.42	16.425610270622556
4.43	13.862943949415984
4.44	20.821992543059544
4.45	22.743336761262526
4.46	21.441755644703164
4.47	18.190619380572592
4.48	15.310340467449892
4.49	14.373597541005852
4.5	12.215923483522126
4.51	11.434006384835282
4.5200000000000005	18.34751736882727
4.53	22.040626428264293
4.54	21.169064387020963
4.55	23.44661094548053
4.5600000000000005	28.15114513308582
4.57	31.541431342395274
4.58	30.08993962748519
4.59	23.773799133863207
4.6000000000000005	21.241972516802075
4.61	21.64744603058973
4.62	19.239823194424805
4.63	15.545890549350231
4.64	21.99437740023068
4.65	28.749655821288815
4.66	28.346099652571983
4.67	22.327431374012328
4.68	19.295946020294885
4.69	15.466722087454514
4.7	11.664434237502313
4.71	8.435726045584738
4.72	5.048679532617084
4.73	7.819991832636101
4.74	5.284565069596795
4.75	7.27705378205629
4.76	7.607352664140478
4.7700000000000005	8.580942466086489
4.78	13.69155559901176
4.79	11.691981062983446
4.8	14.121332793705683
4.8100000000000005	11.742306642388574
4.82	19.76207860187206
4.83	18.057080341093037
4.84	25.732445121072583
4.8500000000000005	24.40187597221875
4.86	20.74375232559806
4.87	25.947422933838197
4.88	20.770637289358522
4.89	25.46226461635454
4.9	22.677553602105604
4.91	25.502703408005363
4.92	23.147316922803437
4.93	19.885716715947105
4.94	19.13140033376282
4.95	23.097131810904624
4.96	23.659356124153376
4.97	19.244141958349566
4.98	15.643093223976495
4.99	14.401860933506438
5.0	14.799202006085995
5.01	15.494134208951964
5.0200000000000005	15.188754564660204
5.03	12.908191843331807
5.04	11.661828657075075
5.05	11.55242709863391
5.0600000000000005	9.68008570205026
5.07	9.401810857955548
5.08	8.970662035892278
5.09	8.846299271870775
5.1000000000000005	6.874042863783087
5.11	7.5483345936147686
5.12	14.599597122025713
5.13	19.109325523903216
5.14	14.91531109736275
5.15	12.5176463976176
5.16	11.280995006174678
5.17	9.006197047370375
5.18	9.634897625257183
5.19	11.84991605007688
5.2	19.604397925848176
5.21	16.293497978081707
5.22	13.582136554724977
5.23	15.687193413610988
5.24	12.127651394319223
5.25	10.98024432002575
5.26	14.963917058723453
5.2700000000000005	18.839377747713844
5.28	14.97997774473003
5.29	14.928332711232231
5.3	16.762584041551577
5.3100000000000005	23.083205384609037
5.32	19.54095572173203
5.33	20.426706246389823
5.34	22.774959910124643
5.3500000000000005	28.42401696006841
5.36	31.50247493528077
5.37	25.6664378242814
5.38	23.629634627388267
5.39	21.43701393073018
5.4	19.005886721779692
5.41	19.90629957128764
5.42	15.925986232536166
5.43	15.12849969583297
5.44	17.415265981147645
5.45	21.098944821141316
5.46	20.373401644662493
5.47	19.918322408744714
5.48	19.645582417898257
5.49	16.77902633963431
5.5	14.165667286599755
5.51	13.25683482206881
5.5200000000000005	14.093575856423527
5.53	13.621078479401179
5.54	11.841167643868515
5.55	9.336342531420712
5.5600000000000005	13.856143678705287
5.57	12.389770048269371
5.58	15.09590770720843
5.59	27.440454989126916
5.6000000000000005	32.32010545610593
5.61	29.192282274028837
5.62	24.706043060197278
5.63	21.376826298581975
5.64	19.48363536789928
5.65	18.22226885717348
5.66	25.112531129402665
5.67	21.72860727771919
5.68	27.022573412533607
5.69	25.103143031173122
5.7	22.227907760603614
5.71	17.80594779261356
5.72	15.295541376883184
5.73	14.666788973647774
5.74	14.0917663972208
5.75	17.783297781998495
5.76	18.543393463958953
5.7700000000000005	16.920941494295043
5.78	14.19992852445511
5.79	14.131712815585438
5.8	11.27234081016776
5.8100000000000005	14.200626518168606
5.82	16.948312067522007
5.83	14.080908562159658
5.84	13.632425804955536
5.8500000000000005	27.63649638239525
5.86	26.661990826329024
5.87	21.990960345121746
5.88	20.29452394378261
5.89	18.85874626054304
5.9	17.147483364481115
5.91	14.875105940131144
5.92	12.427156887327053
5.93	10.828474951271948
5.94	8.573354003319443
5.95	8.284423554398554
5.96	9.078877176268694
5.97	12.533043220594449
5.98	10.870775829317127
5.99	5.520493348616098
6.0	11.997570818734427
6.01	17.095051016662538
6.0200000000000005	33.41352674944567
6.03	32.21817152188042
6.04	27.653958486915382
6.05	28.999430403922737
6.0600000000000005	28.732911066395967
6.07	23.266513519726203
6.08	31.206065320636913
6.09	28.387248521991257
6.1000000000000005	28.028212449208954
6.11	28.522228297774237
6.12	25.62338228167523
6.13	27.72432231639573
6.140000000000001	33.493896191221666
6.15	29.0550016361502
6.16	28.57598685464494
6.17	24.160080270050493
6.18	22.05228891656974
6.19	28.189844637458943
6.2	27.51019682336691
6.21	26.15353493246322
6.22	21.10552597464513
6.23	19.8801119239159
6.24	28.16097644784983
6.25	22.128621159222394
6.26	20.251655001939795
6.2700000000000005	19.67526254318312
6.28	18.060345780072055
6.29	26.0601706687014
6.3	26.52904155473985
6.3100000000000005	21.78800542401061
6.32	24.05244820781124
6.33	22.907623216342454
6.34	22.153804952166148
6.3500000000000005	18.184013717022836
6.36	16.077369573311056
6.37	15.035598318222632
6.38	12.247191529877655
6.390000000000001	8.801890061088306
6.4	6.888094312074951
6.41	5.55217987239738
6.42	5.477272808311376
6.43	6.130697019259782
6.44	4.994468840990857
6.45	6.078331776427908
6.46	7.237170009912077
6.47	9.653551802565906
6.48	17.72953459641054
6.49	14.727213951048727
6.5	13.680838728226385
6.51	19.507512136786172
6.5200000000000005	25.323233477219013
6.53	25.019620435955407
6.54	38.52973326701898
6.55	37.17804058792596
6.5600000000000005	32.431742794688
6.57	28.7409999911927
6.58	27.603949401942774
6.59	31.089624247165684
6.6000000000000005	27.965050493097376
6.61	22.146704872508245
6.62	20.09635520868362
6.63	18.187217780180017
6.640000000000001	20.119218148837835
6.65	17.77069450998648
6.66	24.51503158893869
6.67	25.551003784834666
6.68	20.522366189210018
6.69	18.17129601218069
6.7	20.336612995550244
6.71	21.66490534523548
6.72	23.25699031485114
6.73	22.555114873031776
6.74	25.327312541609675
6.75	27.853795042485824
6.76	29.255331499092605
6.7700000000000005	27.934752416995494
6.78	23.74429991313488
6.79	18.976326771176193
6.8	26.29943740289389
6.8100000000000005	25.26795776289147
6.82	26.812256134931566
6.83	20.74918224526453
6.84	20.393944470776752
6.8500000000000005	17.559055533923217
6.86	21.04637735982681
6.87	27.016967603609015
6.88	21.54277878254856
6.890000000000001	19.2063804834541
6.9	19.203315817767376
6.91	22.87041813752527
6.92	23.297818744337548
6.93	26.003012010080745
6.94	21.801180513710122
6.95	21.30238046172482
6.96	16.654632918286314
6.97	13.8075320143709
6.98	15.348249627902302
6.99	13.57194492109204
7.0	16.542714423199886
7.01	22.898050639565874
7.0200000000000005	19.871381974289932
7.03	17.920801402678254
7.04	21.931769821070265
7.05	24.961741979666268
7.0600000000000005	22.13833846436882
7.07	22.31624385303882
7.08	25.00968134502625
7.09	20.792212581034615
7.1000000000000005	19.69410220399002
7.11	18.26146897710014
7.12	20.192969113897
7.13	22.755878778933493
7.140000000000001	23.034509367439117
7.15	23.582436005430665
7.16	22.022738994691956
7.17	20.041836832328308
7.18	24.765046031722346
7.19	19.832943429267935
7.2	17.923723343661546
7.21	18.906678142639343
7.22	29.673566414488167
7.23	24.96648591843993
7.24	23.719876283256692
7.25	30.160035835265955
7.26	23.407891668297708
7.2700000000000005	22.069595544997235
7.28	18.20268914625891
7.29	24.78703313580974
7.3	22.15932697406123
7.3100000000000005	20.70787753240454
7.32	20.14112796611167
7.33	18.640595682186166
7.34	25.222416590597703
7.3500000000000005	19.512624884989144
7.36	17.826346520816674
7.37	17.531179728368183
7.38	18.44431110204579
7.390000000000001	19.079242093705563
7.4	19.634803230191775
7.41	17.964589496546534
7.42	14.261700217166045
7.43	11.795643592475905
7.44	9.936722609009962
7.45	8.543556136010574
7.46	7.900667930261125
7.47	20.039289857417632
7.48	18.131059353470324
7.49	22.43737092102103
7.5	21.427213169650127
7.51	27.04841072171746
7.5200000000000005	23.850634898786275
7.53	19.392444265960037
7.54	26.95265365000725
7.55	24.831967522820484
7.5600000000000005	23.101271421365954
7.57	19.325199159218943
7.58	15.511959767602882
7.59	15.250788276078117
7.6000000000000005	13.617825929249312
7.61	15.886037377082282
7.62	21.939561761542194
7.63	29.473654026849704
7.640000000000001	29.60415551246109
7.65	28.355768945928496
7.66	25.99224800405147
7.67	25.67106521285997
7.68	25.405403464323527
7.69	26.051304210932177
7.7	22.83931179511605
7.71	23.584129547741473
7.72	19.218216561355938
7.73	16.254154528163003
7.74	16.814657963197828
7.75	16.68172490769719
7.76	24.613194381722924
7.7700000000000005	19.88512577619948
7.78	18.96933411889979
7.79	19.188253209901628
7.8	20.321947196487283
7.8100000000000005	16.620756058665528
7.82	13.80102759592452
7.83	14.408643273769254
7.84	19.051401525299358
7.8500000000000005	25.782141857359996
7.86	21.513279691020326
7.87	21.229662793071537
7.88	22.647525250091526
7.890000000000001	18.640582990389547
7.9	19.935404809257687
7.91	19.71571330189957
7.92	25.61323459215195
7.930000000000001	24.427377743586394
7.94	20.847340441257202
7.95	23.176610179687398
7.96	18.415945056674797
7.97	16.71350288695412
7.98	19.58360486476626
7.99	15.68221380504988
8.0	14.531600312190042
8.01	15.386227649430836
8.02	16.89273432004331
8.03	15.086108736849486
8.040000000000001	17.106314179315476
8.05	22.90808514644966
8.06	25.764154692404293
8.07	22.95726414108514
8.08	27.18773871113041
8.09	29.74187947884494
8.1	23.81442035833095
8.11	22.694215344786418
8.120000000000001	19.14432845927129
8.13	20.941506691286765
8.14	22.798531444651406
8.15	27.823609663524643
8.16	24.567961669009218
8.17	22.13822211657531
8.18	22.329088370206435
8.19	18.778972498555703
8.2	17.74271840940768
8.21	15.18341936595824
8.22	23.19291904019693
8.23	20.588211536802095
8.24	16.271513964822205
8.25	14.7680387690664
8.26	12.200053383780178
8.27	10.385096247165132
8.28	10.250150547020292
8.290000000000001	9.061614303944253
8.3	9.706126318969465
8.31	7.51548969135674
8.32	6.786064988089513
8.33	9.09497850071582
8.34	7.6109665041425085
8.35	11.526012071797128
8.36	11.821494196438199
8.370000000000001	15.995709015880003
8.38	17.25410865535221
8.39	18.397881606829678
8.4	18.259647119888854
8.41	21.08475293182139
8.42	24.94545939937922
8.43	24.010411790316947
8.44	23.73445459016823
8.45	23.242239754796337
8.46	19.53358132514999
8.47	19.17667292491537
8.48	17.612831487505986
8.49	18.531502638554354
8.5	18.104270181780418
8.51	22.032436390032146
8.52	26.19737556960798
8.53	25.498311165571206
8.540000000000001	28.013138297781275
8.55	21.84894181591228
8.56	18.382794150777897
8.57	18.192140541687586
8.58	15.418154244896312
8.59	20.745377567474947
8.6	16.860910991556025
8.61	17.29073529356751
8.620000000000001	19.034033398721593
8.63	24.24819934682184
8.64	30.538514512608703
8.65	32.39890967597794
8.66	30.841106148139147
8.67	27.523120329702824
8.68	25.12912260509142
8.69	20.58458301732113
8.700000000000001	21.97432453030399
8.71	19.996129513885545
8.72	18.78570176467981
8.73	18.556248459484618
8.74	23.592377550415197
8.75	20.300641126458736
8.76	18.018664323022275
8.77	16.885085566065865
8.78	21.365518693196652
8.790000000000001	20.44744835626628
8.8	17.050075717378007
8.81	13.976649856374053
8.82	19.84017820790867
8.83	37.88871208836886
8.84	33.15440559607942
8.85	28.797655913965475
8.86	25.611843125283187
8.870000000000001	20.18497718567803
8.88	16.450325670934337
8.89	17.203417780794403
8.9	15.705835511301272
8.91	15.88513772334507
8.92	16.288039863289722
8.93	14.863162177763995
8.94	17.717670193801137
8.950000000000001	13.67033570645735
8.96	14.375217157768212
8.97	17.79903116965725
8.98	23.18455982063241
8.99	29.97038108908598
9.0	25.990610440462397
9.01	26.719811042220357
9.02	25.938868611839197
9.03	20.656523052415295
9.040000000000001	19.686663262130732
9.05	16.70638982480681
9.06	15.0098580581198
9.07	20.847977011902344
9.08	18.179094356972552
9.09	17.838135708876006
9.1	19.303071972009676
9.11	16.46410775088974
9.120000000000001	14.060586990745692
9.13	11.98000561970284
9.14	10.38228809366495
9.15	10.800215603720984
9.16	16.109953566093534
9.17	17.257445896932534
9.18	17.786420911994664
9.19	24.14523266394615
9.200000000000001	23.26486172429024
9.21	21.717337327112908
9.22	27.019150656199123
9.23	30.24530820803882
9.24	25.373611125197357
9.25	21.80961932865619
9.26	20.3764773907286
9.27	24.27110852854905
9.28	24.212187623939176
9.290000000000001	32.84468292834622
9.3	28.81309724203851
9.31	23.578046536515167
9.32	23.107237268121192
9.33	18.20101385238595
9.34	17.986667506539387
9.35	18.76402617375212
9.36	16.15195710912842
9.370000000000001	13.33509060741796
9.38	16.438795163314772
9.39	23.129740147855
9.4	19.262044950025384
9.41	20.477273145652845
9.42	17.970047881356905
9.43	21.019922960762067
9.44	16.56398891732387
9.450000000000001	19.1098378939718
9.46	20.759366105840627
9.47	18.915560125295837
9.48	17.89838505814318
9.49	24.122105304825027
9.5	30.216927534392568
9.51	35.05264761146828
9.52	29.678179779521987
9.53	26.23766300401867
9.540000000000001	33.4391955567606
9.55	26.118990703870324
9.56	21.32712853836218
9.57	25.24759041176077
9.58	25.24559707201428
9.59	22.027496260084284
9.6	18.81861936638655
9.61	19.180611562738147
9.620000000000001	22.44330579037122
9.63	22.063951991355804
9.64	20.798228164211725
9.65	21.465193260547398
9.66	21.55515881821678
9.67	21.938724580868378
9.68	23.760863238756798
9.69	19.092866214484886
9.700000000000001	17.029754232909873
9.71	21.74239371109013
9.72	17.731565430322068
9.73	15.157728858145283
9.74	20.289981047738998
9.75	22.972776301442906
9.76	27.60501333288309
9.77	24.05954282685479
9.78	24.278838958003654
9.790000000000001	20.24014714581607
9.8	19.56490416538878
9.81	21.053971558291053
9.82	22.134234900081605
9.83	18.58882135700345
9.84	16.104103954382133
9.85	17.373894487865282
9.86	17.186619981676145
9.870000000000001	15.294173370968803
9.88	18.802903296993577
9.89	20.220478969009942
9.9	26.679674715711606
9.91	27.489073090194506
9.92	22.601536385403936
9.93	20.94198348648397
9.94	25.54956948315947
9.950000000000001	21.2584362348771
9.96	20.641218551954452
9.97	23.64257952946986
9.98	22.237649767785012
9.99	25.282284921282734
10.0	30.017993988783015
10.01	26.224240534786762
10.02	21.398406904761686
10.03	18.882391865425724
10.040000000000001	16.970152396581256
10.05	17.658408801542407
10.06	21.50267731360826
10.07	17.413966452334236
10.08	14.341166029694056
10.09	17.954943211751196
10.1	15.81896384925316
10.11	16.271836513451326
10.120000000000001	14.301804035003801
10.13	15.971391744445805
10.14	15.222791306518486
10.15	12.686992563356771
10.16	18.856322645058103
10.17	19.029919479275435
10.18	16.456036833323243
10.19	16.47068557660813
10.200000000000001	17.551613337081537
10.21	18.808017028471667
10.22	20.217233728919748
10.23	32.76031085564465
10.24	34.50096916663292
10.25	35.13160737677786
10.26	28.988456405200992
10.27	31.70937482280458
10.28	25.323746923871852
10.290000000000001	21.656199434318562
10.3	22.965998222245403
10.31	27.663951420950664
10.32	23.085794080365627
10.33	22.501533886852535
10.34	21.388620587105347
10.35	24.954551901740373
10.36	19.39826413656496
10.370000000000001	15.422799226823072
10.38	11.8924958442798
10.39	16.79912368312385
10.4	19.10286292599392
10.41	18.686185309347284
10.42	19.49508757162137
10.43	17.16220550092063
10.44	13.927654960760945
10.450000000000001	13.187285340815919
10.46	25.113317819426456
10.47	31.956772869897858
10.48	29.374196403892412
10.49	28.821354049468127
10.5	27.44058829822528
10.51	33.53870015540738
10.52	27.5483494481238
10.53	27.436940015869386
10.540000000000001	24.789969360800487
10.55	32.258767114571135
10.56	26.021330764081313
10.57	25.560529445374826
10.58	23.165524929542634
10.59	22.707956306276603
10.6	22.747216823256668
10.61	27.06931742542019
10.620000000000001	23.401713031566434
10.63	20.725389131849038
10.64	18.82724245656237
10.65	21.282447911788555
10.66	25.861029513159803
10.67	24.87980264502439
10.68	20.39846370279428
10.69	20.712380848192804
10.700000000000001	21.583721008006002
10.71	24.197582394381545
10.72	25.14636582888517
10.73	19.778466277446714
10.74	19.26569427259007
10.75	30.599587943902854
10.76	28.934447091005396
10.77	25.804654599855258
10.78	24.102884221341473
10.790000000000001	22.460462846105
10.8	30.294304688627395
10.81	25.275193709969486
10.82	23.91393313922738
10.83	23.677373600087147
10.84	29.014547778917052
10.85	28.61265389260952
10.86	27.79222874319785
10.870000000000001	22.8800287761346
10.88	20.657635789361198
10.89	23.742547430517625
10.9	24.38943267823619
10.91	20.32094446055186
10.92	15.864435415862378
10.93	13.553231158005442
10.94	14.16668629787683
10.950000000000001	15.809132495053436
10.96	16.221964957581807
10.97	18.148422398801376
10.98	24.058179422245672
10.99	26.27676949923787
11.0	20.39176603390689
11.01	16.1449865025742
11.02	14.036137049116215
11.03	13.780226876844333
11.040000000000001	10.950108293187364
11.05	9.609757111185099
11.06	9.737061746752428
11.07	14.435897969740084
11.08	19.450268743952538
11.09	20.540365737618004
11.1	16.97098867243575
11.11	21.580847052006444
11.120000000000001	18.911363678298425
11.13	20.030040715842958
11.14	23.801917511719644
11.15	20.91132747808998
11.16	24.43031254894937
11.17	22.884237812516783
11.18	21.501868756698087
11.19	18.32348142507254
11.200000000000001	23.804344439655523
11.21	23.503310709475937
11.22	31.83426762057544
11.23	29.248393616762048
11.24	24.260098212962323
11.25	27.429223656504107
11.26	21.969150959878892
11.27	18.350258232337346
11.28	15.447776879509258
11.290000000000001	13.875391119637092
11.3	22.495235053645665
11.31	22.69110409146103
11.32	20.912828765162207
11.33	17.618198607466002
11.34	19.469185268369273
11.35	15.959255541662504
11.36	15.022631738303074
11.370000000000001	17.651152658959433
11.38	22.25822319956083
11.39	23.63494723762904
11.4	19.0027275797573
11.41	15.043227006762642
11.42	11.396008895825496
11.43	9.551582359080026
11.44	11.401523036736629
11.450000000000001	9.920076094060985
11.46	10.601186837612978
11.47	14.269830404173536
11.48	11.603669093930861
11.49	9.261383754521994
11.5	7.414452612652309
11.51	7.050816430443417
11.52	8.058499573325953
11.53	11.286274522256987
11.540000000000001	17.465034167391323
11.55	19.956304889225976
11.56	21.222833110901316
11.57	17.404051193967156
11.58	18.015958059951245
11.59	14.876398167909372
11.6	15.081141866592288
11.61	13.226165098605222
11.620000000000001	10.983161341680889
11.63	8.622783356871672
11.64	15.756927635326297
11.65	14.030955555078716
11.66	10.921455020994248
11.67	9.300483171762636
11.68	9.573218191346728
11.69	10.953215070742282
11.700000000000001	18.441852793508094
11.71	21.52481739002385
11.72	23.343445075943393
11.73	20.131988454377456
11.74	20.956989373388986
11.75	25.859805440017436
11.76	23.281482860481486
11.77	27.92907944669791
11.78	25.296284656778926
11.790000000000001	24.35847882013024
11.8	24.04194518195736
11.81	22.1186954789145
11.82	22.99160131100558
11.83	21.749188201084053
11.84	37.18897198229425
11.85	36.396558645699386
11.86	33.80958019452326
11.870000000000001	36.186986483148374
11.88	28.81060968549402
11.89	27.731125411501125
11.9	22.352257935088204
11.91	21.520523467679375
11.92	21.607760029133832
11.93	17.002188690265843
11.94	14.28027079502117
11.950000000000001	16.69578057336584
11.96	16.70508184532107
11.97	19.952904090947918
11.98	17.076269175861896
11.99	19.60504216549802
12.0	17.090432165855844
12.01	14.875840620797577
12.02	15.37509471130445
12.030000000000001	15.858261912484142
12.040000000000001	14.877825676654014
12.05	16.142552032926037
12.06	17.3241798547701
12.07	18.133517006276325
12.08	20.212717880880692
12.09	26.09790971282907
12.1	25.532032869614913
12.11	28.679162387718943
12.120000000000001	28.552119054382526
12.13	30.331376126924646
12.14	27.515173722812214
12.15	28.682082516861303
12.16	24.88973691179207
12.17	24.257521233022487
12.18	21.878068124989255
12.19	23.835444101390607
12.200000000000001	29.90975661276778
12.21	24.738897229843502
12.22	19.623087385910463
12.23	17.85355145846234
12.24	20.90149822713434
12.25	20.104024132886966
12.26	21.113879794470993
12.27	26.995897084837743
12.280000000000001	29.6679286925931
12.290000000000001	23.522643248328723
12.3	19.290821073376367
12.31	20.267936958597083
12.32	17.491265938935157
12.33	22.445795687840228
12.34	17.592780567865567
12.35	15.546931027675233
12.36	16.08200980287791
12.370000000000001	23.353425748703422
12.38	31.332044642375955
12.39	31.25775912481426
12.4	33.756289099019696
12.41	30.146274808923668
12.42	31.376211793829125
12.43	28.92821377399358
12.44	26.8109044914969
12.450000000000001	24.79180489624098
12.46	22.12123705846542
12.47	21.428760004348103
12.48	27.067244782623387
12.49	24.375467758958333
12.5	19.35933807842419
12.51	17.231434131756483
12.52	19.108090658824832
12.530000000000001	23.075920776787544
12.540000000000001	28.987549763995414
12.55	27.189424679073465
12.56	25.299688160927538
12.57	23.78013717293732
12.58	27.620226646108115
12.59	21.69546540276298
12.6	22.113676652448177
12.61	17.60458671132618
12.620000000000001	18.95646412001015
12.63	23.68437914943297
12.64	20.88524671244274
12.65	18.01300173213113
12.66	14.730107283883823
12.67	22.98763648758816
12.68	22.330381427887968
12.69	26.025587568388765
12.700000000000001	25.393610792370104
12.71	23.17930787316892
12.72	19.141104495892158
12.73	25.382928786677407
12.74	20.59185383884581
12.75	15.800778891014215
12.76	13.468473179212726
12.77	12.944652116418283
12.780000000000001	17.320981927372863
12.790000000000001	15.220773905199946
12.8	19.546259673572763
12.81	25.89728254253941
12.82	30.238888453220607
12.83	26.478292446820088
12.84	33.6355571049995
12.85	28.111425693038136
12.86	22.655214983749595
12.870000000000001	18.968447602122094
12.88	25.890604470944144
12.89	20.992642499911817
12.9	18.47657180909074
12.91	20.46396158500879
12.92	25.27408244164727
12.93	25.36385071594446
12.94	23.812934728044137
12.950000000000001	19.579147657310557
12.96	21.855218337012698
12.97	17.288371360885847
12.98	18.105361639139073
12.99	15.721837592938574
13.0	15.549835442803932
13.01	19.476031988576423
13.02	16.373949181401862
13.030000000000001	19.46589079883851
13.040000000000001	16.35889273088816
13.05	13.535107263112089
13.06	11.375197742183207
13.07	9.165671968947596
13.08	9.42903484789415
13.09	9.00467022104957
13.1	7.983614547941938
13.11	8.14555122235537
13.120000000000001	9.414511771755583
13.13	8.714393670019533
13.14	8.789727776740605
13.15	6.146353658172976
13.16	7.770101716741634
13.17	9.40526070831013
13.18	12.673499723307366
13.19	10.759694265271419
13.200000000000001	10.378767001651754
13.21	14.90547255071037
13.22	12.344769263777819
13.23	9.716871949515653
13.24	8.229034958810448
13.25	12.82066494145737
13.26	18.467740611665104
13.27	14.39127619987802
13.280000000000001	14.119495670053018
13.290000000000001	15.87325760020651
13.3	17.832796142011336
13.31	17.39149017834204
13.32	24.575028154371232
13.33	24.238720686357897
13.34	22.302681845735247
13.35	19.173068947529167
13.36	21.458312512000592
13.370000000000001	20.338019907676923
13.38	22.145207826285745
13.39	26.0503466784806
13.4	35.16161193046131
13.41	27.37365094409215
13.42	21.695777606316923
13.43	17.647685721538227
13.44	18.774076659825617
13.450000000000001	17.43213904666652
13.46	21.427405714879765
13.47	19.986554071161898
13.48	23.497039635475314
13.49	23.36558124077682
13.5	20.72526462442103
13.51	20.425267765704056
13.52	20.843588489130422
13.530000000000001	22.63150709641577
13.540000000000001	29.82651126159717
13.55	30.627288065343997
13.56	31.8477507874223
13.57	28.356332219508367
13.58	23.902616238109008
13.59	20.06578611853216
13.6	23.322412197009392
13.61	29.76651291229948
13.620000000000001	24.308721287725483
13.63	20.61428742247207
13.64	22.34457985173277
13.65	22.186777858632432
13.66	19.328881684222818
13.67	18.344545226424877
13.68	18.80193372732435
13.69	18.480399161609874
13.700000000000001	25.38504233627336
13.71	20.523898242726325
13.72	23.336456534377692
13.73	25.679051392462245
13.74	22.027382693844736
13.75	23.696558183358086
13.76	20.425034047606296
13.77	17.202429972521102
13.780000000000001	19.961021585887927
13.790000000000001	21.065939376576004
13.8	19.771097016855222
13.81	26.424407495762825
13.82	26.185399864260205
13.83	25.327752851212427
13.84	28.469826481928713
13.85	26.526776915408778
13.86	27.89838931342703
13.870000000000001	28.096085267017134
13.88	25.779996639283098
13.89	26.344487642869126
13.9	22.34976625563829
13.91	23.1227534433447
13.92	20.73657508431619
13.93	19.88813966078073
13.94	23.76196177259869
13.950000000000001	23.347301974932968
13.96	19.730437335934635
13.97	23.253645510124063
13.98	25.206025844322802
13.99	30.620467368965944
14.0	31.723770877400252
14.01	36.43789614976963
14.02	28.608745032078748
14.030000000000001	23.641666670439445
14.040000000000001	22.770754416918955
14.05	18.493675378365587
14.06	15.561213610813349
14.07	13.874506558961176
14.08	14.499071698361222
14.09	13.931994414100954
14.1	11.421021110143714
14.11	10.559429925140472
14.120000000000001	16.933727227277615
14.13	17.12396364968042
14.14	15.321866907775787
14.15	14.947420420175824
14.16	13.99243797138202
14.17	16.814892977309967
14.18	19.463541673775513
14.19	20.162257790818067
14.200000000000001	18.321630611431296
14.21	20.18951506725651
14.22	19.09437116144136
14.23	20.65745141334464
14.24	17.02193552920173
14.25	14.383428750136115
14.26	18.0579213892615
14.27	15.778722023721146
14.280000000000001	15.759236874760031
14.290000000000001	21.650796573952896
14.3	17.800223715825837
14.31	15.810055543035716
14.32	19.448380128874945
14.33	19.385391008750833
14.34	26.36488060098084
14.35	29.768283362288138
14.36	26.82489022851318
14.370000000000001	31.780899314688885
14.38	27.546726547431263
14.39	38.303781225631724
14.4	33.32113733252451
14.41	29.41605528699426
14.42	24.516045617381966
14.43	27.812637435378516
14.44	22.702339769193365
14.450000000000001	20.668434113048612
14.46	18.42734265316002
14.47	18.80561787145907
14.48	15.75096763469214
14.49	17.802108156133944
14.5	20.498236518074183
14.51	18.042134988943257
14.52	17.88834016734826
14.530000000000001	16.005743286503552
14.540000000000001	14.108840351191345
14.55	12.2097827877296
14.56	17.703781465798222
14.57	20.748801805461383
14.58	19.895900813867996
14.59	20.409585589420576
14.6	22.211647216472734
14.61	18.24805691261763
14.620000000000001	17.9191418117318
14.63	14.304766099168635
14.64	13.166512141134529
14.65	15.149630255984908
14.66	19.393530164527267
14.67	18.00404003080053
14.68	20.42990241817674
14.69	23.768626915758293
14.700000000000001	24.276179006635825
14.71	23.904954433570584
14.72	34.27022069778039
14.73	32.13611582264326
14.74	29.554819083824896
14.75	28.460211447527545
14.76	38.43700517349094
14.77	33.78832291694511
14.780000000000001	29.391965254711966
14.790000000000001	32.3631087725129
14.8	28.216730288974826
14.81	24.01457160888152
14.82	29.329716601701488
14.83	25.630491873013682
14.84	23.37381135884263
14.85	19.648303619072532
14.86	15.036477784970039
14.870000000000001	11.923825849610616
14.88	9.066900752079375
14.89	12.278252164601227
14.9	11.144513298905661
14.91	11.35128896211091
14.92	11.799420875782177
14.93	18.279964983784936
14.94	21.352756889152204
14.950000000000001	18.689734540573852
14.96	14.455096456174681
14.97	12.136411125309023
14.98	13.343686635719871
14.99	11.357729902084854
15.0	21.743698687898647
15.01	21.080984671948155
15.02	19.788151570955005
15.030000000000001	18.076376514354276
15.040000000000001	16.1333733793812
15.05	14.286454057431095
15.06	13.261932933654622
15.07	21.215688265358075
15.08	32.043502484320356
15.09	30.56088794282085
15.1	29.66820108759592
15.11	24.550292932839273
15.120000000000001	19.146856152955102
15.13	17.18458302873793
15.14	20.365753578206203
15.15	24.071099587310833
15.16	19.468666969957585
15.17	17.620728792960204
15.18	18.924422688668894
15.19	19.87161433112516
15.200000000000001	16.35333282549919
15.21	16.69915304495623
15.22	14.632861123631063
15.23	17.4324022392456
15.24	21.7205248003602
15.25	19.031670544066785
15.26	19.941264695904128
15.27	27.70910653119087
15.280000000000001	27.96270446204364
15.290000000000001	26.590647003496734
15.3	34.148964614431776
15.31	33.03049437252695
15.32	26.17554914334627
15.33	22.82187489326942
15.34	20.84395783374608
15.35	16.175091221820757
15.36	14.294569719127903
15.370000000000001	20.764134122308512
15.38	18.590403800913254
15.39	15.052596961478011
15.4	14.411580666201939
15.41	11.507611219065286
15.42	11.554094132752315
15.43	23.38001837352227
15.44	20.59076470746169
15.450000000000001	22.93918691078673
15.46	24.225534478512834
15.47	20.468085646194982
15.48	20.172923023192425
15.49	15.763950226431978
15.5	12.306286095327547
15.51	17.648671501023625
15.52	14.360642580225573
15.530000000000001	14.168302631631711
15.540000000000001	11.636546413081305
15.55	14.500401656173711
15.56	17.806068743515084
15.57	15.10459302531844
15.58	14.87913640658943
15.59	13.535707775776277
15.6	14.998478613363112
15.610000000000001	12.328861770174564
15.620000000000001	12.61148294553033
15.63	18.97374141226025
15.64	17.754960278149852
15.65	17.825372582901153
15.66	20.925482548822277
15.67	24.184442262232132
15.68	23.08073388645782
15.69	31.651391861368154
15.700000000000001	28.03314139417384
15.71	24.70874804625381
15.72	29.84689300109162
15.73	28.480989264173342
15.74	24.839048647363704
15.75	27.90371774128835
15.76	27.04945219886213
15.77	21.456148485055888
15.780000000000001	18.378715801544757
15.790000000000001	16.492931593126908
15.8	17.441437091676473
15.81	16.888636920853873
15.82	15.69400218006282
15.83	20.568255429130925
15.84	23.36275606666792
15.85	27.917143263484224
15.860000000000001	22.244931428739818
15.870000000000001	22.796398878583844
15.88	25.79606637191042
15.89	23.72813362931989
15.9	20.520337279170068
15.91	16.545187034453654
15.92	22.127265856929057
15.93	20.446453140449602
15.94	24.066480229849297
15.950000000000001	19.489734616982844
15.96	15.138956739860701
15.97	22.48398316912803
15.98	21.87842634879516
15.99	18.82844442870952
16.0	19.714861356469203
16.01	19.84164290299212
16.02	20.39977708667218
16.03	27.06982297005726
16.04	23.619681555615244
16.05	24.072633665686862
16.06	29.317709075365023
16.07	29.758228018600185
16.080000000000002	24.036572828110913
16.09	21.863252644885208
16.1	25.883953179951686
16.11	27.76535004331258
16.12	29.427399324181064
16.13	25.613694339755483
16.14	32.47856890990149
16.15	31.635574495179597
16.16	28.37167177959331
16.17	26.090332146593767
16.18	24.56623859742544
16.19	19.50320051348027
16.2	17.539511533481736
16.21	16.362162258551628
16.22	17.01052137530167
16.23	22.26732626400428
16.240000000000002	22.10092492754906
16.25	25.452972776691897
16.26	26.53492915171955
16.27	24.467043438912192
16.28	21.818338867619797
16.29	20.9513964471918
16.3	28.382566891853656
16.31	24.435440488067655
16.32	23.738724692745592
16.330000000000002	23.49197026118616
16.34	22.507725071651187
16.35	17.84575277996503
16.36	17.8180229828275
16.37	24.60318917084329
16.38	25.521273606539793
16.39	23.20634880206676
16.4	25.92379504035575
16.41	20.442383172569752
16.42	17.665104344629267
16.43	16.414298448319112
16.44	15.266475212748416
16.45	20.485784892583208
16.46	19.358879658327844
16.47	18.142475897786436
16.48	18.80586006090501
16.490000000000002	16.200173757127047
16.5	18.2813175102309
16.51	20.76775470306701
16.52	24.858907985968923
16.53	22.30564165234339
16.54	21.92996718854086
16.55	34.131808855481864
16.56	31.246477184714024
16.57	34.14923389674057
16.580000000000002	32.24322708055206
16.59	26.471179433131763
16.6	21.81396688037076
16.61	19.376994243840148
16.62	21.04831017460459
16.63	22.54208419627428
16.64	19.818938403368495
16.65	15.669632149360705
16.66	12.586863808323411
16.67	20.95833484274866
16.68	17.007978895570833
16.69	16.016286790879214
16.7	19.389418374748313
16.71	17.952802122407242
16.72	29.22802489827927
16.73	25.768868298448155
16.740000000000002	31.69436881766271
16.75	29.656872787815924
16.76	24.799823702711553
16.77	23.630288451186228
16.78	21.31541873341565
16.79	17.136411841369505
16.8	15.414829712079262
16.81	14.58921300756791
16.82	14.788372057478757
16.830000000000002	17.801883233540767
16.84	17.4653229288618
16.85	17.013725349608695
16.86	30.78906165213816
16.87	29.70053136543373
16.88	23.107070709460345
16.89	19.806814494467638
16.9	17.877017678140756
16.91	16.346630255634985
16.92	16.94404021228625
16.93	22.662846978795667
16.94	27.08487102327991
16.95	23.005812187541363
16.96	23.14110068295289
16.97	20.797355138148795
16.98	20.2249430063592
16.990000000000002	17.950806530972702
17.0	20.83479366280724
17.01	21.439415798424953
17.02	25.846863378818778
17.03	26.016938556907196
17.04	20.408401158401453
17.05	16.30084467998862
17.06	15.818267623489534
17.07	15.335690566990278
17.080000000000002	17.159267165951828
17.09	19.758762793719523
17.1	19.361718049011152
17.11	16.001253214356293
17.12	16.643408958013378
17.13	19.86277948899772
17.14	19.08968662509794
17.150000000000002	20.018554211124346
17.16	16.46420144802381
17.17	27.765343918807847
17.18	23.577214573787135
17.19	20.81953087505119
17.2	22.446942650371003
17.21	19.250209280963237
17.22	14.978901617782041
17.23	13.952750577108748
17.240000000000002	15.677835491319849
17.25	14.33499679969783
17.26	22.75517481177639
17.27	20.427993589985036
17.28	22.729838195194493
17.29	19.369287193225706
17.3	15.555064704849093
17.31	14.166177784368896
17.32	15.207455227545552
17.330000000000002	11.748024254623141
17.34	10.779963551147231
17.35	9.463957979432879
17.36	7.438174267778423
17.37	7.899171496069597
17.38	11.136227432607273
17.39	16.05160207461469
17.400000000000002	20.173209509834425
17.41	18.082702965741248
17.42	17.424269150996174
17.43	20.52997945467736
17.44	19.081519228458017
17.45	16.916511079076525
17.46	13.914577570481454
17.47	12.019915179982522
17.48	12.223628040142726
17.490000000000002	11.57333777296081
17.5	20.84884900523588
17.51	18.308330750985885
17.52	22.892332963374212
17.53	19.957781002813796
17.54	20.007567726459378
17.55	20.785121016895168
17.56	24.401209659397075
17.57	19.95725274662511
17.580000000000002	29.499785699036288
17.59	31.219968844340883
17.6	29.281296958770866
17.61	26.32609164388541
17.62	21.2029496174379
17.63	20.37596982403422
17.64	23.193341345582336
17.650000000000002	26.65795053337934
17.66	25.799035786261864
17.67	22.62862877004133
17.68	17.851479348026913
17.69	19.93392118497716
17.7	15.543380049754077
17.71	13.302061218329198
17.72	11.077509374233907
17.73	16.906184756717945
17.740000000000002	14.570975620118324
17.75	23.11060761264569
17.76	20.39986751528363
17.77	18.637616411060105
17.78	21.451077397532842
17.79	26.55315760359578
17.8	22.383216225568653
17.81	18.400355017819702
17.82	19.761899319397557
17.830000000000002	19.905493553731787
17.84	16.039959716190626
17.85	13.822816222117075
17.86	11.526939136477239
17.87	9.303900893708605
17.88	11.568107373265294
17.89	10.400887943710174
17.900000000000002	10.698617245668594
17.91	8.544531690412938
17.92	10.078828607516632
17.93	12.06092341587209
17.94	13.781172622172901
17.95	16.57694397205476
17.96	14.630197733293778
17.97	13.73621415929122
17.98	14.388592530545973
17.990000000000002	14.141786333382221
18.0	19.931970867535178
18.01	17.845598583644694
18.02	14.147081334651528
18.03	13.564396623359047
18.04	22.52356916574464
18.05	24.879632363370092
18.06	24.056455730269747
18.07	26.506689036546682
18.080000000000002	22.64885455781114
18.09	20.37296307816857
18.1	17.484338797669785
18.11	22.73198675318757
18.12	26.884066646554665
18.13	25.01123968782082
18.14	19.416437183482156
18.150000000000002	14.98940442905182
18.16	16.640332094962147
18.17	17.20305951043361
18.18	18.004172433093437
18.19	16.907494752363522
18.2	16.491989658106007
18.21	16.357293911576175
18.22	18.74147939396327
18.23	16.667316066501375
18.240000000000002	15.135687645134228
18.25	12.617465289732635
18.26	11.468102548349382
18.27	12.89492041125645
18.28	12.465241377555165
18.29	12.975087973264106
18.3	13.686755236970741
18.31	10.958174339817653
18.32	8.135084406810694
18.330000000000002	8.23790091312947
18.34	14.862087052781602
18.35	11.689462617678448
18.36	16.942810856664288
18.37	17.46158571891461
18.38	14.051268754512993
18.39	13.035744024441476
18.400000000000002	11.048432098618157
18.41	14.107284468657152
18.42	13.01595019170597
18.43	12.844815514317323
18.44	11.914815362744656
18.45	12.534178267909894
18.46	14.348413114685066
18.47	13.731512264488765
18.48	14.247327430499112
18.490000000000002	15.481647762210871
18.5	12.732370654975291
18.51	11.900138703133885
18.52	16.69142975667221
18.53	17.222729223197717
18.54	18.005512624797994
18.55	15.17999424012123
18.56	26.484057945390003
18.57	22.03190478462373
18.580000000000002	28.660685513570815
18.59	35.767958699489284
18.6	27.90534678571323
18.61	25.615407994705002
18.62	25.7364857483551
18.63	21.055862853715322
18.64	17.672238950898354
18.650000000000002	19.03476813257849
18.66	17.40853299718724
18.67	14.94533448494785
18.68	12.962841736078254
18.69	11.223683379400262
18.7	11.098955215669449
18.71	14.354444582699381
18.72	19.79223124657702
18.73	24.10486156305744
18.740000000000002	21.385584955269128
18.75	24.471547993590818
18.76	22.412943651950478
18.77	19.5681550303759
18.78	22.851015654249785
18.79	26.805410700567343
18.8	23.25786323771381
18.81	20.56237460144449
18.82	20.596179060222827
18.830000000000002	23.599034872506934
18.84	20.201157161159603
18.85	18.256985493879952
18.86	15.138142369636697
18.87	16.768958772857893
18.88	13.779008765824857
18.89	19.709811712209287
18.900000000000002	18.049990630875115
18.91	21.230355228605926
18.92	23.960363456660197
18.93	25.165851931953778
18.94	22.60510790113167
18.95	21.821816383003103
18.96	27.02646461298578
18.97	24.139852803178
18.98	24.91923135802372
18.990000000000002	26.642634714656566
19.0	21.548394769615825
19.01	19.494707751622904
19.02	20.474244043877476
19.03	20.760296300788347
19.04	23.661616987900633
19.05	26.48430056494735
19.06	29.09439992405447
19.07	28.52356988210561
19.080000000000002	22.289333838566456
19.09	19.5407299190399
19.1	19.398898143643603
19.11	16.675367456713364
19.12	23.829117437367533
19.13	22.769736917511377
19.14	24.610442262186965
19.150000000000002	21.898422573239994
19.16	26.271072044421622
19.17	26.4728828946805
19.18	24.095846294082683
19.19	21.77703405900164
19.2	20.82742731095436
19.21	24.124695926377584
19.22	25.454301619330263
19.23	28.50326005533389
19.240000000000002	23.868492686209933
19.25	19.437175902405386
19.26	15.82835667221922
19.27	14.216576283403672
19.28	12.832893705970715
19.29	19.29049312528647
19.3	19.61341491796805
19.31	17.867706598137477
19.32	17.018580060375267
19.330000000000002	14.279388432507433
19.34	16.20827506041174
19.35	22.503201974627515
19.36	31.036137132192497
19.37	29.60157234749252
19.38	32.025661957426394
19.39	31.10390604407808
19.400000000000002	24.067464676751392
19.41	19.7830746402474
19.42	16.033741258022193
19.43	14.16498694576616
19.44	11.595948858683574
19.45	10.044015101308574
19.46	16.391391654756593
19.47	24.991232452003874
19.48	22.337764235308242
19.490000000000002	22.40439838028518
19.5	17.608094365391
19.51	15.016173603996727
19.52	13.230294736233922
19.53	15.506080884932615
19.54	17.617026691118646
19.55	21.44993547289462
19.56	24.505940648106655
19.57	24.17792528846212
19.580000000000002	22.454415464706873
19.59	20.22281470104201
19.6	21.465744132255928
19.61	21.062407732310877
19.62	21.879348368634105
19.63	22.287949183588978
19.64	19.721464036230543
19.650000000000002	18.23636111278728
19.66	14.380911657476332
19.67	13.529386130760859
19.68	13.908467261252808
19.69	12.114075118347808
19.7	20.04707017753043
19.71	22.600899547928247
19.72	20.696055335267832
19.73	21.247451232246636
19.740000000000002	24.11775615988161
19.75	18.9744782153281
19.76	15.432111510322633
19.77	13.264646723263988
19.78	14.239147689259381
19.79	13.899212002888953
19.8	16.837520030884043
19.81	28.294204852588727
19.82	22.578818529930025
19.830000000000002	24.631878894632656
19.84	28.569734482007384
19.85	27.07805560313622
19.86	22.551057139639894
19.87	22.89579054604538
19.88	22.33463045307881
19.89	20.770549390302065
19.900000000000002	20.31761394052657
19.91	20.76165449740352
19.92	24.100870188793557
19.93	19.713481538469352
19.94	22.200720736408336
19.95	20.773392698351543
19.96	19.534246913297793
19.97	22.499988180682326
19.98	32.61205719774855
19.990000000000002	28.497465838133657
20.0	24.108057849358257
20.01	20.402564758139793
20.02	26.791650623743113
20.03	21.28919483558887
20.04	19.374621320188215
20.05	19.52603934288654
20.06	16.91968447553882
20.07	13.055855986416159
20.080000000000002	13.424840592360615
20.09	16.39955959224968
20.1	17.178975182136387
20.11	13.58660775615566
20.12	14.676110400078533
20.13	15.310151973452507
20.14	20.480786918561183
20.150000000000002	17.924597706270113
20.16	24.57591430360501
20.17	21.628993832333702
20.18	22.05556287107497
20.19	22.79900764724105
20.2	28.71290222219596
20.21	27.009035594068678
20.22	25.111950208594436
20.23	21.52468374392188
20.240000000000002	20.85008631322991
20.25	17.46359991542436
20.26	13.840833765694166
20.27	19.63200217072438
20.28	18.297927049526418
20.29	17.852376630269536
20.3	16.182599430653703
20.31	14.366572000410752
20.32	12.457157657946983
20.330000000000002	19.87542620752167
20.34	20.396157636590193
20.35	16.572325386086344
20.36	17.967346525229992
20.37	21.91741886637952
20.38	21.198916192433533
20.39	27.02129371401115
20.400000000000002	22.139775132165916
20.41	19.849552048697188
20.42	18.16029233622365
20.43	14.996962984638456
20.44	22.637097065821045
20.45	18.46061894425042
20.46	20.113282328481063
20.47	24.465469008979483
20.48	25.126541785219796
20.490000000000002	24.362265024500907
20.5	27.61114779914389
20.51	24.04193019905272
20.52	23.926843109728367
20.53	28.759056606122638
20.54	33.48304951649943
20.55	26.286594319162994
20.56	23.27219969985815
20.57	23.932235485659884
20.580000000000002	24.86310763828091
20.59	30.2588137481787
20.6	27.346002504376262
20.61	25.190704045228166
20.62	22.49556621832104
20.63	34.12431805270353
20.64	31.404959473299733
20.650000000000002	26.155453737230346
20.66	21.9887211042219
20.67	21.38809522136074
20.68	23.60606191389653
20.69	22.62753784001756
20.7	24.107304666626302
20.71	27.33206978564184
20.72	27.44628827928098
20.73	33.76494167267005
20.740000000000002	34.94585835364749
20.75	29.033689171905912
20.76	30.41593582128527
20.77	28.374014624065726
20.78	31.01319294454972
20.79	29.343055864607
20.8	23.586721199820733
20.81	21.97314176167228
20.82	25.38426322519959
20.830000000000002	23.251901562152234
20.84	22.836029259412392
20.85	22.2422068790091
20.86	21.82956016099298
20.87	23.32711342048386
20.88	19.29608894920795
20.89	15.150111332118069
20.900000000000002	15.21777581132918
20.91	19.139211399588334
20.92	20.32751574307776
20.93	17.629350117280158
20.94	18.342584931685224
20.95	17.213869566348112
20.96	15.858990879903654
20.97	21.20224398475962
20.98	21.57815907122002
20.990000000000002	23.702595174580928
21.0	31.001724578044147
21.01	24.860064397811236
21.02	21.222972047375183
21.03	21.20092825638161
21.04	21.06539370832674
21.05	19.940153452995933
21.06	27.741986362553757
21.07	28.195299005561317
21.080000000000002	22.58910149127
21.09	22.169698945026976
21.1	21.05028171609346
21.11	16.95979426849256
21.12	24.185342918875453
21.13	22.083967216492518
21.14	21.58163173815969
21.150000000000002	22.951678846170473
21.16	20.487463136514048
21.17	17.345785452060127
21.18	19.348643477358863
21.19	30.58191287859127
21.2	26.638810902848824
21.21	24.512024316274594
21.22	24.525052247793063
21.23	23.11902584547194
21.240000000000002	21.82217074304444
21.25	21.50035500247777
21.26	26.613006522979855
21.27	25.485623999587713
21.28	27.037578825950444
21.29	25.19636652131304
21.3	23.326265956292968
21.31	28.050294824018046
21.32	23.71597595600912
21.330000000000002	19.480121310701445
21.34	17.512094662379365
21.35	14.567778203185364
21.36	12.200478736337281
21.37	12.445090614863355
21.38	9.595655821977708
21.39	9.809266522347354
21.400000000000002	10.990671441407107
21.41	16.729796665411612
21.42	13.713147572003573
21.43	14.2282188461557
21.44	13.226770806633018
21.45	12.886650925737523
21.46	11.07201949190475
21.47	9.942799525128656
21.48	8.432630740440123
21.490000000000002	8.48589859740672
21.5	12.628206777919202
21.51	10.032449561318229
21.52	7.5311652849665816
21.53	5.744769728070036
21.54	3.9583741711741216
21.55	2.652177919360727
21.56	0.1285180427742954
21.57	-2.504882039327273
21.580000000000002	-1.748322571750931
21.59	-0.5422952588298099
21.6	1.2328346792007294
21.61	2.6449154031496223
21.62	6.976813398617911
21.63	9.039040026804782
21.64	10.598054858731341
21.650000000000002	8.976078974676843
21.66	14.448516159971302
21.67	12.230023527428424
21.68	14.71076256444572
21.69	13.538357800271312
21.7	12.256969576723774
21.71	12.24037585314208
21.72	12.366622310974037
21.73	15.38268817874977
21.740000000000002	23.045226255408334
21.75	25.329441897665337
21.76	25.80365796391326
21.77	23.589395605288527
21.78	21.100093448285744
21.79	24.84952689565954
21.8	23.792190158532453
21.81	22.093418252074585
21.82	26.325955728461732
21.830000000000002	20.80814603022337
21.84	21.31442376434931
21.85	22.47478415569869
21.86	27.95207245832816
21.87	22.929221340142767
21.88	18.309070505700262
21.89	16.58506562022455
21.900000000000002	19.302483389831973
21.91	23.995332969214058
21.92	25.636401543194438
21.93	29.26012381241922
21.94	25.227046342388018
21.95	22.8383515704824
21.96	19.040081661046163
21.97	22.004621593369336
21.98	18.80448739475515
21.990000000000002	20.481298662972662
22.0	19.048980665568084
22.01	18.573038273353664
22.02	26.566527680323237
22.03	26.686733747917582
22.04	21.208570731164798
22.05	22.215491561897466
22.06	19.077293825558968
22.07	17.608041686614907
22.080000000000002	20.38829084492831
22.09	18.411994547362283
22.1	17.850218521352712
22.11	17.511469455821484
22.12	19.674808896892515
22.13	24.048378970723967
22.14	19.68344915314755
22.150000000000002	15.931398876692889
22.16	18.230267689065922
22.17	19.025724699205664
22.18	27.117863757760713
22.19	21.333456368454062
22.2	19.226703656532877
22.21	16.586757489269623
22.22	19.281558664784257
22.23	16.65136117673504
22.240000000000002	17.657732033422633
22.25	24.759913817127618
22.26	26.210593724600578
22.27	22.893275373803615
22.28	22.935321236971518
22.29	19.195281123157574
22.3	15.540267400034576
22.31	23.558841953614913
22.32	23.920004850930358
22.330000000000002	21.13961454039032
22.34	22.665833809952968
22.35	20.68749054862314
22.36	18.92406054203505
22.37	24.84315935906869
22.38	34.76090202383889
22.39	32.328698304137795
22.400000000000002	38.62482331595544
22.41	32.5478410263476
22.42	29.50176739092229
22.43	26.22991349619891
22.44	20.60423972693248
22.45	18.21599991846738
22.46	22.361177136142054
22.47	23.79806827712818
22.48	20.66799199846794
22.490000000000002	20.52747545426661
22.5	23.921947099718814
22.51	19.47968311905838
22.52	21.279260067272944
22.53	18.3220777530414
22.54	16.664911513720057
22.55	18.057472484036317
22.56	18.257832238105298
22.57	16.351865544860363
22.580000000000002	13.089071577308513
22.59	11.948380365864171
22.6	9.31325711896331
22.61	7.208277694424157
22.62	6.7499973350493425
22.63	7.426425057337927
22.64	10.572975912242175
22.650000000000002	12.89022154548505
22.66	10.34056428793604
22.67	10.155910806036733
22.68	8.674637833185454
22.69	7.193364860333652
22.7	5.436356494464071
22.71	3.631163782602972
22.72	1.4599222365619757
22.73	2.7997870048152564
22.740000000000002	3.948379205240819
22.75	6.554434888635845
22.76	5.663853521371492
22.77	6.956713570219175
22.78	7.220710525949694
22.79	10.13551942871822
22.8	11.409678513101536
22.81	10.479810691031142
22.82	10.191882597538129
22.830000000000002	14.476244161274552
22.84	15.445667156268472
22.85	13.977773838680461
22.86	16.574768646193228
22.87	17.40047102674317
22.88	13.543824100335785
22.89	10.624170895221692
22.900000000000002	8.869017082082951
22.91	7.232465496395109
22.92	8.278055834368866
22.93	9.060811209387419
22.94	22.932023951146995
22.95	22.266971429320833
22.96	31.194709707647537
22.97	34.726024670612865
22.98	33.28023309281091
22.990000000000002	33.59016995782319
23.0	34.453993686248864
23.01	33.17466211781774
23.02	30.087918133952215
23.03	28.938134336976923
23.04	26.963688873627408
23.05	23.30744749817068
23.06	19.59506974180588
23.07	25.491682018311895
23.080000000000002	21.206609577764482
23.09	30.142789134441557
23.1	24.740046428892835
23.11	25.027904768200994
23.12	23.129715065417688
23.13	23.02595322372969
23.14	19.94743396391316
23.150000000000002	20.043262344799473
23.16	17.40852190028386
23.17	16.02631318361606
23.18	22.500250055243644
23.19	19.774809151697156
23.2	23.59373416734439
23.21	20.867888538038702
23.22	17.649319972527252
23.23	23.432054469103573
23.240000000000002	24.27656347209945
23.25	31.269861147235186
23.26	29.692686816932223
23.27	23.2077449181877
23.28	20.16970219627846
23.29	21.29272446439907
23.3	23.620392766747344
23.31	18.490968478294672
23.32	22.896971391721912
23.330000000000002	20.624583080643717
23.34	29.1260886429768
23.35	24.69596066171315
23.36	25.620412718398278
23.37	32.53945065762415
23.38	35.08387429734654
23.39	32.06345600327066
23.400000000000002	29.756214502763132
23.41	24.158215032030586
23.42	22.182393069678042
23.43	18.669373462753665
23.44	17.360268206964733
23.45	14.266269674169816
23.46	10.6394537753761
23.47	13.12841009226887
23.48	12.830287045899912
23.490000000000002	16.894825344004456
23.5	19.680543985106628
23.51	20.986604723636447
23.52	21.147119357928606
23.53	21.53871201528384
23.54	17.964096778884947
23.55	23.770843619933135
23.56	20.072281776927973
23.57	18.448735114863926
23.580000000000002	15.113971506854973
23.59	16.406559051341073
23.6	16.388122480517428
23.61	22.010981090707737
23.62	18.076249926130245
23.63	25.393691757513132
23.64	22.116946754839056
23.650000000000002	26.967683866785276
23.66	27.202930697881566
23.67	25.964666714403602
23.68	22.66139297519232
23.69	25.39465031320274
23.7	26.902155999863776
23.71	27.287692816554767
23.72	34.70715218279337
23.73	29.150591880132865
23.740000000000002	26.154481632670873
23.75	26.763093442522454
23.76	28.582858702511498
23.77	25.749858341136417
23.78	25.30420400118445
23.79	25.286404854375295
23.8	20.248156690111458
23.81	17.519763967240095
23.82	21.156055770814188
23.830000000000002	17.68200661626619
23.84	16.16724278912389
23.85	13.993537549477457
23.86	12.035950101313666
23.87	9.501915870820971
23.88	7.9186987798223525
23.89	7.635922608028377
23.900000000000002	20.81024153932152
23.91	16.692891504853467
23.92	13.843809425189763
23.93	16.60114647022321
23.94	17.338889226463046
23.95	17.54170953107886
23.96	15.30881107459077
23.97	16.31735435151765
23.98	19.14188178377763
23.990000000000002	22.68790143769187
24.0	21.538935204294688
24.01	20.88601116319133
24.02	18.145305531022736
24.03	24.43100457839972
24.04	20.615438542578296
24.05	16.143301006616074
24.060000000000002	14.22102242476272
24.07	14.624350191619758
24.080000000000002	15.537147396418677
24.09	18.521296030163285
24.1	14.529714942309463
24.11	11.57822697862017
24.12	9.872930766458213
24.13	17.04730151148375
24.14	15.953040424228266
24.150000000000002	18.083987796306044
24.16	18.428923531701205
24.17	21.57762208026251
24.18	20.781098277154417
24.19	26.76440884915271
24.2	26.326591402581016
24.21	21.531497762154817
24.22	20.831362216097013
24.23	16.546885285152115
24.240000000000002	16.883770633085476
24.25	17.060584186789907
24.26	15.30803905812707
24.27	13.026448528298692
24.28	13.259532050233116
24.29	13.267008172288339
24.3	14.623051046107948
24.310000000000002	11.266301390349446
24.32	11.721549202740077
24.330000000000002	12.55432059406497
24.34	9.262650381843603
24.35	6.394958956059518
24.36	6.7150916797448685
24.37	10.449802685493742
24.38	10.546929589781124
24.39	10.674671558539545
24.400000000000002	20.4219049268475
24.41	19.301950201586987
24.42	21.934062034634913
24.43	16.993052439861717
24.44	13.371042165920246
24.45	13.48832132931609
24.46	22.711582260233683
24.47	23.717231812637998
24.48	22.310985848273507
24.490000000000002	18.789669261706674
24.5	18.35313912409854
24.51	19.045384497256393
24.52	16.701529138432516
24.53	18.245997813718255
24.54	21.434429167730944
24.55	18.595173640896828
24.560000000000002	32.346394629324806
24.57	37.893323001552574
24.580000000000002	36.83110110142438
24.59	29.727695239919015
24.6	27.18543463308251
24.61	24.230772884012374
24.62	21.696545832553213
24.63	16.866833398494116
24.64	14.047631242256566
24.650000000000002	11.721022827797379
24.66	11.923436755036779
24.67	15.44111653133606
24.68	20.336994870787596
24.69	17.45581949220851
24.7	20.12833556148332
24.71	26.08720103551063
24.72	28.82879830479783
24.73	28.408089642563628
24.740000000000002	28.225822975606672
24.75	25.172879505636455
24.76	23.474758270142985
24.77	21.6321105313561
24.78	18.14931207176508
24.79	14.439351666652271
24.8	17.145763559926237
24.810000000000002	18.236632071320827
24.82	31.05845896236549
24.830000000000002	26.782251526676006
24.84	31.943214174538202
24.85	24.84669747863031
24.86	20.87172037683003
24.87	24.812424955471904
24.88	20.532219503638515
24.89	18.871542314985238
24.900000000000002	20.457040763809438
24.91	16.73780423384784
24.92	15.283924826916385
24.93	23.672438594313395
24.94	20.6884816241598
24.95	18.50424006078339
24.96	15.798139010872115
24.97	16.481159958584712
24.98	19.411853505103792
24.990000000000002	27.57063201164641
25.0	30.072189676278526
25.01	26.861730277843616
25.02	28.610687991944673
25.03	33.67823740006026
25.04	32.00173418229144
25.05	25.430059680633885
25.060000000000002	30.86832824043791
25.07	24.12049647823089
25.080000000000002	23.60592659708481
25.09	22.70838427491469
25.1	21.191036137465773
25.11	18.08789261840972
25.12	27.06499408636024
25.13	23.258374517559165
25.14	23.667103929558035
25.150000000000002	22.742386567877606
25.16	31.49948275110136
25.17	32.5302888641135
25.18	27.52909984793794
25.19	29.660180330313946
25.2	25.66300113722468
25.21	21.07874023868939
25.22	21.65611117356472
25.23	19.67765911513768
25.240000000000002	17.749768833499015
25.25	23.02667448756575
25.26	29.062128413878245
25.27	31.604870957445485
25.28	27.710111858597248
25.29	29.377114106058485
25.3	24.779845819010735
25.310000000000002	29.861966278182557
25.32	24.05526450089253
25.330000000000002	21.78902819996132
25.34	25.313269101437573
25.35	22.54790503739082
25.36	19.853309899008238
25.37	25.09146798438187
25.38	24.678265110468647
25.39	21.89328101067685
25.400000000000002	25.230652386498754
25.41	25.164691933349562
25.42	20.565908654988572
25.43	21.858490899067487
25.44	27.931310109737762
25.45	22.65595100901007
25.46	20.95251832281844
25.47	17.64034127489712
25.48	23.13980553094486
25.490000000000002	25.636662937129444
25.5	23.849508800375418
25.51	25.690433119254013
25.52	22.22159215150382
25.53	23.610165855385663
25.54	18.67701455473046
25.55	22.796334559550417
25.560000000000002	26.33795847145886
25.57	29.42752130747381
25.580000000000002	28.63664621731949
25.59	24.195308363509756
25.6	21.10254863455869
25.61	16.591131263812567
25.62	12.982364329322094
25.63	11.271500186266184
25.64	9.849125849269019
25.650000000000002	15.368721155816907
25.66	17.77572403161567
25.67	21.399525240103983
25.68	19.20841918245925
25.69	17.113487662505584
25.7	17.83923481208267
25.71	19.79172161545878
25.72	20.254877166370427
25.73	21.67955890975203
25.740000000000002	16.937591984304092
25.75	14.132979165792252
25.76	18.493515814835
25.77	25.407541511967654
25.78	23.72532855481751
25.79	28.528270892639675
25.8	24.00422265212263
25.810000000000002	22.978782777743866
25.82	21.73078873652059
25.830000000000002	18.631276272541285
25.84	23.766133873100767
25.85	19.651562727635294
25.86	19.99523690266992
25.87	15.736038310761638
25.88	14.028516994032842
25.89	17.925465978190882
25.900000000000002	16.403739858074772
25.91	23.917610243796418
25.92	19.67850809363958
25.93	18.02747451505152
25.94	27.9955136301571
25.95	27.189572839972133
25.96	21.417191514663564
25.97	17.181258243010973
25.98	15.338267463012174
25.990000000000002	17.236933720996674
26.0	17.96469503119871
26.01	23.168478731027093
26.02	25.65352902416101
26.03	21.476871240565902
26.04	18.899882275709505
26.05	21.403878942841082
26.060000000000002	20.794690605608185
26.07	18.814865369912344
26.080000000000002	15.168633559861703
26.09	20.21990929539328
26.1	19.074747616971006
26.11	18.978254526021114
26.12	19.863233745027532
26.13	17.741558733887032
26.14	18.43311260514564
26.150000000000002	25.512927713193186
26.16	22.84441988978077
26.17	17.880598332644432
26.18	14.279137761546766
26.19	13.561804692842617
26.2	11.513708869885098
26.21	16.635762153287217
26.22	13.503409602732749
26.23	11.964469269105212
26.240000000000002	19.609426980818398
26.25	21.761770689648138
26.26	23.07606039356617
26.27	27.445869550335896
26.28	31.528653210141883
26.29	32.2351299736624
26.3	31.429857107061174
26.310000000000002	27.231988267308832
26.32	22.774031999873777
26.330000000000002	25.12064473459134
26.34	23.357569314413713
26.35	19.24224771337516
26.36	21.437430710273006
26.37	23.60123704833987
26.38	20.560296477675287
26.39	27.802862386522214
26.400000000000002	25.682837022613594
26.41	24.556773232932517
26.42	22.52069912450914
26.43	19.47866531963142
26.44	28.881188486523968
26.45	25.535115551431673
26.46	24.20540287936532
26.47	20.852286846271678
26.48	19.277728591506772
26.490000000000002	15.919131621324839
26.5	20.044892239053876
26.51	19.488174716338534
26.52	22.87841786330246
26.53	19.074204865100555
26.54	17.223870216981304
26.55	15.956243213229506
26.560000000000002	20.302742885643447
26.57	19.793898085226495
26.580000000000002	18.45531168046621
26.59	16.40106420550238
26.6	20.894305780247258
26.61	20.816461141059243
26.62	22.24674355996163
26.63	27.61745199382635
26.64	25.8119371537066
26.650000000000002	21.16892192711222
26.66	22.53663337216552
26.67	24.751238891505537
26.68	25.392912905001076
26.69	20.104271871583443
26.7	16.9699341866731
26.71	16.119097034170565
26.72	15.425014665299726
26.73	17.42672814035447
26.740000000000002	19.402747271867057
26.75	21.829311475168517
26.76	24.02894057192589
26.77	26.479895542910125
26.78	22.78379814418974
26.79	18.91438014028399
26.8	22.44814006541624
26.810000000000002	23.785625693217526
26.82	21.865190754522846
26.830000000000002	23.189827324678692
26.84	19.080336142423747
26.85	19.68979280692632
26.86	18.135076277171226
26.87	28.494729264080195
26.88	26.638572128433058
26.89	22.55546510893272
26.900000000000002	20.37803630737523
26.91	21.93699535546873
26.92	28.739807329466203
26.93	24.876007376968694
26.94	25.96954672929945
26.95	22.410414882124556
26.96	21.752517743988317
26.97	22.187193372409713
26.98	18.191598651972388
26.990000000000002	20.080201220715104
27.0	18.678773650060347
27.01	17.8213235023339
27.02	22.928937518905823
27.03	26.21853341726442
27.04	23.351705901029977
27.05	18.655981978501025
27.060000000000002	17.60728170584952
27.07	13.516185614896564
27.080000000000002	12.832100888377948
27.09	24.611327635407896
27.1	21.943460227239942
27.11	17.635014103252743
27.12	17.55550901596867
27.13	14.44758956207752
27.14	11.051774166162295
27.150000000000002	7.661976692530725
27.16	7.285123701890505
27.17	6.1026436363177865
27.18	3.3810195055062504
27.19	0.28697577365101046
27.2	3.590082446870548
27.21	-0.14526562702457346
27.22	-1.8639263301954434
27.23	-7.205871746475129
27.240000000000002	-15.75095165678622
27.25	-16.146986361585448
27.26	-21.37679635299481
27.27	-21.265467574069476
27.28	-24.94056321431789
27.29	-24.04575824923548
27.3	-22.256512962197053
27.310000000000002	-21.733038094581453
27.32	-20.070553845242127
27.330000000000002	-24.820555012204963
27.34	-24.545781109478014
27.35	-27.140808800686514
27.36	-23.335343742284675
27.37	-21.50596148357471
27.38	-20.997775885195253
27.39	-27.944361019239732
27.400000000000002	-21.921259302223906
27.41	-22.442473065779016
27.42	-32.995664986366265
27.43	-27.461606692523418
27.44	-24.811434705393008
27.45	-24.098936288420003
27.46	-21.942798825151392
27.47	-20.533196599309747
27.48	-22.171290665597006
27.490000000000002	-21.902163257877692
27.5	-18.99287404493802
27.51	-23.15436399948232
27.52	-18.72405589278561
27.53	-22.120181238882576
27.54	-28.256377771886424
27.55	-28.76794529819904
27.560000000000002	-27.68259704774413
27.57	-24.07340839608049
27.580000000000002	-23.027722211875567
27.59	-31.73365126318895
27.6	-24.918423986555922
27.61	-20.415131173874332
27.62	-20.230271337040023
27.63	-22.23625112274292
27.64	-21.14251864458803
27.650000000000002	-21.85790213688822
27.66	-19.513326072838936
27.67	-18.148043839581995
27.68	-16.19520545479967
27.69	-13.678550056606598
27.7	-12.715371598975068
27.71	-10.21955335866108
27.72	-11.01522058825206
27.73	-9.75296811937314
27.740000000000002	-10.344198934486093
27.75	-7.493876807838458
27.76	-10.028505201287478
27.77	-11.50500054150837
27.78	-10.334162212683017
27.79	-7.76270359364118
27.8	-4.013311109724389
27.810000000000002	-4.27835809024377
27.82	-5.615491766663811
27.830000000000002	-6.973972888595542
27.84	-11.748542532341492
27.85	-12.122175463641687
27.86	-12.326693830908415
27.87	-15.233387054479907
27.88	-19.56422965503991
27.89	-18.566363948213777
27.900000000000002	-14.37449530319075
27.91	-13.182543424196561
27.92	-15.361413587640417
27.93	-16.5293692891472
27.94	-13.709014727216958
27.95	-16.687279083095614
27.96	-18.461963855166218
27.97	-18.571755250744555
27.98	-17.65928585689945
27.990000000000002	-14.195988230060966
28.0	-11.649753372973464
28.01	-10.936517481618125
28.02	-8.212545519599345
28.03	-13.415701641979703
28.04	-14.014494675860362
28.05	-15.218216297006194
28.060000000000002	-14.975815412252745
28.07	-19.501167356471036
28.080000000000002	-23.228247825980816
28.09	-24.088657886160053
28.1	-29.221744155800174
28.11	-28.15584070064765
28.12	-30.918595970388076
28.13	-29.123037227113205
28.14	-31.340755027859455
28.150000000000002	-28.10217556274711
28.16	-25.071708059513
28.17	-27.992129057980552
28.18	-30.59322259587031
28.19	-28.54599555714062
28.2	-29.283604520032373
28.21	-26.47437275034715
28.22	-22.244888873622862
28.23	-23.567221005008726
28.240000000000002	-22.89200700055223
28.25	-18.41056574735677
28.26	-17.612118969857335
28.27	-21.465671886685705
28.28	-18.802698409246133
28.29	-18.267597110557205
28.3	-16.63940687889224
28.310000000000002	-21.95812420905712
28.32	-20.228756859647266
28.330000000000002	-25.206433949999592
28.34	-24.75414421472809
28.35	-23.713302863117757
28.36	-20.5802142043087
28.37	-18.364745576551027
28.38	-16.94458588155222
28.39	-16.67302545585671
28.400000000000002	-17.932795206471447
28.41	-15.756465767396842
28.42	-17.438821587805016
28.43	-21.92876699824846
28.44	-21.17778355963374
28.45	-22.213245510385544
28.46	-20.86232015770501
28.47	-19.18381106847533
28.48	-24.303378567455233
28.490000000000002	-24.13763036912803
28.5	-22.3472425856806
28.51	-22.39763135739147
28.52	-21.79646341215096
28.53	-25.6985628795611
28.54	-25.62057959431898
28.55	-23.80883102615816
28.560000000000002	-23.422556546552144
28.57	-21.57110888757397
28.580000000000002	-31.643302831297714
28.59	-27.551921468723602
28.6	-25.15154792259696
28.61	-28.671354878907295
28.62	-31.28444940774103
28.63	-29.538291234337482
28.64	-22.82226455254138
28.650000000000002	-20.132940225548186
28.66	-18.66622156943786
28.67	-25.491431984313724
28.68	-27.09250982921609
28.69	-23.64100537252879
28.7	-32.88388179847781
28.71	-33.982832562496945
28.72	-28.034800831860824
28.73	-25.28154465962097
28.740000000000002	-30.069321932743676
28.75	-23.69077362582281
28.76	-21.65781101702842
28.77	-19.141671336371793
28.78	-20.84332583416802
28.79	-21.81265740962622
28.8	-20.198302714821136
28.810000000000002	-20.384433537722995
28.82	-24.921613806104908
28.830000000000002	-20.390492509575918
28.84	-19.805137066854925
28.85	-18.879963828362165
28.86	-24.22680771623143
28.87	-21.69993755215491
28.88	-21.45287150617695
28.89	-22.570491096544547
28.900000000000002	-17.81003268624867
28.91	-16.00645085072764
28.92	-12.7061623705065
28.93	-11.735632668337715
28.94	-14.590941565579534
28.95	-20.40438551823646
28.96	-18.865921470334442
28.97	-20.928466618736724
28.98	-25.7674911704611
28.990000000000002	-34.509731035457634
29.0	-34.40603616595888
29.01	-37.36809102026059
29.02	-37.935872610741214
29.03	-34.43484636081142
29.04	-27.696685696166377
29.05	-28.875819121776228
29.060000000000002	-27.86989848212918
29.07	-24.183318531780813
29.080000000000002	-20.108152069111537
29.09	-16.945344154071076
29.1	-19.08164714826713
29.11	-14.660516243790397
29.12	-11.767341845914741
29.13	-12.043138622868275
29.14	-13.601698760866782
29.150000000000002	-14.647550109417713
29.16	-12.466489214618585
29.17	-33.37439155694959
29.18	-31.08841367852487
29.19	-26.247402243730786
29.2	-31.7360261682449
29.21	-27.260164284594506
29.22	-23.947643877541374
29.23	-22.378790120292884
29.240000000000002	-24.38797092605476
29.25	-19.989489081865585
29.26	-19.320776803280793
29.27	-16.418552150419405
29.28	-22.082763191011143
29.29	-17.47459199473395
29.3	-15.848454235609296
29.310000000000002	-17.038988099520264
29.32	-18.647641987159947
29.330000000000002	-17.372283757861872
29.34	-18.049847264256442
29.35	-20.00993601227731
29.36	-17.163739784460873
29.37	-14.259355743767296
29.38	-13.143479615672568
29.39	-13.823909212736455
29.400000000000002	-14.589809994783218
29.41	-11.856324034802173
29.42	-12.954832167401912
29.43	-10.02058617055135
29.44	-7.787744994211695
29.45	-6.525886071123296
29.46	-8.669312481654552
29.47	-15.425977887405477
29.48	-14.604433447878383
29.490000000000002	-18.341709306197522
29.5	-25.777224706992772
29.51	-24.965641514372525
29.52	-19.883427607446013
29.53	-17.022914526806225
29.54	-20.057934085400863
29.55	-24.14523574693457
29.560000000000002	-20.949537396929966
29.57	-28.450623300464688
29.580000000000002	-31.230259365820356
29.59	-30.639940693610026
29.6	-32.14245695860801
29.61	-29.122951417562145
29.62	-27.95143674758324
29.63	-29.18135014907414
29.64	-30.00247168218309
29.650000000000002	-27.756393461407765
29.66	-23.947130783331332
29.67	-21.925608120020645
29.68	-24.72061433666635
29.69	-28.31548167434864
29.7	-29.124873222663762
29.71	-27.727497316119145
29.72	-30.2442985094814
29.73	-27.019422941684336
29.740000000000002	-21.784700755946382
29.75	-25.518979211533445
29.76	-19.906093600133673
29.77	-15.81947208551503
29.78	-13.328804825827127
29.79	-15.780042716878247
29.8	-19.154608135220037
29.810000000000002	-19.466002987422396
29.82	-15.174387832269682
29.830000000000002	-12.265003240104022
29.84	-12.234004669502134
29.85	-15.829336316819466
29.86	-16.032851261179392
29.87	-15.647799764892321
29.88	-16.984836688418028
29.89	-21.322592327344445
29.900000000000002	-24.843594235708768
29.91	-24.10742788360618
29.92	-23.70833856738039
29.93	-24.533390480108867
29.94	-21.258606946301885
29.95	-17.446493222269
29.96	-20.121482202218328
29.97	-18.423190872924575
29.98	-20.87599364478509
29.990000000000002	-25.22914675461357
30.0	-30.61400066841417
30.01	-28.81934709848668
30.02	-26.590035358211814
30.03	-26.420892464973768
30.04	-25.05171043353145
30.05	-21.088847396236563
30.060000000000002	-19.234826299521828
30.07	-23.34264779500015
30.080000000000002	-23.68846636157413
30.09	-30.006256791282425
30.1	-26.34686649932941
30.11	-25.408326968856603
30.12	-28.379511967579344
30.13	-23.48424014679687
30.14	-18.316437139913155
30.150000000000002	-18.7138328542555
30.16	-18.155877086180606
30.17	-17.03247470277902
30.18	-25.885393450667088
30.19	-27.21081452652114
30.2	-25.94351981589306
30.21	-26.810957055669792
30.22	-26.33781346496231
30.23	-22.257496488462618
30.240000000000002	-18.08302590892769
30.25	-15.950175638978832
30.26	-13.818655554006265
30.27	-11.510644065017347
30.28	-10.57742980226252
30.29	-13.396038066992801
30.3	-10.663102151591644
30.310000000000002	-13.322547384618733
30.32	-11.48136303311913
30.330000000000002	-12.419866339679466
30.34	-17.27881044717958
30.35	-15.106347326242455
30.36	-18.206575595783384
30.37	-18.58742367545961
30.38	-25.970358476561096
30.39	-25.257212284129015
30.400000000000002	-23.260378514326316
30.41	-19.225914672792353
30.42	-21.328474496070726
30.43	-19.4096920964061
30.44	-22.63382272648851
30.45	-25.85429762579848
30.46	-21.112278735875627
30.47	-18.372060372350905
30.48	-15.87846169692062
30.490000000000002	-16.644627398508316
30.5	-17.090554625582268
30.51	-20.793738962307298
30.52	-22.430915806739655
30.53	-23.44417709116323
30.54	-21.17946392415808
30.55	-30.14991785401049
30.560000000000002	-33.090217535081266
30.57	-29.14184550251483
30.580000000000002	-25.94623362138537
30.59	-21.25457811931452
30.6	-26.308080156679612
30.61	-21.883989887313607
30.62	-18.252681052037353
30.63	-23.59035202450359
30.64	-22.050636108997924
30.650000000000002	-21.899944992658035
30.66	-18.51859045118349
30.67	-15.295675405941667
30.68	-11.927793719787575
30.69	-9.022278629710732
30.7	-6.717071243968587
30.71	-4.57320358619098
30.72	-10.170725469722827
30.73	-15.322666662499767
30.740000000000002	-12.624547894692702
30.75	-9.718246945700587
30.76	-7.746370823273831
30.77	-9.512967977221798
30.78	-7.900730367519997
30.79	-5.861748866591591
30.8	-4.934109247414044
30.810000000000002	-3.7539200965054067
30.82	-4.137986309105891
30.830000000000002	-0.5891200230433031
30.84	-1.3966058114345579
30.85	0.15215283657096776
30.86	-0.21855803339666272
30.87	-1.2298779529733683
30.88	-4.833431080551017
30.89	-3.1639003122415597
30.900000000000002	-1.5058144506035727
30.91	-7.170248269927318
30.92	-11.34344761240056
30.93	-15.776922806650969
30.94	-12.945944103434845
30.95	-13.065411113809715
30.96	-13.26937318584408
30.970000000000002	-15.245029237660328
30.98	-15.01467666779494
30.990000000000002	-16.56490030483178
31.0	-15.780721226789437
31.01	-17.963111053609442
31.02	-16.239304576520695
31.03	-13.984526847832205
31.04	-16.657105195913424
31.05	-15.992808276838769
31.060000000000002	-26.364528474834515
31.07	-20.88328113797823
31.080000000000002	-17.747790089334263
31.09	-17.657562477117104
31.1	-16.856327561143615
31.11	-20.418334454842945
31.12	-25.15861497610354
31.13	-20.415713060597234
31.14	-22.38960001098235
31.150000000000002	-24.802078161220788
31.16	-26.641852548410785
31.17	-27.88757383224012
31.18	-25.27199192068992
31.19	-31.3118336903629
31.2	-27.010589900183856
31.21	-27.426618307947678
31.220000000000002	-24.010449852837187
31.23	-24.81509121279317
31.240000000000002	-27.626077127583397
31.25	-21.81304190625101
31.26	-22.463515855759457
31.27	-22.867084175994968
31.28	-24.082097510700216
31.29	-22.168093108975246
31.3	-30.767696629662936
31.310000000000002	-32.9576643999561
31.32	-31.32105474761289
31.330000000000002	-28.804152363594945
31.34	-28.819595405196576
31.35	-25.724939899527538
31.36	-28.742135864715845
31.37	-25.405852533274125
31.38	-20.33520192504981
31.39	-18.7531561045106
31.400000000000002	-14.698040324609497
31.41	-12.065099905101123
31.42	-12.050118736031042
31.43	-13.589032569176123
31.44	-10.589514346837003
31.45	-9.16638113938779
31.46	-16.192650580313618
31.470000000000002	-16.79128646861232
31.48	-15.042142377081252
31.490000000000002	-15.646969455057368
31.5	-15.80845279830729
31.51	-17.503296980650283
31.52	-15.726667768938329
31.53	-15.153500039670336
31.54	-15.480129747290349
31.55	-17.9264241179973
31.560000000000002	-23.40522638383321
31.57	-20.875035435271528
31.580000000000002	-17.269298620366133
31.59	-14.117833190964284
31.6	-14.99461027730956
31.61	-19.901838929836117
31.62	-20.842981356083886
31.63	-16.431215363317637
31.64	-17.103567633882815
31.650000000000002	-17.480448635188083
31.66	-14.170612486818172
31.67	-11.469573329633658
31.68	-13.550697503859832
31.69	-17.36691588188085
31.7	-16.699052753295945
31.71	-13.596237503714395
31.720000000000002	-11.703709738527502
31.73	-10.996131027216238
31.740000000000002	-13.112563319317655
31.75	-12.301053536969356
31.76	-12.531423700166703
31.77	-14.382209664940005
31.78	-14.82733291237097
31.79	-15.81484628160278
31.8	-23.005799100619665
31.810000000000002	-34.680452879550685
31.82	-32.94224152689844
31.830000000000002	-26.48531718160758
31.84	-23.595164946984806
31.85	-20.486963421396506
31.86	-17.280412859851484
31.87	-26.32593464338281
31.88	-30.96708215855158
31.89	-26.922548193875297
31.900000000000002	-23.927722980583503
31.91	-26.44325084895216
31.92	-24.919942386152623
31.93	-23.791481010748104
31.94	-24.71564494143515
31.95	-30.981764428414976
31.96	-24.02698592872894
31.970000000000002	-19.817840881956705
31.98	-18.985748978411973
31.990000000000002	-17.4354886713566
32.0	-26.407851840335336
32.01	-22.594597911832192
32.02	-20.773696299211192
32.03	-26.741039262729917
32.04	-26.41737695248722
32.05	-26.860567491008762
32.06	-23.673319084209492
32.07	-26.219142668901263
32.08	-27.23961154790196
32.09	-24.71466864715669
32.1	-19.6812424318221
32.11	-16.469691422698812
32.12	-18.176846406920827
32.13	-16.651552569367478
32.14	-20.299508128233217
32.15	-20.979951385908546
32.160000000000004	-18.2857214345866
32.17	-18.70330427735353
32.18	-23.958180588628007
32.19	-36.41686768812147
32.2	-36.15909674389854
32.21	-35.12522464577709
32.22	-31.344833392631134
32.230000000000004	-27.38781282055181
32.24	-28.274319951713576
32.25	-25.87160133843206
32.26	-21.320483278628565
32.27	-24.486118268166177
32.28	-28.155833712043798
32.29	-22.210777261407188
32.3	-17.843283497966585
32.31	-15.049518836248616
32.32	-12.318587676628123
32.33	-13.274399414031407
32.34	-10.661677523218684
32.35	-11.367242300380303
32.36	-17.043258958876006
32.37	-16.343979632946223
32.38	-18.14021961790166
32.39	-15.603107527666076
32.4	-13.407078893182826
32.410000000000004	-15.571824424668444
32.42	-22.40744591972839
32.43	-25.770170192535968
32.44	-25.533858972672856
32.45	-20.07292927276867
32.46	-19.97781971790224
32.47	-20.324072743486994
32.480000000000004	-20.0884287635859
32.49	-19.225633122145414
32.5	-15.966537077416916
32.51	-19.368613749293463
32.52	-22.92688894692315
32.53	-18.93435804747918
32.54	-16.40936662807379
32.55	-12.774075361962083
32.56	-11.897070524195808
32.57	-16.394490396129502
32.58	-20.645050206803326
32.59	-23.937064020493164
32.6	-22.45113544594805
32.61	-17.946829637850012
32.62	-14.694510410666794
32.63	-11.131821745976424
32.64	-13.134947942780975
32.65	-15.974654287211694
32.660000000000004	-22.461751549504488
32.67	-22.37707876161472
32.68	-22.47407244057176
32.69	-21.650767939759497
32.7	-16.98243984825141
32.71	-15.061155830067914
32.72	-13.293664897985394
32.730000000000004	-14.459855806982443
32.74	-16.162235753784458
32.75	-17.429563682090887
32.76	-23.150299003660876
32.77	-25.448481155733102
32.78	-24.178634299454945
32.79	-23.97436886090789
32.8	-32.04074850626276
32.81	-28.886228286795024
32.82	-27.67970376381869
32.83	-25.866844385346802
32.84	-23.56875503382825
32.85	-30.88594198120435
32.86	-26.32547338489356
32.87	-25.07722883040591
32.88	-23.47932270148753
32.89	-22.303831623006435
32.9	-17.319184976420505
32.910000000000004	-15.350387108679449
32.92	-16.176055494274046
32.93	-17.821388364070017
32.94	-17.665244587044167
32.95	-13.833976075548597
32.96	-13.490166909239607
32.97	-12.584175493504292
32.980000000000004	-15.873133029862922
32.99	-13.573839205121974
33.0	-15.583097610989796
33.01	-22.933586802706323
33.02	-20.463921214693972
33.03	-19.329311351633166
33.04	-15.259034758237657
33.05	-12.140443295435775
33.06	-9.93746859762799
33.07	-10.581167231277227
33.08	-12.872845837389205
33.09	-8.838583357378859
33.1	-10.328660617722061
33.11	-11.948637565278137
33.12	-18.345347027399836
33.13	-17.27799690626841
33.14	-15.159265440620269
33.15	-12.431800808745711
33.160000000000004	-10.677934198041772
33.17	-9.068599369094674
33.18	-7.488734084976865
33.19	-7.662522602384286
33.2	-9.10724072368756
33.21	-16.825619983059283
33.22	-19.125593467094465
33.230000000000004	-15.83260749728696
33.24	-16.5267903149469
33.25	-19.33024722876181
33.26	-17.681696201072175
33.27	-24.148968082772814
33.28	-19.141253419774603
33.29	-15.308528726788767
33.3	-13.25055629694843
33.31	-20.408438462992848
33.32	-22.6402894956248
33.33	-18.779541576819444
33.34	-15.45558128852989
33.35	-24.371083703647514
33.36	-20.612282964705642
33.37	-16.500070425945587
33.38	-13.732956056086275
33.39	-17.14518275278103
33.4	-13.36915787851499
33.410000000000004	-10.469049385865828
33.42	-8.243088374525687
33.43	-5.997276241687128
33.44	-5.289267899640945
33.45	-5.4279811877067825
33.46	-6.195244701143868
33.47	-7.718423907270971
33.480000000000004	-11.23827444624301
33.49	-18.694520063358404
33.5	-24.112722555968602
33.51	-20.338596157199607
33.52	-18.594689643897958
33.53	-14.793337374481359
33.54	-12.984847363946015
33.55	-14.794556640074807
33.56	-15.460002026440405
33.57	-18.759484563242463
33.58	-21.48126875530353
33.59	-20.82923724573318
33.6	-19.227675686752963
33.61	-22.676733454193165
33.62	-22.930949375096326
33.63	-19.772630203386544
33.64	-24.872282178631803
33.65	-24.102524952649517
33.660000000000004	-19.496019443118797
33.67	-26.416538259671206
33.68	-26.965686824546488
33.69	-29.012631572082054
33.7	-25.115310521979783
33.71	-21.7352277011263
33.72	-23.18406046260041
33.730000000000004	-20.779152397998132
33.74	-20.28830746768012
33.75	-21.83752976629246
33.76	-26.864923759645006
33.77	-23.908644559884493
33.78	-26.90733160780124
33.79	-33.53282838245261
33.8	-30.90170583827669
33.81	-30.470988336762414
33.82	-32.89066309929101
33.83	-28.045547120214025
33.84	-27.366472329831996
33.85	-27.529889808780833
33.86	-22.47884145904634
33.87	-22.594404488636993
33.88	-22.112395415504793
33.89	-21.57564032336343
33.9	-19.520569735253023
33.910000000000004	-18.500797974843728
33.92	-27.403428783263987
33.93	-23.884182806202972
33.94	-20.42580609425704
33.95	-29.642738163370037
33.96	-32.473348210271375
33.97	-33.39796765187891
33.980000000000004	-29.42388503139942
33.99	-25.83118180468971
34.0	-26.83966637515605
34.01	-26.102510197936482
34.02	-27.27802616769896
34.03	-23.836708822210124
34.04	-23.028947687062907
34.05	-22.53350207907244
34.06	-17.693516019239844
34.07	-14.08024015013369
34.08	-24.07014788260358
34.09	-25.742729982460816
34.1	-23.24793230842587
34.11	-23.119056552527013
34.12	-22.201445267548287
34.13	-25.28049794576813
34.14	-22.13618898451458
34.15	-23.810216378986922
34.160000000000004	-19.448771531021592
34.17	-26.334460337546478
34.18	-25.112440875623335
34.19	-24.715626952904003
34.2	-22.364136388867216
34.21	-18.251641832238295
34.22	-15.94178090266369
34.230000000000004	-12.506363588058003
34.24	-10.054362861404634
34.25	-9.185067764277619
34.26	-9.594563959887697
34.27	-13.481319362645298
34.28	-13.808655439869082
34.29	-17.76415922085352
34.300000000000004	-16.647925599684097
34.31	-25.494730102904335
34.32	-26.461084005197318
34.33	-20.73559670338291
34.34	-19.319838752105937
34.35	-21.475271687863405
34.36	-19.538997423510178
34.37	-16.633252396396777
34.38	-14.83507323399466
34.39	-12.562323994976072
34.4	-9.857641496711956
34.410000000000004	-9.011851685225635
34.42	-8.854735891183326
34.43	-11.576244822235275
34.44	-11.186247801066237
34.45	-8.78791615197914
34.46	-12.106187955591707
34.47	-10.982369857944956
34.480000000000004	-11.41022375525127
34.49	-12.42333105349628
34.5	-14.048967737619444
34.51	-15.80111875271047
34.52	-14.770143832684536
34.53	-12.681459937030258
34.54	-14.29336058029451
34.550000000000004	-15.233386160466596
34.56	-15.422505252496737
34.57	-15.721913626477388
34.58	-14.098294406037486
34.59	-11.946691307629418
34.6	-12.580586381798193
34.61	-15.85766522393898
34.62	-17.982699126753637
34.63	-24.300097104564404
34.64	-18.879910274996362
34.65	-15.882340346414013
34.660000000000004	-15.442169039707197
34.67	-15.597614217302436
34.68	-13.189522138731622
34.69	-18.676859652874796
34.7	-16.721009421144416
34.71	-21.146191736266637
34.72	-26.182682215145
34.730000000000004	-28.361619440529353
34.74	-23.59382048519394
34.75	-29.052166808748684
34.76	-24.782201581926735
34.77	-23.73391390511941
34.78	-28.447874059279098
34.79	-29.786698152037893
34.800000000000004	-25.858707962386667
34.81	-22.29815047660772
34.82	-25.864698524851427
34.83	-24.694180241973612
34.84	-19.17623073206008
34.85	-15.354350651709819
34.86	-18.975651392751672
34.87	-20.0173664602431
34.88	-19.619220533829345
34.89	-19.727206341268566
34.9	-18.719207232863546
34.910000000000004	-16.33878183188495
34.92	-13.136212116369641
34.93	-10.647992030898392
34.94	-11.73011880862073
34.95	-15.799087583474835
34.96	-15.956491449584476
34.97	-14.684452098619015
34.980000000000004	-15.869852973928827
34.99	-15.360889328716178
35.0	-14.344926649368158
35.01	-11.747233311414018
35.02	-15.260574201498272
35.03	-20.544071016016122
35.04	-26.175118025376612
35.050000000000004	-29.01834488236827
35.06	-28.620553361901937
35.07	-27.7991944745829
35.08	-25.94419265068718
35.09	-21.708622925409436
35.1	-21.360003090701206
35.11	-29.389757600375773
35.12	-29.23780907286748
35.13	-27.13399116441122
35.14	-21.44982570434621
35.15	-17.36010383127819
35.160000000000004	-14.408715828661382
35.17	-21.29311082413093
35.18	-19.523497208664704
35.19	-24.08454305965194
35.2	-28.031507423301594
35.21	-28.84186201208654
35.22	-24.656151274844202
35.230000000000004	-22.59830129207017
35.24	-30.12455282716654
35.25	-31.139864931188974
35.26	-25.893016462448838
35.27	-21.126756697915532
35.28	-17.211699334844866
35.29	-15.58403103227182
35.300000000000004	-14.115949064073751
35.31	-15.432074669718684
35.32	-12.484005998973874
35.33	-12.900916798879953
35.34	-12.299728003366337
35.35	-13.0610622754754
35.36	-13.76039700296098
35.37	-12.91599189821149
35.38	-11.642488612446687
35.39	-10.39564107250974
35.4	-8.060152297840109
35.410000000000004	-7.160905745438298
35.42	-5.440979969590613
35.43	-16.314184988224604
35.44	-17.623393715202734
35.45	-15.837460689616718
35.46	-15.599874652380997
35.47	-14.338152663829945
35.480000000000004	-14.106573759931953
35.49	-11.47654005635892
35.5	-11.900717499774673
35.51	-12.07320891650698
35.52	-11.94546400985707
35.53	-11.049323461866262
35.54	-11.486400109303352
35.550000000000004	-15.62239195641049
35.56	-13.845382158430564
35.57	-16.68731320936601
35.58	-14.563489355896404
35.59	-15.89051002154394
35.6	-16.493244936831385
35.61	-17.572331138187046
35.62	-18.147190429864803
35.63	-15.306438606169216
35.64	-18.03213879831521
35.65	-18.515361769119988
35.660000000000004	-15.043165487201009
35.67	-25.254932563155467
35.68	-23.040109577162035
35.69	-23.007017787465866
35.7	-21.287267179970474
35.71	-20.18341369393075
35.72	-24.708954839911826
35.730000000000004	-23.56170206008345
35.74	-19.42908152186053
35.75	-17.56779045444074
35.76	-14.661246014448118
35.77	-14.103657750094237
35.78	-13.474958713817957
35.79	-11.227925206629186
35.800000000000004	-10.151591913686554
35.81	-10.904418906000064
35.82	-13.473331410324382
35.83	-10.633963780264724
35.84	-20.86657211774074
35.85	-17.710619762489223
35.86	-17.27292647356292
35.87	-16.25342364089622
35.88	-13.67645446574356
35.89	-23.684796762190576
35.9	-21.966119604686213
35.910000000000004	-25.656384212210057
35.92	-22.656566571115103
35.93	-21.074499549931176
35.94	-25.743515088355334
35.95	-20.225108794097352
35.96	-18.075595622528212
35.97	-19.271670564482235
35.980000000000004	-20.20934309921388
35.99	-17.29399688982622
36.0	-28.43361644694946
36.01	-26.683644311105823
36.02	-23.805241825034013
36.03	-18.968394153367836
36.04	-14.131546481701667
36.050000000000004	-11.910649872912643
36.06	-10.088460711105954
36.07	-8.278673627021565
36.08	-12.407452619328701
36.09	-12.162281408588708
36.1	-12.450026615328078
36.11	-26.217531339229886
36.12	-25.09531675905573
36.13	-23.269585575244324
36.14	-22.33113986897355
36.15	-19.862799591305983
36.160000000000004	-16.593162196981897
36.17	-15.41753807707187
36.18	-19.967531359195757
36.19	-18.934913017444952
36.2	-17.572326456571083
36.21	-18.08173064362195
36.22	-23.768092401510906
36.230000000000004	-23.912643935435803
36.24	-28.6259473102384
36.25	-26.35227091085485
36.26	-28.575543840581798
36.27	-25.72575864038166
36.28	-22.382357030469567
36.29	-24.285451204670892
36.300000000000004	-25.365367136292882
36.31	-27.163656165460647
36.32	-32.77663643384119
36.33	-30.91373368888613
36.34	-27.441756974406488
36.35	-24.711453042897986
36.36	-29.1752121703452
36.37	-22.836538465164903
36.38	-19.003275072933377
36.39	-15.8436989356699
36.4	-14.135816772581265
36.410000000000004	-13.390614359044664
36.42	-16.93319689302184
36.43	-13.428101979723381
36.44	-12.218870720982698
36.45	-13.335437948812945
36.46	-15.202373211197282
36.47	-11.633031384080287
36.480000000000004	-10.100368165820871
36.49	-9.12896431969948
36.5	-19.635582965476416
36.51	-19.03318624960489
36.52	-24.419628923347897
36.53	-32.46850774491764
36.54	-29.115236004310372
36.550000000000004	-31.808479782073693
36.56	-40.72805866230756
36.57	-34.24417928189953
36.58	-32.39681413504984
36.59	-34.18137935257331
36.6	-28.404698146772457
36.61	-25.621555601755272
36.62	-26.736062417256313
36.63	-25.708178194968845
36.64	-23.785112938170137
36.65	-20.994408443060543
36.660000000000004	-17.432970599113464
36.67	-18.54728058132997
36.68	-21.048786501269063
36.69	-16.965984562667924
36.7	-14.091923128543955
36.71	-15.461934843667155
36.72	-12.16467097172527
36.730000000000004	-18.351947240922676
36.74	-20.71833076402947
36.75	-25.983924150853866
36.76	-27.932842167426482
36.77	-29.42458058204519
36.78	-31.94533076128775
36.79	-37.83746629816503
36.800000000000004	-32.31637022500343
36.81	-30.657217050198554
36.82	-31.492225761772325
36.83	-30.706586143366387
36.84	-30.46249401939816
36.85	-32.92558189255826
36.86	-26.099216965029633
36.87	-23.468213678818657
36.88	-22.024639834988285
36.89	-25.462757989025015
36.9	-20.855823085299125
36.910000000000004	-18.837381816885816
36.92	-16.51494120629499
36.93	-17.788581502920167
36.94	-15.338600426348446
36.95	-17.738129114717676
36.96	-20.03609274657338
36.97	-17.609910919042637
36.980000000000004	-15.84129322883114
36.99	-23.614510312569962
37.0	-33.898064358673714
37.01	-31.027679420963114
37.02	-28.466798920359775
37.03	-26.914538522764346
37.04	-26.59930953348359
37.050000000000004	-30.023929483241023
37.06	-29.08168701354608
37.07	-37.04985623758241
37.08	-30.017026059221624
37.09	-28.697256361545456
37.1	-32.19699000839221
37.11	-25.539254365872786
37.12	-25.432917943176033
37.13	-26.7205680446303
37.14	-22.02872811739516
37.15	-31.12393937568403
37.160000000000004	-27.47399988351027
37.17	-22.943200187549643
37.18	-20.71686028853823
37.19	-16.731167547997288
37.2	-13.522523443373025
37.21	-14.784128664642319
37.22	-12.508560752105328
37.230000000000004	-14.206110600895826
37.24	-19.10992621164658
37.25	-22.306947053540632
37.26	-24.586647669007323
37.27	-28.209668796827494
37.28	-28.121892343307174
37.29	-29.488717016624904
37.300000000000004	-37.52048665863936
37.31	-30.954453886337927
37.32	-26.04828432853777
37.33	-20.47764399976535
37.34	-21.39848130494406
37.35	-25.031955944284835
37.36	-26.52707053711306
37.37	-25.008593256987286
37.38	-21.25855176965551
37.39	-16.69882694721751
37.4	-16.300317333576952
37.410000000000004	-21.9271532615473
37.42	-23.716003359653133
37.43	-25.29725475004626
37.44	-24.937483487525917
37.45	-23.494162384571794
37.46	-20.233793814780533
37.47	-19.24637099918493
37.480000000000004	-20.812260630649234
37.49	-22.131214482317507
37.5	-30.290992382981017
37.51	-27.396892770914913
37.52	-31.026880995258832
37.53	-24.52423617839511
37.54	-21.906634273434857
37.550000000000004	-19.62682050560905
37.56	-27.156096025253195
37.57	-27.404261824275896
37.58	-26.035746932967225
37.59	-28.92065814859875
37.6	-26.597691535319715
37.61	-20.70083646643983
37.62	-16.823993590159237
37.63	-16.079826879674112
37.64	-15.835663052623955
37.65	-12.563332679288635
37.660000000000004	-12.988384442331723
37.67	-20.88190392994857
37.68	-16.34096652123199
37.69	-13.917945572219312
37.7	-14.89924187783203
37.71	-16.037028971328457
37.72	-15.288819660426507
37.730000000000004	-11.940401872003324
37.74	-11.684798825852834
37.75	-10.921896986754724
37.76	-11.990191435187239
37.77	-14.050046274170844
37.78	-15.84699334191816
37.79	-23.245159799173837
37.800000000000004	-18.98741179583071
37.81	-17.287205634406885
37.82	-16.220450406053768
37.83	-13.757663137517177
37.84	-20.602121243829497
37.85	-23.66293493639498
37.86	-18.453278361664314
37.87	-16.969524880994285
37.88	-14.53512417888863
37.89	-17.234130055474047
37.9	-19.82501239829157
37.910000000000004	-21.181113979844625
37.92	-20.337283669766826
37.93	-27.476541248203716
37.94	-28.167441039646572
37.95	-29.162411403727265
37.96	-25.27718844061582
37.97	-19.42074337159148
37.980000000000004	-18.226329151236285
37.99	-16.407798554886877
38.0	-14.803908349461551
38.01	-15.376857514389629
38.02	-16.740580887132953
38.03	-18.840223155026383
38.04	-16.164306283321654
38.050000000000004	-24.78943282194553
38.06	-24.559081590627365
38.07	-19.394166427474424
38.08	-16.2627336650013
38.09	-13.410644958237922
38.1	-11.032169353022322
38.11	-13.450657034487932
38.12	-19.012366922204784
38.13	-18.097944862074318
38.14	-22.9269642340893
38.15	-19.878198770891377
38.160000000000004	-20.38838385380207
38.17	-19.16407413900007
38.18	-16.491713791817457
38.19	-22.448129537521666
38.2	-20.172040899522134
38.21	-18.175901407950082
38.22	-24.189670864510177
38.230000000000004	-27.53190528490455
38.24	-22.269557260406117
38.25	-22.80300102053506
38.26	-22.33637160922068
38.27	-23.722336879330356
38.28	-27.305852826616494
38.29	-24.37738106034137
38.300000000000004	-19.362840854898554
38.31	-21.677381904208485
38.32	-30.66895080667941
38.33	-32.39966416930006
38.34	-28.95202972063013
38.35	-24.870659493497843
38.36	-26.574864515664057
38.37	-32.03734569549558
38.38	-33.15890348642175
38.39	-27.124763332725674
38.4	-22.08567464261161
38.410000000000004	-21.421804533614882
38.42	-18.205037611140654
38.43	-18.3272299091646
38.44	-17.567330107602814
38.45	-24.89498444485201
38.46	-23.703522094740357
38.47	-20.113767554425404
38.480000000000004	-16.153245389444375
38.49	-19.01089859719801
38.5	-21.17743466602701
38.51	-23.330450842355585
38.52	-22.69307037659087
38.53	-20.458603532197753
38.54	-17.59084050154791
38.550000000000004	-19.404655331939026
38.56	-15.717385454658736
38.57	-20.21307531062185
38.58	-24.360606833848554
38.59	-22.765988571462497
38.6	-21.95595275166399
38.61	-24.721813781322382
38.62	-19.962027077434662
38.63	-18.163741041376404
38.64	-14.075771586379977
38.65	-13.61625326317386
38.660000000000004	-15.941679004155333
38.67	-16.61418838264563
38.68	-22.305437580560554
38.69	-22.341550410866173
38.7	-23.330292988075325
38.71	-21.606937974074704
38.72	-22.807640023072672
38.730000000000004	-19.893009417727985
38.74	-21.168595877443668
38.75	-19.233034820481986
38.76	-20.735270000623785
38.77	-16.70689278099436
38.78	-26.111053521881328
38.79	-30.69236171668914
38.800000000000004	-26.54524114869131
38.81	-26.887776408661676
38.82	-23.046244810956413
38.83	-20.538182203824373
38.84	-16.079450214945087
38.85	-12.930796757348128
38.86	-13.113516959288036
38.87	-16.81898054854223
38.88	-29.480167480321537
38.89	-28.00201951564884
38.9	-26.125862242503292
38.910000000000004	-24.672634282708426
38.92	-32.06725279204161
38.93	-32.97758302426107
38.94	-26.15815716039978
38.95	-22.24933126474475
38.96	-20.461254690915244
38.97	-21.940221096965313
38.980000000000004	-21.89476733954091
38.99	-19.433806728730083
39.0	-22.530679389197243
39.01	-29.52311287736142
39.02	-25.68378379714299
39.03	-33.01192240054005
39.04	-32.414703422004685
39.050000000000004	-34.056549311771256
39.06	-29.415067052989972
39.07	-26.197181897413305
39.08	-23.53508235940464
39.09	-21.77230050312562
39.1	-17.19720846246876
39.11	-14.713868062547494
39.12	-13.93850205091595
39.13	-13.458772809339562
39.14	-21.1798245841341
39.15	-19.73940004515023
39.160000000000004	-19.89466949738684
39.17	-18.48847693129831
39.18	-15.801154978197694
39.19	-13.982876145400608
39.2	-12.53565342273413
39.21	-17.62107050225055
39.22	-19.67694588635811
39.230000000000004	-20.519717505868936
39.24	-24.528670260417726
39.25	-22.644664835494705
39.26	-21.96857162460473
39.27	-23.261409115711285
39.28	-21.994543351257423
39.29	-22.482655236089105
39.300000000000004	-23.992104020564437
39.31	-22.40028281790116
39.32	-18.262343977852378
39.33	-24.895895081427064
39.34	-21.69196327948466
39.35	-19.149410240184334
39.36	-19.014089909447335
39.37	-18.99751905417983
39.38	-19.3798626543553
39.39	-18.634372798504828
39.4	-22.02605226102431
39.410000000000004	-19.341455944805737
39.42	-18.7918326237525
39.43	-19.91160294281345
39.44	-15.83235591422242
39.45	-13.263133704924853
39.46	-14.076079299179519
39.47	-14.23986717270211
39.480000000000004	-14.111887485069177
39.49	-19.363536866094254
39.5	-19.33348112347562
39.51	-20.28211528943766
39.52	-16.73687764397134
39.53	-14.629557172799213
39.54	-21.773904184099262
39.550000000000004	-24.207673682021234
39.56	-26.742534258599957
39.57	-28.798817906183064
39.58	-26.414722783453083
39.59	-23.14551976333956
39.6	-19.22430815612538
39.61	-19.256767990637442
39.62	-21.60218183770043
39.63	-18.2776425077365
39.64	-18.44331073988694
39.65	-20.84204202720204
39.660000000000004	-24.054417360628946
39.67	-23.58597879191692
39.68	-22.553705354878517
39.69	-27.152717107084484
39.7	-21.63675105634231
39.71	-21.094078038288277
39.72	-20.23209512625627
39.730000000000004	-23.533430427490956
39.74	-21.07161466150867
39.75	-19.06523060561363
39.76	-25.956099455394096
39.77	-32.328672381766
39.78	-25.162584675437618
39.79	-21.792368608750994
39.800000000000004	-17.283741588744007
39.81	-13.979741722971522
39.82	-13.304059425438629
39.83	-16.721412957982995
39.84	-21.692610096758305
39.85	-19.537203354959605
39.86	-21.332152918025454
39.87	-23.475319469810398
39.88	-23.412689730995016
39.89	-25.798766754688888
39.9	-24.477320195764538
39.910000000000004	-24.36590013135612
39.92	-23.393636819000566
39.93	-26.18928833934358
39.94	-28.12768680213032
39.95	-27.433310788134584
39.96	-25.388161189839487
39.97	-20.944730069654074
39.980000000000004	-18.15575961413946
39.99	-24.994223705731724
40.0	-22.73505967332868
40.01	-24.351066161961146
40.02	-22.350472110442503
40.03	-19.387201306207086
40.04	-24.754274037069518
40.050000000000004	-25.18812014426081
40.06	-27.480827069458364
40.07	-28.124801819712992
40.08	-25.317394293219202
40.09	-20.007304222010973
40.1	-18.575908285403386
40.11	-21.172988967576202
40.12	-16.478047343112248
40.13	-15.29631008072668
40.14	-13.220416534054692
40.15	-13.691816524414222
40.160000000000004	-20.258325950649958
40.17	-27.539978340768144
40.18	-26.328223560742465
40.19	-24.893865675751762
40.2	-19.824188947607528
40.21	-20.723182603706615
40.22	-17.350291000097066
40.230000000000004	-13.576720956195324
40.24	-13.183748792726693
40.25	-16.99698134826524
40.26	-15.936069493177557
40.27	-19.45939188862617
40.28	-18.105179439296467
40.29	-19.010317525516673
40.300000000000004	-24.54827086002036
40.31	-22.129807300439296
40.32	-21.318900875202292
40.33	-25.33750607240193
40.34	-23.603053098941576
40.35	-22.995892653202592
40.36	-22.652404334578666
40.37	-17.73460024985735
40.38	-15.643804601175832
40.39	-13.608112978444513
40.4	-14.463935162249212
40.410000000000004	-14.341072123344413
40.42	-11.93300580598265
40.43	-12.02104421014893
40.44	-11.790351061672503
40.45	-9.90953208966803
40.46	-11.32939518369882
40.47	-9.643044287239654
40.480000000000004	-6.731397775612972
40.49	-8.703312085509308
40.5	-14.072806188502138
40.51	-13.087367853216469
40.52	-13.695341192795912
40.53	-17.666913482414895
40.54	-18.320614231583445
40.550000000000004	-27.05008853585589
40.56	-21.969796285775182
40.57	-20.29580881969819
40.58	-16.910891693783604
40.59	-14.111673273372999
40.6	-18.633157841085694
40.61	-26.53971432003614
40.62	-21.770285419335906
40.63	-17.43664224125875
40.64	-14.168627635438913
40.65	-13.75812631184062
40.660000000000004	-11.92822067453857
40.67	-9.091169355730095
40.68	-12.516989815465625
40.69	-25.07012754462479
40.7	-21.373783657688847
40.71	-25.992024022062324
40.72	-28.14539459145438
40.730000000000004	-28.31456213158933
40.74	-34.20723189103269
40.75	-31.9823819191242
40.76	-26.290145856688564
40.77	-25.40275365689333
40.78	-25.97159625168481
40.79	-21.58135194380413
40.800000000000004	-17.3345691391152
40.81	-14.693164586398584
40.82	-13.043584143451517
40.83	-17.590432141233048
40.84	-23.963381255642485
40.85	-20.28563075067275
40.86	-16.287739206776756
40.87	-15.061566509862303
40.88	-16.992970860595502
40.89	-15.369076911167621
40.9	-17.444220462038306
40.910000000000004	-21.946373466792178
40.92	-19.923282402311788
40.93	-17.193427852697138
40.94	-22.046654651746955
40.95	-19.461024362597033
40.96	-28.04483177539495
40.97	-27.768538046360838
40.980000000000004	-24.790546878040892
40.99	-20.242005345450465
41.0	-23.228619884356874
41.01	-19.011327552250368
41.02	-15.923167598439298
41.03	-24.516444753763892
41.04	-19.571784907720957
41.050000000000004	-16.538642058878978
41.06	-21.93788797643844
41.07	-24.67208236922379
41.08	-24.52031777474425
41.09	-27.45113716272893
41.1	-27.920906931271787
41.11	-22.006244713093334
41.12	-17.542663716914515
41.13	-15.983346803880917
41.14	-21.6866028360518
41.15	-23.097949727925318
41.160000000000004	-22.6800460439606
41.17	-20.19019786236163
41.18	-23.237433424757185
41.19	-25.510517434586422
41.2	-27.117014287261892
41.21	-26.338727860027067
41.22	-23.099209037284343
41.230000000000004	-21.502158929885162
41.24	-18.288408455454423
41.25	-19.95906629791735
41.26	-18.37998493382216
41.27	-18.506084938806385
41.28	-23.751576673441914
41.29	-22.147181219736495
41.300000000000004	-21.643671381559265
41.31	-20.462019426414876
41.32	-18.37231025438804
41.33	-22.954774974397214
41.34	-21.026966348153927
41.35	-17.811687055014218
41.36	-14.430900526480983
41.37	-20.40810050781672
41.38	-27.527124551459394
41.39	-22.24216534115584
41.4	-16.957794574875145
41.410000000000004	-14.667722097256686
41.42	-12.715433021212743
41.43	-17.17926980293009
41.44	-16.636445183534114
41.45	-13.52595026180211
41.46	-16.835635126397673
41.47	-19.877492388383267
41.480000000000004	-16.598623221866568
41.49	-16.305744290181273
41.5	-18.004545037808462
41.51	-21.53251511297588
41.52	-33.35265536126573
41.53	-28.459376448389026
41.54	-28.054705804016816
41.550000000000004	-37.912214433307454
41.56	-32.33353818298035
41.57	-27.131967732315882
41.58	-25.364765210600563
41.59	-23.939491329588332
41.6	-27.74400512442839
41.61	-22.61342589690901
41.62	-19.401814695023724
41.63	-19.23786007189999
41.64	-18.685555649010297
41.65	-16.126981728973092
41.660000000000004	-22.050979961168355
41.67	-19.499203029899746
41.68	-18.077080374016152
41.69	-16.58773589552493
41.7	-13.772981608574332
41.71	-15.588137104474079
41.72	-13.866689683632424
41.730000000000004	-12.375446523017485
41.74	-18.556655888597003
41.75	-16.299439807074247
41.76	-20.01410413795496
41.77	-26.858150446563364
41.78	-29.631533649320822
41.79	-29.283621419439484
41.800000000000004	-28.361694202906357
41.81	-21.943761835609706
41.82	-19.23402808991745
41.83	-23.63352947891914
41.84	-22.317264079528172
41.85	-20.163188021635627
41.86	-20.336078508152802
41.87	-21.14768392296091
41.88	-18.830796310664436
41.89	-15.60079504775129
41.9	-17.18281994195293
41.910000000000004	-20.77459751021318
41.92	-18.54157015159117
41.93	-19.22878852992551
41.94	-20.655078053166122
41.95	-23.955945169871107
41.96	-19.13486593440897
41.97	-19.97136429328591
41.980000000000004	-18.090355500460955
41.99	-19.374620900600405
42.0	-18.357409480702948
42.01	-14.503559112625817
42.02	-15.06357331862387
42.03	-16.0318511179081
42.04	-18.330351425253998
42.050000000000004	-19.95138695313193
42.06	-17.469032089296253
42.07	-22.323033493127483
42.08	-21.853857643156193
42.09	-20.696304537764227
42.1	-16.593147455837652
42.11	-13.615217053606338
42.12	-18.757699291740778
42.13	-15.471203676471251
42.14	-14.274982317399246
42.15	-17.192838182380715
42.160000000000004	-21.56867172390996
42.17	-27.814258084975656
42.18	-32.831443276631575
42.19	-33.48742438446392
42.2	-28.571895364472592
42.21	-23.102824334745836
42.22	-18.965492411173837
42.230000000000004	-20.996037482136725
42.24	-17.713114886048903
42.25	-14.275163167830387
42.26	-12.86100459251481
42.27	-10.730511653865406
42.28	-9.730868981425719
42.29	-10.382916414328742
42.300000000000004	-15.730346694159293
42.31	-17.27958181440537
42.32	-19.219771511757955
42.33	-23.017911219485843
42.34	-26.08623610758167
42.35	-23.36452702029155
42.36	-23.392874809193536
42.37	-23.814650136130624
42.38	-21.807464864766786
42.39	-18.10454032926724
42.4	-21.81488107344602
42.410000000000004	-19.906091005099398
42.42	-19.809703007445727
42.43	-25.02315122373006
42.44	-22.572663530895337
42.45	-18.32355499963545
42.46	-16.44807114210758
42.47	-14.934131701789603
42.480000000000004	-12.549098432901419
42.49	-20.53415703524714
42.5	-19.332843738593663
42.51	-19.43043935122359
42.52	-15.221659620998176
42.53	-15.120163148490615
42.54	-18.758758573622305
42.550000000000004	-14.577279159503263
42.56	-13.134609264076714
42.57	-15.5966561949479
42.58	-18.153689298394532
42.59	-18.551084036953256
42.6	-24.256686535480515
42.61	-21.297231954160193
42.62	-17.948806531459617
42.63	-18.67878903502076
42.64	-18.848776188555032
42.65	-18.498833161403404
42.660000000000004	-27.001779641909383
42.67	-35.22455844028907
42.68	-31.3891605632673
42.69	-33.99721952449982
42.7	-30.00494067532859
42.71	-32.31853488771346
42.72	-26.436957083519616
42.730000000000004	-27.170735594057586
42.74	-31.245272372636858
42.75	-30.778098013490496
42.76	-34.45170189611569
42.77	-33.67687688678747
42.78	-27.826659202667198
42.79	-26.767112146861084
42.800000000000004	-27.332810687666935
42.81	-27.964841656729647
42.82	-22.803524393609393
42.83	-19.37239670623974
42.84	-19.19423779129964
42.85	-18.535480445177374
42.86	-24.233958905350192
42.87	-19.79689246196858
42.88	-16.494255374772113
42.89	-15.772725387437983
42.9	-21.42259628865372
42.910000000000004	-19.51215071253031
42.92	-27.589715918156532
42.93	-23.147222780270457
42.94	-22.74705173876765
42.95	-28.168055068724772
42.96	-29.124911904054436
42.97	-24.305783686367437
42.980000000000004	-20.097416213444152
42.99	-24.995141076639918
43.0	-21.63552548861161
43.01	-18.620172230424696
43.02	-21.690108127995043
43.03	-17.675981218465864
43.04	-16.03971811404656
43.050000000000004	-15.806118508581882
43.06	-14.988250489420984
43.07	-14.435636081643333
43.08	-15.296750793794432
43.09	-15.858779576449093
43.1	-12.917859987051976
43.11	-11.42697635612465
43.12	-10.740840597358664
43.13	-12.574000668699048
43.14	-18.94923003786879
43.15	-23.825071595581456
43.160000000000004	-28.781190521962518
43.17	-25.159348563505066
43.18	-24.892051546998122
43.19	-23.54828823652727
43.2	-18.343504083667987
43.21	-18.646090168894126
43.22	-25.54439640772213
43.230000000000004	-24.592747545245896
43.24	-26.905441281278524
43.25	-27.84188868231136
43.26	-23.4962190189047
43.27	-24.0875002010208
43.28	-23.35938950064966
43.29	-21.072784954637346
43.300000000000004	-16.992362306787104
43.31	-15.859650908195313
43.32	-15.564161898096023
43.33	-15.218795050975242
43.34	-15.496389049862257
43.35	-14.561382725506306
43.36	-15.099660435357553
43.37	-13.829442563968936
43.38	-18.9124588577018
43.39	-15.21768461372854
43.4	-11.838273226822338
43.410000000000004	-9.959067591205736
43.42	-15.679363359215996
43.43	-14.575751182078834
43.44	-24.092845300548852
43.45	-22.00283905743645
43.46	-23.211060537129875
43.47	-24.22682336444367
43.480000000000004	-25.835389639899816
43.49	-27.323979916170618
43.5	-27.620574665483485
43.51	-21.815413285454298
43.52	-17.944742895715788
43.53	-16.926918968600553
43.54	-16.13167946801698
43.550000000000004	-17.07075999089785
43.56	-16.233686553014905
43.57	-20.94377826168714
43.58	-18.743912879296836
43.59	-22.62437766103512
43.6	-26.551328817162407
43.61	-28.334894206356637
43.62	-26.073699711636387
43.63	-22.31475359943727
43.64	-21.129121421848783
43.65	-18.782274502883595
43.660000000000004	-19.30832705947641
43.67	-18.936234480564018
43.68	-20.946528451523857
43.69	-24.476603107604333
43.7	-20.539414513701743
43.71	-20.36458313967144
43.72	-22.360346246753043
43.730000000000004	-17.421216790325193
43.74	-14.475734023886794
43.75	-14.287223587276957
43.76	-14.222154075571398
43.77	-12.107553548218252
43.78	-11.553930309305139
43.79	-15.578727663189188
43.800000000000004	-24.23704279297064
43.81	-25.07660589418638
43.82	-20.325058366932517
43.83	-18.742196093490914
43.84	-16.597959927565558
43.85	-15.27366019402139
43.86	-19.831195050189713
43.87	-24.02597216515684
43.88	-24.462563478446434
43.89	-26.546651191010213
43.9	-20.671465169390974
43.910000000000004	-18.57296740740935
43.92	-15.67675265343912
43.93	-23.29679209923772
43.94	-19.931956363683963
43.95	-19.325752686465876
43.96	-20.945843179875325
43.97	-17.73828720282877
43.980000000000004	-19.706353137420113
43.99	-24.310270721945983
44.0	-22.26071871156245
44.01	-17.75260053246927
44.02	-14.906954076994795
44.03	-13.284737574993155
44.04	-12.321367158955939
44.050000000000004	-9.521644941372234
44.06	-8.886720550209034
44.07	-7.585277250103297
44.08	-5.9180696396464665
44.09	-7.532195716704875
44.1	-5.803231880806235
44.11	-5.285063604301202
44.12	-5.454866923127417
44.13	-5.947795321017243
44.14	-6.922895373164021
44.15	-9.943851744819732
44.160000000000004	-14.372741009908037
44.17	-18.321262964665234
44.18	-14.901063007663204
44.19	-12.450432844032377
44.2	-13.710327242090969
44.21	-19.3853866761616
44.22	-20.273905490002207
44.230000000000004	-25.894768504319476
44.24	-32.967615384869625
44.25	-26.13088442730447
44.26	-25.602119592134482
44.27	-31.538684806739475
44.28	-32.971467451023344
44.29	-31.476259259015094
44.300000000000004	-30.585381121715493
44.31	-30.986536326561264
44.32	-29.93834337209775
44.33	-32.42460240891075
44.34	-29.359221828511114
44.35	-29.20888800749915
44.36	-22.89165808162052
44.37	-18.32598994481545
44.38	-16.17633801241708
44.39	-16.72524324614121
44.4	-18.659339812451748
44.410000000000004	-16.87730256004715
44.42	-15.738356960166003
44.43	-12.439853543748347
44.44	-12.199461051757103
44.45	-13.352551709201236
44.46	-14.654537220589852
44.47	-14.412152781585881
44.480000000000004	-13.199637041269003
44.49	-14.03148535010113
44.5	-13.9523113059573
44.51	-10.271110472798602
44.52	-14.240772176439917
44.53	-12.610950332079435
44.54	-10.673494633976182
44.550000000000004	-10.967112907467088
44.56	-10.108254957133568
44.57	-15.396728928073852
44.58	-19.81222512222733
44.59	-20.129076911043104
44.6	-20.068398497224408
44.61	-20.253401764460577
44.62	-20.561082638092625
44.63	-20.01477309964123
44.64	-20.961743786207624
44.65	-22.353948228171024
44.660000000000004	-17.385336461220874
44.67	-17.04138921417172
44.68	-16.225558007099266
44.69	-13.00561384765417
44.7	-16.241091624312574
44.71	-22.299243855714273
44.72	-20.00174315451536
44.730000000000004	-16.61775002731322
44.74	-13.273090279409415
44.75	-9.988642333555157
44.76	-11.429534419389427
44.77	-13.067655387665903
44.78	-9.798024060874749
44.79	-9.825907882469444
44.800000000000004	-11.451828007080653
44.81	-11.630611387733994
44.82	-14.27972434469612
44.83	-17.153049699280672
44.84	-21.698454172539517
44.85	-16.986686223330757
44.86	-13.856210573041244
44.87	-15.506988384061072
44.88	-14.208277126836203
44.89	-12.120495779019196
44.9	-15.623189836128207
44.910000000000004	-14.094282698679404
44.92	-13.916605250387152
44.93	-18.280154495791418
44.94	-14.733739288484703
44.95	-15.023501086295532
44.96	-18.207071577250012
44.97	-21.398238816753732
44.980000000000004	-24.152749601843414
44.99	-20.52729699911854
45.0	-30.47815331094886
45.01	-27.265199306123176
45.02	-24.67954675961764
45.03	-28.583283772450844
45.04	-25.295838242949756
45.050000000000004	-25.276140433730596
45.06	-26.566822124968862
45.07	-26.46005515917129
45.08	-25.21333171925633
45.09	-21.988266507794176
45.1	-18.881266934189437
45.11	-15.047138396302296
45.12	-13.701447365764242
45.13	-12.803009264389463
45.14	-12.678668440171416
45.15	-14.429810494201428
45.160000000000004	-11.99726293206516
45.17	-12.38905020876722
45.18	-14.15510606547285
45.19	-11.967839328598815
45.2	-13.06984249261945
45.21	-19.67310533688549
45.22	-16.23287773465574
45.230000000000004	-20.152822535680762
45.24	-23.065946287767865
45.25	-27.167874472256088
45.26	-23.862623837797425
45.27	-22.6349451874706
45.28	-19.806288500472448
45.29	-25.66560455506456
45.300000000000004	-24.80062443771338
45.31	-21.951284549749886
45.32	-23.05528172186358
45.33	-20.873765760345332
45.34	-20.22258300022461
45.35	-21.001246885379835
45.36	-18.55527589889229
45.37	-18.78520408384474
45.38	-19.623916344197514
45.39	-21.018389308509715
45.4	-19.41246003827045
45.410000000000004	-22.99174906425704
45.42	-19.902954013372128
45.43	-27.791610857346043
45.44	-28.313339189046506
45.45	-22.156538485260903
45.46	-18.489579139837304
45.47	-14.963412045324889
45.480000000000004	-18.040809752026714
45.49	-17.850721013277013
45.5	-15.684866989378287
45.51	-14.703201968491149
45.52	-14.128242335276983
45.53	-18.73777415886108
45.54	-18.09110569364347
45.550000000000004	-16.497061181340392
45.56	-13.128018315526468
45.57	-18.20262371221524
45.58	-28.3592276173926
45.59	-25.659153661488514
45.6	-23.697638042169913
45.61	-19.851301762845058
45.62	-22.91291134069832
45.63	-22.532712325914886
45.64	-29.317572644413477
45.65	-29.533604393188202
45.660000000000004	-25.224174808004843
45.67	-25.249492534687572
45.68	-31.60560430751634
45.69	-28.43194248247321
45.7	-26.88466283056703
45.71	-26.759196355064052
45.72	-26.986155686243787
45.730000000000004	-25.07000048704618
45.74	-25.163963324458503
45.75	-25.854335549558854
45.76	-20.425362113751497
45.77	-22.78287832125301
45.78	-18.979920667924304
45.79	-17.01920825977228
45.800000000000004	-16.981146622020425
45.81	-26.201850213854176
45.82	-22.593139293916106
45.83	-20.595443775979586
45.84	-22.32878109123435
45.85	-24.25003382777218
45.86	-26.146043964477812
45.87	-27.778524739189976
45.88	-25.242937112227896
45.89	-19.54343405822959
45.9	-15.37917541996881
45.910000000000004	-11.709964423399699
45.92	-19.874187809080787
45.93	-20.02006450654
45.94	-24.778332290822206
45.95	-27.34415421976897
45.96	-26.10563902927914
45.97	-22.831620020565126
45.980000000000004	-21.01352647277929
45.99	-24.756752371610595
46.0	-20.832404212684928
46.01	-20.10678398502452
46.02	-15.831284767282316
46.03	-13.658542855533216
46.04	-12.320729948045518
46.050000000000004	-10.525322254382857
46.06	-12.638152963162552
46.07	-20.656748367337627
46.08	-32.96786162261148
46.09	-33.53157626156998
46.1	-34.47578003301993
46.11	-32.81782211769504
46.12	-30.975948177229178
46.13	-29.419574868204414
46.14	-26.256688031186066
46.15	-23.061420245870664
46.160000000000004	-19.938797345110178
46.17	-21.071693565342564
46.18	-21.04281428538178
46.19	-19.74115230536011
46.2	-18.704349512227314
46.21	-19.849111853652765
46.22	-27.124289326952738
46.230000000000004	-26.810523662382796
46.24	-28.28699704441637
46.25	-23.927819058409135
46.26	-22.745112391597385
46.27	-25.46480743796504
46.28	-19.767765180422344
46.29	-18.94350447661813
46.300000000000004	-15.61087414396888
46.31	-14.095720434284186
46.32	-14.979183819035379
46.33	-16.365059260105742
46.34	-13.028897777861898
46.35	-10.216095737199518
46.36	-6.289523081359376
46.37	-6.67146093474028
46.38	-8.974828145362991
46.39	-7.212433540717204
46.4	-10.134951688728261
46.410000000000004	-21.60532686999352
46.42	-21.6407184244312
46.43	-21.12038081944413
46.44	-21.591038577444888
46.45	-18.13096191022674
46.46	-20.365019818758363
46.47	-20.230809032766487
46.480000000000004	-19.5556391735828
46.49	-17.049212530239696
46.5	-15.777697122167373
46.51	-16.96096008192184
46.52	-24.16202534294539
46.53	-28.76209677068784
46.54	-26.946492906529034
46.550000000000004	-24.850438458926106
46.56	-23.383871577031286
46.57	-18.38536241688369
46.58	-15.336171931333517
46.59	-13.114254090492707
46.6	-15.660745644805122
46.61	-16.925400849290117
46.62	-29.331197777164363
46.63	-23.233412443959345
46.64	-19.14415652794436
46.65	-17.774182592629995
46.660000000000004	-19.59814892038869
46.67	-20.406974392171737
46.68	-22.185769207474795
46.69	-22.302297273042928
46.7	-19.197295180850013
46.71	-17.00532052092712
46.72	-14.913614779582884
46.730000000000004	-12.76509188742576
46.74	-19.96102555387121
46.75	-16.697638099202326
46.76	-15.474039776932752
46.77	-21.551575676445893
46.78	-21.6858349450059
46.79	-20.571234199469554
46.800000000000004	-20.870379104729892
46.81	-19.739316762408553
46.82	-24.10974809901173
46.83	-25.904065108323756
46.84	-25.985160016288564
46.85	-24.599329538069746
46.86	-27.272771749153012
46.87	-41.790893990122534
46.88	-37.08895303973975
46.89	-33.977082762531055
46.9	-28.757582304814456
46.910000000000004	-26.543328330054216
46.92	-28.198349015512996
46.93	-22.977704842818806
46.94	-19.065868061706816
46.95	-21.110106148361034
46.96	-24.502125794146803
46.97	-24.569879167106656
46.980000000000004	-19.54565534787895
46.99	-15.619432620821756
47.0	-14.478316694208097
47.01	-17.0332403674426
47.02	-13.591401209869616
47.03	-15.326499625859665
47.04	-15.830911798953725
47.050000000000004	-14.774776554276539
47.06	-21.77383549302589
47.07	-22.29593505998053
47.08	-20.627294898154467
47.09	-17.042141693467894
47.1	-15.115498286991198
47.11	-12.491253539389033
47.12	-16.989014648645277
47.13	-18.336288741961155
47.14	-22.286769937972288
47.15	-19.97912804662316
47.160000000000004	-21.07269298200674
47.17	-25.529463248879605
47.18	-35.478790622390214
47.19	-28.618962590939905
47.2	-23.738433603539566
47.21	-28.213556192419578
47.22	-25.959367576579293
47.230000000000004	-23.10493356745076
47.24	-25.21795469276505
47.25	-23.692021370683232
47.26	-25.655519170484766
47.27	-22.71201068647022
47.28	-25.09946312962511
47.29	-23.186548900005953
47.300000000000004	-19.80350204633887
47.31	-26.845282256028188
47.32	-30.129342213276352
47.33	-26.663266396465012
47.34	-22.083948663226256
47.35	-22.12339463046912
47.36	-23.930943099903942
47.37	-30.69925732051447
47.38	-26.06561047653881
47.39	-27.03787540528499
47.4	-24.83269794665265
47.410000000000004	-26.49921515254519
47.42	-22.253268491918686
47.43	-18.821239027340408
47.44	-22.12016328061525
47.45	-21.6024869031056
47.46	-16.852987886240083
47.47	-12.802102790226133
47.480000000000004	-9.311092535330879
47.49	-10.683611249440396
47.5	-11.407795229405906
47.51	-11.756277204125949
47.52	-17.6325533767762
47.53	-17.11837538212366
47.54	-22.834074342324545
47.550000000000004	-20.710767775448822
47.56	-22.319475293078064
47.57	-25.377955123584435
47.58	-24.04368405799623
47.59	-19.235171655226182
47.6	-15.594283843817259
47.61	-12.200375017705307
47.62	-10.554778821573269
47.63	-19.71743097335447
47.64	-24.84581310427819
47.65	-25.616408570250645
47.660000000000004	-31.206006163326574
47.67	-30.022612552150697
47.68	-27.42718762061224
47.69	-22.117341779494655
47.7	-19.41523571830424
47.71	-16.81100602994644
47.72	-19.667802390000872
47.730000000000004	-22.584826851099095
47.74	-18.273321524297103
47.75	-25.403183980149596
47.76	-25.520252943215898
47.77	-23.90573166944215
47.78	-19.53913384367775
47.79	-16.51933220738152
47.800000000000004	-13.672599745775695
47.81	-16.991914305641313
47.82	-20.868849111838536
47.83	-25.23560960102343
47.84	-26.505887106709785
47.85	-25.233747135845213
47.86	-33.61468743257756
47.870000000000005	-39.509690598814515
47.88	-35.34837865777335
47.89	-34.88237606607143
47.9	-28.85048224535646
47.910000000000004	-35.54311993472931
47.92	-32.37128712095753
47.93	-30.089999702198252
47.94	-31.28510284880643
47.95	-29.346600555585784
47.96	-29.02564550709889
47.97	-22.938871344332664
47.980000000000004	-19.101125208919928
47.99	-16.20171039740573
48.0	-14.013041752263753
48.01	-14.94882356851751
48.02	-17.829255850476844
48.03	-22.05945867296693
48.04	-20.943165642580297
48.050000000000004	-19.37085859109838
48.06	-16.224871850889958
48.07	-30.021268598821173
48.08	-29.43665784803108
48.09	-27.084935622893703
48.1	-30.464338449255767
48.11	-24.881840790724773
48.120000000000005	-25.090452863219777
48.13	-19.362672263910525
48.14	-16.268422798026762
48.15	-19.778640349343842
48.160000000000004	-19.73536243262709
48.17	-16.59730214715674
48.18	-14.213104714392328
48.19	-13.896930848675044
48.2	-12.249700728866012
48.21	-14.89128342904067
48.22	-11.999466011718969
48.230000000000004	-18.198525112199118
48.24	-15.845063881342634
48.25	-18.505849030775614
48.26	-15.783550676750247
48.27	-12.150408052598825
48.28	-9.759324433102886
48.29	-9.080574667587664
48.300000000000004	-13.665067032487775
48.31	-13.973838221510313
48.32	-12.792814842394742
48.33	-15.930823333141225
48.34	-18.806283623192073
48.35	-18.84903425376644
48.36	-18.22422310265087
48.370000000000005	-16.37862231920026
48.38	-18.678916420600025
48.39	-17.578172151156988
48.4	-23.437633951148943
48.410000000000004	-25.399613424596925
48.42	-25.65568456948953
48.43	-26.20087537059313
48.44	-23.869253497070734
48.45	-19.53619317154831
48.46	-17.321575114412678
48.47	-15.13837877085096
48.480000000000004	-16.14397530548391
48.49	-16.252518007859997
48.5	-12.433754453763772
48.51	-9.387700765041341
48.52	-13.604935355121569
48.53	-16.299452750550714
48.54	-16.47916307989113
48.550000000000004	-15.52619701282074
48.56	-19.062142018620495
48.57	-14.936844288178785
48.58	-14.637644466167762
48.59	-16.52671473527542
48.6	-16.752247911911894
48.61	-16.784439688836656
48.620000000000005	-19.313411847782373
48.63	-23.332815703771296
48.64	-19.167317534773584
48.65	-25.23148101858209
48.660000000000004	-20.29988476116195
48.67	-19.90097144071638
48.68	-21.953514678292716
48.69	-22.804408750195556
48.7	-27.589329255724312
48.71	-29.935658281003022
48.72	-27.14197261519443
48.730000000000004	-25.679317397821855
48.74	-29.446702090634453
48.75	-28.920663831063493
48.76	-27.317126777227
48.77	-28.92639240168709
48.78	-25.73070895244791
48.79	-22.567104131951016
48.800000000000004	-22.48541559053642
48.81	-26.03498001415892
48.82	-25.806708560726943
48.83	-26.19252127970767
48.84	-30.312448406048116
48.85	-27.176080989149344
48.86	-22.356581228482966
48.870000000000005	-20.709613130182703
48.88	-17.696516786857185
48.89	-14.886257876516876
48.9	-11.828396742936789
48.910000000000004	-10.946433827453431
48.92	-10.47178532777508
48.93	-12.315409022562537
48.94	-14.140680414398007
48.95	-13.936578234005978
48.96	-12.956503998526975
48.97	-13.45501724611486
48.980000000000004	-15.261515895014254
48.99	-20.423511925884963
49.0	-18.508753787472006
49.01	-24.662056692128687
49.02	-30.177063112682106
49.03	-26.66177502105832
49.04	-30.02195766511933
49.050000000000004	-28.332306032980952
49.06	-22.185362706075477
49.07	-20.89042122749615
49.08	-22.599766616721894
49.09	-30.557967864270186
49.1	-32.209566396858165
49.11	-25.64464225819256
49.120000000000005	-24.422397042910823
49.13	-20.799028274861257
49.14	-26.653013455936293
49.15	-23.73035004235985
49.160000000000004	-23.96446728846355
49.17	-24.307006109557936
49.18	-19.808251129530795
49.19	-23.345600516875514
49.2	-29.404859709229154
49.21	-27.187504775047785
49.22	-26.158304229590946
49.230000000000004	-30.068577770160896
49.24	-32.3118664874014
49.25	-31.649540986055527
49.26	-31.86822189632348
49.27	-27.91753026619974
49.28	-24.76603581317326
49.29	-24.214296116200874
49.300000000000004	-20.114819686113638
49.31	-17.54461665363647
49.32	-23.388558144661335
49.33	-20.90459332838722
49.34	-23.66388109248643
49.35	-28.09577762815041
49.36	-31.769775548552843
49.370000000000005	-28.374039195279437
49.38	-28.302594457325156
49.39	-23.699662498903734
49.4	-21.509256879093968
49.410000000000004	-21.68582097118376
49.42	-17.658335390788103
49.43	-14.854322829366026
49.44	-20.022001183357823
49.45	-24.84418175384025
49.46	-23.62355535101079
49.47	-24.96833374508257
49.480000000000004	-22.933545437728082
49.49	-23.600880873380042
49.5	-24.833660296278033
49.51	-22.991643906432707
49.52	-20.62365379868076
49.53	-17.658730328461175
49.54	-16.834601123895073
49.550000000000004	-13.872539599288332
49.56	-17.872859474796748
49.57	-16.841725038926683
49.58	-16.61753152100631
49.59	-18.23414104868304
49.6	-17.138309790184962
49.61	-14.443183110252862
49.620000000000005	-12.779493437011944
49.63	-18.903010068112447
49.64	-15.340954810717198
49.65	-12.125659324334013
49.660000000000004	-11.593784851936906
49.67	-9.975517376538464
49.68	-8.803077764660705
49.69	-9.370827480706476
49.7	-10.200694274386466
49.71	-8.682340723455592
49.72	-6.735554031350803
49.730000000000004	-3.8587507313748133
49.74	-1.8800972696167766
49.75	-2.3893425712961016
49.76	5.285391687244231
49.77	5.623252276126725
49.78	6.18634494228677
49.79	6.576167842108173
49.800000000000004	10.911951980753182
49.81	22.119892278279742
49.82	29.839017986258575
49.83	29.744327218460015
49.84	23.31657560257675
49.85	20.573464743013332
49.86	23.873930939310963
49.870000000000005	20.18225307282647
49.88	16.414524357071233
49.89	17.306033554465348
49.9	17.48862321919162
49.910000000000004	18.874784905649598
49.92	19.054968772713124
49.93	22.540505662407522
49.94	28.02887649638361
49.95	24.075189147742478
49.96	25.699114341863304
49.97	35.097899398055006
49.980000000000004	28.932193858645274
49.99	24.814316487029124
50.0	28.489445811478184
50.01	30.673765889788278
50.02	26.31059412942417
50.03	23.436961505131467
50.04	24.759245453493108
50.050000000000004	22.108636970932793
50.06	18.02736656244735
50.07	17.877795127705006
50.08	26.651646641457592
50.09	27.2564280470377
50.1	25.16264449625374
50.11	28.75977172317793
50.120000000000005	24.724258779112855
50.13	21.765449131242057
50.14	19.344889875542385
50.15	15.622744857731826
50.160000000000004	14.110507099445634
50.17	28.471716755050625
50.18	23.437287270485832
50.19	28.85671910469768
50.2	26.53531576678879
50.21	25.925065112840667
50.22	24.758385705922052
50.230000000000004	22.897233513779447
50.24	21.958543384097617
50.25	24.295925408230882
50.26	20.44554505969522
50.27	18.890582036879415
50.28	18.997629989409823
50.29	21.258786641029847
50.300000000000004	24.423589545789735
50.31	22.42158829842702
50.32	26.47071186952779
50.33	22.100309002540822
50.34	24.282516492533528
50.35	19.483004763396984
50.36	19.68865849308916
50.370000000000005	20.75887344459028
50.38	17.24192587851014
50.39	19.561397689207016
50.4	37.147609367523884
50.410000000000004	33.718396605931794
50.42	26.759881391801652
50.43	24.848683451755242
50.44	33.504010078334865
50.45	36.41379877118725
50.46	30.11273748162365
50.47	28.537690138288593
50.480000000000004	22.465053222707237
50.49	20.723372720507566
50.5	24.016382723693805
50.51	19.402093608940987
50.52	18.17206609692208
50.53	14.181376784388249
50.54	10.984625771921095
50.550000000000004	13.852227962917388
50.56	12.224093257329544
50.57	17.38109109197929
50.58	20.960047122387348
50.59	23.150918078465175
50.6	20.13240169559487
50.61	20.120821417088525
50.620000000000005	19.318924364611163
50.63	15.753836392260602
50.64	15.596849504031184
50.65	14.640483835598596
50.660000000000004	15.940294531789773
50.67	17.072685909205497
50.68	17.575417288138585
50.69	24.024485946898093
50.7	26.654738000791763
50.71	31.902745265428376
50.72	25.038993687797042
50.730000000000004	22.091610774428613
50.74	24.687312245220767
50.75	25.411742665749923
50.76	29.928963599219923
50.77	23.762567707663056
50.78	20.92440343292607
50.79	17.422524907055113
50.800000000000004	15.55889421033025
50.81	12.393827411110482
50.82	11.012534377588354
50.83	12.588426705982885
50.84	17.61387925441129
50.85	14.73159897529399
50.86	15.635345045756875
50.870000000000005	14.885140482350385
50.88	15.2636597021575
50.89	12.177618454510256
50.9	9.620309860942385
50.910000000000004	9.573417082623267
50.92	11.416782160922677
50.93	12.432850321947136
50.94	13.971326239123277
50.95	11.784073911888242
50.96	9.778184170267316
50.97	11.423103989767393
50.980000000000004	14.1382741157584
50.99	13.743141965163986
51.0	13.81780427221597
51.01	11.078787734613476
51.02	9.843609441930825
51.03	14.874240460740406
51.04	16.30439209407295
51.050000000000004	15.371029470879447
51.06	12.272340668373946
51.07	10.035348502916898
51.08	12.118105228368757
51.09	12.220990892879218
51.1	15.943953882450904
51.11	14.29539600185684
51.120000000000005	11.205186647913365
51.13	9.149664040006286
51.14	8.705360464194674
51.15	8.941928564675743
51.160000000000004	8.094720038749164
51.17	10.433501630278075
51.18	11.36082977683638
51.19	11.206047843109795
51.2	8.538533030642546
51.21	6.362585037400752
51.22	5.7013815772847005
51.230000000000004	4.254803893614781
51.24	4.2228968204213295
51.25	4.383701467450979
51.26	3.5171195603958525
51.27	7.010867536982982
51.28	16.17850465466342
51.29	17.97913841430216
51.300000000000004	20.222866164911128
51.31	20.167079144864747
51.32	29.772529121984537
51.33	28.809126358742613
51.34	30.22964221716892
51.35	32.90121202730847
51.36	29.47258262806176
51.370000000000005	23.71578466347584
51.38	21.45622235806198
51.39	16.758245713443333
51.4	16.906369625365485
51.410000000000004	14.328568879260487
51.42	18.897369055436485
51.43	16.4615022926981
51.44	19.48113831296783
51.45	17.231845277775925
51.46	28.94584775448521
51.47	23.260353650576935
51.480000000000004	22.99673835831062
51.49	22.492753603196917
51.5	23.437901263263928
51.51	23.612081915541665
51.52	19.508499120738136
51.53	21.713837553544163
51.54	20.198118713585117
51.550000000000004	33.589821536352524
51.56	37.72706696704454
51.57	34.1187318601578
51.58	37.60829309569608
51.59	38.77438384182293
51.6	33.95119629986883
51.61	35.22950723927225
51.620000000000005	33.000989826830825
51.63	28.072236451069568
51.64	30.53886985925381
51.65	24.693586900200877
51.660000000000004	25.448951338519645
51.67	26.404276904492743
51.68	22.152956720063536
51.69	19.970891030244974
51.7	15.428304492400846
51.71	11.42593254326604
51.72	13.318973679972883
51.730000000000004	13.953824480042437
51.74	16.838824200264206
51.75	16.568378111240932
51.76	14.362748459053835
51.77	13.378941486564717
51.78	13.910065836767604
51.79	12.429055823943566
51.800000000000004	14.8868024934335
51.81	12.857843103850492
51.82	17.918100216604746
51.83	18.217165970051365
51.84	21.88209023834888
51.85	16.84120083003145
51.86	14.656310242463494
51.870000000000005	12.539979178202309
51.88	18.946618298709378
51.89	21.988277141503204
51.9	24.040830909904766
51.910000000000004	22.168299129329398
51.92	18.932933846748007
51.93	16.928381276189945
51.94	20.208171600082686
51.95	18.250962605074147
51.96	26.03767941240034
51.97	28.051361799051072
51.980000000000004	23.660137969852105
51.99	30.10265875069755
52.0	30.33596301276047
52.01	30.24615731293118
52.02	30.530338027624413
52.03	29.20152882330864
52.04	31.643812649973906
52.050000000000004	25.04241517672074
52.06	22.915666615241015
52.07	24.799570529245223
52.08	22.548074663426053
52.09	21.155935236236264
52.1	20.206652653380623
52.11	17.309087304205462
52.120000000000005	13.989773046481814
52.13	18.631177602910988
52.14	23.587050938539395
52.15	21.704092885763888
52.160000000000004	22.035161743149484
52.17	18.57843397229533
52.18	19.219770983668997
52.19	17.803574893245532
52.2	14.40858673289336
52.21	14.366198632424032
52.22	19.157013670332876
52.230000000000004	24.22720006920429
52.24	18.912388820102464
52.25	16.775352831561513
52.26	14.807031663383748
52.27	14.778738465078865
52.28	24.247059772484466
52.29	22.717274205105234
52.300000000000004	19.920277563334604
52.31	21.19535321192685
52.32	19.8410094530465
52.33	16.31412661282737
52.34	16.18737124675472
52.35	16.336621596139103
52.36	15.17379169124084
52.370000000000005	14.489941861322288
52.38	15.922387045994672
52.39	16.551384896036016
52.4	13.544678192266352
52.410000000000004	13.057515083420755
52.42	14.19139796902032
52.43	11.92609815791757
52.44	15.680557843277352
52.45	14.99837599704826
52.46	12.02160824336526
52.47	13.569022101139716
52.480000000000004	11.76481791192806
52.49	18.396126046964746
52.5	15.490263771772565
52.51	14.823108980126266
52.52	14.15523112693699
52.53	14.212264384635974
52.54	16.7906966853296
52.550000000000004	13.163916701231184
52.56	21.792748424814437
52.57	19.674412442336205
52.58	16.069552012578377
52.59	16.283402778567005
52.6	13.734576104867463
52.61	18.497270028968174
52.620000000000005	16.48226526813456
52.63	15.632924409739717
52.64	12.844714814640835
52.65	12.940940367527553
52.660000000000004	17.05506793765167
52.67	21.64799024658701
52.68	20.494629391018957
52.69	17.81649200517426
52.7	24.821076934047316
52.71	22.336844319520754
52.72	24.606314067148222
52.730000000000004	31.376607284408976
52.74	29.722007894788376
52.75	29.608055722364117
52.76	28.458298858975525
52.77	26.768990750899434
52.78	23.804931337856654
52.79	18.983383465005634
52.800000000000004	21.602635446577587
52.81	21.810294952678273
52.82	23.461801624884256
52.83	25.0801738754039
52.84	25.25339996827993
52.85	31.029148114937602
52.86	24.44629690747559
52.870000000000005	21.704165332235807
52.88	16.875683646791583
52.89	13.471103714895415
52.9	14.446494498338465
52.910000000000004	14.565266311516764
52.92	11.762556561631987
52.93	9.601624025787752
52.94	12.978208770669495
52.95	10.827567043830348
52.96	8.353566699780965
52.97	9.740749695894865
52.980000000000004	11.929229391543197
52.99	15.776158472235633
53.0	14.481028163389066
53.01	13.573675475057144
53.02	14.555515359242845
53.03	11.726176023760136
53.04	12.000685432704817
53.050000000000004	10.50633144562689
53.06	9.039018235063777
53.07	9.243834105051677
53.08	10.607805755950992
53.09	10.221314656472895
53.1	9.537035968613974
53.11	9.661376481399115
53.120000000000005	9.466233368281937
53.13	8.725704874206444
53.14	8.725058970102422
53.15	8.135070400926452
53.160000000000004	8.897803940971789
53.17	7.202488066114046
53.18	6.112711791774655
53.19	6.319372350965314
53.2	3.908849112205575
53.21	4.2951494665902
53.22	3.202971094776612
53.230000000000004	4.351674133178422
53.24	5.7428962829191095
53.25	4.867289535963358
53.26	4.665981812702155
53.27	7.135956021145685
53.28	7.997782109310666
53.29	6.669315545257174
53.300000000000004	12.341114103570293
53.31	20.129763657812113
53.32	17.415842132795515
53.33	15.377474356770598
53.34	14.792939812927717
53.35	16.52760126101141
53.36	12.969028995367793
53.370000000000005	10.369639481318982
53.38	7.980811935619121
53.39	6.85498266969674
53.4	14.019031179925399
53.410000000000004	12.817332682828567
53.42	13.400672176309378
53.43	13.767711911805817
53.44	13.763510808921092
53.45	20.941453495444613
53.46	23.84625480920792
53.47	21.39761360509522
53.480000000000004	25.145592435761785
53.49	21.880776872272687
53.5	25.296314925874793
53.51	20.896271732450863
53.52	16.801242867856665
53.53	15.1814112441589
53.54	15.029934475134702
53.550000000000004	27.091324264480182
53.56	22.38249237191293
53.57	21.337878662751663
53.58	18.1106273795635
53.59	14.705012835064641
53.6	12.146766776295125
53.61	12.01983910090695
53.620000000000005	13.13943302484083
53.63	13.455839029292692
53.64	12.325191308463262
53.65	18.72717665912242
53.660000000000004	19.030754145009038
53.67	26.497238048002004
53.68	22.526074366578133
53.69	20.025162585367063
53.7	27.220648285188737
53.71	26.817832519224083
53.72	25.05311747322624
53.730000000000004	26.994666506575758
53.74	26.606316877644986
53.75	25.253500348615166
53.76	24.210034593870446
53.77	25.537477428329048
53.78	23.598788892540608
53.79	22.47311317310274
53.800000000000004	22.575912793715634
53.81	21.445435963635774
53.82	19.200907704766482
53.83	16.550983263226694
53.84	13.232554444835504
53.85	16.42274086227663
53.86	16.583463031404122
53.870000000000005	22.34585481140431
53.88	22.93684227164984
53.89	22.9366655001889
53.9	22.071530548490045
53.910000000000004	24.740009790250966
53.92	21.11123057613415
53.93	23.883392551168047
53.94	20.53140719734391
53.95	18.019034260108548
53.96	15.021136935556589
53.97	13.478222062216181
53.980000000000004	17.7968817260623
53.99	21.37315442409557
54.0	20.05022446851169
54.01	20.026765463163926
54.02	18.508362400903653
54.03	16.6882781662064
54.04	13.25614388800944
54.050000000000004	14.140864099184823
54.06	11.909045789267452
54.07	10.59822699447037
54.08	10.954548549772568
54.09	12.54005970126848
54.1	20.757070997685574
54.11	18.927890466429446
54.120000000000005	18.719509259262118
54.13	20.72531533693969
54.14	18.725267602012995
54.15	15.096396856478115
54.160000000000004	13.509141817093202
54.17	13.912236413471438
54.18	12.19992337142562
54.19	13.544553826258486
54.2	11.25060780525737
54.21	9.846530947485277
54.22	7.9959612956494075
54.230000000000004	8.10526891991335
54.24	15.06937482614588
54.25	11.750988762386644
54.26	12.211246705729591
54.27	9.723406590364265
54.28	6.614636102717606
54.29	4.1807810206834635
54.300000000000004	6.046125818206565
54.31	8.487002344178988
54.32	8.813207320353241
54.33	7.870550564068671
54.34	11.837675638783873
54.35	13.438534636899346
54.36	14.466996677801248
54.370000000000005	11.062773724656596
54.38	12.869214724392283
54.39	13.403935564089354
54.4	14.371314741927526
54.410000000000004	16.675570639844796
54.42	15.978572531873276
54.43	15.650714195144326
54.44	16.17893663943568
54.45	18.280936772796906
54.46	15.728974742504914
54.47	17.792265875697428
54.480000000000004	18.011939369237055
54.49	17.827992643076673
54.5	23.83964498030394
54.51	24.591261598716358
54.52	24.10668116750654
54.53	20.045574190074834
54.54	22.068363338429382
54.550000000000004	23.883834954228615
54.56	28.217922157905715
54.57	27.16603608870257
54.58	25.80158690697432
54.59	25.21166953282299
54.6	21.875076603461643
54.61	17.333870144925733
54.620000000000005	16.566730433465608
54.63	17.740413125162064
54.64	16.159856434893072
54.65	15.945401432705104
54.660000000000004	17.073952355154947
54.67	19.994062481540652
54.68	15.622451377476713
54.69	12.662925613852844
54.7	14.618165423272291
54.71	12.494100186766982
54.72	14.130513242777775
54.730000000000004	11.630647640704828
54.74	11.15983362987097
54.75	12.257501488073675
54.76	13.945987224706506
54.77	20.988803675909924
54.78	20.13384003442529
54.79	24.74943727089033
54.800000000000004	29.58265688003498
54.81	32.296149876861925
54.82	26.774237603338513
54.83	27.36892575914123
54.84	24.31403930804094
54.85	32.32707618990843
54.86	26.024172168501032
54.870000000000005	29.694463006463312
54.88	26.150049146391744
54.89	28.87769456617062
54.9	23.986163145589316
54.910000000000004	26.131059378581835
54.92	28.266870571874236
54.93	25.387236150460705
54.94	20.425638767335016
54.95	17.025788245623858
54.96	19.138385045262375
54.97	23.057835031714415
54.980000000000004	23.0494085777649
54.99	21.097939048155823
55.0	17.316723547599757
55.01	16.184012210799064
55.02	15.816704771632596
55.03	33.31094617398923
55.04	26.766988832324646
55.050000000000004	24.211025520706194
55.06	23.290360670177616
55.07	21.386982110336795
55.08	20.758396349337993
55.09	16.261239783334872
55.1	15.034562321099294
55.11	13.375659816416261
55.120000000000005	14.635456070515731
55.13	12.110387013316522
55.14	11.685925207148808
55.15	9.182199613398966
55.160000000000004	14.573392117669245
55.17	13.033672453722389
55.18	13.489775490144362
55.19	10.818314341962317
55.2	12.042770617678498
55.21	17.25443638303329
55.22	20.338478680728816
55.230000000000004	16.22374955383039
55.24	12.346208500557415
55.25	10.616674857512027
55.26	8.883664490431816
55.27	6.725386783276753
55.28	11.315976351849653
55.29	8.936630385005156
55.300000000000004	9.248641115345363
55.31	21.366624352990705
55.32	19.52982608865965
55.33	19.383791584626895
55.34	17.674106160746952
55.35	18.978857794007162
55.36	19.34163863215156
55.370000000000005	24.393273267835777
55.38	28.08778253607572
55.39	26.79267195667771
55.4	32.95814932696482
55.410000000000004	31.56023657004585
55.42	37.79974239769922
55.43	32.689045627837544
55.44	32.3723225877428
55.45	25.808651744661628
55.46	24.83187457614952
55.47	24.733389284902195
55.480000000000004	19.63564058917222
55.49	18.1763936626469
55.5	16.951822949250268
55.51	13.53031881948958
55.52	10.481523006628853
55.53	16.86317317283475
55.54	18.142872515835645
55.550000000000004	26.2563027734906
55.56	21.869724369053372
55.57	22.0063457728903
55.58	19.615413352193286
55.59	23.838277052223166
55.6	26.361988122823316
55.61	23.468177114228705
55.620000000000005	19.400609000625206
55.63	19.325888451152164
55.64	15.323400336315045
55.65	13.95840702488458
55.660000000000004	12.708151198669272
55.67	10.391792655776886
55.68	9.967785633933149
55.69	8.745065592113546
55.7	8.66295476174036
55.71	10.649011356569204
55.72	9.548007027683743
55.730000000000004	17.093299556477902
55.74	15.796116899725384
55.75	19.747706920610856
55.76	17.883031012447837
55.77	23.992629827024505
55.78	23.067026747883496
55.79	27.372064485045172
55.800000000000004	23.889099240175256
55.81	20.00000378255012
55.82	21.53069404557213
55.83	23.076181804367774
55.84	21.906130369427153
55.85	17.49535518460312
55.86	21.496302462929947
55.870000000000005	17.646643527069283
55.88	18.372192504674363
55.89	18.6846477471143
55.9	28.018186854340055
55.910000000000004	23.635540143163745
55.92	22.61221934705247
55.93	24.293789340488058
55.94	24.912334151682177
55.95	23.491120144113108
55.96	29.18130555146887
55.97	24.75444853482861
55.980000000000004	23.574386966175645
55.99	23.643512646521433
56.0	21.45135075492463
56.01	28.505792685963257
56.02	22.53160188294289
56.03	18.532424931900778
56.04	17.91395687694704
56.050000000000004	17.938236481929124
56.06	16.037418659724864
56.07	13.292278166248202
56.08	12.523056848815326
56.09	9.593130271888404
56.1	9.850084478655669
56.11	11.893097241132159
56.120000000000005	11.38559216857582
56.13	18.20065842822443
56.14	16.722323855819138
56.15	16.443075956267755
56.160000000000004	16.421450887839764
56.17	23.33556059041625
56.18	22.891298600817553
56.19	18.74555879621114
56.2	20.10027285698721
56.21	20.35369865567185
56.22	19.391364815232457
56.230000000000004	17.462948911433323
56.24	13.764291452497623
56.25	11.232482686511219
56.26	10.951599435855718
56.27	12.151962246929376
56.28	14.528503144135616
56.29	16.734212719959086
56.300000000000004	19.822970523641704
56.31	20.109044598025235
56.32	20.704276565141193
56.33	31.19770036352813
56.34	34.3711712614013
56.35	34.345923072883856
56.36	30.442867763738253
56.370000000000005	25.521062387936606
56.38	20.84157975599576
56.39	18.0694685667531
56.4	19.0592148025555
56.410000000000004	15.320672980805139
56.42	16.680431330713315
56.43	13.829417386913688
56.44	26.03538125755136
56.45	27.818828793314847
56.46	27.25460230347689
56.47	21.75231279228821
56.480000000000004	19.64411585105304
56.49	19.092686081379888
56.5	16.608035800818477
56.51	19.57525481840277
56.52	19.995593248916805
56.53	30.099091016083868
56.54	26.101627040085653
56.550000000000004	24.048817241398144
56.56	21.29749577087714
56.57	16.846903106154336
56.58	14.624755439754898
56.59	15.54719247942258
56.6	17.846396241251835
56.61	16.417237108864136
56.620000000000005	16.380358744856956
56.63	19.439653324823016
56.64	17.124375083821047
56.65	16.90443570150557
56.660000000000004	13.658964511372936
56.67	10.543176618140068
56.68	8.692548236820894
56.69	6.664194163747445
56.7	5.400103028928174
56.71	8.48993974182985
56.72	9.013902350754034
56.730000000000004	10.159275966474596
56.74	8.330136546123153
56.75	7.90932612667928
56.76	7.870701980578927
56.77	8.832077141478994
56.78	7.4319683399212915
56.79	6.993600668912965
56.800000000000004	5.970011424614121
56.81	6.7223435510527185
56.82	9.781016269330756
56.83	13.806960666629061
56.84	20.78436234448026
56.85	17.83779556947624
56.86	29.070841275977827
56.870000000000005	23.59656764806244
56.88	23.56839413158144
56.89	21.7393471250714
56.9	20.573500039012806
56.910000000000004	20.20037317033584
56.92	24.914531394033226
56.93	21.603632749756603
56.94	20.395760078627156
56.95	19.43695500821702
56.96	22.6418790236566
56.97	36.81529941957341
56.980000000000004	34.583992327862774
56.99	29.9308631092699
57.0	28.9225831285272
57.01	26.059194517971008
57.02	26.067032483903812
57.03	24.13908548159697
57.04	20.2694671100015
57.050000000000004	16.37690126866044
57.06	15.790708649923126
57.07	12.723952977620183
57.08	13.171188449102711
57.09	10.595310511521738
57.1	11.132129292406567
57.11	17.754675629139303
57.120000000000005	17.10307783924754
57.13	14.722833347262997
57.14	11.632485956441592
57.15	8.703209341702483
57.160000000000004	12.512221612741044
57.17	11.445844244868436
57.18	10.653730966738499
57.19	14.428987444973684
57.2	12.87146153178967
57.21	15.186994325472856
57.22	14.267994435812188
57.230000000000004	14.093279138911585
57.24	14.426916044741985
57.25	14.634713849803104
57.26	23.045506075515704
57.27	21.173872314504727
57.28	21.631174423749556
57.29	24.50617393496669
57.300000000000004	28.10268685315651
57.31	32.20148969104162
57.32	27.175040397679258
57.33	26.654699617609896
57.34	23.10389936395555
57.35	21.874107714041422
57.36	24.750236903677383
57.370000000000005	20.92828566209817
57.38	17.38144503602106
57.39	19.721705354515933
57.4	20.793773141845175
57.410000000000004	24.181233772426655
57.42	24.313084508919548
57.43	21.558926810839047
57.44	18.628574276906917
57.45	21.48634908639496
57.46	21.663462066167874
57.47	24.310039297408522
57.480000000000004	20.067927235560433
57.49	19.449785454814844
57.5	20.024271859457734
57.51	20.93015119840309
57.52	17.373394015311245
57.53	14.564995604241531
57.54	11.232843333729997
57.550000000000004	9.508693129684776
57.56	7.970935674943924
57.57	8.696391839904663
57.58	7.208719918249026
57.59	5.736054075548263
57.6	5.823659169135814
57.61	5.702719707120017
57.620000000000005	18.420315992770846
57.63	17.553852664484374
57.64	22.593737998479092
57.65	17.818546356817144
57.660000000000004	23.856943758753488
57.67	18.96141837559719
57.68	17.269296972196084
57.69	16.573344410704678
57.7	14.916248674223986
57.71	16.740071939350162
57.72	17.004819310929634
57.730000000000004	14.908330071262236
57.74	13.482344246500533
57.75	19.88890994752982
57.76	26.854548986985748
57.77	25.513909863179578
57.78	20.266369092249107
57.79	17.29980680372488
57.800000000000004	18.21583222255648
57.81	20.425697770345234
57.82	26.234954553931505
57.83	22.993310371110052
57.84	18.662782792703627
57.85	15.95153151204173
57.86	19.692110188747808
57.870000000000005	20.296295280598542
57.88	23.080902100128437
57.89	20.027135010257325
57.9	15.712415237050404
57.910000000000004	16.043377792153024
57.92	20.92665947903763
57.93	26.47345011800616
57.94	22.026804219761793
57.95	21.20370204235104
57.96	28.481153955843226
57.97	23.5787742037125
57.980000000000004	21.348433301952493
57.99	18.88860344065072
58.0	21.48082498292283
58.01	18.92864558487674
58.02	23.30454534789102
58.03	21.98503148732084
58.04	25.42621703109639
58.050000000000004	29.53298351084547
58.06	23.31427936512097
58.07	20.13680073386291
58.08	17.369032876460636
58.09	14.656604842572953
58.1	14.078044894641222
58.11	14.170123303488431
58.120000000000005	18.874790287695124
58.13	17.078221672132596
58.14	19.12161566869141
58.15	17.06799784386104
58.160000000000004	17.70978110594685
58.17	21.596155585863432
58.18	21.663365431957864
58.19	25.214336293512616
58.2	29.937372684602412
58.21	37.57911646767767
58.22	34.66333920941254
58.230000000000004	36.86652258801208
58.24	30.85560605086836
58.25	26.481432879621085
58.26	37.72835732462309
58.27	40.7078910321811
58.28	36.011502254008185
58.29	30.914080993136604
58.300000000000004	31.81402497039486
58.31	25.989338973400514
58.32	22.38327023338845
58.33	27.079822416336945
58.34	25.018397035949544
58.35	25.81173773026322
58.36	22.87639969916046
58.370000000000005	26.69038460095319
58.38	28.9152092039846
58.39	23.38788866236234
58.4	22.749350638767602
58.410000000000004	21.103372422953782
58.42	34.23683050783648
58.43	27.09060403651027
58.44	21.43126120560309
58.45	19.399258613593133
58.46	18.15529878251721
58.47	16.365574999962394
58.480000000000004	22.17794155023739
58.49	19.732812022316367
58.5	17.133140051603917
58.51	16.696042878134946
58.52	18.029089688126035
58.53	20.82523455392152
58.54	22.88234053672048
58.550000000000004	19.85707498481683
58.56	26.407432342983007
58.57	26.470026696608592
58.58	28.21799772975551
58.59	25.26188871390568
58.6	25.21407072331092
58.61	36.71302193587778
58.620000000000005	37.187776495700824
58.63	33.844452845094
58.64	30.088433758514338
58.65	31.086734004041357
58.660000000000004	31.726493221742107
58.67	29.7133054127779
58.68	26.240048010930124
58.69	21.68895926677641
58.7	22.183694526178368
58.71	24.048186471359976
58.72	31.363133820001416
58.730000000000004	25.316244822666082
58.74	24.061624546107726
58.75	29.006432289235203
58.76	26.2385071333913
58.77	23.88673357358647
58.78	19.093686596898248
58.79	17.48656094570404
58.800000000000004	17.86596906600457
58.81	20.543668327889822
58.82	20.32470487297416
58.83	17.078085985237234
58.84	17.70193177422742
58.85	14.489978594094639
58.86	17.273736887740597
58.870000000000005	30.24236381485795
58.88	24.95829334750858
58.89	25.83206550828269
58.9	24.523175728996275
58.910000000000004	19.248328811597286
58.92	15.735298311308322
58.93	14.26669897359938
58.94	14.560802373286538
58.95	16.89083655577708
58.96	17.87805033245287
58.97	17.386056332784886
58.980000000000004	16.667001236422735
58.99	20.547177829990947
59.0	27.05633727087445
59.01	27.019298022434544
59.02	26.510691348830253
59.03	31.399942956875286
59.04	24.85642921722348
59.050000000000004	27.125195264870452
59.06	27.013928456087708
59.07	24.26748686702492
59.08	22.141469840560482
59.09	27.59506554539977
59.1	25.62117268538544
59.11	24.906997050403657
59.120000000000005	23.018808136729135
59.13	18.865134366394322
59.14	16.346005201481333
59.15	18.216031121214186
59.160000000000004	17.545885661891592
59.17	13.77463587674234
59.18	10.992033482647605
59.19	10.259498722778455
59.2	11.840552899247564
59.21	12.418240554643356
59.22	13.325052762467879
59.230000000000004	22.20550007265072
59.24	20.921927919258717
59.25	28.27181287487274
59.26	34.781495243316826
59.27	36.73086995291761
59.28	29.67009143796095
59.29	26.944123957449357
59.300000000000004	26.23106102713693
59.31	21.316594277179306
59.32	17.89753891320102
59.33	14.550105233454055
59.34	25.571818692361667
59.35	25.680825895417733
59.36	24.684444034764322
59.370000000000005	22.231211419618507
59.38	18.147630895084543
59.39	14.295238011714742
59.4	13.799587943244214
59.410000000000004	13.830895095690394
59.42	15.625532986604016
59.43	15.5397869723575
59.44	23.98617080011402
59.45	20.969327396116583
59.46	17.838005416899758
59.47	22.434385405265964
59.480000000000004	22.729660951467242
59.49	29.315967497077807
59.5	23.079125000312185
59.51	19.124728757169265
59.52	16.51236848196147
59.53	14.736989127513343
59.54	17.90963666013732
59.550000000000004	18.300396614972453
59.56	17.290141022067864
59.57	13.359313953481513
59.58	12.201401818180868
59.59	16.399200736874896
59.6	20.675307824758235
59.61	17.60371494707833
59.620000000000005	18.44869235141355
59.63	15.681957789487235
59.64	18.569980994385503
59.65	21.19612680938244
59.660000000000004	18.85333661160897
59.67	18.939169731592585
59.68	23.245906020737475
59.69	21.466298549929743
59.7	19.00867366555833
59.71	15.28799619648057
59.72	12.71969882942477
59.730000000000004	11.322547924660658
59.74	13.975568119146601
59.75	14.335955304239684
59.76	14.327838075489769
59.77	12.567037400360942
59.78	11.38846235155873
59.79	11.174436119736242
59.800000000000004	8.327084276481262
59.81	6.3184693763324
59.82	9.69067451590404
59.83	17.405014319563865
59.84	24.387988714815158
59.85	23.382489304027793
59.86	25.522844815509632
59.870000000000005	22.478955164956076
59.88	21.978649024871924
59.89	23.49077700135213
59.9	20.106809689677295
59.910000000000004	16.141534282879316
59.92	14.592616334297219
59.93	17.01540292235234
59.94	13.904821982920815
59.95	12.110095178994436
59.96	13.193286621001374
59.97	12.870086858368916
59.980000000000004	11.97036665794616
59.99	19.349078317377533
60.0	16.79595431765069
60.01	14.871245546805767
60.02	18.993575576130883
60.03	23.1612057761499
60.04	24.788142325181354
60.050000000000004	19.941642905144285
60.06	17.159281870765607
60.07	19.10072000521436
60.08	22.148507757871354
60.09	17.367049030755503
60.1	15.447069904571602
60.11	12.124943839778064
60.120000000000005	9.530190945730961
60.13	9.885999393005461
60.14	13.235561366165822
60.15	9.928230069430844
60.160000000000004	10.486107098144156
60.17	7.70141454531336
60.18	6.381929917978913
60.19	5.682748669811548
60.2	5.84090133308871
60.21	7.023634339310012
60.22	13.507256189133265
60.230000000000004	13.313655743979712
60.24	16.786844893233955
60.25	18.93407034188315
60.26	20.36368217363282
60.27	15.823669645519809
60.28	16.196169656374146
60.29	16.74372114290825
60.300000000000004	14.27327758583384
60.31	17.264621397702992
60.32	13.192191340738065
60.33	12.008798018626575
60.34	19.862664372493445
60.35	16.16522532099124
60.36	17.477272850051534
60.370000000000005	21.103544383428503
60.38	21.38240358108259
60.39	22.28830977303495
60.4	27.20944092250575
60.410000000000004	25.343760546927392
60.42	27.710641673000275
60.43	23.727019202780117
60.44	21.66560402832094
60.45	30.310487964949854
60.46	31.355354620866493
60.47	29.854011451529196
60.480000000000004	31.249146723492533
60.49	27.918089058148635
60.5	29.943959384388965
60.51	25.343435080744122
60.52	28.484951796089685
60.53	26.79618891320756
60.54	32.5978897761686
60.550000000000004	29.671860052089617
60.56	27.54184792111241
60.57	25.566603826280836
60.58	28.060377380646145
60.59	24.68141092633613
60.6	23.268157945546207
60.61	18.28458684617126
60.620000000000005	19.03446531478783
60.63	20.458383151396696
60.64	21.836405074230285
60.65	20.97057687906725
60.660000000000004	25.913883499985655
60.67	27.240984531514496
60.68	25.71739968469283
60.69	29.185913307567834
60.7	30.01595529072542
60.71	37.214814513708475
60.72	35.89779104209762
60.730000000000004	31.82940156099917
60.74	28.030054178094915
60.75	27.773405984538137
60.76	26.283708522482605
60.77	23.006604277005298
60.78	26.466259393827812
60.79	21.917984238129545
60.800000000000004	18.568340695125787
60.81	15.446176664770968
60.82	15.23884133384974
60.83	20.081799560993165
60.84	17.71702519706124
60.85	20.95580484596199
60.86	34.150427686947666
60.870000000000005	35.37577097456301
60.88	35.879277574017514
60.89	30.08570831394156
60.9	25.898056893205414
60.910000000000004	23.354426522760985
60.92	19.31455734872838
60.93	18.217251217327924
60.94	26.57577407617312
60.95	31.609743768346263
60.96	33.575258508576105
60.97	27.547431876597653
60.980000000000004	22.65367673497436
60.99	20.331718635680364
61.0	27.593838927330182
61.01	22.36406936876228
61.02	24.517265842898404
61.03	24.251645135661025
61.04	19.786141464935486
61.050000000000004	21.49039989657825
61.06	22.71983057947995
61.07	20.291558582960057
61.08	19.615539325745598
61.09	16.73518613106776
61.1	20.128177281554812
61.11	34.20454763629145
61.120000000000005	28.619505599236415
61.13	30.493114161802893
61.14	25.8019832258481
61.15	20.383940648614594
61.160000000000004	20.770319017578633
61.17	25.353046807071337
61.18	25.276906712134814
61.19	30.244309326425892
61.2	26.54924237308963
61.21	24.20043267465861
61.22	28.035158050416612
61.230000000000004	22.15642225286227
61.24	17.441926723914182
61.25	14.038706965762136
61.26	11.33168551244749
61.27	10.72371947005069
61.28	8.299323077559372
61.29	9.832008058865869
61.300000000000004	16.66317434900315
61.31	19.87085976247922
61.32	19.96574055323244
61.33	18.398073397898443
61.34	15.638039795204056
61.35	20.530635739367366
61.36	20.94828002973534
61.370000000000005	20.35350503040591
61.38	20.649242726510867
61.39	18.08777006563498
61.4	14.66363547722904
61.410000000000004	11.764522282774838
61.42	11.781319631648856
61.43	10.007639407860538
61.44	9.858284249610383
61.45	11.128416141011513
61.46	14.188890703842535
61.47	13.80332848857418
61.480000000000004	15.032411231855194
61.49	15.90036390469198
61.5	13.593600895819845
61.51	13.898314138016417
61.52	17.430140539509352
61.53	20.157524792425928
61.54	23.837264852807692
61.550000000000004	23.50306969263662
61.56	24.663524564303668
61.57	20.755831995362556
61.58	25.591208069704436
61.59	25.651156877709838
61.6	28.168158249074462
61.61	26.416940424179018
61.620000000000005	28.2025381948946
61.63	29.037517118981576
61.64	23.23824006435508
61.65	19.922809835320255
61.660000000000004	25.978427940677474
61.67	23.63784622080514
61.68	22.27368945340056
61.690000000000005	22.5309586551479
61.7	17.883781099898854
61.71	16.470639654103895
61.72	21.141206242352265
61.730000000000004	18.579651345470644
61.74	21.898613962161797
61.75	22.272515423921785
61.76	22.295160002717914
61.77	21.25551137474357
61.78	20.255468409952638
61.79	20.556155223482936
61.800000000000004	21.443034564212134
61.81	16.70600873226512
61.82	14.474840948950831
61.83	16.821063571409077
61.84	22.56488343206891
61.85	22.722411862122375
61.86	26.51289200373153
61.870000000000005	30.903082314964788
61.88	27.59121005398309
61.89	24.072070754980054
61.9	18.388366759695717
61.910000000000004	15.422761832387597
61.92	13.35535035577599
61.93	15.067737823338753
61.940000000000005	11.649714467865492
61.95	9.745360629769143
61.96	13.244002254947262
61.97	19.282745213154122
61.980000000000004	20.31813584590222
61.99	18.550497130957808
62.0	17.579847754310432
62.01	17.434968499305835
62.02	15.594933766272847
62.03	21.86643110750087
62.04	19.16535098482712
62.050000000000004	17.47666038153954
62.06	21.32309956654229
62.07	22.513884307157046
62.08	22.697101198493673
62.09	18.978238340274142
62.1	22.974670967723625
62.11	26.29766569558127
62.120000000000005	27.25962831382815
62.13	21.372077417773394
62.14	19.60871172104828
62.15	17.2328025843024
62.160000000000004	13.965636006489277
62.17	12.8959807099623
62.18	12.35428228534725
62.190000000000005	14.806644178793805
62.2	14.713976391704284
62.21	15.668722159364775
62.22	17.976009987547908
62.230000000000004	15.42768534452505
62.24	13.500766457588274
62.25	10.33294018722789
62.26	8.66168566465682
62.27	7.00202613908553
62.28	7.37139862851414
62.29	17.129055066178278
62.300000000000004	13.847442065963513
62.31	21.68087492944813
62.32	26.418206671166057
62.33	27.182368717153455
62.34	22.588128225685217
62.35	23.08318937475809
62.36	18.220819863376164
62.370000000000005	14.880932762591199
62.38	13.36354515678443
62.39	12.479548784539727
62.4	15.85014094539264
62.410000000000004	19.04128007276315
62.42	19.331591442785104
62.43	22.512940008885593
62.440000000000005	19.265081823053176
62.45	16.238674200879455
62.46	15.410688482046984
62.47	17.74115192070764
62.480000000000004	17.79831741133995
62.49	21.094434137397545
62.5	18.991555914018505
62.51	19.86504964587925
62.52	15.728964432226668
62.53	22.156674950155963
62.54	17.651441003149344
62.550000000000004	17.45840408221657
62.56	17.310703018531015
62.57	17.086024717860656
62.58	18.88595508464799
62.59	19.196349840552834
62.6	23.05536969348215
62.61	21.38572302979267
62.620000000000005	24.559485110363322
62.63	19.78153451637197
62.64	17.685091405711
62.65	16.96665629313111
62.660000000000004	14.159024464591914
62.67	12.629193563750688
62.68	15.384328745126238
62.690000000000005	16.53978063740989
62.7	15.082880755122908
62.71	19.98556856517766
62.72	18.894651347377987
62.730000000000004	15.524315117513012
62.74	19.89011307814016
62.75	19.240507214020095
62.76	23.075903063672566
62.77	27.83423442263391
62.78	23.36021352447539
62.79	23.19983910745825
62.800000000000004	22.182805274002792
62.81	21.90076366765647
62.82	23.8401824915197
62.83	20.376202483313456
62.84	19.60950031041599
62.85	23.43109759771312
62.86	26.678437254907315
62.870000000000005	28.60233353576685
62.88	33.35993705385941
62.89	29.044864665546953
62.9	31.88091212960551
62.910000000000004	25.158174335699425
62.92	22.613647378207382
62.93	26.089343064224078
62.940000000000005	24.59779728494201
62.95	19.87721084081494
62.96	17.098501592843363
62.97	15.788281432538232
62.980000000000004	15.116123034393366
62.99	17.05399325955817
63.0	15.549323972397913
63.01	16.444238760522925
63.02	16.90157077921754
63.03	17.07039419209911
63.04	15.184453926279003
63.050000000000004	11.674024159186114
63.06	7.916051127780634
63.07	5.261463427823567
63.08	3.926708700852065
63.09	1.7432818530722856
63.1	2.0351299460853207
63.11	0.9701844325425787
63.120000000000005	0.16903475190179446
63.13	-0.5783980324322714
63.14	4.180492152932234
63.15	1.8520076599996236
63.160000000000004	3.3870710313283627
63.17	3.7696999343470847
63.18	3.052426881850029
63.190000000000005	2.1913500953691925
63.2	1.0250775531368963
63.21	0.35830612758631736
63.22	-0.18479369706117785
63.230000000000004	-5.7552539268704015
63.24	-6.179401932188523
63.25	-15.806695518599275
63.26	-19.906368379953104
63.27	-20.00999244031045
63.28	-19.62483212165418
63.29	-30.77340248198711
63.300000000000004	-30.669184580225366
63.31	-30.662120578085663
63.32	-26.81041235237461
63.33	-26.341677576747376
63.34	-28.640735559635583
63.35	-33.29894480146448
63.36	-30.858840406732163
63.370000000000005	-24.225065931867807
63.38	-22.05636930908581
63.39	-26.656873154663153
63.4	-24.11325774332656
63.410000000000004	-23.61866606559161
63.42	-23.599456188916875
63.43	-28.876619348993266
63.440000000000005	-30.523250554715464
63.45	-29.073613221707703
63.46	-30.390998408999764
63.47	-33.18618559003533
63.480000000000004	-27.494493009950396
63.49	-26.32934273290471
63.5	-24.379125378830736
63.51	-21.584387362931924
63.52	-18.000302119693103
63.53	-18.045366930429015
63.54	-16.066943166521554
63.550000000000004	-15.599987372609622
63.56	-13.779577920297296
63.57	-14.745865850638115
63.58	-13.631876968815961
63.59	-17.017283155278168
63.6	-19.487110725027936
63.61	-19.651507438661465
63.620000000000005	-30.48512662903989
63.63	-31.015166782121657
63.64	-24.787483810604623
63.65	-21.726122383253934
63.660000000000004	-18.93973253620282
63.67	-23.293494946331045
63.68	-37.39534292597146
63.690000000000005	-32.735786267462174
63.7	-33.24353582024075
63.71	-26.69498963264942
63.72	-24.248006102015978
63.730000000000004	-29.696926938907378
63.74	-30.29892478110417
63.75	-31.102710486392777
63.76	-39.23177850382117
63.77	-31.889354246105334
63.78	-28.30038198051363
63.79	-24.170005599504496
63.800000000000004	-24.92649306722174
63.81	-23.274394865768816
63.82	-20.12413417765358
63.83	-22.971123197579246
63.84	-26.64206006462218
63.85	-20.6917544960707
63.86	-18.49737630762163
63.870000000000005	-21.596524793065228
63.88	-21.13036683470828
63.89	-17.310143979751096
63.9	-17.013725827772795
63.910000000000004	-13.224318973873697
63.92	-12.138918385345724
63.93	-13.235929114369819
63.940000000000005	-12.713587953880454
63.95	-11.006935175147571
63.96	-10.500228853296525
63.97	-14.709798360414096
63.980000000000004	-13.130419022318565
63.99	-12.904338133418662
64.0	-18.7405091082171
64.01	-21.048603961213832
64.02	-19.187596876776066
64.03	-16.574946113416367
64.04	-18.83773755253981
64.05	-16.138075307950853
64.06	-20.20767182886173
64.07000000000001	-18.332980816581905
64.08	-15.189756096388383
64.09	-14.282973367076318
64.1	-26.070756675655122
64.11	-32.3829673822802
64.12	-33.532427862446795
64.13	-29.489361784658033
64.14	-31.84748979405641
64.15	-34.956683778279505
64.16	-32.694010400395555
64.17	-25.75943583081788
64.18	-20.282133177876286
64.19	-17.20472178269091
64.2	-13.817077944570503
64.21000000000001	-11.794020013744952
64.22	-14.98828231230735
64.23	-14.102391018493746
64.24	-17.938499942752546
64.25	-19.835344426388897
64.26	-16.14042777624648
64.27	-14.630699503087786
64.28	-12.434912727961994
64.29	-14.40310958539635
64.3	-14.180765951484037
64.31	-19.874676145362653
64.32000000000001	-20.925772465083014
64.33	-26.656039336741582
64.34	-29.32625130646596
64.35	-24.303680688065974
64.36	-26.25752890068403
64.37	-23.365434977713463
64.38	-24.350472262557016
64.39	-20.371943806719017
64.4	-16.50263330070148
64.41	-14.16145414571315
64.42	-19.295688255656245
64.43	-21.923539789840664
64.44	-21.13150583973226
64.45	-19.60498876688568
64.46000000000001	-17.5376174936642
64.47	-18.431841204292358
64.48	-18.685562205562157
64.49	-22.11880790678224
64.5	-26.859769244938054
64.51	-29.867838974149347
64.52	-31.410026449144205
64.53	-29.72726220771907
64.54	-23.656191553679196
64.55	-21.475900921753414
64.56	-24.985490130043722
64.57000000000001	-20.348848401789997
64.58	-15.852452797144753
64.59	-13.032165234891524
64.6	-12.728384177249321
64.61	-12.375153134251601
64.62	-12.680497386592592
64.63	-17.782414670985403
64.64	-16.88648011011551
64.65	-16.44460932578916
64.66	-19.20527585905393
64.67	-15.70058076941436
64.68	-12.839545249045717
64.69	-10.895843929978254
64.7	-12.05072315149388
64.71000000000001	-21.950184560079684
64.72	-19.051180340326695
64.73	-14.873603464351243
64.74	-11.60840263568292
64.75	-13.17342736904741
64.76	-14.272684042267146
64.77	-24.802688147487917
64.78	-25.191333862220453
64.79	-23.553620039933914
64.8	-19.194011008903
64.81	-23.07236097176538
64.82000000000001	-22.937724295577716
64.83	-31.124523260019526
64.84	-24.935229461246383
64.85	-25.289436505280484
64.86	-24.58573482935718
64.87	-24.33883296047364
64.88	-22.195186952919247
64.89	-21.437286369596702
64.9	-25.744868356548206
64.91	-20.680301250460666
64.92	-23.283188878125255
64.93	-24.7560092925555
64.94	-21.95308710984849
64.95	-23.505241423495107
64.96000000000001	-19.1415360031376
64.97	-19.357616075554088
64.98	-16.271742565250364
64.99	-14.664186837160033
65.0	-13.649559537195874
65.01	-18.141614833704665
65.02	-16.33275301157143
65.03	-18.389736644997527
65.04	-19.714624477296805
65.05	-16.637092630788935
65.06	-15.324501611396991
65.07000000000001	-17.840334969319322
65.08	-14.912235969617017
65.09	-15.895785876036202
65.1	-18.077536541680427
65.11	-19.64644725267507
65.12	-17.045156894983684
65.13	-18.17636454414331
65.14	-16.66443267809426
65.15	-16.614052125210815
65.16	-15.921883051913335
65.17	-20.888311693734362
65.18	-16.865629280636366
65.19	-17.877152072076182
65.2	-16.917706827255945
65.21000000000001	-26.35647976177079
65.22	-23.798361005734638
65.23	-21.092170395602796
65.24	-18.298125167458252
65.25	-14.198608527568327
65.26	-11.239353592644894
65.27	-8.773380199999153
65.28	-7.70547471662359
65.29	-7.649765577362112
65.3	-6.674472381713925
65.31	-9.073126643328466
65.32000000000001	-11.339054676699984
65.33	-11.94850010545917
65.34	-12.203533246626481
65.35	-9.374829638699463
65.36	-11.87766958051293
65.37	-20.420187696920234
65.38	-21.547387857956224
65.39	-16.967903692219537
65.4	-14.828626748088508
65.41	-14.887713791055207
65.42	-14.43771146883589
65.43	-13.074955151885455
65.44	-10.853224869231783
65.45	-8.418424878482714
65.46000000000001	-8.041092563711132
65.47	-13.208647211699263
65.48	-10.472556195510835
65.49	-8.65832972097031
65.5	-7.29523075102505
65.51	-10.226330369444653
65.52	-8.062771899569837
65.53	-8.522108079719736
65.54	-10.97373458388817
65.55	-9.008801831931335
65.56	-9.47058052794936
65.57000000000001	-13.507287435813398
65.58	-18.211064784650606
65.59	-15.429494670797553
65.6	-14.583990422655344
65.61	-11.70122725150739
65.62	-9.111023444312258
65.63	-7.464393571823989
65.64	-7.004996338956252
65.65	-8.14463217900756
65.66	-11.198004379276401
65.67	-14.7858717999538
65.68	-14.726543899490594
65.69	-16.08552272957875
65.7	-14.730520113675194
65.71000000000001	-14.115514893562928
65.72	-13.880956141450646
65.73	-15.276465321849859
65.74	-13.89350221676212
65.75	-13.388513074565202
65.76	-15.369017571887465
65.77	-16.506046550594473
65.78	-17.809190967761634
65.79	-15.633275911182578
65.8	-15.152680689174034
65.81	-11.97853693573811
65.82000000000001	-10.866731995946303
65.83	-11.017266172663916
65.84	-9.373069077531179
65.85	-11.0561291719512
65.86	-11.795287029586403
65.87	-10.419184426303836
65.88	-11.682848907551586
65.89	-11.060892254052202
65.9	-16.509165127471274
65.91	-16.254198600715146
65.92	-12.769560085695511
65.93	-12.613938666298713
65.94	-10.986480413720752
65.95	-9.569325837310803
65.96000000000001	-9.666624013301035
65.97	-7.581323916346466
65.98	-9.109657951857475
65.99	-15.341233626630334
66.0	-17.664751803428032
66.01	-16.681359870332805
66.02	-19.57699423859993
66.03	-24.329330781914333
66.04	-18.829733993164353
66.05	-15.129004026206323
66.06	-11.884019163903055
66.07000000000001	-9.536806351669822
66.08	-12.7482141649269
66.09	-13.388319667478578
66.1	-12.807992430779358
66.11	-15.658837555501744
66.12	-12.63373650193479
66.13	-13.93120369184101
66.14	-16.408622411119055
66.15	-15.880521249862928
66.16	-13.934658660549516
66.17	-14.513339891711503
66.18	-20.09658577562767
66.19	-15.98597290998244
66.2	-21.51270847282219
66.21000000000001	-25.592827603470294
66.22	-28.746210826273252
66.23	-22.929838220028994
66.24	-17.998661455354824
66.25	-16.70840497134692
66.26	-18.277768496926225
66.27	-18.20109806191661
66.28	-20.107485360317508
66.29	-21.68379133839359
66.3	-26.65022266779299
66.31	-29.013232815100057
66.32000000000001	-27.13612040904213
66.33	-21.683068808234882
66.34	-19.795243466231717
66.35	-23.68981276844477
66.36	-21.36759600648905
66.37	-20.995565818054207
66.38	-32.40096673918259
66.39	-30.636349898382093
66.4	-37.39328033903771
66.41	-33.51828884641539
66.42	-28.414950003772233
66.43	-23.10077391485745
66.44	-20.057097467606468
66.45	-23.03650946392089
66.46000000000001	-22.17337275868552
66.47	-21.457553881787543
66.48	-22.91969951982697
66.49	-21.829013467912908
66.5	-20.0656993434721
66.51	-26.43123901723289
66.52	-23.84665429236352
66.53	-21.76250074596401
66.54	-20.41380269879902
66.55	-20.8177122993083
66.56	-16.58598576901271
66.57000000000001	-17.707864910090315
66.58	-17.372522236779567
66.59	-13.487724783658514
66.6	-12.082846053493071
66.61	-21.858527600153685
66.62	-22.297448045926195
66.63	-22.561087095887437
66.64	-22.564565071118235
66.65	-23.0288376726115
66.66	-25.529731833340346
66.67	-26.913238580740217
66.68	-31.532952660185575
66.69	-25.12256202352953
66.7	-25.20393511290896
66.71000000000001	-30.730170162001798
66.72	-33.2989976257932
66.73	-28.677652500301374
66.74	-25.646052931173294
66.75	-24.648642650843616
66.76	-25.135494033460063
66.77	-23.345917932871874
66.78	-18.29587698428607
66.79	-14.111595237450624
66.8	-11.086686066549289
66.81	-8.673466940311005
66.82000000000001	-11.426265148052094
66.83	-9.914344014093688
66.84	-8.835579211258262
66.85	-15.574303574667317
66.86	-13.52939030814546
66.87	-16.21968674886962
66.88	-17.80351609917121
66.89	-20.461586141096532
66.9	-21.962893701814597
66.91	-24.701933351350274
66.92	-26.815878228316848
66.93	-27.383429459253207
66.94	-27.176876810314997
66.95	-25.14681978362068
66.96000000000001	-24.25933585416293
66.97	-22.81066032124907
66.98	-21.23092768495576
66.99	-18.467082392315675
67.0	-20.51786382108458
67.01	-20.118900875647178
67.02	-26.20290680590677
67.03	-32.09324637055274
67.04	-26.693237691980105
67.05	-26.556763513966214
67.06	-24.378576781383003
67.07000000000001	-24.014396569937958
67.08	-25.353820836134506
67.09	-30.47996335958838
67.1	-30.96778259319029
67.11	-27.08968928155716
67.12	-25.539435301740966
67.13	-20.864657880699514
67.14	-16.557486208711552
67.15	-14.537456189822525
67.16	-17.155309628672512
67.17	-17.914492895080283
67.18	-20.44744189211385
67.19	-23.419581699121846
67.2	-21.841385323443816
67.21000000000001	-20.87187048511455
67.22	-19.52992601499621
67.23	-20.835038932538875
67.24	-25.84426239267237
67.25	-28.326192584407995
67.26	-24.90257595661774
67.27	-23.573696041305368
67.28	-25.863739517287193
67.29	-23.987342648327214
67.3	-22.08143909189192
67.31	-22.135995027266837
67.32000000000001	-18.471281111783146
67.33	-20.69560211443883
67.34	-26.241759916102623
67.35	-20.45775134796905
67.36	-19.773514775742008
67.37	-19.257560412923127
67.38	-20.594902082615448
67.39	-25.46268630991386
67.4	-20.11542694288252
67.41	-19.966322108566576
67.42	-16.62858646152785
67.43	-21.05390562246828
67.44	-20.77392445909467
67.45	-18.971439492549262
67.46000000000001	-18.95770628672434
67.47	-16.10626096947664
67.48	-15.423460703890637
67.49	-24.17303215543845
67.5	-21.602971359432154
67.51	-20.01303132322545
67.52	-20.34093006801128
67.53	-16.317682528973997
67.54	-18.05031104052227
67.55	-17.704122520160315
67.56	-18.183019871939265
67.57000000000001	-17.13866171601234
67.58	-16.926300484450287
67.59	-17.173499726854093
67.6	-13.245740796628436
67.61	-14.70958151384072
67.62	-12.932061706550643
67.63	-12.912963100745921
67.64	-12.131387527824486
67.65	-18.06686713242921
67.66	-15.492377545255401
67.67	-14.557493204153825
67.68	-20.26678309992681
67.69	-20.59848163144192
67.7	-19.17290273431
67.71000000000001	-18.10416564146828
67.72	-18.109857053334586
67.73	-18.558405522758306
67.74	-16.351455901027208
67.75	-16.959071054500292
67.76	-13.197942210966247
67.77	-11.108864435834723
67.78	-9.836290363089384
67.79	-14.158088554098628
67.8	-22.56770282429984
67.81	-23.642601694043357
67.82000000000001	-24.177060926909483
67.83	-25.122040562938913
67.84	-24.207473523021438
67.85	-23.413308456502868
67.86	-28.901018677326388
67.87	-23.490786986475328
67.88	-27.811693464506494
67.89	-23.567912597585646
67.9	-29.433681354794864
67.91	-30.738029834877228
67.92	-27.859624399352477
67.93	-24.090878220180837
67.94	-20.533534582879785
67.95	-17.37437733106581
67.96000000000001	-14.105415694425211
67.97	-11.219676723325705
67.98	-11.33843735794408
67.99	-18.241788025053005
68.0	-15.162237049568601
68.01	-13.872291737643684
68.02	-13.90826079602611
68.03	-16.096160546224006
68.04	-13.306242126104415
68.05	-11.650693352116113
68.06	-10.308012621454699
68.07000000000001	-8.762452240384777
68.08	-7.839885966856311
68.09	-7.878231911377155
68.1	-9.623806616741096
68.11	-25.187250890582803
68.12	-23.56460153405062
68.13	-19.907012110804
68.14	-19.884297392579967
68.15	-24.272321850412226
68.16	-25.92448638190495
68.17	-27.460530766542565
68.18	-21.83926780974013
68.19	-24.56748301400676
68.2	-19.385932626635576
68.21000000000001	-17.66679064879839
68.22	-15.204077112328077
68.23	-15.952096583085753
68.24	-17.264046434470707
68.25	-15.939840184924824
68.26	-12.831780849944614
68.27	-9.82329404940271
68.28	-6.923720488988949
68.29	-7.304417191129177
68.3	-6.450462910147268
68.31	-8.173179501691845
68.32000000000001	-8.265617422298737
68.33	-9.233436488861663
68.34	-19.25930827753091
68.35000000000001	-17.052731750699188
68.36	-19.20042651284233
68.37	-18.935337712414057
68.38	-18.670664119195855
68.39	-22.138824826169422
68.4	-26.770874216314674
68.41	-38.58821831149983
68.42	-31.831176325930496
68.43	-26.790735925151495
68.44	-21.25152977283974
68.45	-18.351020193766008
68.46000000000001	-17.675278058158195
68.47	-21.790020094642244
68.48	-25.124164562615878
68.49	-22.72152555031738
68.5	-21.17794885811892
68.51	-30.687289786410112
68.52	-31.878668036972563
68.53	-24.506333443994908
68.54	-20.86785835236041
68.55	-22.325205042153662
68.56	-31.0176818383982
68.57000000000001	-33.34091636654968
68.58	-26.300654091487903
68.59	-21.05408041692578
68.60000000000001	-17.24490484427735
68.61	-19.585853402100717
68.62	-22.369668886396187
68.63	-22.13393947551277
68.64	-20.48206949628717
68.65	-26.587077851491937
68.66	-25.784994173799547
68.67	-30.854042100027925
68.68	-33.3354489468073
68.69	-30.197451268272804
68.7	-26.60789778246703
68.71000000000001	-21.95085080728401
68.72	-22.38863573022624
68.73	-21.653629978445075
68.74	-18.950128554530902
68.75	-22.989539005596058
68.76	-25.164072968209467
68.77	-23.517412482250727
68.78	-21.10679181336043
68.79	-25.99150063698563
68.8	-23.038056281315445
68.81	-23.062339731068302
68.82000000000001	-27.2846411373861
68.83	-39.659015568337104
68.84	-33.02198008511798
68.85000000000001	-34.97256784755606
68.86	-33.49236420779123
68.87	-38.47568623765613
68.88	-36.701820034653586
68.89	-33.73651365719619
68.9	-26.623187522396446
68.91	-20.558844558928595
68.92	-15.499571804499652
68.93	-20.025145890783378
68.94	-20.61844705849497
68.95	-19.373259030248093
68.96000000000001	-16.121804509065672
68.97	-15.676244949595922
68.98	-15.02949318868131
68.99	-17.607158902055765
69.0	-20.695284796289155
69.01	-16.84283835531026
69.02	-13.905637908385561
69.03	-13.547268643085637
69.04	-13.70134764861335
69.05	-18.223560482257685
69.06	-18.38339388277989
69.07000000000001	-14.712410574994516
69.08	-11.721462818406001
69.09	-10.472739399626903
69.10000000000001	-13.176477048845413
69.11	-27.11789314152216
69.12	-32.21588905816948
69.13	-29.55666178256286
69.14	-26.95411955935958
69.15	-26.32070110530985
69.16	-21.803996837660527
69.17	-17.695671522918754
69.18	-13.933345465315181
69.19	-10.856433776140223
69.2	-14.071609368486163
69.21000000000001	-11.599200381464405
69.22	-9.641629628482578
69.23	-8.281028034206079
69.24	-18.193095028987653
69.25	-15.684869765514264
69.26	-17.12113158900573
69.27	-18.71663334226553
69.28	-18.835576616289206
69.29	-18.461103266351113
69.3	-19.43288311825843
69.31	-19.882266784571033
69.32000000000001	-24.234932243601047
69.33	-20.94439578025788
69.34	-20.210728223171262
69.35000000000001	-20.239580605141764
69.36	-20.8707505797911
69.37	-28.191473628991332
69.38	-26.392150050313948
69.39	-30.529156864790206
69.4	-31.743311743138644
69.41	-35.72705370138278
69.42	-31.125363412798226
69.43	-24.5009023369362
69.44	-21.638870950231055
69.45	-23.888068618084514
69.46000000000001	-23.693914795234626
69.47	-31.948531878497132
69.48	-24.972633491623554
69.49	-20.257751767191984
69.5	-21.023908655066286
69.51	-20.76225249758531
69.52	-20.06254332166144
69.53	-16.01078256396969
69.54	-14.07585689899945
69.55	-15.77650095338057
69.56	-14.549989420970308
69.57000000000001	-16.429710530726013
69.58	-12.895540699678042
69.59	-11.648221033823194
69.60000000000001	-12.051183953881328
69.61	-13.693718376765846
69.62	-19.27441130657915
69.63	-19.515774495506598
69.64	-22.074138694797988
69.65	-22.002351064905667
69.66	-29.77130144975638
69.67	-28.187874455174303
69.68	-26.702606175265768
69.69	-21.542171943626688
69.7	-18.920257693727272
69.71000000000001	-18.980550257124396
69.72	-21.016520262435673
69.73	-19.00135837505243
69.74	-14.8472372136411
69.75	-18.86834277278992
69.76	-29.577024487516574
69.77	-36.32180579073097
69.78	-29.234128636246655
69.79	-23.194465109217578
69.8	-24.271103310185605
69.81	-19.938667839544586
69.82000000000001	-16.11860362807131
69.83	-17.034181080212527
69.84	-18.111046426926464
69.85000000000001	-18.325311843283995
69.86	-17.88466845073377
69.87	-16.4646432583636
69.88	-17.109788251855413
69.89	-16.295603130319435
69.9	-15.180143330814188
69.91	-15.56059857752355
69.92	-19.382392233889053
69.93	-16.58637524516463
69.94	-16.811683581046772
69.95	-20.822315466756717
69.96000000000001	-19.990914817403247
69.97	-25.13171077775438
69.98	-27.950638342007412
69.99	-34.05025489771103
70.0	-31.377401232615867
70.01	-24.369968204035132
70.02	-22.907061645186765
70.03	-18.55522181631024
70.04	-16.780519478964266
70.05	-17.042445223151514
70.06	-17.08773818716495
70.07000000000001	-23.165140382913076
70.08	-22.23816405165229
70.09	-24.14526937376405
70.10000000000001	-23.66960193531673
70.11	-24.281640878236573
70.12	-19.262245361938348
70.13	-16.811051626065513
70.14	-28.67938838998548
70.15	-31.84231025243799
70.16	-26.737582243864427
70.17	-27.44587016358147
70.18	-23.98131199736945
70.19	-19.16363123963415
70.2	-17.565197578481126
70.21000000000001	-20.69607768140233
70.22	-22.437543364114557
70.23	-19.907943058133444
70.24	-20.698919271934095
70.25	-27.653599132710898
70.26	-23.81048841497302
70.27	-20.55086250719745
70.28	-16.38608278120487
70.29	-14.635814952297737
70.3	-15.700207429958533
70.31	-17.023613357482994
70.32000000000001	-18.434626148320625
70.33	-14.352109610359415
70.34	-12.926837441522986
70.35000000000001	-13.031973427067479
70.36	-12.336858239701716
70.37	-9.534527971074203
70.38	-10.397750510162968
70.39	-10.94737456502816
70.4	-10.66863223607496
70.41	-8.878473844306304
70.42	-7.709131268476216
70.43	-8.73370406989112
70.44	-12.88922561481593
70.45	-14.680948361821319
70.46000000000001	-14.717966839028259
70.47	-15.533844785031636
70.48	-14.202457246188686
70.49	-12.234485886162188
70.5	-9.68687785332198
70.51	-18.3785971154109
70.52	-16.285899808530413
70.53	-20.82043550165995
70.54	-22.067750709119576
70.55	-27.23686057347096
70.56	-22.23888638716855
70.57000000000001	-22.660822211934985
70.58	-26.190274676228622
70.59	-25.907012500513567
70.60000000000001	-31.664337867883038
70.61	-30.820757387732417
70.62	-24.830732599901893
70.63	-24.180620985055707
70.64	-22.493519084104047
70.65	-26.253509806536343
70.66	-25.541764306782273
70.67	-24.69171769662375
70.68	-19.603339449633875
70.69	-19.25064926953839
70.7	-18.390914640779886
70.71000000000001	-15.938331320481524
70.72	-13.976039551629993
70.73	-14.940282729266514
70.74	-14.396609481489895
70.75	-18.47453881212492
70.76	-15.219062275940525
70.77	-12.53997373488714
70.78	-10.996274249611774
70.79	-19.80301017632893
70.8	-17.697920187641945
70.81	-15.371902220088673
70.82000000000001	-21.073611189455715
70.83	-21.785889687180184
70.84	-23.04722699672939
70.85000000000001	-32.50413230933633
70.86	-27.729425112731803
70.87	-26.412605675470374
70.88	-27.116569680894436
70.89	-22.405368955681457
70.9	-19.149848574472802
70.91	-19.708546628391698
70.92	-18.912369858793536
70.93	-17.576488512173082
70.94	-16.298507337114987
70.95	-21.21493851783641
70.96000000000001	-21.75746969150923
70.97	-18.096460998389922
70.98	-17.12360249890419
70.99	-14.984318886649437
71.0	-21.466526171523938
71.01	-20.8733097848398
71.02	-24.387663379764298
71.03	-21.722616762153404
71.04	-18.46997885897444
71.05	-20.65430829583013
71.06	-16.274339875580285
71.07000000000001	-14.04784602989971
71.08	-12.612572309508666
71.09	-15.045478174110578
71.10000000000001	-14.749638876768763
71.11	-14.488701239413556
71.12	-24.31111089488022
71.13	-27.507674953412042
71.14	-27.290402991450236
71.15	-21.599842655870955
71.16	-23.546839941571125
71.17	-25.524738559072038
71.18	-24.45910629232511
71.19	-22.908024943977292
71.2	-23.290948622076478
71.21000000000001	-18.41934519983524
71.22	-18.100449323413198
71.23	-21.195816438685
71.24	-18.40626677809153
71.25	-16.338873436547964
71.26	-12.674092772443517
71.27	-18.386336040365425
71.28	-26.76413481494551
71.29	-23.827601989974724
71.3	-30.78289057927258
71.31	-27.449433152097544
71.32000000000001	-26.981700048185907
71.33	-23.83788224251173
71.34	-19.029779403871697
71.35000000000001	-17.336235253405906
71.36	-21.779781302104638
71.37	-17.97271316358542
71.38	-18.285689951657638
71.39	-18.114852486305953
71.4	-21.296135771540847
71.41	-23.815076135549415
71.42	-19.123957548804746
71.43	-15.820596690460684
71.44	-22.258226072849087
71.45	-44.918871269440146
71.46000000000001	-36.095764104475805
71.47	-29.35349086661761
71.48	-31.453826182250346
71.49	-26.171615821700374
71.5	-22.482726241955
71.51	-18.69465725921519
71.52	-15.818412568354477
71.53	-14.352676090957686
71.54	-14.62546591404149
71.55	-15.884302499425692
71.56	-13.783228088619465
71.57000000000001	-17.631299774539283
71.58	-16.972634457189127
71.59	-18.406076187012335
71.60000000000001	-24.137450189199907
71.61	-24.005134254428185
71.62	-24.090276636537464
71.63	-21.82754942989505
71.64	-18.828340357979542
71.65	-16.35742043412409
71.66	-13.987994222290178
71.67	-13.893290508243759
71.68	-10.846242924448383
71.69	-9.345269328908678
71.7	-15.906364388129198
71.71000000000001	-22.777937416459192
71.72	-20.542816157467286
71.73	-16.09530827653571
71.74	-15.402872887017457
71.75	-22.810393402562365
71.76	-21.437667881775063
71.77	-20.74559392007972
71.78	-25.46243221099311
71.79	-23.90284870864055
71.8	-21.905023200681413
71.81	-23.234844730631583
71.82000000000001	-23.255403681314654
71.83	-21.887575707799215
71.84	-20.365961527277832
71.85000000000001	-19.874403204481784
71.86	-20.070803828561036
71.87	-21.66470312661453
71.88	-18.764251828097926
71.89	-14.925335611204705
71.9	-12.45012808969096
71.91	-20.00694580334254
71.92	-27.9294904372879
71.93	-28.663663770520643
71.94	-28.798141796065167
71.95	-23.15336707310921
71.96000000000001	-20.15786986233025
71.97	-23.03103307985844
71.98	-20.570499612699532
71.99	-34.21340404156747
72.0	-32.784777605994115
72.01	-28.375720965936246
72.02	-21.66029336882628
72.03	-17.295670438232573
72.04	-16.539359123835556
72.05	-20.403289610636193
72.06	-16.22193148466823
72.07000000000001	-18.019382346723393
72.08	-26.71878966142304
72.09	-24.348199017658988
72.10000000000001	-36.93150192267715
72.11	-29.208876135290463
72.12	-26.31519208823993
72.13	-27.81949131153453
72.14	-24.87139325208051
72.15	-20.297870980090664
72.16	-17.161145214898635
72.17	-14.17813416759357
72.18	-17.37285882189385
72.19	-17.60124013382405
72.2	-18.743343835842193
72.21000000000001	-17.2832690962839
72.22	-13.999875858874715
72.23	-17.100380115840146
72.24	-17.6042347235287
72.25	-18.36054137796706
72.26	-17.014976055296533
72.27	-16.133870212718346
72.28	-23.562432098174114
72.29	-19.079916668855706
72.3	-22.457951916148396
72.31	-19.830220000936176
72.32000000000001	-19.85279673887911
72.33	-19.644366910663
72.34	-19.705800819927262
72.35000000000001	-22.15802090603918
72.36	-20.713258358347357
72.37	-23.112542404824108
72.38	-18.650913586885775
72.39	-17.77064703045053
72.4	-21.167253274519254
72.41	-20.474973799865534
72.42	-17.631498373181945
72.43	-15.372647128029099
72.44	-23.354589529477355
72.45	-31.119153641420223
72.46000000000001	-24.29951611112548
72.47	-19.677213425390338
72.48	-23.767699942200203
72.49	-23.686036359579536
72.5	-18.8480484836495
72.51	-15.827802054309776
72.52	-14.078400015593894
72.53	-13.882188295049179
72.54	-11.283219511167252
72.55	-15.902921805198153
72.56	-23.55797322040888
72.57000000000001	-21.615580467342582
72.58	-19.939398562262465
72.59	-24.051346666918565
72.60000000000001	-21.771289916045244
72.61	-22.924753717613395
72.62	-27.313365018248682
72.63	-32.74192225597604
72.64	-30.97336081989062
72.65	-27.02024260485231
72.66	-21.61687929757228
72.67	-18.447904578325456
72.68	-17.10096551764919
72.69	-19.97270656285901
72.7	-19.36087466590793
72.71000000000001	-18.861093153811968
72.72	-20.115264770309942
72.73	-17.11489727548334
72.74	-20.012473413724805
72.75	-25.271640413609003
72.76	-30.99583046341102
72.77	-29.963372484624912
72.78	-25.91672219928952
72.79	-20.666360632614328
72.8	-18.7814186362919
72.81	-16.79677101446076
72.82000000000001	-22.41888130546976
72.83	-20.96128936912002
72.84	-16.592114462096717
72.85000000000001	-16.308912520044913
72.86	-14.673428337140773
72.87	-14.148979733667595
72.88	-16.430744683109467
72.89	-15.698555705952298
72.9	-25.787259361093522
72.91	-23.077886951372076
72.92	-18.998676530140518
72.93	-16.15396867724005
72.94	-16.57571519004396
72.95	-15.035284712434022
72.96000000000001	-19.46920327870362
72.97	-22.97328295567432
72.98	-17.79494182284596
72.99	-16.222721537663325
73.0	-15.176918062038114
73.01	-13.733798910012439
73.02	-19.529630181079106
73.03	-16.5381668847149
73.04	-15.519685609971924
73.05	-21.99108923693561
73.06	-28.001048826407
73.07000000000001	-24.02788180747054
73.08	-19.602466843438314
73.09	-16.194828633936943
73.10000000000001	-16.446938179915765
73.11	-14.75793882289918
73.12	-14.119634801583853
73.13	-23.566429956028717
73.14	-25.935928563253686
73.15	-27.34150410154056
73.16	-25.215930196541223
73.17	-29.353478348451016
73.18	-24.008096514478783
73.19	-23.36793024753099
73.2	-19.00260334356117
73.21000000000001	-23.383235820405574
73.22	-19.727208145811247
73.23	-16.996774409628078
73.24	-14.998882155535822
73.25	-12.036568970664405
73.26	-11.886208432126066
73.27	-8.99915771224413
73.28	-8.0061737796961
73.29	-14.204356505825363
73.3	-10.96202382342055
73.31	-11.665291166661138
73.32000000000001	-9.978381174422442
73.33	-10.768673490238214
73.34	-9.546413402376626
73.35000000000001	-11.347822834111629
73.36	-14.973872534422279
73.37	-15.387727869843703
73.38	-22.271778037170233
73.39	-21.645192085864185
73.4	-19.097610564496208
73.41	-17.66872799873105
73.42	-15.275115744863077
73.43	-16.697775112425308
73.44	-19.92595555810172
73.45	-15.918543197796238
73.46000000000001	-20.25565161286473
73.47	-19.232912534504173
73.48	-17.29317770132758
73.49	-19.116667493665183
73.5	-20.94635291975401
73.51	-25.018389928029666
73.52	-21.347584143392638
73.53	-21.49214983315343
73.54	-21.661426497149037
73.55	-30.875330749499057
73.56	-33.082940545765084
73.57000000000001	-30.47135030243495
73.58	-36.38986797555892
73.59	-37.97140367518468
73.60000000000001	-29.837860438707455
73.61	-25.305120040174547
73.62	-21.28817038124725
73.63	-18.16275101323031
73.64	-23.96548339601486
73.65	-36.957377240011915
73.66	-37.64032944295449
73.67	-38.12695547212966
73.68	-30.463694683231353
73.69	-24.667531894338516
73.7	-19.951555475937315
73.71000000000001	-19.692904965587037
73.72	-15.512891261222315
73.73	-38.81099691910615
73.74	-30.852063887522533
73.75	-26.18485871232119
73.76	-28.374723329072957
73.77	-26.505541077150536
73.78	-26.464077786951158
73.79	-25.737731911973135
73.8	-25.53278423763265
73.81	-23.71259984805315
73.82000000000001	-23.491167249754266
73.83	-21.836296711213226
73.84	-17.14783049092468
73.85000000000001	-14.930125890730913
73.86	-13.1668668831115
73.87	-21.693975433437863
73.88	-29.330439611644998
73.89	-27.1467382190478
73.9	-35.36148717851397
73.91	-32.899827834779096
73.92	-32.41070785396869
73.93	-28.076967748191922
73.94	-23.84988558282247
73.95	-29.75385559159089
73.96000000000001	-24.163106000371886
73.97	-21.892600036499978
73.98	-19.03443268906
73.99	-19.055011994890798
74.0	-14.85996354037003
74.01	-13.10972624528342
74.02	-15.720315541320803
74.03	-17.363693870948765
74.04	-17.76288534980821
74.05	-23.491422695553112
74.06	-24.375860493210045
74.07000000000001	-23.89925619138095
74.08	-21.94462295390174
74.09	-17.768688465907626
74.10000000000001	-17.699891521333583
74.11	-21.640542636723236
74.12	-26.87374801527939
74.13	-23.23754109702129
74.14	-23.637735430969702
74.15	-25.295357645286444
74.16	-29.01440984832949
74.17	-23.451549654301385
74.18	-24.00774334920331
74.19	-27.812758608776907
74.2	-33.597823150764356
74.21000000000001	-36.071664856995945
74.22	-28.95549380008718
74.23	-23.15867400083541
74.24	-22.37118332820613
74.25	-17.78802669068128
74.26	-16.122566761075802
74.27	-16.70660299961074
74.28	-13.664069706649343
74.29	-24.505911762752717
74.3	-20.466549780307307
74.31	-18.508347738866757
74.32000000000001	-20.813773128823275
74.33	-18.82074228403792
74.34	-22.664925822944276
74.35000000000001	-28.10419536737662
74.36	-34.62350401094518
74.37	-28.34656532119711
74.38	-25.295547240534148
74.39	-23.897521640928566
74.4	-32.136677314415614
74.41	-29.156488776336584
74.42	-27.420432746387537
74.43	-24.354397641093225
74.44	-22.68440999695346
74.45	-24.207793882312874
74.46000000000001	-28.58820699088677
74.47	-32.30458703494193
74.48	-26.47921346529528
74.49	-24.8752532099034
74.5	-23.49098358474899
74.51	-19.32905491270481
74.52	-17.922889231822715
74.53	-17.63195918085118
74.54	-15.550209668671993
74.55	-21.756280562583715
74.56	-17.512703986762837
74.57000000000001	-15.677199734911362
74.58	-12.908850336606825
74.59	-19.453475590350475
74.60000000000001	-15.56111892050875
74.61	-18.61407551882832
74.62	-22.75640299713368
74.63	-20.56204714812264
74.64	-21.690326300391533
74.65	-21.628031800029806
74.66	-18.814719335947565
74.67	-19.06228493920031
74.68	-20.482568922121295
74.69	-18.96345779034645
74.7	-20.93612789598447
74.71000000000001	-19.743579920156456
74.72	-20.091498084343485
74.73	-15.7462725173799
74.74	-13.188655163235357
74.75	-14.857858163633315
74.76	-13.463713609813217
74.77	-17.618582084109992
74.78	-17.124138767855868
74.79	-18.665164933648207
74.8	-17.037720537498327
74.81	-20.04439426666942
74.82000000000001	-16.643514292087673
74.83	-16.996955888415798
74.84	-21.570767871574798
74.85000000000001	-19.18555686566699
74.86	-21.433087857554714
74.87	-19.05583697399004
74.88	-27.20055789710557
74.89	-27.600991986388323
74.9	-32.872459604828094
74.91	-31.544209299998855
74.92	-28.743524980019817
74.93	-29.02170719335368
74.94	-30.58149020457066
74.95	-33.22146940694354
74.96000000000001	-26.419171008610178
74.97	-19.943784782788725
74.98	-16.256921179127914
74.99	-12.570057575472333
75.0	-17.83609131682745
75.01	-20.708462468140922
75.02	-19.727073194204824
75.03	-21.995848738314287
75.04	-18.81446255211686
75.05	-21.740274604062567
75.06	-18.043949327354373
75.07000000000001	-15.551452260793258
75.08	-13.820556071062427
75.09	-12.305482382181777
75.10000000000001	-13.868472531946047
75.11	-29.591469393075677
75.12	-29.55488914598352
75.13	-34.53169570710741
75.14	-30.23639195967153
75.15	-28.172131210089628
75.16	-32.69092278383872
75.17	-26.381888378484692
75.18	-28.2200557008749
75.19	-25.019124065090026
75.2	-24.983484474931647
75.21000000000001	-20.592881826797065
75.22	-18.73371867685821
75.23	-14.602593781550858
75.24	-15.215068998558737
75.25	-13.516855551068199
75.26	-17.910657383765194
75.27	-16.877314269349235
75.28	-13.511805310107535
75.29	-12.32033812528962
75.3	-14.023974932475953
75.31	-19.033400568817544
75.32000000000001	-18.660027745020145
75.33	-24.942831097800184
75.34	-24.30848927382463
75.35000000000001	-25.29660231680362
75.36	-22.205779281327647
75.37	-20.059996383575218
75.38	-15.74932409643355
75.39	-15.120021358767847
75.4	-21.279568971073434
75.41	-20.848739472594282
75.42	-17.971329707878855
75.43	-23.17466752139673
75.44	-18.052667727673263
75.45	-17.852952147820506
75.46000000000001	-23.768873530456677
75.47	-21.596308874662984
75.48	-18.206160938118817
75.49	-14.870676897587042
75.5	-14.561342867774457
75.51	-14.704737077253988
75.52	-13.035526511282272
75.53	-17.95033970793203
75.54	-16.442511975122386
75.55	-27.0671825281688
75.56	-22.48455661285588
75.57000000000001	-20.311282223465398
75.58	-22.267680919907484
75.59	-17.313227829261567
75.60000000000001	-18.193840335655377
75.61	-15.0128869936934
75.62	-13.132496061138236
75.63	-12.731461316071647
75.64	-22.350976208698583
75.65	-23.305086563522963
75.66	-23.839462274660587
75.67	-21.141707996239926
75.68	-21.15282835575366
75.69	-17.736057385132703
75.7	-13.978273042376616
75.71000000000001	-13.618007623034117
75.72	-30.089035258202532
75.73	-23.805907621009265
75.74	-19.642635269591224
75.75	-22.504688939413448
75.76	-17.932783054979353
75.77	-15.126756222614272
75.78	-13.859856773945623
75.79	-14.667728523877141
75.8	-13.976781145450778
75.81	-16.622391441377545
75.82000000000001	-12.936793039487329
75.83	-10.54814997028448
75.84	-9.22156963442155
75.85000000000001	-8.86436253635307
75.86	-8.857116967532367
75.87	-12.513335192618111
75.88	-13.26664616034575
75.89	-9.959415025770632
75.9	-6.2431874154592695
75.91	-4.64815823860586
75.92	-3.6894114613067353
75.93	-2.350940067268667
75.94	-1.206193680038937
75.95	-2.554078013237514
75.96000000000001	-4.946125463519515
75.97	-9.573981073420464
75.98	-8.741707850190744
75.99	-9.277810447413184
76.0	-8.205382006837592
76.01	-5.738100355197527
76.02	-12.156971513153861
76.03	-11.976561849869848
76.04	-13.603364478117282
76.05	-14.553797529480812
76.06	-16.147800339666095
76.07000000000001	-12.897058173881867
76.08	-13.225550276540519
76.09	-12.34824589862799
76.10000000000001	-16.112557754865907
76.11	-21.06844952394323
76.12	-16.6234778155603
76.13	-22.422334512819507
76.14	-20.627970305112356
76.15	-22.716347517770878
76.16	-21.239245286323747
76.17	-19.85910827764414
76.18	-24.83220590669731
76.19	-20.46115971269721
76.2	-23.460043527772537
76.21000000000001	-19.373185225427264
76.22	-15.722463301856745
76.23	-17.027539996949926
76.24	-17.454310875746184
76.25	-14.215643119539498
76.26	-16.112912419495313
76.27	-15.348465731772801
76.28	-14.808017795940962
76.29	-22.217846413629225
76.3	-22.75361448105749
76.31	-20.874281147797088
76.32000000000001	-23.343329289095095
76.33	-18.089680603397667
76.34	-14.156618474574215
76.35000000000001	-10.633083282954688
76.36	-8.363090893190412
76.37	-9.093243766346577
76.38	-7.523925996793051
76.39	-8.001811284522457
76.4	-7.993993745141525
76.41	-6.795492674543492
76.42	-10.026216784843655
76.43	-8.23183983301772
76.44	-9.165981012378355
76.45	-13.651895560887597
76.46000000000001	-14.514851417294285
76.47	-12.256219410073601
76.48	-16.79209288688164
76.49	-15.906852322784552
76.5	-16.65779809608505
76.51	-14.055737055792509
76.52	-14.368496782919028
76.53	-21.680035158816132
76.54	-18.707494395156672
76.55	-17.58905639735615
76.56	-30.335926268838485
76.57000000000001	-25.922073830295815
76.58	-26.964355128122364
76.59	-27.972125191403205
76.60000000000001	-28.043013433790737
76.61	-25.419528172746983
76.62	-28.0168476127053
76.63	-24.71320561834746
76.64	-20.158274832125276
76.65	-21.53899090831536
76.66	-17.436184867511205
76.67	-20.086288328509934
76.68	-23.057428968349278
76.69	-22.647465642091575
76.7	-26.31275469571861
76.71000000000001	-21.127663616164824
76.72	-23.689849195987428
76.73	-23.389335365586454
76.74	-26.147927372694372
76.75	-22.035725785870092
76.76	-18.615220797746364
76.77	-16.603236894844876
76.78	-14.97316212062251
76.79	-12.017093258506122
76.8	-9.458945791242886
76.81	-9.244163082761643
76.82000000000001	-11.707940759371224
76.83	-12.392709797443459
76.84	-9.898371630611631
76.85000000000001	-10.016626926459471
76.86	-17.07614050975568
76.87	-21.01375435989876
76.88	-21.4671816025628
76.89	-25.51334133840929
76.9	-22.829640904513703
76.91	-17.60304181556735
76.92	-15.215971955088545
76.93	-12.620726443857166
76.94	-17.3866656388732
76.95	-15.195044923863966
76.96000000000001	-22.729870203239408
76.97	-19.26000686447733
76.98	-20.15097686745596
76.99	-17.03299406184539
77.0	-16.438668457899738
77.01	-22.99998947777647
77.02	-19.198824681022824
77.03	-20.113506328676817
77.04	-22.19123105555725
77.05	-22.650647835173253
77.06	-23.506060883506894
77.07000000000001	-23.399176321440255
77.08	-22.422195477718724
77.09	-20.026421434143106
77.10000000000001	-20.555550589349608
77.11	-22.99941037174578
77.12	-19.56843541884677
77.13	-18.51547330566544
77.14	-17.839749523872886
77.15	-17.39217825365601
77.16	-20.974134941942122
77.17	-18.160895436477876
77.18	-15.362552921361681
77.19	-12.742113705911947
77.2	-13.884408050187915
77.21000000000001	-12.799051215532248
77.22	-14.309063777838094
77.23	-16.38881620755436
77.24	-18.497880171201135
77.25	-21.053862110116793
77.26	-20.754040538294813
77.27	-20.02834112579552
77.28	-17.89081106091381
77.29	-16.114283293196895
77.3	-18.36844566503281
77.31	-22.5328607644777
77.32000000000001	-19.251093235416512
77.33	-17.02187669156196
77.34	-17.203475663672343
77.35000000000001	-21.28930549655334
77.36	-19.56384799732289
77.37	-17.56087038452126
77.38	-17.68820478345224
77.39	-26.328995610287393
77.4	-23.61408547330663
77.41	-22.889216721045578
77.42	-25.209082139672994
77.43	-20.339266124248038
77.44	-22.525560621589843
77.45	-19.184333616854325
77.46000000000001	-18.398100270795375
77.47	-20.096917379798814
77.48	-16.841109467545664
77.49	-22.806223925513063
77.5	-20.329192548596467
77.51	-21.42280026197397
77.52	-17.719378207470942
77.53	-14.660719249420994
77.54	-13.530833082296832
77.55	-21.68743454933346
77.56	-30.324726590959383
77.57000000000001	-28.957083662341294
77.58	-29.82399269388316
77.59	-24.741120657313463
77.60000000000001	-28.18847297155952
77.61	-22.224278277007542
77.62	-17.68867440856713
77.63	-14.082571673336117
77.64	-12.28821370917129
77.65	-11.057387259269847
77.66	-11.488496471327334
77.67	-9.941009274334222
77.68	-14.539290815562396
77.69	-13.747478457873875
77.7	-13.24516094821654
77.71000000000001	-14.617645386330357
77.72	-19.769544223255284
77.73	-19.87376920245619
77.74	-23.976824176275546
77.75	-23.082885774785062
77.76	-22.085646106837707
77.77	-29.954008937813455
77.78	-24.93697087645407
77.79	-21.913693814813186
77.8	-32.23408037908144
77.81	-36.657726599619465
77.82000000000001	-34.85114066763485
77.83	-29.128795852592923
77.84	-26.261162333827368
77.85000000000001	-24.558080758268513
77.86	-21.121294637049107
77.87	-23.2469575891737
77.88	-26.21572874429656
77.89	-21.91664146337684
77.9	-26.052480461314705
77.91	-22.539615214724606
77.92	-18.06898548485593
77.93	-16.813514815073354
77.94	-17.873966178335916
77.95	-18.55046987091952
77.96000000000001	-22.58446521184063
77.97	-17.477326165252745
77.98	-14.698855595390002
77.99	-12.585132951250202
78.0	-11.106137736232277
78.01	-9.304553877802181
78.02	-9.794216700117314
78.03	-15.3732723455149
78.04	-20.22225733248376
78.05	-22.94997711158759
78.06	-21.742463611623656
78.07000000000001	-18.18623643344899
78.08	-14.92492367034137
78.09	-13.533544324331245
78.10000000000001	-10.508746020743938
78.11	-10.266515738086468
78.12	-10.90001558997473
78.13	-18.664194534960526
78.14	-15.891781862078727
78.15	-17.949941568312877
78.16	-23.58056658824913
78.17	-24.271080254476445
78.18	-30.459222100507773
78.19	-23.71195107548173
78.2	-21.91843857479346
78.21000000000001	-22.311981441846434
78.22	-25.648889032809425
78.23	-30.373896558846663
78.24	-29.09311642968113
78.25	-27.0006421625834
78.26	-23.642403559276698
78.27	-22.432630157803764
78.28	-17.929938960308416
78.29	-14.601469318968096
78.3	-13.274246399995448
78.31	-14.069104326835653
78.32000000000001	-14.746937710483726
78.33	-13.280087022777476
78.34	-17.643204110820896
78.35000000000001	-20.995465376884123
78.36	-17.668203360811958
78.37	-14.556536835743186
78.38	-15.587632388862676
78.39	-14.786519054378964
78.4	-23.153232088291126
78.41	-22.46986905883071
78.42	-20.259260919372743
78.43	-16.77329895039916
78.44	-23.463070316490576
78.45	-21.684088940354226
78.46000000000001	-17.47934611993111
78.47	-23.476133841960305
78.48	-31.576968271540796
78.49	-30.134523121309872
78.5	-27.004910146556846
78.51	-27.239856752888564
78.52	-25.243561957402882
78.53	-32.69532312498987
78.54	-30.554784767865844
78.55	-25.665246130975387
78.56	-25.703837016504195
78.57000000000001	-23.70227659337961
78.58	-20.19549074442314
78.59	-18.194816975092277
78.60000000000001	-21.054717775258233
78.61	-17.79354785974177
78.62	-22.306926656743467
78.63	-18.077892197747982
78.64	-15.218686289140626
78.65	-16.29182673146204
78.66	-17.826022119589897
78.67	-16.05867160467184
78.68	-13.823299305630321
78.69	-15.01347340255341
78.7	-16.68780976350269
78.71000000000001	-22.14339197893108
78.72	-18.56388012402384
78.73	-23.740097971682978
78.74	-24.827985145642753
78.75	-24.85444086796662
78.76	-23.389457803277818
78.77	-21.5356220980409
78.78	-19.335245313511706
78.79	-19.390094616300296
78.8	-15.281063625152267
78.81	-16.625421474049176
78.82000000000001	-14.664773164474955
78.83	-15.642732617616959
78.84	-20.397602342251457
78.85000000000001	-29.811957408592274
78.86	-25.02161009028272
78.87	-23.984004744572974
78.88	-19.030298803998072
78.89	-19.207555987616193
78.9	-25.965194071077224
78.91	-24.90672182209363
78.92	-23.210600313857437
78.93	-24.150599201296263
78.94	-29.49302971624716
78.95	-23.4736870651638
78.96000000000001	-18.29180391756114
78.97	-16.18229611653613
78.98	-13.876383998671933
78.99	-15.34744794366824
79.0	-19.611738004700335
79.01	-18.685073081848863
79.02	-16.777406727790744
79.03	-19.675143739824954
79.04	-23.731512356409176
79.05	-18.7301816300741
79.06	-17.860315835893278
79.07000000000001	-24.417614228208624
79.08	-20.992628696872544
79.09	-20.25824036416034
79.10000000000001	-20.83973698650758
79.11	-18.235620598482562
79.12	-17.081265734978835
79.13	-14.67874288525134
79.14	-12.798167912027251
79.15	-12.145821507938429
79.16	-12.288822603836334
79.17	-12.549397866563913
79.18	-16.193404162494872
79.19	-13.549216195032477
79.2	-11.848816186997306
79.21000000000001	-10.466055623528945
79.22	-11.838309398007537
79.23	-13.752001868916107
79.24	-15.09108665835621
79.25	-13.273482319313613
79.26	-12.077403801765163
79.27	-9.465354330925011
79.28	-8.520439778974577
79.29	-7.224160381111892
79.3	-9.407337123469047
79.31	-11.24829789952719
79.32000000000001	-12.740027258281104
79.33	-15.307429987154903
79.34	-16.776816654654695
79.35000000000001	-15.459316783792119
79.36	-14.68338949534821
79.37	-21.45614110298225
79.38	-17.76791939427395
79.39	-18.380863093588292
79.4	-19.599154062553186
79.41	-16.455332883302127
79.42	-16.916790231187953
79.43	-21.560324075598007
79.44	-23.383887815411384
79.45	-21.43063033562414
79.46000000000001	-30.67772048364247
79.47	-24.540688366387798
79.48	-29.0515729291743
79.49	-29.70525307604973
79.5	-24.070065491567266
79.51	-22.664395371051167
79.52	-19.71007956279489
79.53	-17.208032786156885
79.54	-16.543960897717522
79.55	-15.238224806433443
79.56	-15.081687047287046
79.57000000000001	-19.21088218645057
79.58	-18.439686623544677
79.59	-23.053032547939598
79.60000000000001	-19.517224312040014
79.61	-16.3465771673291
79.62	-16.77653831562974
79.63	-24.494459822542037
79.64	-20.77551568816325
79.65	-18.669967808269256
79.66	-16.3923930725826
79.67	-15.67443961637692
79.68	-16.481227865167863
79.69	-16.962037626034157
79.7	-24.968267031230297
79.71000000000001	-24.259782305403917
79.72	-23.789034433327533
79.73	-19.130453995975582
79.74	-15.324988261726238
79.75	-14.130440776252268
79.76	-15.713455182515121
79.77	-19.368683627371418
79.78	-15.906436671232434
79.79	-14.967506729001164
79.8	-12.211854685804388
79.81	-12.931934889908945
79.82000000000001	-14.960279088137172
79.83	-16.917931892736135
79.84	-17.112590993926954
79.85000000000001	-18.188340030901873
79.86	-14.57741871489497
79.87	-12.064593248835784
79.88	-11.850277237140714
79.89	-12.535533827937368
79.9	-10.923747372395725
79.91	-9.862816466199197
79.92	-8.649839002947479
79.93	-5.862887246675798
79.94	-9.509354085018781
79.95	-11.803406987684163
79.96000000000001	-8.258779971561003
79.97	-9.390483439530314
79.98	-10.695096014356459
79.99	-11.002569136402252
80.0	-10.501993422574376
80.01	-14.144628190197647
80.02	-21.538231943686053
80.03	-17.950108061793397
80.04	-17.19802895113631
80.05	-22.87108120895592
80.06	-22.838673351228575
80.07000000000001	-21.405889223380083
80.08	-19.843497462525555
80.09	-19.865156871588006
80.10000000000001	-15.237887646604005
80.11	-13.053828848768719
80.12	-10.832584009468814
80.13	-13.947628694676903
80.14	-11.429902963787045
80.15	-11.098747603446016
80.16	-14.81326489251686
80.17	-15.701513303547827
80.18	-20.904154770274296
80.19	-17.773522737326328
80.2	-19.33424817956549
80.21000000000001	-15.455281770646257
80.22	-16.751876724390957
80.23	-13.439294737268776
80.24	-13.80718420187665
80.25	-16.418287635093172
80.26	-17.739028811105268
80.27	-23.32932333486952
80.28	-21.10460970961445
80.29	-19.800708632678628
80.3	-23.24565860947835
80.31	-28.205631796197732
80.32000000000001	-28.587237705212075
80.33	-27.242554766770102
80.34	-23.51647616424038
80.35000000000001	-22.939194357331964
80.36	-23.550424798079163
80.37	-18.62976164673752
80.38	-15.004105898180542
80.39	-16.48767108446277
80.4	-23.973260552856924
80.41	-20.21082046111752
80.42	-24.69277805996663
80.43	-20.77296373526518
80.44	-23.70641232893224
80.45	-22.036251486999387
80.46000000000001	-21.233858931514355
80.47	-16.404057727212198
80.48	-14.017252379664297
80.49	-12.188456399835532
80.5	-9.778410378546665
80.51	-11.203620183909637
80.52	-9.700138616914854
80.53	-10.942843250220644
80.54	-20.62097293084872
80.55	-16.487386838839733
80.56	-19.555345836606282
80.57000000000001	-23.29376360280196
80.58	-21.406157474843667
80.59	-19.773935494986763
80.60000000000001	-15.793159923324742
80.61	-13.6864162374601
80.62	-13.588152133541943
80.63	-12.599672836388836
80.64	-10.683533994008194
80.65	-7.386619097247034
80.66	-6.815756619396442
80.67	-7.4023710721883065
80.68	-8.794387538007284
80.69	-9.70211275465883
80.7	-19.472677770994867
80.71000000000001	-19.448876932622657
80.72	-17.21470461258097
80.73	-16.582595117249227
80.74	-13.801824067672857
80.75	-16.564529717672862
80.76	-14.80730136359454
80.77	-20.209451803077908
80.78	-15.706184676587057
80.79	-13.068303747369162
80.8	-17.755748218636324
80.81	-18.685798853284528
80.82000000000001	-22.035685461592543
80.83	-28.656638509321724
80.84	-26.438172413287337
80.85000000000001	-22.409290193377462
80.86	-20.18983797633329
80.87	-23.78223086110091
80.88	-26.232549339094913
80.89	-24.246866712014448
80.9	-30.525074695517088
80.91	-29.571051473661147
80.92	-29.61507007062453
80.93	-27.1703102783989
80.94	-32.13146806283717
80.95	-30.15170863255128
80.96000000000001	-36.135130629752986
80.97	-33.33221394796383
80.98	-34.6661724944038
80.99	-38.12958416171011
81.0	-42.571311784828765
81.01	-42.03479200078166
81.02	-34.30563199820756
81.03	-28.459779046288393
81.04	-23.90602784120523
81.05	-26.75094889978445
81.06	-24.742159218268554
81.07000000000001	-28.344088148530183
81.08	-24.66433807985526
81.09	-30.833840576935856
81.10000000000001	-28.43261693772674
81.11	-35.53235759104064
81.12	-35.662073076155686
81.13	-32.014174668285875
81.14	-29.626174582750508
81.15	-23.47458863050832
81.16	-21.5366266114922
81.17	-23.599060608991895
81.18	-20.043316150961513
81.19	-27.631638968614265
81.2	-26.335225884134267
81.21000000000001	-21.210468297092714
81.22	-17.52336300715877
81.23	-22.68770280112768
81.24	-19.104754652236895
81.25	-17.687151895999275
81.26	-20.67539641717304
81.27	-20.85690228756771
81.28	-19.145844593171443
81.29	-24.068251617576564
81.3	-20.400056636272026
81.31	-20.673184583966293
81.32000000000001	-21.83385088593212
81.33	-19.717347458300083
81.34	-20.508374551864478
81.35000000000001	-18.104143646251032
81.36	-28.85296714311174
81.37	-29.180371648550846
81.38	-30.293581345007617
81.39	-33.42954921420264
81.4	-32.192102141687215
81.41	-29.352063287856737
81.42	-25.89143255973736
81.43	-22.141640436083822
81.44	-22.974458835911342
81.45	-21.10979419838979
81.46000000000001	-17.313722566704445
81.47	-15.510131598655661
81.48	-14.585140049006364
81.49	-18.951731755583577
81.5	-19.952951928377875
81.51	-24.211867315857315
81.52	-22.899895134850695
81.53	-19.69162761865228
81.54	-15.677405012785359
81.55	-18.832287963197476
81.56	-15.420516060484257
81.57000000000001	-16.13424019278199
81.58	-15.375151276924369
81.59	-17.32863453801239
81.60000000000001	-14.332838802055468
81.61	-15.553464567112323
81.62	-21.61575035673249
81.63	-22.302232723525336
81.64	-18.248526893707236
81.65	-15.985460884784805
81.66	-17.91900782088793
81.67	-14.023820640232064
81.68	-12.673634837360167
81.69	-18.850221681913556
81.7	-18.861116368218692
81.71000000000001	-21.012696853141502
81.72	-17.052673108719063
81.73	-15.210792624837934
81.74	-15.776943154640445
81.75	-14.057341412819879
81.76	-16.283741696490686
81.77	-20.32847219224444
81.78	-19.314864166821252
81.79	-20.75700291897458
81.8	-24.891535915010756
81.81	-25.163233415799372
81.82000000000001	-26.537413359844567
81.83	-22.9714881927943
81.84	-23.58373605044094
81.85000000000001	-19.691143347274004
81.86	-20.754588260539546
81.87	-34.85950084834842
81.88	-30.165832182459653
81.89	-27.912519399027012
81.9	-24.615302286348793
81.91	-22.85417735521368
81.92	-20.067778132184156
81.93	-19.02455096802944
81.94	-17.354391325761526
81.95	-13.245092755325755
81.96000000000001	-10.43801535467612
81.97	-10.49528399909253
81.98	-10.672078122085283
81.99	-14.322138493677409
82.0	-15.102516017564056
82.01	-18.583955213865487
82.02	-18.01470929329065
82.03	-16.645607142775873
82.04	-18.376252699602677
82.05	-18.81413279943134
82.06	-15.503293095284405
82.07000000000001	-14.022177814126463
82.08	-14.826572447724892
82.09	-12.925951537931251
82.10000000000001	-10.158585141895104
82.11	-11.398816649046736
82.12	-18.900351769934808
82.13	-18.0459759623458
82.14	-26.98160609803897
82.15	-21.387586564741696
82.16	-17.331298958924485
82.17	-15.478320431056709
82.18	-13.88999840451584
82.19	-15.415789696433137
82.2	-19.350200978886768
82.21000000000001	-20.7500085180082
82.22	-18.39327444154026
82.23	-22.895757532978863
82.24	-27.052878564150813
82.25	-22.097601527392186
82.26	-19.413683495143026
82.27	-15.538191547074875
82.28	-11.662699599001218
82.29	-9.20769017730514
82.3	-7.261953811321652
82.31	-5.316217445335399
82.32000000000001	-4.479278249868211
82.33	-3.772760527045897
82.34	-6.086050816799105
82.35000000000001	-7.429663531091699
82.36	-8.239457815636532
82.37	-6.086487912661323
82.38	-7.668600695442464
82.39	-13.888129454018697
82.4	-10.53394461317407
82.41	-10.011791063695037
82.42	-17.708608940970638
82.43	-23.53095427426644
82.44	-21.212165263314294
82.45	-23.102399785390368
82.46000000000001	-25.076631596689975
82.47	-22.07366752776942
82.48	-22.409632055364586
82.49	-18.944880077330627
82.5	-26.0789575596644
82.51	-29.261101556160323
82.52	-31.666178082232857
82.53	-25.941309255512174
82.54	-22.004812714976648
82.55	-21.682706352093263
82.56	-17.718328376259645
82.57000000000001	-17.5232361127894
82.58	-14.010808089945956
82.59	-12.404261678201143
82.60000000000001	-9.981971248217013
82.61	-7.666252872597303
82.62	-7.180007011966568
82.63	-6.693761151336525
82.64	-7.586839442965318
82.65	-10.879608057838205
82.66	-12.394397247402251
82.67	-14.125674262679578
82.68	-22.455730145488378
82.69	-21.538780014822112
82.7	-20.722141034882103
82.71000000000001	-24.311674908253533
82.72	-24.016359449468382
82.73	-28.9542191296238
82.74	-22.559773227114505
82.75	-20.46836437230109
82.76	-25.89422812397059
82.77	-20.395212733464945
82.78	-20.3984096861368
82.79	-17.14372528290417
82.8	-23.93775291222134
82.81	-25.22542854899975
82.82000000000001	-29.002654210583266
82.83	-23.504149093742264
82.84	-21.54921011506933
82.85000000000001	-20.637699891225655
82.86	-21.685092834249257
82.87	-17.333611007349106
82.88	-15.369315026900235
82.89	-15.902802208288758
82.9	-12.570227646662842
82.91	-12.07995483751123
82.92	-16.320098073637546
82.93	-16.680574589898047
82.94	-13.29957546086959
82.95	-15.451929602334717
82.96000000000001	-26.80197828212049
82.97	-27.919303431194365
82.98	-22.631391719032333
82.99	-23.85538347334079
83.0	-22.046220446497703
83.01	-19.03331539992896
83.02	-15.34780948047806
83.03	-18.14913977703852
83.04	-17.719242456423107
83.05	-16.582004798848338
83.06	-14.533152537568053
83.07000000000001	-15.316265507259814
83.08	-13.075489985643094
83.09	-12.366651625125337
83.10000000000001	-11.277701097094356
83.11	-14.583125780746075
83.12	-11.94279958853697
83.13	-9.620273701287859
83.14	-11.62591464210095
83.15	-14.969190214090075
83.16	-18.350852219198725
83.17	-14.322949493670693
83.18	-18.562256447733546
83.19	-17.731643906791664
83.2	-14.460238496712627
83.21000000000001	-13.704758129180487
83.22	-12.90550110188971
83.23	-12.336997835558291
83.24	-16.626237480093053
83.25	-18.582962774075295
83.26	-23.80190254096197
83.27	-28.151974652624517
83.28	-27.362449321079833
83.29	-25.67708876439926
83.3	-23.492233214402727
83.31	-19.764219760932672
83.32000000000001	-21.828188149925097
83.33	-20.19808932129281
83.34	-15.837361502206056
83.35000000000001	-21.339275684154245
83.36	-26.293676145801935
83.37	-22.285693491398835
83.38	-22.516556502774502
83.39	-22.98730316403576
83.4	-20.78691189708197
83.41	-16.505152377102885
83.42	-15.80679124310622
83.43	-23.06727955092607
83.44	-21.659291124321207
83.45	-17.27584155000331
83.46000000000001	-17.112149185081464
83.47	-19.237532697535126
83.48	-16.518039716447134
83.49	-17.905669925126485
83.5	-18.356226759414835
83.51	-19.512554606267496
83.52	-20.185513072833977
83.53	-17.779030832104667
83.54	-14.048114260920512
83.55	-11.815094951644834
83.56	-13.123758869988714
83.57000000000001	-17.7217957776621
83.58	-23.458405900878642
83.59	-31.150933026746777
83.60000000000001	-42.989246461512934
83.61	-37.22447938620244
83.62	-31.88834692738777
83.63	-29.206545462215157
83.64	-24.993815346896774
83.65	-25.30645383541743
83.66	-27.126050240963963
83.67	-24.922096938989384
83.68	-19.954005776696157
83.69	-18.346897491644764
83.7	-24.045922586151356
83.71000000000001	-25.86513337618231
83.72	-28.7117566812533
83.73	-28.397270891364627
83.74	-28.95968866545724
83.75	-26.034542125106924
83.76	-28.123924832041407
83.77	-28.226177969140185
83.78	-22.58878664976221
83.79	-28.410741522245512
83.8	-22.488578947242516
83.81	-19.903951223108486
83.82000000000001	-19.72994290803885
83.83	-26.71844182247417
83.84	-25.462176607125276
83.85000000000001	-20.74453838197537
83.86	-26.779021990148287
83.87	-24.519964267476002
83.88	-25.93746138401578
83.89	-23.568672910437822
83.9	-30.77405379323237
83.91	-27.869997811240427
83.92	-30.210665938148612
83.93	-28.20784025788421
83.94	-25.86809017109463
83.95	-24.503585489196716
83.96000000000001	-29.14936371604512
83.97	-24.758219243225017
83.98	-22.447847252334636
83.99	-21.138401223149206
84.0	-19.994111828107574
84.01	-20.47795827802599
84.02	-22.456818658346744
84.03	-24.689258839781026
84.04	-25.092061953776252
84.05	-19.659526402463918
84.06	-18.249893609737896
84.07000000000001	-16.81606306482773
84.08	-22.26036499724596
84.09	-23.041534235771103
84.10000000000001	-27.679862672238652
84.11	-25.415351064221067
84.12	-21.099596646972874
84.13	-19.10666724674592
84.14	-20.42182478342263
84.15	-22.435663840767933
84.16	-22.44021783013057
84.17	-20.812180006931584
84.18	-17.572332648239808
84.19	-25.30352212051579
84.2	-22.185893120732334
84.21000000000001	-20.268592793196277
84.22	-23.010056997092324
84.23	-17.836310441884336
84.24	-16.55750552321565
84.25	-20.406016879997978
84.26	-16.769355202406036
84.27	-16.94672039562194
84.28	-19.739401291507235
84.29	-21.871029140508153
84.3	-17.03096397642844
84.31	-14.041837026138566
84.32000000000001	-11.29605461641439
84.33	-10.25096066363289
84.34	-9.750431967264797
84.35000000000001	-10.257742467902638
84.36	-11.563901939059715
84.37	-14.645073431854758
84.38	-19.875271711528804
84.39	-17.62089564839723
84.4	-17.707321953927465
84.41	-20.88317965330107
84.42	-20.873646912790537
84.43	-19.290150639502247
84.44	-21.08397411375095
84.45	-19.389903511802927
84.46000000000001	-19.61431921220806
84.47	-17.3392564830011
84.48	-14.414024643512164
84.49	-12.159916699304215
84.5	-11.960324171305098
84.51	-12.620155583485007
84.52	-10.572894512131887
84.53	-19.26667779479003
84.54	-23.968189583305026
84.55	-25.906881564287232
84.56	-22.538919015621353
84.57000000000001	-22.3567595388036
84.58	-21.04533971065385
84.59	-18.60581266509115
84.60000000000001	-15.990313743814726
84.61	-25.974155011724413
84.62	-21.531984622481257
84.63	-23.89125863699988
84.64	-23.29621748729415
84.65	-19.39170621147664
84.66	-16.24652945135997
84.67	-19.09872967400868
84.68	-17.764758917389944
84.69	-19.01027295128946
84.7	-15.168349993491207
84.71000000000001	-18.209399609086926
84.72	-16.313535749242686
84.73	-15.571217746859983
84.74	-17.849550221554534
84.75	-16.204714475091734
84.76	-12.990987187757923
84.77	-11.005936883136101
84.78	-23.362079034278846
84.79	-20.701106570546884
84.8	-22.08572327111621
84.81	-19.164886190952384
84.82000000000001	-16.19888955400459
84.83	-13.424337732132255
84.84	-16.436917598445635
84.85000000000001	-14.182483479228425
84.86	-19.36903260193656
84.87	-20.52733641090061
84.88	-24.461477264279253
84.89	-32.49574266711888
84.9	-29.39128510281853
84.91	-29.436508251583266
84.92	-29.00622112660384
84.93	-31.07300617688981
84.94	-32.835342277630716
84.95	-25.859228321508777
84.96000000000001	-23.163312050989713
84.97	-23.18982272152421
84.98	-22.712778754146296
84.99	-25.765473769669292
85.0	-23.588157528006263
85.01	-18.5032932763544
85.02	-19.528744926172998
85.03	-15.807457223568786
85.04	-17.46128054861759
85.05	-19.879550426512804
85.06	-17.46626264389811
85.07000000000001	-21.88227882049204
85.08	-21.453173485107445
85.09	-26.472480243497962
85.10000000000001	-24.70777841671661
85.11	-28.689110700724044
85.12	-35.4478430813096
85.13	-30.336393558839678
85.14	-26.390083762118813
85.15	-27.64062227259962
85.16	-26.629234497784818
85.17	-28.031575106842066
85.18	-22.67373787284919
85.19	-19.453554338092868
85.2	-16.682119323571687
85.21000000000001	-20.548253823845783
85.22	-23.72140180068801
85.23	-30.048660016475974
85.24	-28.570375337832914
85.25	-23.836982983502647
85.26	-23.28123901008891
85.27	-34.37897552824386
85.28	-27.350921904237886
85.29	-26.65282700614788
85.3	-23.32892334734661
85.31	-23.607435298210632
85.32000000000001	-23.96048820272114
85.33	-27.395207832008296
85.34	-24.27729418078519
85.35000000000001	-23.189908526186052
85.36	-23.31498519716338
85.37	-18.668840731861824
85.38	-17.227453058544747
85.39	-15.152715617594659
85.4	-15.793605429966759
85.41	-15.115190689966644
85.42	-20.24294542675176
85.43	-18.05853255259491
85.44	-16.325906314559234
85.45	-14.426996784647608
85.46000000000001	-13.645090595498734
85.47	-14.784189989058614
85.48	-20.66828455424255
85.49	-22.954020160763857
85.5	-22.825486996245715
85.51	-26.46381153059759
85.52	-22.428626677256172
85.53	-19.115904561199425
85.54	-23.949216119804436
85.55	-30.650684209334536
85.56	-28.74165843821399
85.57000000000001	-27.575394306390088
85.58	-26.614568388220093
85.59	-22.270251579331863
85.60000000000001	-24.05622757170916
85.61	-21.16934340638925
85.62	-18.830017495556522
85.63	-15.12513907192556
85.64	-15.475354104832245
85.65	-13.632131361558464
85.66	-18.02631000058647
85.67	-14.286354277289027
85.68	-12.009344929958916
85.69	-14.174282859543409
85.7	-16.87107428249314
85.71000000000001	-18.3788033077183
85.72	-16.991905419410923
85.73	-24.82085646493027
85.74	-19.943706525880437
85.75	-23.10172975312432
85.76	-23.236489997073374
85.77	-22.433229374537365
85.78	-26.66637480405906
85.79	-20.749275032970182
85.8	-17.559977567060102
85.81	-18.478728238013268
85.82000000000001	-28.057608754188504
85.83	-26.504100310218508
85.84	-24.86738636620373
85.85000000000001	-22.507597190081935
85.86	-22.899401904365003
85.87	-22.273208562357524
85.88	-22.802620768753787
85.89	-19.469968172105126
85.9	-18.540724703476815
85.91	-24.4593708831048
85.92	-24.08010056730074
85.93	-24.26804861292558
85.94	-19.297316351051037
85.95	-16.36461499081381
85.96000000000001	-13.602951235289119
85.97	-10.488448139613594
85.98	-8.748668199619871
85.99	-6.369288035564176
86.0	-8.227217836042346
86.01	-6.3811587960921985
86.02	-10.883381233575799
86.03	-17.27217089649088
86.04	-13.260149540807356
86.05	-10.344422250829027
86.06	-7.697979226873615
86.07000000000001	-4.513130415633355
86.08	-5.975339035996089
86.09	-9.950587830289479
86.10000000000001	-13.68625814792637
86.11	-12.310463241676056
86.12	-12.510025053246107
86.13	-10.571609475913743
86.14	-8.752937490836052
86.15	-13.46108905120501
86.16	-11.670426179717401
86.17	-11.227542907125954
86.18	-14.610035581806365
86.19	-14.82466397668477
86.2	-12.141380914050153
86.21000000000001	-19.28862367661262
86.22	-19.94424742561473
86.23	-20.988059828464593
86.24	-16.55259977443624
86.25	-14.228429581113424
86.26	-13.850119719312618
86.27	-18.26782262288306
86.28	-25.39962961381089
86.29	-26.1183341375849
86.3	-24.01842984292996
86.31	-22.996214047721747
86.32000000000001	-25.509160308160048
86.33	-21.082290091512736
86.34	-24.885503297594727
86.35000000000001	-23.93971077357328
86.36	-27.74236485282575
86.37	-23.984969944607883
86.38	-22.601988067898485
86.39	-19.54043359592615
86.4	-20.335299205059304
86.41	-24.70311022137064
86.42	-24.125313982538238
86.43	-28.723323054390296
86.44	-32.33565042489216
86.45	-30.494523203857483
86.46000000000001	-28.513596189024266
86.47	-32.04624883508869
86.48	-25.311044664365873
86.49	-25.2879171090313
86.5	-22.431962179367112
86.51	-27.654423260963515
86.52	-35.54202615270484
86.53	-32.07915286771515
86.54	-29.887067820114687
86.55	-28.46526146084731
86.56	-25.78659979090675
86.57000000000001	-31.949501606486173
86.58	-30.180564927349764
86.59	-26.719992119032998
86.60000000000001	-26.48595648783836
86.61	-20.81880050390326
86.62	-17.1817361334494
86.63	-14.825126217280312
86.64	-13.23415931348707
86.65	-12.753766983297059
86.66	-15.308467151686061
86.67	-21.602934755387526
86.68	-24.714883127012943
86.69	-25.048296267143304
86.7	-19.93322803605143
86.71000000000001	-23.339258904375445
86.72	-22.514776109581916
86.73	-28.259598277884763
86.74	-29.808530904822383
86.75	-26.09285093159278
86.76	-23.992177322514223
86.77	-18.96737941017447
86.78	-17.89091305511068
86.79	-20.148528697131486
86.8	-18.681175060479784
86.81	-14.978668554776332
86.82000000000001	-11.276162049072882
86.83	-9.659355157828884
86.84	-8.633989945513633
86.85000000000001	-6.543402761310486
86.86	-4.934240988407569
86.87	-2.456296967224031
86.88	1.1148746678445585
86.89	0.14869603950727203
86.9	-2.0843700616962693
86.91	-2.356287743013394
86.92	-2.5475855991999308
86.93	-4.527052816527572
86.94	-4.059151666207211
86.95	-4.127990583438915
86.96000000000001	-4.24219252311363
86.97	-4.7409040584946425
86.98	-6.033917156258758
86.99	-7.577042506771582
87.0	-10.347868401920211
87.01	-8.016426957850925
87.02	-6.443594486814206
87.03	-5.530703211839485
87.04	-4.595640377711524
87.05	-3.6381331719245886
87.06	-3.218532464398546
87.07000000000001	-3.4163592490236008
87.08	-2.8813726958247585
87.09	0.6862697854997999
87.10000000000001	2.0301419372574503
87.11	4.573242843266945
87.12	3.3128679796550804
87.13	9.12873728123508
87.14	9.170263573320785
87.15	9.657501655178933
87.16	11.779565598681451
87.17	13.418937563113285
87.18	15.237321666568722
87.19	13.139941450009403
87.2	12.161555276609914
87.21000000000001	10.34133690265742
87.22	10.276565197269543
87.23	15.061648255005606
87.24	19.270650934011005
87.25	16.4631929997793
87.26	16.230111152995534
87.27	14.531312516684956
87.28	12.732112885282898
87.29	13.632218541581487
87.3	13.4135428471248
87.31	14.263701597467652
87.32000000000001	16.575528121402407
87.33	20.158667584200053
87.34	17.57762782620551
87.35000000000001	15.06326856329672
87.36	14.13905238553599
87.37	13.968220774819263
87.38	18.462710929268464
87.39	18.432425484295816
87.4	22.094291510376497
87.41	21.267603756620886
87.42	23.011136209515264
87.43	25.878330995401143
87.44	26.53265298267242
87.45	30.02877133326907
87.46000000000001	29.037404027547247
87.47	23.073232380546692
87.48	20.314639449531416
87.49	21.734454786830348
87.5	20.867751054110556
87.51	20.290122513685404
87.52	16.16512819358534
87.53	13.398193214211219
87.54	10.873049574850805
87.55	9.465827962305156
87.56	12.448334992003192
87.57000000000001	10.328501235162433
87.58	7.621771783602202
87.59	8.693338083404416
87.60000000000001	17.172768439478247
87.61	19.202052100959296
87.62	23.58495140718146
87.63	33.21025407820581
87.64	27.365456900827024
87.65	25.466741593166798
87.66	28.775774711219988
87.67	25.74277048959868
87.68	27.023398032495162
87.69	21.3237788095017
87.7	21.270468085761667
87.71000000000001	22.825095093112154
87.72	21.34483987261747
87.73	17.423194413279553
87.74	15.13812996867273
87.75	18.0273372116632
87.76	14.31936103175558
87.77	11.936428981964731
87.78	12.663355146434212
87.79	19.04409223476059
87.8	19.501235945604012
87.81	20.552861042181878
87.82000000000001	26.772574493686225
87.83	25.56654130507324
87.84	20.2699390992499
87.85000000000001	16.123090495361357
87.86	14.49526039761184
87.87	16.438722628093313
87.88	21.431612548666934
87.89	23.858861368949704
87.9	23.701545984898505
87.91	24.09112111715668
87.92	22.278741349998977
87.93	17.667326449006264
87.94	14.872775678383896
87.95	20.74410649963426
87.96000000000001	20.894822457988305
87.97	22.505958957777054
87.98	28.724108050063922
87.99	24.718491902909363
88.0	24.123313455059215
88.01	19.512347872709768
88.02	15.401346095739779
88.03	15.600773296040252
88.04	12.824766707743056
88.05	12.952339702954232
88.06	20.927854128382805
88.07000000000001	22.335448312718466
88.08	21.591408171614372
88.09	16.536327472289674
88.10000000000001	15.315469128239275
88.11	16.292263645826306
88.12	17.127676683946355
88.13	15.828243404836483
88.14	17.200332693967862
88.15	17.07176287882883
88.16	21.128281245037034
88.17	24.088690159606102
88.18	19.461873995804496
88.19	17.955668010209315
88.2	17.19862490061689
88.21000000000001	22.768507403150284
88.22	19.125023500700703
88.23	14.33050218392826
88.24	11.85174422099794
88.25	10.586631025263996
88.26	11.767975732435346
88.27	16.13327588465408
88.28	16.850841835494744
88.29	19.567881646606104
88.3	17.498557996623504
88.31	18.475491493747253
88.32000000000001	18.764985956892886
88.33	19.718447215708323
88.34	21.06231670712125
88.35000000000001	18.40444689446677
88.36	22.882402273396284
88.37	21.40803531552862
88.38	16.297030813771723
88.39	14.241058301208497
88.4	12.057001171501188
88.41	14.954510830813653
88.42	19.979409635869096
88.43	15.960613565982818
88.44	18.81702832578091
88.45	19.56414732401574
88.46000000000001	22.77323106704926
88.47	24.496984656718386
88.48	23.440195288766
88.49	22.843033088582725
88.5	30.976117259914748
88.51	30.94799856531623
88.52	36.23875652680675
88.53	34.797954841064694
88.54	27.61261109332884
88.55	26.285599639158434
88.56	24.58156664173468
88.57000000000001	20.46831270847572
88.58	15.895297406081244
88.59	13.307012316798367
88.60000000000001	12.961988112803297
88.61	9.443729550180334
88.62	5.085452803565399
88.63	6.714678253636216
88.64	3.831072814943203
88.65	3.8274494866614184
88.66	2.5623631292372564
88.67	7.587347940252184
88.68	6.978384802182584
88.69	7.509198003453993
88.7	8.538486813933718
88.71000000000001	10.06249376747833
88.72	11.058940753524508
88.73	8.238585426194081
88.74	8.598497356954523
88.75	8.728163288459188
88.76	7.350720308811873
88.77	10.172170238168391
88.78	9.359879711764231
88.79	10.475198060675375
88.8	9.639669074947076
88.81	9.073109956677898
88.82000000000001	10.817107831081048
88.83	12.002021274741798
88.84	14.716144152282597
88.85000000000001	15.931612467401909
88.86	13.118993774573722
88.87	14.724805321145043
88.88	16.610139041259803
88.89	21.4577966252629
88.9	25.37491912907079
88.91	22.28868609446032
88.92	22.907512942773103
88.93	20.516489487340408
88.94	19.806340899568504
88.95	20.810016174720918
88.96000000000001	27.727377621038233
88.97	23.623926208642164
88.98	19.801602905986528
88.99	23.193936008374262
89.0	18.146392800496553
89.01	18.74215298186551
89.02	15.235439014362978
89.03	20.938758147263503
89.04	21.18203281241547
89.05	21.84760966220056
89.06	21.778983780789538
89.07000000000001	23.23080224181396
89.08	26.340108953631454
89.09	23.505815947001235
89.10000000000001	18.65215017198965
89.11	16.054039679824022
89.12	19.342607578292174
89.13	18.849601027476695
89.14	21.03975559304261
89.15	22.461114551986814
89.16	21.517501360176613
89.17	16.783818019247178
89.18	15.059562068149592
89.19	23.367846229535726
89.2	22.039794943524544
89.21000000000001	18.484088014459196
89.22	17.098766544180503
89.23	17.20127249367703
89.24	21.418568556619064
89.25	20.656920559522494
89.26	17.22114157844229
89.27	14.00917566995106
89.28	13.400222946031077
89.29	14.944472990189091
89.3	17.642016596699037
89.31	18.291103032268072
89.32000000000001	16.670349258927637
89.33	14.87123410949832
89.34	12.115181707561604
89.35000000000001	9.584112829769417
89.36	10.178418655979085
89.37	8.744034415051386
89.38	7.873175512267378
89.39	5.401411723858188
89.4	6.4412038782582055
89.41	7.355499847459373
89.42	7.977411241201972
89.43	4.702549904199466
89.44	0.3942948355826946
89.45	-1.0955093486072465
89.46000000000001	-2.203503606279081
89.47	-3.654760221381424
89.48	-6.455687149054808
89.49	-6.659107547994411
89.5	-9.818790259603817
89.51	-18.26877620784154
89.52	-19.85709728185894
89.53	-22.14486104708833
89.54	-18.646166231137318
89.55	-16.858189425787344
89.56	-16.55136027609625
89.57000000000001	-17.675100865355308
89.58	-17.11773553613476
89.59	-14.89335385045602
89.60000000000001	-21.552803517227904
89.61	-20.987494120813878
89.62	-17.09462571405702
89.63	-17.78553091907148
89.64	-14.098357886973144
89.65	-23.969465909778823
89.66	-18.754061390322555
89.67	-14.642057454348645
89.68	-15.936025353182174
89.69	-15.32136347267417
89.7	-12.131031999669966
89.71000000000001	-10.272862745629581
89.72	-9.781916887353498
89.73	-10.050289494112361
89.74	-11.754952573123031
89.75	-15.106848523697048
89.76	-11.879461522040119
89.77	-10.970554420070657
89.78	-10.994412924259377
89.79	-9.438331119163497
89.8	-10.65237534907938
89.81	-12.57042255003044
89.82000000000001	-17.09418452217197
89.83	-13.58032044222961
89.84	-15.101554797317522
89.85000000000001	-12.002115351792813
89.86	-11.176446013943673
89.87	-9.172847568887317
89.88	-9.508560397886981
89.89	-15.988606704800544
89.9	-19.15609665615787
89.91	-19.998648718439203
89.92	-15.979299070463508
89.93	-15.801407573425683
89.94	-23.20278152610673
89.95	-30.765259917692067
89.96000000000001	-28.29881633310134
89.97	-24.306905423372633
89.98	-22.726592725417603
89.99	-20.09406581103167
90.0	-21.577158289383085
90.01	-17.70119452440627
90.02	-20.8172920457533
90.03	-19.021237446250044
90.04	-19.256310094216467
90.05	-18.181332068464393
90.06	-17.70072652068378
90.07000000000001	-15.360708909236148
90.08	-11.845478524109133
90.09	-10.884495998962766
90.10000000000001	-11.606371654344546
90.11	-10.425445121581948
90.12	-8.31378524312103
90.13	-10.226456899132959
90.14	-13.76529596361304
90.15	-15.169480290517766
90.16	-12.893332099316254
90.17	-13.948976500737842
90.18	-12.22335653147696
90.19	-12.932335417609462
90.2	-14.241563950330345
90.21000000000001	-12.221413792626143
90.22	-10.84267612186358
90.23	-15.201066535017356
90.24	-17.505977955741304
90.25	-26.288233018543366
90.26	-25.180103600298924
90.27	-31.998656553163393
90.28	-28.734655625247427
90.29	-24.165061481315654
90.3	-19.364958545400384
90.31	-27.394183211248176
90.32000000000001	-22.88358851868584
90.33	-18.166992763916756
90.34	-20.8119639359904
90.35000000000001	-16.595945728986933
90.36	-16.533773678052004
90.37	-13.460059495625154
90.38	-17.241741217357784
90.39	-16.318583579788925
90.4	-13.882575066134354
90.41	-10.884667187956662
90.42	-8.254285079495821
90.43	-11.985589391658488
90.44	-12.037743274312913
90.45	-13.582503746921306
90.46000000000001	-10.760948379239302
90.47	-9.561676484864577
90.48	-9.449227964960906
90.49	-15.218265912994008
90.5	-12.463675054191508
90.51	-13.320017142989126
90.52	-16.64549525756208
90.53	-17.537309824337118
90.54	-17.319480728484237
90.55	-18.22143302680397
90.56	-16.476589333355268
90.57000000000001	-13.070578097267248
90.58	-10.558623631463902
90.59	-10.892983284636033
90.60000000000001	-9.290938600420628
90.61	-15.94082635942609
90.62	-14.532784058740262
90.63	-15.420470500723484
90.64	-15.04345418622629
90.65	-14.85830464220664
90.66	-11.347120715830759
90.67	-9.141516746205532
90.68	-7.370340989031029
90.69	-4.369011390197465
90.7	-7.150973545148203
90.71000000000001	-7.930665614196742
90.72	-10.924460642639989
90.73	-10.614775052348262
90.74	-10.22489317771089
90.75	-12.71769681406394
90.76	-13.696574623506093
90.77	-12.903726743675143
90.78	-11.482158883678279
90.79	-12.715433053823212
90.8	-12.275996923474016
90.81	-18.464676905606687
90.82000000000001	-14.37865533638647
90.83	-14.268953329090364
90.84	-14.964222839585425
90.85000000000001	-15.131051325220115
90.86	-20.31672902676087
90.87	-25.268637104297945
90.88	-27.032247608332593
90.89	-25.81676680825123
90.9	-26.13777414854863
90.91	-33.778160229491085
90.92	-29.874734777191023
90.93	-28.4231975522232
90.94	-29.778997031740715
90.95	-25.670014099658346
90.96000000000001	-29.16573587062603
90.97	-28.607379032905733
90.98	-35.07838578420934
90.99	-33.82367706461066
91.0	-31.318898313662512
91.01	-31.95421576326733
91.02	-30.70044145766069
91.03	-30.439743227077578
91.04	-26.75468636025397
91.05	-27.41762849639842
91.06	-28.461246587175484
91.07000000000001	-25.887442783727156
91.08	-23.83419907655865
91.09	-28.62824579861636
91.10000000000001	-24.11367069901958
91.11	-22.228149104004174
91.12	-30.249989482602942
91.13	-23.956139107224896
91.14	-23.03556598490322
91.15	-25.367021923208625
91.16	-33.30759233952719
91.17	-30.164978473682076
91.18	-26.52988503052709
91.19	-23.657244695431032
91.2	-20.742126034111944
91.21000000000001	-19.48080775895897
91.22	-15.516184798838594
91.23	-15.218522958455123
91.24	-14.633562915819638
91.25	-15.939645169598549
91.26	-19.26319801360862
91.27	-20.48145723416548
91.28	-24.729823480742493
91.29	-25.212423800486764
91.3	-20.298865929334234
91.31	-16.66957589693689
91.32000000000001	-13.772290884910412
91.33	-19.245033852793483
91.34	-18.33046508613259
91.35000000000001	-19.168911535635186
91.36	-21.119798091109285
91.37	-20.85741608027261
91.38	-28.46590086853751
91.39	-24.047375785897707
91.4	-20.099890558897435
91.41	-17.848785232324527
91.42	-15.524012878459295
91.43	-12.719369713089195
91.44	-10.38729127563513
91.45	-9.380362507763671
91.46000000000001	-6.960217354346938
91.47	-10.472095398640587
91.48	-17.820617748539984
91.49	-15.94852091998314
91.5	-16.171507764123135
91.51	-22.37743413904793
91.52	-18.61385010777382
91.53	-21.77024436417787
91.54	-22.690716384122915
91.55	-23.560328865821635
91.56	-23.20729606800338
91.57000000000001	-22.657346085515872
91.58	-31.01322019243353
91.59	-24.288810039838744
91.60000000000001	-23.881143336427204
91.61	-25.096607740896
91.62	-23.5658576038022
91.63	-22.82432270884635
91.64	-23.435566795240653
91.65	-18.453031436310972
91.66	-20.993156408368048
91.67	-26.602988895685662
91.68	-29.712484270281543
91.69	-27.08448096501647
91.7	-29.326479543073695
91.71000000000001	-25.95018239387411
91.72	-33.896245398423844
91.73	-31.478646576724667
91.74	-27.404374974653194
91.75	-27.65198696971492
91.76	-32.08810174052661
91.77	-32.01375147606054
91.78	-29.25266486995207
91.79	-30.26815652676761
91.8	-25.171666466282925
91.81	-21.411884902878977
91.82000000000001	-17.229898607304023
91.83	-21.170685694308325
91.84	-20.28378400520363
91.85000000000001	-21.04795304043596
91.86	-25.16282360748503
91.87	-25.346549784536776
91.88	-24.5319988520915
91.89	-22.207846988640654
91.9	-22.37618040160949
91.91	-19.57000654656831
91.92	-15.510592399235293
91.93	-15.64093824389438
91.94	-20.101901791059987
91.95	-25.36976589849455
91.96000000000001	-23.16917371543392
91.97	-21.558771025780334
91.98	-17.291266715932267
91.99	-14.662190025439683
92.0	-10.864041931724127
92.01	-11.45864234591178
92.02	-10.998834307516029
92.03	-12.929835415533203
92.04	-17.273754592494956
92.05	-16.72008919488486
92.06	-14.793356630944407
92.07000000000001	-17.411677315736043
92.08	-21.510663773799347
92.09	-20.748870156095734
92.10000000000001	-22.412278941997688
92.11	-26.226156109296102
92.12	-24.747482889280036
92.13	-20.759575899002513
92.14	-16.763654639346353
92.15	-18.545132592152857
92.16	-17.109250361120505
92.17	-14.989203788322948
92.18	-19.23604443097257
92.19	-19.385387208143417
92.2	-19.675080857378017
92.21000000000001	-19.020472418404516
92.22	-16.459201651879006
92.23	-14.920200855534173
92.24	-12.849344964039837
92.25	-15.363872308788203
92.26	-17.589433094926825
92.27	-15.661172450273538
92.28	-19.31703870010411
92.29	-17.424260688645614
92.3	-21.21486317494417
92.31	-24.75839989672778
92.32000000000001	-31.609876870697935
92.33	-27.151465186129375
92.34	-28.29260551724805
92.35000000000001	-26.57969409829036
92.36	-26.028394517202997
92.37	-22.24762285161642
92.38	-25.19524557239585
92.39	-23.004618107205786
92.4	-24.218772982556253
92.41	-19.287554537219318
92.42	-14.48965041033266
92.43	-10.750550329954098
92.44	-7.011450249580852
92.45	-9.965649910694445
92.46000000000001	-10.698367133714932
92.47	-10.580362682189087
92.48	-20.41364823335336
92.49	-21.26655799562239
92.5	-22.46977276554808
92.51	-21.649120411993593
92.52	-24.93996134477941
92.53	-22.45451332690066
92.54	-30.58289105346498
92.55	-30.84250062107033
92.56	-28.311092734927634
92.57000000000001	-26.82972394261296
92.58	-23.079864788646614
92.59	-19.237747604136626
92.60000000000001	-20.250976727825545
92.61	-15.99924838086892
92.62	-22.718273100839056
92.63	-25.91303221576471
92.64	-22.971891622266924
92.65	-27.524385320740958
92.66	-21.60776526489189
92.67	-18.597211848970446
92.68	-19.66014566081546
92.69	-17.591545863414737
92.7	-15.485036544552027
92.71000000000001	-14.427529140568726
92.72	-12.58884142722849
92.73	-9.928398684410304
92.74	-7.119499423227231
92.75	-5.647970623931431
92.76	-3.1618356766675277
92.77	-1.7421315650707696
92.78	-5.157207481051798
92.79	-7.25148834006402
92.8	-13.185806975086091
92.81	-11.679890565661102
92.82000000000001	-12.804717911492155
92.83	-16.270826963788156
92.84	-16.986379360420152
92.85000000000001	-21.182130486070122
92.86	-18.68157256329277
92.87	-19.508661486946618
92.88	-22.077937374942294
92.89	-24.686457706181702
92.9	-32.01229542714226
92.91	-27.195713358765232
92.92	-24.96525169907665
92.93	-22.353897823753783
92.94	-19.737390070512028
92.95	-15.951019887657944
92.96000000000001	-14.932550326197191
92.97	-13.994362489613426
92.98	-14.677538885574531
92.99	-11.943226328930168
93.0	-10.436408789446077
93.01	-12.455448868618964
93.02	-11.594161874707154
93.03	-16.937202785878807
93.04	-13.382013439114909
93.05	-14.809725840425449
93.06	-17.791024385256666
93.07000000000001	-16.367930599905474
93.08	-17.604617683011917
93.09	-15.303186272013658
93.10000000000001	-13.153192427567607
93.11	-13.337058673682868
93.12	-12.61737830364548
93.13	-24.3243932242851
93.14	-22.37096139742229
93.15	-21.830644291960642
93.16	-23.434060426241594
93.17	-18.811324685758343
93.18	-15.291947398597896
93.19	-12.54838539372859
93.2	-11.895921879372915
93.21000000000001	-11.979053747915371
93.22	-16.288048123484508
93.23	-16.754639324128966
93.24	-15.781396232904594
93.25	-13.937889677953644
93.26	-11.648586760787387
93.27	-14.733700426812511
93.28	-22.878807541358047
93.29	-24.695018958973048
93.3	-24.386917163635385
93.31	-27.697329403210425
93.32000000000001	-23.944579749605957
93.33	-19.02034014956583
93.34	-15.32595418102351
93.35000000000001	-12.519799061709485
93.36	-10.860440261637503
93.37	-9.060727176020073
93.38	-10.290394962666122
93.39	-9.478186277152398
93.4	-6.959546859697225
93.41	-7.0617838983350385
93.42	-8.909083079171266
93.43	-10.619447129575168
93.44	-12.298073052056328
93.45	-18.35808257331015
93.46000000000001	-26.616323907424253
93.47	-27.483249924515945
93.48	-22.683751930834013
93.49	-25.406558739429705
93.5	-21.513495130369897
93.51	-20.696268000731784
93.52	-18.606277507024632
93.53	-17.732150822303264
93.54	-14.332369568868504
93.55	-19.295006915939158
93.56	-19.45090314270114
93.57000000000001	-21.04721526964315
93.58	-28.465321362140077
93.59	-25.376846234991273
93.60000000000001	-24.748583863682406
93.61	-29.939610926359183
93.62	-33.39220751274489
93.63	-29.857865928824605
93.64	-23.68919794894318
93.65	-30.154536679301636
93.66	-26.444199750853432
93.67	-23.9385575794656
93.68	-27.301417544454488
93.69	-27.09806331224465
93.7	-28.003022766758086
93.71000000000001	-26.053396078976192
93.72	-22.8505704752356
93.73	-25.651946222929183
93.74	-25.470125865848257
93.75	-26.418423243596205
93.76	-21.16002510769798
93.77	-27.685411977443394
93.78	-26.175629627174732
93.79	-20.931947069979607
93.8	-17.78982921379788
93.81	-14.264188483821838
93.82000000000001	-10.7651385117206
93.83	-7.55194610295641
93.84	-4.145843305082072
93.85000000000001	-6.953143442533963
93.86	-8.010632907539172
93.87	-11.01867134247202
93.88	-12.66736623391791
93.89	-15.766797937802535
93.9	-17.246265848868635
93.91	-18.23892691276485
93.92	-18.004891563524424
93.93	-17.655659929830694
93.94	-14.977877219682002
93.95	-12.70494663381791
93.96000000000001	-12.484129095244928
93.97	-11.88220217969562
93.98	-10.215328729612201
93.99	-9.717173162781267
94.0	-10.293734994000992
94.01	-8.688364869853757
94.02	-9.909528657893196
94.03	-14.829388942230453
94.04	-12.809714487815066
94.05	-16.485277443345954
94.06	-23.10373814939289
94.07000000000001	-18.62048571658315
94.08	-20.059932476019462
94.09	-25.0360543528606
94.10000000000001	-24.31225051030371
94.11	-21.396821925668714
94.12	-23.79184139510835
94.13	-23.204002469155885
94.14	-26.27895809962279
94.15	-22.539148685179292
94.16	-20.120250864513107
94.17	-18.299737318799178
94.18	-23.916441355006004
94.19	-23.684716998109828
94.2	-19.091696478492004
94.21000000000001	-15.669131128944967
94.22	-14.32221037351591
94.23	-17.608709041513347
94.24	-13.587411459368987
94.25	-13.754691954345496
94.26	-14.247880351340827
94.27	-14.04362948706215
94.28	-17.89863510162656
94.29	-15.010380327900828
94.3	-14.069214712420095
94.31	-16.23089414361101
94.32000000000001	-16.957491978517226
94.33	-16.27886710138015
94.34	-21.131130531370903
94.35000000000001	-27.266153974915827
94.36	-24.038015546381573
94.37	-18.959060390511034
94.38	-16.065450294671944
94.39	-15.07771420181768
94.4	-13.1325949197483
94.41	-17.142664510183778
94.42	-14.34668938968719
94.43	-15.203072339371932
94.44	-12.09763453693766
94.45	-13.214588025736536
94.46000000000001	-12.142541259310821
94.47	-13.992032928942848
94.48	-11.101688243835229
94.49	-18.43421598696134
94.5	-18.024511750889356
94.51	-17.569437543815486
94.52	-15.247767813636168
94.53	-15.091812810924381
94.54	-12.352790397345979
94.55	-17.41028968445211
94.56	-31.686822500836367
94.57000000000001	-25.962476194997116
94.58	-27.5194301944624
94.59	-24.90727694335392
94.60000000000001	-23.548471667241927
94.61	-24.105657522678527
94.62	-20.378203787122988
94.63	-17.184376661586278
94.64	-19.904244093838617
94.65	-16.74791078505342
94.66	-13.504444023729791
94.67	-11.856008062730046
94.68	-17.921538793821526
94.69	-17.93892496262526
94.7	-24.287954952826755
94.71000000000001	-22.869223009868417
94.72	-21.154366896569176
94.73	-17.522075125727532
94.74	-14.710235821188144
94.75	-17.186599044319305
94.76	-20.608973837843294
94.77	-17.278845403626278
94.78	-18.0588833296
94.79	-21.3519800805686
94.8	-23.141386991619378
94.81	-23.35922424696567
94.82000000000001	-26.754423052814364
94.83	-29.54097910689291
94.84	-24.594409918742507
94.85000000000001	-28.783107651699233
94.86	-23.778968332454074
94.87	-23.24805187188612
94.88	-24.21710905227826
94.89	-28.615167070948488
94.9	-31.025255264371513
94.91	-31.320302557205423
94.92	-31.436901549100572
94.93	-26.332329527555146
94.94	-21.808745054800873
94.95	-18.82785819885426
94.96000000000001	-15.898317439349277
94.97	-17.587198676091287
94.98	-16.046856509922407
94.99	-15.827444332180592
95.0	-17.83145669409772
95.01	-14.014375751154363
95.02	-11.32328722980557
95.03	-17.745272275282275
95.04	-20.601193816872748
95.05	-16.13566500503825
95.06	-13.603622807326616
95.07000000000001	-15.971181062029421
95.08	-18.57750352041932
95.09	-24.335638524524494
95.10000000000001	-24.941222741663903
95.11	-23.509475784579642
95.12	-29.028976932020807
95.13	-29.44101643080439
95.14	-27.022697337276583
95.15	-21.33882480424698
95.16	-21.308469320410634
95.17	-24.37693414631909
95.18	-23.31173590619274
95.19	-19.290447378230912
95.2	-17.1295835575077
95.21000000000001	-17.44518848962071
95.22	-18.058821936106398
95.23	-15.212959409037648
95.24	-17.189219439991067
95.25	-19.722430090340335
95.26	-32.161124056855265
95.27	-29.002692068582565
95.28	-25.60255351675585
95.29	-20.586694462178976
95.3	-16.120185966406304
95.31	-12.781901602696411
95.32000000000001	-13.441882893412746
95.33	-16.03399981979562
95.34	-17.57381238889801
95.35000000000001	-14.625858357771525
95.36	-16.878279876648044
95.37	-21.3872179332488
95.38	-21.183880498487238
95.39	-22.050444665712135
95.4	-20.04860102226966
95.41	-18.8206475875958
95.42	-16.857644084442533
95.43	-14.78625598658012
95.44	-16.23187321687738
95.45	-14.370446963196654
95.46000000000001	-13.772227005679119
95.47	-15.867450984843767
95.48	-25.574371180073122
95.49	-22.482531722882644
95.5	-19.035046474218056
95.51	-15.590381508090339
95.52	-14.21244374050982
95.53	-13.911464817149781
95.54	-10.616137929136356
95.55	-10.403448041499347
95.56	-14.342481978654149
95.57000000000001	-11.570663880587073
95.58	-11.606707413666399
95.59	-9.550960524910458
95.60000000000001	-7.673930010050949
95.61	-7.631427867433453
95.62	-6.362546785152008
95.63	-7.152700226196339
95.64	-8.826651019869393
95.65	-10.300375608459303
95.66	-9.132589353565372
95.67	-11.426688534344636
95.68	-11.811736662517294
95.69	-14.009147892754942
95.7	-20.599937343874398
95.71000000000001	-22.49356114902881
95.72	-29.378609069375198
95.73	-24.00687949643826
95.74000000000001	-21.954025172182817
95.75	-19.893940986213597
95.76	-16.228347301122483
95.77	-18.140777363785325
95.78	-15.619643295681424
95.79	-14.66458636263124
95.8	-19.34879371576973
95.81	-28.827659190472893
95.82000000000001	-29.734101181140492
95.83	-24.55371596035342
95.84	-27.637061219491258
95.85000000000001	-23.953645712888793
95.86	-26.31319496776984
95.87	-22.562064215924128
95.88	-19.26330893547123
95.89	-15.983213306929787
95.9	-14.804045999135761
95.91	-16.101016911773733
95.92	-15.181515087043028
95.93	-15.2157274532067
95.94	-12.828154492458484
95.95	-17.743204351175272
95.96000000000001	-20.797951134225695
95.97	-17.936423261660572
95.98	-22.480191640034924
95.99000000000001	-24.65631458748535
96.0	-20.960835533084893
96.01	-21.347673966519913
96.02	-22.239544593788644
96.03	-19.819290997062446
96.04	-18.703081534921058
96.05	-20.189351431663347
96.06	-22.41820407100305
96.07000000000001	-22.492204404881214
96.08	-28.742314452854902
96.09	-29.326246758496282
96.10000000000001	-30.06501193669162
96.11	-25.151668339875737
96.12	-22.249781216143482
96.13	-19.554006498476312
96.14	-24.33267890846365
96.15	-19.083177279359358
96.16	-16.36705911043845
96.17	-24.259212814721113
96.18	-20.98289756546968
96.19	-20.592838792195558
96.2	-17.536575030337342
96.21000000000001	-16.499856156895554
96.22	-13.85591072511542
96.23	-12.080427434095396
96.24000000000001	-11.349445554981944
96.25	-11.298864335189224
96.26	-11.640129844386276
96.27	-9.871971576508235
96.28	-9.037144856025105
96.29	-12.586236654404475
96.3	-11.045007338184345
96.31	-10.564524149391987
96.32000000000001	-10.197674724870792
96.33	-13.543150892163974
96.34	-15.301134117039755
96.35000000000001	-19.961974161385733
96.36	-19.84570166649778
96.37	-16.116849660028354
96.38	-14.151173585066058
96.39	-11.542283223918663
96.4	-11.99913529757878
96.41	-18.403829044948484
96.42	-24.546864436341064
96.43	-24.243022230099307
96.44	-26.266030487854067
96.45	-23.888849700805427
96.46000000000001	-30.974396176634865
96.47	-27.62523248167266
96.48	-25.01781086410219
96.49000000000001	-25.642144781376185
96.5	-25.010105164801928
96.51	-22.203620500500737
96.52	-20.562428775790153
96.53	-21.549572211401443
96.54	-18.934415288705296
96.55	-26.677348440813397
96.56	-20.799812791400026
96.57000000000001	-17.42345322194823
96.58	-19.178832860902656
96.59	-22.487837472203026
96.60000000000001	-21.91449253890008
96.61	-24.14522991238284
96.62	-19.490684114536442
96.63	-17.159053924983105
96.64	-18.420439093255858
96.65	-19.008229286672353
96.66	-19.833730041467053
96.67	-20.253718735366753
96.68	-22.576521533214187
96.69	-20.217366421341
96.7	-22.92097686387031
96.71000000000001	-21.134945101502574
96.72	-25.45523979735538
96.73	-32.3473054549176
96.74000000000001	-26.322578091262827
96.75	-22.991109459985793
96.76	-22.82253267638818
96.77	-19.742718400784028
96.78	-16.80872026630285
96.79	-13.0673690275202
96.8	-10.279557208221416
96.81	-12.355200014216862
96.82000000000001	-11.145444626619629
96.83	-8.804158525133248
96.84	-7.630014669672821
96.85000000000001	-8.835547382907839
96.86	-9.851103558614323
96.87	-11.737303804596339
96.88	-16.297871205371415
96.89	-13.7485063313564
96.9	-12.856167566907068
96.91	-17.623463858585815
96.92	-23.83576223880296
96.93	-18.323419713231868
96.94	-16.465929101285763
96.95	-13.924981861697997
96.96000000000001	-13.462481795097506
96.97	-19.209526056291892
96.98	-21.692356065404912
96.99000000000001	-19.899958094397633
97.0	-18.31485125670263
97.01	-25.73210945297364
97.02	-23.563972924468892
97.03	-20.197242560769133
97.04	-17.771081521155217
97.05	-19.64873599198839
97.06	-17.596723197449247
97.07000000000001	-17.70143222696916
97.08	-17.88340212202775
97.09	-14.570559041503543
97.10000000000001	-16.95214873558455
97.11	-13.54608386816922
97.12	-18.826902781603142
97.13	-22.004118106446423
97.14	-24.00594900894997
97.15	-25.04977135325642
97.16	-24.343580582062874
97.17	-19.21147567146529
97.18	-18.790852847497526
97.19	-15.594585875050301
97.2	-14.79634142092008
97.21000000000001	-20.105939650429633
97.22	-15.842292409976054
97.23	-12.492220523115474
97.24000000000001	-10.166534230043514
97.25	-11.974159667180775
97.26	-12.1635485317758
97.27	-9.19343618709336
97.28	-5.156602170295706
97.29	-4.285340898450551
97.3	0.09898244501756014
97.31	3.63985768282778
97.32000000000001	4.739401507631722
97.33	10.485096782883025
97.34	12.463711146326611
97.35000000000001	15.553689681182883
97.36	32.515875693575346
97.37	31.93680156787311
97.38	41.525608725467976
97.39	38.125851675650324
97.4	31.55494026961337
97.41	28.116008095210013
97.42	32.311574059691445
97.43	26.660088911429607
97.44	23.83348294828387
97.45	30.129261503787113
97.46000000000001	27.555316206490367
97.47	32.092902685245505
97.48	27.978391048909646
97.49000000000001	25.776018570976298
97.5	21.491853950293834
97.51	17.159213688879237
97.52	13.79018862399324
97.53	14.597047104374585
97.54	15.830480189304513
97.55	13.395973065850452
97.56	16.911278700670753
97.57000000000001	13.234779944905283
97.58	15.610065508740838
97.59	16.529430313819027
97.60000000000001	17.034675346726313
97.61	26.013174472922685
97.62	24.118562198660296
97.63	20.19091924206942
97.64	17.979921197584872
97.65	18.7462187332064
97.66	28.712872015690177
97.67	22.913823544615
97.68	18.550152921669977
97.69	14.674863929360237
97.7	15.587861796202642
97.71000000000001	12.168839814412708
97.72	12.7780896166661
97.73	12.298098454625595
97.74000000000001	18.315166029603738
97.75	16.283759967371644
97.76	16.43512107232495
97.77	18.2772782806871
97.78	17.631909289545046
97.79	15.375322748213861
97.8	14.595785610196895
97.81	12.496461533887746
97.82000000000001	12.260142791656147
97.83	23.274201888745583
97.84	27.02017704078772
97.85000000000001	23.96818810630264
97.86	20.98530598793165
97.87	17.298738876924624
97.88	19.647859616841583
97.89	23.323679864168625
97.9	19.08071812739353
97.91	15.422474554912293
97.92	14.722820505564341
97.93	12.095148922851267
97.94	11.910837199006108
97.95	9.692559774641527
97.96000000000001	9.917795043073088
97.97	11.923542691316786
97.98	11.095220135759421
97.99000000000001	19.38227292671846
98.0	18.73354986289322
98.01	19.286728978490405
98.02	24.555340430032015
98.03	23.13442458118974
98.04	25.194206256157486
98.05	22.255872864222063
98.06	22.033336176754077
98.07000000000001	17.679637086965062
98.08	23.644891313741066
98.09	22.09869453758301
98.10000000000001	23.73996351866077
98.11	27.229921526258455
98.12	24.609762363840797
98.13	19.9491377352547
98.14	17.32537240697967
98.15	13.536169345322154
98.16	12.058211877883043
98.17	12.068477370816918
98.18	13.868189034750344
98.19	14.841405475009411
98.2	13.974311668212481
98.21000000000001	15.042036424549151
98.22	21.9602497097218
98.23	19.009569865129205
98.24000000000001	19.930128409848074
98.25	22.47905680470933
98.26	21.29921020231323
98.27	24.494927682424596
98.28	21.412999251454593
98.29	27.9062853376568
98.3	23.32158847308128
98.31	22.11446844451838
98.32000000000001	19.946407851264595
98.33	27.486105290287536
98.34	25.53712932478926
98.35000000000001	20.87766881572411
98.36	17.048090099202028
98.37	14.07550374350049
98.38	14.639267967186047
98.39	12.818891566725597
98.4	11.427387711479334
98.41	11.120372955754192
98.42	15.171750678478045
98.43	14.328541827372117
98.44	14.343234583813535
98.45	14.074621378305292
98.46000000000001	15.611005100851447
98.47	17.889325834672775
98.48	14.260391312865664
98.49000000000001	12.297043662496687
98.5	11.296242423365706
98.51	19.59675163753913
98.52	16.837515680131837
98.53	20.092371879005004
98.54	31.013177131213183
98.55	25.033124161661075
98.56	20.32186834364868
98.57000000000001	23.71838615540957
98.58	29.89614213883706
98.59	29.40680275070242
98.60000000000001	32.545910333858615
98.61	34.55162352804643
98.62	28.17683416221857
98.63	23.567038111271277
98.64	23.653474136074518
98.65	23.813029159659287
98.66	22.33540259891749
98.67	31.939471309457947
98.68	29.072386470990992
98.69	25.08837343899031
98.7	28.530821866069346
98.71000000000001	27.096021071959658
98.72	32.468838061222485
98.73	27.07020914076303
98.74000000000001	28.0438964378605
98.75	26.854364480623406
98.76	32.673510932052494
98.77	34.67675955851549
98.78	32.06376835720001
98.79	26.67040470343455
98.8	25.90708136764539
98.81	25.844140895879864
98.82000000000001	21.486078444253494
98.83	23.95899731501557
98.84	20.109092267969416
98.85000000000001	36.24736111686338
98.86	33.971819486005145
98.87	27.9607957026372
98.88	28.549356360290275
98.89	28.929146170756297
98.9	26.95570123827463
98.91	23.786121485280297
98.92	22.48299374791128
98.93	19.585848908664815
98.94	20.001655549654323
98.95	15.833264390469894
98.96000000000001	16.077160204816977
98.97	12.828820958273722
98.98	13.224950089298032
98.99000000000001	17.35428727027787
99.0	23.77099721834106
99.01	23.621123083661093
99.02	22.914242939312235
99.03	28.501672551461752
99.04	24.829968631865082
99.05	22.71461223191578
99.06	20.491512861523674
99.07000000000001	22.64737011689508
99.08	20.115200028480334
99.09	16.40715294555488
99.10000000000001	13.741853327070936
99.11	20.401085598476648
99.12	17.52440578799451
99.13	18.476784763455537
99.14	21.222560167147332
99.15	17.39094601602613
99.16	18.231601702760358
99.17	18.271813434412312
99.18	22.932900169267032
99.19	17.91533489961387
99.2	15.649888802871816
99.21000000000001	18.525084955206268
99.22	19.90376128836037
99.23	23.284724919250053
99.24000000000001	21.93426642831735
99.25	22.368123816609817
99.26	27.715996950283426
99.27	26.68212239205611
99.28	24.150492267823008
99.29	25.10941687332569
99.3	21.187738796318623
99.31	21.29466554705167
99.32000000000001	21.452164337791448
99.33	24.267868868996477
99.34	19.823033452767206
99.35000000000001	19.76650800566238
99.36	18.77585299456936
99.37	20.376079207210335
99.38	16.299129927343916
99.39	12.222180647471703
99.4	9.327174881328986
99.41	6.4843278487217
99.42	3.5484772564104645
99.43	6.024422489585094
99.44	6.300360853840856
99.45	8.838189752866949
99.46000000000001	14.553690918306296
99.47	12.938295151351708
99.48	22.540873905403004
99.49000000000001	31.908373517551606
99.5	26.04901747132083
99.51	24.711149947425085
99.52	19.492963949243734
99.53	15.448609814884254
99.54	16.231989008452103
99.55	21.817282309417966
99.56	19.436533534111717
99.57000000000001	16.161221395521434
99.58	15.395797892426348
99.59	12.197826571570129
99.60000000000001	9.171595314803836
99.61	6.368809349548909
99.62	6.27823598774697
99.63	6.820538391843071
99.64	7.7380924117512615
99.65	12.051935254425587
99.66	12.138900754377318
99.67	13.483066133349796
99.68	14.614918560620467
99.69	11.959664723095232
99.7	9.88742733920467
99.71000000000001	7.0806625109685575
99.72	6.526406263241639
99.73	5.24227194280474
99.74000000000001	5.27009874418259
99.75	9.396476882905024
99.76	6.524458443824283
99.77	6.293831699338481
99.78	8.332386005601231
99.79	7.749333352858473
99.8	7.72160776068724
99.81	10.303140182020663
99.82000000000001	11.018490594208666
99.83	14.852330941591942
99.84	16.035741942434235
99.85000000000001	18.601847164862342
99.86	19.136587120283515
99.87	20.1241909958211
99.88	22.671600520316186
99.89	20.550243677421218
99.9	22.25620426691652
99.91	20.80352029340936
99.92	19.90489782901075
99.93	18.472917078768695
99.94	19.921420316533542
99.95	16.53462934153062
99.96000000000001	18.056613278671644
99.97	17.61533772372673
99.98	17.078625317028926
99.99000000000001	16.900040282542395
100.0	16.400918825090308
100.01	18.040743091730096
100.02	15.278359298436786
100.03	19.576996664308066
100.04	17.479291140700898
100.05	16.62050483574616
100.06	20.516164325877547
100.07000000000001	18.819174789710676
100.08	18.827928277703304
100.09	23.318523741544663
100.10000000000001	19.22313364908393
100.11	26.98469489105424
100.12	26.660506932629094
100.13	23.907149827002083
100.14	24.848593096142903
100.15	22.203635826992453
100.16	21.778914174070042
100.17	22.386879613099023
100.18	19.552763242311688
100.19	16.526262265629093
100.2	14.135170915810939
100.21000000000001	13.58174867097907
100.22	12.341903650572625
100.23	11.244686540283643
100.24000000000001	9.611007325828815
100.25	10.775553349848446
100.26	9.3419639702734
100.27	12.726521686171695
100.28	14.61671220978942
100.29	13.006820916159342
100.3	11.514667396224233
100.31	13.857830861222482
100.32000000000001	20.07476802726218
100.33	16.110516600006957
100.34	12.152381416722614
100.35000000000001	9.289103611171933
100.36	6.4258258056253235
100.37	5.935115998466472
100.38	7.925976613845607
100.39	8.590872136913363
100.4	7.564435881101449
100.41	8.995569931232906
100.42	11.951057664048573
100.43	12.593397041978955
100.44	14.01137309118938
100.45	13.146918505121572
100.46000000000001	14.991297714180769
100.47	12.952064174016558
100.48	15.932698327050373
100.49000000000001	13.72333979824043
100.5	22.33586936840624
100.51	26.88773567356854
100.52	21.173635106942513
100.53	20.311764969256835
100.54	21.28861761581015
100.55	20.62809621733158
100.56	18.405391992143514
100.57000000000001	16.530220273987872
100.58	13.032049257446419
100.59	15.33461430018023
100.60000000000001	15.813033852058004
100.61	16.14013179586643
100.62	13.42816457662115
100.63	11.840459051555007
100.64	13.206584277869549
100.65	14.908647526160577
100.66	11.486934409383272
100.67	11.398736563211694
100.68	15.354431640743298
100.69	19.5397153280832
100.7	17.688040880686234
100.71000000000001	18.563451208218773
100.72	24.224094245903256
100.73	19.222148635632287
100.74000000000001	15.754246325996057
100.75	15.733351023254151
100.76	13.855610837028317
100.77	12.074614961069905
100.78	9.875987045702248
100.79	9.381305478145848
100.8	7.568191465674228
100.81	7.63378200680589
100.82000000000001	9.632092920936692
100.83	8.34536679132409
100.84	6.254960513256907
100.85000000000001	10.122833540621142
100.86	9.558247618058898
100.87	11.414488661107283
100.88	11.081701723826697
100.89	15.486970886049884
100.9	16.250495327964604
100.91	20.595767323926793
100.92	16.7274335548727
100.93	17.162003026101907
100.94	13.615741403606144
100.95	12.727443917949698
100.96000000000001	13.110985334947644
100.97	13.781258496976092
100.98	10.962107922370109
100.99000000000001	12.894750901396872
101.0	15.645243325381877
101.01	20.45408599725075
101.02	18.647325222795885
101.03	18.002098978568352
101.04	14.26937900097095
101.05	12.524348225521944
101.06	14.792577474458168
101.07000000000001	19.61915954706023
101.08	24.298568779454367
101.09	26.02260059632795
101.10000000000001	25.3655260650437
101.11	26.042445215316413
101.12	28.126192684706947
101.13	27.208766534401356
101.14	23.323094675038234
101.15	20.42206684536296
101.16	19.865142670177654
101.17	20.08710608669485
101.18	22.24820734589726
101.19	23.72510389214751
101.2	19.223890004736294
101.21000000000001	16.166681391311315
101.22	12.364133677095952
101.23	11.250640244484902
101.24000000000001	14.65453549213223
101.25	12.621307076981497
101.26	8.684450324572959
101.27	4.599935175227917
101.28	3.4825217335376375
101.29	2.6128274590302234
101.3	3.35368558282308
101.31	4.4585441774398396
101.32000000000001	3.829471480764689
101.33	5.79527517881605
101.34	12.587138487826609
101.35000000000001	13.06730043308613
101.36	24.79677395967247
101.37	27.383560113646354
101.38	30.598642918566537
101.39	24.092179971309218
101.4	29.707202177993185
101.41	29.567860809064292
101.42	30.084509473256517
101.43	25.046883044632143
101.44	23.739401307695434
101.45	21.573492284403827
101.46000000000001	20.815044818001866
101.47	16.4736728079586
101.48	13.33304467797115
101.49000000000001	13.00358662934941
101.5	11.852535185138043
101.51	9.650574756083898
101.52	8.966919018385159
101.53	7.166765312588362
101.54	8.300407657800152
101.55	9.4932926345455
101.56	8.965464900871472
101.57000000000001	7.896107398817965
101.58	6.905857983198968
101.59	8.445657800026057
101.60000000000001	11.11423436335953
101.61	14.893791002298567
101.62	11.397111929863653
101.63	7.888707737106516
101.64	12.154290738498407
101.65	14.679415196798386
101.66	15.053337085197404
101.67	15.301253411167917
101.68	16.222376905263726
101.69	12.687585386591415
101.7	11.380982746579976
101.71000000000001	17.480598565127753
101.72	27.45907384093159
101.73	28.342064160689137
101.74000000000001	26.12542133747592
101.75	29.96657882727887
101.76	33.04751881535091
101.77	29.40575532551311
101.78	26.0952797644128
101.79	24.78453327682075
101.8	24.954705917217055
101.81	30.160426798112415
101.82000000000001	25.69955183943765
101.83	23.241155467001107
101.84	29.680070240093286
101.85000000000001	24.401829342014413
101.86	27.394844100180286
101.87	23.49262756997644
101.88	22.011206762107182
101.89	22.385511738226377
101.9	18.74656429963916
101.91	19.906992997220538
101.92	21.236051628359075
101.93	18.501531247238592
101.94	20.12753141529324
101.95	21.17885282678404
101.96000000000001	20.3404052831008
101.97	19.2913740055761
101.98	23.402141249037502
101.99000000000001	24.171216439303667
102.0	22.231236694515914
102.01	26.26135867162327
102.02	24.11549528862959
102.03	29.743865103006843
102.04	24.084137134540907
102.05	24.415545743003257
102.06	31.36472539790121
102.07000000000001	31.079390109349614
102.08	28.517170679817543
102.09	26.387621061578336
102.10000000000001	31.30288450893683
102.11	31.800545554599754
102.12	27.15855613402779
102.13	24.2833794569074
102.14	25.50631209419254
102.15	20.34435662959935
102.16	18.97832402357587
102.17	15.67079496947451
102.18	18.78401871639042
102.19	20.70148137304606
102.2	26.130909250524955
102.21000000000001	24.394620838192175
102.22	21.356566465823125
102.23	23.71416502970667
102.24000000000001	25.05037219440002
102.25	21.610997314001498
102.26	17.987807578616458
102.27	17.14861947841082
102.28	15.489003382041805
102.29	17.894067932670648
102.3	31.545156366565152
102.31	31.443277049057183
102.32000000000001	26.69501888456004
102.33	21.30873714000178
102.34	16.223423243084586
102.35000000000001	13.983258162910998
102.36	11.74006824579209
102.37	17.96873253070736
102.38	16.99299062954535
102.39	17.964914027533375
102.4	17.217485845129215
102.41	20.738368969402938
102.42	20.038586938174188
102.43	20.828011248519026
102.44	19.826247090058654
102.45	17.714207306283612
102.46000000000001	20.344325984100887
102.47	17.170619034264078
102.48	18.264918372736442
102.49000000000001	18.867098666065345
102.5	27.07187709146438
102.51	28.14376434136838
102.52	22.654605294792745
102.53	29.98853793401361
102.54	26.351159901846565
102.55	24.260395437547245
102.56	23.653506375943113
102.57000000000001	19.181203039422616
102.58	19.703866486336015
102.59	17.20084762536346
102.60000000000001	14.993046058601157
102.61	16.4288367617222
102.62	19.086985220806845
102.63	19.538374758547395
102.64	15.963656523994985
102.65	13.03129036586305
102.66	11.297303656114577
102.67	8.458703247619486
102.68	7.460415031283678
102.69	3.1352621998454944
102.7	4.647193961553023
102.71000000000001	3.799392876793779
102.72	4.6574307004992255
102.73	10.228259816598182
102.74000000000001	11.571056896382665
102.75	17.023856741049183
102.76	16.24479053481858
102.77	17.391312640578953
102.78	23.827011181418758
102.79	20.66747805057827
102.8	16.220772497018235
102.81	19.73717899556709
102.82000000000001	17.33506062174946
102.83	27.629043092436323
102.84	28.552520460841794
102.85000000000001	22.916988278086833
102.86	21.822231473239743
102.87	25.581965158864445
102.88	20.350914101611476
102.89	17.60826962971448
102.9	14.006640589127004
102.91	11.87895233970677
102.92	11.61196099810415
102.93	9.946684843285984
102.94	17.178741621028188
102.95	17.274612535201186
102.96000000000001	21.134593116730034
102.97	19.78971668142643
102.98	31.366602773746962
102.99000000000001	27.987719427899137
103.0	22.445249510506287
103.01	28.40897929270982
103.02	29.03102203975367
103.03	23.989673713887573
103.04	21.074811646553908
103.05	17.48559629583828
103.06	14.204685796910876
103.07000000000001	14.764323186514419
103.08	21.275062698817624
103.09	16.823623130547908
103.10000000000001	16.228095382031388
103.11	16.679236665859115
103.12	18.040972656073066
103.13	14.405745873655395
103.14	14.943062741243208
103.15	21.242555201395625
103.16	29.217272158932307
103.17	29.323365979276314
103.18	25.905449664350183
103.19	28.151237694816757
103.2	31.06318128368468
103.21000000000001	25.7344714937302
103.22	24.722115711287405
103.23	22.046267150382064
103.24000000000001	21.42473641087418
103.25	20.758799868658187
103.26	17.57370921204469
103.27	15.972888578268785
103.28	17.68455937554446
103.29	21.36399906992188
103.3	26.59466967543731
103.31	21.567248446431798
103.32000000000001	25.507383683537405
103.33	21.745625580243747
103.34	19.43842817386125
103.35000000000001	18.760135332688815
103.36	16.034515812462157
103.37	12.619143782835257
103.38	15.967007037490744
103.39	15.874680967747347
103.4	13.1427254984187
103.41	13.654172515781077
103.42	13.589446114360298
103.43	18.860113925583413
103.44	25.72025445150327
103.45	23.358320652852523
103.46000000000001	22.56099142847695
103.47	18.022531842135642
103.48	15.712093347351866
103.49000000000001	15.628201614815609
103.5	17.18104971855431
103.51	19.184893404598217
103.52	20.685013162196448
103.53	20.368149258678887
103.54	16.22451267472424
103.55	22.412941252288753
103.56	18.104649428268505
103.57000000000001	18.77584881574432
103.58	18.660713571205484
103.59	20.16154597850592
103.60000000000001	18.676329072143346
103.61	20.509008292040775
103.62	17.44349821062647
103.63	15.169160600982275
103.64	13.687641576531462
103.65	11.46062256511214
103.66	12.661657015609114
103.67	14.834585685781411
103.68	16.815285247073973
103.69	21.834166199307806
103.7	17.725646133199685
103.71000000000001	15.67293859742213
103.72	21.578778206144463
103.73	24.70147586407397
103.74000000000001	21.618125149446595
103.75	19.953179584211547
103.76	18.58368695112324
103.77	16.209309178991365
103.78	16.01610591814199
103.79	13.807550817679763
103.8	14.265848172411417
103.81	18.352760230925995
103.82000000000001	15.436253345833176
103.83	12.458720118558288
103.84	10.527179752145756
103.85000000000001	15.171900086301669
103.86	17.17265150442248
103.87	15.651980987559455
103.88	17.425928920283827
103.89	16.0521052568975
103.9	13.415303721061143
103.91	17.107341731249676
103.92	17.921355470395028
103.93	24.29481488256411
103.94	29.880519208582246
103.95	24.99758157510489
103.96000000000001	21.431036255734377
103.97	17.113078210589823
103.98	15.344617873610414
103.99000000000001	14.021340231742105
104.0	15.434432232890051
104.01	11.341434907510203
104.02	12.421819143689493
104.03	12.044764511683017
104.04	12.450125543775401
104.05	11.200444811560017
104.06	10.168270813752414
104.07000000000001	16.03129451459302
104.08	13.770361787647948
104.09	18.771779681553802
104.10000000000001	24.33576620478542
104.11	26.97078143705483
104.12	21.899899361775294
104.13	25.431029847385183
104.14	22.059964900019732
104.15	19.27101195163331
104.16	24.75508017551122
104.17	26.456954668242407
104.18	22.7727698608433
104.19	21.837386137946268
104.2	17.770454736507077
104.21000000000001	18.291541989286277
104.22	21.511551894564835
104.23	23.729628948588104
104.24000000000001	25.75456223262359
104.25	23.821845489992224
104.26	24.331123220854735
104.27	22.820446384272543
104.28	25.89583344113403
104.29	20.35229620653293
104.3	18.2828018235825
104.31	14.35586547892255
104.32000000000001	14.55369868100678
104.33	17.699693506568572
104.34	24.882286141734873
104.35000000000001	21.98482905020519
104.36	24.209730704721938
104.37	24.652255800398436
104.38	30.89658394195854
104.39	28.669212369446765
104.4	24.217100253404563
104.41	22.820234954633722
104.42	27.561898498865066
104.43	22.01340886038697
104.44	23.396469033616345
104.45	24.33801400529306
104.46000000000001	21.197909157272044
104.47	27.151314531685852
104.48	29.588458708538667
104.49000000000001	24.29623404917243
104.5	24.355356517404722
104.51	21.404964226113197
104.52	21.236353398631056
104.53	27.741381713435192
104.54	26.152665975353933
104.55	23.645554649609338
104.56	20.14827553880306
104.57000000000001	16.813843150211035
104.58	15.10386982024861
104.59	12.19755649377757
104.60000000000001	10.44921467012356
104.61	10.321679988221868
104.62	8.088085152574198
104.63	19.739792801130502
104.64	18.96619954015416
104.65	19.094107664110048
104.66	22.577734937592577
104.67	20.186102966327603
104.68	16.356521549037186
104.69	16.499848396685692
104.7	14.288751015223406
104.71000000000001	25.717280442818197
104.72	29.871560618063608
104.73	32.60505622886904
104.74000000000001	26.028932026262613
104.75	20.62523430236762
104.76	20.345728759289067
104.77	24.748365808789536
104.78	23.252291696838
104.79	24.835812325081662
104.8	28.88785391954064
104.81	31.77155777488391
104.82000000000001	31.80367022688229
104.83	31.108360642610375
104.84	31.316820077849112
104.85000000000001	27.352742238179133
104.86	28.30788608246768
104.87	23.226499877395742
104.88	24.307166410145218
104.89	23.58776500847024
104.9	20.11882392485411
104.91	15.981273521481596
104.92	12.794533894707191
104.93	16.749045951768263
104.94	17.708074635083364
104.95	20.629199719450288
104.96000000000001	20.96744762273004
104.97	17.068035301253406
104.98	16.365242940200904
104.99000000000001	17.49400741543619
105.0	29.36501093491528
105.01	30.59957428022849
105.02	27.298739815566336
105.03	27.685656550401433
105.04	28.815017058961143
105.05	29.58567383380789
105.06	31.103422271915022
105.07000000000001	29.521276906932375
105.08	23.95325607322147
105.09	20.788107192967626
105.10000000000001	24.409936219818988
105.11	26.23387953608493
105.12	23.147404874355463
105.13	22.093099118287277
105.14	19.03801337746108
105.15	24.578839980257946
105.16	28.383330915083043
105.17	34.69836691408389
105.18	32.84328852469371
105.19	26.976051951227262
105.2	27.969667444800304
105.21000000000001	23.053552123889528
105.22	18.225652356457463
105.23	15.940666319951339
105.24000000000001	18.995164866087258
105.25	20.852114778450872
105.26	17.570506186536598
105.27	13.454028126685875
105.28	10.47622399061075
105.29	7.896112022488869
105.3	7.312758851657744
105.31	12.550755141802247
105.32000000000001	9.547107204990718
105.33	6.288651009214704
105.34	3.5439936342467653
105.35000000000001	2.2217591581849296
105.36	7.304762573892394
105.37	7.599265715839027
105.38	9.220054097124043
105.39	12.53716685697187
105.4	12.640873216218017
105.41	10.51697340565492
105.42	13.772922712357348
105.43	13.69367204183663
105.44	17.448414567689
105.45	15.36752514224987
105.46000000000001	12.444124697081909
105.47	10.45836062842209
105.48	9.574464245157346
105.49000000000001	8.87623693747741
105.5	9.29896260782724
105.51	8.749184613956142
105.52	10.948391204213065
105.53	9.606778132812257
105.54	8.655105687319542
105.55	8.911326314484437
105.56	6.948906517424928
105.57000000000001	9.473762520314267
105.58	21.42939905022715
105.59	18.990496704143006
105.60000000000001	23.187249306634314
105.61	26.694733234750665
105.62	27.547817381884805
105.63	30.75580651534181
105.64	29.237277998676696
105.65	31.322407670131977
105.66	32.94526532053443
105.67	30.48317526392668
105.68	23.3367131585044
105.69	19.617143873462734
105.7	21.511560270931433
105.71000000000001	17.370252790866626
105.72	23.557244557131433
105.73	26.85596778133068
105.74000000000001	27.266311130432285
105.75	33.65819439940806
105.76	33.772631578211644
105.77	26.757352173191055
105.78	26.312881092776596
105.79	26.20769304228331
105.8	25.11847045191336
105.81	23.15404166170013
105.82000000000001	25.005443391680753
105.83	21.504577322447865
105.84	20.923211053077054
105.85000000000001	17.6813883673939
105.86	19.502718188996038
105.87	16.18754139160185
105.88	16.221274177469873
105.89	17.199345874182793
105.9	23.33857581071424
105.91	25.069556784600156
105.92	19.534329325538337
105.93	19.43232985104594
105.94	29.142251661319587
105.95	28.377687833716692
105.96000000000001	25.195098467942252
105.97	20.137372354962178
105.98	16.305174060130117
105.99000000000001	12.5054054592583
106.0	9.431210410587786
106.01	6.569643349564615
106.02	7.52576728430846
106.03	9.248726366038403
106.04	11.406267929390138
106.05	12.27428857267476
106.06	17.776500974413896
106.07000000000001	14.383561736710751
106.08	12.55387305793644
106.09	11.184710842440357
106.10000000000001	9.3907873890926
106.11	9.834806376478573
106.12	14.422549167761225
106.13	15.677151317298822
106.14	13.045419269140602
106.15	18.212515322808354
106.16	18.460322188065597
106.17	18.19869888367248
106.18	19.647011908962615
106.19	25.712744075494015
106.2	22.109922959877874
106.21000000000001	20.142859855577917
106.22	18.68744462713086
106.23	24.570302922657827
106.24000000000001	20.328882778336837
106.25	18.423041654394886
106.26	18.97874853047205
106.27	20.08561938374158
106.28	22.08844789508474
106.29	20.50785648467454
106.3	20.297596445768548
106.31	21.916515237743784
106.32000000000001	19.49747597246886
106.33	24.984517498400525
106.34	25.635634840994264
106.35000000000001	19.8269089218531
106.36	16.470486315207218
106.37	22.104925920547405
106.38	21.977962973759468
106.39	27.287947367346426
106.4	21.31704874626474
106.41	21.32925080516451
106.42	16.71740004268181
106.43	13.674950147330927
106.44	13.280373082234632
106.45	13.241633542451929
106.46000000000001	19.5826763769203
106.47	23.967122444265957
106.48	20.25635030629756
106.49000000000001	16.41405379108429
106.5	15.67420505607658
106.51	15.841785647223555
106.52	18.322059832667314
106.53	21.250498805238227
106.54	17.694097200775417
106.55	15.017652355491764
106.56	17.26209425841524
106.57000000000001	22.56786363517473
106.58	17.920738496892128
106.59	16.181095116317415
106.60000000000001	18.620987617091693
106.61	17.89163454153822
106.62	16.006265752437294
106.63	16.91397845439762
106.64	19.52492357775969
106.65	16.369332725322103
106.66	16.468324415355788
106.67	13.177486345509186
106.68	13.481346845059093
106.69	15.128677367071523
106.7	15.031873364208105
106.71000000000001	16.598665038464652
106.72	15.821255987873796
106.73	14.251434045710328
106.74000000000001	19.600458258102314
106.75	15.305925828544728
106.76	14.100970755600676
106.77	16.68335360131711
106.78	13.151376364196997
106.79	13.48911725731283
106.8	12.987263998899236
106.81	17.381390829483312
106.82000000000001	21.469909509996008
106.83	22.986750419972537
106.84	22.95914117866245
106.85000000000001	23.630994765023164
106.86	20.674902667532727
106.87	16.199856280200976
106.88	14.78018597259844
106.89	17.5877156806254
106.9	16.430766684296877
106.91	13.13118067296764
106.92	18.38693578734919
106.93	16.80372370282167
106.94	14.72983180545887
106.95	21.622207384627895
106.96000000000001	18.8993697554813
106.97	20.259330117944664
106.98	21.279510209750878
106.99000000000001	19.860989888799416
107.0	17.84624971153365
107.01	18.622373869831932
107.02	20.658769665397216
107.03	29.561243502559254
107.04	27.701865867155767
107.05	23.437025569234407
107.06	26.358985080374275
107.07000000000001	23.462383534852414
107.08	19.87114113595538
107.09	15.754933546505509
107.10000000000001	13.301211319128798
107.11	10.948951369571521
107.12	12.394617316091518
107.13	14.986980052530024
107.14	12.134741800971723
107.15	10.593360918053735
107.16	12.304614372832985
107.17	17.834916928433184
107.18	19.773975419572302
107.19	19.92348439474028
107.2	28.67648061934642
107.21000000000001	27.584152567282764
107.22	24.207968678997606
107.23	19.290734753723918
107.24000000000001	16.067797674758037
107.25	20.878225354432313
107.26	19.936009079605068
107.27	20.73612469869827
107.28	22.93596054993164
107.29	28.16938895927623
107.3	22.422850871263655
107.31	19.816443865691042
107.32000000000001	21.443811054300085
107.33	18.339475460699045
107.34	15.887634477845234
107.35000000000001	13.430084590519254
107.36	15.314140939411987
107.37	13.027936168755955
107.38	12.747066900660652
107.39	13.49625518433711
107.4	14.417529048012023
107.41	29.013923117126673
107.42	26.901257973818122
107.43	29.862630140168648
107.44	24.157341684731033
107.45	24.542424052603526
107.46000000000001	20.181435726453145
107.47	17.71298637211342
107.48	16.574849683543743
107.49000000000001	15.087870357997229
107.5	15.841924732254132
107.51	17.187331486351436
107.52	17.51631446224733
107.53	16.270347473591045
107.54	14.372132363217316
107.55	16.572842098151046
107.56	13.288265573916979
107.57000000000001	11.70084668877435
107.58	25.171465468059647
107.59	25.875313728105326
107.60000000000001	24.602230318977828
107.61	28.983829464838344
107.62	26.09408443430691
107.63	27.15764717589414
107.64	25.0955224850053
107.65	28.540872056478168
107.66	26.73420513833964
107.67	28.19752734422497
107.68	24.82833133525594
107.69	23.605038676492427
107.7	20.67404180946772
107.71000000000001	18.591425983431893
107.72	20.733699203310582
107.73	26.160712578346388
107.74000000000001	26.55130370169465
107.75	29.178567500437246
107.76	23.14644669781657
107.77	18.26859477497904
107.78	15.525249501330174
107.79	17.727784853376836
107.8	16.013772410392427
107.81	17.408734702799553
107.82000000000001	17.57651626382176
107.83	19.005617557331682
107.84	20.203021000785522
107.85000000000001	21.841713209672875
107.86	17.964160575295978
107.87	14.358404754861219
107.88	18.166829879748395
107.89	14.644996862682623
107.9	12.29417250361554
107.91	13.290420939160686
107.92	13.016134370815964
107.93	17.05267862035946
107.94	17.634233978080825
107.95	14.69572326157641
107.96000000000001	15.907910459899657
107.97	12.133458119112014
107.98	10.403280022923315
107.99000000000001	8.953623637927588
108.0	12.26629622633397
108.01	10.361684448817496
108.02	11.897267530486554
108.03	13.466970056025197
108.04	11.44008948594512
108.05	10.04994576309708
108.06	13.34641195843032
108.07000000000001	15.52005474988076
108.08	13.716716152733516
108.09	12.75747444247015
108.10000000000001	10.746239339633439
108.11	9.73948705433899
108.12	8.753723754623026
108.13	5.6022844622223475
108.14	2.0216177247892073
108.15	3.834356026136913
108.16	3.980811864275339
108.17	10.055073298935113
108.18	15.114905892080394
108.19	13.995445599880496
108.2	13.683629096639859
108.21000000000001	14.07950494336592
108.22	16.747532271045774
108.23	19.992360875947984
108.24000000000001	23.392085083588572
108.25	21.116719395919937
108.26	18.463642326246227
108.27	15.752360211429144
108.28	25.174318690364057
108.29	23.748637600696632
108.3	22.624638250957915
108.31	27.091157134122064
108.32000000000001	28.593563564380222
108.33	31.807116484530223
108.34	30.278874623735412
108.35000000000001	26.602106681545205
108.36	27.505739657396507
108.37	22.515085472550016
108.38	23.923842905333277
108.39	24.64118693392643
108.4	24.92409532775864
108.41	24.712367520217974
108.42	20.97494544269323
108.43	21.18636215777453
108.44	20.93526463437476
108.45	20.383876891141057
108.46000000000001	19.869517282080242
108.47	26.035624517884994
108.48	21.014132065542633
108.49000000000001	17.264645854467357
108.5	18.306019483056065
108.51	18.998487859760957
108.52	18.093054180478006
108.53	24.047114153950908
108.54	18.777876065142134
108.55	17.25286550590854
108.56	17.048837013331152
108.57000000000001	26.526819548295926
108.58	21.203102348467464
108.59	22.420372889315196
108.60000000000001	19.19532462516678
108.61	15.564547275232052
108.62	12.644588293947233
108.63	11.990704333869628
108.64	12.349043472173104
108.65	15.59612611932404
108.66	15.873573076186767
108.67	12.589160979247977
108.68	10.635011483421142
108.69	10.863912607812956
108.7	9.409598542296871
108.71000000000001	9.276700097786687
108.72	6.150881714238517
108.73	4.9215859264470865
108.74000000000001	15.50822259674788
108.75	13.265140378850592
108.76	16.308991806237692
108.77	18.36370014093606
108.78	22.538849306392954
108.79	33.394927797734745
108.8	27.409006787618445
108.81	24.685709949507054
108.82000000000001	32.3198948365056
108.83	32.47695123854516
108.84	29.939754269810784
108.85000000000001	26.927165217094274
108.86	32.026234852042265
108.87	31.65000401605078
108.88	38.08639017684416
108.89	34.154517799595745
108.9	27.379604983321855
108.91	24.044222163245987
108.92	18.95020259608459
108.93	16.861910422919696
108.94	16.819586861153642
108.95	21.217883599911545
108.96000000000001	17.758922810271713
108.97	17.67892242242271
108.98	13.758086278624837
108.99000000000001	11.740807574291539
109.0	18.749358969698203
109.01	14.868652678268028
109.02	12.90609946969817
109.03	11.545636656902277
109.04	15.353893368817783
109.05	12.751332391955877
109.06	13.037180331153902
109.07000000000001	16.509559381706445
109.08	13.591832811162922
109.09	11.84723404173494
109.10000000000001	11.02648534502061
109.11	9.02470802741847
109.12	13.432418557222052
109.13	22.270328171715363
109.14	21.172989257642957
109.15	16.804510179664216
109.16	15.701535768673399
109.17	13.295895922991779
109.18	14.721318318578138
109.19	15.530100897123178
109.2	21.037524297528993
109.21000000000001	16.9827187909423
109.22	20.873152047006965
109.23	19.32867151670152
109.24000000000001	19.98428126403666
109.25	15.970285083133984
109.26	17.43282014408616
109.27	20.991118562497732
109.28	18.072657898863188
109.29	20.05464380036446
109.3	20.290602719521097
109.31	17.173896668742938
109.32000000000001	14.206425121049271
109.33	14.827832163279542
109.34	11.304854643950055
109.35000000000001	18.535373402886883
109.36	22.117912253121375
109.37	22.32828093746879
109.38	19.009703144446984
109.39	14.980593168386445
109.4	12.02364424634485
109.41	11.82450458987695
109.42	15.800693117001448
109.43	20.7382243934645
109.44	30.02454687514496
109.45	23.882120974049776
109.46000000000001	22.91914230883676
109.47	20.783091092864137
109.48	17.976354153182214
109.49000000000001	20.972885588758672
109.5	23.512238300382887
109.51	31.512214138354665
109.52	31.391387392544452
109.53	35.01897114747094
109.54	41.010262911826814
109.55	33.220257247962536
109.56	30.415458673245276
109.57000000000001	32.74603787147705
109.58	35.05640075401112
109.59	33.0296562043892
109.60000000000001	29.995358836830793
109.61	26.226101398938116
109.62	32.494060887771276
109.63	31.35823367931206
109.64	28.436822977532213
109.65	30.576426756602746
109.66	36.68245343336357
109.67	33.396112763320914
109.68	26.485224888600467
109.69	23.190781293273478
109.7	20.25378797039433
109.71000000000001	21.939920128989005
109.72	22.727061924214972
109.73	26.36034063867413
109.74000000000001	22.643816203674422
109.75	26.671663068194675
109.76	27.959800418620937
109.77	24.83272815303081
109.78	20.65799203949756
109.79	18.41359895097616
109.8	17.916955530103056
109.81	18.00868934224425
109.82000000000001	19.93885933769815
109.83	16.74834159995735
109.84	16.083876360757213
109.85000000000001	14.320924060573555
109.86	14.369895160212621
109.87	19.601760754926165
109.88	23.0152817534346
109.89	22.97738077340524
109.9	18.018224487664185
109.91	16.33313925274331
109.92	24.11127395016274
109.93	24.372993595645543
109.94	21.90032196959077
109.95	19.7306440813541
109.96000000000001	18.887030291127584
109.97	17.6540730258147
109.98	19.632368491118044
109.99000000000001	20.643253281217437
110.0	17.968468723005216
110.01	26.56711420380198
110.02	25.69231884538648
110.03	22.50440223365273
110.04	24.092441885814864
110.05	27.245776285413356
110.06	29.8487157607904
110.07000000000001	23.989901551293976
110.08	18.13108734180587
110.09	17.621568761084806
110.10000000000001	17.30304935667592
110.11	23.571757914343824
110.12	27.06368329981139
110.13	26.506590935942455
110.14	24.155241211374666
110.15	22.30720371507816
110.16	21.01390606057312
110.17	20.075434472507286
110.18	17.72702238672551
110.19	16.05705867567198
110.2	17.792851558940928
110.21000000000001	23.756274374576257
110.22	24.67277210575148
110.23	23.275562959799586
110.24000000000001	26.50332632035387
110.25	23.910634780222644
110.26	22.740985736135706
110.27	18.483960182109477
110.28	15.939739314388367
110.29	13.977081933090755
110.3	13.9499791904941
110.31	14.642969415512058
110.32000000000001	17.810399564801696
110.33	20.297737189911096
110.34	17.608917418367675
110.35000000000001	16.501393437033208
110.36	13.695323500873409
110.37	11.513387570676116
110.38	14.803412997104447
110.39	14.877036916255783
110.4	14.031669879016029
110.41	10.945344556458128
110.42	10.422492194515161
110.43	10.863305798674068
110.44	8.84267549653046
110.45	7.470455206536292
110.46000000000001	9.60178861727447
110.47	10.02830635345413
110.48	11.730654663710457
110.49000000000001	8.780289370004544
110.5	8.257965564991126
110.51	9.69740805275375
110.52	15.753683371581223
110.53	15.902049840942128
110.54	15.34360810178749
110.55	26.716029407181953
110.56	23.367973492578745
110.57000000000001	27.363186620941306
110.58	29.243949139556385
110.59	26.992652462635636
110.60000000000001	27.25566419799525
110.61	21.510544655246594
110.62	19.47078874406333
110.63	22.608608516849937
110.64	20.117952872416364
110.65	21.3659991278069
110.66	21.276756551057563
110.67	21.467104898810437
110.68	26.736275348805766
110.69	30.54314349829109
110.7	33.92558098207059
110.71000000000001	32.220156646018616
110.72	30.814767202166006
110.73	30.437396175390926
110.74000000000001	29.69131249359849
110.75	27.989913544564214
110.76	22.37936143116999
110.77	23.995258024164926
110.78	19.148592572942455
110.79	17.921428455661406
110.8	21.39700981875987
110.81	18.309960890672563
110.82000000000001	15.95971312696881
110.83	15.070266725573394
110.84	15.12788843170291
110.85000000000001	13.171689989414492
110.86	18.705167701472302
110.87	24.044187579253045
110.88	25.817504571814236
110.89	27.682614088083085
110.9	33.80493930350198
110.91	34.77180919171165
110.92	29.35742020300949
110.93	28.454402606254746
110.94	25.88505218611418
110.95	20.807022936995075
110.96000000000001	20.3952499867059
110.97	18.451392264726735
110.98	17.526656568689738
110.99000000000001	16.487426222661465
111.0	14.448872448191869
111.01	14.25769665211976
111.02	22.850398738441097
111.03	24.413124806400546
111.04	25.740260763595277
111.05	21.37254958477478
111.06	23.553321293162156
111.07000000000001	19.342661073937595
111.08	17.809308507252474
111.09	14.197141390462841
111.10000000000001	14.631945622563167
111.11	15.721753537448356
111.12	12.089275414321802
111.13	12.773557102239941
111.14	15.629518494520559
111.15	15.876415276398662
111.16	26.152101362037417
111.17	23.56402866191693
111.18	21.538439772419313
111.19	24.213700251100736
111.2	26.537315919661015
111.21000000000001	20.873442928234944
111.22	18.550945980640318
111.23	17.695408746621343
111.24000000000001	22.063257945934893
111.25	17.443379804324177
111.26	14.414110212983132
111.27	19.52504507574765
111.28	26.281593878090646
111.29	26.876193410116514
111.3	26.162716725494597
111.31	26.248951689167885
111.32000000000001	20.64456015934304
111.33	22.84123030884594
111.34	18.735544672715264
111.35000000000001	20.937421323943493
111.36	19.58383774703764
111.37	19.640963696412452
111.38	19.744441709794593
111.39	17.2060827530775
111.4	22.308780781759204
111.41	19.038197425874053
111.42	17.352303463753866
111.43	14.760884974279014
111.44	17.995125199607312
111.45	20.674739423337993
111.46000000000001	22.264471987615302
111.47	17.669801625079966
111.48	15.035057619427684
111.49000000000001	11.682088034704032
111.5	10.618426579911715
111.51	14.21809205640836
111.52	16.807604856106785
111.53	15.137977532054476
111.54	13.017762030433511
111.55	11.97421700306025
111.56	18.012751140470236
111.57000000000001	16.131471534302445
111.58	19.575225620407206
111.59	25.838004712743608
111.60000000000001	23.108170578959903
111.61	23.080760747076855
111.62	21.215548976362353
111.63	17.00448107054215
111.64	22.482715670173352
111.65	35.04038177299447
111.66	29.63188770069685
111.67	26.685986373855158
111.68	26.362174005882448
111.69	20.63656565086259
111.7	21.219324988830344
111.71000000000001	20.101267583113156
111.72	18.87342545864642
111.73	29.41791996959128
111.74000000000001	31.59150680429599
111.75	29.84459184291617
111.76	24.907911651794635
111.77	22.981025520967272
111.78	20.24729575605692
111.79	15.65274854991377
111.8	15.197494576800889
111.81	11.991012265566052
111.82000000000001	12.396438153409914
111.83	15.078015337829372
111.84	15.043653008944547
111.85000000000001	20.51494705889434
111.86	20.19058924150373
111.87	21.780133984937343
111.88	17.85352184174738
111.89	17.326671406422133
111.9	23.276041832485202
111.91	22.512794059823136
111.92	19.804423826915592
111.93	21.522281677894867
111.94	23.982065937746203
111.95	22.89771010721792
111.96000000000001	23.611742733229107
111.97	18.587956007370703
111.98	17.254543554690155
111.99000000000001	19.121283369701718
112.0	15.431980770453945
112.01	19.35275046351715
112.02	22.171655264061837
112.03	20.83134797462883
112.04	16.841232588973174
112.05	16.706083437273517
112.06	24.121141913965154
112.07000000000001	22.872917665163236
112.08	24.65896102132344
112.09	29.51911304776167
112.10000000000001	28.673805091184555
112.11	24.57945307360175
112.12	22.74668629429898
112.13	19.13020291812936
112.14	21.639081089502376
112.15	24.274648454481135
112.16	22.645147748193367
112.17	25.589173527919762
112.18	27.06064357333651
112.19	24.290931302388493
112.2	23.620848343474883
112.21000000000001	21.66355856285397
112.22	24.220944424784907
112.23	22.723712213443882
112.24000000000001	22.54279469430344
112.25	25.50933863569399
112.26	24.605602215308874
112.27	24.386994114075975
112.28	26.08177631976213
112.29	22.028778922135686
112.3	26.365770671620947
112.31	25.399199427519203
112.32000000000001	25.67466565280013
112.33	26.862852610436832
112.34	23.17485259532147
112.35000000000001	22.10809811373224
112.36	27.380945200200145
112.37	24.56937238142996
112.38	22.947795495087462
112.39	21.21144298114186
112.4	17.830275448238226
112.41	24.677779799030812
112.42	21.15709823637785
112.43	23.03581499169723
112.44	20.01646517850486
112.45	23.009092448659203
112.46000000000001	18.97512322613493
112.47	16.007848839516953
112.48	14.69399320233853
112.49000000000001	19.86420455817617
112.5	16.920052115292904
112.51	15.359081345000186
112.52	16.057557554814444
112.53	12.577325232366508
112.54	9.863576377506034
112.55	13.762970795480465
112.56	17.568352960177204
112.57000000000001	17.633659548280598
112.58	13.999548034580133
112.59	12.806973768997318
112.60000000000001	10.021207860277629
112.61	7.448785307281843
112.62	4.778903946973039
112.63	6.76198728541202
112.64	8.775778696877763
112.65	7.805997956976853
112.66	10.561667489067842
112.67	11.489064872556849
112.68	9.621655947630101
112.69	9.054631331996998
112.7	8.87719696795176
112.71000000000001	7.353839405419046
112.72	5.48350930470791
112.73	4.470972046505795
112.74000000000001	7.122894293946214
112.75	10.975667159785761
112.76	12.901844925439084
112.77	12.905436316141685
112.78	14.599387595348293
112.79	22.301084257418697
112.8	22.095940701636124
112.81	22.597010793288955
112.82000000000001	21.605994369426604
112.83	34.398305776454215
112.84	32.52679906720482
112.85000000000001	27.962574909928946
112.86	23.318538688767234
112.87	27.537613937450114
112.88	27.632532957450145
112.89	28.090181485825333
112.9	24.63243763965452
112.91	20.881420108922665
112.92	28.388814775674668
112.93	29.642360276399963
112.94	30.524316836689326
112.95	35.1806544175513
112.96000000000001	33.055259673077494
112.97	32.37784667823737
112.98	27.30475583080023
112.99000000000001	22.05771527545581
113.0	22.644791435766958
113.01	33.97596439953081
113.02	26.857334180415993
113.03	23.87709911718221
113.04	20.055362540987385
113.05	19.608892810579214
113.06	19.135677493232635
113.07000000000001	21.10778296242141
113.08	17.542306871126975
113.09	17.9833084292606
113.10000000000001	16.36328977960909
113.11	17.023340341317116
113.12	20.7777861802656
113.13	21.231208727498355
113.14	23.22036151692947
113.15	23.97194617825249
113.16	19.908896545203163
113.17	16.34180585745028
113.18	14.52101913092053
113.19	18.838423815548847
113.2	18.567409372691163
113.21000000000001	19.71265352404945
113.22	25.65218442162953
113.23	22.233121394457555
113.24000000000001	20.47012772360844
113.25	22.204112409720935
113.26	26.64181860515761
113.27	31.182839415299505
113.28	29.07632743865002
113.29	31.626646244134715
113.3	26.609801080042416
113.31	24.272236375225045
113.32000000000001	23.229014629723185
113.33	21.392718108319947
113.34	16.91653729195823
113.35000000000001	16.761977314481207
113.36	16.910937054621886
113.37	13.64718198558899
113.38	14.987361631767785
113.39	15.513142455802642
113.4	19.142494928898525
113.41	14.777584681065687
113.42	11.931286467980799
113.43	14.014347232190477
113.44	17.981315828202618
113.45	32.17620379170653
113.46000000000001	27.956654599630806
113.47	23.84299315804599
113.48	20.257719208751094
113.49000000000001	32.427344983730784
113.5	27.40138622418901
113.51	23.042276948353358
113.52	26.782027759787322
113.53	21.86195926982161
113.54	19.233008476826168
113.55	23.446421037194646
113.56	26.9331250161578
113.57000000000001	23.44609902352707
113.58	23.712893046634978
113.59	21.49579616176789
113.60000000000001	19.24420755481832
113.61	23.21000801533694
113.62	19.66226747215819
113.63	16.56752321362565
113.64	20.920891474749013
113.65	20.121243884609118
113.66	22.048215873220016
113.67	18.688360352813127
113.68	16.020111610573775
113.69	14.165347550534078
113.7	16.14528146540664
113.71000000000001	17.125706188686078
113.72	19.10987144438969
113.73	17.311893818179918
113.74000000000001	15.33337815813496
113.75	24.858006505802148
113.76	25.36821436437593
113.77	23.677318147837383
113.78	23.032413780265
113.79	31.944402473480988
113.8	29.344334014367774
113.81	23.63769627218228
113.82000000000001	22.98481807052104
113.83	19.713142407674344
113.84	16.520926547121686
113.85000000000001	13.130126858499446
113.86	13.7170999709409
113.87	15.388111883637634
113.88	17.45056217581518
113.89	22.46758843325062
113.9	21.813188986312664
113.91	25.645283866800543
113.92	21.525541447069592
113.93	25.23964722483469
113.94	23.077090050211936
113.95	26.69374900628629
113.96000000000001	23.8741516397287
113.97	26.168285843525073
113.98	27.408335404056306
113.99000000000001	23.32791125475888
114.0	19.887223856915675
114.01	15.45491969420106
114.02	12.55888792348665
114.03	12.13440236710492
114.04	12.968770732184739
114.05	11.250860734738318
114.06	13.606659855203198
114.07000000000001	16.247870061490183
114.08	12.857181181255747
114.09	14.347379765412306
114.10000000000001	14.903226560225319
114.11	15.377733733107434
114.12	16.729603349391
114.13	14.624296547922393
114.14	16.958225239087067
114.15	13.87556781822214
114.16	10.630673202846737
114.17	9.561733270910858
114.18	9.541210473813113
114.19	10.341122905460775
114.2	12.580621666927946
114.21000000000001	10.569815610043653
114.22	14.259647986072084
114.23	18.332222969167034
114.24000000000001	24.339717018417517
114.25	21.817954948786507
114.26	28.814890348701514
114.27	22.912126255874963
114.28	18.517453769408903
114.29	18.15358832248695
114.3	19.26802377840962
114.31	18.519790553061167
114.32000000000001	16.130402793614184
114.33	18.169368037905443
114.34	17.58884759155035
114.35000000000001	22.150967712349644
114.36	30.492455079805335
114.37	26.956711483867775
114.38	27.85802072378473
114.39	25.012486624900532
114.4	19.854019328283357
114.41	19.375731130828893
114.42	16.649076639097593
114.43	13.805826039294963
114.44	16.116427661076518
114.45	15.978385047678087
114.46000000000001	20.055729421550303
114.47	26.29254309103522
114.48	22.533167756317805
114.49000000000001	18.589999934838563
114.5	22.761524267155902
114.51	24.21324049881961
114.52	19.62729630109951
114.53	16.95586827352453
114.54	16.620110606124282
114.55	16.534012875399558
114.56	14.212516445852037
114.57000000000001	16.49261659794642
114.58	16.122157361683083
114.59	17.139966947597966
114.60000000000001	16.58026531549962
114.61	19.804031232836248
114.62	20.856896988885552
114.63	22.17916953294059
114.64	19.697155808968486
114.65	19.54847541929416
114.66	16.35791147761102
114.67	14.89227611164559
114.68	11.740784572975807
114.69	10.867828745157867
114.7	13.680841318249628
114.71000000000001	15.650520501066223
114.72	15.134797775526375
114.73	17.13235129509704
114.74000000000001	18.383861014868003
114.75	21.76234932613186
114.76	23.200147041678772
114.77	18.497616291233943
114.78	17.98977274867244
114.79	26.142573339266104
114.8	22.22562529770856
114.81	27.67284257037332
114.82000000000001	32.033401868380096
114.83	30.54463502430297
114.84	27.48390263418402
114.85000000000001	23.891480884091298
114.86	28.99174123937684
114.87	36.15360467378855
114.88	35.06366718896285
114.89	28.353614399518808
114.9	22.45576097775066
114.91	28.725887845982225
114.92	25.958570194710678
114.93	22.256140209080343
114.94	17.510725525217957
114.95	21.638546529670315
114.96000000000001	20.899029744131827
114.97	17.73109537541456
114.98	15.815389316206412
114.99000000000001	19.421414259904164
115.0	15.213925343616449
115.01	12.127821985841564
115.02	12.593350781810312
115.03	12.823902400834115
115.04	15.047910758856387
115.05	15.516330285319645
115.06	22.703468215016066
115.07000000000001	17.89479358999883
115.08	14.886204605454287
115.09	15.677852953733037
115.10000000000001	13.059524106473518
115.11	22.110788485918913
115.12	18.506738793080302
115.13	28.598608583174855
115.14	30.504847234605514
115.15	34.309242719849905
115.16	30.931896361949732
115.17	26.40450251274655
115.18	29.508499893825636
115.19	32.377016092033365
115.2	29.032393254177155
115.21000000000001	29.94159165111952
115.22	26.088496183090726
115.23	34.038251021464795
115.24000000000001	28.459942878841787
115.25	24.08091635624021
115.26	20.085903202553624
115.27	17.09821026927032
115.28	15.861912267626508
115.29	16.58859503476608
115.3	17.604036044601436
115.31	14.610904084135433
115.32000000000001	16.90208428681149
115.33	21.435893537381038
115.34	22.265231108221926
115.35000000000001	23.992955942774362
115.36	23.802047897735857
115.37	27.28522342211053
115.38	26.8121588509934
115.39	23.707650441030296
115.4	23.19094210580261
115.41	19.079770550003406
115.42	23.959527893371092
115.43	27.203466566644032
115.44	21.33278693708111
115.45	17.08241944951883
115.46000000000001	15.53837759986738
115.47	13.65964455468841
115.48	11.788009828309002
115.49000000000001	9.848405917627174
115.5	6.497864489064534
115.51	13.9483731483225
115.52	16.47462974385477
115.53	13.007214309708544
115.54	11.992891235855911
115.55	14.153859838657196
115.56	21.01061105625301
115.57000000000001	25.677783821100114
115.58	27.53808879068643
115.59	24.366745682784337
115.60000000000001	28.229963983947734
115.61	33.3918296746674
115.62	30.970808409651603
115.63	32.625523620184666
115.64	28.538177388450574
115.65	24.129276069675125
115.66	26.535708161023177
115.67	29.871606661852663
115.68	26.47792611968258
115.69	23.50499292878755
115.7	19.87750222599121
115.71000000000001	17.087046775039173
115.72	17.221496986457637
115.73	14.020508587397833
115.74000000000001	17.00285699553995
115.75	21.10344122234842
115.76	24.00163262029252
115.77	19.62984712794323
115.78	25.25261111516493
115.79	29.424427319694647
115.8	25.321341714083605
115.81	22.313216854333902
115.82000000000001	20.594426844488403
115.83	23.284103508087803
115.84	19.10953066907467
115.85000000000001	14.525275061363956
115.86	12.684372345086011
115.87	11.204362428488906
115.88	13.67181956944457
115.89	17.742525985762377
115.9	19.72586529410281
115.91	19.368859481994093
115.92	18.748570250772836
115.93	20.0926456529068
115.94	18.328001008905357
115.95	17.429622730300665
115.96000000000001	31.329766573591392
115.97	29.437748894920073
115.98	31.588514290110787
115.99000000000001	24.99959326342527
116.0	22.20804773842693
116.01	21.521853516158558
116.02	26.419895226933967
116.03	21.506202730536682
116.04	18.48975786576919
116.05	15.827429931633954
116.06	22.571304373468887
116.07000000000001	28.79896710219429
116.08	23.13982273257146
116.09	23.552644490186474
116.10000000000001	18.265861516033247
116.11	15.706963689413932
116.12	13.000121350014481
116.13	9.548837706108126
116.14	17.310778561719832
116.15	18.833892637142235
116.16	15.594096694736951
116.17	21.09846525394275
116.18	28.230588267817463
116.19	25.35097846416524
116.2	22.981418505304774
116.21000000000001	20.661524414353142
116.22	19.835748527259923
116.23	21.648799098195504
116.24000000000001	20.152316680353948
116.25	22.526250565631543
116.26	24.655399641103116
116.27	19.719612200796867
116.28	24.568936503364267
116.29	20.832489125367733
116.3	25.703046293788148
116.31	25.02125354114916
116.32000000000001	21.67883095019659
116.33	21.897935559186877
116.34	29.583719497088524
116.35000000000001	25.84762237484304
116.36	25.568199046347953
116.37	27.832535280262164
116.38	26.90933890277126
116.39	21.927189780650735
116.4	20.703319404833653
116.41	28.524097524948587
116.42	24.521198745170558
116.43	29.25037178293971
116.44	24.19123708679351
116.45	19.660733078647
116.46000000000001	19.852877839565128
116.47	17.41992407190269
116.48	17.98568581626687
116.49000000000001	18.27260479912515
116.5	16.600514404125537
116.51	16.5737517185512
116.52	14.926018268158062
116.53	14.108106969908011
116.54	13.402921236854677
116.55	17.338848365922114
116.56	18.9983952793062
116.57000000000001	14.927518757375521
116.58	13.511103415716311
116.59	11.70582442070301
116.60000000000001	23.11991778577729
116.61	22.872070559434437
116.62	21.337618372833784
116.63	20.954263293596433
116.64	22.657468257601238
116.65	21.62501837664304
116.66	20.232685846033302
116.67	18.867503642291084
116.68	19.511209707671448
116.69	19.883672003475034
116.7	21.81161349667462
116.71000000000001	21.54377340092496
116.72	20.315400726973056
116.73	18.460221839888234
116.74000000000001	17.312766866984195
116.75	22.7364494200845
116.76	17.857882473944844
116.77	15.236467702664378
116.78	24.926194332489963
116.79	24.939127425454053
116.8	20.748663125740123
116.81	17.413214762071696
116.82000000000001	20.89153614506333
116.83	19.276763351305274
116.84	24.565502080059527
116.85000000000001	28.82013656593013
116.86	29.755260099870704
116.87	24.311585436951127
116.88	24.064954653990156
116.89	22.34275363923039
116.9	21.894882636123857
116.91	17.292566941422383
116.92	14.084209277996557
116.93	16.477641074885373
116.94	21.20902263607158
116.95	19.238265735224914
116.96000000000001	15.681100378976637
116.97	20.14107127870689
116.98	17.40904777788061
116.99000000000001	17.566155611955335
117.0	18.697708481529983
117.01	20.3319385711439
117.02	18.75926708614632
117.03	20.372425472206228
117.04	20.175078473374633
117.05	17.30146465186201
117.06	17.254407623488618
117.07000000000001	14.292007609812378
117.08	20.64414549017974
117.09	20.37168375050151
117.10000000000001	18.327615510625137
117.11	16.469299607363173
117.12	14.933587676214271
117.13	15.763525267473707
117.14	18.67048178754917
117.15	22.112930214024672
117.16	30.042262376004494
117.17	31.098360552175777
117.18	31.903477903985255
117.19	27.989559572939655
117.2	23.272127288208132
117.21000000000001	20.596286189461384
117.22	16.64939125303031
117.23	12.989008520527962
117.24000000000001	10.404962205491087
117.25	12.661656927127758
117.26	12.01895449697532
117.27	12.796311208855785
117.28	11.372027550331701
117.29	8.746264792879975
117.3	8.261547724433559
117.31	12.0458360885749
117.32000000000001	16.605472141997154
117.33	18.517541052786342
117.34	20.62011221133319
117.35000000000001	21.75022151862239
117.36	23.01929341397482
117.37	20.40525523132543
117.38	19.987074750788054
117.39	18.125843585891044
117.4	22.233373482789666
117.41	19.248810776372487
117.42	26.37882435005622
117.43	20.957116575424852
117.44	16.698573514089116
117.45	18.49017580593376
117.46000000000001	21.083268172983324
117.47	20.757074583464995
117.48	18.781238768730766
117.49000000000001	16.914559957160645
117.5	14.969469854662853
117.51	22.99604023165657
117.52	23.637131363424395
117.53	23.8849710761218
117.54	25.258563328308497
117.55	29.283047252147316
117.56	29.48583800715783
117.57000000000001	33.42087124241584
117.58	30.738492489726344
117.59	24.38361243077014
117.60000000000001	19.628200989220577
117.61	15.148845309408397
117.62	11.937768262587277
117.63	14.557811503080549
117.64	14.94970001814938
117.65	17.85623975547855
117.66	27.338456155455805
117.67	24.63729184867849
117.68	19.260672749022106
117.69	16.567829707512935
117.7	14.703055171904383
117.71000000000001	16.202992081181666
117.72	20.620403563253777
117.73	21.6752646923866
117.74000000000001	29.672820858465364
117.75	24.236557395140807
117.76	20.069446019275627
117.77	20.38273033388874
117.78	20.5325075819252
117.79	21.893363103578718
117.8	24.968432924622295
117.81	21.79233417134514
117.82000000000001	19.717150567100063
117.83	21.367373496466612
117.84	27.702614934293855
117.85000000000001	27.251933139104853
117.86	27.234132277085337
117.87	21.57088179756782
117.88	17.86801455611276
117.89	17.92672431273072
117.9	24.01584493303281
117.91	22.95896655264378
117.92	18.613019135330457
117.93	18.066151991453598
117.94	20.147619159079785
117.95	28.13845227586446
117.96000000000001	22.6840997863971
117.97	19.31033650786711
117.98	21.203735826055404
117.99000000000001	23.95277692945195
118.0	20.98865919724136
118.01	18.467277991224954
118.02	21.757372054242328
118.03	20.720753997568618
118.04	24.213183359607218
118.05	19.617016225144347
118.06	19.805046145831845
118.07000000000001	20.88381516450872
118.08	19.195893269156727
118.09	15.425739157081338
118.10000000000001	12.669226993972991
118.11	18.306781926296892
118.12	19.740303283303813
118.13	25.779495339607475
118.14	27.581527810546355
118.15	31.865720820489823
118.16	25.233864320065987
118.17	26.73565126090766
118.18	22.895187869426977
118.19	23.634827607459084
118.2	30.55627459621178
118.21000000000001	24.191183164472672
118.22	19.911335360033608
118.23	17.921957171209712
118.24000000000001	15.189649386159882
118.25	16.053933200051443
118.26	15.98757072189307
118.27	13.614034411116004
118.28	13.412723978460793
118.29	12.618379313632094
118.3	15.044425010091514
118.31	12.926147636712617
118.32000000000001	10.333266689813515
118.33	10.85207581813176
118.34	9.046145587236833
118.35000000000001	5.9332381139829575
118.36	10.72773397631789
118.37	16.14121405472569
118.38	14.020692414803971
118.39	12.10897758594109
118.4	12.7060612566246
118.41	13.567050316358664
118.42	15.651811296945715
118.43	23.179124670729866
118.44	25.843350224046404
118.45	22.65230078721716
118.46000000000001	20.727420207185165
118.47	30.22891524005155
118.48	28.823237153662753
118.49000000000001	26.523246684259842
118.5	24.841652921514914
118.51	20.30897788103923
118.52	18.855436855209692
118.53	15.751898872950406
118.54	14.227202623743706
118.55	16.819249733897905
118.56	20.37106131688988
118.57000000000001	30.678345690403347
118.58	30.605359087886875
118.59	24.476809767370426
118.60000000000001	22.85629413130958
118.61	24.17576407570889
118.62	22.16060479410542
118.63	23.13778927125134
118.64	19.48553437287544
118.65	24.836247098823467
118.66	23.580443119923324
118.67	26.084307702986287
118.68	29.282203958780098
118.69	23.019774485489858
118.7	20.04191945507318
118.71000000000001	18.222022037759487
118.72	18.21120038021606
118.73	19.49268428642803
118.74000000000001	22.94189337951891
118.75	18.342339367315446
118.76	18.08451802783509
118.77	14.046308598370501
118.78	14.655503168828092
118.79	15.751678612168584
118.8	15.94060134679494
118.81	16.718123098643495
118.82000000000001	14.62710018312614
118.83	19.261034124268964
118.84	20.981294289350213
118.85000000000001	21.48492000866761
118.86	21.23634250417785
118.87	20.603972619830113
118.88	18.961250542583567
118.89	21.780731411716392
118.9	24.89594279869865
118.91	21.06772799869313
118.92	19.238897258835856
118.93	24.560713654952803
118.94	23.487742450857407
118.95	23.842995952940225
118.96000000000001	24.563253160554776
118.97	22.373417157722496
118.98	21.954641457523728
118.99000000000001	19.794294767656922
119.0	15.561773288366055
119.01	13.954631903332324
119.02	14.949723511472639
119.03	11.530380167699121
119.04	9.39283825637551
119.05	8.653286572989325
119.06	8.620841228152074
119.07000000000001	7.341258897350905
119.08	6.5532952600076095
119.09	9.5060533703026
119.10000000000001	14.144366722105397
119.11	14.232746559785795
119.12	16.367419103637868
119.13	12.767224618195275
119.14	10.414790931454641
119.15	16.62115895359303
119.16	21.678611058072295
119.17	21.2858450065574
119.18	20.61034230193865
119.19	17.856063325278654
119.2	16.71978245598698
119.21000000000001	13.764384936936814
119.22	13.292797031566653
