0.0	19.333313320921366
0.01	23.246497771338785
0.02	21.839414255803675
0.03	34.52359260912902
0.04	31.13691245197756
0.05	27.397772645855916
0.06	25.57045569584029
0.07	23.501708605651018
0.08	23.29868901057806
0.09	22.678007172971686
0.1	22.024954057531527
0.11	26.15768921452165
0.12	23.3404030411959
0.13	21.326210265725752
0.14	21.222967136937918
0.15	23.810008989591527
0.16	24.180888638851325
0.17	28.448792490584683
0.18	30.058133064578904
0.19	26.070787790360978
0.2	24.402465845814604
0.21	32.471529272540764
0.22	27.163695795652135
0.23	26.66267167188655
0.24	27.90568664646135
0.25	26.70269515951203
0.26	21.374128707550373
0.27	19.98893818472589
0.28	19.374693845715218
0.29	17.80624804331586
0.3	21.418917338714007
0.31	25.206233464455
0.32	23.246547478832348
0.33	20.88190712141416
0.34	18.5827001579146
0.35000000000000003	16.523994086922126
0.36	18.031644306329504
0.37	18.52086911681638
0.38	19.46139594856725
0.39	19.0695752216424
0.4	19.775552457093568
0.41000000000000003	17.013741851630193
0.42	15.50763709420994
0.43	14.308864231788203
0.44	18.23440336056514
0.45	15.241296526548556
0.46	14.877518489859023
0.47000000000000003	12.474805265579246
0.48	12.526578112224747
0.49	12.990613965967025
0.5	16.73668631732917
0.51	22.760995284576218
0.52	29.36201496841199
0.53	30.66372999598849
0.54	33.22698931688299
0.55	32.777374972599894
0.56	26.484973570994143
0.5700000000000001	25.204920656228726
0.58	30.232820789420096
0.59	24.99460668800561
0.6	26.072664468645765
0.61	22.156026645626028
0.62	20.016716487720636
0.63	18.10214615236448
0.64	22.117593915738706
0.65	17.3136864016347
0.66	13.212501340178521
0.67	12.16513484150295
0.68	16.1637489917509
0.6900000000000001	22.84196710964871
0.7000000000000001	22.39546384029074
0.71	22.302049939147462
0.72	19.06817065075705
0.73	18.96490698561316
0.74	22.05775518177236
0.75	26.200496479170116
0.76	20.4436875397357
0.77	16.610824587861313
0.78	14.191575331483044
0.79	12.342534341699269
0.8	14.095620147153335
0.81	18.116790199702486
0.8200000000000001	18.277762801399497
0.8300000000000001	20.27693062956549
0.84	19.41007262206384
0.85	16.098358315151266
0.86	14.316367187386431
0.87	12.928013655502738
0.88	10.916127198072028
0.89	12.977689297664163
0.9	12.719919946164564
0.91	12.110320996973451
0.92	13.235967526528233
0.93	14.260858703083398
0.9400000000000001	12.564140084457689
0.9500000000000001	14.032337004430484
0.96	14.555860695424371
0.97	15.258604025886745
0.98	23.0529165524703
0.99	22.069776048185574
1.0	20.73620029826209
1.01	17.245834232406274
1.02	23.126066180192566
1.03	23.334817576487435
1.04	24.677783696709138
1.05	28.829452054622607
1.06	24.621367200247573
1.07	28.467227727051505
1.08	33.642574421070066
1.09	28.179240155722272
1.1	21.793501705651625
1.11	19.761016960533322
1.12	16.559414717911107
1.1300000000000001	15.216708678723041
1.1400000000000001	18.98349282953689
1.1500000000000001	15.553606597183824
1.16	14.973778586775813
1.17	11.817705919687832
1.18	9.111941871967158
1.19	5.6388888032126285
1.2	4.920533764411952
1.21	6.686342336387748
1.22	9.147298470491812
1.23	12.902630612568776
1.24	17.3247285068412
1.25	15.590865169353746
1.26	17.20899858770886
1.27	18.091705968554017
1.28	17.791289406950163
1.29	19.00900664543611
1.3	18.44201469500298
1.31	20.34433035190761
1.32	27.85154277059465
1.33	28.99795968193257
1.34	22.440515991846045
1.35	18.18057456691162
1.36	17.965507251747518
1.37	14.449525531290066
1.3800000000000001	15.088321520226275
1.3900000000000001	16.597228121268177
1.4000000000000001	16.00957136991567
1.41	12.787494636431752
1.42	11.224858586657193
1.43	12.796581392484931
1.44	15.184621391579652
1.45	14.357069520966455
1.46	13.903083657864167
1.47	15.633357619189038
1.48	22.33493961458911
1.49	21.459714338634523
1.5	18.838586081784392
1.51	15.780482768237931
1.52	15.8562160509523
1.53	13.616681363817651
1.54	13.268324035297605
1.55	9.974061532368626
1.56	12.305002633888094
1.57	15.32600215910463
1.58	18.36019828034569
1.59	15.113833195205395
1.6	14.60554600699083
1.61	16.29014196952364
1.62	16.844131659431397
1.6300000000000001	16.594908126358387
1.6400000000000001	17.023336925886035
1.6500000000000001	21.093676457320377
1.6600000000000001	20.086156529519428
1.67	17.845947409779814
1.68	23.283239312245573
1.69	23.044103949446136
1.7	20.509876864518368
1.71	25.9038298298227
1.72	20.615578183782965
1.73	18.924007445369067
1.74	21.083406498480898
1.75	21.33273923475319
1.76	28.970304126404947
1.77	25.98328724925502
1.78	31.670750533506634
1.79	31.613946795893515
1.8	35.11645477908095
1.81	31.751634218284337
1.82	33.50379932939942
1.83	33.68892784412993
1.84	28.993677842477155
1.85	27.28618874035861
1.86	26.736377221139254
1.87	32.040617365884415
1.8800000000000001	33.5065868368043
1.8900000000000001	27.238234742203534
1.9000000000000001	23.66060760654356
1.9100000000000001	19.879974263117152
1.92	27.298401107142453
1.93	22.55471572512368
1.94	22.304768219504542
1.95	29.92784955722077
1.96	29.04339004013414
1.97	26.559529481371033
1.98	21.729513617635593
1.99	23.67646464638876
2.0	22.98283866796179
2.0100000000000002	23.296737442961724
2.02	20.764083599289258
2.0300000000000002	19.24388221122241
2.04	17.94378698898696
2.05	24.32018337448182
2.06	27.513722507063562
2.07	25.619473174286817
2.08	24.894735770148603
2.09	23.465507218722387
2.1	20.909373026101047
2.11	23.117276598872838
2.12	27.157531807253587
2.13	25.182765107638197
2.14	29.978867071484096
2.15	24.79920182873559
2.16	25.680479789274663
2.17	35.745309397587874
2.18	30.324172294543164
2.19	25.52718627323212
2.2	21.639423873238943
2.21	18.14971937503432
2.22	14.99884535575115
2.23	14.965832697047269
2.24	16.08468256117359
2.25	18.090479881255217
2.2600000000000002	21.59816065782827
2.27	19.176463067302876
2.2800000000000002	17.223021389677424
2.29	18.79417511549395
2.3000000000000003	19.08172813846823
2.31	16.960433804839408
2.32	15.59071751796028
2.33	21.24025910548809
2.34	19.943654079725565
2.35	20.99394124121488
2.36	24.1816467653214
2.37	23.09998740414759
2.38	22.471228972187728
2.39	23.566026579709277
2.4	24.209919046391576
2.41	28.044182709137484
2.42	23.099885538717576
2.43	30.93529753618113
2.44	32.08900083758158
2.45	26.26249171669664
2.46	23.385131791968
2.47	20.138852721819674
2.48	20.289894206150734
2.49	21.55736308580236
2.5	21.101425541786544
2.5100000000000002	17.869299101865142
2.52	16.14312290044665
2.5300000000000002	20.954525243528206
2.54	20.58109551700206
2.5500000000000003	18.433348726040997
2.56	20.064604912443524
2.57	20.559680640890956
2.58	21.5172132498275
2.59	23.07535272372373
2.6	19.241616881519022
2.61	20.1979444979502
2.62	26.067314283124755
2.63	24.875406833485794
2.64	23.218423388347066
2.65	33.82509182271237
2.66	38.55438547076285
2.67	33.315931288292575
2.68	27.164995974844263
2.69	24.38766536614506
2.7	19.003864887143905
2.71	15.492459417331286
2.72	16.008696986409312
2.73	15.871098937119328
2.74	16.316868966458845
2.75	16.52202667919358
2.7600000000000002	13.370557856414049
2.77	12.031760480237585
2.7800000000000002	10.892599622679292
2.79	8.533831961711353
2.8000000000000003	8.386139661728494
2.81	8.31038911263749
2.82	8.945870334638863
2.83	14.599947011036342
2.84	19.098361072224098
2.85	17.882820554103503
2.86	14.382054038394548
2.87	13.499539164917051
2.88	15.137478824129762
2.89	17.51168986534742
2.9	18.804852116730324
2.91	16.2678057061696
2.92	15.1297773964011
2.93	20.62170805069566
2.94	23.955041017603453
2.95	22.431387533291225
2.96	24.530072866344558
2.97	23.705044245908688
2.98	26.29448654568636
2.99	32.457690015124356
3.0	26.07351992677284
3.0100000000000002	23.580870218714406
3.02	20.33849810966841
3.0300000000000002	18.980485515555454
3.04	25.775960790966344
3.0500000000000003	25.706417329687355
3.06	27.215768548795072
3.0700000000000003	24.614072113187135
3.08	24.80718475964438
3.09	25.222018662417774
3.1	22.20920750367708
3.11	17.03002959071561
3.12	15.782007377644664
3.13	14.141156253145487
3.14	12.564678683942784
3.15	11.235102176682291
3.16	19.991619629706655
3.17	23.362484659947782
3.18	22.075937385156962
3.19	19.443342470531604
3.2	19.125026757536112
3.21	20.98709650998815
3.22	23.948859937816405
3.23	24.496906010548084
3.24	19.36867084780719
3.25	15.906365652779394
3.2600000000000002	14.18260182424378
3.27	16.310315000157036
3.2800000000000002	16.739989245147367
3.29	18.515042442958517
3.3000000000000003	23.250946606774477
3.31	28.06938413531602
3.3200000000000003	33.11786066156688
3.33	31.657818046934175
3.34	28.430417948710577
3.35	24.861347976790572
3.36	28.410675428199816
3.37	24.394514459843567
3.38	31.25626129076545
3.39	26.592806534208307
3.4	29.6885257814951
3.41	26.764532683946747
3.42	29.054666361019688
3.43	27.35125863206983
3.44	24.761499335114
3.45	20.66602047127354
3.46	21.26638943047709
3.47	27.453673678030082
3.48	21.882149351156933
3.49	19.896868401252725
3.5	17.977814825419564
3.5100000000000002	24.83738676774651
3.52	28.32936010354735
3.5300000000000002	27.985427510905712
3.54	28.960487972133134
3.5500000000000003	24.6145172773189
3.56	20.384643179363962
3.5700000000000003	25.143515440510473
3.58	28.79137350199495
3.59	25.765550183530973
3.6	22.595115963049604
3.61	21.407751450139216
3.62	20.55212049218167
3.63	21.686543354181083
3.64	24.58232561604452
3.65	28.79836341784872
3.66	27.62490944031274
3.67	31.025973185212226
3.68	34.595740223983796
3.69	31.29844515818811
3.7	24.22023183336069
3.71	23.259602403040706
3.72	25.813920408261794
3.73	20.25104496259179
3.74	17.383838820332734
3.75	20.209911939005572
3.7600000000000002	23.743965321087714
3.77	24.179570414247987
3.7800000000000002	24.12413533003088
3.79	35.342414527718
3.8000000000000003	29.188766076371575
3.81	25.440343694910396
3.8200000000000003	33.05555715948979
3.83	35.04020450695319
3.84	39.57694798978792
3.85	31.921934950804033
3.86	27.16492734892613
3.87	24.78417197075414
3.88	21.021947033316494
3.89	26.924472285174698
3.9	37.695638817257326
3.91	32.297710043977474
3.92	30.48445560191032
3.93	25.967631440807807
3.94	23.056169778480218
3.95	20.87367850127078
3.96	23.27003515816816
3.97	20.90117708969888
3.98	24.832624105965078
3.99	21.724760126380666
4.0	17.16982788956252
4.01	15.933337457419178
4.0200000000000005	16.71848178947554
4.03	18.334382850778553
4.04	17.845238705129823
4.05	16.07788828766822
4.0600000000000005	14.443844182198626
4.07	15.852767802319358
4.08	18.968484351628426
4.09	21.801040435057317
4.1	22.490954450912742
4.11	21.059725607328886
4.12	30.951007127245866
4.13	31.97927519001575
4.14	28.17236587041754
4.15	30.712610747493752
4.16	32.3049037339077
4.17	33.88263730047602
4.18	35.37040420548666
4.19	30.03890267903245
4.2	24.620320469993057
4.21	31.084475623785504
4.22	30.62961634075274
4.23	27.970515224678085
4.24	30.742053338145116
4.25	27.87958134054322
4.26	26.68735145243086
4.2700000000000005	21.906075548923816
4.28	18.698557270422555
4.29	27.05243314111249
4.3	21.48902617588167
4.3100000000000005	28.14503047046261
4.32	23.964196013119516
4.33	20.993812647835973
4.34	26.81396899575384
4.3500000000000005	26.851220351063287
4.36	26.710372222028045
4.37	22.587808281802296
4.38	25.823422630492608
4.39	27.96948669565195
4.4	21.972398801216055
4.41	19.891236351150223
4.42	17.91106270010304
4.43	17.185327851788347
4.44	15.97576257275177
4.45	13.402979093525731
4.46	24.711864188828496
4.47	27.544719772505815
4.48	26.680919009332957
4.49	22.750005549889554
4.5	22.077392470285844
4.51	22.44410868356605
4.5200000000000005	21.403811125687433
4.53	21.090105575613645
4.54	27.38007290898015
4.55	24.677554272679497
4.5600000000000005	19.91295223379437
4.57	18.656100339997664
4.58	20.245685242912945
4.59	16.946666005963653
4.6000000000000005	18.340317000128735
4.61	24.34376509331221
4.62	28.791738862395817
4.63	34.14654422919169
4.64	28.830650659572434
4.65	25.89355851478296
4.66	23.53521202235561
4.67	25.240815048317206
4.68	21.850819991306818
4.69	23.138466630550415
4.7	23.709947168346204
4.71	25.108320361256744
4.72	25.177308158903685
4.73	24.404273570953485
4.74	21.27234812436112
4.75	19.35608431734148
4.76	17.193994291670148
4.7700000000000005	22.128561746354528
4.78	18.707554934328638
4.79	18.748841025416695
4.8	19.595162932861463
4.8100000000000005	15.857265641221105
4.82	17.07838186630678
4.83	17.358786836726097
4.84	13.745905749701006
4.8500000000000005	12.770696519223103
4.86	11.273214969123313
4.87	11.986700560992285
4.88	13.234913835946593
4.89	15.905461416420687
4.9	16.044435483741406
4.91	13.723285943770215
4.92	12.128658419419015
4.93	10.525363712135313
4.94	10.970294731382793
4.95	9.444493025360977
4.96	11.790273518884753
4.97	12.1572797656231
4.98	15.874474544291425
4.99	15.05468083166766
5.0	15.85523663583841
5.01	23.83110216716473
5.0200000000000005	20.52041820596844
5.03	21.052453110960208
5.04	20.671237118576386
5.05	19.70760186949247
5.0600000000000005	21.39599750317972
5.07	19.332651088929715
5.08	20.624827439173014
5.09	19.873011398930633
5.1000000000000005	18.275760072897572
5.11	24.64580164068073
5.12	19.795324869560897
5.13	17.423387746827785
5.14	21.103744957797165
5.15	22.688618916228464
5.16	24.052479635698486
5.17	18.733460327228837
5.18	18.590952871309177
5.19	18.480175898572785
5.2	14.29218210935506
5.21	12.477463366359254
5.22	14.175126129075894
5.23	11.461277945823406
5.24	12.315185118440121
5.25	17.06362573411937
5.26	26.135203662039572
5.2700000000000005	22.792438430960612
5.28	21.06414769064768
5.29	22.742556064866662
5.3	20.04087261237181
5.3100000000000005	19.853844039330674
5.32	20.402354216500058
5.33	21.691339068375452
5.34	19.29028583857552
5.3500000000000005	20.947875863244295
5.36	25.006996851438156
5.37	28.003758314813048
5.38	26.940366342687206
5.39	30.704564298219225
5.4	31.0195294273411
5.41	33.412427137438925
5.42	29.694949384491736
5.43	24.584074208469385
5.44	24.859979966606176
5.45	23.275227898514377
5.46	28.677902544705237
5.47	27.852539390110284
5.48	25.464796264306248
5.49	22.253673653760735
5.5	24.931200434489284
5.51	26.85068097362948
5.5200000000000005	26.889968905962974
5.53	29.410971543432055
5.54	27.47045791621761
5.55	21.97923794925267
5.5600000000000005	20.12102836934306
5.57	26.14581114064735
5.58	27.236652603349746
5.59	30.090379067969867
5.6000000000000005	29.903308804636968
5.61	27.79703929583511
5.62	24.882353582970598
5.63	21.53834721154581
5.64	22.0596721474198
5.65	17.149511945990554
5.66	15.602533847592824
5.67	16.85616138797937
5.68	13.32558528496671
5.69	12.219626476925463
5.7	12.418535512101268
5.71	14.805470307386711
5.72	19.84211514570352
5.73	22.042010190704573
5.74	23.832541439993456
5.75	20.281064843399932
5.76	16.140658784641673
5.7700000000000005	13.10634252848351
5.78	13.930997269405234
5.79	13.290181772282285
5.8	16.890878880614633
5.8100000000000005	13.334938190606035
5.82	10.117932261977598
5.83	7.349698032663458
5.84	17.716679071181783
5.8500000000000005	16.47265392997401
5.86	17.992371525291283
5.87	20.361554123084534
5.88	18.956181873809715
5.89	22.325174762770747
5.9	19.200405262698222
5.91	19.507857781647726
5.92	18.82330257955065
5.93	21.207168185675947
5.94	22.721513679316267
5.95	23.924181010742906
5.96	25.59103738298115
5.97	30.707216131175805
5.98	26.092427406488515
5.99	22.182464645618623
6.0	23.99011261436701
6.01	22.755886105496494
6.0200000000000005	22.42935870361953
6.03	33.88246846763378
6.04	27.21237933903716
6.05	23.50364982470815
6.0600000000000005	27.069756934564122
6.07	23.012781668927154
6.08	25.676772056639845
6.09	26.191364293422055
6.1000000000000005	20.542685924634547
6.11	18.27073448496907
6.12	22.29345926368774
6.13	18.27697253434762
6.140000000000001	19.989256262274118
6.15	18.971056244471928
6.16	22.379919353725025
6.17	20.961927710161422
6.18	23.178796431049587
6.19	21.48327953364903
6.2	18.99755980350989
6.21	22.372452019339164
6.22	22.476424194738968
6.23	20.043791586180365
6.24	25.18368699020215
6.25	32.9127761383904
6.26	26.77787706272167
6.2700000000000005	21.774716013063053
6.28	20.774370901238015
6.29	21.05961401418026
6.3	21.04311612188968
6.3100000000000005	20.40778031768853
6.32	22.11560130614394
6.33	23.365495632463173
6.34	21.7694763239204
6.3500000000000005	20.432783523666632
6.36	20.56808851552469
6.37	19.288139602780628
6.38	19.087257243358366
6.390000000000001	21.02152669758889
6.4	27.99507715559084
6.41	31.937642703538497
6.42	26.036928022861055
6.43	25.13015345640067
6.44	21.555596250498184
6.45	18.499884361655536
6.46	17.998815335360515
6.47	19.804901486018068
6.48	18.688620756230108
6.49	21.560422582312025
6.5	23.25466798040615
6.51	18.046397050870624
6.5200000000000005	14.882921794944336
6.53	12.406595011985896
6.54	15.566159980270486
6.55	14.697731927754223
6.5600000000000005	11.719420475368867
6.57	10.701412192604485
6.58	10.978506575306408
6.59	18.551265674717637
6.6000000000000005	16.594461444336954
6.61	16.69843935727075
6.62	20.367147284889246
6.63	17.113476750490406
6.640000000000001	22.781286238632276
6.65	22.35569683225015
6.66	20.29737970611621
6.67	17.043248235833225
6.68	17.01874769979301
6.69	21.03575276455809
6.7	22.184468316960118
6.71	23.19842122285682
6.72	24.232657450203146
6.73	21.87771169499738
6.74	20.93926040384749
6.75	20.777227642471818
6.76	21.321710685712834
6.7700000000000005	26.074289853610022
6.78	22.09809168089177
6.79	21.85510740450472
6.8	22.378128629971933
6.8100000000000005	20.28901141439606
6.82	19.21181126984632
6.83	28.620068114915426
6.84	27.918063948704297
6.8500000000000005	23.48278357683543
6.86	24.895432929917035
6.87	23.967418667796935
6.88	21.91509472152251
6.890000000000001	19.561303286334123
6.9	18.803720726768464
6.91	18.20738781583442
6.92	19.450589463457376
6.93	20.856138948341876
6.94	25.449230571125515
6.95	19.62266453561931
6.96	16.319301859619816
6.97	17.658059924856783
6.98	18.473031877457977
6.99	15.477904723887384
7.0	13.16405146758663
7.01	14.324961741118821
7.0200000000000005	14.963980320356022
7.03	14.670486095535495
7.04	16.14735471741403
7.05	16.19432295008543
7.0600000000000005	15.14745183183672
7.07	17.903721552833357
7.08	22.685864173796894
7.09	29.385456167333366
7.1000000000000005	30.479471174114337
7.11	25.035752545071396
7.12	23.996279064031228
7.13	22.316846329555638
7.140000000000001	18.37572381116142
7.15	20.755560802724677
7.16	21.560384102384113
7.17	30.278645788796045
7.18	27.974246217590892
7.19	24.335135728912352
7.2	24.05815751808456
7.21	32.23332060669639
7.22	28.84908545395789
7.23	24.17380238052199
7.24	23.211979580276772
7.25	25.683924031713662
7.26	21.31795844348218
7.2700000000000005	16.72719265897901
7.28	18.039448474832927
7.29	17.81630574951909
7.3	15.27646158820459
7.3100000000000005	24.36385294984015
7.32	21.324429133787017
7.33	25.07850000896171
7.34	25.73154722046901
7.3500000000000005	20.567378212614383
7.36	21.161171912422834
7.37	24.23580909566104
7.38	23.054096070127457
7.390000000000001	21.553204318935588
7.4	20.061113505767622
7.41	15.753834443981232
7.42	12.866755835446869
7.43	11.298162452919271
7.44	17.200417597910203
7.45	14.459173717609605
7.46	16.758726400418077
7.47	17.415313818877276
7.48	21.580297994391607
7.49	17.45239481055369
7.5	19.97721710060772
7.51	28.133746258213357
7.5200000000000005	28.24923575133914
7.53	38.593944468675886
7.54	34.636965435234224
7.55	32.472771931955684
7.5600000000000005	30.41880248834188
7.57	29.57836239423345
7.58	27.465055188738546
7.59	23.22642447922341
7.6000000000000005	28.251994700346724
7.61	22.314037943921964
7.62	19.390441533411828
7.63	18.2779907663963
7.640000000000001	18.013105547967026
7.65	17.853532865972102
7.66	19.308386142474067
7.67	20.007601052076502
7.68	22.233449705039416
7.69	26.147275804259845
7.7	27.466695713046928
7.71	27.78816588668942
7.72	21.62210466125437
7.73	19.71577851593044
7.74	20.08550393726779
7.75	29.2839591225349
7.76	26.532414251450763
7.7700000000000005	25.80027487304138
7.78	25.757535416338047
7.79	31.465136761518917
7.8	28.07869640671044
7.8100000000000005	26.505225938684685
7.82	21.394444961537097
7.83	18.626922965096245
7.84	20.73486667802386
7.8500000000000005	19.867266392486002
7.86	22.709326835882834
7.87	23.02986465811912
7.88	23.55281121869345
7.890000000000001	19.74361092937658
7.9	23.325057284053585
7.91	20.277112267484327
7.92	36.35848185429955
7.930000000000001	37.175716077586635
7.94	32.30115814996432
7.95	35.25266973433747
7.96	35.06844575078703
7.97	30.08200590091413
7.98	23.99855585177494
7.99	26.51907879102326
8.0	24.34643541686633
8.01	19.343695545582445
8.02	17.504251034805552
8.03	19.375797329596598
8.040000000000001	24.606725355633248
8.05	27.178407592038777
8.06	25.91600776961813
8.07	24.57567894375529
8.08	21.83915849086179
8.09	21.833839581145792
8.1	20.874824653108636
8.11	22.826407871410794
8.120000000000001	22.959557387180784
8.13	23.532629269283568
8.14	27.40563518670483
8.15	22.691198817089408
8.16	20.019436088961537
8.17	19.68903988485158
8.18	22.5117062778603
8.19	19.240776146647228
8.2	15.667447122242779
8.21	19.598223380637908
8.22	19.576643399710584
8.23	18.22339509862935
8.24	18.44580621514413
8.25	17.55018690707647
8.26	19.067774162272226
8.27	22.73951903476475
8.28	22.39780465890835
8.290000000000001	32.513540260974935
8.3	29.807903291399477
8.31	26.082414302919393
8.32	24.06327923948789
8.33	24.533373133526236
8.34	23.00169458021979
8.35	25.943520989556802
8.36	29.915111586002855
8.370000000000001	24.570159164921716
8.38	25.900779920992576
8.39	21.849516644833543
8.4	18.415828597795862
8.41	16.279558219907543
8.42	21.530841476009453
8.43	20.534212893975564
8.44	21.272364474843716
8.45	18.81579006808807
8.46	21.371761848627912
8.47	22.098975332120713
8.48	17.586112203352585
8.49	13.42934211668753
8.5	10.430903071941867
8.51	7.1889618967995785
8.52	11.284947279962033
8.53	10.473047536075102
8.540000000000001	9.421752988635816
8.55	7.632286697343719
8.56	10.898726468369032
8.57	9.451960793178065
8.58	12.100329775026523
8.59	13.113014654846486
8.6	13.270332844223299
8.61	14.680249266833826
8.620000000000001	16.862504875465625
8.63	23.546199578503032
8.64	20.43221796022443
8.65	23.61173481005104
8.66	19.779420513522513
8.67	24.221295693381204
8.68	35.14954350392041
8.69	28.93052024812001
8.700000000000001	22.976093985484674
8.71	20.70524781301681
8.72	19.81170774925185
8.73	21.86837069569758
8.74	22.1751506678651
8.75	19.526588479662003
8.76	16.842030159346056
8.77	16.760700336716276
8.78	19.15516246559258
8.790000000000001	20.210636081338368
8.8	17.570581263401195
8.81	17.677564396884254
8.82	19.56002770120405
8.83	21.29039408447114
8.84	21.331706449912975
8.85	29.221848519951756
8.86	26.977319598442822
8.870000000000001	25.66099823650135
8.88	29.436366845841615
8.89	26.107963231470304
8.9	28.736530515125164
8.91	26.607816240159632
8.92	22.99911914697396
8.93	24.346660764973507
8.94	20.791407403589925
8.950000000000001	23.693398439617024
8.96	24.057010331316764
8.97	22.868209326604465
8.98	18.19285539326903
8.99	14.607298468656166
9.0	12.759688055054141
9.01	13.629036152545265
9.02	18.784566567571574
9.03	27.502277363018937
9.040000000000001	23.403672386778542
9.05	28.29916966507455
9.06	27.6838795207702
9.07	35.67134114254286
9.08	32.78821860209067
9.09	37.03289976977812
9.1	39.84658304248165
9.11	37.79363270350334
9.120000000000001	31.12456037368222
9.13	28.16210726133975
9.14	24.719601220391738
9.15	23.607117598317025
9.16	37.17889104618653
9.17	34.83543679327511
9.18	27.459326533544225
9.19	28.675916347697836
9.200000000000001	28.84210252086203
9.21	26.760105879293704
9.22	22.98548577689651
9.23	24.66253998159326
9.24	21.00534890131665
9.25	19.33019872585188
9.26	23.51452265665946
9.27	19.656030121491106
9.28	16.712520694879426
9.290000000000001	18.797864148696984
9.3	17.09421493806622
9.31	14.936347970815039
9.32	15.303828975008951
9.33	16.489068690961425
9.34	17.806991802635878
9.35	20.94205805119841
9.36	22.549685129059277
9.370000000000001	20.74665712948551
9.38	20.073356881315387
9.39	17.12337644904479
9.4	18.43791518681055
9.41	20.228333407180788
9.42	21.287796895000678
9.43	17.92305960698387
9.44	18.22659869746858
9.450000000000001	14.776442898935768
9.46	15.878413991334734
9.47	13.913943805408827
9.48	12.02879574249966
9.49	9.776046939638553
9.5	8.276927155507055
9.51	7.3386925519329145
9.52	11.28828048203374
9.53	10.560541173380171
9.540000000000001	8.990416713535476
9.55	11.294651833059334
9.56	15.37787991939289
9.57	15.956541102974843
9.58	14.143563546266464
9.59	16.93260664630254
9.6	19.383613521260532
9.61	17.490102519861956
9.620000000000001	23.152430325678438
9.63	26.127711840408814
9.64	24.0426483677368
9.65	21.55034963160689
9.66	22.10507452718198
9.67	22.73949303406501
9.68	24.998646698333662
9.69	29.6147201725551
9.700000000000001	28.014207148840686
9.71	25.245343971871552
9.72	25.917578650963762
9.73	26.917117739570383
9.74	26.191582763227824
9.75	21.700911855288112
9.76	18.395545580247898
9.77	16.687306342725257
9.78	18.171998478522084
9.790000000000001	18.91660803839879
9.8	18.799040389246315
9.81	15.654168512869145
9.82	12.308985707970834
9.83	10.208979592648985
9.84	10.552480492283244
9.85	11.93125064339332
9.86	13.621043183615802
9.870000000000001	12.70470140219231
9.88	10.332219414872382
9.89	10.35460582798275
9.9	12.697125895538134
9.91	27.41379123492978
9.92	30.47344704248805
9.93	28.248259533177922
9.94	25.157304461852522
9.950000000000001	22.119861242596503
9.96	19.184303885048887
9.97	16.872136062060186
9.98	14.223470381612202
9.99	14.41148498776144
10.0	18.98085944320975
10.01	20.884403800029936
10.02	18.45378629522345
10.03	18.649384005262256
10.040000000000001	15.754900204870129
10.05	13.39596401120226
10.06	11.595851023928303
10.07	12.46724396535619
10.08	13.596137508805231
10.09	14.321520806960093
10.1	18.773022738963032
10.11	20.236043755435404
10.120000000000001	22.657379140358138
10.13	22.598476904992644
10.14	21.940726148083954
10.15	27.271097787882432
10.16	24.735385116597577
10.17	24.90446857411064
10.18	25.406616916285092
10.19	25.637677313785805
10.200000000000001	28.594180695720066
10.21	28.967062498796984
10.22	24.710597947976872
10.23	35.3543315168452
10.24	38.58097662527633
10.25	30.569350410204052
10.26	24.42629011970527
10.27	21.68758573453561
10.28	20.527797631599082
10.290000000000001	22.505618762198548
10.3	18.3657268061368
10.31	14.931277865991548
10.32	17.150854483289468
10.33	22.619485965119463
10.34	23.213089448478012
10.35	23.394670240964928
10.36	27.07807380993973
10.370000000000001	21.15857402195649
10.38	17.597282937314986
10.39	15.353577410658692
10.4	19.615951636241974
10.41	15.33166458402662
10.42	12.090625799925675
10.43	15.032102210134816
10.44	19.664493053336813
10.450000000000001	16.684275956099597
10.46	13.675050438277589
10.47	16.528519858958706
10.48	24.65240067384085
10.49	26.225204364260147
10.5	26.203520638852122
10.51	22.592858616603795
10.52	28.802305439621563
10.53	27.510723245991365
10.540000000000001	25.08018115048832
10.55	34.21473741497512
10.56	30.658770814849905
10.57	25.919360931728708
10.58	26.236891258127507
10.59	21.438183601769
10.6	18.556769351525652
10.61	15.016092334203949
10.620000000000001	14.67427954005287
10.63	21.673236475653503
10.64	18.617428309680538
10.65	20.58961444246883
10.66	18.555761768931564
10.67	18.370875846346873
10.68	15.397196141121427
10.69	14.19829288181841
10.700000000000001	14.549112782492195
10.71	16.47123080759197
10.72	21.442565466650024
10.73	23.332804278871926
10.74	22.219134476487874
10.75	26.73066944677052
10.76	25.632190315871252
10.77	23.287976254720654
10.78	27.508351471208396
10.790000000000001	29.746895076692127
10.8	24.88003535418065
10.81	22.48254537860324
10.82	18.794028269212735
10.83	16.94063270513075
10.84	14.627486001417841
10.85	15.001486452775469
10.86	14.209361597757084
10.870000000000001	35.73594353302656
10.88	33.072989025334905
10.89	30.2002945445071
10.9	27.353108571375657
10.91	25.902309493571234
10.92	24.46729534299353
10.93	25.360085359604504
10.94	22.989208574107412
10.950000000000001	26.953579648712974
10.96	25.781948273091604
10.97	24.702962809719434
10.98	22.969889679340923
10.99	29.784255034103314
11.0	26.128763095891625
11.01	24.098650780540872
11.02	27.318940116552533
11.03	22.525112198099546
11.040000000000001	22.92449665501072
11.05	24.938960828472666
11.06	21.4418276237456
11.07	21.043986457562955
11.08	21.622136210413817
11.09	24.410379497539452
11.1	21.69446593649613
11.11	21.218544890094588
11.120000000000001	16.55716555972253
11.13	16.263426514197242
11.14	14.878432030541168
11.15	14.708552130313782
11.16	13.744977592907471
11.17	21.801170789739707
11.18	17.125641457033748
11.19	15.561907607431646
11.200000000000001	14.263113523945146
11.21	12.358621789754794
11.22	9.495478969236572
11.23	20.083663760102493
11.24	27.627140868588445
11.25	30.942246610498323
11.26	24.560033826591834
11.27	21.009698892814868
11.28	23.717291460107635
11.290000000000001	27.187120067756968
11.3	30.380858196104366
11.31	30.04323047490725
11.32	29.583055389384647
11.33	23.507636945282346
11.34	23.484184754931416
11.35	19.11742356598901
11.36	16.87283267992805
11.370000000000001	16.80892120554671
11.38	17.429832682775253
11.39	16.632771633088915
11.4	14.91328908739716
11.41	15.662200504383376
11.42	14.824063217274826
11.43	15.235269733985824
11.44	12.56408501200469
11.450000000000001	20.429258612348573
11.46	21.052855254109836
11.47	26.2646037684119
11.48	22.97294017928973
11.49	21.413781766826215
11.5	27.525365145276844
11.51	31.310467174038592
11.52	30.945494990456172
11.53	27.73450768636787
11.540000000000001	23.955744106481347
11.55	24.21376307340545
11.56	27.917035778641903
11.57	28.27712998890102
11.58	35.44396891166636
11.59	38.616279840795094
11.6	31.042723442931212
11.61	30.151584049403322
11.620000000000001	25.976488094847902
11.63	28.229083736217476
11.64	23.571225409725624
11.65	21.084564221740635
11.66	22.268979419799876
11.67	22.28484956800143
11.68	18.94110175141909
11.69	17.38310586397214
11.700000000000001	15.185023869845107
11.71	16.900837383642635
11.72	21.706396512170794
11.73	17.31820716181144
11.74	15.556536706985524
11.75	17.06383230898708
11.76	15.278288290356207
11.77	16.57312999534131
11.78	23.893222731267183
11.790000000000001	23.235150994400918
11.8	28.120427532090478
11.81	22.657588684429317
11.82	23.993410707627287
11.83	35.522130502223916
11.84	35.313595750757315
11.85	29.396422717411934
11.86	24.043653087030357
11.870000000000001	19.90813532575021
11.88	19.023053587746904
11.89	21.664978849918604
11.9	27.251289775168917
11.91	26.847976144569955
11.92	23.766528749271426
11.93	21.33748976274501
11.94	17.728875397157235
11.950000000000001	20.17349686831425
11.96	19.094120447571534
11.97	17.29822161234988
11.98	24.632989289918356
11.99	27.10588602097988
12.0	23.182466254839763
12.01	20.211078018383493
12.02	21.41309698343259
12.030000000000001	20.99428999365216
12.040000000000001	21.38711449420783
12.05	20.458833699781188
12.06	17.159201717554648
12.07	21.594851174559892
12.08	25.463785568151504
12.09	22.3515891678583
12.1	23.102621976721665
12.11	18.109816236210396
12.120000000000001	15.874028606199648
12.13	21.81066265148356
12.14	21.074316062728325
12.15	17.690971718880025
12.16	26.289215776480397
12.17	23.611326842305093
12.18	30.723751143766066
12.19	29.543036736116804
12.200000000000001	25.277085617893107
12.21	26.32983527450374
12.22	24.823160257645977
12.23	23.928721338433125
12.24	24.911420905439492
12.25	33.87141397624527
12.26	32.91752229816253
12.27	27.39305004168052
12.280000000000001	30.702020698900288
12.290000000000001	24.398251015452534
12.3	19.256215702926564
12.31	16.478688425224167
12.32	17.259411443837546
12.33	16.589213726468028
12.34	13.729841787654202
12.35	13.706474414343615
12.36	17.377590299822597
12.370000000000001	22.423100053034485
12.38	24.88475364867385
12.39	24.719177588070774
12.4	22.091743805397293
12.41	25.672954752726827
12.42	31.528563544493174
12.43	25.001725402960304
12.44	24.19455445720506
12.450000000000001	20.2516687573117
12.46	21.601203592046527
12.47	23.22307045486802
12.48	22.218456044973898
12.49	19.486012116502465
12.5	20.4887928973395
12.51	18.425412786605904
12.52	22.23727066688526
12.530000000000001	25.742389949895657
12.540000000000001	21.26531643535004
12.55	25.112098206749515
12.56	28.647319634122677
12.57	30.602411707371992
12.58	27.371528507856492
12.59	32.43386696166752
12.6	33.315330759718535
12.61	26.2358254575956
12.620000000000001	27.107273959639937
12.63	27.677462266907344
12.64	21.72648399489633
12.65	18.382466525952754
12.66	22.29202428421152
12.67	19.164888658961132
12.68	19.070317935048696
12.69	20.941599479631126
12.700000000000001	22.471592282516287
12.71	22.574792170071376
12.72	24.162688653131713
12.73	28.343199167053836
12.74	25.37570583118632
12.75	24.539149647207065
12.76	26.371242338617222
12.77	27.645494459716172
12.780000000000001	27.91318011680144
12.790000000000001	24.20251684026655
12.8	25.62232113193809
12.81	29.735782547416612
12.82	27.26566650144883
12.83	24.304190030551705
12.84	24.226443844118386
12.85	22.85149834764735
12.86	21.594271676479142
12.870000000000001	23.943090497749854
12.88	21.68943667532379
12.89	18.52456483438919
12.9	23.09429223288463
12.91	22.202771645524287
12.92	20.266551926895545
12.93	17.17132385438316
12.94	18.545087328403774
12.950000000000001	26.00290939144099
12.96	20.449097480551536
12.97	20.09259875403648
12.98	23.414578821906378
12.99	26.51034884404398
13.0	27.180355949991515
13.01	22.303285970165305
13.02	18.973553049395573
13.030000000000001	15.021288954415352
13.040000000000001	13.885827900726552
13.05	13.033841130523218
13.06	12.53030791656825
13.07	13.358006119443363
13.08	11.602498575966022
13.09	16.63176833144932
13.1	15.251905020767596
13.11	20.48158903742255
13.120000000000001	18.946803807423816
13.13	18.735411892227926
13.14	15.294206537049714
13.15	21.91982228752691
13.16	23.644766496890654
13.17	24.638321400961257
13.18	23.380066668133196
13.19	23.176154069867767
13.200000000000001	17.83548769863253
13.21	15.563997374979945
13.22	18.177524923294026
13.23	17.757501849942134
13.24	16.16133576625593
13.25	16.14167341207694
13.26	24.350612461716022
13.27	21.936990248211444
13.280000000000001	27.545531349825534
13.290000000000001	32.68453715193912
13.3	32.533462250673246
13.31	28.898017623342803
13.32	26.7148034282146
13.33	28.871039154753007
13.34	25.119591000167286
13.35	27.25745184300842
13.36	33.183642654365684
13.370000000000001	29.974016692327904
13.38	26.749448106373194
13.39	29.58217352777827
13.4	32.71379268176645
13.41	40.83557473983549
13.42	33.84177770663988
13.43	28.980793765783023
13.44	32.454733146347984
13.450000000000001	30.910131829390565
13.46	31.86984670764745
13.47	37.92803938777239
13.48	31.950971192949233
13.49	38.096595957296664
13.5	38.25413858095937
13.51	38.93267983822413
13.52	41.45281765491928
13.530000000000001	38.6535102477087
13.540000000000001	31.743463294764087
13.55	29.16198006424026
13.56	24.085105276978886
13.57	20.27450191128892
13.58	18.571086961409158
13.59	16.759161679730205
13.6	17.972612079417345
13.61	19.518829055222294
13.620000000000001	20.92405701588101
13.63	23.52699563728617
13.64	25.909283906671142
13.65	34.502868758811246
13.66	30.03371485125968
13.67	31.30087032261291
13.68	35.69364739625547
13.69	37.20262645674066
13.700000000000001	30.47582163765312
13.71	33.395272586121266
13.72	31.23740012961795
13.73	26.672153161619136
13.74	23.100009739709197
13.75	27.390584591907476
13.76	22.659844680370878
13.77	21.787598470338295
13.780000000000001	20.37116664250167
13.790000000000001	20.977587038107277
13.8	17.482097847036762
13.81	16.544578437584963
13.82	22.506067233507135
13.83	21.505977531574818
13.84	25.569055589674484
13.85	24.774806303983755
13.86	31.705704700523793
13.870000000000001	27.610774934352516
13.88	30.148102744566717
13.89	24.854254140260117
13.9	23.133943111484744
13.91	24.17863632342563
13.92	21.276376701471527
13.93	24.57186888958886
13.94	22.16691648902892
13.950000000000001	17.805715604748958
13.96	15.751126505939538
13.97	16.45959126662053
13.98	15.788616356195295
13.99	14.614589259989664
14.0	13.712078564052252
14.01	22.268248110775943
14.02	29.025651093668294
14.030000000000001	39.14682468016284
14.040000000000001	33.85244279401352
14.05	32.97751858460362
14.06	29.032311005871524
14.07	25.49000364661728
14.08	25.19794259937841
14.09	22.656609163569943
14.1	30.86687289880154
14.11	31.565838719316588
14.120000000000001	26.880387361813188
14.13	23.54985554148919
14.14	23.632548459969275
14.15	21.197017318823473
14.16	28.290139406402197
14.17	24.866384059063225
14.18	26.357678485274615
14.19	23.998758840460003
14.200000000000001	30.517285674069694
14.21	33.61033730402139
14.22	29.629755030135126
14.23	25.762986239227814
14.24	29.775373040870335
14.25	32.43266774033581
14.26	28.21029405187091
14.27	23.209197153262846
14.280000000000001	26.48350545682823
14.290000000000001	28.697220930686182
14.3	24.977005602476346
14.31	19.427775651977996
14.32	16.29045398806477
14.33	21.55975383138013
14.34	19.315160640509585
14.35	18.08718057200476
14.36	23.47916282000617
14.370000000000001	24.25922833399971
14.38	21.863586012504467
14.39	27.20120004978529
14.4	26.63310418910882
14.41	28.348544450388147
14.42	28.8002038634217
14.43	26.225111318215035
14.44	23.09878105689236
14.450000000000001	22.81625765566993
14.46	29.16719068313567
14.47	26.18593571082372
14.48	33.80836940638917
14.49	32.037460129137926
14.5	26.87796153660532
14.51	22.73683791743407
14.52	26.903969866517166
14.530000000000001	27.298421127950242
14.540000000000001	26.505730822746486
14.55	24.738489081828366
14.56	20.829977443019597
14.57	17.283838232916292
14.58	19.29228993771012
14.59	23.70757909550987
14.6	30.794051634154233
14.61	25.08293254614858
14.620000000000001	28.359098036687605
14.63	34.80996369112297
14.64	32.22474258188223
14.65	27.40830650228665
14.66	24.683991295028502
14.67	20.676752918542178
14.68	18.778965647475918
14.69	21.570927305888954
14.700000000000001	23.6447478167861
14.71	21.093959553924268
14.72	17.92419962175593
14.73	25.806669873050616
14.74	21.742870788189876
14.75	19.76565788755216
14.76	22.34476137092125
14.77	22.84621892607256
14.780000000000001	22.918040810150682
14.790000000000001	25.946197839447294
14.8	28.172195642986267
14.81	24.48573004969119
14.82	21.254040983194482
14.83	24.037965244293954
14.84	18.78075693324361
14.85	16.67835049938568
14.86	15.600606746433082
14.870000000000001	16.057890105638197
14.88	16.215265155134396
14.89	14.611869786186123
14.9	11.741010538443819
14.91	10.411755306508072
14.92	14.644790164603306
14.93	12.948856646674402
14.94	11.538393742061041
14.950000000000001	14.04385400204751
14.96	14.515264095755024
14.97	16.524116198612916
14.98	13.321863136131832
14.99	11.383895614882617
15.0	11.43888623224159
15.01	16.646728622501563
15.02	16.1194696038948
15.030000000000001	18.266443195214777
15.040000000000001	25.434331403163274
15.05	25.56058343350972
15.06	27.631675803107775
15.07	24.270365872683968
15.08	22.150138069143203
15.09	19.819932100766877
15.1	17.622894377216543
15.11	18.828516615175086
15.120000000000001	24.957497779342017
15.13	21.47199011840747
15.14	19.404743956948934
15.15	21.47100245905709
15.16	17.940631788102433
15.17	13.836896216111287
15.18	12.336174370206294
15.19	11.454513909836415
15.200000000000001	19.755416733477364
15.21	22.00505649565497
15.22	24.580717736079027
15.23	20.20898966849253
15.24	27.726120467306384
15.25	25.67236519689596
15.26	21.36617776189886
15.27	18.274964211327408
15.280000000000001	20.195127771024925
15.290000000000001	20.245173707836518
15.3	20.863669457753193
15.31	22.348868155527295
15.32	23.37524348494254
15.33	30.859193461497924
15.34	28.698310538984515
15.35	24.67023449010067
15.36	23.157353004058443
15.370000000000001	22.80907227202519
15.38	20.17846313010503
15.39	21.892455260435675
15.4	23.59638689593622
15.41	32.34007435642838
15.42	29.273299352355
15.43	29.68824467869373
15.44	36.28498356114958
15.450000000000001	32.37456038498788
15.46	35.83560850051075
15.47	30.310037428744874
15.48	30.14316000608737
15.49	24.212071255420536
15.5	21.948332853689976
15.51	25.919220745091547
15.52	26.631503328326197
15.530000000000001	29.207018852791553
15.540000000000001	36.76758271867475
15.55	31.695390629436424
15.56	30.696635547900513
15.57	31.678807030058717
15.58	36.47070229458105
15.59	28.38137452100075
15.6	24.280251579125512
15.610000000000001	20.036378204709255
15.620000000000001	19.01425706682845
15.63	17.534526539263993
15.64	16.13464329508506
15.65	26.276666387022047
15.66	24.57851339724794
15.67	25.886715955305664
15.68	25.763317496341607
15.69	21.052181134928965
15.700000000000001	18.05517520514754
15.71	17.700875807678504
15.72	15.915176287066165
15.73	18.99446205053601
15.74	16.46616039650376
15.75	16.25649185991825
15.76	23.78249419658463
15.77	20.17450874705526
15.780000000000001	16.180928273824914
15.790000000000001	14.304357434565498
15.8	15.573283985495328
15.81	16.089589741368144
15.82	18.195454922298726
15.83	23.413903771986757
15.84	22.946124977730737
15.85	22.08607385116947
15.860000000000001	21.62042306324735
15.870000000000001	22.02252972028879
15.88	23.11771705376481
15.89	18.906461388327727
15.9	15.246047929228018
15.91	15.386508627106538
15.92	19.914674643748487
15.93	17.046667096459043
15.94	21.484130829143062
15.950000000000001	18.862556786335034
15.96	28.92142690796892
15.97	22.644412494102777
15.98	20.758276211521803
15.99	23.817613218953493
16.0	28.53002864700924
16.01	25.0645765341673
16.02	22.2308585651607
16.03	20.920456327548894
16.04	25.088264046768085
16.05	25.602526335668692
16.06	23.34273572149102
16.07	22.17389790752734
16.080000000000002	22.80713102854148
16.09	24.180796271047505
16.1	19.859273132818494
16.11	16.239833580725357
16.12	23.085173060870094
16.13	20.627273120132546
16.14	23.401211239601803
16.15	24.489521811445844
16.16	23.015033917508415
16.17	18.620687721227213
16.18	17.731641197775264
16.19	17.10273911754245
16.2	15.839643792693305
16.21	13.688682303229283
16.22	15.0201616010701
16.23	12.61924952174459
16.240000000000002	15.64933595222449
16.25	23.211660169133783
16.26	22.894483215386945
16.27	27.447286738937088
16.28	24.69539440644987
16.29	25.986451294689864
16.3	27.218355352419472
16.31	25.68730618142282
16.32	27.325292990868817
16.330000000000002	25.230315920289996
16.34	20.650063828637222
16.35	19.512244003198763
16.36	21.734702502215036
16.37	21.568579177817014
16.38	21.751685084166457
16.39	27.105459835353987
16.4	24.401710173836932
16.41	25.49423547794129
16.42	24.581805569408633
16.43	19.458371194596644
16.44	16.378364671476042
16.45	14.910735367325344
16.46	16.963340908735546
16.47	14.52452938449227
16.48	19.501857683202335
16.490000000000002	26.78203093213968
16.5	27.130756334112295
16.51	26.845662369256146
16.52	27.39352185887723
16.53	21.665452521155746
16.54	16.998465641733297
16.55	14.191043490079903
16.56	10.926058991475497
16.57	17.79467097774557
16.580000000000002	14.833984206951193
16.59	14.99983686699014
16.6	13.07575471795853
16.61	18.820943385987174
16.62	16.33417664002359
16.63	22.465294899716778
16.64	25.683578449161654
16.65	28.270457583275363
16.66	28.312113996651927
16.67	23.161579854653784
16.68	25.818806386560585
16.69	24.670776998147474
16.7	33.60339954739207
16.71	33.05994848321695
16.72	30.483169750697396
16.73	31.15792683762596
16.740000000000002	26.583756740879426
16.75	21.83892409987544
16.76	20.4065607621029
16.77	23.36681237955255
16.78	31.652728732438213
16.79	30.714176103627135
16.8	25.461787504300492
16.81	31.590644977848385
16.82	31.422645656234064
16.830000000000002	27.12976413400162
16.84	24.506165466985642
16.85	23.27626221620051
16.86	19.715828618703192
16.87	21.496667323809252
16.88	26.248205115861804
16.89	24.630834923447782
16.9	24.022063897726518
16.91	21.903605200446854
16.92	23.649117943497178
16.93	20.91884597388469
16.94	18.101707520632452
16.95	15.954660651544739
16.96	15.72512373334981
16.97	20.252879896855443
16.98	20.24475236929218
16.990000000000002	20.99323694335197
17.0	26.142409164835062
17.01	21.94548347995943
17.02	20.773031742959734
17.03	23.238106572365826
17.04	18.538715082485343
17.05	16.64806913899195
17.06	14.96590790621216
17.07	13.443679329519918
17.080000000000002	11.75943078314473
17.09	12.205082750890892
17.1	10.96882662068335
17.11	9.047516818221888
17.12	8.162107599537604
17.13	13.243935105271767
17.14	22.489782472742437
17.150000000000002	21.310594390484315
17.16	23.598469221002166
17.17	23.269917902008267
17.18	26.356225410899047
17.19	25.19081167654441
17.2	23.560698067022848
17.21	33.09467107795153
17.22	32.80449407791431
17.23	31.304210662684227
17.240000000000002	36.94124253194725
17.25	36.190405687632435
17.26	35.976683915818576
17.27	35.158100694316126
17.28	31.35080374836694
17.29	33.18830656314789
17.3	27.47381561091463
17.31	23.41426521293333
17.32	26.335900947520038
17.330000000000002	35.39383794151446
17.34	36.45933596969824
17.35	37.47665259155227
17.36	30.48996314008695
17.37	29.460129419954885
17.38	31.110740098507144
17.39	32.820550859840914
17.400000000000002	26.747205137799213
17.41	26.959978803666914
17.42	29.49097437689707
17.43	26.04897557617059
17.44	24.56680064305963
17.45	19.20327252857183
17.46	16.490760709150855
17.47	17.07107480976924
17.48	18.90745588697784
17.490000000000002	14.579239481368779
17.5	14.00298402314618
17.51	11.96565120227656
17.52	10.244058644304408
17.53	10.500179784990062
17.54	10.756443000162928
17.55	11.448452534319062
17.56	20.119458801246157
17.57	20.644832248235232
17.580000000000002	15.978289470205528
17.59	15.114690617628591
17.6	22.47921300385893
17.61	22.187882871610284
17.62	18.833852626174203
17.63	19.444654411735158
17.64	20.680983706249283
17.650000000000002	21.57686028998322
17.66	20.67216025735061
17.67	17.7602539222395
17.68	17.09638338081316
17.69	19.571402161673532
17.7	21.738744415594002
17.71	19.34362028614329
17.72	17.483319844463992
17.73	15.44145155941501
17.740000000000002	13.828529885746502
17.75	11.672829103726134
17.76	9.547270976864606
17.77	6.945630162506105
17.78	8.839076077974847
17.79	10.126232375955233
17.8	16.03927846149199
17.81	15.441016552626833
17.82	16.44804550730521
17.830000000000002	13.563139963779706
17.84	15.50101142496404
17.85	23.740584053172476
17.86	25.22860254018223
17.87	23.218312826501457
17.88	20.253372822846316
17.89	21.44847619284412
17.900000000000002	19.853036900265522
17.91	18.61776540227154
17.92	16.341729065863007
17.93	21.146126013662627
17.94	19.089576685271354
17.95	17.246783050547943
17.96	20.977218515778528
17.97	16.60728108942484
17.98	17.80408121883471
17.990000000000002	29.147204204941435
18.0	29.763672529647724
18.01	36.253476094736534
18.02	35.95866077761013
18.03	30.11987108284003
18.04	33.18975070407642
18.05	30.181790722147362
18.06	25.79877191508198
18.07	24.160096595592382
18.080000000000002	27.698003655524495
18.09	28.402587388021548
18.1	29.14667330388691
18.11	24.80965111701708
18.12	25.517126565885768
18.13	24.44361436646093
18.14	21.750806143081746
18.150000000000002	32.49622646626148
18.16	33.85709368620278
18.17	35.7774434860987
18.18	35.06041098527321
18.19	39.169205715567486
18.2	39.578596783693726
18.21	36.4250687477025
18.22	30.290150876456007
18.23	26.420704499461664
18.240000000000002	24.936963964839517
18.25	22.882414347057296
18.26	26.256097589729567
18.27	35.097895744970494
18.28	35.97473574283213
18.29	31.17769545235892
18.3	29.747758887445514
18.31	36.17273937425119
18.32	34.915910578443665
18.330000000000002	32.52573521420345
18.34	30.219409839385406
18.35	32.83354123421161
18.36	26.861046453554167
18.37	22.460882774020135
18.38	17.257251804917896
18.39	15.590425266957329
18.400000000000002	14.103048017044236
18.41	18.26824353587031
18.42	23.792188503400606
18.43	26.457194009311728
18.44	24.101951050500563
18.45	28.762066080265367
18.46	36.855233684440364
18.47	33.43775128245477
18.48	30.818279038548514
18.490000000000002	27.386477581216504
18.5	23.039883648786613
18.51	19.58225553332279
18.52	23.119675371471853
18.53	28.47217878350675
18.54	28.518633862110104
18.55	30.81139836446026
18.56	26.011603170777807
18.57	21.96788733361399
18.580000000000002	19.413555423946644
18.59	24.12241138991705
18.6	23.445600829031424
18.61	20.46830049383632
18.62	18.70944258752947
18.63	17.06732735100551
18.64	13.199413885535487
18.650000000000002	13.81109435607223
18.66	13.117756569563815
18.67	12.557154658195032
18.68	15.449216355256391
18.69	18.60448118960559
18.7	15.63963248421426
18.71	14.72354999487275
18.72	16.073864870171573
18.73	14.95387873255927
18.740000000000002	16.311008866484563
18.75	17.045420006326605
18.76	17.587286621857217
18.77	14.852249141139934
18.78	24.30418125391582
18.79	24.55758663999468
18.8	29.644638482615452
18.81	26.30533844434691
18.82	22.21680063886028
18.830000000000002	20.887529136386142
18.84	17.267978063967938
18.85	24.525414277262968
18.86	26.340555187079993
18.87	30.05579397089311
18.88	24.410840690665204
18.89	24.58177518839399
18.900000000000002	21.207129292392853
18.91	19.301216386902325
18.92	17.755352606180367
18.93	13.691632517813364
18.94	12.996035346315294
18.95	20.681058218346685
18.96	21.23482046528474
18.97	25.54709733160845
18.98	30.320254521445822
18.990000000000002	24.08378678378641
19.0	24.300699598568784
19.01	27.38229595049851
19.02	29.201679694880095
19.03	26.78896890205509
19.04	22.284606384696673
19.05	22.82060321333341
19.06	22.10219276224948
19.07	21.023093911802935
19.080000000000002	18.512312839806125
19.09	14.23605572051695
19.1	13.271297176157612
19.11	12.361463546837358
19.12	18.727040201645703
19.13	15.602886852628618
19.14	13.628480436241611
19.150000000000002	14.71570607316922
19.16	22.093214269817565
19.17	19.767319209917176
19.18	15.65990889724003
19.19	12.897736293916015
19.2	18.006155237714715
19.21	15.612603150603364
19.22	18.13532550167726
19.23	17.963449648283966
19.240000000000002	22.208335766152302
19.25	20.53112121484171
19.26	21.653621914716368
19.27	21.420215096983448
19.28	25.80215020952641
19.29	22.385429598778888
19.3	20.79611763988593
19.31	26.165867885979885
19.32	21.628032184314765
19.330000000000002	19.28969080722454
19.34	17.973027381164684
19.35	17.14216059524551
19.36	14.362883287839592
19.37	22.959185595900625
19.38	25.270766747541455
19.39	31.16622194578922
19.400000000000002	26.32412292377436
19.41	31.04884553595185
19.42	29.608454687272957
19.43	34.76192238143774
19.44	30.331563583317028
19.45	32.495035134993785
19.46	27.108443449774292
19.47	28.547765689852024
19.48	28.42589713998342
19.490000000000002	28.135508298619506
19.5	26.60815957859434
19.51	23.114414456732074
19.52	20.369905863701224
19.53	19.915328383699517
19.54	24.33512565289124
19.55	25.76467963557254
19.56	32.03968196436835
19.57	37.656271896460794
19.580000000000002	32.89395612665588
19.59	28.451636601989165
19.6	24.630555236771453
19.61	22.123343269733056
19.62	27.36971103198527
19.63	25.002526858008004
19.64	29.360157439751752
19.650000000000002	23.99905171526948
19.66	22.360613217584852
19.67	27.64898798862402
19.68	27.432096834441637
19.69	26.82503918951204
19.7	27.7188842592619
19.71	29.700137087025155
19.72	30.172470449245377
19.73	24.99040301441642
19.740000000000002	22.68033886261462
19.75	23.41372697003335
19.76	20.30683487943578
19.77	26.551355182082634
19.78	23.331516113880305
19.79	22.833220071409432
19.8	30.62092844588822
19.81	27.268411256292044
19.82	26.876373648582778
19.830000000000002	27.297415000294052
19.84	28.595140637334183
19.85	28.48423833291834
19.86	23.649943899397375
19.87	20.7515551980859
19.88	22.58972668233488
19.89	30.341458710411853
19.900000000000002	25.92284746062989
19.91	26.80587738336953
19.92	23.340026236156064
19.93	20.839639097308726
19.94	18.375010533024994
19.95	20.931872293025695
19.96	16.44131431990975
19.97	12.768707383147245
19.98	10.155209005407468
19.990000000000002	14.706965663793572
20.0	25.32857521909413
20.01	23.314151558720173
20.02	28.949824205740544
20.03	33.32261285613563
20.04	35.08967791735876
20.05	29.32916887042964
20.06	25.866785988717677
20.07	21.415157922184783
20.080000000000002	19.50353155015291
20.09	20.467150057412777
20.1	19.479479579073473
20.11	15.60364317849811
20.12	16.443838034219873
20.13	15.115796654280857
20.14	13.622067156712994
20.150000000000002	14.311755302093948
20.16	20.87501743098844
20.17	33.54866738581288
20.18	41.63510781937323
20.19	33.657856149829556
20.2	27.72343015062701
20.21	21.239696101708574
20.22	18.124401128500416
20.23	17.503652431249193
20.240000000000002	20.298899809049868
20.25	21.10648226763468
20.26	20.0521582652846
20.27	21.179163372004552
20.28	21.728083579584677
20.29	26.233961087606925
20.3	26.190651871753186
20.31	20.97049183775704
20.32	19.044070829607087
20.330000000000002	21.814023896913238
20.34	25.840841888499714
20.35	24.45188513523484
20.36	21.42967069648728
20.37	18.78639593132445
20.38	17.96497886321495
20.39	22.148607865602386
20.400000000000002	33.901527881038824
20.41	29.60676823500427
20.42	25.41439577497739
20.43	24.274047811288188
20.44	21.088767711024953
20.45	17.98275489369109
20.46	16.378659223488874
20.47	15.942716691633864
20.48	14.63836019249554
20.490000000000002	18.97304883491347
20.5	18.85679196873714
20.51	23.642378323688952
20.52	19.756231880154584
20.53	16.71694219394188
20.54	17.28961116881614
20.55	14.966312903221253
20.56	13.697258741648083
20.57	15.812644016508091
20.580000000000002	15.72799685332517
20.59	16.750862860903062
20.6	18.79815373935158
20.61	17.42123682882168
20.62	19.40138594388073
20.63	24.88914140763373
20.64	22.928288958661902
20.650000000000002	28.807401120097612
20.66	29.25392400583211
20.67	25.353444760780324
20.68	24.172734423152438
20.69	28.273806550042217
20.7	22.249738708713604
20.71	20.582351244072576
20.72	21.84870901497179
20.73	21.24283930392271
20.740000000000002	17.52320928187423
20.75	22.902268982160265
20.76	20.189143170527966
20.77	18.390153227009232
20.78	21.945799161199012
20.79	18.250478176126848
20.8	17.804271967817535
20.81	21.12602474610562
20.82	17.30240248957508
20.830000000000002	16.98466607981517
20.84	21.659739690843985
20.85	22.932343407413363
20.86	20.169765466315248
20.87	25.763021270023554
20.88	20.039020606816027
20.89	20.055771317846247
20.900000000000002	18.375082650135912
20.91	16.283759698297366
20.92	15.650350722650735
20.93	14.98388264070568
20.94	12.430203681814733
20.95	9.876524722924696
20.96	7.606731796081741
20.97	6.317788521905717
20.98	5.028845247729233
20.990000000000002	6.441658658512546
21.0	5.65687458483689
21.01	9.961182879666104
21.02	16.2361960498007
21.03	19.652350547638726
21.04	17.779824458035492
21.05	15.503342196381071
21.06	17.57440461622625
21.07	15.562929150770183
21.080000000000002	16.062456348866085
21.09	16.814881149092187
21.1	23.128082838831123
21.11	22.22958418061519
21.12	24.97336990441587
21.13	22.49348474480641
21.14	19.34541247862991
21.150000000000002	18.57564510513319
21.16	23.416778710735915
21.17	25.527290928530444
21.18	24.534512214792468
21.19	23.599063271368305
21.2	18.661289496313543
21.21	21.20278514964698
21.22	18.252533885700863
21.23	25.906787865084937
21.240000000000002	26.32394699233013
21.25	26.907645696979195
21.26	27.47495101969871
21.27	22.263144495705834
21.28	25.438091762886263
21.29	29.50754924580674
21.3	32.30524361397826
21.31	27.567038439988746
21.32	25.778389866087768
21.330000000000002	27.56510747970992
21.34	28.203652186167428
21.35	26.058658292095743
21.36	26.965135079519957
21.37	30.537150219175786
21.38	26.006862147861895
21.39	25.77625378693172
21.400000000000002	25.369862995019336
21.41	24.097154503830744
21.42	29.649865853562346
21.43	25.21054714019195
21.44	28.266183142819962
21.45	22.35459077936525
21.46	17.618025805077743
21.47	15.179015932765898
21.48	22.18772750490947
21.490000000000002	17.639562012533347
21.5	14.049590206467158
21.51	12.596094962513257
21.52	10.5790812614374
21.53	9.706677107953514
21.54	14.416540960890744
21.55	25.18684428484442
21.56	31.906381763249346
21.57	28.79933056813899
21.580000000000002	23.223083343433075
21.59	19.04068561832949
21.6	18.14169775884683
21.61	18.497534943552726
21.62	18.430014981232265
21.63	21.648315795879284
21.64	21.57933829386181
21.650000000000002	21.06874366394815
21.66	26.86105203217108
21.67	25.528340965754357
21.68	25.20361537224441
21.69	24.638916655511345
21.7	29.62606866586574
21.71	25.8507825635372
21.72	22.7215156956177
21.73	25.421312165955378
21.740000000000002	26.957476492142646
21.75	25.679483711211397
21.76	21.55061704556379
21.77	22.54744103550345
21.78	18.647013467356015
21.79	20.717932025529283
21.8	20.506341099812023
21.81	23.25700222043925
21.82	19.132883672281395
21.830000000000002	30.374041210892308
21.84	36.95850262489152
21.85	34.632341553004125
21.86	33.551486556230145
21.87	36.39975431087083
21.88	34.636492386964896
21.89	29.712722494170123
21.900000000000002	28.759384740972084
21.91	25.226971211074385
21.92	27.333408803662557
21.93	26.120123441635595
21.94	29.091532949285572
21.95	27.05269445172243
21.96	22.50831463797842
21.97	20.060391146201518
21.98	20.988949973831883
21.990000000000002	20.86793659230741
22.0	18.145016307710254
22.01	16.030690237545464
22.02	18.85133310309191
22.03	17.569691948981195
22.04	20.56400892841387
22.05	18.86310798933413
22.06	17.272193644070526
22.07	19.897813292803352
22.080000000000002	17.52398039357849
22.09	19.756972161414932
22.1	22.74753290736749
22.11	21.724299025951446
22.12	18.675342127891746
22.13	16.232172982639288
22.14	14.324981025219023
22.150000000000002	14.301100767666684
22.16	15.36325439412045
22.17	14.131032196411207
22.18	16.328198467709164
22.19	14.285971312059798
22.2	26.07941070702118
22.21	26.094806424595983
22.22	23.40869087882101
22.23	23.745860487335467
22.240000000000002	23.799649559848337
22.25	26.394968017024492
22.26	24.387143853395425
22.27	25.430060494393718
22.28	24.589927009335636
22.29	22.510965126535282
22.3	24.862229502753774
22.31	20.838615999159668
22.32	18.837356991090488
22.330000000000002	23.422774950479642
22.34	19.046420138211133
22.35	21.413934410169105
22.36	24.22237881222784
22.37	19.2251900083405
22.38	14.801884641804923
22.39	11.299180992288223
22.400000000000002	9.611883651458774
22.41	14.585978320039224
22.42	18.581194860996717
22.43	22.129687950684083
22.44	22.004123887689328
22.45	29.41821914940397
22.46	24.644368021434236
22.47	33.040600175053065
22.48	29.004488650678354
22.490000000000002	29.923652892272788
22.5	28.90794869811219
22.51	26.56276426727449
22.52	27.838917073585566
22.53	22.36676150852308
22.54	20.859319244939044
22.55	17.20228766728441
22.56	17.385321820819847
22.57	20.701467003830107
22.580000000000002	27.85400425947096
22.59	31.640871653854862
22.6	30.165486148299983
22.61	38.420400365712126
22.62	31.496734166000554
22.63	26.539832697563078
22.64	23.82775854048196
22.650000000000002	26.957063191728196
22.66	24.690466129653615
22.67	24.93499518603201
22.68	25.460609905011125
22.69	29.024293126623824
22.7	29.92783476355651
22.71	29.222112286277987
22.72	26.752920051705612
22.73	24.62591329457213
22.740000000000002	23.601554541426864
22.75	22.567630405334672
22.76	23.585844869026314
22.77	29.207033699278256
22.78	24.700226561668963
22.79	25.25180489879883
22.8	40.02405987319154
22.81	32.29719714246952
22.82	33.92597024509243
22.830000000000002	29.097753204461835
22.84	27.14875310391161
22.85	22.10081375292993
22.86	18.51334423377144
22.87	20.27948107169056
22.88	27.360804147706666
22.89	29.457335008831535
22.900000000000002	28.52970806160424
22.91	25.817752327114203
22.92	25.45251492170344
22.93	25.498242832026204
22.94	28.22734582989366
22.95	21.993528365532924
22.96	20.532591278079146
22.97	17.880072928042253
22.98	19.983381501624013
22.990000000000002	27.830127679076345
23.0	23.52704738472791
23.01	24.76698277254288
23.02	30.137066300619136
23.03	37.59115756739215
23.04	31.253718476105988
23.05	25.28560564826921
23.06	23.706016149833513
23.07	21.81099682438074
23.080000000000002	19.626920322836135
23.09	19.02806345551737
23.1	20.543577328918886
23.11	18.000372928317482
23.12	25.195418449677923
23.13	20.475662061376664
23.14	23.19472755655247
23.150000000000002	26.643320394030656
23.16	25.283909898419363
23.17	22.69323801644773
23.18	18.983155642773912
23.19	18.926086245954636
23.2	22.742752157476176
23.21	20.87515564213902
23.22	18.248616937297875
23.23	16.2591766727636
23.240000000000002	17.92042869581643
23.25	16.194292676990425
23.26	19.928040394677407
23.27	17.013897863111566
23.28	15.058585159229374
23.29	20.687666788390327
23.3	30.708259545846552
23.31	26.29696266615919
23.32	22.306621641171876
23.330000000000002	22.46191847040235
23.34	18.90117784158175
23.35	16.324971190109146
23.36	16.4217257537129
23.37	16.538080243473715
23.38	18.1048640194306
23.39	16.256683468396627
23.400000000000002	16.421698358327355
23.41	14.891204450115508
23.42	14.603276784028886
23.43	21.199325376488588
23.44	27.636264526188704
23.45	32.72584734156018
23.46	32.04049875187042
23.47	27.28247411130127
23.48	22.581466639013936
23.490000000000002	27.777239485980008
23.5	22.710679837639304
23.51	28.241700708289386
23.52	29.36440778357455
23.53	33.937256449982826
23.54	29.976479789936707
23.55	30.599502174647437
23.56	30.237842248979693
23.57	30.393871949651032
23.580000000000002	25.45295323755595
23.59	23.57801753066663
23.6	20.872547485910818
23.61	19.734224284532562
23.62	15.344190796679838
23.63	12.774178947136923
23.64	11.209786582158179
23.650000000000002	12.174611780910151
23.66	11.805163643988509
23.67	11.218918652970702
23.68	16.901070538960862
23.69	15.897092997469263
23.7	13.919398961463758
23.71	11.595033728030053
23.72	9.800147691051079
23.73	13.434095668271501
23.740000000000002	13.732059521313266
23.75	18.34895118433744
23.76	22.13909018011206
23.77	19.6756412855224
23.78	24.09302280299115
23.79	31.73178331446878
23.8	27.21262861344065
23.81	24.674913713603527
23.82	21.25431162293097
23.830000000000002	23.297208554839543
23.84	21.718486440742677
23.85	21.28553077136535
23.86	21.34564688375508
23.87	28.55004885755508
23.88	27.175982687201415
23.89	21.45093719249025
23.900000000000002	18.396970833287924
23.91	18.272253656956593
23.92	22.811828159127927
23.93	21.489475748911122
23.94	25.64130399620377
23.95	26.92974692942675
23.96	23.593345071875007
23.97	22.40654103464718
23.98	21.11768663410424
23.990000000000002	18.4898418530491
24.0	16.953471336174594
24.01	20.46097426432471
24.02	17.253790337767285
24.03	22.985283156491526
24.04	22.59611847157332
24.05	24.76533986577685
24.060000000000002	24.228504911456056
24.07	30.10123950588401
24.080000000000002	30.010272014049594
24.09	27.60914593963803
24.1	23.58305817316003
24.11	28.94677575205833
24.12	23.609052858382146
24.13	24.93449654055705
24.14	22.38591274766199
24.150000000000002	21.581164998332532
24.16	21.117964996895044
24.17	22.008108739947815
24.18	21.509393191578276
24.19	24.168742318978175
24.2	31.494545561661468
24.21	27.728745841607687
24.22	30.818964537061387
24.23	28.497409163479993
24.240000000000002	23.47649810871751
24.25	28.058564977533457
24.26	29.716799175324294
24.27	24.28181913229153
24.28	21.82483042874396
24.29	24.004986715239085
24.3	32.98548304589089
24.310000000000002	36.953734294887575
24.32	33.5756769660166
24.330000000000002	30.318592762560176
24.34	28.18628727056286
24.35	26.43881065148098
24.36	27.89154449502493
24.37	29.579483876980433
24.38	27.276934574657304
24.39	24.274473153520592
24.400000000000002	23.57005436134951
24.41	19.689386322934656
24.42	23.716865292381204
24.43	21.284622795737196
24.44	21.665204028313074
24.45	23.84755800332129
24.46	22.43092790785347
24.47	28.281073273817647
24.48	27.72813801587443
24.490000000000002	30.046888668268362
24.5	26.99495799027816
24.51	30.026191926382147
24.52	35.0775082814839
24.53	31.28932134639588
24.54	31.530813074019726
24.55	31.676051801498534
24.560000000000002	29.861115279579764
24.57	30.778936463797635
24.580000000000002	32.41409155429508
24.59	29.910919280974767
24.6	28.21327410105493
24.61	26.9940574463998
24.62	30.922997568615717
24.63	29.834506402120876
24.64	29.607398762849005
24.650000000000002	31.097858269388304
24.66	24.57633670917041
24.67	19.52445363686256
24.68	15.879992609342203
24.69	14.709626923894557
24.7	19.9445707179358
24.71	19.137823182277266
24.72	16.421473199040573
24.73	19.30810057302136
24.740000000000002	17.45625346441657
24.75	17.992166409242802
24.76	22.498497708485793
24.77	21.28657719363996
24.78	16.88990061625526
24.79	18.70578530348568
24.8	24.210938642254135
24.810000000000002	25.81130699531666
24.82	22.0097204069349
24.830000000000002	33.098746543788245
24.84	32.900830189623726
24.85	32.364252608812045
24.86	25.437629377762192
24.87	23.00844034313506
24.88	25.038313816288902
24.89	20.358530927751172
24.900000000000002	19.66369438556256
24.91	23.516616292406663
24.92	33.7766840424999
24.93	30.623297059421883
24.94	30.045877445171897
24.95	27.97884290671787
24.96	26.04924557909197
24.97	21.545675517776747
24.98	19.57121657482694
24.990000000000002	21.477791264651085
25.0	23.049157271088504
25.01	19.031754691753992
25.02	19.24011354199127
25.03	19.666168001117367
25.04	17.97961095498232
25.05	20.126909326540815
25.060000000000002	23.27108619597105
25.07	24.719622182129644
25.080000000000002	29.584353932854523
25.09	30.756689010156574
25.1	30.820552684803914
25.11	30.657928348541265
25.12	31.68346319797209
25.13	31.857720903244893
25.14	29.759597645906755
25.150000000000002	31.52859718952086
25.16	31.716546989229002
25.17	27.56057620078439
25.18	28.028396068402568
25.19	22.192950949693657
25.2	17.98715968329686
25.21	17.738212245183792
25.22	18.291358021280836
25.23	28.33655012404983
25.240000000000002	25.731548483656958
25.25	32.26085818830592
25.26	26.365222115149802
25.27	22.004496159335147
25.28	22.309149417140652
25.29	18.639634211353624
25.3	18.909782436581875
25.310000000000002	22.08968366029832
25.32	21.054463709807422
25.330000000000002	22.440704719131517
25.34	27.97773870920715
25.35	22.72431870133749
25.36	26.66998337451635
25.37	27.306910047526667
25.38	30.858430300245157
25.39	27.426404599330635
25.400000000000002	22.867701806798816
25.41	19.637740479529608
25.42	18.819614138460874
25.43	18.512213777972352
25.44	19.26605556383356
25.45	15.150355196481083
25.46	12.10915967968627
25.47	10.494821343788479
25.48	10.311813526359071
25.490000000000002	11.042145972396293
25.5	8.62826086254481
25.51	7.875311769525681
25.52	7.051667056143978
25.53	12.61271076466596
25.54	9.31558729740271
25.55	9.292380967977163
25.560000000000002	9.356405965658894
25.57	9.548878372819242
25.580000000000002	10.490737617641747
25.59	18.42108779360087
25.6	17.903812216955863
25.61	25.69508495655058
25.62	25.39007419197365
25.63	21.93151638825898
25.64	23.944894929608573
25.650000000000002	19.555225300892733
25.66	25.199597016611015
25.67	21.952788630132044
25.68	20.87086967182173
25.69	20.278866302359305
25.7	18.51557347669336
25.71	14.4499293342149
25.72	11.63282302710451
25.73	10.11301065387226
25.740000000000002	19.268339204511364
25.75	21.585142912813577
25.76	19.7257742187959
25.77	19.0966391412091
25.78	19.85939496739171
25.79	19.460019154527686
25.8	18.28021284158198
25.810000000000002	15.418105942544434
25.82	15.002932063757275
25.830000000000002	12.866101920945196
25.84	16.184473759801463
25.85	20.391158857583427
25.86	18.185941377275345
25.87	17.695089671383194
25.88	29.237705526340374
25.89	40.23131156576097
25.900000000000002	36.2276398035312
25.91	32.3297033218922
25.92	30.673746694438922
25.93	26.881178074247334
25.94	24.046257385177945
25.95	33.2148588790243
25.96	30.176483463654307
25.97	25.41319591684046
25.98	25.560216311353482
25.990000000000002	24.633127974219278
26.0	23.732649466289214
26.01	20.55278354368637
26.02	18.24630732085405
26.03	14.231956243733578
26.04	11.683805298387485
26.05	13.028108466608188
26.060000000000002	20.807886973553504
26.07	21.453172101791623
26.080000000000002	16.732707125179584
26.09	15.302192554447915
26.1	15.273480341250307
26.11	16.195726842801545
26.12	16.153509314253064
26.13	21.384157541513957
26.14	20.18579447012291
26.150000000000002	21.649146276209294
26.16	23.79003939155644
26.17	23.818334361434545
26.18	22.26508517017908
26.19	19.105151732909125
26.2	17.059693081435327
26.21	15.03153812069679
26.22	16.980662589461783
26.23	14.369634174790466
26.240000000000002	20.00101958885233
26.25	22.4859119987995
26.26	18.388349361602206
26.27	20.198645713490077
26.28	22.6740061142897
26.29	24.168023923132278
26.3	30.4648504977741
26.310000000000002	27.44998738950825
26.32	29.960126414526513
26.330000000000002	24.596624971963873
26.34	23.6522791308992
26.35	21.80224847343597
26.36	18.19755972094935
26.37	15.81723959457839
26.38	25.23550547333162
26.39	24.745458699428962
26.400000000000002	21.380196769480413
26.41	21.468127527338645
26.42	25.83847009717122
26.43	32.33917953803669
26.44	29.501382251607758
26.45	22.838255088995272
26.46	18.58001993580027
26.47	15.259905983189135
26.48	20.274194447660875
26.490000000000002	21.81114492300834
26.5	23.512425463989704
26.51	28.91753602287997
26.52	29.705382904841493
26.53	28.16897640701062
26.54	28.70653392519141
26.55	30.124921379582513
26.560000000000002	31.889774065011725
26.57	37.69209665018894
26.580000000000002	36.16882561134334
26.59	33.59633910253656
26.6	28.438891463763383
26.61	28.104821211591364
26.62	38.605616351906114
26.63	34.36162931620406
26.64	38.17887202578403
26.650000000000002	33.22651127592633
26.66	30.068955836148277
26.67	29.48868991560421
26.68	34.47366127629272
26.69	31.593083133973835
26.7	30.864563126372403
26.71	29.14366813412219
26.72	29.90827287260252
26.73	25.971716688309517
26.740000000000002	26.333294350686582
26.75	28.102076335777255
26.76	26.63978141214974
26.77	26.915570763386548
26.78	25.842011094369763
26.79	27.807774903248177
26.8	23.21517334734698
26.810000000000002	18.729531387683263
26.82	21.04455278319004
26.830000000000002	26.564316044562272
26.84	26.333121002420658
26.85	24.15829636660605
26.86	26.4631755720254
26.87	24.48514028486044
26.88	23.964842463495515
26.89	23.074466589495245
26.900000000000002	26.979386857533243
26.91	28.63704869104938
26.92	37.89745751583218
26.93	33.28358144039028
26.94	27.710154193533
26.95	24.738629516299575
26.96	25.850773475397784
26.97	34.60490877291392
26.98	28.711013577674905
26.990000000000002	26.407006677833863
27.0	21.85000370077588
27.01	21.323606324385683
27.02	19.26746413474295
27.03	23.158737659420385
27.04	20.254291304878997
27.05	36.5914413525664
27.060000000000002	31.206141506203856
27.07	29.20907113604608
27.080000000000002	30.213065388822095
27.09	28.49661752126862
27.1	33.63917922550791
27.11	31.20451941385081
27.12	27.163378392353817
27.13	31.19040478843045
27.14	29.587122148673952
27.150000000000002	29.46876931849925
27.16	30.25619771018235
27.17	45.16959270610029
27.18	42.18442298836903
27.19	34.44942492278872
27.2	26.91006333234127
27.21	22.014135405079966
27.22	26.728196223803756
27.23	22.895679141836595
27.240000000000002	20.99228152215961
27.25	19.097116963091047
27.26	18.38399050297729
27.27	16.094121866202222
27.28	16.32303420660533
27.29	19.004812983918658
27.3	22.58179887868641
27.310000000000002	19.672595632678906
27.32	26.843298935398977
27.330000000000002	23.530041925461454
27.34	23.467630505344385
27.35	24.280912565519046
27.36	31.69652684410861
27.37	36.780143229598686
27.38	38.18050340285769
27.39	34.278381343709206
27.400000000000002	29.155674118143647
27.41	29.330798728390505
27.42	26.739155767938023
27.43	24.571327324751497
27.44	26.110240306301872
27.45	29.39897745974937
27.46	27.06390642695982
27.47	28.594258044310525
27.48	29.671455932737473
27.490000000000002	26.18500086616475
27.5	25.195081796311925
27.51	21.007964536241396
27.52	20.977277512022663
27.53	24.22068827688315
27.54	22.786698202998164
27.55	22.60206295147689
27.560000000000002	19.26928140731834
27.57	30.616716363757757
27.580000000000002	24.16607171653245
27.59	20.078281811449457
27.6	18.127250681926444
27.61	33.50063269387042
27.62	29.458878463742995
27.63	24.98692301890363
27.64	26.50038591724523
27.650000000000002	27.684923178582768
27.66	28.54468136265358
27.67	28.290690847669037
27.68	23.863454220879007
27.69	22.812251386497493
27.7	18.712049463807386
27.71	26.42033459911266
27.72	27.103143450763017
27.73	37.173819369427896
27.740000000000002	34.07728134056396
27.75	28.61566057496452
27.76	28.21278753350547
27.77	22.663661121497476
27.78	18.503028899511037
27.79	25.05673122249684
27.8	27.93443502080326
27.810000000000002	22.430501826018084
27.82	18.799253440257257
27.830000000000002	18.850396076682667
27.84	18.852998977890522
27.85	16.17596147998454
27.86	16.806572394296797
27.87	18.691556328984287
27.88	18.57519244460265
27.89	19.135044042134375
27.900000000000002	18.752168882338005
27.91	18.66646435883313
27.92	19.887867412799004
27.93	20.432760831671423
27.94	17.053763569179136
27.95	17.752794898602275
27.96	21.44266388651158
27.97	25.921986616419325
27.98	22.08534311424924
27.990000000000002	29.655004446354745
28.0	27.960332820992328
28.01	22.165771193420948
28.02	17.9755773255369
28.03	15.661471492540063
28.04	21.45069155315342
28.05	20.879514962534977
28.060000000000002	21.501324726116003
28.07	23.053378511012937
28.080000000000002	19.39920541199816
28.09	17.904806189409214
28.1	17.83115380055038
28.11	15.82844408254874
28.12	22.22842323651477
28.13	19.49870557947685
28.14	20.771711839819606
28.150000000000002	17.981586175219594
28.16	18.999246876339054
28.17	18.58763422989506
28.18	18.3736032928285
28.19	17.230115253863747
28.2	13.732810097460824
28.21	12.55645040573521
28.22	11.11925901954678
28.23	16.969874510162818
28.240000000000002	22.102985325635313
28.25	26.83586029898387
28.26	34.304908583678426
28.27	27.073672209666437
28.28	24.126680394290236
28.29	31.861022822030453
28.3	25.666854455806668
28.310000000000002	24.002543763549266
28.32	24.899851054671963
28.330000000000002	24.750930921088585
28.34	20.48569328206897
28.35	21.56523229241579
28.36	17.243532124616646
28.37	16.762374560407867
28.38	18.46347500642096
28.39	25.61818193665292
28.400000000000002	34.05294265769871
28.41	32.33074270098673
28.42	29.438676024165904
28.43	24.130968452275937
28.44	24.84779219602212
28.45	27.971771297438146
28.46	23.93693662361169
28.47	20.27531915945336
28.48	16.372571276857276
28.490000000000002	15.871235516714476
28.5	19.639580957313637
28.51	32.42454058427095
28.52	33.047417457725984
28.53	28.469932511709953
28.54	23.00760687239426
28.55	20.051373972525237
28.560000000000002	22.560422909277616
28.57	21.012442620568155
28.580000000000002	21.924942116048804
28.59	19.134699130196527
28.6	23.250932770937226
28.61	21.69287059040865
28.62	21.632205959916973
28.63	26.586115324142227
28.64	23.81558478762424
28.650000000000002	24.507124970907274
28.66	29.01011747148903
28.67	26.684447727471564
28.68	22.838441826684296
28.69	22.76374638760719
28.7	25.17450976525932
28.71	22.312391264889502
28.72	19.337368096532735
28.73	16.457982304866217
28.740000000000002	20.00616643572822
28.75	26.719813778357747
28.76	26.575507976111417
28.77	29.70513609411036
28.78	28.40672643725013
28.79	24.04208590776519
28.8	22.493829097219315
28.810000000000002	18.231392277511674
28.82	21.95239395321903
28.830000000000002	18.47573283247448
28.84	14.202197625428733
28.85	10.693131284487057
28.86	10.927561969291556
28.87	9.984829342689428
28.88	13.103348690203557
28.89	12.898938694722236
28.900000000000002	22.26263412376465
28.91	22.793269942365992
28.92	17.921323785223024
28.93	15.826315760357529
28.94	15.959251936927789
28.95	22.465274954117003
28.96	18.602090996739904
28.97	20.717632773924333
28.98	27.714459639706234
28.990000000000002	29.913335155902796
29.0	24.13572872863674
29.01	21.35434163644767
29.02	23.355976803938432
29.03	20.067438925549677
29.04	18.077803624496113
29.05	16.921708021328342
29.060000000000002	26.530987111700878
29.07	28.741463108764194
29.080000000000002	27.85772740890276
29.09	26.584467263328886
29.1	24.2560352909082
29.11	31.822700137108786
29.12	29.062595880607482
29.13	26.96863063231451
29.14	26.16443461325303
29.150000000000002	24.41068212765194
29.16	25.05610439647461
29.17	20.163632270852723
29.18	19.225816013194184
29.19	16.916933738555755
29.2	16.321821193114463
29.21	19.440532044055388
29.22	18.94560824976772
29.23	21.892028695556125
29.240000000000002	21.842705355529116
29.25	24.080393795778463
29.26	24.030265154074137
29.27	27.62972585238078
29.28	37.49265843899771
29.29	41.01620257697105
29.3	35.860228663392505
29.310000000000002	28.056531837669482
29.32	24.422034813274237
29.330000000000002	20.171605199044382
29.34	17.262086654593677
29.35	16.153250337097283
29.36	15.976913442742049
29.37	12.488203675278296
29.38	10.341151278196726
29.39	9.249935286941202
29.400000000000002	13.383927420723092
29.41	13.347818636975251
29.42	15.497744905696948
29.43	20.535880855676616
29.44	16.109196316020817
29.45	15.327990333027559
29.46	13.350758647144163
29.47	12.53572178302928
29.48	13.532549820057207
29.490000000000002	23.28100882235229
29.5	30.349706371692854
29.51	32.933077320327534
29.52	33.12608120054933
29.53	39.07735556806095
29.54	35.69476109532575
29.55	33.386808543754746
29.560000000000002	30.355299325653345
29.57	28.37972248184666
29.580000000000002	29.758585115775855
29.59	27.863202786542246
29.6	27.443295256402582
29.61	30.054632161542596
29.62	31.49704193195983
29.63	29.076416782147902
29.64	28.511100732795306
29.650000000000002	28.10064149369588
29.66	27.40181926549099
29.67	30.802496475770518
29.68	25.21117500366287
29.69	22.274653869010788
29.7	17.8218721995467
29.71	16.601838289370782
29.72	18.99952977359363
29.73	20.322319808278717
29.740000000000002	18.385886519881453
29.75	17.313917815064617
29.76	13.814315047254409
29.77	16.40798357849482
29.78	17.779936432725606
29.79	14.530835330518066
29.8	14.02453868223272
29.810000000000002	11.641989320008912
29.82	11.678259277868976
29.830000000000002	14.144850007874778
29.84	13.388830357014626
29.85	19.91198304199188
29.86	17.6896877555267
29.87	14.443525591849186
29.88	13.234474748593433
29.89	11.187096926488028
29.900000000000002	10.637985278015346
29.91	9.988640870471622
29.92	8.55242315880212
29.93	9.068796257567376
29.94	9.347106349241594
29.95	18.642069042400024
29.96	24.533990098701924
29.97	25.307403159773596
29.98	22.3136702396582
29.990000000000002	20.475554630024664
30.0	17.403098989978066
30.01	14.042468743613798
30.02	12.855408761483785
30.03	10.006986992639002
30.04	9.694740064964444
30.05	10.836248546073511
30.060000000000002	13.762324887159108
30.07	13.358054743190213
30.080000000000002	20.749894733947556
30.09	19.14706299065134
30.1	21.197031442606505
30.11	20.33726046613518
30.12	20.878524039169882
30.13	19.556406140948038
30.14	20.609821054638786
30.150000000000002	25.078390774069806
30.16	21.48873282047672
30.17	21.81722372695496
30.18	28.668106271032034
30.19	28.77166900359349
30.2	27.256564893958
30.21	23.889342181294243
30.22	25.350611779505684
30.23	26.034688033489452
30.240000000000002	28.86519366981541
30.25	28.315467256581638
30.26	22.35786875335064
30.27	18.443716388842624
30.28	17.534101923776223
30.29	19.80598740364124
30.3	17.050485682684698
30.310000000000002	16.273578738072448
30.32	17.272211518286007
30.330000000000002	25.84865162384916
30.34	21.901314209524784
30.35	20.27644767934142
30.36	18.906225575136812
30.37	17.662957710723106
30.38	15.310418527232427
30.39	17.47573932686926
30.400000000000002	15.733315730345165
30.41	20.82584423447535
30.42	16.858861028156106
30.43	16.246360174609038
30.44	17.031771893694795
30.45	14.509239083074386
30.46	12.537273274476442
30.47	15.3174928227122
30.48	15.435585809385532
30.490000000000002	19.240661867839407
30.5	19.029833529629897
30.51	18.88595900271455
30.52	20.23347421707967
30.53	17.708599046527475
30.54	15.212375212814926
30.55	15.498872504983806
30.560000000000002	15.249119156629236
30.57	16.087469603450067
30.580000000000002	14.882925970846308
30.59	18.428859803077096
30.6	22.445422381532513
30.61	19.549958170881574
30.62	18.887535335377763
30.63	22.026482080785424
30.64	20.535306473456245
30.650000000000002	23.43736166358104
30.66	21.226791450656755
30.67	28.888414688350498
30.68	24.32368656748906
30.69	34.2805367187752
30.7	27.565847785279235
30.71	28.32513043073009
30.72	33.73359113754655
30.73	32.033489901095315
30.740000000000002	27.915153861870962
30.75	25.627003123249803
30.76	20.367493048198018
30.77	16.541983469964094
30.78	15.641080382425686
30.79	12.932714788054053
30.8	10.36088846880099
30.810000000000002	10.26430350556705
30.82	10.888797380134786
30.830000000000002	10.537268153698164
30.84	10.263788040065158
30.85	17.875353075016832
30.86	25.360497477248995
30.87	27.83689485168544
30.88	23.74948033835785
30.89	21.080493612659872
30.900000000000002	21.493854390103653
30.91	21.074852176054485
30.92	23.2566382692473
30.93	25.768141441554928
30.94	34.17954303368087
30.95	28.64983137086124
30.96	24.707964188936135
30.970000000000002	20.97422528905723
30.98	23.69071786167214
30.990000000000002	22.095745201995367
31.0	25.669433361548453
31.01	27.830339442228496
31.02	26.26974673154759
31.03	24.195593107135075
31.04	25.372399229799246
31.05	22.99336517257534
31.060000000000002	19.98508239112737
31.07	18.86350544065212
31.080000000000002	19.093319767632472
31.09	19.117405820002208
31.1	25.077113950381502
31.11	25.021238326355487
31.12	24.152787475107182
31.13	21.858403576908117
31.14	20.40160730373488
31.150000000000002	16.18297348276782
31.16	18.073726252170076
31.17	15.669971628980214
31.18	20.539241920676538
31.19	24.038368654919463
31.2	19.58188448762202
31.21	27.78361986827343
31.220000000000002	32.910752252465706
31.23	30.903273262732448
31.240000000000002	35.89324657986001
31.25	30.6238482293176
31.26	26.559735316863673
31.27	31.16863561736847
31.28	24.751308411982766
31.29	23.60454435645682
31.3	24.930007431077545
31.310000000000002	28.444831583951196
31.32	24.117320475414438
31.330000000000002	29.660400505265596
31.34	25.806999589599144
31.35	21.070299815644614
31.36	25.556738600345877
31.37	24.821351276803142
31.38	24.114428634745444
31.39	19.58345196531725
31.400000000000002	15.882108793588662
31.41	12.936352673708775
31.42	20.038273595817632
31.43	16.027199621626973
31.44	12.071880782774233
31.45	11.74044309333099
31.46	11.40900540388763
31.470000000000002	13.87601150117306
31.48	19.083217304298767
31.490000000000002	17.037229000600583
31.5	16.46917361025677
31.51	18.493549552710395
31.52	17.670205657006566
31.53	20.912452068552405
31.54	26.879172578338324
31.55	27.642014353140286
31.560000000000002	33.725663636167816
31.57	37.58183601044256
31.580000000000002	32.159262809247025
31.59	29.921921081810925
31.6	26.948834178160762
31.61	24.300501562430362
31.62	22.613054077527394
31.63	26.78531144275132
31.64	26.944670799935906
31.650000000000002	25.09178258095731
31.66	22.32875191799776
31.67	18.91287180351749
31.68	15.502992824365975
31.69	19.04822937163663
31.7	18.52959927880483
31.71	18.689535151176774
31.720000000000002	20.474969594821385
31.73	20.777442761973212
31.740000000000002	23.313016536197853
31.75	18.613501610051145
31.76	18.636566023793787
31.77	22.98085388941123
31.78	24.369505925828097
31.79	24.40785013967937
31.8	20.686680093943828
31.810000000000002	19.2731712877864
31.82	15.314321718377466
31.830000000000002	16.23051579348306
31.84	17.55777351181608
31.85	17.036651352652562
31.86	20.895365349262946
31.87	19.25574332075618
31.88	19.885586946399645
31.89	17.338102215800212
31.900000000000002	16.88310872176292
31.91	21.044874172764334
31.92	19.725415204599933
31.93	19.798877218101893
31.94	27.35752014048298
31.95	24.583866117039275
31.96	23.02164653550591
31.970000000000002	22.68348189594823
31.98	22.79562903367015
31.990000000000002	22.967709955393318
32.0	21.491880795885994
32.01	29.9214786471672
32.02	30.085144333965168
32.03	31.163975064907707
32.04	26.110335242028917
32.05	23.110810740409093
32.06	19.993121471502587
32.07	19.308750988206175
32.08	32.92883039712206
32.09	30.381529780514306
32.1	29.094968653921473
32.11	24.895989396986664
32.12	23.884909952826337
32.13	24.516967675706493
32.14	25.01158576221543
32.15	20.421945803070955
32.160000000000004	18.556557342741492
32.17	19.46105597186816
32.18	17.83754971908233
32.19	17.267993470393783
32.2	21.56681394086274
32.21	27.64239671226952
32.22	27.437508128020674
32.230000000000004	30.98901304122994
32.24	24.27853830755187
32.25	21.80040362552224
32.26	23.25837908702804
32.27	21.67041233153774
32.28	26.322068351830183
32.29	23.971565168695896
32.3	21.157098185556457
32.31	20.244453153626733
32.32	22.39493906681989
32.33	24.936314560040564
32.34	25.48815818267823
32.35	21.278766203603105
32.36	19.75554367052062
32.37	21.22222663502263
32.38	17.45067962999758
32.39	21.302026441593853
32.4	18.26961697980463
32.410000000000004	15.042602070587163
32.42	13.070806114178664
32.43	13.526911469149203
32.44	14.20719046762878
32.45	17.905454499290478
32.46	14.871523268805253
32.47	29.951403532884076
32.480000000000004	31.693630784480938
32.49	28.921745281911146
32.5	32.34569417874627
32.51	28.217590211259743
32.52	21.796547360369416
32.53	19.38233603721106
32.54	17.084603398379066
32.55	13.23217803601123
32.56	10.309325385746408
32.57	13.957499057752045
32.58	19.445235456366103
32.59	23.825670051445496
32.6	24.997836338822108
32.61	21.91436726075733
32.62	20.311553200622395
32.63	22.879635264954807
32.64	19.109264336438965
32.65	16.63849916417637
32.660000000000004	16.477908880246147
32.67	15.778103962521149
32.68	18.30969107621332
32.69	22.248498399163985
32.7	22.35086039019449
32.71	25.735881624570116
32.72	24.97881983174122
32.730000000000004	19.43746429103237
32.74	15.830823965746506
32.75	12.972295413359525
32.76	10.217241446469766
32.77	10.55717268343349
32.78	12.202615840606672
32.79	16.403179101975386
32.8	14.850721531032429
32.81	14.578483633348588
32.82	15.341600613988781
32.83	18.688371166983956
32.84	15.792922661478382
32.85	13.969998567581207
32.86	18.872167265361895
32.87	22.434644359597986
32.88	23.10657212626224
32.89	30.290080521472017
32.9	33.79785573727225
32.910000000000004	27.403506273584625
32.92	24.82816788925713
32.93	22.985285393089296
32.94	18.060404683706118
32.95	15.243840635814548
32.96	14.291957913894096
32.97	15.392999112356973
32.980000000000004	16.34053873251373
32.99	16.751683468186485
33.0	24.077987994091433
33.01	28.13665593811738
33.02	26.160854913447036
33.03	23.444795357920597
33.04	25.333038684573665
33.05	29.261842048268374
33.06	26.439718066297004
33.07	24.925607137911477
33.08	22.16577498490605
33.09	25.662940214695105
33.1	26.27811552430273
33.11	26.872385851715176
33.12	21.489621518711974
33.13	21.198663699066543
33.14	20.49280183329549
33.15	25.19253187391581
33.160000000000004	23.623925628985358
33.17	24.195755851218163
33.18	24.26978248809209
33.19	25.71757211753551
33.2	22.45463948310787
33.21	21.52924660819575
33.22	30.421924331759897
33.230000000000004	33.17180706781641
33.24	28.414929167257693
33.25	25.162163197479074
33.26	23.33135778348336
33.27	30.833622248782085
33.28	27.043199316018036
33.29	32.902875151339266
33.3	28.34928862825578
33.31	31.105614398958448
33.32	25.435559398456476
33.33	27.22171475128728
33.34	23.144145768924595
33.35	23.149071778102208
33.36	21.965934107995178
33.37	21.37028827983858
33.38	24.20453399059957
33.39	22.181104950347073
33.4	21.71151236872112
33.410000000000004	22.47173290330919
33.42	20.270287191285433
33.43	25.00405444420424
33.44	25.338032579377835
33.45	20.244527440844188
33.46	24.21817527408157
33.47	22.101149940522134
33.480000000000004	20.450871514861905
33.49	24.254873297567052
33.5	27.903934670377275
33.51	22.964281423022147
33.52	24.314406251852333
33.53	27.528724279567076
33.54	29.21800746027937
33.55	22.659370229555787
33.56	19.05886219447702
33.57	15.569177293798136
33.58	16.96292128517368
33.59	17.15099548606109
33.6	14.26921845241106
33.61	16.154025523822042
33.62	18.447287816026723
33.63	20.273285816812745
33.64	22.671756336909304
33.65	18.986628442992046
33.660000000000004	26.223632243348664
33.67	25.245873623478918
33.68	21.917000048926784
33.69	21.554572367891016
33.7	22.900723146843156
33.71	22.618303034962608
33.72	20.001421200927833
33.730000000000004	25.773462384798172
33.74	24.71318746920076
33.75	21.704780731076237
33.76	28.44314884811537
33.77	26.575533495816384
33.78	32.13849621621264
33.79	25.815388042821912
33.8	23.9332900998831
33.81	24.200610412592624
33.82	27.408941492424074
33.83	28.89226114258333
33.84	32.05772777264174
33.85	31.699912532516006
33.86	27.474748769130574
33.87	33.8323761832425
33.88	37.574595950545195
33.89	33.40216544528975
33.9	28.77902651389137
33.910000000000004	28.796949375874497
33.92	31.34057579482431
33.93	35.30409085418652
33.94	35.26289888208872
33.95	27.841354604563808
33.96	25.073094319109792
33.97	24.021348716629877
33.980000000000004	19.974017099243742
33.99	16.474972199828905
34.0	28.52179802240622
34.01	23.4727551666855
34.02	25.28232530539279
34.03	29.26337165650424
34.04	25.211576523453726
34.05	25.211439751774723
34.06	23.73553669211402
34.07	21.59244710532228
34.08	16.74237494347558
34.09	14.998394094235357
34.1	17.07896230293382
34.11	17.31789382476722
34.12	17.42443118526384
34.13	24.045804923713014
34.14	21.14601856146764
34.15	17.762098004643338
34.160000000000004	21.121362923302044
34.17	19.2106332153037
34.18	19.823803611780647
34.19	24.19027036759746
34.2	20.69872709075178
34.21	19.545501064517527
34.22	20.076255905602768
34.230000000000004	17.87856653436719
34.24	16.715914102897656
34.25	21.175227691952202
34.26	19.47563113280696
34.27	23.683291371709704
34.28	22.24252205962223
34.29	24.56929772664654
34.300000000000004	22.41827922920656
34.31	35.16215196620986
34.32	35.316787230521136
34.33	37.632818995352864
34.34	34.29591549438177
34.35	32.03955027204314
34.36	32.547419763658745
34.37	37.83886599879936
34.38	35.269375155824406
34.39	36.12514516758159
34.4	37.83852165193955
34.410000000000004	32.45165921733745
34.42	31.348357507595832
34.43	28.993382489879966
34.44	24.617763040359442
34.45	26.35896935474302
34.46	20.537558731331572
34.47	19.215218030477654
34.480000000000004	19.687960428411916
34.49	19.891407848187317
34.5	24.665573105837147
34.51	32.63198811815947
34.52	25.766707507776157
34.53	20.83886263787957
34.54	17.4792725505792
34.550000000000004	15.709418121566756
34.56	14.631850547460813
34.57	19.84004700202366
34.58	19.42276849325487
34.59	23.731074747603447
34.6	29.177916819347896
34.61	30.341423381965313
34.62	31.50611005063931
34.63	27.880768973443345
34.64	25.750781827055302
34.65	24.544464939211434
34.660000000000004	22.513258499246334
34.67	24.696606068603717
34.68	19.17714791016437
34.69	16.56195701709845
34.7	19.061366340279896
34.71	21.632414714455926
34.72	18.82967182440942
34.730000000000004	25.11302752819509
34.74	28.83513561169912
34.75	25.58320378944418
34.76	19.84557880475305
34.77	16.782350953420746
34.78	20.401144334259477
34.79	23.28266604361799
34.800000000000004	21.04188887171599
34.81	26.71191649201628
34.82	21.841359372698985
34.83	18.031145208017712
34.84	20.114245078863753
34.85	16.80755096149646
34.86	19.021655077276655
34.87	28.860578724018534
34.88	24.72932618508402
34.89	26.626930976558597
34.9	24.399891032113477
34.910000000000004	24.01758646748713
34.92	19.682010833001748
34.93	16.855305625621394
34.94	21.87023961831133
34.95	23.771194596962548
34.96	34.68623716725679
34.97	39.327489057816
34.980000000000004	35.8745319714693
34.99	40.67311531478847
35.0	34.248854613657144
35.01	29.490383565708978
35.02	23.101258059823614
35.03	20.161271360437066
35.04	16.19012883789514
35.050000000000004	17.053307471072657
35.06	14.60232861671815
35.07	16.40731832208104
35.08	15.711413837795249
35.09	16.514153331259646
35.1	15.61250082918993
35.11	16.759357573286593
35.12	18.918668702974752
35.13	18.420592833983598
35.14	25.17147060083535
35.15	21.68549476605469
35.160000000000004	18.07563546999224
35.17	15.331579841811857
35.18	17.412536897104538
35.19	16.371881584302663
35.2	15.259149173087003
35.21	20.455137477830284
35.22	22.651289085148314
35.230000000000004	26.60420412054792
35.24	27.19371309322367
35.25	26.572843656063423
35.26	25.46595058369045
35.27	22.479391800162684
35.28	21.701630934436515
35.29	27.88905204689545
35.300000000000004	27.301221838509477
35.31	23.73118039695569
35.32	20.46549213848755
35.33	24.98890252698653
35.34	23.165370807330028
35.35	20.784666690529072
35.36	17.893112117451683
35.37	13.95581136735171
35.38	13.255872456580946
35.39	18.874248815098564
35.4	22.327444877309446
35.410000000000004	19.906687380387776
35.42	25.93775874690652
35.43	26.132811300459245
35.44	22.9577464393732
35.45	20.46447738063245
35.46	20.637076700055474
35.47	16.797097501520362
35.480000000000004	14.860561992473816
35.49	23.374384105845966
35.5	29.436999622357366
35.51	25.133674562240582
35.52	20.5003639977182
35.53	17.11521208991327
35.54	17.152869568355293
35.550000000000004	15.999376811948597
35.56	19.625788459385678
35.57	20.57467730928957
35.58	19.444030182126145
35.59	23.068361880814393
35.6	20.744830740897562
35.61	18.17615329344608
35.62	15.237729150175907
35.63	12.081760748913748
35.64	9.74226476211399
35.65	7.421834485824327
35.660000000000004	4.972536243078435
35.67	2.1236416991389233
35.68	0.6199549556771138
35.69	-6.563803433426979
35.7	-5.027560141458835
35.71	-7.118731609862777
35.72	-14.05869249413273
35.730000000000004	-16.00230462906643
35.74	-13.772919285702654
35.75	-12.833705061638733
35.76	-21.80608326106884
35.77	-20.903817680844643
35.78	-20.703487816572533
35.79	-23.389261736477057
35.800000000000004	-24.13856758616285
35.81	-21.232308196407185
35.82	-26.538998847563604
35.83	-25.720241032348067
35.84	-28.59805728134048
35.85	-27.989320423641445
35.86	-32.0495824772834
35.87	-29.864362030701937
35.88	-24.84098958725231
35.89	-26.39753498652937
35.9	-26.300482816765122
35.910000000000004	-21.725158797811964
35.92	-19.54867541158386
35.93	-19.940511858830316
35.94	-29.102734795499657
35.95	-26.235768035965165
35.96	-26.888593185161028
35.97	-30.014534091542256
35.980000000000004	-30.18256320975059
35.99	-29.505952785708722
36.0	-30.12943979307346
36.01	-32.73737509419791
36.02	-31.59099885616253
36.03	-31.42006428600716
36.04	-26.97252955467792
36.050000000000004	-26.832734410405855
36.06	-23.230125704473004
36.07	-21.165930303896513
36.08	-16.48045141824577
36.09	-15.312955674193978
36.1	-15.330012871522188
36.11	-13.787101780379071
36.12	-14.926312384460596
36.13	-15.048988784747605
36.14	-15.696884493745106
36.15	-12.74706625038008
36.160000000000004	-14.685321097739214
36.17	-12.364978439655651
36.18	-10.728063877192943
36.19	-8.930876389769429
36.2	-6.876595818998565
36.21	-6.39879520519429
36.22	-9.14402693834465
36.230000000000004	-8.042759951681626
36.24	-9.922169997984184
36.25	-7.940417396792138
36.26	-7.461201898659569
36.27	-10.182918981047072
36.28	-8.603310110531394
36.29	-11.528838291575427
36.300000000000004	-9.924586234355358
36.31	-12.658434137795151
36.32	-15.527984531039731
36.33	-15.158235927009965
36.34	-12.86900411461442
36.35	-20.291538233893142
36.36	-17.185182027099273
36.37	-14.435039563571616
36.38	-16.32521631562322
36.39	-18.319211059636583
36.4	-17.341546022777884
36.410000000000004	-17.830758905605272
36.42	-23.920081054568257
36.43	-28.75506253767776
36.44	-40.51453575855253
36.45	-42.47675957135617
36.46	-46.982208562768314
36.47	-37.79243078558277
36.480000000000004	-30.84140683176813
36.49	-23.63265834215447
36.5	-20.977179362794434
36.51	-18.629816766065076
36.52	-20.593376333643477
36.53	-27.327660975807877
36.54	-26.359225606856757
36.550000000000004	-22.252915890732343
36.56	-21.307948033424058
36.57	-21.87682488708837
36.58	-23.4587194847731
36.59	-34.85031519553961
36.6	-27.563151482278595
36.61	-24.99532059455095
36.62	-24.653562527296554
36.63	-26.237362314547383
36.64	-25.662988737883502
36.65	-24.882062887931134
36.660000000000004	-30.708398048142357
36.67	-24.33327894434079
36.68	-19.739536980163148
36.69	-17.207387667439452
36.7	-18.400062826267686
36.71	-17.925140305681303
36.72	-15.512016631357847
36.730000000000004	-15.316194990000096
36.74	-19.245455501794254
36.75	-21.666880013902798
36.76	-17.184213367811616
36.77	-13.455467349885891
36.78	-11.53867331185296
36.79	-9.76605088494068
36.800000000000004	-10.159954890643617
36.81	-11.197049919583504
36.82	-10.217958937215304
36.83	-14.53687202770233
36.84	-11.185486032906816
36.85	-10.151630523884675
36.86	-13.186323055998086
36.87	-16.296843910441837
36.88	-17.918449758682947
36.89	-16.562366918906925
36.9	-19.146802528900242
36.910000000000004	-17.208540702496425
36.92	-26.20485741410831
36.93	-42.87725164479336
36.94	-40.0857998412894
36.95	-34.19822552012199
36.96	-30.708912654368696
36.97	-25.808756984500523
36.980000000000004	-28.386814123467772
36.99	-26.06485578595199
37.0	-25.569799034809595
37.01	-34.43285250545832
37.02	-28.116178703277264
37.03	-25.216329281865335
37.04	-27.68961206918186
37.050000000000004	-26.461790871567246
37.06	-27.873556485176678
37.07	-31.142921415114017
37.08	-26.674977106753985
37.09	-29.762042351968326
37.1	-29.43155618113265
37.11	-30.33635398093026
37.12	-28.365451287722074
37.13	-23.918260505838006
37.14	-25.5748945779038
37.15	-29.319235793347048
37.160000000000004	-28.67607295249501
37.17	-26.484674380489505
37.18	-22.42925500856506
37.19	-23.148637865217957
37.2	-19.748993904521
37.21	-31.800191835458083
37.22	-38.729449794045124
37.230000000000004	-33.24672148851703
37.24	-32.23188092494497
37.25	-38.7450675096583
37.26	-44.262750393058205
37.27	-40.287492571759024
37.28	-37.165829131876215
37.29	-33.51151879878469
37.300000000000004	-26.385008946433945
37.31	-22.172534198024398
37.32	-20.275011065648204
37.33	-19.85064710854706
37.34	-17.1781320321841
37.35	-13.943802254367883
37.36	-14.913083842784863
37.37	-16.439667792032775
37.38	-24.32547703284281
37.39	-20.756505853740276
37.4	-18.221804801652876
37.410000000000004	-15.161131157830022
37.42	-15.278161196380454
37.43	-26.057427446487402
37.44	-23.553370672656474
37.45	-20.346978126887965
37.46	-23.106666202094246
37.47	-27.824893465815595
37.480000000000004	-22.901111460889645
37.49	-21.80660304997497
37.5	-26.578601630280968
37.51	-26.31818967759171
37.52	-26.4184152448986
37.53	-29.380612924616024
37.54	-22.83005115735413
37.550000000000004	-18.918511790265292
37.56	-17.894329643018946
37.57	-14.767742183583534
37.58	-12.478984740296276
37.59	-9.763690688403925
37.6	-9.271505154423084
37.61	-9.652089058609082
37.62	-10.904967398640425
37.63	-14.683295682017656
37.64	-16.015980746921436
37.65	-18.50050694861235
37.660000000000004	-18.88262238045706
37.67	-18.233712145559856
37.68	-19.890350366316856
37.69	-23.217857137230332
37.7	-26.427114335615897
37.71	-28.273823934701184
37.72	-23.952392481808026
37.730000000000004	-23.757850522276364
37.74	-25.164812551506067
37.75	-25.467985231340176
37.76	-21.167515199917677
37.77	-32.61395437843474
37.78	-38.989090966879495
37.79	-37.637018751681005
37.800000000000004	-34.73997465192439
37.81	-36.12646241813354
37.82	-28.8060447395651
37.83	-22.087827770903406
37.84	-18.152405296681927
37.85	-16.354205073329943
37.86	-19.79282200428814
37.87	-27.42677337635719
37.88	-27.18109508015619
37.89	-22.56472909649914
37.9	-20.621030336586546
37.910000000000004	-19.247666659671687
37.92	-21.096860456586874
37.93	-17.664446041795426
37.94	-17.83206261999862
37.95	-17.057485569841187
37.96	-39.41454612845559
37.97	-37.23874288519299
37.980000000000004	-36.17346940489692
37.99	-33.40917918364558
38.0	-27.61599062507272
38.01	-27.957394156213187
38.02	-32.44782800740141
38.03	-28.25218818576301
38.04	-32.58171513214994
38.050000000000004	-33.80226242562811
38.06	-30.33258611667129
38.07	-25.05592732406169
38.08	-19.779268531452093
38.09	-14.502609738838752
38.1	-11.695435675021459
38.11	-10.970439937654694
38.12	-10.24544420028793
38.13	-9.520448462920651
38.14	-8.31470988814969
38.15	-8.941466431887974
38.160000000000004	-12.091535146428317
38.17	-14.085195662678366
38.18	-16.863810291857824
38.19	-24.57127340469746
38.2	-25.963051317854788
38.21	-25.483256144749262
38.22	-20.766803944190105
38.230000000000004	-24.25865026428803
38.24	-24.193610780089482
38.25	-27.128371915127737
38.26	-33.43606520430601
38.27	-31.244228633755185
38.28	-31.686996083428863
38.29	-35.62471267547769
38.300000000000004	-32.245940972809095
38.31	-30.319175860287466
38.32	-27.7060196134501
38.33	-24.203102325903185
38.34	-23.321504747890266
38.35	-24.38410839185555
38.36	-23.67913988127707
38.37	-25.475217344931824
38.38	-22.859853212087206
38.39	-23.21444431063073
38.4	-22.41356206697352
38.410000000000004	-21.874705570164267
38.42	-20.33665165384325
38.43	-16.60760381737415
38.44	-19.35310679728854
38.45	-19.35550899105592
38.46	-18.66184777194299
38.47	-24.340736129910386
38.480000000000004	-29.71047710061959
38.49	-33.418742764377846
38.5	-31.473820307666827
38.51	-25.48805321065233
38.52	-28.2565569591961
38.53	-26.155968814229965
38.54	-30.80150866763116
38.550000000000004	-29.4813345015553
38.56	-26.89863852901698
38.57	-21.978967828304217
38.58	-20.908075554131948
38.59	-26.45924330508892
38.6	-24.21226862369761
38.61	-25.64108188970982
38.62	-27.839342386178604
38.63	-24.641211219573876
38.64	-21.2947340428602
38.65	-26.507122121021617
38.660000000000004	-24.5817808912035
38.67	-21.983035303933217
38.68	-19.197619507817432
38.69	-17.675042757720462
38.7	-16.644980666637476
38.71	-21.156211348511658
38.72	-22.50103881483906
38.730000000000004	-24.90197406416923
38.74	-22.86405248533765
38.75	-18.930621010460776
38.76	-18.290534715153004
38.77	-14.970405295704921
38.78	-23.523085974522704
38.79	-21.102249706266168
38.800000000000004	-23.069684695613233
38.81	-20.778724815342983
38.82	-19.367093027109053
38.83	-18.70993685861861
38.84	-23.335503201155003
38.85	-38.84006540479426
38.86	-37.961112223922385
38.87	-34.377901530596276
38.88	-31.073406688549007
38.89	-24.339619487081986
38.9	-20.91049727783247
38.910000000000004	-31.514370130821625
38.92	-28.459427146459436
38.93	-23.108442236384118
38.94	-26.45167267417207
38.95	-23.505801851795134
38.96	-25.623490543973908
38.97	-22.733485604069685
38.980000000000004	-22.348536398583924
38.99	-26.26066875351306
39.0	-27.546451739719906
39.01	-28.54889499274342
39.02	-28.337930048402892
39.03	-25.345274849602426
39.04	-24.312103283793633
39.050000000000004	-26.186485625988624
39.06	-24.707873076403768
39.07	-29.219564211316985
39.08	-32.39528749664461
39.09	-36.95715075307152
39.1	-30.802533739942476
39.11	-32.94733448036894
39.12	-29.200787451794596
39.13	-36.47656983969841
39.14	-40.02734224117896
39.15	-37.48844064891257
39.160000000000004	-36.986607549308275
39.17	-36.03043807664935
39.18	-37.841785195213625
39.19	-31.78419513803746
39.2	-29.683150093542665
39.21	-28.04145054492028
39.22	-27.49888556102781
39.230000000000004	-23.491302728276043
39.24	-23.763794226700412
39.25	-32.10879411773891
39.26	-35.28742112782556
39.27	-28.220109459010782
39.28	-26.649034659186327
39.29	-21.27648283131914
39.300000000000004	-17.621397785353402
39.31	-18.07896833167358
39.32	-14.154841297718825
39.33	-11.735841578714464
39.34	-11.958169061096157
39.35	-11.504824610325196
39.36	-14.161402642848149
39.37	-12.059691819466256
39.38	-17.44825433386666
39.39	-16.457166564980724
39.4	-16.759403605532864
39.410000000000004	-18.008820479497153
39.42	-20.782006726618153
39.43	-16.72495950997058
39.44	-14.923282476528037
39.45	-14.186615620128967
39.46	-15.749437962956295
39.47	-18.232006293176013
39.480000000000004	-21.7433366582412
39.49	-18.635715417125084
39.5	-16.562657357758646
39.51	-18.93506490976983
39.52	-19.180366241852237
39.53	-20.89351873409907
39.54	-24.092181847001743
39.550000000000004	-24.413054799030743
39.56	-24.157865794891197
39.57	-30.150191932043867
39.58	-25.284163636985355
39.59	-22.246809431741493
39.6	-22.411641175392578
39.61	-22.93209270608047
39.62	-26.641482087319183
39.63	-22.060716411108302
39.64	-17.647824086784322
39.65	-18.009648435142584
39.660000000000004	-20.050237723767616
39.67	-20.455703968932184
39.68	-25.204191992167132
39.69	-29.503823248344304
39.7	-28.780954029649088
39.71	-24.366615135560068
39.72	-20.667950527072165
39.730000000000004	-20.43293758873671
39.74	-24.763841745471876
39.75	-24.798730036081142
39.76	-23.205777079670447
39.77	-21.9224895104476
39.78	-24.486253243893174
39.79	-24.621411646219176
39.800000000000004	-20.16877491501025
39.81	-18.40933687673729
39.82	-19.886710200381437
39.83	-21.87397334823636
39.84	-25.244316068241236
39.85	-25.063834202545674
39.86	-25.779797029990036
39.87	-27.24130373055156
39.88	-21.663004120336513
39.89	-19.793985802169004
39.9	-17.335137286467045
39.910000000000004	-15.28076249820413
39.92	-13.071000200298624
39.93	-12.142835446143708
39.94	-9.983956257242484
39.95	-11.643109338489818
39.96	-16.856704192126962
39.97	-14.305163911576829
39.980000000000004	-16.42067197412827
39.99	-24.783914370809498
40.0	-24.070597359933934
40.01	-24.082506299023702
40.02	-23.348790011455115
40.03	-21.699308395746236
40.04	-19.925401848813316
40.050000000000004	-25.728960788835252
40.06	-21.0058581312841
40.07	-19.878721370923152
40.08	-20.083080214903994
40.09	-16.774513958930203
40.1	-13.152617745400185
40.11	-12.465601159040958
40.12	-19.744837820487913
40.13	-25.34209587034291
40.14	-24.818116217512028
40.15	-24.82928892895847
40.160000000000004	-20.64748453311034
40.17	-26.01422237596206
40.18	-25.200951788920367
40.19	-21.115500504573298
40.2	-26.858430646882738
40.21	-26.206020706363116
40.22	-25.118377165374653
40.230000000000004	-23.615288633742857
40.24	-23.939396918018545
40.25	-21.538612484476506
40.26	-22.54000302859205
40.27	-22.986926205595257
40.28	-25.66137823946698
40.29	-20.693261052903924
40.300000000000004	-16.879111603214856
40.31	-16.0299059167373
40.32	-24.148181881499795
40.33	-25.89406144724407
40.34	-25.032787586116406
40.35	-25.274609176681157
40.36	-22.29534299807745
40.37	-18.681824407453426
40.38	-19.187202972321092
40.39	-18.449583783052493
40.4	-16.15807856189033
40.410000000000004	-14.135128872664854
40.42	-16.185251166457444
40.43	-12.884761452762707
40.44	-12.165776620476453
40.45	-11.788321553477845
40.46	-11.549641017821028
40.47	-18.11314654575044
40.480000000000004	-16.757775748857682
40.49	-17.0777404011059
40.5	-13.02957577391856
40.51	-9.803160550113638
40.52	-6.383687789473541
40.53	-10.264993600085683
40.54	-11.059947350480769
40.550000000000004	-8.664345689452126
40.56	-10.355117836191901
40.57	-9.180191478318905
40.58	-9.424010624923001
40.59	-9.950628109355899
40.6	-11.789115392468076
40.61	-12.739166788134067
40.62	-9.95792348485525
40.63	-15.318675206914728
40.64	-19.41352073031974
40.65	-21.287802641330632
40.660000000000004	-18.079838520093173
40.67	-16.567516357662576
40.68	-16.654870390254803
40.69	-18.37163189669124
40.7	-15.189050359325662
40.71	-13.967977819718604
40.72	-15.719603998940489
40.730000000000004	-22.322237292851007
40.74	-20.656436425159253
40.75	-20.167108304369307
40.76	-24.63564431818539
40.77	-21.471921521163402
40.78	-18.60567285273286
40.79	-14.324860072603308
40.800000000000004	-12.7239439675692
40.81	-16.214202211137614
40.82	-18.34676269597559
40.83	-20.171515183188674
40.84	-20.660949171132646
40.85	-16.210249088945975
40.86	-14.480569574901738
40.87	-13.15921407120752
40.88	-12.83275394777524
40.89	-12.562562203343855
40.9	-13.017831226897844
40.910000000000004	-13.74615137653522
40.92	-20.119314730512404
40.93	-25.419746435679908
40.94	-29.01125077361387
40.95	-27.33662155295583
40.96	-34.16710895423597
40.97	-35.65511647124793
40.980000000000004	-30.24419013975286
40.99	-33.54532721284462
41.0	-33.15395592228552
41.01	-28.335482443199318
41.02	-27.188109042973753
41.03	-26.206545688397416
41.04	-24.073508938887425
41.050000000000004	-25.70618861586042
41.06	-24.10087391005451
41.07	-23.329801499923096
41.08	-27.346639215311086
41.09	-24.11031109137242
41.1	-19.044549582732053
41.11	-17.443661843439397
41.12	-18.693699074697857
41.13	-16.595062629441337
41.14	-14.514149204353236
41.15	-14.88008554721807
41.160000000000004	-12.048514967275521
41.17	-10.190899086808969
41.18	-8.008992098020233
41.19	-10.996024931438091
41.2	-10.53903753360404
41.21	-11.920416004264656
41.22	-12.502448999502306
41.230000000000004	-17.360185722163436
41.24	-19.32940118506385
41.25	-30.48217895220256
41.26	-30.358887291991643
41.27	-25.942843488819594
41.28	-25.763220928077306
41.29	-22.3438202173814
41.300000000000004	-20.494403046882535
41.31	-16.886607802538556
41.32	-25.509998271972684
41.33	-24.727721176936914
41.34	-27.43388250159949
41.35	-26.0343244852294
41.36	-25.333196190726003
41.37	-22.54646869751201
41.38	-20.509515687458165
41.39	-18.862499411974657
41.4	-22.104773184403278
41.410000000000004	-17.95413594078603
41.42	-17.07424528428917
41.43	-19.19400580738832
41.44	-21.991554869007945
41.45	-30.273895629417247
41.46	-29.80312772092176
41.47	-27.926918609598232
41.480000000000004	-25.00579512704363
41.49	-24.402081886819914
41.5	-23.959403826834183
41.51	-20.70305299419325
41.52	-25.894914282806788
41.53	-34.20695237940477
41.54	-39.65337309583767
41.550000000000004	-35.895899779137174
41.56	-27.994707585287202
41.57	-22.905365257412534
41.58	-22.86433796000801
41.59	-21.25080909115976
41.6	-18.81898597403315
41.61	-14.799227100320728
41.62	-14.344736875101841
41.63	-11.83816024955275
41.64	-8.974746276056978
41.65	-9.991690480541134
41.660000000000004	-11.99194099071033
41.67	-18.39019380495287
41.68	-19.69520028915135
41.69	-15.33352561885956
41.7	-16.216397035262023
41.71	-20.940574707711903
41.72	-18.104575966165562
41.730000000000004	-25.01287058685571
41.74	-19.807809837812464
41.75	-20.843368316723854
41.76	-25.785285811481995
41.77	-27.63784833109375
41.78	-26.210960774044345
41.79	-24.931381213866015
41.800000000000004	-25.343064407188407
41.81	-29.280802513818696
41.82	-38.0141929511486
41.83	-35.498628161118226
41.84	-33.624515277814155
41.85	-28.981597411120653
41.86	-30.309407369659265
41.87	-28.024710682895602
41.88	-23.39261667835297
41.89	-20.744466560081992
41.9	-18.72487061120377
41.910000000000004	-19.39612413875274
41.92	-15.647529809930758
41.93	-13.598180534265003
41.94	-13.856012138840077
41.95	-13.486474765557782
41.96	-13.934847103429576
41.97	-14.317212114656469
41.980000000000004	-19.496597523427504
41.99	-20.911281186321254
42.0	-17.35265103641759
42.01	-15.590828144516852
42.02	-17.758249250653716
42.03	-19.23679061733201
42.04	-15.8746332034015
42.050000000000004	-16.488741821085476
42.06	-21.985656656833655
42.07	-22.075820503077576
42.08	-26.91465260830236
42.09	-31.657424542773533
42.1	-35.2302666751015
42.11	-30.053650293819064
42.12	-25.11542086456967
42.13	-23.346798984569983
42.14	-18.75339226075156
42.15	-17.269980881322358
42.160000000000004	-14.546394589511827
42.17	-18.384107906003013
42.18	-18.849063750387682
42.19	-19.479225534650244
42.2	-28.62587845675785
42.21	-24.24102593781041
42.22	-25.587246276295154
42.230000000000004	-26.822320845547715
42.24	-22.79337854392149
42.25	-19.644218073850134
42.26	-16.334478128170392
42.27	-15.847499788715377
42.28	-19.362175142548608
42.29	-26.67596805053585
42.300000000000004	-22.902245705881153
42.31	-18.405718103712406
42.32	-15.188035766695721
42.33	-12.706258163478715
42.34	-14.467367565944691
42.35	-16.205568835830835
42.36	-20.678902914980625
42.37	-18.952543901228335
42.38	-17.197089731686326
42.39	-19.95914824509089
42.4	-21.166147326490815
42.410000000000004	-18.705236409430757
42.42	-23.883310478967243
42.43	-21.316024404508347
42.44	-28.88192114940906
42.45	-27.38970638368958
42.46	-26.59265632664894
42.47	-29.93036461357272
42.480000000000004	-27.64914466958856
42.49	-27.183400746212076
42.5	-21.507709311318973
42.51	-19.493444905202377
42.52	-19.620389272952607
42.53	-23.220230106906886
42.54	-25.36031583014602
42.550000000000004	-27.598592590123356
42.56	-28.079635328512268
42.57	-26.654291007573455
42.58	-24.15533130817482
42.59	-23.421777314307114
42.6	-20.612169914490305
42.61	-18.148290151222387
42.62	-18.048602821313025
42.63	-19.35851925789926
42.64	-17.65729187971458
42.65	-18.719411673725524
42.660000000000004	-20.00267182993343
42.67	-17.269192198818857
42.68	-16.654535170083697
42.69	-18.46279465221845
42.7	-14.804392780559247
42.71	-11.73391688089033
42.72	-12.825026457099076
42.730000000000004	-10.232532903734743
42.74	-9.089995857172534
42.75	-9.239594493027402
42.76	-9.694060025521187
42.77	-11.281715941397314
42.78	-13.364880737149209
42.79	-19.736779165938923
42.800000000000004	-16.681216951442238
42.81	-16.904683170474804
42.82	-22.006400584991436
42.83	-20.217007896016884
42.84	-21.935483278926473
42.85	-19.787633715316865
42.86	-18.833105854894775
42.87	-33.81789199235498
42.88	-27.516729395189717
42.89	-28.79572114710702
42.9	-28.56100937759145
42.910000000000004	-33.47077297240269
42.92	-32.945012018554344
42.93	-28.068884425149776
42.94	-26.433667847820104
42.95	-22.39512402058793
42.96	-24.449535975001112
42.97	-24.952300595314938
42.980000000000004	-20.78705262351481
42.99	-27.975398193359606
43.0	-23.321497761001332
43.01	-22.853988655837576
43.02	-19.722305299641626
43.03	-16.000526095637056
43.04	-15.653819347090314
43.050000000000004	-20.852527211577172
43.06	-18.303389597890313
43.07	-17.336777018282202
43.08	-18.014694383472442
43.09	-15.13722482030713
43.1	-14.497011375204481
43.11	-16.736749556499642
43.12	-12.928366291944666
43.13	-10.267420763413678
43.14	-7.646030469385026
43.15	-6.549807790655392
43.160000000000004	-5.966393494297545
43.17	-8.308472975719535
43.18	-13.083305761839446
43.19	-9.409878822236704
43.2	-6.359869440224845
43.21	-9.260309474196992
43.22	-14.517280765433576
43.230000000000004	-12.247966705629269
43.24	-9.896868775518726
43.25	-7.516432009825847
43.26	-4.538339871086109
43.27	-7.01100525211124
43.28	-8.901097309874897
43.29	-9.945146382037615
43.300000000000004	-10.40602631789224
43.31	-14.14075121927581
43.32	-21.331706915242737
43.33	-21.077903045521673
43.34	-23.860157523852674
43.35	-26.299589198078387
43.36	-30.76891696243492
43.37	-30.007279429338958
43.38	-33.447811487913945
43.39	-31.82229352853489
43.4	-31.33545540725193
43.410000000000004	-28.594228047935168
43.42	-22.615623757199266
43.43	-19.850686761477487
43.44	-24.708641737384365
43.45	-23.607481793138234
43.46	-31.394647800404197
43.47	-30.898490234759763
43.480000000000004	-25.848401123471714
43.49	-27.93664836981607
43.5	-27.376295325408634
43.51	-30.23226805734024
43.52	-27.23821912060213
43.53	-23.464574891613346
43.54	-21.690133176897387
43.550000000000004	-17.145450077180193
43.56	-21.40861500310164
43.57	-16.72152372447472
43.58	-15.063664635218169
43.59	-20.09303040079037
43.6	-17.900251267978835
43.61	-20.033949014089682
43.62	-21.4531944235542
43.63	-18.31393495050138
43.64	-29.359304668481464
43.65	-29.89070703441021
43.660000000000004	-28.97620940930577
43.67	-28.963929390075997
43.68	-31.693899161820482
43.69	-35.64110361692782
43.7	-29.82258958941227
43.71	-29.906681033671607
43.72	-28.67877711384646
43.730000000000004	-25.791113416789443
43.74	-23.793826545745233
43.75	-19.504311525634336
43.76	-17.414473774089664
43.77	-14.439700255746875
43.78	-16.41158038026089
43.79	-16.055674988819813
43.800000000000004	-13.059178462855199
43.81	-11.166621319552924
43.82	-7.626104251899456
43.83	-8.363593067158927
43.84	-9.12931998460321
43.85	-7.273240497421877
43.86	-6.611304914460242
43.87	-7.784583130411456
43.88	-7.234151295325685
43.89	-16.11545775969556
43.9	-19.312355834047306
43.910000000000004	-25.598342029052418
43.92	-27.23645086818395
43.93	-27.90609103536274
43.94	-30.500272135132988
43.95	-32.08481248024379
43.96	-26.584412061437945
43.97	-25.07097319749544
43.980000000000004	-24.906668325359544
43.99	-27.207283736324385
44.0	-27.29657393429761
44.01	-24.815532693356392
44.02	-30.648241341702228
44.03	-27.19104102107534
44.04	-29.732388400075703
44.050000000000004	-23.223071355488923
44.06	-21.25732102150908
44.07	-23.595875600510496
44.08	-20.179855370218583
44.09	-20.257373728424184
44.1	-22.89243998125321
44.11	-22.952747367320622
44.12	-20.91028836559594
44.13	-26.982094982323755
44.14	-23.99554266767785
44.15	-26.249930790916494
44.160000000000004	-23.416546284042628
44.17	-28.55297048972644
44.18	-25.073397003937888
44.19	-24.792238840872177
44.2	-21.76505416393553
44.21	-20.045704238675235
44.22	-20.308073680555278
44.230000000000004	-20.10415320932349
44.24	-17.82797029290215
44.25	-15.252678990202796
44.26	-19.797286013200733
44.27	-18.291774922480954
44.28	-18.22349740431569
44.29	-21.14344364018567
44.300000000000004	-17.885510582145677
44.31	-17.765220479959808
44.32	-14.301827873280846
44.33	-14.457553329394829
44.34	-14.677192237495493
44.35	-13.626797429640128
44.36	-13.904798223358169
44.37	-20.781500932159158
44.38	-22.164568646686615
44.39	-22.271908171486956
44.4	-26.151759858831465
44.410000000000004	-22.388522110135952
44.42	-26.616049682886928
44.43	-29.157248899239505
44.44	-27.38096392676075
44.45	-25.877685324266974
44.46	-20.944940128985326
44.47	-17.195649863847315
44.480000000000004	-17.309759806823678
44.49	-17.797174566343894
44.5	-14.809552793294003
44.51	-17.499258679486456
44.52	-20.86655459463244
44.53	-18.50771822277683
44.54	-21.295528674837655
44.550000000000004	-18.17472908873539
44.56	-18.199292905525724
44.57	-20.095356880665772
44.58	-22.744317277092726
44.59	-21.903299227827112
44.6	-19.619019834551793
44.61	-17.555510780371918
44.62	-21.868876654530403
44.63	-19.510989510694632
44.64	-16.997466643130096
44.65	-13.139133431151347
44.660000000000004	-10.335762153686863
44.67	-8.260898727787447
44.68	-11.997676207198287
44.69	-17.04744418333887
44.7	-15.503276638644467
44.71	-17.920339418238747
44.72	-18.764142457173165
44.730000000000004	-22.984377676527608
44.74	-23.383584729096643
44.75	-22.97309760339868
44.76	-27.299821065247137
44.77	-28.714412911124054
44.78	-24.450749075395485
44.79	-28.721853024050915
44.800000000000004	-32.81745793184351
44.81	-27.22379800835545
44.82	-28.394612282611202
44.83	-24.850382475643915
44.84	-22.44276729048775
44.85	-20.230088254726734
44.86	-18.88787648885929
44.87	-19.143241148840623
44.88	-19.390514036975556
44.89	-19.295436385006507
44.9	-17.646406315389505
44.910000000000004	-16.764337967063
44.92	-16.27844475928847
44.93	-14.669148830119624
44.94	-16.69896327840497
44.95	-18.095905809102323
44.96	-21.67379465958479
44.97	-20.301659489732423
44.980000000000004	-22.43713919155759
44.99	-19.72040235079116
45.0	-21.68578911780555
45.01	-23.494218613294862
45.02	-18.519891039541285
45.03	-15.44190150501531
45.04	-14.963228001406659
45.050000000000004	-14.099757254372475
45.06	-14.275527936936543
45.07	-23.564326044380188
45.08	-23.50461573558272
45.09	-23.505863889194007
45.1	-20.50124456290396
45.11	-20.847594860311418
45.12	-21.460826700485434
45.13	-26.01857321409635
45.14	-21.963240239911496
45.15	-20.194811927008143
45.160000000000004	-23.652645983074468
45.17	-30.77143461345431
45.18	-30.178144806241523
45.19	-28.059566729969163
45.2	-27.57573485265293
45.21	-22.39920014337472
45.22	-20.40041172660888
45.230000000000004	-25.773174041079937
45.24	-24.597573519127536
45.25	-21.296550237973214
45.26	-20.85691086524968
45.27	-16.273954925190306
45.28	-13.958231274993908
45.29	-16.767857321644858
45.300000000000004	-15.953556150415697
45.31	-18.10152901157665
45.32	-16.58919247507213
45.33	-14.78010812971572
45.34	-14.253425838089516
45.35	-15.132105529767555
45.36	-21.217665019391045
45.37	-24.54120388054864
45.38	-35.819022247759676
45.39	-34.344032548356374
45.4	-28.154229997581286
45.410000000000004	-25.977556214382858
45.42	-20.4292607158302
45.43	-23.001510808303593
45.44	-19.835821735684924
45.45	-20.92962117956438
45.46	-24.760959316904138
45.47	-19.354699145424988
45.480000000000004	-16.60949551644862
45.49	-19.85288047506647
45.5	-16.804089328023483
45.51	-16.490942413447495
45.52	-23.860061894745478
45.53	-25.586755709435934
45.54	-28.748131912527775
45.550000000000004	-25.05332767422014
45.56	-24.371454487137257
45.57	-32.05741923759967
45.58	-31.367305163394377
45.59	-37.851549466921654
45.6	-37.88833691980094
45.61	-33.814685791300526
45.62	-39.78410614895299
45.63	-33.58737781013559
45.64	-30.32789615969597
45.65	-27.81451622976753
45.660000000000004	-23.70991214487831
45.67	-19.38584884678887
45.68	-17.50927032184626
45.69	-15.822252410511412
45.7	-13.399269929945135
45.71	-13.61027014842579
45.72	-11.566157598052689
45.730000000000004	-21.154745626591847
45.74	-26.412731024238372
45.75	-25.65130504892897
45.76	-26.007542363101017
45.77	-24.540403768799894
45.78	-26.167454854566362
45.79	-28.444928458422204
45.800000000000004	-28.855552925951216
45.81	-22.764685948104045
45.82	-19.047150019601148
45.83	-29.524335065451123
45.84	-29.226125135605944
45.85	-31.495453736185297
45.86	-32.12574877587318
45.87	-27.46695681294056
45.88	-25.061721880593677
45.89	-32.114619404084536
45.9	-27.925259842938964
45.910000000000004	-24.249396379591392
45.92	-20.942759193861153
45.93	-16.46827367235616
45.94	-19.766270340887573
45.95	-20.795111204776827
45.96	-17.878306558962382
45.97	-21.051220269094394
45.980000000000004	-20.724681485359827
45.99	-23.141727686062385
46.0	-18.330853989321582
46.01	-15.401977425571348
46.02	-14.058106245168627
46.03	-14.098764175881705
46.04	-19.18527266478729
46.050000000000004	-16.281092386799592
46.06	-20.540679415331176
46.07	-20.319362668996153
46.08	-24.03284647562164
46.09	-25.368020855346977
46.1	-25.27686737432469
46.11	-28.80300915452553
46.12	-30.836208605487784
46.13	-30.694888214063695
46.14	-28.342330696151166
46.15	-26.588392617858926
46.160000000000004	-22.303247964188188
46.17	-22.770616855944414
46.18	-17.95162881523495
46.19	-17.3073946106356
46.2	-28.785052650961223
46.21	-26.323789548408584
46.22	-22.00020918477233
46.230000000000004	-26.33297733466692
46.24	-21.516121673197908
46.25	-23.90669215546977
46.26	-29.785968197310172
46.27	-30.21775578870763
46.28	-26.17525850201736
46.29	-20.029914500732847
46.300000000000004	-17.92464352552435
46.31	-24.136341338692105
46.32	-20.903641889141603
46.33	-20.887525630948414
46.34	-19.957457775248802
46.35	-16.34307948936152
46.36	-20.436445543134038
46.37	-24.512511459702207
46.38	-25.705997843619087
46.39	-37.893261881871275
46.4	-44.45552083479307
46.410000000000004	-39.29292397526248
46.42	-31.582934101745412
46.43	-30.83871119705091
46.44	-32.65238695890437
46.45	-34.48789295531338
46.46	-41.16511058743633
46.47	-40.4367732913122
46.480000000000004	-37.73764214773559
46.49	-35.42132190044655
46.5	-29.842113718517115
46.51	-28.297776951806853
46.52	-29.732510682190686
46.53	-34.47472918135119
46.54	-36.14054426250709
46.550000000000004	-28.80403700208033
46.56	-33.05746843446204
46.57	-35.838236977911365
46.58	-32.92664454940972
46.59	-35.61084111922304
46.6	-34.138395999962775
46.61	-30.365751438040295
46.62	-29.162896920722332
46.63	-26.63797927682138
46.64	-22.66046980000965
46.65	-20.74082546265353
46.660000000000004	-26.002817034727297
46.67	-21.650838876859886
46.68	-19.922431177623274
46.69	-17.298522051636738
46.7	-15.246022583432522
46.71	-12.824427753731605
46.72	-10.50395822789355
46.730000000000004	-10.584400320590818
46.74	-13.762175704101802
46.75	-15.09326707046788
46.76	-17.454649306169085
46.77	-23.80838349731173
46.78	-20.60284161289007
46.79	-25.44594272148546
46.800000000000004	-26.551643919211887
46.81	-23.091772426736995
46.82	-22.603701969007233
46.83	-24.024754041957827
46.84	-19.49929814212959
46.85	-25.908180685089416
46.86	-26.440361602199843
46.87	-22.71398566873171
46.88	-19.51185856786043
46.89	-16.989229208615214
46.9	-17.3088089523796
46.910000000000004	-17.144095088748447
46.92	-19.12319705263595
46.93	-15.64902497723476
46.94	-16.721548354829125
46.95	-17.941134712472138
46.96	-19.050632178754572
46.97	-17.819880156308166
46.980000000000004	-16.10286182772567
46.99	-17.5793305592263
47.0	-15.519112792842531
47.01	-16.458069859601995
47.02	-21.48502253356513
47.03	-19.402263615976175
47.04	-15.295573060498233
47.050000000000004	-20.138749364207545
47.06	-30.729824244701785
47.07	-29.042203377956284
47.08	-25.15672305946057
47.09	-23.473009762042512
47.1	-23.76335328987758
47.11	-22.686280948570975
47.12	-37.7213042010213
47.13	-31.77962166486383
47.14	-27.49221405433661
47.15	-24.702522002198894
47.160000000000004	-30.636985464498487
47.17	-28.33638697011253
47.18	-29.789261243639046
47.19	-29.607950977249732
47.2	-25.5727435217246
47.21	-23.38004379962887
47.22	-21.99838083672414
47.230000000000004	-20.83624407483102
47.24	-26.502076870823544
47.25	-24.805591071516712
47.26	-27.882079658242006
47.27	-26.793491566579483
47.28	-25.04292566130251
47.29	-24.29633081091909
47.300000000000004	-24.468206707479652
47.31	-21.291631461395482
47.32	-21.18540202590168
47.33	-19.364219985833667
47.34	-18.11426516920173
47.35	-14.69816143788586
47.36	-15.70352878018348
47.37	-15.043804617690547
47.38	-20.821783328441732
47.39	-20.573726848594735
47.4	-22.473250811686157
47.410000000000004	-23.476209758091755
47.42	-28.486742707991663
47.43	-36.1657177676586
47.44	-35.55244728273824
47.45	-41.276571531549955
47.46	-33.46510192075093
47.47	-36.189457527605086
47.480000000000004	-34.55233285629605
47.49	-31.06845879592607
47.5	-29.327985737884937
47.51	-27.80146629451536
47.52	-27.02714494697883
47.53	-26.65461188006686
47.54	-32.437953956203195
47.550000000000004	-27.69581840832332
47.56	-22.773182918795406
47.57	-23.253818678300725
47.58	-21.483505180285665
47.59	-25.015506470766045
47.6	-23.767864423275253
47.61	-31.05717989272961
47.62	-28.641656537568885
47.63	-24.99790142651146
47.64	-22.890203186627
47.65	-26.839675272627243
47.660000000000004	-30.837644956682784
47.67	-26.738106343568997
47.68	-24.681976057733834
47.69	-22.491839762018568
47.7	-21.159062914414655
47.71	-21.230716216907325
47.72	-25.941803027387586
47.730000000000004	-25.99970385105603
47.74	-29.750321180110987
47.75	-26.882904200302384
47.76	-23.38696123255386
47.77	-19.964113224681753
47.78	-18.871455010168614
47.79	-15.831448726732232
47.800000000000004	-15.502238029685678
47.81	-22.479164234746744
47.82	-18.123678554581645
47.83	-14.571761952972057
47.84	-13.744260242558514
47.85	-23.72534239568733
47.86	-21.792694336011134
47.870000000000005	-23.191001163570593
47.88	-18.175860107253058
47.89	-14.811249878363075
47.9	-13.560899631581849
47.910000000000004	-16.170361802233963
47.92	-16.089192399451203
47.93	-17.79907366829672
47.94	-20.150422756198967
47.95	-16.309350986728795
47.96	-16.626268801819908
47.97	-29.379743806500123
47.980000000000004	-24.74207253535095
47.99	-22.469158117580793
48.0	-26.538787002297276
48.01	-28.492608829189706
48.02	-29.309501091614635
48.03	-34.6753486787442
48.04	-30.84640672609619
48.050000000000004	-29.44914347480989
48.06	-25.917093969153406
48.07	-24.59693312376394
48.08	-36.96983964226398
48.09	-30.018733557579754
48.1	-27.64405208638725
48.11	-24.344169376849333
48.120000000000005	-20.062081000495724
48.13	-30.01263966151608
48.14	-32.92264910467646
48.15	-29.819434737830015
48.160000000000004	-24.513961802422145
48.17	-20.111113417205846
48.18	-19.157305595438
48.19	-23.999402723982787
48.2	-29.526617580779945
48.21	-26.091018151890058
48.22	-25.801142543355777
48.230000000000004	-32.72060655998452
48.24	-26.41681012702102
48.25	-25.084484568677702
48.26	-21.298367110819903
48.27	-28.608079967179812
48.28	-28.415279929036064
48.29	-27.74722143998929
48.300000000000004	-26.246834395111087
48.31	-31.846840680596
48.32	-28.783927233115694
48.33	-29.649936476329305
48.34	-27.061381598281795
48.35	-26.171074054466356
48.36	-24.05076980509754
48.370000000000005	-22.83313268790633
48.38	-20.055902309488914
48.39	-16.40866814438769
48.4	-17.965465410138158
48.410000000000004	-15.855314725602174
48.42	-14.29856707511223
48.43	-16.096987722485565
48.44	-19.908417991055288
48.45	-22.688158093710726
48.46	-26.54425235976685
48.47	-21.506597057149985
48.480000000000004	-18.54479408009192
48.49	-17.933934133660443
48.5	-18.552576339381766
48.51	-18.25230124135127
48.52	-19.970890967437303
48.53	-18.235805016249447
48.54	-20.668851393772936
48.550000000000004	-23.115243284434314
48.56	-18.509526388588334
48.57	-17.111197247728263
48.58	-15.781627842781674
48.59	-20.410125698091584
48.6	-15.938836999429908
48.61	-14.694651751389735
48.620000000000005	-11.46494650128608
48.63	-10.9319600287404
48.64	-10.935473350381413
48.65	-11.38215590691514
48.660000000000004	-8.982408905273289
48.67	-11.213991176853694
48.68	-12.06497251242488
48.69	-11.70886606141267
48.7	-19.441795682479075
48.71	-22.140677639730036
48.72	-22.440123047437044
48.730000000000004	-22.14556580662337
48.74	-25.682426483514494
48.75	-24.56195804737114
48.76	-28.484691463044673
48.77	-32.93511418826632
48.78	-37.33434739075249
48.79	-32.697425961137654
48.800000000000004	-26.218553334177823
48.81	-23.465502782061755
48.82	-23.439026788925425
48.83	-24.016730089705767
48.84	-23.021732948434558
48.85	-21.597477351534497
48.86	-25.088509743214033
48.870000000000005	-20.92574746930082
48.88	-19.22274904989103
48.89	-25.709198708910094
48.9	-27.758082638945158
48.910000000000004	-24.510431387321674
48.92	-27.898819465887097
48.93	-23.937019916762168
48.94	-21.438760051734892
48.95	-23.461558599184087
48.96	-21.672867096365405
48.97	-20.845122798690724
48.980000000000004	-27.655587967622907
48.99	-26.632773018387564
49.0	-30.562818925841356
49.01	-29.502087186879727
49.02	-23.74544193971602
49.03	-22.296611664953275
49.04	-19.804447614484637
49.050000000000004	-20.426822049610568
49.06	-22.41804910157073
49.07	-29.12076873191978
49.08	-24.793983712796887
49.09	-29.2039237230086
49.1	-29.922645412591226
49.11	-30.672012560618594
49.120000000000005	-33.73721460637927
49.13	-31.004316823495312
49.14	-35.10582088218881
49.15	-34.77853813680896
49.160000000000004	-35.29063150173067
49.17	-36.15640424091815
49.18	-32.51410982084261
49.19	-33.19181223326686
49.2	-39.34227164054613
49.21	-33.1570828849285
49.22	-30.873475150253793
49.230000000000004	-34.83114518717494
49.24	-35.04523888293851
49.25	-30.20102150931649
49.26	-27.983239123986564
49.27	-25.126380522077145
49.28	-28.449011579749673
49.29	-25.18005974788906
49.300000000000004	-25.522102371340296
49.31	-23.566919896390047
49.32	-20.8384968549475
49.33	-24.327614258971884
49.34	-21.869715621732276
49.35	-19.424825534503814
49.36	-18.33354139430248
49.370000000000005	-26.832764225496867
49.38	-30.232708498142642
49.39	-25.046859631269193
49.4	-32.90138246149707
49.410000000000004	-26.752987522458753
49.42	-25.96705034315378
49.43	-20.18791851712165
49.44	-18.265609426286687
49.45	-19.205898613158574
49.46	-15.479729408106529
49.47	-12.605576397789287
49.480000000000004	-13.178416952604271
49.49	-16.59864426882149
49.5	-19.636857730773713
49.51	-25.351742145614505
49.52	-28.909762601825868
49.53	-25.726089100897447
49.54	-24.001313659703047
49.550000000000004	-20.922018374270188
49.56	-21.25246459814054
49.57	-23.21709559733481
49.58	-19.719156523210167
49.59	-16.392098909311144
49.6	-15.210234385258959
49.61	-17.42141127618931
49.620000000000005	-19.46454362434147
49.63	-18.8897939620962
49.64	-19.294856263547864
49.65	-18.31953838213877
49.660000000000004	-15.816764314409294
49.67	-16.81774277510605
49.68	-18.836301841226266
49.69	-26.74834288388468
49.7	-25.135330615403966
49.71	-32.14671049366589
49.72	-29.791001883654026
49.730000000000004	-25.241963701027842
49.74	-23.492917965247877
49.75	-24.91333855738455
49.76	-25.419620344310182
49.77	-29.403088756687552
49.78	-27.951004563113038
49.79	-35.789790343087084
49.800000000000004	-36.26098906653146
49.81	-36.129913521892455
49.82	-34.68936579947601
49.83	-28.479041299928777
49.84	-30.42145225807536
49.85	-28.277339732659797
49.86	-28.153934083613727
49.870000000000005	-29.637800739610732
49.88	-25.65691904660707
49.89	-25.15371996504701
49.9	-20.848204494167316
49.910000000000004	-18.110645364986972
49.92	-18.464415210963203
49.93	-23.810377123101137
49.94	-20.546770678262174
49.95	-27.107218443221093
49.96	-33.74185480940416
49.97	-29.530861657202202
49.980000000000004	-33.06178796647331
49.99	-30.495771166560626
50.0	-32.78315925511891
50.01	-34.36642487393425
50.02	-34.09553774549604
50.03	-30.347430010365134
50.04	-27.1809176985266
50.050000000000004	-29.777456838695652
50.06	-26.845053474550074
50.07	-21.985240317833792
50.08	-18.949246930958306
50.09	-18.2675791313537
50.1	-16.2218352748838
50.11	-24.255007179301117
50.120000000000005	-27.715761802011187
50.13	-27.255926553525228
50.14	-22.880086972335945
50.15	-26.623505598367323
50.160000000000004	-34.58672358423922
50.17	-42.06790796852793
50.18	-44.088427098161944
50.19	-40.254417084086725
50.2	-33.16350656778981
50.21	-27.51056078870606
50.22	-27.303327542863773
50.230000000000004	-29.217568921204588
50.24	-24.783774762999723
50.25	-31.036031195701476
50.26	-27.63180537721126
50.27	-28.38242776485787
50.28	-25.24628403264813
50.29	-28.399503525378275
50.300000000000004	-30.91607784054611
50.31	-28.903927390800778
50.32	-22.136560662348458
50.33	-19.5461110113062
50.34	-17.39768517406513
50.35	-21.515185740221863
50.36	-21.944448641786035
50.370000000000005	-22.911144763621344
50.38	-25.78809102318233
50.39	-28.304721789620512
50.4	-22.333630515161236
50.410000000000004	-20.95850307081779
50.42	-20.026055591791653
50.43	-23.64326797250331
50.44	-22.279702520214492
50.45	-24.64568930580446
50.46	-26.182186762916466
50.47	-24.357643740602832
50.480000000000004	-23.703780411077723
50.49	-20.823200115373513
50.5	-22.83706475143199
50.51	-22.55827800177284
50.52	-24.672881943041112
50.53	-22.33917571293798
50.54	-20.023365493053475
50.550000000000004	-15.865517001569438
50.56	-14.294700780932462
50.57	-16.363769037986884
50.58	-14.234152639849022
50.59	-21.913809085518643
50.6	-19.43017086584493
50.61	-27.45206658705982
50.620000000000005	-23.86285420530372
50.63	-19.19373389105457
50.64	-17.445927926531088
50.65	-15.702325373387481
50.660000000000004	-14.440384748689382
50.67	-18.83099516355565
50.68	-23.139379509613015
50.69	-33.99314196094085
50.7	-30.541103155710026
50.71	-27.189676875103356
50.72	-22.699427644966896
50.730000000000004	-22.148724145411876
50.74	-17.390987425737727
50.75	-14.80456458819449
50.76	-14.259040484705338
50.77	-13.761414145671019
50.78	-24.07106440777762
50.79	-20.810263863957122
50.800000000000004	-18.618790701494223
50.81	-26.72105754367803
50.82	-26.318095754512296
50.83	-29.274398271090377
50.84	-26.28192801499923
50.85	-23.38145947720415
50.86	-25.79065629828899
50.870000000000005	-23.175377065030826
50.88	-22.876790052298997
50.89	-20.72933273096384
50.9	-23.964271119510435
50.910000000000004	-24.907300639005737
50.92	-24.10121699255048
50.93	-22.182266760634022
50.94	-20.345217006923967
50.95	-18.35405189058025
50.96	-16.12600248460747
50.97	-14.985572743880017
50.980000000000004	-18.825045998804423
50.99	-21.113210111965554
51.0	-31.514453491301513
51.01	-26.43882539211943
51.02	-29.739488253947112
51.03	-27.087340515468163
51.04	-32.16340045687769
51.050000000000004	-32.70770934143596
51.06	-29.03489629006401
51.07	-24.307433688234394
51.08	-24.140355782968708
51.09	-28.38308762128583
51.1	-33.72797337133983
51.11	-29.785259295843268
51.120000000000005	-31.52948946731566
51.13	-26.399060467892653
51.14	-24.74650597393713
51.15	-25.803771457901288
51.160000000000004	-25.411884852611855
51.17	-28.92990811335084
51.18	-38.92487742855496
51.19	-40.24923556553092
51.2	-35.38690058278474
51.21	-33.8119098873704
51.22	-33.46766270133883
51.230000000000004	-26.113830241927147
51.24	-21.794578049483256
51.25	-23.38080631819891
51.26	-19.752193208924066
51.27	-17.770368383803028
51.28	-20.914137042865462
51.29	-18.49951120388293
51.300000000000004	-21.77659312880671
51.31	-20.91919841694843
51.32	-24.60628760902198
51.33	-31.383093519807215
51.34	-36.76606722907706
51.35	-31.135968920740698
51.36	-31.96005873972775
51.370000000000005	-29.768611372287413
51.38	-33.038446899721585
51.39	-29.969175223477386
51.4	-31.913987528094914
51.410000000000004	-30.10471163185292
51.42	-28.264722164540025
51.43	-23.10127527438586
51.44	-20.174951863432668
51.45	-20.189435611899626
51.46	-19.932557365468984
51.47	-15.33566722184736
51.480000000000004	-15.194839568422696
51.49	-24.868072257188224
51.5	-39.08682351378809
51.51	-33.46130976900406
51.52	-32.65669885014553
51.53	-28.263270119370887
51.54	-27.920943216627315
51.550000000000004	-22.536821060172617
51.56	-21.511892326964844
51.57	-21.54873708980026
51.58	-21.88628357542912
51.59	-24.74029416289616
51.6	-21.948101105590585
51.61	-19.046065344180573
51.620000000000005	-24.093337687958552
51.63	-23.46438930090912
51.64	-21.91047285891301
51.65	-20.42437074481449
51.660000000000004	-21.925681842254388
51.67	-21.013134947572816
51.68	-18.70513671893791
51.69	-17.828128806551895
51.7	-19.023058245717337
51.71	-19.434213247987962
51.72	-18.461502482586
51.730000000000004	-25.70986244957436
51.74	-22.69914850489276
51.75	-21.901585063380963
51.76	-19.427515137794405
51.77	-20.33494568099088
51.78	-17.485212071068986
51.79	-21.73678878189813
51.800000000000004	-24.293321275622787
51.81	-23.804201657019863
51.82	-21.9230172460353
51.83	-23.581562196593453
51.84	-28.079487290603964
51.85	-28.62877642064493
51.86	-22.445872135724496
51.870000000000005	-17.92207600766103
51.88	-15.603875522639735
51.89	-14.034740434565093
51.9	-17.05409266638131
51.910000000000004	-17.799791692676575
51.92	-15.669543274848138
51.93	-18.082107191445886
51.94	-18.482502013436836
51.95	-16.31881225486705
51.96	-13.392326220756637
51.97	-15.399711459567026
51.980000000000004	-19.708388826262116
51.99	-26.939246678107924
52.0	-25.630121016695664
52.01	-21.50329140491638
52.02	-21.43210339631659
52.03	-28.26627877804898
52.04	-29.03781785918228
52.050000000000004	-28.860273465480258
52.06	-33.87603373675614
52.07	-36.42572146444527
52.08	-30.84011701203702
52.09	-27.557200169849253
52.1	-34.69426483045146
52.11	-28.216406573395954
52.120000000000005	-26.465284444209416
52.13	-25.714132386311704
52.14	-21.206781971640773
52.15	-20.091132939867105
52.160000000000004	-18.90512015135856
52.17	-15.668152581610947
52.18	-14.292321050640886
52.19	-18.084791181522377
52.2	-14.746895732094472
52.21	-12.92911167224294
52.22	-12.616748863503828
52.230000000000004	-16.642392926169293
52.24	-18.523016491355275
52.25	-19.706988838599806
52.26	-16.436337535880345
52.27	-16.486499478174704
52.28	-14.793919105898334
52.29	-17.425884017651477
52.300000000000004	-22.106667294446623
52.31	-22.238028287407438
52.32	-19.05770138802055
52.33	-19.486302386958553
52.34	-18.131264236703938
52.35	-16.557054486117327
52.36	-17.345837024890304
52.370000000000005	-15.017337760935117
52.38	-14.29758594229946
52.39	-13.620390944231385
52.4	-16.43367430064182
52.410000000000004	-15.76039666452504
52.42	-14.048668116545102
52.43	-13.534145908235713
52.44	-12.774526222441459
52.45	-20.50585616237059
52.46	-23.562042189562394
52.47	-25.829772528067764
52.480000000000004	-23.154854793388328
52.49	-19.98720517084254
52.5	-21.86996471497262
52.51	-25.094707841166915
52.52	-22.610643301898808
52.53	-21.762637888259874
52.54	-22.914627289874698
52.550000000000004	-21.69517430070583
52.56	-24.31322469902502
52.57	-22.381466691073705
52.58	-20.850891911676623
52.59	-23.85120136691899
52.6	-20.104484414044055
52.61	-16.543695752173623
52.620000000000005	-19.38100726629278
52.63	-26.090185227234127
52.64	-30.127942043075667
52.65	-26.61974556250296
52.660000000000004	-28.074116413527065
52.67	-32.052370169998575
52.68	-30.83157156570947
52.69	-27.413246149870623
52.7	-24.559487571930614
52.71	-21.103276030913843
52.72	-21.668618831864155
52.730000000000004	-19.367344210317256
52.74	-19.219872949803786
52.75	-16.559736442903812
52.76	-16.513079539570978
52.77	-14.458226599058237
52.78	-17.049906626918013
52.79	-24.69068910731713
52.800000000000004	-20.040401621705783
52.81	-20.85529416442038
52.82	-16.942343419986578
52.83	-18.70789304785076
52.84	-16.468869825388396
52.85	-17.11448729124175
52.86	-25.14894550851081
52.870000000000005	-24.683414068382458
52.88	-26.89732860100748
52.89	-22.333610053788632
52.9	-18.951780637853084
52.910000000000004	-21.4161751910427
52.92	-21.941405839185826
52.93	-22.49354937256647
52.94	-21.8413543083702
52.95	-22.48635475741266
52.96	-18.348259353670674
52.97	-15.430662088245855
52.980000000000004	-16.877493435950978
52.99	-13.325973073322228
53.0	-12.441253260241403
53.01	-11.721134630279654
53.02	-11.913073963405184
53.03	-11.862691264382395
53.04	-11.613059384434816
53.050000000000004	-14.042980423056653
53.06	-10.843756226478007
53.07	-10.686537007739288
53.08	-10.654409625403547
53.09	-8.2618486177867
53.1	-10.797640225275204
53.11	-11.933192527421356
53.120000000000005	-12.68596908581087
53.13	-18.090831085615623
53.14	-20.511668134476665
53.15	-18.478901315963963
53.160000000000004	-17.61918600365978
53.17	-17.786009678805197
53.18	-17.380114850148754
53.19	-18.793381088241958
53.2	-22.08400623200525
53.21	-32.26681124311561
53.22	-28.04412077339854
53.230000000000004	-27.062363025043034
53.24	-27.07712775721652
53.25	-32.158315272996376
53.26	-26.000487705249807
53.27	-27.461846359865604
53.28	-29.217907231659865
53.29	-29.131313166447498
53.300000000000004	-24.999981231051375
53.31	-20.398192147874642
53.32	-16.025962530859065
53.33	-13.524918046480215
53.34	-13.637815168690619
53.35	-13.165154110248874
53.36	-15.85854175752125
53.370000000000005	-21.30196579331777
53.38	-19.31406468201243
53.39	-21.20481219997418
53.4	-21.948567600124605
53.410000000000004	-22.903744936022537
53.42	-22.343514466356414
53.43	-21.91938847409774
53.44	-20.639092343473692
53.45	-27.751106639898914
53.46	-28.08901334608408
53.47	-26.33035705005961
53.480000000000004	-27.326739475710433
53.49	-25.798918200746616
53.5	-24.144651256685208
53.51	-24.740799703846626
53.52	-26.39186271502551
53.53	-24.483127789235198
53.54	-23.22195703940171
53.550000000000004	-27.445143226335645
53.56	-39.489664170995816
53.57	-38.31427689740092
53.58	-35.238927741374006
53.59	-36.450049140414684
53.6	-33.106349482757565
53.61	-26.6633199978535
53.620000000000005	-23.859749768222336
53.63	-24.274076169367138
53.64	-23.090318093813757
53.65	-23.94098122916809
53.660000000000004	-19.953094921852877
53.67	-18.808436912370425
53.68	-18.22690099275336
53.69	-18.6012895623462
53.7	-18.207709561947325
53.71	-23.032168737440923
53.72	-19.956855677015263
53.730000000000004	-19.132458768768124
53.74	-24.18519089034636
53.75	-22.097489463576665
53.76	-27.153170989484273
53.77	-25.343465480831856
53.78	-21.835873102589453
53.79	-21.30014496427533
53.800000000000004	-25.075834186390107
53.81	-20.996561024545933
53.82	-22.358240871556962
53.83	-21.787369061853525
53.84	-19.5877423240203
53.85	-15.978383758842847
53.86	-14.005342461759449
53.870000000000005	-14.718026679447153
53.88	-15.41522660199201
53.89	-15.428824725535753
53.9	-16.102949336768564
53.910000000000004	-13.315680726222759
53.92	-14.090918030379902
53.93	-18.04506853748023
53.94	-19.40665205047128
53.95	-18.882510522593368
53.96	-19.815352631425633
53.97	-19.86854184246785
53.980000000000004	-16.362277259848856
53.99	-14.56645043034572
54.0	-11.851012238385518
54.01	-9.019176908644896
54.02	-10.843286444966711
54.03	-17.79902489340551
54.04	-14.2529959451606
54.050000000000004	-11.72910830841845
54.06	-11.69153488170044
54.07	-11.53216658284857
54.08	-14.49331854590102
54.09	-11.603085871373068
54.1	-9.253364961487769
54.11	-15.265416901738321
54.120000000000005	-15.978948613994165
54.13	-18.29153420025783
54.14	-17.062003073465018
54.15	-17.670102302359986
54.160000000000004	-16.83731965859928
54.17	-17.94436679956624
54.18	-25.83780647742108
54.19	-27.62490465317981
54.2	-23.028065374761567
54.21	-30.55597358991612
54.22	-30.164905729424692
54.230000000000004	-33.27525316125291
54.24	-31.557054831138636
54.25	-26.70158230832799
54.26	-31.770651282491833
54.27	-29.35140857319469
54.28	-28.38478365326193
54.29	-25.471948742489538
54.300000000000004	-25.63856809858238
54.31	-26.154834471258013
54.32	-21.092394447038387
54.33	-17.292653888991662
54.34	-15.22733644144579
54.35	-21.864021151298797
54.36	-32.844879080765395
54.370000000000005	-27.99286248471268
54.38	-24.28628079430303
54.39	-27.62388828774967
54.4	-27.58413736876663
54.410000000000004	-21.35802014561002
54.42	-18.307351828600925
54.43	-15.948304946532755
54.44	-14.074594296475691
54.45	-17.787913653963944
54.46	-18.725221398337283
54.47	-16.445950350354916
54.480000000000004	-16.101862907444076
54.49	-15.744556182587436
54.5	-13.512724941396064
54.51	-18.162399103376494
54.52	-15.349320679370503
54.53	-13.460138214125006
54.54	-15.943620789901415
54.550000000000004	-15.489224995424811
54.56	-21.25721149614399
54.57	-17.708296812122523
54.58	-15.872230542948929
54.59	-20.321113089970282
54.6	-25.3520186738261
54.61	-21.548083606669614
54.620000000000005	-18.456013852601693
54.63	-16.810855484725266
54.64	-13.2721308888752
54.65	-9.823243808497415
54.660000000000004	-9.061426457258122
54.67	-8.299609106019375
54.68	-7.77272189882403
54.69	-7.1633911283827025
54.7	-8.470450784425335
54.71	-11.272642717758682
54.72	-11.066552375894053
54.730000000000004	-13.87466486385215
54.74	-15.670318181505586
54.75	-26.769711171506327
54.76	-23.31718178346038
54.77	-20.835225544130292
54.78	-18.203581127770576
54.79	-15.384534807672313
54.800000000000004	-15.387249257254432
54.81	-17.02602873654055
54.82	-18.045493756357896
54.83	-21.56753408438617
54.84	-22.030888652490624
54.85	-26.826063247689326
54.86	-28.372664108345404
54.870000000000005	-30.255603553225523
54.88	-24.55680509193576
54.89	-22.93048945554256
54.9	-20.162031702279922
54.910000000000004	-17.631711733753814
54.92	-20.302056027030293
54.93	-20.71793173640457
54.94	-19.723274220652087
54.95	-20.34207294514313
54.96	-19.874599926174934
54.97	-20.559523775603356
54.980000000000004	-32.043047865333925
54.99	-25.99956755645598
55.0	-22.007608563963842
55.01	-19.530143211230452
55.02	-20.32944928996797
55.03	-24.5025987867812
55.04	-23.26363958447994
55.050000000000004	-20.214128738185014
55.06	-20.0057751566554
55.07	-19.41000420593461
55.08	-16.97520815410753
55.09	-17.578075361891152
55.1	-22.53217793915918
55.11	-20.301042094203925
55.120000000000005	-18.071291359821018
55.13	-15.970485873278065
55.14	-18.65182074514617
55.15	-16.38891592854953
55.160000000000004	-17.056959452581644
55.17	-16.156539289236566
55.18	-18.208228774107262
55.19	-17.641629586780667
55.2	-15.651077187427074
55.21	-18.650241951720936
55.22	-19.58019961402324
55.230000000000004	-24.576005336361796
55.24	-24.175495235477314
55.25	-27.80727992795096
55.26	-27.281357584523406
55.27	-22.26963081332816
55.28	-21.096054189633996
55.29	-19.109438323208224
55.300000000000004	-19.848101527543363
55.31	-21.684096378177863
55.32	-20.471100875147044
55.33	-18.034732345216952
55.34	-16.712226582776893
55.35	-15.908466911357733
55.36	-21.421760708915986
55.370000000000005	-23.893270581619344
55.38	-23.249226883123786
55.39	-18.12273023360994
55.4	-17.634937681660308
55.410000000000004	-17.18707473197856
55.42	-16.05763936718799
55.43	-26.203015982273246
55.44	-29.745436093657965
55.45	-25.276256796078577
55.46	-29.111949526299004
55.47	-23.87785981273588
55.480000000000004	-22.552676302759323
55.49	-19.505457781872444
55.5	-21.317368045648024
55.51	-27.585913646606734
55.52	-32.507829857199546
55.53	-30.08135544304839
55.54	-28.193607021444716
55.550000000000004	-30.59135989957985
55.56	-27.18426571681903
55.57	-25.019806752130126
55.58	-25.159701487228755
55.59	-26.044243978729597
55.6	-23.309084468169697
55.61	-20.183830807544076
55.620000000000005	-16.72449024928138
55.63	-15.257949749636557
55.64	-22.45354567854418
55.65	-23.016434258729866
55.660000000000004	-23.060618776809612
55.67	-27.955780384787037
55.68	-25.846511308694502
55.69	-24.988850559332658
55.7	-21.00969141524992
55.71	-23.634965420348784
55.72	-18.366776604487253
55.730000000000004	-17.32236874843668
55.74	-14.557810080409402
55.75	-13.195444533001934
55.76	-21.09420948904457
55.77	-20.234942014260774
55.78	-25.155168226829513
55.79	-22.89417626622391
55.800000000000004	-22.313282217122143
55.81	-18.46011576792117
55.82	-17.09981972440025
55.83	-17.63532510975893
55.84	-14.933550949322875
55.85	-14.339324261603824
55.86	-19.59763003774113
55.870000000000005	-20.18495975278387
55.88	-16.01402127339734
55.89	-15.101819036692294
55.9	-14.243920680614977
55.910000000000004	-14.621996559975267
55.92	-15.166231577608979
55.93	-17.77347786846293
55.94	-28.782369867172672
55.95	-24.533328591984137
55.96	-22.909000684961942
55.97	-24.498912935514333
55.980000000000004	-33.579821261156155
55.99	-33.40264325877257
56.0	-34.53189446975748
56.01	-36.899536943789215
56.02	-31.16106678561356
56.03	-27.665944269334894
56.04	-27.89897467018281
56.050000000000004	-28.77771084150072
56.06	-25.401865668211837
56.07	-24.189812836425947
56.08	-32.70861794476928
56.09	-29.921640778104162
56.1	-26.388203029696136
56.11	-23.11459624777611
56.120000000000005	-22.546416970096473
56.13	-20.976909689955068
56.14	-23.463728907544745
56.15	-19.109991160680572
56.160000000000004	-18.564808994130903
56.17	-24.962621391392563
56.18	-26.367073845545445
56.19	-23.55127650837001
56.2	-24.355633005671862
56.21	-24.246292793298686
56.22	-26.10799415177806
56.230000000000004	-30.8676175172889
56.24	-30.512008409178073
56.25	-28.78543519727923
56.26	-23.95363936668799
56.27	-19.853503351235407
56.28	-17.692507729049797
56.29	-16.080051877071103
56.300000000000004	-24.058509347840115
56.31	-29.816630569629982
56.32	-28.385528709453258
56.33	-25.35545593864475
56.34	-21.229554000271513
56.35	-25.33627713682667
56.36	-23.913525259183857
56.370000000000005	-23.966504186107755
56.38	-25.422068792028348
56.39	-24.299506804868514
56.4	-19.563707720132072
56.410000000000004	-16.34015358415459
56.42	-23.333230261266742
56.43	-19.08746793534879
56.44	-22.436836841289107
56.45	-20.490848564066052
56.46	-23.152205759514647
56.47	-22.890511351945506
56.480000000000004	-19.000925104748823
56.49	-18.39171159619913
56.5	-19.22706651213068
56.51	-15.941509252309869
56.52	-13.00056676212266
56.53	-10.615814679739936
56.54	-12.011494790394977
56.550000000000004	-12.472152916803203
56.56	-21.95711714503734
56.57	-33.03511864907526
56.58	-27.290987140522823
56.59	-26.87587362398927
56.6	-23.10552451522756
56.61	-21.464200818801547
56.620000000000005	-20.638385394985654
56.63	-17.642690243175913
56.64	-14.819011709049285
56.65	-18.926597297124573
56.660000000000004	-20.355839440186973
56.67	-27.457738217277885
56.68	-28.465165307536903
56.69	-23.81145321740154
56.7	-20.899822351081585
56.71	-27.40990357255801
56.72	-27.11802983940234
56.730000000000004	-28.254334168373887
56.74	-25.124658714462335
56.75	-23.596177290219487
56.76	-26.52571828901788
56.77	-24.337397495713848
56.78	-32.26542853090672
56.79	-28.703888528003564
56.800000000000004	-27.021974643624723
56.81	-28.604812674945375
56.82	-28.412023954649666
56.83	-28.425055551375078
56.84	-25.391812798986
56.85	-24.296914737631962
56.86	-21.02577612940702
56.870000000000005	-21.603057688855397
56.88	-30.141932360039448
56.89	-29.32103065485276
56.9	-27.664425351764713
56.910000000000004	-24.369373856848945
56.92	-25.680307237493434
56.93	-20.068597602788483
56.94	-16.6678540477988
56.95	-16.45662410375086
56.96	-18.53666288289442
56.97	-20.083795147874522
56.980000000000004	-26.71591519401882
56.99	-26.93887704071474
57.0	-25.979934587374583
57.01	-24.897449674049064
57.02	-22.412200819652917
57.03	-22.374938175760988
57.04	-25.493661199023826
57.050000000000004	-22.052659276988695
57.06	-22.324457479301813
57.07	-25.863648204498173
57.08	-22.089188838385827
57.09	-25.427924441775733
57.1	-32.31877693850362
57.11	-34.2583625694836
57.120000000000005	-28.96172816855591
57.13	-24.171302509876135
57.14	-19.395433469822304
57.15	-23.196846579708176
57.160000000000004	-19.84623903023757
57.17	-20.449150077495677
57.18	-17.65853240558304
57.19	-17.18050462184151
57.2	-13.336620543892028
57.21	-11.111813394771877
57.22	-12.491214055356872
57.230000000000004	-18.49064303305259
57.24	-16.96100176765779
57.25	-20.65765477973674
57.26	-25.224573926501666
57.27	-29.531510523017488
57.28	-40.741100096803144
57.29	-42.77562924833567
57.300000000000004	-34.88836111915216
57.31	-34.492273326353065
57.32	-32.89740094707758
57.33	-26.840506237710443
57.34	-26.513314100885918
57.35	-27.981530982620804
57.36	-26.842001447792047
57.370000000000005	-25.556829106600993
57.38	-28.42225268290865
57.39	-25.84577296949072
57.4	-24.120312215681214
57.410000000000004	-26.10364149906224
57.42	-30.64827856961125
57.43	-32.278279453965226
57.44	-31.745145031857145
57.45	-31.243520264086964
57.46	-26.7963055499376
57.47	-22.176964166762982
57.480000000000004	-26.384460899124008
57.49	-26.850162527869244
57.5	-23.386790218842677
57.51	-22.01778713870544
57.52	-19.861764866533452
57.53	-23.565967591352713
57.54	-22.708334154614374
57.550000000000004	-19.69674182439729
57.56	-18.359582342819234
57.57	-21.8594514170614
57.58	-24.143827655832784
57.59	-29.39389069945289
57.6	-32.15864942599335
57.61	-31.757311952723352
57.620000000000005	-31.192063848627235
57.63	-26.208317102267326
57.64	-26.783817235043596
57.65	-24.94746833468949
57.660000000000004	-24.386980438194886
57.67	-28.123677471255153
57.68	-24.796874314903466
57.69	-27.032889636749026
57.7	-28.948502285414357
57.71	-28.09757500674051
57.72	-26.264736737158938
57.730000000000004	-27.50164157043759
57.74	-24.156551018290312
57.75	-30.522959856914873
57.76	-23.87412362655758
57.77	-21.827892348615574
57.78	-23.51550882995516
57.79	-27.270785657711226
57.800000000000004	-30.851865828357862
57.81	-26.251505425181005
57.82	-22.599316317147835
57.83	-27.767603033788077
57.84	-21.488467735004704
57.85	-18.383765396244517
57.86	-20.782634803967415
57.870000000000005	-20.384955916438035
57.88	-20.840978270153318
57.89	-21.676384694201705
57.9	-24.71440161273619
57.910000000000004	-24.766314400732487
57.92	-23.812614991456464
57.93	-29.928951576214537
57.94	-29.640649967410557
57.95	-24.198783828314593
57.96	-23.22781135324492
57.97	-19.012370565968986
57.980000000000004	-29.939180652058603
57.99	-27.29168057803158
58.0	-21.055027561324845
58.01	-19.134998964311183
58.02	-20.40727415986514
58.03	-20.94319342220315
58.04	-20.00783654540171
58.050000000000004	-22.450179926917833
58.06	-20.224250309871774
58.07	-32.70912591278878
58.08	-30.43537872398517
58.09	-26.741959911171865
58.1	-29.32520183680087
58.11	-27.790972723053674
58.120000000000005	-29.994745643590026
58.13	-26.38952571141217
58.14	-22.21074477164682
58.15	-23.38898394182861
58.160000000000004	-22.483395644486684
58.17	-29.554168305884797
58.18	-23.449109868689458
58.19	-21.54802772651804
58.2	-18.68682633733481
58.21	-19.599278365410026
58.22	-19.696361476386038
58.230000000000004	-20.92851704634993
58.24	-19.01597614897486
58.25	-17.897898500155318
58.26	-17.3613457670286
58.27	-29.59948101553613
58.28	-26.905339356501724
58.29	-36.96798297740657
58.300000000000004	-34.198340352513334
58.31	-31.542565883178693
58.32	-34.70035205426766
58.33	-31.84145643188789
58.34	-28.460930027632514
58.35	-28.11602511146887
58.36	-26.460228971360728
58.370000000000005	-20.707321949176144
58.38	-16.260689374693733
58.39	-13.150070042066359
58.4	-13.196437605127338
58.410000000000004	-12.571669688142107
58.42	-21.575375984550924
58.43	-21.338191240570893
58.44	-19.995183848669868
58.45	-20.52726772734085
58.46	-21.809810362732687
58.47	-18.987142924793694
58.480000000000004	-24.059424660265368
58.49	-19.52249552943912
58.5	-17.49859674690478
58.51	-19.5348285970993
58.52	-21.172078430811315
58.53	-18.832147357769657
58.54	-15.248866856519719
58.550000000000004	-14.594381436155894
58.56	-15.105016910964732
58.57	-14.599956593121078
58.58	-19.17154258127201
58.59	-17.461235808520858
58.6	-16.132095690962785
58.61	-18.60602447221716
58.620000000000005	-16.744655538297007
58.63	-14.610170629356253
58.64	-12.553934654595974
58.65	-13.137823092568114
58.660000000000004	-13.64819565298828
58.67	-13.111980340564132
58.68	-11.29366354135933
58.69	-10.275253039338708
58.7	-11.96852018863648
58.71	-13.85827785740611
58.72	-11.809296558255163
58.730000000000004	-11.804862269185735
58.74	-12.998046845928988
58.75	-15.411080784414008
58.76	-13.187668134015825
58.77	-11.785683957037307
58.78	-12.160313533621832
58.79	-14.059198487232354
58.800000000000004	-15.53520245849499
58.81	-15.65547996423927
58.82	-13.30252465232439
58.83	-12.68984197637526
58.84	-10.680444963313604
58.85	-15.381485443296791
58.86	-15.34773672776974
58.870000000000005	-15.39187336547386
58.88	-19.078112252712707
58.89	-18.183721879283354
58.9	-21.714418813738412
58.910000000000004	-18.578030054491514
58.92	-24.31913972755289
58.93	-21.94077115069421
58.94	-18.89666312988041
58.95	-21.687614666822135
58.96	-30.936717529134434
58.97	-35.789887460584865
58.980000000000004	-31.84287009648905
58.99	-26.925049585960704
59.0	-28.48236051793524
59.01	-25.145566559900544
59.02	-24.724750705358222
59.03	-22.545852818915815
59.04	-19.935767460734496
59.050000000000004	-19.596434492665484
59.06	-20.03247350914157
59.07	-27.238114702829957
59.08	-26.3295683829462
59.09	-29.22320957935485
59.1	-26.761178727015363
59.11	-26.532196732668826
59.120000000000005	-24.060012245201435
59.13	-20.110896151219286
59.14	-19.415703808235897
59.15	-26.37885522761075
59.160000000000004	-23.4002915291191
59.17	-18.140031026853173
59.18	-16.677218806968988
59.19	-14.225798665480118
59.2	-15.580706488355363
59.21	-16.892133088211885
59.22	-13.918704192701412
59.230000000000004	-12.790453208739077
59.24	-18.332175405407767
59.25	-19.142362703852857
59.26	-22.782659319800707
59.27	-29.674328242265613
59.28	-30.150167043075808
59.29	-24.806108184893887
59.300000000000004	-22.014347911014426
59.31	-29.85434003912465
59.32	-27.004519038262885
59.33	-21.809175002342595
59.34	-20.40868799848747
59.35	-24.655249561047665
59.36	-23.380949823448606
59.370000000000005	-21.832845298197977
59.38	-24.656209817206893
59.39	-20.552215653653214
59.4	-19.106806289495786
59.410000000000004	-16.805877772794886
59.42	-14.910995035052473
59.43	-12.760349795152056
59.44	-21.94048519840024
59.45	-23.720146554272933
59.46	-20.833382887920603
59.47	-17.43281966979256
59.480000000000004	-13.553447948461605
59.49	-12.180768900200057
59.5	-11.290920020479357
59.51	-10.856711449919935
59.52	-10.503805544949712
59.53	-17.269561652650136
59.54	-26.850904751460245
59.550000000000004	-23.537785168676134
59.56	-18.895813790412895
59.57	-16.76508954509447
59.58	-20.302162409517436
59.59	-27.480462483786518
59.6	-33.75204927420355
59.61	-27.008875008236604
59.620000000000005	-23.112168978362078
59.63	-21.74658231253868
59.64	-23.49998256518801
59.65	-25.639171991826377
59.660000000000004	-25.553850058585166
59.67	-31.76282221346874
59.68	-29.179200287909037
59.69	-24.9039731503354
59.7	-29.933617801702358
59.71	-35.07265141689382
59.72	-40.377324822108555
59.730000000000004	-33.18813914762312
59.74	-26.687522867864086
59.75	-21.04059640689878
59.76	-19.188890258931522
59.77	-18.416639374739496
59.78	-17.029135287952904
59.79	-23.90830011287098
59.800000000000004	-23.543415457307272
59.81	-22.835619440097208
59.82	-23.594989403826073
59.83	-28.841508474614358
59.84	-23.952817360428988
59.85	-19.606420559151754
59.86	-24.324095863789918
59.870000000000005	-24.022357678529044
59.88	-30.344331879189433
59.89	-28.117235426407294
59.9	-34.62921764357456
59.910000000000004	-31.980093880154175
59.92	-30.899499345892742
59.93	-27.89873619951874
59.94	-29.21438555354851
59.95	-23.58418829635524
59.96	-30.231946012790658
59.97	-26.534389961769357
59.980000000000004	-24.869308013547656
59.99	-27.358024851363673
60.0	-27.044530413129607
60.01	-31.76796944139113
60.02	-31.52119332347718
60.03	-26.945605258803806
60.04	-31.9494271685761
60.050000000000004	-31.087227877518075
60.06	-25.32330289471154
60.07	-26.49808134733749
60.08	-29.08589475582599
60.09	-29.29022234791716
60.1	-23.212513806129856
60.11	-22.784956071178634
60.120000000000005	-18.009642986113363
60.13	-18.991058459015324
60.14	-20.734540884416045
60.15	-25.00919842752359
60.160000000000004	-20.96174568507337
60.17	-20.649316022962815
60.18	-20.03355201879961
60.19	-17.190665800501993
60.2	-18.56732234787089
60.21	-21.748392290094582
60.22	-22.804946174636875
60.230000000000004	-18.696736353162837
60.24	-25.141305244305624
60.25	-28.706003655872564
60.26	-29.822244346625144
60.27	-33.58098845993266
60.28	-26.11447136976658
60.29	-21.0112576737172
60.300000000000004	-16.818449959893133
60.31	-15.659281492877124
60.32	-18.77171671470564
60.33	-23.737009288137816
60.34	-18.87813411505112
60.35	-16.683452924923895
60.36	-15.39111898267357
60.370000000000005	-14.002088857163887
60.38	-14.185218285548148
60.39	-11.627913545593465
60.4	-13.27856359584865
60.410000000000004	-20.935631696187944
60.42	-20.10794064474627
60.43	-23.796952851223413
60.44	-23.914160144207127
60.45	-25.423435482263788
60.46	-21.500814317474564
60.47	-19.811264326192426
60.480000000000004	-17.85023097642459
60.49	-26.510598432863347
60.5	-22.336457494004936
60.51	-24.285817241539192
60.52	-26.98624496337653
60.53	-30.517425985362543
60.54	-31.519778082161228
60.550000000000004	-28.769718819229375
60.56	-25.310842202418797
60.57	-19.766722059275494
60.58	-20.039994441640083
60.59	-16.484988928778012
60.6	-19.368900754331687
60.61	-23.678134165646732
60.620000000000005	-21.56087397084154
60.63	-19.906970264261393
60.64	-16.8821373529328
60.65	-13.1549431089466
60.660000000000004	-9.838113684288546
60.67	-7.333438720861871
60.68	-5.004008437034495
60.69	-4.780575556615032
60.7	-4.767501187280241
60.71	-4.649586522953892
60.72	-2.8376987751288363
60.730000000000004	-1.740900239653026
60.74	-6.2747485929234434
60.75	-7.0636141020887
60.76	-8.803641839043197
60.77	-9.445800389760869
60.78	-9.737213686117478
60.79	-9.114747938599779
60.800000000000004	-6.67893728470987
60.81	-8.944813895441913
60.82	-10.485983794069764
60.83	-15.731278084801811
60.84	-13.450743180315477
60.85	-12.206375269260997
60.86	-15.23025186153167
60.870000000000005	-13.62187922981617
60.88	-13.494861766958639
60.89	-10.595693012072186
60.9	-9.27608408690561
60.910000000000004	-16.75029528231567
60.92	-18.48417902455364
60.93	-16.482248445346556
60.94	-23.327977038323972
60.95	-22.589123622970526
60.96	-28.6114920109349
60.97	-29.726320365887045
60.980000000000004	-30.831600987438826
60.99	-27.46237041120024
61.0	-33.67135568999261
61.01	-29.086391914991825
61.02	-30.27516763637894
61.03	-33.95355051500762
61.04	-29.011036709910904
61.050000000000004	-26.86319064928408
61.06	-24.67671943760891
61.07	-22.767291324142636
61.08	-18.241884884957255
61.09	-15.297568690789067
61.1	-22.67079276403314
61.11	-22.093304718473377
61.120000000000005	-17.66576306841541
61.13	-15.795611635605706
61.14	-12.039808718274202
61.15	-9.504792451222428
61.160000000000004	-15.030640989372579
61.17	-13.074646410146347
61.18	-15.683485382901518
61.19	-15.371326032529074
61.2	-14.436200965964531
61.21	-13.694801878796337
61.22	-12.35378694422564
61.230000000000004	-10.730583506999517
61.24	-18.688493489217503
61.25	-21.66589411767898
61.26	-16.899058976506495
61.27	-16.274024698298255
61.28	-17.93125378268506
61.29	-16.05046680041637
61.300000000000004	-16.557448203981764
61.31	-20.351599843969954
61.32	-18.261876637530737
61.33	-15.859546131069752
61.34	-16.495490619466974
61.35	-18.864641627972144
61.36	-20.95355883938191
61.370000000000005	-23.692028968663855
61.38	-28.45681208636124
61.39	-23.30702172215337
61.4	-18.710455653708628
61.410000000000004	-17.74780610994655
61.42	-21.530111706453116
61.43	-19.860674387704186
61.44	-19.85601594229473
61.45	-17.620949622660195
61.46	-19.212244665861416
61.47	-18.589005651667417
61.480000000000004	-19.148196797014354
61.49	-17.040494810624708
61.5	-22.841710001306218
61.51	-20.188056753798463
61.52	-18.942430365776637
61.53	-23.977334053366537
61.54	-23.817695851904293
61.550000000000004	-22.552947234251306
61.56	-18.464158060437253
61.57	-18.217057237674283
61.58	-23.468627678755205
61.59	-20.262669144752167
61.6	-19.183460344383107
61.61	-21.07717450295037
61.620000000000005	-26.258677377333633
61.63	-24.38390791139031
61.64	-23.511446488323635
61.65	-25.808400680196957
61.660000000000004	-20.359763923714798
61.67	-18.541163956155636
61.68	-15.649841349175139
61.690000000000005	-24.71066584904604
61.7	-23.591518119157804
61.71	-22.880733295474805
61.72	-22.45740829143198
61.730000000000004	-21.561928792204753
61.74	-21.665316849878174
61.75	-18.196836821308324
61.76	-20.348583950730163
61.77	-30.728948706161233
61.78	-26.735752386673397
61.79	-21.710196986349366
61.800000000000004	-18.099829237814774
61.81	-18.687300618512054
61.82	-30.669088972794267
61.83	-35.28214130618226
61.84	-39.677502830021375
61.85	-37.65223693731833
61.86	-42.20146005618828
61.870000000000005	-46.40637087831351
61.88	-40.10112500333259
61.89	-34.41483079060707
61.9	-38.44374157693672
61.910000000000004	-41.668045901374754
61.92	-43.0539941721023
61.93	-34.38740829489333
61.940000000000005	-31.735824762789072
61.95	-29.339366500513684
61.96	-29.743680773759678
61.97	-29.6881883969
61.980000000000004	-27.48925505262306
61.99	-27.479863646130035
62.0	-25.047937508261892
62.01	-22.623235289233566
62.02	-20.12521285323907
62.03	-16.668716687041545
62.04	-15.364635967686697
62.050000000000004	-18.289723846473056
62.06	-14.25114673391501
62.07	-12.625699125717329
62.08	-11.79880997827248
62.09	-11.657120168826955
62.1	-9.294304703230432
62.11	-7.085869486223195
62.120000000000005	-7.24580729050134
62.13	-9.280870826676765
62.14	-7.414527518768792
62.15	-9.076860200973552
62.160000000000004	-14.722979321282326
62.17	-17.323604427905757
62.18	-25.180766874261376
62.190000000000005	-27.41940362606465
62.2	-31.50953956054354
62.21	-30.6617430554049
62.22	-34.12827309330297
62.230000000000004	-39.384680163778555
62.24	-34.246282156342254
62.25	-41.52966459984495
62.26	-32.661969885648055
62.27	-29.707485704154898
62.28	-27.05419519667099
62.29	-27.322285688213647
62.300000000000004	-23.9686278692311
62.31	-21.891453133715284
62.32	-20.567754145655645
62.33	-19.066470041184814
62.34	-16.398458860409367
62.35	-16.132441847595736
62.36	-12.637185934464867
62.370000000000005	-10.80496675071078
62.38	-22.631372775903554
62.39	-24.451982131365373
62.4	-29.417785473938675
62.410000000000004	-28.332001647369644
62.42	-25.494665726205774
62.43	-22.594136803570652
62.440000000000005	-21.037427292694595
62.45	-24.704493185536236
62.46	-26.53997020474994
62.47	-32.653439460305506
62.480000000000004	-26.386690350036186
62.49	-20.842258281074976
62.5	-17.138631107093477
62.51	-13.565213571622907
62.52	-12.285540189324225
62.53	-9.502904585954724
62.54	-8.876538223551817
62.550000000000004	-8.894271459632208
62.56	-21.573579396133912
62.57	-22.60018464019128
62.58	-20.24956730686533
62.59	-17.777987497099346
62.6	-16.62348827791288
62.61	-15.615961033644522
62.620000000000005	-13.31827322618062
62.63	-19.69353678535229
62.64	-29.29564500532104
62.65	-24.384065616790153
62.660000000000004	-31.299776945566055
62.67	-30.387061628381478
62.68	-24.896241043119137
62.690000000000005	-23.159994831154286
62.7	-25.924762964076777
62.71	-28.532811758081728
62.72	-27.088998464850953
62.730000000000004	-24.198639989337963
62.74	-18.680509180304295
62.75	-16.004803124778284
62.76	-13.303872529608643
62.77	-11.525868432694283
62.78	-12.657460185674848
62.79	-15.021531740030808
62.800000000000004	-19.290228310824588
62.81	-22.110410894766428
62.82	-23.8079521814172
62.83	-24.7499705611492
62.84	-24.83015399978392
62.85	-27.850572772243098
62.86	-35.99980880866525
62.870000000000005	-34.48898989885915
62.88	-38.31222826215431
62.89	-31.075314306998095
62.9	-25.102721529386976
62.910000000000004	-21.11696270957966
62.92	-21.48613537672531
62.93	-23.34794521801002
62.940000000000005	-20.714934027536092
62.95	-26.061433524023233
62.96	-24.38774806904415
62.97	-20.433147053018004
62.980000000000004	-21.079796218937418
62.99	-20.610439187796484
63.0	-25.31899705955666
63.01	-24.86950790830064
63.02	-21.683110696990017
63.03	-28.4832102727482
63.04	-28.29996951742519
63.050000000000004	-26.72601823747679
63.06	-26.049369626364655
63.07	-25.83350077716878
63.08	-21.051583717638326
63.09	-19.998304337856496
63.1	-28.262425303310206
63.11	-27.715968939914166
63.120000000000005	-23.385441747572408
63.13	-24.003993526537837
63.14	-23.398988694402473
63.15	-21.150471719421166
63.160000000000004	-19.215352282809715
63.17	-16.989142761169617
63.18	-19.343871000000448
63.190000000000005	-16.843564944301864
63.2	-22.37642812008785
63.21	-23.15853360433989
63.22	-23.003147978588647
63.230000000000004	-23.06496091571172
63.24	-28.53256863949167
63.25	-29.157115956980082
63.26	-25.466442322293773
63.27	-21.825475425807035
63.28	-19.641430836530336
63.29	-23.220325420363732
63.300000000000004	-20.11693073181099
63.31	-31.770968820643144
63.32	-29.532906800701454
63.33	-28.994660248060274
63.34	-26.97305226895355
63.35	-26.417961145888533
63.36	-23.32417199851121
63.370000000000005	-23.394560785988688
63.38	-22.140143036752104
63.39	-20.535473525879105
63.4	-16.973635565659354
63.410000000000004	-16.133846603609722
63.42	-17.722905501062545
63.43	-19.679841637399125
63.440000000000005	-16.457286479386795
63.45	-17.41289390758747
63.46	-16.493777827604273
63.47	-23.831714131873312
63.480000000000004	-20.996214388544754
63.49	-24.665735549314203
63.5	-30.344804455366766
63.51	-28.854314623156103
63.52	-31.509724063441723
63.53	-28.585869525328786
63.54	-24.50636737629839
63.550000000000004	-26.17763514847431
63.56	-25.978145953761103
63.57	-38.646698652666004
63.58	-30.997577795183215
63.59	-26.18185750869565
63.6	-30.18287412831671
63.61	-29.188151231754542
63.620000000000005	-32.15499486778884
63.63	-34.485550495079785
63.64	-26.85640243114076
63.65	-23.86578106220151
63.660000000000004	-21.600068869455388
63.67	-21.632465835648386
63.68	-24.78677404018082
63.690000000000005	-29.163662249278758
63.7	-26.282918821169133
63.71	-23.28394163845016
63.72	-25.264607473087903
63.730000000000004	-21.875643141806158
63.74	-23.569175602663698
63.75	-25.34744836715466
63.76	-26.649028114636632
63.77	-24.931289164497514
63.78	-28.197157251409656
63.79	-27.30894129140481
63.800000000000004	-32.482171925854196
63.81	-29.96456976615841
63.82	-33.46553645897824
63.83	-30.69275373785804
63.84	-33.31525769451514
63.85	-30.886792132732463
63.86	-38.451828035995874
63.870000000000005	-33.92571701682003
63.88	-29.559710781908866
63.89	-26.93863262459349
63.9	-21.33921877792466
63.910000000000004	-17.606687069449542
63.92	-16.45530353047589
63.93	-22.735940687012775
63.940000000000005	-23.886336895647577
63.95	-20.79797239238335
63.96	-17.92089796195572
63.97	-15.984441573189118
63.980000000000004	-14.11814340928089
63.99	-15.11331398459696
64.0	-16.30405420930118
64.01	-18.546102131103897
64.02	-24.351493020970608
64.03	-29.32460676344638
64.04	-25.70613502383136
64.05	-28.10376694776808
64.06	-27.661319688537574
64.07000000000001	-32.505320816368
64.08	-26.529819977834006
64.09	-21.54726175454308
64.1	-21.112603376811204
64.11	-19.788133247391862
64.12	-21.148000231632825
64.13	-19.575004184378532
64.14	-17.383772869373452
64.15	-17.30784385056956
64.16	-15.695000049339654
64.17	-15.504618321693695
64.18	-20.137690598733514
64.19	-17.483234597332494
64.2	-24.607718780802116
64.21000000000001	-27.899618830113415
64.22	-28.25353780710333
64.23	-29.625002092681445
64.24	-26.400941705450776
64.25	-27.545154989252083
64.26	-24.101327782900572
64.27	-19.548616193438328
64.28	-15.960741614824022
64.29	-16.029682794029096
64.3	-31.090170145708033
64.31	-31.479724726104685
64.32000000000001	-34.14815772291118
64.33	-30.636286072088552
64.34	-27.31197499832142
64.35	-21.70697831844501
64.36	-18.568794795271273
64.37	-17.39925382200596
64.38	-19.269732923562042
64.39	-20.766589490624654
64.4	-22.398740744319618
64.41	-21.818910777020655
64.42	-22.085777032688977
64.43	-20.874448136591905
64.44	-21.045403072691265
64.45	-20.219651292290507
64.46000000000001	-20.17068896414349
64.47	-18.74503353745994
64.48	-17.024130530092684
64.49	-13.717468396162452
64.5	-13.601640203800708
64.51	-11.198167605052447
64.52	-10.678377493803723
64.53	-10.296351933850318
64.54	-11.116512538152644
64.55	-8.3217344163018
64.56	-10.576253223474819
64.57000000000001	-17.69432696064556
64.58	-15.661430669601877
64.59	-18.94113462239107
64.6	-24.525174897647496
64.61	-22.638926989417385
64.62	-21.391424613157575
64.63	-20.534036253750187
64.64	-20.973949294122036
64.65	-18.240570236420176
64.66	-15.606218957188727
64.67	-14.420061478142284
64.68	-19.21720647413228
64.69	-26.103488495524342
64.7	-29.522373569212746
64.71000000000001	-25.310701991889133
64.72	-22.696921414154
64.73	-23.17394620439093
64.74	-27.168501635005494
64.75	-25.890515091427307
64.76	-32.119740094955425
64.77	-30.49018161964667
64.78	-24.932690433024074
64.79	-27.08350349246939
64.8	-33.63781556830229
64.81	-29.92078445413741
64.82000000000001	-30.1844973008211
64.83	-31.794290280521334
64.84	-27.612169069423786
64.85	-34.008370708138315
64.86	-35.07495929545788
64.87	-31.38387365683806
64.88	-26.119540828283814
64.89	-24.43543688577744
64.9	-19.371051834910002
64.91	-17.442852983807775
64.92	-20.30397509547854
64.93	-21.006712325885378
64.94	-22.736345293139713
64.95	-21.400301904338697
64.96000000000001	-16.999442291117287
64.97	-16.341344209206802
64.98	-13.603770938097531
64.99	-10.577523326750855
65.0	-8.231738137180608
65.01	-11.388671829829589
65.02	-22.16492395823141
65.03	-18.598855650426863
65.04	-18.089700403528745
65.05	-18.13796166095089
65.06	-14.091968742457572
65.07000000000001	-12.865585521031596
65.08	-12.208502611291813
65.09	-15.661293745414614
65.1	-14.356544294313279
65.11	-12.602318938337847
65.12	-11.26400311962066
65.13	-12.483582865145276
65.14	-13.277325602714432
65.15	-20.724214150539137
65.16	-17.776523314164084
65.17	-13.932082523705475
65.18	-11.007062879304112
65.19	-9.90773862660964
65.2	-13.800570618842606
65.21000000000001	-14.426668395132475
65.22	-12.924974798162694
65.23	-14.923930015907711
65.24	-16.673797796662722
65.25	-16.619545548707283
65.26	-19.698883934019186
65.27	-19.370839117135777
65.28	-20.166677032308517
65.29	-37.46062753016703
65.3	-31.370363679225786
65.31	-27.379508717778187
65.32000000000001	-21.352052237366475
65.33	-20.30773109016629
65.34	-19.1023582295753
65.35	-19.486665733190648
65.36	-17.398329782643536
65.37	-18.58192087098393
65.38	-25.874108994245766
65.39	-25.011949837203392
65.4	-23.369303384242833
65.41	-19.438908275588762
65.42	-17.1981306863974
65.43	-14.7834417807927
65.44	-13.89986144526875
65.45	-16.312666815653934
65.46000000000001	-16.516060438563724
65.47	-17.266960484091253
65.48	-18.133354716613802
65.49	-21.387294576818842
65.5	-17.469829060550257
65.51	-16.606400273721967
65.52	-14.279950443853583
65.53	-10.733133621614165
65.54	-11.165953375981987
65.55	-10.889602639456552
65.56	-9.392429020377316
65.57000000000001	-13.305916331628165
65.58	-13.112178875413463
65.59	-15.622963011869999
65.6	-12.531826733560951
65.61	-9.440690455247516
65.62	-8.756219833559884
65.63	-8.730574650879786
65.64	-10.486842641398045
65.65	-9.433007589278898
65.66	-9.719003663461733
65.67	-9.350175908830648
65.68	-12.759141710234534
65.69	-13.902059485733515
65.7	-13.475139093307153
65.71000000000001	-15.939936396971452
65.72	-14.293183107360598
65.73	-15.333716082387891
65.74	-15.551637524581349
65.75	-14.826632201054032
65.76	-21.645338658410385
65.77	-25.57488308978414
65.78	-22.283609705845823
65.79	-25.206851977746187
65.8	-20.803582908309156
65.81	-20.632307740810013
65.82000000000001	-18.28979158903023
65.83	-20.875843905032177
65.84	-18.395174244878554
65.85	-16.868703327604432
65.86	-20.427697359934086
65.87	-18.008872503840827
65.88	-17.637519856824216
65.89	-18.511223001527462
65.9	-21.703815861841942
65.91	-18.527191283702415
65.92	-18.793268585520696
65.93	-22.511984562802912
65.94	-22.687046424870964
65.95	-19.39524775553777
65.96000000000001	-17.64151488932817
65.97	-13.883571254142423
65.98	-10.043986050390187
65.99	-6.088955374330165
66.0	-3.120417500899171
66.01	-5.52178868801215
66.02	-16.820505316678375
66.03	-17.088445725910773
66.04	-21.306431406164897
66.05	-26.480047585611317
66.06	-34.16713635169543
66.07000000000001	-38.9423585031662
66.08	-31.35933721009525
66.09	-29.033730155695377
66.1	-36.247734188681335
66.11	-29.03092932903555
66.12	-26.440225644139215
66.13	-26.69499045372337
66.14	-24.03924487196099
66.15	-22.650744281297595
66.16	-19.74229867533454
66.17	-17.008220606198282
66.18	-17.128957007499196
66.19	-18.339791388880577
66.2	-16.691835023754866
66.21000000000001	-16.62006831067488
66.22	-18.277833779955333
66.23	-19.295206865260663
66.24	-16.150799426145294
66.25	-15.28473634961958
66.26	-13.48561220521365
66.27	-22.072318915306997
66.28	-20.242858056144573
66.29	-20.753314145429346
66.3	-26.08266179355691
66.31	-26.415140231308133
66.32000000000001	-20.665904183289
66.33	-16.326642566576318
66.34	-12.733812297723032
66.35	-13.046276340672506
66.36	-14.307230699672399
66.37	-12.651780500606131
66.38	-12.831787350637168
66.39	-12.75619391315488
66.4	-12.22099251657423
66.41	-12.254187396563363
66.42	-12.995382167113878
66.43	-15.827519378105702
66.44	-20.14963423172469
66.45	-21.41961708547576
66.46000000000001	-23.20092038014146
66.47	-24.39602480352822
66.48	-23.08739187842962
66.49	-25.117155546376843
66.5	-22.887609801927436
66.51	-22.638133073758556
66.52	-26.53292505469544
66.53	-24.518031806616953
66.54	-19.838276129675567
66.55	-17.190954579888935
66.56	-15.261574160509397
66.57000000000001	-15.482749746754855
66.58	-21.599657431891085
66.59	-22.734728407860516
66.6	-19.58534988668023
66.61	-16.906230807346404
66.62	-15.239617673790512
66.63	-22.190334957811807
66.64	-27.68355626352538
66.65	-25.56509009107243
66.66	-22.9403871929267
66.67	-26.285564159080426
66.68	-22.591232565388754
66.69	-19.00369466019176
66.7	-18.37467827860354
66.71000000000001	-20.710621070840194
66.72	-21.426356495342485
66.73	-23.860376050806607
66.74	-22.762918094383647
66.75	-20.636125154563608
66.76	-26.480986426871617
66.77	-25.50386802270296
66.78	-20.37284980815941
66.79	-17.603921290535315
66.8	-16.857794878810378
66.81	-15.942077909694017
66.82000000000001	-18.1857342277082
66.83	-22.03507306072489
66.84	-24.157299527310325
66.85	-25.464836305401615
66.86	-25.76599357083426
66.87	-20.456845794936015
66.88	-15.147698019045311
66.89	-13.536717658960848
66.9	-13.032754358209873
66.91	-12.528791057459614
66.92	-10.289682115833095
66.93	-14.864511543847545
66.94	-13.495911047792216
66.95	-13.261328951057724
66.96000000000001	-17.8575617948548
66.97	-19.624377105113176
66.98	-20.973314486836657
66.99	-17.312033371338146
67.0	-18.602665684491722
67.01	-16.128434384208926
67.02	-16.48476736672806
67.03	-14.828900759820478
67.04	-21.446046476993594
67.05	-22.97203447954339
67.06	-22.07745352867095
67.07000000000001	-23.716669278338692
67.08	-23.240298331860227
67.09	-21.675470064791263
67.1	-21.496131140825455
67.11	-30.85989944805809
67.12	-24.282311596128068
67.13	-20.901254783231735
67.14	-17.766219775033942
67.15	-18.69430763553965
67.16	-23.57413990087133
67.17	-21.3450751405309
67.18	-27.07097415058964
67.19	-22.87895485805882
67.2	-20.475396261774037
67.21000000000001	-21.44972618974604
67.22	-17.165739738841218
67.23	-18.03590204664458
67.24	-14.510596637075949
67.25	-15.356245407579406
67.26	-26.08057216546741
67.27	-20.50860279051767
67.28	-18.800764858268124
67.29	-26.732653461078794
67.3	-23.861283258715424
67.31	-22.784258246062482
67.32000000000001	-19.30299439189432
67.33	-18.386457068499613
67.34	-15.453446236614026
67.35	-24.691338374247938
67.36	-25.685015366282848
67.37	-25.809799236814882
67.38	-24.55547279678812
67.39	-23.698437025017316
67.4	-20.318033104879873
67.41	-21.005572861697487
67.42	-22.801834442913222
67.43	-21.039336883228252
67.44	-30.250781196611715
67.45	-24.460587429704123
67.46000000000001	-27.253230953779997
67.47	-22.441931216511694
67.48	-24.692406197713776
67.49	-22.23905621155384
67.5	-21.799391406482275
67.51	-17.075240848183757
67.52	-15.493663871082088
67.53	-17.472452502105348
67.54	-16.193904944319723
67.55	-16.978335238817486
67.56	-26.742045802309192
67.57000000000001	-26.750590725477906
67.58	-23.77592739032784
67.59	-27.29378712999754
67.6	-30.728566098537424
67.61	-34.84774157049221
67.62	-29.81268865637338
67.63	-41.67912178541846
67.64	-34.82803359604215
67.65	-27.324784535164678
67.66	-21.508955802881292
67.67	-17.91109552688977
67.68	-14.621607221969578
67.69	-32.46255199889385
67.7	-32.72885462937858
67.71000000000001	-25.625332094274153
67.72	-22.487976504435572
67.73	-23.296345656517637
67.74	-27.752409402876324
67.75	-23.888271613810723
67.76	-23.83358882725035
67.77	-21.55010790269369
67.78	-18.775754855014988
67.79	-16.72750883768098
67.8	-17.84044726796137
67.81	-22.37454239285252
67.82000000000001	-19.53759161458687
67.83	-21.431799127232928
67.84	-20.623016182199255
67.85	-29.28436034304402
67.86	-31.217360754661694
67.87	-27.608365941031987
67.88	-26.824508786087204
67.89	-26.019063013537416
67.9	-34.395588606288825
67.91	-31.53222116255082
67.92	-25.68720252763042
67.93	-23.827078725966167
67.94	-21.94226707435718
67.95	-30.30526187532151
67.96000000000001	-35.56896516182277
67.97	-37.46790936609414
67.98	-29.563538949875888
67.99	-24.50154186238247
68.0	-19.012489281928424
68.01	-18.796861982870773
68.02	-17.25223439321161
68.03	-18.986535666482126
68.04	-21.953648616515423
68.05	-20.777732682675524
68.06	-19.01209640865148
68.07000000000001	-19.633543110061947
68.08	-23.156724205810942
68.09	-28.70688802889139
68.1	-29.344106099239543
68.11	-27.971419595832174
68.12	-25.887078538329632
68.13	-27.9710516194089
68.14	-24.0818657507514
68.15	-23.303030092602757
68.16	-25.820047543885615
68.17	-31.4539591131752
68.18	-30.05144244392691
68.19	-30.10067739404233
68.2	-28.1081936460402
68.21000000000001	-26.524927142789984
68.22	-22.780827443907363
68.23	-18.87285488443411
68.24	-20.724929159969285
68.25	-29.64581836556125
68.26	-24.2912859643497
68.27	-22.239655674485746
68.28	-18.067278348704278
68.29	-17.943516324181477
68.3	-14.724070026545457
68.31	-18.26579621298327
68.32000000000001	-17.955528409397296
68.33	-18.525888721088645
68.34	-14.72299657792423
68.35000000000001	-12.11803467945635
68.36	-10.621960546465107
68.37	-9.673959844713353
68.38	-14.073596904577153
68.39	-18.609152850676093
68.4	-20.695705230844908
68.41	-23.65034092841508
68.42	-21.304951560139667
68.43	-23.310517357814714
68.44	-23.986492863757853
68.45	-23.153592499552442
68.46000000000001	-34.26366472215525
68.47	-33.234319666571125
68.48	-25.950951754033316
68.49	-21.63623102459682
68.5	-21.650527364367495
68.51	-20.06769930455052
68.52	-16.304683158348325
68.53	-19.430857453011846
68.54	-17.561577436607795
68.55	-16.193536226339308
68.56	-14.871954955384735
68.57000000000001	-16.603116910442093
68.58	-14.643345435481168
68.59	-15.55528126443098
68.60000000000001	-13.48059054966573
68.61	-14.127426340096026
68.62	-11.040762633336124
68.63	-9.224634866720471
68.64	-11.254548813581911
68.65	-13.359342603090637
68.66	-30.904680568753434
68.67	-38.39163268821218
68.68	-42.45217643123532
68.69	-37.75401983458935
68.7	-31.31589046577925
68.71000000000001	-25.969825520381512
68.72	-26.323782297664597
68.73	-26.819832962122955
68.74	-25.084692407704377
68.75	-29.385140023493943
68.76	-28.735822093855635
68.77	-42.1964362335924
68.78	-36.92825703619467
68.79	-28.480304542542278
68.8	-24.602778876436005
68.81	-29.078052303922373
68.82000000000001	-31.74171517219165
68.83	-30.689736037710833
68.84	-34.47841360660394
68.85000000000001	-29.538206185449667
68.86	-25.571676854810356
68.87	-24.41169137386606
68.88	-20.019244086565703
68.89	-17.356540132259788
68.9	-27.927254081571828
68.91	-26.21928644634643
68.92	-33.65747921687195
68.93	-28.14422257427376
68.94	-29.56824644256746
68.95	-26.004883112141805
68.96000000000001	-28.25487125662543
68.97	-28.58832437253201
68.98	-26.50968625091663
68.99	-24.2600608489183
69.0	-24.43479067764365
69.01	-23.35271349769195
69.02	-20.40244095787746
69.03	-24.996416415726333
69.04	-35.40114371878898
69.05	-35.455976394409824
69.06	-31.163508836322794
69.07000000000001	-29.515252697739847
69.08	-35.975408157400516
69.09	-31.5811721031617
69.10000000000001	-29.69611743378058
69.11	-28.255781226332104
69.12	-26.176168102437305
69.13	-24.811345804276698
69.14	-33.383057017590545
69.15	-30.453931378535398
69.16	-27.152330882605213
69.17	-27.74542604470051
69.18	-31.70351560097237
69.19	-36.21027644884331
69.2	-30.528689043525148
69.21000000000001	-27.697187500178778
69.22	-22.2193158482592
69.23	-19.744273024907127
69.24	-20.1301154803866
69.25	-29.80416475676911
69.26	-23.34712647435017
69.27	-18.929857355739063
69.28	-20.375467971420026
69.29	-19.132686710099797
69.3	-22.20987594442777
69.31	-23.259863772244586
69.32000000000001	-21.126661589524893
69.33	-31.2652533687195
69.34	-30.705489547002735
69.35000000000001	-30.096617180762856
69.36	-29.169305654128642
69.37	-25.385524683399115
69.38	-23.595106770239735
69.39	-25.09688516967303
69.4	-25.29771354318322
69.41	-22.27519584994007
69.42	-27.43460987146388
69.43	-24.92451577490301
69.44	-24.503653298329912
69.45	-20.894913001207208
69.46000000000001	-18.035912854052214
69.47	-18.683221217166857
69.48	-18.874640615114366
69.49	-18.87960516730099
69.5	-21.4571925350632
69.51	-21.783678412532733
69.52	-23.1363275232941
69.53	-19.065014324884636
69.54	-30.127605382880535
69.55	-28.801304239770126
69.56	-28.093986654140274
69.57000000000001	-25.354941729125102
69.58	-31.465020372072022
69.59	-26.393593553253407
69.60000000000001	-27.61877154344773
69.61	-25.76579864304794
69.62	-31.17240187102725
69.63	-30.16327126875028
69.64	-32.34453294708653
69.65	-32.51551824490669
69.66	-26.943241248116045
69.67	-22.42638917440522
69.68	-17.38561411710757
69.69	-15.799390969402607
69.7	-15.272168608031114
69.71000000000001	-14.241910451785317
69.72	-15.29707977831431
69.73	-13.253156202439705
69.74	-10.702460310176207
69.75	-10.645962682296974
69.76	-9.18736138904119
69.77	-8.206488123470573
69.78	-8.827222605435148
69.79	-16.39854678094618
69.8	-17.951191705714592
69.81	-14.956646104981779
69.82000000000001	-13.541697517629334
69.83	-15.735493794533639
69.84	-26.90515106766535
69.85000000000001	-24.72122970164122
69.86	-19.027979939313653
69.87	-16.76619315163781
69.88	-15.578871971147016
69.89	-18.643106751026394
69.9	-23.774789478092817
69.91	-19.493434273620796
69.92	-23.98103730532554
69.93	-24.70447782633282
69.94	-27.215656743735103
69.95	-22.117997958387086
69.96000000000001	-18.014067413943152
69.97	-20.277392637637767
69.98	-18.158255090835993
69.99	-20.058830701873067
70.0	-23.704273330286494
70.01	-20.138940039030366
70.02	-17.515988849153768
70.03	-13.678297124727377
70.04	-11.035453315116706
70.05	-10.193900644031176
70.06	-9.925550225786186
70.07000000000001	-7.239236547461398
70.08	-5.911685902296104
70.09	-7.438950895273467
70.10000000000001	-6.920129983185673
70.11	-8.182444508522346
70.12	-7.365571527215058
70.13	-9.113528873007034
70.14	-12.959858232434854
70.15	-10.878462701142896
70.16	-14.83461236874689
70.17	-13.608769598331573
70.18	-14.912316919225713
70.19	-12.913490799596836
70.2	-12.630828244602702
70.21000000000001	-13.668108787679733
70.22	-13.581742927287591
70.23	-11.739400951294638
70.24	-11.977183934688215
70.25	-16.727271603643473
70.26	-17.498470514451423
70.27	-17.70229286590678
70.28	-18.80730202547057
70.29	-18.191643883875507
70.3	-17.983394039977313
70.31	-18.679212484224692
70.32000000000001	-17.07223774445458
70.33	-22.203022219243078
70.34	-20.332421434935785
70.35000000000001	-18.78617960803024
70.36	-14.37630881248881
70.37	-14.091575768153321
70.38	-13.88424053408939
70.39	-19.97336078743529
70.4	-20.29074334782331
70.41	-20.011673558241114
70.42	-25.386932292886442
70.43	-24.8276104440332
70.44	-26.247759781487023
70.45	-24.489581569955842
70.46000000000001	-20.797852574941487
70.47	-26.139584180338073
70.48	-31.80595061548705
70.49	-28.32459102493874
70.5	-26.18406259780916
70.51	-22.137675136977563
70.52	-26.945541948170984
70.53	-21.908732923640155
70.54	-24.982938553219647
70.55	-22.369973158055878
70.56	-18.18690976853639
70.57000000000001	-15.621861617114586
70.58	-13.742241698318972
70.59	-15.41625785110746
70.60000000000001	-12.24591693049655
70.61	-16.893669083008586
70.62	-20.076594394526886
70.63	-17.22912104979732
70.64	-16.908327745400083
70.65	-24.03861746961624
70.66	-19.2493982473085
70.67	-19.605642079663877
70.68	-21.906902722826057
70.69	-33.59740451060388
70.7	-28.688697855500152
70.71000000000001	-31.807225018677862
70.72	-28.32896434992511
70.73	-31.840276661160548
70.74	-28.608678381315187
70.75	-23.48499078348112
70.76	-20.158752933492107
70.77	-18.014971303929798
70.78	-25.158640080865357
70.79	-25.451328446999785
70.8	-30.847219331047
70.81	-26.21966553646025
70.82000000000001	-22.037713169811123
70.83	-24.167378697397425
70.84	-27.219952359308525
70.85000000000001	-30.415847104693164
70.86	-27.247150870220846
70.87	-29.71495214283942
70.88	-23.404806681223043
70.89	-22.95623742189246
70.9	-19.532113053201957
70.91	-16.390398946461872
70.92	-15.08239773221662
70.93	-17.27092972912253
70.94	-17.322448271991576
70.95	-14.180268872369654
70.96000000000001	-12.263530948950082
70.97	-10.50753850150666
70.98	-8.282081209913276
70.99	-7.364168461591771
71.0	-8.90309412188176
71.01	-10.016840927314911
71.02	-10.763070183441389
71.03	-12.158299722215657
71.04	-13.175275458642787
71.05	-17.429994965672222
71.06	-16.115840504250876
71.07000000000001	-19.065099941996344
71.08	-17.989896965130104
71.09	-22.723391033667273
71.10000000000001	-17.79943502759438
71.11	-18.11286290030038
71.12	-18.849796702466318
71.13	-24.527979212755245
71.14	-20.881955888855785
71.15	-18.136304541503357
71.16	-18.93038603882471
71.17	-18.81421691776726
71.18	-20.634368646936785
71.19	-19.76807371748861
71.2	-17.650199381833886
71.21000000000001	-23.475990220651795
71.22	-23.371971122960254
71.23	-18.728458498097257
71.24	-20.545969905284263
71.25	-18.87689726085629
71.26	-19.233137318992355
71.27	-18.372553126090136
71.28	-20.69158610528279
71.29	-18.58415891373239
71.3	-24.049878466761683
71.31	-30.849741634414194
71.32000000000001	-25.073782371485787
71.33	-24.051692029410948
71.34	-24.635969433410885
71.35000000000001	-28.004720606047858
71.36	-21.52081148547877
71.37	-19.455687699937567
71.38	-16.58250794392466
71.39	-14.857170197666663
71.4	-26.087063810669353
71.41	-21.41290710709612
71.42	-21.72672498498663
71.43	-24.32612859116121
71.44	-23.91319281419142
71.45	-25.66656946757113
71.46000000000001	-25.071627878330343
71.47	-20.09706235774315
71.48	-18.956505962651555
71.49	-24.489983646396585
71.5	-25.593654984570655
71.51	-22.017659417168804
71.52	-25.77822055292067
71.53	-22.68931005890739
71.54	-26.557432026666056
71.55	-25.950723028294806
71.56	-25.374877948795454
71.57000000000001	-28.152176670347263
71.58	-30.134506003786473
71.59	-29.482996336422627
71.60000000000001	-31.340678963268935
71.61	-27.71258028123833
71.62	-27.75495242207419
71.63	-28.74706392362613
71.64	-24.603408539090815
71.65	-25.564823258673364
71.66	-25.310983410061624
71.67	-20.682281346198405
71.68	-19.886681112818493
71.69	-26.85277962514572
71.7	-28.33498203137508
71.71000000000001	-27.3647072425225
71.72	-31.248340480003705
71.73	-35.183475354966596
71.74	-28.681437381428733
71.75	-28.98132607738081
71.76	-22.681706382046944
71.77	-20.185106051942935
71.78	-17.10634176563847
71.79	-20.94728707496007
71.8	-19.363635399070194
71.81	-28.42886298209327
71.82000000000001	-26.914867649842684
71.83	-25.907978721975226
71.84	-29.926923473616068
71.85000000000001	-27.457778166783548
71.86	-29.172450247564075
71.87	-31.15735519229011
71.88	-24.779872594075336
71.89	-24.61565129735931
71.9	-26.86642598146371
71.91	-36.451307014638594
71.92	-33.0688222620248
71.93	-31.126715306004208
71.94	-30.44034177797469
71.95	-31.891240729281403
71.96000000000001	-27.022185202575972
71.97	-27.728606751089153
71.98	-26.914780333334264
71.99	-32.90667340791956
72.0	-28.743278550392088
72.01	-30.586422199404087
72.02	-28.20422158069322
72.03	-22.517036702472403
72.04	-16.829851824251584
72.05	-14.991850168140036
72.06	-13.474214936488588
72.07000000000001	-13.187481328262324
72.08	-10.77237609026419
72.09	-9.446083480189364
72.10000000000001	-8.028568169986594
72.11	-6.596208071674941
72.12	-10.363862087505579
72.13	-12.281219377366696
72.14	-18.917884747182217
72.15	-26.876711532724524
72.16	-21.408615224227116
72.17	-23.87943934197569
72.18	-22.326029865173325
72.19	-29.766653023152283
72.2	-27.04562185740706
72.21000000000001	-25.38135919410052
72.22	-29.53933959305744
72.23	-28.202445657145272
72.24	-30.838158322124993
72.25	-28.691314865317253
72.26	-25.505902765193987
72.27	-30.33648172241196
72.28	-25.270518917580983
72.29	-20.979243081655557
72.3	-16.47446692441658
72.31	-14.371704122716075
72.32000000000001	-28.491245468162166
72.33	-36.05785054853852
72.34	-34.37996631334635
72.35000000000001	-28.60462503880875
72.36	-25.947831634776986
72.37	-28.04498459851916
72.38	-24.641126535801238
72.39	-20.36286882221326
72.4	-21.27747331014797
72.41	-21.03522838222241
72.42	-21.470536434818115
72.43	-24.443585926475286
72.44	-23.895087650068444
72.45	-22.87821912004392
72.46000000000001	-25.694366433468307
72.47	-21.10454511618334
72.48	-19.744196038735705
72.49	-19.057135107348767
72.5	-15.692131339082884
72.51	-15.908893942078874
72.52	-13.059223483603256
72.53	-13.47567725337485
72.54	-14.5108115783947
72.55	-12.536260811307944
72.56	-12.876543612138118
72.57000000000001	-18.70949679332033
72.58	-20.8059207410876
72.59	-20.965000282416348
72.60000000000001	-31.044483832069208
72.61	-26.964782139996327
72.62	-24.804713107225936
72.63	-36.181723876551054
72.64	-29.12609748083311
72.65	-26.420813372154694
72.66	-24.468404578708963
72.67	-22.244512518058674
72.68	-31.448713576309487
72.69	-35.88220980093782
72.7	-28.49693603749436
72.71000000000001	-22.135102880943336
72.72	-18.14907540285683
72.73	-23.148436291931606
72.74	-24.661476061507685
72.75	-21.68236194485097
72.76	-19.35783721705115
72.77	-17.807732707662353
72.78	-17.680648910934917
72.79	-21.711430743405085
72.8	-23.995726473827364
72.81	-25.382225036292706
72.82000000000001	-27.01822223151401
72.83	-27.359025708983513
72.84	-23.622662743686515
72.85000000000001	-22.400403929369514
72.86	-33.37476294800239
72.87	-36.98790179293786
72.88	-44.15015207513164
72.89	-40.13062952806289
72.9	-35.362330560551044
72.91	-28.139352573346653
72.92	-26.73797241553482
72.93	-27.759310334910772
72.94	-25.216569920822675
72.95	-23.229172441686625
72.96000000000001	-28.341918500004788
72.97	-25.591772291061112
72.98	-21.05625280347377
72.99	-24.060776679357456
73.0	-23.837912824190578
73.01	-25.816071691762126
73.02	-27.91446924792365
73.03	-31.444607216807658
73.04	-30.17393721053456
73.05	-25.549986761143703
73.06	-24.440552775884047
73.07000000000001	-21.95139296262404
73.08	-17.78691981970557
73.09	-16.58663046342374
73.10000000000001	-16.192867979418565
73.11	-16.4655792964781
73.12	-12.732832674678011
73.13	-9.703079289393743
73.14	-7.851978915335128
73.15	-4.75377410047882
73.16	-1.7487893375593262
73.17	-2.7457168308885396
73.18	-4.936283512448898
73.19	-6.470640021727484
73.2	-6.322511411747847
73.21000000000001	-8.031881970439473
73.22	-7.558316132726655
73.23	-7.353388043849559
73.24	-7.766465500879422
73.25	-18.32002574943571
73.26	-24.213023036690743
73.27	-19.789302661241987
73.28	-24.931993757882246
73.29	-27.53881448651436
73.3	-22.145601753987762
73.31	-22.650112278430306
73.32000000000001	-20.857350927841793
73.33	-20.85693156866626
73.34	-31.637945088130227
73.35000000000001	-30.782179947390773
73.36	-30.159006757020926
73.37	-23.381708460889783
73.38	-19.428941455790433
73.39	-16.54089727363772
73.4	-17.082239417590895
73.41	-18.16002708205558
73.42	-23.62882707310822
73.43	-24.922390917510352
73.44	-21.2023184663188
73.45	-22.93190330495471
73.46000000000001	-25.6178312647409
73.47	-33.818479967602265
73.48	-31.337486037332184
73.49	-34.19828404550518
73.5	-32.28394780131927
73.51	-34.907231485982486
73.52	-29.26938370667031
73.53	-30.01581460780441
73.54	-31.240749021939063
73.55	-35.9982014938372
73.56	-35.00286147675445
73.57000000000001	-28.027408125161536
73.58	-25.694812705961237
73.59	-20.806733925529823
73.60000000000001	-17.32166651779549
73.61	-14.756465557038958
73.62	-15.105954942188836
73.63	-14.076642205170822
73.64	-12.91967466251429
73.65	-14.78637197120153
73.66	-14.194646375664226
73.67	-12.443437338094412
73.68	-10.936101396355395
73.69	-14.381284216555901
73.7	-12.77599434269602
73.71000000000001	-12.035507075907478
73.72	-11.000081736925278
73.73	-12.042669957360616
73.74	-17.510392138403077
73.75	-19.051623586736117
73.76	-25.617366331000284
73.77	-28.50128169795491
73.78	-25.293303928710976
73.79	-26.498777451819794
73.8	-26.309482051605496
73.81	-20.978139473976064
73.82000000000001	-17.944342036387475
73.83	-17.42872345095156
73.84	-20.62734953170386
73.85000000000001	-27.11265337388731
73.86	-22.19826552003197
73.87	-20.89676978178777
73.88	-17.319434203297657
73.89	-15.027054661581358
73.9	-14.786282462494993
73.91	-14.690093400125415
73.92	-14.112439090752716
73.93	-15.976862268623822
73.94	-16.642595154428047
73.95	-17.26910195107485
73.96000000000001	-18.105726917911163
73.97	-18.96904042975784
73.98	-23.406178153738328
73.99	-25.08033641288042
74.0	-19.94337631204127
74.01	-14.806416211202121
74.02	-12.903550982006672
74.03	-11.104713983660083
74.04	-14.266255508193023
74.05	-16.805041398788966
74.06	-20.295926128323796
74.07000000000001	-23.177610847705832
74.08	-29.04414350664505
74.09	-24.660290961833475
74.10000000000001	-23.725132656281858
74.11	-25.476051460127806
74.12	-23.38181991263274
74.13	-22.717555144885733
74.14	-19.60451898049489
74.15	-20.72913867660426
74.16	-20.57082170456173
74.17	-17.743885489606146
74.18	-23.625839206384374
74.19	-22.83652268829581
74.2	-21.900571299032
74.21000000000001	-29.366533241697528
74.22	-24.89200379304662
74.23	-25.3178241856923
74.24	-20.34050631916034
74.25	-21.06654248808756
74.26	-21.690494788984903
74.27	-21.286722299609025
74.28	-21.611309025780916
74.29	-17.647307639251885
74.3	-16.444884360466848
74.31	-13.220636470176085
74.32000000000001	-11.803030712250992
74.33	-20.848995161979634
74.34	-23.897131841081183
74.35000000000001	-20.83015352298554
74.36	-17.234967771215672
74.37	-20.197615543775683
74.38	-21.309266485664576
74.39	-19.739066886051685
74.4	-20.081889458197487
74.41	-18.60124968075069
74.42	-27.66323308206454
74.43	-21.61705439049381
74.44	-19.422105465489967
74.45	-21.42490448503691
74.46000000000001	-20.137851717861352
74.47	-19.909261694816237
74.48	-17.902693813917246
74.49	-25.612744247786107
74.5	-28.715258186511555
74.51	-29.278243823625285
74.52	-31.631419199177238
74.53	-36.0937555715594
74.54	-28.921545336296226
74.55	-24.941172759614684
74.56	-24.752940637332546
74.57000000000001	-24.55516330808215
74.58	-29.266599667793127
74.59	-24.161304023604092
74.60000000000001	-24.854590650840912
74.61	-25.806419459864266
74.62	-25.493053675955963
74.63	-26.897379620179084
74.64	-25.07990827668255
74.65	-19.57549685862303
74.66	-18.869494777738602
74.67	-24.138341566259708
74.68	-22.53087274001388
74.69	-19.139633878581268
74.7	-23.30378580285355
74.71000000000001	-30.05444962390361
74.72	-25.645223832259372
74.73	-25.61160638368939
74.74	-28.371058456429914
74.75	-21.989052109323875
74.76	-19.69027647255052
74.77	-24.30707543021228
74.78	-19.59377227449687
74.79	-20.236713255905332
74.8	-21.20208487981379
74.81	-19.685133606199738
74.82000000000001	-24.395788105143243
74.83	-27.140552257204256
74.84	-23.511470476694434
74.85000000000001	-20.89870269298785
74.86	-26.460920730703364
74.87	-24.11767445122152
74.88	-20.079921771467006
74.89	-22.02441513381116
74.9	-24.978128440183326
74.91	-22.814060441849545
74.92	-29.426352269496515
74.93	-28.92393476561828
74.94	-29.44042965725729
74.95	-24.9976457911255
74.96000000000001	-23.430322713841335
74.97	-26.95241482163901
74.98	-20.74344335750297
74.99	-18.62396578590722
75.0	-16.19976468718549
75.01	-16.82825901576226
75.02	-13.074737818507641
75.03	-12.754484229023756
75.04	-17.040017822773084
75.05	-16.57235691321171
75.06	-17.934465991017156
75.07000000000001	-19.433097584508708
75.08	-19.639157153493272
75.09	-20.569811653262285
75.10000000000001	-15.959235350411001
75.11	-14.251307478011388
75.12	-13.79821350799368
75.13	-14.69762146767483
75.14	-19.62190983414532
75.15	-19.473270293136746
75.16	-16.500106345993593
75.17	-25.979990865106707
75.18	-23.50880253797697
75.19	-25.4240814470393
75.2	-33.89166338465597
75.21000000000001	-28.143917318631615
75.22	-37.21927578019146
75.23	-35.20293857235465
75.24	-33.87793392804321
75.25	-32.25177694673458
75.26	-41.79179812560182
75.27	-40.94799250242069
75.28	-36.457171635790374
75.29	-37.07202911056587
75.3	-37.16401681513002
75.31	-37.20979688626008
75.32000000000001	-32.159129419929265
75.33	-26.056295905219546
75.34	-22.36995020194283
75.35000000000001	-21.098536799256276
75.36	-17.772889073312424
75.37	-15.082701558751737
75.38	-16.387496551749397
75.39	-20.23834762234401
75.4	-21.074047755504534
75.41	-18.627527220302557
75.42	-19.310841109331815
75.43	-15.993975422270916
75.44	-14.936349023810388
75.45	-18.042735877387283
75.46000000000001	-28.743309846669746
75.47	-29.773677858718706
75.48	-30.44153235130089
75.49	-31.9750598973952
75.5	-25.56540949223716
75.51	-23.895032308001976
75.52	-19.717170761249083
75.53	-16.074662243027355
75.54	-17.297029829223934
75.55	-13.57134326785961
75.56	-10.798004527145505
75.57000000000001	-9.190009806727218
75.58	-7.662987895311767
75.59	-7.8033489931825635
75.60000000000001	-7.9866664232034354
75.61	-8.079101216046597
75.62	-12.840361006436174
75.63	-12.622627867746639
75.64	-12.172122827790394
75.65	-13.347117944180148
75.66	-21.472802410744485
75.67	-17.71715075052937
75.68	-17.769042226583217
75.69	-17.02782745176455
75.7	-16.780465787489753
75.71000000000001	-32.47893588254569
75.72	-32.641668167376416
75.73	-26.915988758661378
75.74	-22.264110198011
75.75	-21.722648276501573
75.76	-21.44120838641406
75.77	-29.14228940033552
75.78	-28.800997784257753
75.79	-32.379517543908676
75.8	-31.300419618614463
75.81	-34.21411268849179
75.82000000000001	-27.605135389198708
75.83	-30.712391684704222
75.84	-27.083195291513224
75.85000000000001	-24.7446626928849
75.86	-21.647088715446255
75.87	-23.871338121102184
75.88	-25.051767632916206
75.89	-21.628960015041663
75.9	-19.352578265061858
75.91	-22.254059762816958
75.92	-18.205371259071597
75.93	-20.50816878268516
75.94	-20.64147245066271
75.95	-20.935505009014175
75.96000000000001	-16.807675160663162
75.97	-15.638183361649013
75.98	-16.586910673723995
75.99	-20.79023306464589
76.0	-21.69165644630075
76.01	-25.127380095338754
76.02	-19.853317503161303
76.03	-18.615847689816803
76.04	-18.74547551659875
76.05	-16.663114069518596
76.06	-17.184235712720294
76.07000000000001	-20.10056742486741
76.08	-22.01414872049372
76.09	-20.775585917581466
76.10000000000001	-23.485786141130973
76.11	-23.40855140439079
76.12	-22.064731360187185
76.13	-17.954196481984088
76.14	-23.82030438784579
76.15	-22.602721769465035
76.16	-21.723926655135536
76.17	-18.71199696622367
76.18	-25.278371583079437
76.19	-19.741291413643417
76.2	-18.8410548828331
76.21000000000001	-19.499053941367208
76.22	-17.960714758616586
76.23	-24.4449432277977
76.24	-26.318410749793617
76.25	-26.330144475093377
76.26	-23.808554889402675
76.27	-26.489606890199667
76.28	-27.01962050328538
76.29	-28.096496567903795
76.3	-26.039294956043545
76.31	-33.302711687612316
76.32000000000001	-30.427403089907934
76.33	-28.55736476767476
76.34	-27.45312394814045
76.35000000000001	-22.443969084517835
76.36	-22.07488732975352
76.37	-18.02790594004149
76.38	-14.01850914906018
76.39	-13.285308317866196
76.4	-16.082053585258112
76.41	-16.753223789916124
76.42	-17.101449631137434
76.43	-13.40676488798452
76.44	-14.944452314741884
76.45	-14.655710142427973
76.46000000000001	-20.474858098558688
76.47	-25.579461158808375
76.48	-25.224440210317166
76.49	-19.946575935241825
76.5	-19.004185595736928
76.51	-16.521876533148525
76.52	-14.777019423750689
76.53	-14.320259950448898
76.54	-15.018279816032134
76.55	-16.444218149629574
76.56	-15.187477532493613
76.57000000000001	-16.44338389804953
76.58	-13.841433706189866
76.59	-12.767627964142916
76.60000000000001	-12.908061715980566
76.61	-11.296435522361174
76.62	-11.891966950046362
76.63	-12.872438950722255
76.64	-15.141918525539102
76.65	-20.156294856681566
76.66	-28.315099937827103
76.67	-29.724531933792576
76.68	-29.64128025219683
76.69	-28.408971043907705
76.7	-22.655287319892476
76.71000000000001	-26.2457256059329
76.72	-20.78924365347901
76.73	-19.10524502739497
76.74	-25.044322608451164
76.75	-22.798687271835103
76.76	-21.914549551679805
76.77	-21.862934355421196
76.78	-27.367828632425006
76.79	-26.49639373203699
76.8	-30.763750526420964
76.81	-25.54779505064228
76.82000000000001	-20.80061454318573
76.83	-18.27044469959148
76.84	-23.032098664868066
76.85000000000001	-29.135397213713443
76.86	-23.226265856362442
76.87	-20.166222704319694
76.88	-19.8336633203602
76.89	-19.708375420151906
76.9	-18.907946121666065
76.91	-19.015125275011695
76.92	-14.99292793270825
76.93	-12.19026225775217
76.94	-18.201749409834708
76.95	-17.889959169095583
76.96000000000001	-19.153066768587877
76.97	-19.514786434521174
76.98	-17.00226675535961
76.99	-14.578794169568267
77.0	-17.950859464720946
77.01	-22.6725773003948
77.02	-28.21929783305239
77.03	-28.25332586722806
77.04	-23.011424082113564
77.05	-27.39073679227871
77.06	-27.65823938768698
77.07000000000001	-21.54564129667168
77.08	-17.819102348655154
77.09	-14.653629142638854
77.10000000000001	-12.636449785771436
77.11	-13.890636734553269
77.12	-15.357391616120088
77.13	-13.186170824835843
77.14	-14.432266640867768
77.15	-15.952716236018833
77.16	-23.265015918524117
77.17	-22.197382800873445
77.18	-17.79158101125144
77.19	-15.9305233256707
77.2	-24.32255663287684
77.21000000000001	-24.19612758722745
77.22	-19.57302946175
77.23	-16.87961698162302
77.24	-16.267766226906243
77.25	-15.091755597418144
77.26	-20.32090557672699
77.27	-18.23501021789311
77.28	-16.722612053289474
77.29	-22.527534320615263
77.3	-21.69340875027639
77.31	-23.053243392579372
77.32000000000001	-24.427931213573213
77.33	-20.52304643717483
77.34	-16.17898303976622
77.35000000000001	-18.056571606059165
77.36	-18.815611092417758
77.37	-21.82104892081364
77.38	-22.30317699983871
77.39	-18.027510677950005
77.4	-24.667006636664855
77.41	-25.078239364294657
77.42	-24.416259786940458
77.43	-27.871032573086417
77.44	-23.176877844278426
77.45	-21.995519779213897
77.46000000000001	-21.86166138020321
77.47	-21.3772059184663
77.48	-18.21130328677442
77.49	-20.045777622945
77.5	-20.684613514148307
77.51	-19.77587700164637
77.52	-28.394358331498236
77.53	-27.310639614770075
77.54	-21.826286450886027
77.55	-21.803412934249344
77.56	-22.074398827849638
77.57000000000001	-27.721888525478146
77.58	-26.030464226485662
77.59	-23.049953601698004
77.60000000000001	-28.663781021138252
77.61	-23.76367487629441
77.62	-20.086150058107812
77.63	-27.449513191303957
77.64	-24.508103146683833
77.65	-19.258795669878896
77.66	-16.641899188022393
77.67	-14.206617372111838
77.68	-14.129329436546762
77.69	-12.07726908108114
77.7	-11.952885801033267
77.71000000000001	-13.90491188490834
77.72	-18.74693092096402
77.73	-23.755494324624756
77.74	-24.39033269763247
77.75	-23.91002488079863
77.76	-28.939095107316042
77.77	-28.804022294973166
77.78	-25.649996139124895
77.79	-26.106129684539848
77.8	-25.625658654114368
77.81	-32.01096633441179
77.82000000000001	-26.798042411702152
77.83	-24.635406611448758
77.84	-25.688076512766347
77.85000000000001	-22.745901398877855
77.86	-24.105278661910738
77.87	-28.431085924456408
77.88	-31.530455872029307
77.89	-28.821775661196316
77.9	-23.594277808829535
77.91	-24.712732914464407
77.92	-28.213170544133003
77.93	-25.027222239379984
77.94	-21.949080459188067
77.95	-24.349972488559402
77.96000000000001	-21.949016320546004
77.97	-26.67663635470035
77.98	-32.43287671556032
77.99	-32.520258938858525
78.0	-26.31292014392472
78.01	-21.66764246732683
78.02	-24.62809707364135
78.03	-21.050351195800193
78.04	-20.085864292663754
78.05	-26.854891656079552
78.06	-28.917688874590795
78.07000000000001	-24.419573905475946
78.08	-19.029251120145613
78.09	-15.203492725862247
78.10000000000001	-14.449093863357836
78.11	-11.599793856639694
78.12	-11.23027427892761
78.13	-13.084765190640805
78.14	-14.968431626122431
78.15	-16.212709951589417
78.16	-17.578037779308147
78.17	-14.377738750991425
78.18	-13.886453900870492
78.19	-16.719197733941524
78.2	-18.416042507616574
78.21000000000001	-19.556154825948813
78.22	-15.137748358228352
78.23	-13.182305291152792
78.24	-10.980242474238949
78.25	-10.056643420641517
78.26	-12.169657346469153
78.27	-20.380545370839858
78.28	-16.041622376604156
78.29	-15.625227260244827
78.3	-18.57194177395206
78.31	-16.589825111466862
78.32000000000001	-20.829049342424607
78.33	-17.197602817729628
78.34	-17.16402967564805
78.35000000000001	-30.05278630338861
78.36	-28.52518495259054
78.37	-28.028574118607096
78.38	-31.231218125983002
78.39	-26.79177386135041
78.4	-23.931533302386033
78.41	-21.22839940376617
78.42	-22.271335698693644
78.43	-24.9198898604473
78.44	-25.41048902006625
78.45	-26.681505932563358
78.46000000000001	-27.655340744189797
78.47	-30.07836274244102
78.48	-23.59444942059604
78.49	-20.27295378938299
78.5	-17.15336280690319
78.51	-14.64162710519558
78.52	-12.96376395373528
78.53	-10.857616180250863
78.54	-8.403810251870036
78.55	-11.286405807279056
78.56	-16.82288762475502
78.57000000000001	-14.817395825994225
78.58	-14.331403261478917
78.59	-14.175541184362924
78.60000000000001	-12.734657036266052
78.61	-14.658148478924938
78.62	-11.525456397067357
78.63	-9.339005780617208
78.64	-10.45074687846695
78.65	-11.922393150686153
78.66	-12.930227676110164
78.67	-16.31208389439063
78.68	-21.554596007858848
78.69	-21.17144422553202
78.7	-22.37942906110249
78.71000000000001	-20.924706135147115
78.72	-17.62752191365533
78.73	-23.2689826009264
78.74	-18.98653040440416
78.75	-17.543064488206507
78.76	-17.027860690099022
78.77	-20.767590773120894
78.78	-16.097209125255173
78.79	-15.830412304163728
78.8	-15.39293853911944
78.81	-14.161708936243471
78.82000000000001	-12.465286119652808
78.83	-10.95496634410213
78.84	-12.983033469776704
78.85000000000001	-11.650109316485398
78.86	-9.832286244069547
78.87	-10.398804606757166
78.88	-19.469982046428264
78.89	-16.70562519436716
78.9	-15.716500825227996
78.91	-14.085171005946581
78.92	-14.313256181883263
78.93	-21.627014937301194
78.94	-20.03933766574189
78.95	-19.97579653086474
78.96000000000001	-19.88703713998595
78.97	-22.51672695755179
78.98	-24.03646912757395
78.99	-18.703576528002536
79.0	-14.468146240143314
79.01	-10.941902607128528
79.02	-10.188300423695472
79.03	-13.530983627178044
79.04	-13.502028753218834
79.05	-15.298531688221432
79.06	-20.592078068856992
79.07000000000001	-17.227001549644378
79.08	-16.034329965979364
79.09	-13.356343952430965
79.10000000000001	-13.25485744663784
79.11	-13.780960389598247
79.12	-17.488494845961707
79.13	-16.97560817456726
79.14	-18.600997725786986
79.15	-22.36058728422013
79.16	-18.771483771414236
79.17	-25.23096438358198
79.18	-22.45158164015952
79.19	-20.02397749698538
79.2	-22.251883250339016
79.21000000000001	-21.055041710051192
79.22	-21.319879817718828
79.23	-19.26557487519518
79.24	-15.67936716329417
79.25	-13.15256511384792
79.26	-15.430625610850349
79.27	-24.604060350674526
79.28	-27.349326091574486
79.29	-26.589907987681705
79.3	-27.691941027649797
79.31	-21.79794455652862
79.32000000000001	-18.662325275822607
79.33	-20.15628878962285
79.34	-23.26524624185262
79.35000000000001	-22.9254267785684
79.36	-19.878172423766966
79.37	-19.904119482982278
79.38	-24.65712955288358
79.39	-20.911443877782524
79.4	-20.147996030490972
79.41	-22.605144925709826
79.42	-22.143629909646332
79.43	-24.504593271503822
79.44	-22.948055617557564
79.45	-20.618110864453413
79.46000000000001	-29.6090844205612
79.47	-28.00609045019054
79.48	-25.12778308685561
79.49	-34.52194736426425
79.5	-29.73325913531697
79.51	-24.976384705061783
79.52	-27.42100676369509
79.53	-24.625939360859917
79.54	-22.97901569773092
79.55	-20.01599696667652
79.56	-16.594790396538425
79.57000000000001	-16.85960981689973
79.58	-14.364996836095763
79.59	-19.48166222106408
79.60000000000001	-21.951747675832713
79.61	-21.812952136139543
79.62	-18.550333629614933
79.63	-18.100906529272027
79.64	-14.456519301143876
79.65	-14.142421142871505
79.66	-12.700033318636319
79.67	-19.747522853539508
79.68	-19.38036824011509
79.69	-19.66003289630248
79.7	-18.609298263382154
79.71000000000001	-19.334341422608933
79.72	-27.83225448041873
79.73	-43.20246717339509
79.74	-41.05466055430772
79.75	-33.80255844685482
79.76	-33.43554995524357
79.77	-28.567161960943622
79.78	-26.74753153219238
79.79	-23.996619752922157
79.8	-21.579673865320103
79.81	-19.58287699741226
79.82000000000001	-16.013106128861185
79.83	-13.347168611872915
79.84	-13.844386025335266
79.85000000000001	-14.356150648885778
79.86	-16.102569642742605
79.87	-12.626391044210783
79.88	-12.6037580528744
79.89	-17.228245880229593
79.9	-19.426364280416692
79.91	-24.83791803493829
79.92	-26.57276976619126
79.93	-24.101285338816787
79.94	-25.588382952038344
79.95	-20.63714403928712
79.96000000000001	-19.14807735931821
79.97	-16.132185202429305
79.98	-19.30189258607066
79.99	-15.657578718077582
80.0	-17.09103819782636
80.01	-14.963686526609951
80.02	-26.26632118500554
80.03	-27.716968863324144
80.04	-29.78232408195388
80.05	-32.029479664368644
80.06	-30.839453773946452
80.07000000000001	-29.381122193530015
80.08	-24.085494777956736
80.09	-30.784440910782497
80.10000000000001	-34.38606863759609
80.11	-31.468636051170726
80.12	-31.2600009353047
80.13	-31.918866191718614
80.14	-31.415066764190446
80.15	-27.307573990225137
80.16	-26.916699072219906
80.17	-28.807001519011425
80.18	-25.882862175247354
80.19	-25.651797832461153
80.2	-20.293967418808137
80.21000000000001	-18.34335436013843
80.22	-21.86910182036631
80.23	-20.220593341647348
80.24	-23.85379282339485
80.25	-23.73725420029249
80.26	-22.854392708022164
80.27	-20.07927785655606
80.28	-19.911369175327312
80.29	-17.591613773206046
80.3	-15.628271903351603
80.31	-16.280418878269003
80.32000000000001	-13.772936451778099
80.33	-16.800371032354516
80.34	-20.358375649993828
80.35000000000001	-15.968696027927528
80.36	-13.265204141867539
80.37	-11.907579409234105
80.38	-9.064578940592783
80.39	-5.714214480485444
80.4	-1.53543017181217
80.41	-2.48190765650391
80.42	-6.900496138419725
80.43	-9.440343624173137
80.44	-9.613471314744043
80.45	-8.009876698076376
80.46000000000001	-8.452858318398782
80.47	-8.838683246279201
80.48	-5.76222127493552
80.49	-8.42354389437004
80.5	-7.328629829294074
80.51	-8.802822497529696
80.52	-11.390259009568773
80.53	-18.55113838022099
80.54	-29.645543236494834
80.55	-24.628601423440607
80.56	-23.1954834923838
80.57000000000001	-26.399852548387923
80.58	-23.268881619117117
80.59	-21.997404323401422
80.60000000000001	-24.53158229344103
80.61	-28.549349722829486
80.62	-24.41402260192969
80.63	-28.283231722540172
80.64	-31.298032348024805
80.65	-29.12273542885351
80.66	-25.88980406651736
80.67	-20.937075853659266
80.68	-19.138115870247724
80.69	-20.511657726972803
80.7	-21.976118618322513
80.71000000000001	-19.025115917303506
80.72	-24.534842693422085
80.73	-27.11289900095136
80.74	-23.12244098751044
80.75	-27.69826300595153
80.76	-28.27448336371062
80.77	-24.449360361225903
80.78	-28.87148687933887
80.79	-28.121828187889626
80.8	-29.36354610898957
80.81	-24.259488154972715
80.82000000000001	-22.104196713380706
80.83	-20.490014741398877
80.84	-26.567071435404078
80.85000000000001	-26.956944645539995
80.86	-22.56994736623892
80.87	-19.18873130435847
80.88	-19.92987939469339
80.89	-16.20632056819333
80.9	-14.536538443066043
80.91	-17.177294393345257
80.92	-21.825408761714172
80.93	-18.183810470452652
80.94	-14.943632333344622
80.95	-12.725231191947707
80.96000000000001	-12.349703395391368
80.97	-21.434016232757205
80.98	-21.30600071761794
80.99	-20.388714201329257
81.0	-19.782155027898323
81.01	-18.875935665001368
81.02	-26.30857718954771
81.03	-22.038589013668872
81.04	-17.832197021208994
81.05	-15.537493216213456
81.06	-14.027400666675723
81.07000000000001	-10.495296285818702
81.08	-11.891572228645305
81.09	-21.41755898981549
81.10000000000001	-23.631170716932527
81.11	-26.233646375629107
81.12	-37.32149532688354
81.13	-31.827261853527894
81.14	-31.611266864154093
81.15	-28.920098424318315
81.16	-26.09525673035401
81.17	-23.104486319472937
81.18	-19.664555393305275
81.19	-25.05049879521086
81.2	-22.40238048408893
81.21000000000001	-21.327428213502362
81.22	-26.52860964088097
81.23	-22.73004306408046
81.24	-21.675918390321332
81.25	-21.059850400255364
81.26	-20.82704148891249
81.27	-22.9590629315579
81.28	-22.984645971783426
81.29	-23.691194722605438
81.3	-26.57722349054491
81.31	-24.34872989161554
81.32000000000001	-19.269428354762187
81.33	-18.464516255349892
81.34	-20.791817064537817
81.35000000000001	-19.465770673223183
81.36	-18.03064035094195
81.37	-15.488824674571736
81.38	-20.940515752860502
81.39	-16.771796247161156
81.4	-17.727425301311193
81.41	-19.833121668281738
81.42	-18.085255632289424
81.43	-23.70912844002838
81.44	-21.580919467769203
81.45	-16.66776925734669
81.46000000000001	-14.618629920228809
81.47	-12.184273914078895
81.48	-11.900841324875564
81.49	-12.56516261761743
81.5	-9.85943998012554
81.51	-9.94722478391464
81.52	-13.75739835604456
81.53	-16.31175562378808
81.54	-16.633705182038046
81.55	-14.442784424794779
81.56	-24.28149223680022
81.57000000000001	-22.94166659965554
81.58	-19.293954864152894
81.59	-25.012887382988833
81.60000000000001	-23.83195266304461
81.61	-21.934751435953707
81.62	-23.201462277841596
81.63	-27.018908759845665
81.64	-28.618590536532945
81.65	-29.34897387773133
81.66	-28.105229804048868
81.67	-28.77163971261743
81.68	-23.500850919473717
81.69	-25.600583764518436
81.7	-20.381989017538757
81.71000000000001	-18.217882143005603
81.72	-28.070569806870953
81.73	-28.74613148514618
81.74	-25.890794295746275
81.75	-31.0527248360335
81.76	-26.87180485041462
81.77	-24.3308824122624
81.78	-19.82915178938102
81.79	-22.04005283894136
81.8	-25.94246457466384
81.81	-34.639044335135694
81.82000000000001	-32.66344062969628
81.83	-25.47048153855096
81.84	-20.347905252462482
81.85000000000001	-18.10400433587011
81.86	-15.692731223259607
81.87	-13.224327331999774
81.88	-22.28675063065351
81.89	-19.448233601893726
81.9	-20.13744743864963
81.91	-15.73062194272689
81.92	-14.507184761687943
81.93	-19.504010808624876
81.94	-20.01291002655758
81.95	-20.660338506950666
81.96000000000001	-21.562542723025672
81.97	-20.685136523460322
81.98	-25.64317542492697
81.99	-21.830160903843247
82.0	-25.73013824571048
82.01	-20.727642866424134
82.02	-21.75675236290943
82.03	-22.98850708018251
82.04	-18.844769277937306
82.05	-14.684096535306507
82.06	-13.533059819805977
82.07000000000001	-16.946427202564298
82.08	-19.110581963969448
82.09	-16.11212502788269
82.10000000000001	-13.199390560838891
82.11	-11.773503853374969
82.12	-19.381881708939922
82.13	-17.29793384933717
82.14	-15.239340668964003
82.15	-15.699810131230505
82.16	-15.469356078972822
82.17	-13.504265577077541
82.18	-20.571586412804315
82.19	-23.679045849655026
82.2	-23.460597899326476
82.21000000000001	-21.989887346386304
82.22	-18.4281330721399
82.23	-17.72812773991468
82.24	-22.366628797143772
82.25	-25.22268423395908
82.26	-35.34094994899253
82.27	-31.152668393318695
82.28	-25.394610914823424
82.29	-21.805964742466134
82.3	-17.352400626115518
82.31	-15.801471831102424
82.32000000000001	-26.70721548317753
82.33	-31.153128157948117
82.34	-28.18943198966278
82.35000000000001	-26.234586879060853
82.36	-28.58126272495805
82.37	-26.830177927290585
82.38	-23.5121463777789
82.39	-19.263277422456756
82.4	-22.19198754209845
82.41	-21.948011264890553
82.42	-20.956260702112314
82.43	-21.142205577610497
82.44	-19.987941804518286
82.45	-21.588073603412575
82.46000000000001	-27.97620616384363
82.47	-28.12963600075451
82.48	-21.79946830363414
82.49	-21.024993173876002
82.5	-22.835380543466023
82.51	-23.13183241102672
82.52	-20.551959108237806
82.53	-30.549422034623138
82.54	-28.273663446053337
82.55	-26.885488856762404
82.56	-24.088513020936563
82.57000000000001	-20.10536171011535
82.58	-19.0924738625798
82.59	-15.798028243431522
82.60000000000001	-18.973943616103245
82.61	-25.29322436064154
82.62	-24.82669510803653
82.63	-24.231966645867296
82.64	-19.775959891695102
82.65	-15.836137352735399
82.66	-18.661182149255342
82.67	-19.363950029405157
82.68	-18.27748285312285
82.69	-20.50600132028713
82.7	-19.475151196254206
82.71000000000001	-17.254958440867348
82.72	-16.88184042448701
82.73	-20.429379796361737
82.74	-22.482503767122164
82.75	-23.045332886878914
82.76	-19.19922827361694
82.77	-23.20777898827099
82.78	-33.62575755649844
82.79	-30.83390637582256
82.8	-30.329134168612132
82.81	-32.32944411648504
82.82000000000001	-32.182239566865235
82.83	-32.09915599963509
82.84	-33.798225193529866
82.85000000000001	-28.951112615677204
82.86	-24.518900177083673
82.87	-20.73762323246237
82.88	-17.093624308455126
82.89	-13.48820549913794
82.9	-13.130115395528037
82.91	-14.958870598552638
82.92	-23.12183192654517
82.93	-22.96123317214343
82.94	-19.257625673997005
82.95	-25.97558929668413
82.96000000000001	-27.44990311492163
82.97	-31.880998194535213
82.98	-35.03695925901085
82.99	-34.96284933518639
83.0	-32.017428689666346
83.01	-25.843705906943235
83.02	-22.381750542207758
83.03	-20.04157424100227
83.04	-19.400655831531342
83.05	-21.308245227887312
83.06	-21.39899691717894
83.07000000000001	-28.4723350424118
83.08	-33.054073648584456
83.09	-33.79688949440227
83.10000000000001	-29.262599832940097
83.11	-24.106907607439144
83.12	-25.144154366001192
83.13	-26.04324429311151
83.14	-23.370968902953766
83.15	-24.393652642150634
83.16	-26.353422201324765
83.17	-27.59452623626843
83.18	-27.801922563065666
83.19	-23.89426557241879
83.2	-23.34987495940369
83.21000000000001	-24.99984450740041
83.22	-23.80989631020879
83.23	-24.33883194545436
83.24	-20.41907416464826
83.25	-17.099553792545
83.26	-16.851375104009296
83.27	-18.96725196058465
83.28	-18.041869387839245
83.29	-16.268075222413636
83.3	-12.541661693372358
83.31	-10.296503012688754
83.32000000000001	-9.211789516840787
83.33	-15.584172899859315
83.34	-25.162063606854165
83.35000000000001	-23.300230490612957
83.36	-25.85349422015238
83.37	-30.273583962247226
83.38	-30.752848045975593
83.39	-28.8162872438377
83.4	-24.937942567790085
83.41	-21.08502996886735
83.42	-32.71081856675912
83.43	-31.397401238547165
83.44	-25.577019862274735
83.45	-26.113952378996636
83.46000000000001	-26.503358499165603
83.47	-25.358117017380632
83.48	-31.068866750325242
83.49	-25.538017251149416
83.5	-21.81080121894326
83.51	-28.447648324678884
83.52	-33.980778897166154
83.53	-35.64200747459285
83.54	-28.93896033002697
83.55	-24.889583591378813
83.56	-31.255564630060473
83.57000000000001	-27.594558694205798
83.58	-32.07961479221563
83.59	-34.34057618360289
83.60000000000001	-32.335339361207815
83.61	-29.379249622645485
83.62	-37.94212793047664
83.63	-37.9305406648258
83.64	-34.94940145636387
83.65	-28.765811453222383
83.66	-25.079194624433697
83.67	-22.1070424763552
83.68	-20.89661117064051
83.69	-21.934875227868254
83.7	-20.993430858868276
83.71000000000001	-21.190852869702038
83.72	-21.889698592949458
83.73	-20.19868607688764
83.74	-18.93187182912699
83.75	-18.00056439625046
83.76	-20.857810744868992
83.77	-20.565636635013078
83.78	-17.799348863301528
83.79	-15.791617246746284
83.8	-18.323704095591353
83.81	-29.172789646021833
83.82000000000001	-31.320630489763296
83.83	-32.284857255460494
83.84	-25.88361266602153
83.85000000000001	-22.29388082452839
83.86	-18.36852663801131
83.87	-15.609377879733447
83.88	-16.69348901815352
83.89	-18.8310123728189
83.9	-21.336588832689525
83.91	-18.88598705707328
83.92	-17.25678131540837
83.93	-17.93741071511084
83.94	-19.625260008931708
83.95	-22.740903461292657
83.96000000000001	-27.040713045654496
83.97	-27.9379294119715
83.98	-36.24531980139813
83.99	-36.156874481570455
84.0	-32.480651596181424
84.01	-27.58400666488225
84.02	-33.50205202984834
84.03	-39.38956342451153
84.04	-35.82838824652626
84.05	-30.04277795548077
84.06	-37.578905909359946
84.07000000000001	-29.418880340606187
84.08	-24.165652490450647
84.09	-22.004255605177015
84.10000000000001	-26.769088554355843
84.11	-21.64328692226437
84.12	-18.207534086128845
84.13	-22.225670447026577
84.14	-27.74817728372175
84.15	-28.58707186985656
84.16	-31.264880094398986
84.17	-31.47193093123366
84.18	-31.473213628684086
84.19	-25.52031294929249
84.2	-23.005553662496606
84.21000000000001	-24.158692593911617
84.22	-33.109630413710704
84.23	-32.128501653674874
84.24	-26.06261897074589
84.25	-21.878552103698844
84.26	-19.500310888947837
84.27	-21.212939920123684
84.28	-21.213902728911904
84.29	-26.797364448226052
84.3	-23.283295438509864
84.31	-19.707812140355752
84.32000000000001	-18.682757477834656
84.33	-22.29162512528912
84.34	-21.1271933160434
84.35000000000001	-22.75762532431684
84.36	-26.43989260576057
84.37	-24.014055306321083
84.38	-29.40925543713538
84.39	-28.486924534924395
84.4	-23.29969134240788
84.41	-21.476879199880134
84.42	-21.16143360109316
84.43	-23.21260895239038
84.44	-31.608830263918165
84.45	-30.13329703398923
84.46000000000001	-23.345681545078605
84.47	-19.295379389624173
84.48	-22.257601931328704
84.49	-20.233666426558262
84.5	-23.67506762333966
84.51	-26.34435926439472
84.52	-24.642538670177032
84.53	-26.67891124186131
84.54	-26.256490557541696
84.55	-26.895803457791068
84.56	-22.19193794001057
84.57000000000001	-19.122411369431312
84.58	-14.886431305898173
84.59	-13.683663696485645
84.60000000000001	-12.526432414001231
84.61	-15.390559978772798
84.62	-14.51792863183637
84.63	-11.283124107761148
84.64	-14.138819164127614
84.65	-13.1017336327528
84.66	-11.584239771863704
84.67	-8.441336968078373
84.68	-6.417770045445657
84.69	-7.178754854692408
84.7	-10.878736811132907
84.71000000000001	-12.78198432676246
84.72	-23.807535249945058
84.73	-23.43558682104991
84.74	-20.695964320039586
84.75	-20.85528670154712
84.76	-30.68764975426948
84.77	-24.886448139830723
84.78	-20.547398305797394
84.79	-18.31268120970326
84.8	-16.411389646669686
84.81	-15.486739705966219
84.82000000000001	-13.451474394394632
84.83	-17.849066931871384
84.84	-20.084307912672283
84.85000000000001	-24.31665279984318
84.86	-28.27806859738776
84.87	-26.094254601896974
84.88	-34.36934222088596
84.89	-28.064162794613914
84.9	-24.58673962133114
84.91	-21.56882168279286
84.92	-17.4814787045436
84.93	-17.86062264452305
84.94	-16.203738364856843
84.95	-14.892567600253605
84.96000000000001	-18.042801515901726
84.97	-24.966681417377607
84.98	-31.341503367012404
84.99	-29.113573879830277
85.0	-24.74399804765485
85.01	-25.133358998853712
85.02	-19.707400820150323
85.03	-18.045450764438872
85.04	-27.358347435306346
85.05	-32.76790038068681
85.06	-27.038036189659238
85.07000000000001	-27.864943383418513
85.08	-28.360792888700256
85.09	-24.7861704748874
85.10000000000001	-26.48418484674467
85.11	-35.65532086210273
85.12	-30.56104150983224
85.13	-29.15060813539353
85.14	-25.98966143660441
85.15	-23.83631711974976
85.16	-19.16654584052636
85.17	-15.936771055423677
85.18	-15.580078617072283
85.19	-15.016220195405522
85.2	-26.25644045756616
85.21000000000001	-25.488429624993746
85.22	-22.737615813314708
85.23	-28.934910880149403
85.24	-31.172035629066123
85.25	-30.406487916437037
85.26	-24.745434211720067
85.27	-21.586414242310774
85.28	-23.634514832717603
85.29	-18.788567171973
85.3	-16.4800435949398
85.31	-14.869682608731445
85.32000000000001	-20.693691619284646
85.33	-20.57653803080843
85.34	-21.48251170492552
85.35000000000001	-22.336443810250348
85.36	-22.9764443048555
85.37	-22.894788253034225
85.38	-20.10729870522019
85.39	-18.340300953211614
85.4	-16.578049835888635
85.41	-14.86423658872462
85.42	-16.679900773040508
85.43	-16.27218458531372
85.44	-25.063999803116864
85.45	-20.15114662645234
85.46000000000001	-20.44617529010871
85.47	-21.59826309553538
85.48	-18.697597144830173
85.49	-21.93913353132061
85.5	-25.969210309621293
85.51	-21.527135346637696
85.52	-25.254041200536754
85.53	-22.82488226517333
85.54	-25.435283063709043
85.55	-27.651387395373906
85.56	-32.45568250218525
85.57000000000001	-30.12662366046257
85.58	-27.2151954967623
85.59	-27.239775940380326
85.60000000000001	-25.374567386695773
85.61	-27.183906450393312
85.62	-23.50168137944775
85.63	-18.54101972808336
85.64	-16.95284144756784
85.65	-15.750676662861062
85.66	-16.896638670508572
85.67	-18.379934010983916
85.68	-15.749232453992224
85.69	-13.377179260405969
85.7	-22.089510772188177
85.71000000000001	-19.669918461908974
85.72	-15.167062696504411
85.73	-12.960545790322852
85.74	-11.664900588011282
85.75	-18.392640925702977
85.76	-22.234178795330017
85.77	-19.21053815737541
85.78	-16.831493917563716
85.79	-22.158578757499917
85.8	-22.308260700670235
85.81	-20.421905673250272
85.82000000000001	-21.557084748764964
85.83	-20.45594794310805
85.84	-21.32079662454792
85.85000000000001	-16.62586222226297
85.86	-15.350375833278003
85.87	-17.126098641602994
85.88	-17.301900266278032
85.89	-15.243206631818248
85.9	-14.287122210481037
85.91	-12.0578644848884
85.92	-9.530411094840218
85.93	-7.912191073355607
85.94	-9.224796177675822
85.95	-8.359594180709573
85.96000000000001	-10.342844090127578
85.97	-13.937028779374849
85.98	-15.03931303769992
85.99	-21.39533187273603
86.0	-24.049037284655235
86.01	-40.35703216675875
86.02	-31.665146275773647
86.03	-26.11010326123889
86.04	-24.694787715058194
86.05	-35.00763517068032
86.06	-35.58145299613655
86.07000000000001	-38.74884113556998
86.08	-30.670884015117405
86.09	-26.2292307322513
86.10000000000001	-28.427910258242775
86.11	-27.94863297754216
86.12	-32.70546900416715
86.13	-29.02117313477759
86.14	-25.478737042862686
86.15	-22.787020705168302
86.16	-23.96522092951239
86.17	-33.69041022356219
86.18	-28.21215430326895
86.19	-30.19819067267276
86.2	-24.598200832159616
86.21000000000001	-19.567448542462575
86.22	-16.8760536937158
86.23	-13.247699834070719
86.24	-15.035806887026686
86.25	-17.203116315823124
86.26	-18.218984792023427
86.27	-20.78083954730884
86.28	-21.614723374691568
86.29	-18.832298253204495
86.3	-17.994278803192422
86.31	-18.587068955502193
86.32000000000001	-29.519861858046887
86.33	-31.36728872012079
86.34	-31.44855238145802
86.35000000000001	-27.945416625776762
86.36	-25.09373271329914
86.37	-23.642594638805498
86.38	-25.20640007900031
86.39	-22.301847018760593
86.4	-19.079579971182355
86.41	-25.08164722012535
86.42	-23.14833469808568
86.43	-21.014526933425525
86.44	-17.43701700791599
86.45	-17.55796192366045
86.46000000000001	-18.515101716105487
86.47	-17.751099317959902
86.48	-14.173665944862552
86.49	-13.343653088702487
86.5	-14.536749663003002
86.51	-24.96359198637052
86.52	-27.66579500261286
86.53	-33.85846958990171
86.54	-32.187590659528105
86.55	-34.37933449617265
86.56	-26.708259722200886
86.57000000000001	-22.04819339420713
86.58	-22.301327803466698
86.59	-22.31390386734105
86.60000000000001	-19.66394195356221
86.61	-26.599488824776657
86.62	-21.779182804691445
86.63	-24.13508869246251
86.64	-21.732318274642527
86.65	-18.470346688732217
86.66	-21.925293632177468
86.67	-20.244604030072114
86.68	-17.432289898635695
86.69	-16.562132454439233
86.7	-15.504693876735132
86.71000000000001	-14.312712394160188
86.72	-12.70120450026661
86.73	-16.064341052518643
86.74	-15.958015993839494
86.75	-15.253542876421989
86.76	-18.57636958132509
86.77	-19.524164622977906
86.78	-19.581082240628213
86.79	-19.898627224717
86.8	-26.56684738859586
86.81	-29.153571915009234
86.82000000000001	-24.51663991145743
86.83	-23.389302240587
86.84	-30.73721843190491
86.85000000000001	-26.65464239894533
86.86	-24.67011408624961
86.87	-20.445637847330733
86.88	-22.14796998149764
86.89	-18.12667307523629
86.9	-15.194758650267874
86.91	-13.25850328177298
86.92	-10.75805890744992
86.93	-10.590029127995066
86.94	-13.45082544268285
86.95	-13.618343689948475
86.96000000000001	-15.500986217379758
86.97	-20.867691220729288
86.98	-25.52930026651924
86.99	-23.935632178216498
87.0	-27.83703846428191
87.01	-23.679783968790915
87.02	-30.380308820777625
87.03	-23.778287796683774
87.04	-19.670845257420147
87.05	-25.63529573843132
87.06	-26.93428045843267
87.07000000000001	-29.973392692473876
87.08	-30.288609837023742
87.09	-26.83428145465417
87.10000000000001	-24.251757177023567
87.11	-20.934494283051517
87.12	-20.192964646239034
87.13	-15.803951191866076
87.14	-13.092372131659586
87.15	-11.56258968239178
87.16	-17.958130755189085
87.17	-14.056462593640457
87.18	-12.45144833873259
87.19	-12.69444349182432
87.2	-14.386738714697447
87.21000000000001	-18.330869018159014
87.22	-14.310128389600779
87.23	-13.9814226655079
87.24	-18.44550290132478
87.25	-15.697378479899353
87.26	-16.41314989210902
87.27	-18.6843977622842
87.28	-27.79994375507247
87.29	-35.779426170997304
87.3	-29.448527720150693
87.31	-29.861140679814582
87.32000000000001	-31.07867593144368
87.33	-25.32697935805933
87.34	-25.20616573845339
87.35000000000001	-33.581894945841015
87.36	-28.835717442128278
87.37	-26.88629129270216
87.38	-25.61130500996532
87.39	-21.522966589827956
87.4	-20.651398825343637
87.41	-18.728959021460913
87.42	-17.43901091919528
87.43	-17.311886612530163
87.44	-17.30307881445641
87.45	-17.03749661246275
87.46000000000001	-16.405945949771507
87.47	-22.70852933454992
87.48	-17.76512166343648
87.49	-15.778238334143854
87.5	-17.10363291755151
87.51	-27.63847937064047
87.52	-28.926082530794485
87.53	-25.940102612086367
87.54	-23.768643178165007
87.55	-22.692855017484288
87.56	-19.554462005775616
87.57000000000001	-24.941368401253577
87.58	-20.3107487074034
87.59	-19.916802531816494
87.60000000000001	-17.88972196060516
87.61	-17.001833381520484
87.62	-19.890467996548374
87.63	-16.043288503791423
87.64	-15.433814273393525
87.65	-17.563581416931115
87.66	-15.150657671207082
87.67	-15.162188202484447
87.68	-14.885650079437196
87.69	-19.704995223134926
87.7	-21.813456151915776
87.71000000000001	-23.008552725921508
87.72	-22.772022132455472
87.73	-26.477838945893403
87.74	-29.773296741200298
87.75	-28.485445794857487
87.76	-28.987281327627013
87.77	-25.772427662213126
87.78	-28.82463349914337
87.79	-27.88233575101247
87.8	-32.331014561979444
87.81	-27.764639583759497
87.82000000000001	-24.283437655538023
87.83	-27.445489287721152
87.84	-27.664706907868606
87.85000000000001	-35.8816459842834
87.86	-33.56662342856733
87.87	-31.097851658495685
87.88	-27.96305000387536
87.89	-22.73681486881695
87.9	-20.4882243466652
87.91	-17.5019070673862
87.92	-17.313907449417723
87.93	-19.5958284756355
87.94	-24.151147733373488
87.95	-26.823252653783744
87.96000000000001	-34.36251007187258
87.97	-33.0221887466694
87.98	-26.87911202509344
87.99	-23.269380468703996
88.0	-20.15966697366124
88.01	-18.00768510330897
88.02	-17.879874805998146
88.03	-17.970515213420768
88.04	-17.062935310749598
88.05	-18.391535652011267
88.06	-20.61790030905658
88.07000000000001	-23.60567656147463
88.08	-21.940613572315595
88.09	-21.917261216450466
88.10000000000001	-19.02137081652294
88.11	-15.869546004909163
88.12	-15.898405452962965
88.13	-14.267333226404181
88.14	-14.034486184494229
88.15	-15.475084794560889
88.16	-24.0408684792054
88.17	-24.11457637885251
88.18	-25.033307323650067
88.19	-23.618021017551538
88.2	-24.805774139858087
88.21000000000001	-23.02398699341142
88.22	-19.519147134961333
88.23	-17.882152782650362
88.24	-16.39357680397192
88.25	-20.614836700212603
88.26	-17.224195404878003
88.27	-15.781105131231136
88.28	-17.78347932355486
88.29	-22.441766833301685
88.3	-18.759041409731847
88.31	-21.159790885490633
88.32000000000001	-23.445467025178697
88.33	-27.350320797943837
88.34	-26.094557306120105
88.35000000000001	-22.711473814354786
88.36	-23.755116610780394
88.37	-19.15986831886874
88.38	-24.250830645016222
88.39	-23.76081534871016
88.4	-25.047672826598347
88.41	-25.094915113111476
88.42	-25.403399548408498
88.43	-26.05695164640667
88.44	-28.586119977320486
88.45	-28.071867678198434
88.46000000000001	-23.719510037186208
88.47	-26.682291934070957
88.48	-22.91278812506529
88.49	-27.551147027258846
88.5	-21.92737523212232
88.51	-27.368261815705935
88.52	-28.19090990878466
88.53	-26.994411426496185
88.54	-31.82233739866438
88.55	-28.77278240937652
88.56	-27.430880382294045
88.57000000000001	-24.77722039260486
88.58	-21.154575854934283
88.59	-20.157550187911784
88.60000000000001	-27.9579838045602
88.61	-29.354392969486224
88.62	-25.565667409683606
88.63	-22.08538728773451
88.64	-19.792504941208907
88.65	-16.986201231295876
88.66	-19.393431535633457
88.67	-16.10808255888555
88.68	-23.417999181466755
88.69	-22.88266004115496
88.7	-27.687310496336554
88.71000000000001	-28.319026482941613
88.72	-22.501183546242554
88.73	-20.295457149925305
88.74	-19.985944802245058
88.75	-22.795371020019548
88.76	-24.789583113126863
88.77	-24.341824084480688
88.78	-31.68528262882779
88.79	-38.18907136338764
88.8	-33.061658342668075
88.81	-25.590461498044707
88.82000000000001	-21.129022259245076
88.83	-17.98378452904646
88.84	-18.33384298717251
88.85000000000001	-15.191713639052152
88.86	-17.194408464766664
88.87	-23.136596540078312
88.88	-18.78452727609551
88.89	-27.247185265305845
88.9	-30.215505663342842
88.91	-30.056639818052307
88.92	-24.182371724515367
88.93	-19.389112469077908
88.94	-19.63300376762529
88.95	-18.245887333992382
88.96000000000001	-14.357979913926378
88.97	-11.49939844115503
88.98	-12.991986394589617
88.99	-13.839315537103698
89.0	-11.672597451708064
89.01	-12.829007048193676
89.02	-15.142432280588618
89.03	-16.17896978890035
89.04	-17.052833683375024
89.05	-18.663193916618315
89.06	-19.95605872890221
89.07000000000001	-17.888288387133098
89.08	-18.074573646599216
89.09	-19.869348129694167
89.10000000000001	-19.21912779788675
89.11	-20.696631204024467
89.12	-24.66693488289863
89.13	-26.178737767207508
89.14	-22.832741498988742
89.15	-20.723854533260397
89.16	-24.356959053562335
89.17	-21.013073541571014
89.18	-20.44359607416888
89.19	-20.48341218017732
89.2	-28.24365911171055
89.21000000000001	-26.38401856771888
89.22	-24.321764173459016
89.23	-26.262399089910573
89.24	-25.852034045803865
89.25	-24.971164635758633
89.26	-21.759050413830494
89.27	-18.69407909342353
89.28	-15.989900841563754
89.29	-12.171307710876187
89.3	-8.965371761310164
89.31	-5.907141142584863
89.32000000000001	-6.902896618851759
89.33	-5.354983369967322
89.34	-8.268510533419171
89.35000000000001	-14.510695255161991
89.36	-13.574204671706736
89.37	-12.57103776700374
89.38	-13.420285482142116
89.39	-13.461741846507088
89.4	-12.249488807319402
89.41	-16.00965391599408
89.42	-25.62804935697554
89.43	-33.092321468600204
89.44	-28.495328404251204
89.45	-26.038844277963744
89.46000000000001	-24.261728817087928
89.47	-28.743547814014903
89.48	-25.677783359307504
89.49	-22.44400548502406
89.5	-22.68775124039316
89.51	-23.225094259873377
89.52	-21.84997564950727
89.53	-20.64867251525171
89.54	-21.98437300659305
89.55	-17.740126973148513
89.56	-20.765675390259663
89.57000000000001	-24.342539156816045
89.58	-26.45035084919575
89.59	-28.434580073321424
89.60000000000001	-29.019085399470786
89.61	-34.29120171877758
89.62	-41.598012031189114
89.63	-36.5640344089446
89.64	-31.795765496366826
89.65	-31.42089467083779
89.66	-40.058622528455366
89.67	-37.65783630684018
89.68	-33.143772416345584
89.69	-27.494968824394846
89.7	-21.507103946041884
89.71000000000001	-21.132385596045822
89.72	-17.4962793759175
89.73	-16.070007084144617
89.74	-13.0058048962077
89.75	-10.91698963946137
89.76	-22.36702174959805
89.77	-29.56405533663779
89.78	-32.218368958713626
89.79	-30.90802528750497
89.8	-26.592844609180307
89.81	-23.45120177051525
89.82000000000001	-27.733228936558923
89.83	-25.500499415564814
89.84	-20.91326762578564
89.85000000000001	-20.33634618042904
89.86	-19.89044895175363
89.87	-25.163307853210025
89.88	-20.081352438311974
89.89	-23.487040312535598
89.9	-27.06156021517828
89.91	-26.935093635140102
89.92	-27.664591307289804
89.93	-29.103130617131928
89.94	-23.95030933215801
89.95	-23.528771944695183
89.96000000000001	-18.421957685659542
89.97	-16.541996302431162
89.98	-16.55268237160396
89.99	-16.21802308390086
90.0	-18.25342799311096
90.01	-26.068464363871744
90.02	-27.33977612207085
90.03	-31.572821140058288
90.04	-29.79422828221102
90.05	-27.180229617534206
90.06	-27.01742090531597
90.07000000000001	-26.56379843539558
90.08	-21.845602452288805
90.09	-21.310701817729317
90.10000000000001	-21.455368713184622
90.11	-19.104689894546592
90.12	-17.930782168417927
90.13	-15.584590356223158
90.14	-23.970853273710052
90.15	-21.974787294392318
90.16	-29.06206377111485
90.17	-28.353439674123862
90.18	-23.14372224878253
90.19	-20.050080055332128
90.2	-16.440109088468844
90.21000000000001	-16.080972176346346
90.22	-16.761135794711294
90.23	-14.025633659181732
90.24	-12.92072456786067
90.25	-20.9033421102856
90.26	-22.31225914586729
90.27	-23.190840267738633
90.28	-18.780257522267103
90.29	-17.111498239641264
90.3	-15.479914343274972
90.31	-18.388657356315196
90.32000000000001	-15.830973084234987
90.33	-16.23465207306524
90.34	-14.084413706226995
90.35000000000001	-11.674173451425707
90.36	-9.526818264705994
90.37	-20.83575688621604
90.38	-39.202941565443155
90.39	-34.69499997619829
90.4	-29.975565796235934
90.41	-27.649291745795253
90.42	-22.356105890127463
90.43	-18.188981593649476
90.44	-17.375189410723657
90.45	-19.68503405760068
90.46000000000001	-18.395596280238976
90.47	-16.961208625715148
90.48	-17.231499821008402
90.49	-16.237962985245858
90.5	-23.55728421130647
90.51	-26.754582850181052
90.52	-24.204980991670805
90.53	-23.22563790972545
90.54	-20.2683482275255
90.55	-22.656079156244918
90.56	-23.40123836703227
90.57000000000001	-19.263257946547387
90.58	-18.241975019739808
90.59	-17.820704832187058
90.60000000000001	-18.838486580650304
90.61	-16.976831601256908
90.62	-15.143706889468964
90.63	-18.499814177884673
90.64	-21.686528800345243
90.65	-32.83593516587623
90.66	-30.491686513645647
90.67	-29.201844938324506
90.68	-24.905210722109242
90.69	-22.941873999199192
90.7	-20.103821710085352
90.71000000000001	-16.847965549965856
90.72	-22.105999866692585
90.73	-25.075781015830497
90.74	-23.60256422690664
90.75	-20.83975836173936
90.76	-18.521134493928166
90.77	-19.346098457527905
90.78	-24.711685694515705
90.79	-21.788875317699084
90.8	-24.857875266388607
90.81	-31.175772117490915
90.82000000000001	-29.179585738850736
90.83	-29.8568877089785
90.84	-24.23635852069707
90.85000000000001	-22.458373363462563
90.86	-22.687453962152624
90.87	-21.943060079733986
90.88	-23.64635816531232
90.89	-24.373533607694597
90.9	-23.364807394336495
90.91	-18.62109685150367
90.92	-16.19128819121838
90.93	-18.41257061441425
90.94	-21.657704938656394
90.95	-23.945800365727074
90.96000000000001	-30.84733416541861
90.97	-24.606760931843013
90.98	-23.785653775615074
90.99	-26.2876621153896
91.0	-33.495904955469456
91.01	-29.16752891365902
91.02	-24.391005540773545
91.03	-22.42108163538775
91.04	-18.022373440576875
91.05	-20.586460511784278
91.06	-27.38473729828268
91.07000000000001	-32.622651706207286
91.08	-28.639433845914837
91.09	-30.045627234958
91.10000000000001	-32.62115258437066
91.11	-34.51379299045867
91.12	-34.41587401379645
91.13	-27.058952511450073
91.14	-22.44724784872489
91.15	-24.19698212078705
91.16	-25.888349518735833
91.17	-20.79414838442759
91.18	-18.222743718652207
91.19	-22.8122975285015
91.2	-19.390279596184204
91.21000000000001	-23.115884369411724
91.22	-24.857566799534734
91.23	-20.420327173147257
91.24	-21.94710252699386
91.25	-17.439175374044016
91.26	-18.719099666802574
91.27	-23.94884344249496
91.28	-23.01697936808893
91.29	-25.351807695556786
91.3	-26.552954453756037
91.31	-22.37812588421401
91.32000000000001	-29.787537796444504
91.33	-29.940827166628296
91.34	-32.80409766927564
91.35000000000001	-26.113633512854452
91.36	-20.62254871555917
91.37	-19.006616953831227
91.38	-16.370884827480875
91.39	-15.438125630107384
91.4	-13.73087172670356
91.41	-14.633548851076238
91.42	-19.824250028013715
91.43	-15.838071613695686
91.44	-13.128385862916698
91.45	-16.516254216574524
91.46000000000001	-18.152822838103546
91.47	-23.99826820215703
91.48	-34.67546474657013
91.49	-30.982926377643484
91.5	-31.367746470047294
91.51	-43.498009480825296
91.52	-47.86385529851616
91.53	-41.47580648335073
91.54	-39.923968471994776
91.55	-40.488962547717534
91.56	-38.05099776353033
91.57000000000001	-32.30827962343776
91.58	-32.80672575268711
91.59	-33.35424891999176
91.60000000000001	-30.08158695501246
91.61	-29.197373431390478
91.62	-29.572432063684246
91.63	-26.707396425447982
91.64	-24.017990740238893
91.65	-21.40454132796182
91.66	-29.095323858376595
91.67	-26.615113260666046
91.68	-23.198391272246507
91.69	-19.803061910387825
91.7	-21.106052397995803
91.71000000000001	-25.212030728907987
91.72	-27.033451334256934
91.73	-26.707513249009985
91.74	-29.880203263153415
91.75	-24.79879907224524
91.76	-23.68333445953765
91.77	-19.646812142055644
91.78	-23.895560365719223
91.79	-18.70697356251529
91.8	-15.170475452484224
91.81	-16.316044764267655
91.82000000000001	-13.961354145448563
91.83	-20.656002229600436
91.84	-24.458007325854012
91.85000000000001	-25.206782498957487
91.86	-23.54300941618202
91.87	-24.664254734525652
91.88	-24.315959301984837
91.89	-23.108460763100847
91.9	-22.904451338505446
91.91	-20.277284788408377
91.92	-27.496755903540215
91.93	-33.263094172834954
91.94	-26.572999094674834
91.95	-23.178010763868603
91.96000000000001	-22.837806327663774
91.97	-20.260835898483926
91.98	-24.088123783509964
91.99	-22.904840193028768
92.0	-20.34696760825338
92.01	-21.230239081195762
92.02	-20.1027438116771
92.03	-29.0328240134211
92.04	-25.21939021951225
92.05	-20.27631780897428
92.06	-20.465234122523224
92.07000000000001	-17.914547454653416
92.08	-17.63370476260836
92.09	-14.458088229935838
92.10000000000001	-13.966302346370334
92.11	-12.289857912860588
92.12	-18.107902020904266
92.13	-16.928871294027697
92.14	-26.381169878303407
92.15	-24.336282066613062
92.16	-24.0738732597474
92.17	-20.119327205074313
92.18	-17.913419889947715
92.19	-15.120281896504373
92.2	-18.07213895195322
92.21000000000001	-15.982929757773901
92.22	-15.89412488651154
92.23	-18.87547954947405
92.24	-18.517445734483445
92.25	-14.844817502849306
92.26	-13.813076999301277
92.27	-12.987009305736215
92.28	-19.50905558497616
92.29	-18.755644430069005
92.3	-19.359403514374886
92.31	-18.624317994200936
92.32000000000001	-19.23664518646336
92.33	-24.491644213865175
92.34	-29.211365137472704
92.35000000000001	-25.64315706185989
92.36	-22.17867617798154
92.37	-20.149122997788908
92.38	-17.32075504804564
92.39	-13.325229139879454
92.4	-11.845130749993475
92.41	-10.833985259151637
92.42	-13.732415439874245
92.43	-19.398678129317176
92.44	-25.148332222732147
92.45	-22.11617772035303
92.46000000000001	-20.15178671469959
92.47	-21.06739960335419
92.48	-21.709456581677887
92.49	-20.000732576613924
92.5	-21.063124046472232
92.51	-20.01916889587972
92.52	-22.43676145684771
92.53	-30.609117367155978
92.54	-26.07606243434257
92.55	-23.733929447899172
92.56	-22.5690188510594
92.57000000000001	-25.50868102438199
92.58	-25.312193806653386
92.59	-21.980033705170424
92.60000000000001	-21.17543065620571
92.61	-22.050336142982903
92.62	-24.577494365665647
92.63	-22.56242244708298
92.64	-24.413477306444655
92.65	-22.235287834791556
92.66	-20.287402672029017
92.67	-23.41266170909576
92.68	-19.481365384247304
92.69	-27.054626895909202
92.7	-29.913885856429413
92.71000000000001	-24.27469409107052
92.72	-20.0945672854353
92.73	-22.64339014863211
92.74	-20.778073792428078
92.75	-20.464121802750295
92.76	-16.918901737889872
92.77	-14.019684236668203
92.78	-11.457765015651358
92.79	-12.255982983986152
92.8	-23.662663904925388
92.81	-28.76135782793664
92.82000000000001	-28.78362509639498
92.83	-28.76592363116809
92.84	-29.485118559801496
92.85000000000001	-25.59870242713609
92.86	-21.452029919672448
92.87	-21.736615310187275
92.88	-23.015641627366833
92.89	-20.668482262618003
92.9	-24.041753588529414
92.91	-20.17716589551686
92.92	-28.634092265524536
92.93	-24.45086189386701
92.94	-31.983111697296014
92.95	-30.634607350419127
92.96000000000001	-29.393023493094105
92.97	-23.808659913394568
92.98	-23.529831285317517
92.99	-23.61224382571687
93.0	-23.14144478184762
93.01	-22.89199282258979
93.02	-17.847485375444595
93.03	-15.243647140031864
93.04	-14.520107443154927
93.05	-17.40973664336873
93.06	-17.355030130369034
93.07000000000001	-19.49200886648677
93.08	-27.792382667365906
93.09	-27.913819677432453
93.10000000000001	-33.90782931144623
93.11	-28.078721512248062
93.12	-24.45771295623627
93.13	-23.12488082104037
93.14	-22.12839008300054
93.15	-20.64088957252383
93.16	-18.048202557574374
93.17	-19.251739848940012
93.18	-21.952697724012708
93.19	-21.568566331274198
93.2	-26.949401589059967
93.21000000000001	-27.091905214484925
93.22	-26.786686883233525
93.23	-25.532913907517138
93.24	-24.737406356468025
93.25	-25.669261389319068
93.26	-28.1530400597344
93.27	-27.425161160844443
93.28	-30.592827545941795
93.29	-25.139377077719164
93.3	-23.099377684700276
93.31	-24.589245334970418
93.32000000000001	-27.586571596037366
93.33	-25.018396372634097
93.34	-21.761042009697658
93.35000000000001	-20.568097399628282
93.36	-30.492708353151045
93.37	-28.082918662729277
93.38	-31.589214703799882
93.39	-37.84308472965075
93.4	-37.426461318082126
93.41	-35.80109447052068
93.42	-35.9126287640641
93.43	-35.95470199192775
93.44	-29.57635475867504
93.45	-25.84096639705779
93.46000000000001	-23.89980949060677
93.47	-24.320447637474086
93.48	-32.99038597564424
93.49	-36.36552602024971
93.5	-28.39328458776512
93.51	-23.5738229520059
93.52	-25.152551306900953
93.53	-25.17963752730451
93.54	-23.103460313668492
93.55	-26.192284955463784
93.56	-25.967630321938778
93.57000000000001	-24.486408060562074
93.58	-27.489438633765868
93.59	-26.396316917140403
93.60000000000001	-23.765635634999423
93.61	-20.140712209268173
93.62	-23.55170686095747
93.63	-22.83541216355253
93.64	-29.3608075416496
93.65	-32.38804271989293
93.66	-26.932230454438212
93.67	-24.1252609879764
93.68	-23.32805173283915
93.69	-28.39324852179974
93.7	-27.89606969585896
93.71000000000001	-23.367775812342686
93.72	-25.949752776856258
93.73	-20.348530542588016
93.74	-16.467820690543455
93.75	-17.39215834435112
93.76	-24.26350292648597
93.77	-22.301319918541274
93.78	-31.60561831943277
93.79	-24.990396191799007
93.8	-23.200423426170836
93.81	-29.12410803393401
93.82000000000001	-28.967914258649518
93.83	-27.57863181219592
93.84	-23.447854628379623
93.85000000000001	-18.63947117511517
93.86	-16.352423384306526
93.87	-21.511257170131127
93.88	-17.840356213473314
93.89	-14.643305257610544
93.9	-22.369857359724733
93.91	-18.008529347738893
93.92	-16.21227412739301
93.93	-15.509783045748566
93.94	-13.06261665505976
93.95	-15.476770663395278
93.96000000000001	-22.61784838900368
93.97	-27.824280005695076
93.98	-27.848049779444445
93.99	-25.18365321066143
94.0	-21.299300746453287
94.01	-21.354298965708608
94.02	-19.63942726343685
94.03	-18.149706091648834
94.04	-17.69348741017062
94.05	-18.352252937152528
94.06	-16.4817155353211
94.07000000000001	-15.806374289884127
94.08	-18.6106846386244
94.09	-18.006817283110717
94.10000000000001	-23.421657819325805
94.11	-20.33408511335288
94.12	-23.473178748507646
94.13	-22.667109337934114
94.14	-20.576027883144313
94.15	-20.954997234455586
94.16	-20.63650879072148
94.17	-23.09426145824453
94.18	-19.600840258498494
94.19	-16.49787564374513
94.2	-18.74582785778864
94.21000000000001	-22.58377127599399
94.22	-21.549409166680086
94.23	-19.417361784285088
94.24	-21.282761926625767
94.25	-20.876000705656732
94.26	-22.453932540154284
94.27	-19.545016359897346
94.28	-19.77594420007168
94.29	-16.820231920986007
94.3	-17.68633579531164
94.31	-17.760746206232483
94.32000000000001	-15.899426473922066
94.33	-18.87542428111342
94.34	-25.710727812204457
94.35000000000001	-28.393376114220242
94.36	-27.481090072084868
94.37	-25.444391217686817
94.38	-24.87745947598441
94.39	-25.917442828499617
94.4	-22.040205409163388
94.41	-20.722744437337262
94.42	-16.140937898022198
94.43	-16.122006912539135
94.44	-16.29561814273885
94.45	-24.041152769862418
94.46000000000001	-19.51778538924737
94.47	-21.128404809564064
94.48	-24.99710803798955
94.49	-27.38353157006191
94.5	-22.830682040725183
94.51	-27.674478107944974
94.52	-23.273195752866403
94.53	-22.703177439824994
94.54	-21.270965666495922
94.55	-20.50304093296214
94.56	-16.329510988065433
94.57000000000001	-15.47862400628167
94.58	-18.720215327194857
94.59	-23.778147115061348
94.60000000000001	-19.18242084823123
94.61	-14.586694581407635
94.62	-12.206852300236138
94.63	-10.675068041730514
94.64	-9.082719615317385
94.65	-10.173891957567971
94.66	-9.906456009301845
94.67	-8.318560373270172
94.68	-9.048713386579378
94.69	-10.150348315661928
94.7	-9.016884648332683
94.71000000000001	-17.232881782906922
94.72	-23.074452767256407
94.73	-34.2399726426409
94.74	-34.869488401617254
94.75	-32.487644162771424
94.76	-28.863145844671422
94.77	-31.565135244357034
94.78	-35.80070503383394
94.79	-27.982135707648908
94.8	-22.608566741088246
94.81	-18.413519768966964
94.82000000000001	-23.921003023661072
94.83	-22.341354885387506
94.84	-24.703008344293497
94.85000000000001	-19.535283313809177
94.86	-17.261505926173648
94.87	-28.22334257168026
94.88	-27.810089637899143
94.89	-28.50973807947664
94.9	-28.744426416076912
94.91	-28.24434399622963
94.92	-31.130991765145495
94.93	-31.66324009950975
94.94	-25.90170453648748
94.95	-27.75959443881322
94.96000000000001	-37.561158524036145
94.97	-35.35557899573791
94.98	-30.827007792029107
94.99	-27.783903165548406
95.0	-26.378625798396225
95.01	-33.53823274520856
95.02	-35.96626753780421
95.03	-39.46380711857173
95.04	-34.97823937402727
95.05	-37.00832685677908
95.06	-30.688039924728603
95.07000000000001	-31.707628147653217
95.08	-26.55554759549617
95.09	-32.00224676702997
95.10000000000001	-25.759515173974425
95.11	-19.516783580927736
95.12	-17.114647389716612
95.13	-15.32499893307354
95.14	-12.80755727602208
95.15	-18.76353492464518
95.16	-16.513804507435403
95.17	-18.340172944235974
95.18	-22.243441079617494
95.19	-21.862501923195904
95.2	-23.448571377672693
95.21000000000001	-22.503372170334888
95.22	-25.688154072401144
95.23	-21.180424362225992
95.24	-25.204644750794447
95.25	-25.729120983102533
95.26	-29.129392116739258
95.27	-26.375978952641155
95.28	-23.28528477996997
95.29	-20.09723671042333
95.3	-17.434510590859123
95.31	-18.257567996671124
95.32000000000001	-17.659871613021174
95.33	-16.220567394967585
95.34	-16.705071867592896
95.35000000000001	-16.85969116962735
95.36	-13.466214837326449
95.37	-10.92097563663246
95.38	-14.737953576861583
95.39	-13.737575055498484
95.4	-22.825879679901842
95.41	-23.01561547327424
95.42	-20.081072914418392
95.43	-29.412195611643682
95.44	-27.13860954905677
95.45	-22.888317861311496
95.46000000000001	-26.313969925028097
95.47	-27.381331527682825
95.48	-28.559795004266924
95.49	-23.275852838373957
95.5	-21.880618903202137
95.51	-19.146543202387928
95.52	-16.40257150426946
95.53	-20.074364338659052
95.54	-22.316162701109082
95.55	-18.661513222563
95.56	-15.594934125925489
95.57000000000001	-14.520208742099754
95.58	-11.529193675138343
95.59	-11.486641654838081
95.60000000000001	-12.44243568164666
95.61	-12.48059381122319
95.62	-27.55854209501448
95.63	-27.593272972272544
95.64	-23.857849215608642
95.65	-22.90336039230749
95.66	-22.08360982027899
95.67	-22.161059273051528
95.68	-24.126453213824874
95.69	-25.290756424249288
95.7	-28.95046844482495
95.71000000000001	-25.19391410514462
95.72	-33.28772635060213
95.73	-30.303761817107024
95.74000000000001	-30.331338006036436
95.75	-26.41226959138482
95.76	-36.4387272882976
95.77	-34.87559305654028
95.78	-31.889987874771432
95.79	-32.057559755701924
95.8	-32.010800210544616
95.81	-31.924309156310166
95.82000000000001	-31.21164659023052
95.83	-35.85598116578886
95.84	-34.91933162729462
95.85000000000001	-30.122459856591988
95.86	-25.85095576378747
95.87	-24.026750782461825
95.88	-32.28039813787558
95.89	-32.64393918163777
95.9	-28.953002571796294
95.91	-28.91236007582861
95.92	-25.15588626432543
95.93	-26.660042792106694
95.94	-26.4237448007907
95.95	-30.86662548718238
95.96000000000001	-30.017937475274408
95.97	-33.38648119420712
95.98	-28.443615654277462
95.99000000000001	-38.27873363063821
96.0	-33.63992247291206
96.01	-29.05215849563174
96.02	-24.391424975187547
96.03	-19.864131816174076
96.04	-21.836964086740938
96.05	-20.788882565823794
96.06	-20.37807124876169
96.07000000000001	-22.72608592745206
96.08	-18.80215583110809
96.09	-18.25332073145981
96.10000000000001	-17.93814770347124
96.11	-14.380973962626017
96.12	-11.536422289238693
96.13	-9.756959218145226
96.14	-15.10562753368732
96.15	-13.52837418982859
96.16	-13.429480073175277
96.17	-12.753003803564921
96.18	-15.687821572879834
96.19	-19.277668595090276
96.2	-19.446969922799507
96.21000000000001	-17.46415881841578
96.22	-14.29591905308123
96.23	-21.81584009172706
96.24000000000001	-18.076417054917982
96.25	-13.753456542017187
96.26	-11.119695990389152
96.27	-8.034499069317004
96.28	-6.502548241796077
96.29	-4.813175926945618
96.3	-3.2175032749864387
96.31	-2.813826879695548
96.32000000000001	-3.0025040650879555
96.33	-3.903775619173112
96.34	-4.447831138158438
96.35000000000001	-11.681263428228661
96.36	-11.27422566292175
96.37	-13.52017216773417
96.38	-17.900218794546262
96.39	-16.384738691356436
96.4	-20.95917952999765
96.41	-17.499942180878225
96.42	-16.475528377207745
96.43	-20.055093065869865
96.44	-23.012784559696616
96.45	-28.09501440453732
96.46000000000001	-33.9191806629989
96.47	-28.037462233113583
96.48	-25.926162482130653
96.49000000000001	-30.201407211551164
96.5	-32.79694728989444
96.51	-26.848663839754725
96.52	-22.68393874332202
96.53	-23.090776656120976
96.54	-22.219619450035676
96.55	-28.546382440819475
96.56	-27.157122393610944
96.57000000000001	-25.251761676808325
96.58	-25.995631609535046
96.59	-23.814449560620503
96.60000000000001	-26.817892015234882
96.61	-24.539458514334537
96.62	-22.660147674056955
96.63	-19.592695103665342
96.64	-19.749515119162897
96.65	-17.943904506400756
96.66	-19.176448431599407
96.67	-21.49793154382267
96.68	-27.342512653639822
96.69	-23.18171013300447
96.7	-20.46272063718214
96.71000000000001	-20.338312050993668
96.72	-25.151096608426442
96.73	-21.804733147244782
96.74000000000001	-18.860457869080506
96.75	-15.666273698178015
96.76	-14.804870951678256
96.77	-16.529552838096752
96.78	-17.44412145183069
96.79	-23.327322805638122
96.8	-18.430155046933127
96.81	-16.355764907822085
96.82000000000001	-16.460992246826887
96.83	-14.599942317180812
96.84	-14.787196664792567
96.85000000000001	-12.584498549664243
96.86	-10.514597790452468
96.87	-11.977539523695635
96.88	-18.407885871173168
96.89	-18.135379161760792
96.9	-21.568338781868523
96.91	-22.607412885611915
96.92	-22.507354617455892
96.93	-21.59538801249179
96.94	-19.1411524304072
96.95	-22.961467390177262
96.96000000000001	-23.517531020700222
96.97	-25.44387630364216
96.98	-26.784237218004172
96.99000000000001	-28.932221899830683
97.0	-24.20385999281216
97.01	-27.31197652815951
97.02	-33.571830351715285
97.03	-35.325435902883974
97.04	-33.45981944577084
97.05	-31.45169653756874
97.06	-26.87552925346957
97.07000000000001	-31.670797438584465
97.08	-32.78158866915506
97.09	-44.03833338296074
97.10000000000001	-35.32998027561919
97.11	-33.851139589215286
97.12	-27.215214263742187
97.13	-26.972479974697094
97.14	-22.466596364136336
97.15	-22.92265536007726
97.16	-21.9046951995442
97.17	-22.407786339327394
97.18	-20.58580983321618
97.19	-24.46462514387356
97.2	-22.534377676044766
97.21000000000001	-23.603052479854018
97.22	-19.053310189359213
97.23	-16.099948602447796
97.24000000000001	-20.352500117856778
97.25	-20.19544428392641
97.26	-26.534075983782877
97.27	-23.147483747843353
97.28	-22.195687813654768
97.29	-24.239424687139124
97.3	-30.187394160644953
97.31	-31.54008192691595
97.32000000000001	-31.469132298198513
97.33	-26.349052004442107
97.34	-22.594172240727048
97.35000000000001	-18.780752368692582
97.36	-16.15107387407888
97.37	-22.53930546774951
97.38	-18.57032741766669
97.39	-15.061831702898687
97.4	-15.917885088324972
97.41	-19.401177650216372
97.42	-17.97900010892465
97.43	-27.228067128245748
97.44	-26.014888631222625
97.45	-31.587749789534143
97.46000000000001	-25.86701224326954
97.47	-24.67274636629634
97.48	-24.92350304306386
97.49000000000001	-27.803073410745906
97.5	-24.87958988934567
97.51	-23.346250549629392
97.52	-23.280267042700572
97.53	-21.031714919523377
97.54	-24.198944391557806
97.55	-20.731789674798797
97.56	-29.766821008677294
97.57000000000001	-24.46229702300599
97.58	-21.63580389637492
97.59	-23.99453023701732
97.60000000000001	-19.76331402966405
97.61	-16.061544946770802
97.62	-14.622044112447718
97.63	-17.160719880070992
97.64	-21.055008254269392
97.65	-17.021476697405088
97.66	-15.323322057311858
97.67	-26.521143045638972
97.68	-29.015065353283042
97.69	-24.822729035562862
97.7	-22.045453995946637
97.71000000000001	-17.155659090870238
97.72	-17.06782941051127
97.73	-17.180081393238318
97.74000000000001	-14.924496532830101
97.75	-13.298643621765116
97.76	-15.06267657029815
97.77	-18.559329495370214
97.78	-17.654857387725695
97.79	-13.580242269432553
97.8	-11.300302224992553
97.81	-13.661111699461639
97.82000000000001	-16.546957914004665
97.83	-15.204622286717433
97.84	-16.625086737250893
97.85000000000001	-16.583541558730815
97.86	-17.146230544729907
97.87	-17.451148346264574
97.88	-19.559243631774997
97.89	-22.364149134449235
97.9	-19.847621285383706
97.91	-17.960479112042385
97.92	-14.12918021626144
97.93	-11.905965438506882
97.94	-12.05682961058167
97.95	-15.53688777828128
97.96000000000001	-18.197551795677583
97.97	-19.697139973296185
97.98	-31.195026687203097
97.99000000000001	-31.68081540255796
98.0	-24.720483007190747
98.01	-21.36469293067465
98.02	-19.49747813811594
98.03	-16.46622688859791
98.04	-16.147578824287116
98.05	-15.791048843013705
98.06	-14.086830244738001
98.07000000000001	-19.02725121965711
98.08	-18.585794454275533
98.09	-19.165779103774188
98.10000000000001	-19.495067501971473
98.11	-28.478582795736855
98.12	-33.58983814407546
98.13	-33.76580183571508
98.14	-35.56169970868576
98.15	-27.804253377829486
98.16	-22.64050273658347
98.17	-18.859215572769386
98.18	-18.51066802928651
98.19	-26.46804029480106
98.2	-27.014198703486766
98.21000000000001	-22.228782434177962
98.22	-24.463929399686126
98.23	-23.032374472649547
98.24000000000001	-18.37753304506909
98.25	-15.90030181506135
98.26	-15.38200255219626
98.27	-15.197076854625886
98.28	-22.51181120709132
98.29	-20.740072120586923
98.3	-23.2375438922192
98.31	-37.3732393821385
98.32000000000001	-34.531882657311506
98.33	-37.07885291300178
98.34	-36.18989561090247
98.35000000000001	-29.869969827754126
98.36	-29.907543802870325
98.37	-27.015756655264468
98.38	-29.96843940168287
98.39	-27.805556261449045
98.4	-24.657080227858067
98.41	-28.77326614110714
98.42	-23.112783568766503
98.43	-24.173013128432455
98.44	-20.597406435222467
98.45	-19.738075680903748
98.46000000000001	-18.348567235697633
98.47	-17.33909681670277
98.48	-18.492975341068426
98.49000000000001	-24.574132116345613
98.5	-25.11944857927631
98.51	-21.692975842377205
98.52	-23.293236260575856
98.53	-28.295989027022973
98.54	-30.160370016873006
98.55	-31.985080458546122
98.56	-32.87563854887738
98.57000000000001	-34.880262636503886
98.58	-28.539320702833276
98.59	-27.493678649451052
98.60000000000001	-24.776050546610325
98.61	-30.859380038581357
98.62	-28.788387444536554
98.63	-33.19295046453238
98.64	-26.548015180107186
98.65	-26.23010993919045
98.66	-30.156545648196794
98.67	-25.933403016281513
98.68	-29.318731300223618
98.69	-27.21520455173965
98.7	-23.890673694931433
98.71000000000001	-20.27770696424166
98.72	-18.961249576208726
98.73	-21.783114171633915
98.74000000000001	-21.624678140680874
98.75	-22.375847368210145
98.76	-23.055610822114126
98.77	-25.6651813309965
98.78	-29.2958641775681
98.79	-29.060255141137535
98.8	-24.591894228993283
98.81	-20.736012143681027
98.82000000000001	-21.35439797909075
98.83	-20.748747863545674
98.84	-20.06148572860062
98.85000000000001	-20.810553867990887
98.86	-18.111240941361867
98.87	-18.882654630012574
98.88	-17.901808077454202
98.89	-24.31005510463191
98.9	-25.058874643470727
98.91	-21.43160167561074
98.92	-17.732994954978555
98.93	-15.46988600073741
98.94	-14.613713792031382
98.95	-15.533440276218133
98.96000000000001	-15.364756978875064
98.97	-18.437504778472327
98.98	-16.665600175843036
98.99000000000001	-24.37568532348599
99.0	-24.84498143491698
99.01	-29.77178585097771
99.02	-26.51824491813019
99.03	-22.928363145287115
99.04	-22.128959534183352
99.05	-17.96051654869301
99.06	-18.016133918252162
99.07000000000001	-17.219679428371773
99.08	-18.175259847390425
99.09	-15.936361236349295
99.10000000000001	-14.338458211019619
99.11	-17.770296025402757
99.12	-22.062242526189447
99.13	-24.476074584011304
99.14	-24.12244404308206
99.15	-30.759705709120205
99.16	-25.493054156043083
99.17	-29.774011130275746
99.18	-26.242071951051322
99.19	-26.268151779949314
99.2	-24.452270495663385
99.21000000000001	-23.38001415696014
99.22	-34.37463324499281
99.23	-29.90637441767802
99.24000000000001	-28.535013690267522
99.25	-28.538693400651447
99.26	-24.18697006961333
99.27	-24.52846142689309
99.28	-24.821448712999604
99.29	-27.320469840561092
99.3	-25.734893514789917
99.31	-25.33341585768572
99.32000000000001	-28.446995837523307
99.33	-25.6021628555995
99.34	-19.755564609741672
99.35000000000001	-18.619491439368
99.36	-15.960031583784158
99.37	-16.107668457379653
99.38	-17.968932418786913
99.39	-17.112255367942026
99.4	-13.987338297674414
99.41	-14.707985717812065
99.42	-13.547286295707096
99.43	-17.575927145063982
99.44	-18.07952439677191
99.45	-14.338223033834904
99.46000000000001	-13.871034331483854
99.47	-19.88917690796512
99.48	-18.210624069506476
99.49000000000001	-16.435110537632404
99.5	-18.941800348000275
99.51	-16.15799944979446
99.52	-19.104765454793792
99.53	-17.275942562192327
99.54	-14.108609084787023
99.55	-13.328297167846431
99.56	-15.542686389082567
99.57000000000001	-15.46626539707115
99.58	-14.611337381603557
99.59	-21.97604132591058
99.60000000000001	-18.448987989483005
99.61	-19.512363442408496
99.62	-19.107707591457004
99.63	-17.135823259258615
99.64	-20.136926120547074
99.65	-22.435236261256538
99.66	-20.965486782174075
99.67	-20.793613186449406
99.68	-19.46068826142252
99.69	-17.819097765113884
99.7	-15.685158159315062
99.71000000000001	-15.145393859037977
99.72	-24.10400215292744
99.73	-21.430802599915708
99.74000000000001	-24.99873747129238
99.75	-25.278984203091905
99.76	-28.135796948704304
99.77	-27.019156439918625
99.78	-28.683933979482898
99.79	-28.81165326077762
99.8	-23.470360750972542
99.81	-26.213568998482003
99.82000000000001	-27.809860047291423
99.83	-25.32066973491259
99.84	-23.14105661732989
99.85000000000001	-22.78622899904197
99.86	-24.936308997134525
99.87	-27.913817027409237
99.88	-24.149896202775963
99.89	-30.672009811984246
99.9	-30.383638669102115
99.91	-34.84668659091606
99.92	-31.213053258904807
99.93	-30.383260395006204
99.94	-29.482052868528548
99.95	-28.50345788217079
99.96000000000001	-30.72050402712493
99.97	-33.17866407529397
99.98	-28.40056387872195
99.99000000000001	-27.23093678155132
100.0	-26.689086976849538
100.01	-24.993891543832568
100.02	-20.200720030401445
100.03	-19.88019286405219
100.04	-19.465131623836804
100.05	-18.701991202216522
100.06	-21.568566220628504
100.07000000000001	-21.07226789032224
100.08	-18.762734279486633
100.09	-15.406856199367178
100.10000000000001	-13.47033289232642
100.11	-13.902953770212898
100.12	-16.22774628437396
100.13	-14.731726824947012
100.14	-17.471620035207064
100.15	-16.297207771920405
100.16	-15.593180171241832
100.17	-25.245152562065815
100.18	-22.58221204904947
100.19	-30.91391043258522
100.2	-35.22315264803953
100.21000000000001	-28.453631845741807
100.22	-25.670179320454206
100.23	-19.949866457883914
100.24000000000001	-16.75986390448239
100.25	-21.64394658966793
100.26	-22.80169665653122
100.27	-20.55848767034736
100.28	-18.12605414979908
100.29	-17.491485769560768
100.3	-16.213453091356097
100.31	-14.98148382704625
100.32000000000001	-12.073464466624182
100.33	-12.688503403924333
100.34	-18.58821077495115
100.35000000000001	-19.67744589705803
100.36	-20.173081310914156
100.37	-36.22475273449024
100.38	-38.131096294372995
100.39	-36.195805644428404
100.4	-35.3557783040282
100.41	-32.0551972998457
100.42	-31.31449670471273
100.43	-29.15096471107837
100.44	-25.96584438155294
100.45	-24.191318829936698
100.46000000000001	-22.61373544242404
100.47	-23.19362610508894
100.48	-19.858815561333724
100.49000000000001	-30.479105760032553
100.5	-33.82785827240373
100.51	-32.44083188153216
100.52	-25.96554717905413
100.53	-23.825374534732852
100.54	-19.072385305258102
100.55	-16.406907389263186
100.56	-20.293716672053062
100.57000000000001	-25.906574170748826
100.58	-21.45762754847669
100.59	-23.702001835420734
100.60000000000001	-20.547758545112128
100.61	-20.669595439477575
100.62	-18.96919099814605
100.63	-16.50816724145752
100.64	-22.232116855555944
100.65	-17.827443932581225
100.66	-15.278984835101856
100.67	-16.616794438376733
100.68	-14.532417696615957
100.69	-15.108511768084405
100.7	-12.466381185397967
100.71000000000001	-13.042137474897803
100.72	-11.989564726140706
100.73	-13.783117947943472
100.74000000000001	-17.69462658608395
100.75	-22.571617990323094
100.76	-23.459313450295987
100.77	-23.510844917636394
100.78	-21.482013351032027
100.79	-21.60639842161496
100.8	-17.224496168369996
100.81	-16.494230545904067
100.82000000000001	-14.434788309616634
100.83	-21.007341700008595
100.84	-16.593091575588673
100.85000000000001	-12.863986572979426
100.86	-9.795916948607053
100.87	-11.77504240198791
100.88	-9.80279351995336
100.89	-9.840820283906965
100.9	-19.18440547251573
100.91	-26.714439184234596
100.92	-28.30174456308772
100.93	-26.649912074481588
100.94	-27.38334611771286
100.95	-22.163385064728804
100.96000000000001	-25.500649215788467
100.97	-25.906155814456458
100.98	-23.113124758773708
100.99000000000001	-28.395721443154994
101.0	-29.17358222595712
101.01	-26.123485547836466
101.02	-22.297778301761404
101.03	-25.97647091491292
101.04	-28.90488015400346
101.05	-23.66353925805708
101.06	-20.86502416543631
101.07000000000001	-20.01610057582963
101.08	-21.470224714695885
101.09	-31.004472696857373
101.10000000000001	-24.468015556252883
101.11	-24.484552252920206
101.12	-19.68969608578546
101.13	-21.465451728945666
101.14	-28.819150351505172
101.15	-33.91814197763326
101.16	-43.46074164917408
101.17	-41.45599670065637
101.18	-36.627680050528745
101.19	-30.327321144990233
101.2	-30.969043132474948
101.21000000000001	-28.84358013331219
101.22	-23.398197208082845
101.23	-18.76660613268036
101.24000000000001	-15.492758736724527
101.25	-18.103317184998502
101.26	-14.313888248394914
101.27	-14.293801336737667
101.28	-20.34671398422888
101.29	-21.77041305147251
101.3	-21.286076940342856
101.31	-24.69993551323665
101.32000000000001	-24.61325798329688
101.33	-27.56382698112574
101.34	-27.970586603319813
101.35000000000001	-26.38162564034079
101.36	-25.413041793479028
101.37	-20.2205254442499
101.38	-24.00447310001722
101.39	-24.579218263033447
101.4	-25.084610378132133
101.41	-24.476661381007556
101.42	-23.68613310451849
101.43	-24.06814794924568
101.44	-23.75901949993722
101.45	-20.073242740402986
101.46000000000001	-20.338790557950208
101.47	-16.636725539875687
101.48	-16.683169894312897
101.49000000000001	-13.307829326915458
101.5	-11.602664746057734
101.51	-10.79168248415895
101.52	-15.758987919360203
101.53	-16.186260981876938
101.54	-18.11697484503756
101.55	-27.473041478917896
101.56	-25.028903862049432
101.57000000000001	-22.53401203138542
101.58	-26.996241339486538
101.59	-24.467256236772347
101.60000000000001	-27.85688608243389
101.61	-26.819348746994688
101.62	-26.76689249615225
101.63	-30.843377247612153
101.64	-26.460044454985905
101.65	-21.63345959848659
101.66	-19.46182512186112
101.67	-17.874153765319043
101.68	-15.942348533228369
101.69	-21.55106039293968
101.7	-22.226542236485585
101.71000000000001	-25.016085885104015
101.72	-23.40048329406754
101.73	-35.07931330852087
101.74000000000001	-27.817370344615824
101.75	-23.58729644850834
101.76	-19.669756676094437
101.77	-19.70350319536535
101.78	-21.09190158705972
101.79	-20.166865862077056
101.8	-16.88095910422838
101.81	-22.977565675785463
101.82000000000001	-18.36230048116757
101.83	-15.615613649600077
101.84	-14.233993838820078
101.85000000000001	-12.039179048966147
101.86	-14.291639610066534
101.87	-17.441305245630545
101.88	-14.101435292932369
101.89	-12.124618852312782
101.9	-10.966479952296078
101.91	-13.375099228907729
101.92	-15.538375954353356
101.93	-18.30383358719799
101.94	-16.10918436906888
101.95	-20.100645591565247
101.96000000000001	-17.110079865599417
101.97	-17.275995952199242
101.98	-14.605983381831116
101.99000000000001	-15.60146566611202
102.0	-14.25957282908203
102.01	-14.2169081546785
102.02	-21.09532183230741
102.03	-20.524889804542983
102.04	-20.769698340892813
102.05	-22.856936421569436
102.06	-24.344513342009122
102.07000000000001	-21.23587849418052
102.08	-25.97790084428602
102.09	-27.80235754086046
102.10000000000001	-25.46754286987215
102.11	-24.070724841762665
102.12	-19.739609075071026
102.13	-16.498977220944308
102.14	-21.08953650400945
102.15	-21.659296277758283
102.16	-21.56634803156481
102.17	-19.176936871554314
102.18	-26.778721796588655
102.19	-30.52924454976945
102.2	-28.70697644205137
102.21000000000001	-28.308466804628495
102.22	-23.273317559528703
102.23	-18.161167456377743
102.24000000000001	-15.848120921329174
102.25	-14.311920236625845
102.26	-12.46896514186298
102.27	-14.689533546123686
102.28	-16.372159850070826
102.29	-17.851739278826916
102.3	-14.613313763506765
102.31	-12.782585217040449
102.32000000000001	-21.7910752941837
102.33	-23.028806233135008
102.34	-21.772754664674128
102.35000000000001	-22.424050622194894
102.36	-23.346144780356443
102.37	-24.78871897763473
102.38	-22.964032352606097
102.39	-23.198757018660782
102.4	-26.253829447687504
102.41	-23.070803361391818
102.42	-28.983651811922016
102.43	-26.60658754000636
102.44	-29.130859332986386
102.45	-25.787467111674545
102.46000000000001	-24.955767889144784
102.47	-30.95578275290375
102.48	-27.533168240657044
102.49000000000001	-26.646810102000877
102.5	-29.14284036218421
102.51	-26.97447209581852
102.52	-33.97303490086703
102.53	-35.048253963699516
102.54	-34.06511979725636
102.55	-31.30859029818605
102.56	-32.69365296330635
102.57000000000001	-27.735550997119823
102.58	-27.65526898758989
102.59	-29.34283599941928
102.60000000000001	-29.524285104137043
102.61	-28.086992253015993
102.62	-28.566155123734838
102.63	-23.75742078744586
102.64	-29.8639224767984
102.65	-28.009226057151434
102.66	-24.198248099026323
102.67	-27.48732175149783
102.68	-24.08280050636515
102.69	-31.638666843016487
102.7	-31.76133004151692
102.71000000000001	-26.478604361227898
102.72	-23.91097742888845
102.73	-27.76418081054992
102.74000000000001	-31.615595128090472
102.75	-29.195063039856137
102.76	-31.32848834973221
102.77	-32.23642324763474
102.78	-28.741776855248446
102.79	-26.55967815699356
102.8	-23.429721133115393
102.81	-23.75398608396382
102.82000000000001	-25.38486396449565
102.83	-25.113372896024227
102.84	-26.552462660696712
102.85000000000001	-27.62229759104491
102.86	-27.15931058200044
102.87	-22.081734668068243
102.88	-19.56477881466364
102.89	-16.48321769085568
102.9	-16.30627301429573
102.91	-15.324682801519211
102.92	-13.811795965574591
102.93	-14.296459386076055
102.94	-11.413185931086295
102.95	-10.50648931865549
102.96000000000001	-14.206043407235128
102.97	-21.190993582568233
102.98	-22.030757372483947
102.99000000000001	-21.080591213547272
103.0	-20.604302275508662
103.01	-22.012776562808934
103.02	-19.925803720025073
103.03	-19.29027258922061
103.04	-18.80734996679054
103.05	-17.795187202616642
103.06	-20.89393245570726
103.07000000000001	-24.347491517475774
103.08	-27.3569083371436
103.09	-27.464815883423103
103.10000000000001	-27.080223713403083
103.11	-22.70289626197232
103.12	-21.374332332443743
103.13	-27.7988375531964
103.14	-25.817870210482784
103.15	-28.716711241712083
103.16	-30.064854466407535
103.17	-26.215440048683558
103.18	-25.167397132686023
103.19	-23.167434948442544
103.2	-23.91210611695988
103.21000000000001	-26.44803881036095
103.22	-23.529337112929902
103.23	-27.953340406826182
103.24000000000001	-22.289054009463246
103.25	-22.951669992635296
103.26	-22.01810723297651
103.27	-19.181046171755636
103.28	-21.578404376034154
103.29	-19.89550064953212
103.3	-20.573108416661764
103.31	-31.255080663019672
103.32000000000001	-27.945267179008273
103.33	-29.69418326466706
103.34	-26.423139994710997
103.35000000000001	-22.462673672653718
103.36	-29.157591534792004
103.37	-24.63875778892491
103.38	-26.203972134728268
103.39	-31.914646041867496
103.4	-34.089872415550204
103.41	-31.20761462860194
103.42	-27.652350551202996
103.43	-28.08509195674182
103.44	-23.862186250730286
103.45	-27.37353319096373
103.46000000000001	-28.55966981425251
103.47	-28.226516405675394
103.48	-23.956961790448393
103.49000000000001	-22.38407492967239
103.5	-17.88925501914185
103.51	-23.42751150282335
103.52	-26.778257585980658
103.53	-29.5021055079936
103.54	-28.720253788509247
103.55	-26.75438273423917
103.56	-26.482452154919265
103.57000000000001	-27.022053419195863
103.58	-25.552464400862693
103.59	-32.78206894891251
103.60000000000001	-25.784353362437507
103.61	-21.5926563410639
103.62	-18.721280732128278
103.63	-15.211451804167508
103.64	-14.446380076878897
103.65	-18.532714069516167
103.66	-21.770194875574603
103.67	-24.8099295832965
103.68	-29.164909687854397
103.69	-27.842181461464154
103.7	-26.062435726486065
103.71000000000001	-21.27786514935154
103.72	-20.324715240222506
103.73	-26.395012976588898
103.74000000000001	-26.78206970788637
103.75	-37.116428533573945
103.76	-31.021134764279612
103.77	-29.81218668801933
103.78	-31.16197334433764
103.79	-26.4545954857298
103.8	-24.661632767916714
103.81	-27.314113130920667
103.82000000000001	-26.86965327607683
103.83	-23.18234494637072
103.84	-25.49082245094882
103.85000000000001	-27.67588040284371
103.86	-22.85730170706152
103.87	-19.68669462676405
103.88	-17.546723258605706
103.89	-18.975313295454395
103.9	-15.654702724510441
103.91	-14.728206286368275
103.92	-21.7904136990896
103.93	-30.166257036625023
103.94	-29.151079407808123
103.95	-29.888661299738803
103.96000000000001	-28.090657414652608
103.97	-27.53596312268203
103.98	-26.333164088419956
103.99000000000001	-25.517134843042633
104.0	-25.240941453981414
104.01	-20.91108088211344
104.02	-30.39711078300442
104.03	-27.25608834795856
104.04	-26.089854194949208
104.05	-21.297325730942724
104.06	-23.706957050728725
104.07000000000001	-25.159321400257333
104.08	-33.945464504471886
104.09	-30.156203616646543
104.10000000000001	-32.66907950525962
104.11	-31.223727745327484
104.12	-25.231376094988217
104.13	-23.17434004045271
104.14	-27.078819068212255
104.15	-23.015116030453864
104.16	-23.3936430394607
104.17	-26.776035857415778
104.18	-22.203995635892696
104.19	-20.251671869884003
104.2	-17.58029563925526
104.21000000000001	-18.156513505544726
104.22	-16.209527792764852
104.23	-12.893615335943089
104.24000000000001	-13.838095604510887
104.25	-27.911748567577973
104.26	-30.164889133354457
104.27	-29.104911096740114
104.28	-27.51609638365794
104.29	-24.491436764696992
104.3	-25.32311622934653
104.31	-24.422144813453485
104.32000000000001	-21.614902453763616
104.33	-21.509705583732277
104.34	-30.564165756832637
104.35000000000001	-25.371043073337354
104.36	-23.266571093688494
104.37	-29.70338800657482
104.38	-33.77648567870199
104.39	-35.00124622676304
104.4	-32.22836145396376
104.41	-31.36995872883744
104.42	-31.708561558108556
104.43	-29.36466972687862
104.44	-25.44411841336504
104.45	-28.929787558858
104.46000000000001	-25.307622361347185
104.47	-25.249741480206197
104.48	-28.684582828085656
104.49000000000001	-31.03045392013172
104.5	-28.511627758696054
104.51	-28.400773735660177
104.52	-24.564906662012564
104.53	-27.753718796683874
104.54	-21.98840312099454
104.55	-19.402728937298946
104.56	-17.817759413335033
104.57000000000001	-17.15136659582651
104.58	-14.218435024909102
104.59	-15.188229840000565
104.60000000000001	-19.75859988860762
104.61	-16.65628191312736
104.62	-15.537769309047496
104.63	-15.805609942275414
104.64	-18.41134267795424
104.65	-17.415317488299184
104.66	-16.798869354051952
104.67	-17.26171998093045
104.68	-16.347541842460643
104.69	-12.7166843302605
104.7	-10.843651639532904
104.71000000000001	-7.352698497466207
104.72	-7.995406565865459
104.73	-9.885069205245628
104.74000000000001	-7.817264322464449
104.75	-12.763323164282316
104.76	-11.730111504388349
104.77	-11.022433570531481
104.78	-15.846390512291379
104.79	-27.182617419562423
104.8	-29.290180577150313
104.81	-30.61169953285135
104.82000000000001	-27.924828089026885
104.83	-26.73093699326909
104.84	-28.971660262281983
104.85000000000001	-28.639554178596203
104.86	-30.67224447515823
104.87	-25.121193452289337
104.88	-21.648795642861455
104.89	-19.671962565927824
104.9	-19.48436535496997
104.91	-20.845626142512355
104.92	-22.2596812680731
104.93	-19.385167222861416
104.94	-24.942899522054567
104.95	-21.405095973124993
104.96000000000001	-20.024221853321684
104.97	-22.941959250850587
104.98	-29.56825511680222
104.99000000000001	-26.10809260293749
105.0	-25.056125996376004
105.01	-24.721115229016085
105.02	-24.518006078549217
105.03	-21.970773019126128
105.04	-18.93307508267046
105.05	-25.594982370809674
105.06	-31.618356225886565
105.07000000000001	-29.745964451356215
105.08	-28.998755115640826
105.09	-28.986992589896843
105.10000000000001	-32.7385704661784
105.11	-30.312749534646496
105.12	-32.54812292373825
105.13	-30.95953721863259
105.14	-36.276169089102
105.15	-36.54501808167973
105.16	-38.8426124198819
105.17	-31.349329289200536
105.18	-31.472119749708224
105.19	-25.078136285055134
105.2	-21.167353090739514
105.21000000000001	-16.67983185320496
105.22	-14.179325862579013
105.23	-10.53277472707902
105.24000000000001	-9.035782438796268
105.25	-9.676030504560183
105.26	-9.455979071084315
105.27	-8.885409127160006
105.28	-9.482668812030237
105.29	-9.765030585625619
105.3	-13.528978037768841
105.31	-11.572092384893793
105.32000000000001	-15.91545231455127
105.33	-16.155590206116702
105.34	-13.552935421994862
105.35000000000001	-13.712843675638235
105.36	-18.520323489353768
105.37	-15.620218835250945
105.38	-12.78357371243231
105.39	-16.10178822373231
105.4	-12.768478028370279
105.41	-13.759640276990748
105.42	-10.604926456060094
105.43	-7.2286346942441835
105.44	-3.6530245050512886
105.45	-1.4229102143844365
105.46000000000001	0.0055128086731596315
105.47	0.5531338544084796
105.48	4.781228457837108
105.49000000000001	7.725338654872525
105.5	8.488087047654544
105.51	14.354140625242634
105.52	19.539843047361224
105.53	20.542907554368913
105.54	25.316477502471574
105.55	21.622371613966987
105.56	20.026752191376673
105.57000000000001	20.023085133137393
105.58	16.807994103866953
105.59	16.477240101185632
105.60000000000001	15.804856165971602
105.61	21.292798254210116
105.62	26.906251063238116
105.63	27.52538988314811
105.64	25.539733439566398
105.65	29.567528680791366
105.66	27.577540259106325
105.67	29.042807800475796
105.68	22.836219439864273
105.69	17.969794773606967
105.7	15.5675029254445
105.71000000000001	17.929460382137556
105.72	25.00909916979052
105.73	25.32619324804291
105.74000000000001	28.467319177583505
105.75	31.255858756559466
105.76	25.658166727945503
105.77	24.328697883141345
105.78	18.92729637762753
105.79	16.154303079798545
105.8	12.936466011958913
105.81	13.917090028878809
105.82000000000001	15.33040278815354
105.83	17.495919344449934
105.84	18.268453574250106
105.85000000000001	24.276848894662447
105.86	28.646283827753944
105.87	28.673092993305275
105.88	23.14036167747108
105.89	25.13499734060573
105.9	23.73665918594285
105.91	24.95195631818487
105.92	28.293249699792376
105.93	22.138358696785254
105.94	20.431011276062875
105.95	25.681214846090157
105.96000000000001	24.609267781410843
105.97	21.030915355096575
105.98	16.547215378195173
105.99000000000001	13.589905965690553
106.0	12.793458992130331
106.01	18.243351602026504
106.02	26.264267751519686
106.03	26.824241874641015
106.04	29.060593370126348
106.05	29.364183090990718
106.06	30.045567616433022
106.07000000000001	28.373737919285364
106.08	22.732633818870816
106.09	19.731489640129986
106.10000000000001	18.127411333047743
106.11	22.704610668341555
106.12	21.97372858743939
106.13	22.98607542906838
106.14	22.271037517353225
106.15	19.772813906193107
106.16	23.557013537259117
106.17	21.40867152127213
106.18	24.125434350652796
106.19	19.650327587314862
106.2	16.171512854652438
106.21000000000001	14.963654755729804
106.22	12.040759890660834
106.23	11.308295809891467
106.24000000000001	17.052924018749618
106.25	25.558690199429133
106.26	25.719358277873962
106.27	22.923656310079373
106.28	25.911701090532926
106.29	28.513681534047386
106.3	24.74036108392254
106.31	22.425360156367926
106.32000000000001	18.589564779025487
106.33	22.068471535564363
106.34	17.27805404655318
106.35000000000001	14.819964720008201
106.36	14.103934958705427
106.37	11.238212039595954
106.38	11.294578233981056
106.39	9.290998895849501
106.4	8.027121793721207
106.41	9.623132694563845
106.42	7.792789871277609
106.43	7.281955068452421
106.44	9.47600658785227
106.45	16.83439646390812
106.46000000000001	22.492601756009552
106.47	22.16012365376772
106.48	18.159432985395842
106.49000000000001	18.20896759108301
106.5	24.494711675736994
106.51	35.66693038546037
106.52	30.403393715806494
106.53	36.13914631022025
106.54	32.87143446434011
106.55	35.225434239262036
106.56	37.671144401708894
106.57000000000001	35.70834062673084
106.58	30.01979523657751
106.59	26.863810285545476
106.60000000000001	23.870709344354115
106.61	24.680577803350566
106.62	24.612560667058574
106.63	27.609526959352397
106.64	23.928421000972495
106.65	20.523619555095802
106.66	23.72250560857741
106.67	35.02606003851927
106.68	28.65901212872414
106.69	23.96790073521326
106.7	19.24836914632122
106.71000000000001	23.74990692359426
106.72	21.814099302720447
106.73	22.5741454340292
106.74000000000001	26.094334937493734
106.75	22.62609519203891
106.76	21.003178939139428
106.77	19.244974096664752
106.78	21.264172395267817
106.79	21.492808568617185
106.8	20.03377976784631
106.81	20.00601495606435
106.82000000000001	18.265939605985235
106.83	24.85438296031558
106.84	26.355233837097735
106.85000000000001	24.860868269502717
106.86	25.663406976780575
106.87	20.772712633524016
106.88	19.21656722758998
106.89	16.017400439031395
106.9	14.921807395117309
106.91	13.709005768320907
106.92	13.249402952619777
106.93	22.04114572121794
106.94	25.287792385766302
106.95	21.258062345793796
106.96000000000001	23.288039622688554
106.97	20.724755307274656
106.98	17.959879986977356
106.99000000000001	20.94005687283556
107.0	18.958729189389192
107.01	21.74580477784521
107.02	20.914133224479034
107.03	25.93982583289937
107.04	25.537433477356323
107.05	21.22892435505092
107.06	23.885002955503477
107.07000000000001	20.070669175438724
107.08	24.577770253716594
107.09	26.066195775404235
107.10000000000001	26.411821290717583
107.11	27.63846699607745
107.12	26.910158474306137
107.13	21.886933803175683
107.14	20.348777807150103
107.15	21.322766967264204
107.16	16.998008854796332
107.17	14.563741544596013
107.18	16.612238109437172
107.19	16.84728741879564
107.2	20.615791773415843
107.21000000000001	27.510588575105785
107.22	22.830974787881797
107.23	24.4815667476722
107.24000000000001	21.86055315077678
107.25	20.732154985967682
107.26	22.03236565451306
107.27	21.960298033292403
107.28	23.791763040627632
107.29	26.40594249575097
107.3	22.332910409773433
107.31	19.96333861739733
107.32000000000001	22.271258289021173
107.33	18.3711253527236
107.34	17.478633307661813
107.35000000000001	15.322463786328965
107.36	15.02197169043107
107.37	17.161709772991223
107.38	27.055687083556926
107.39	25.97276125941613
107.4	31.31047848072654
107.41	28.17959042599061
107.42	24.650975387157327
107.43	20.53813483767536
107.44	21.084342893492753
107.45	20.702309120471625
107.46000000000001	21.024354206075625
107.47	16.555344139510716
107.48	13.553198691229776
107.49000000000001	12.66431980450218
107.5	15.905590064881698
107.51	18.583552827060732
107.52	21.55734748897766
107.53	21.677325069305265
107.54	21.957542496347727
107.55	17.371829875786716
107.56	13.34471484790333
107.57000000000001	10.469124653258765
107.58	7.116098479942033
107.59	4.7895495760999705
107.60000000000001	1.484348422187558
107.61	1.9521335499016081
107.62	-1.2389408573912397
107.63	-7.429825019013247
107.64	-6.425694425273308
107.65	-5.793622057725754
107.66	-6.850542563400952
107.67	-7.516277156297934
107.68	-6.927069578128137
107.69	-8.846035588474773
107.7	-12.16633062773391
107.71000000000001	-12.443390511324633
107.72	-11.66423107420091
107.73	-9.616429523404134
107.74000000000001	-13.168074005024476
107.75	-13.388031679697464
107.76	-15.026896319024077
107.77	-13.546398201268085
107.78	-12.703514541588952
107.79	-14.969694537232341
107.8	-18.411667382716384
107.81	-21.032193071247644
107.82000000000001	-20.020468929516255
107.83	-19.6565681043577
107.84	-18.491091752446582
107.85000000000001	-18.841441533084
107.86	-17.90402177241809
107.87	-25.00800513341644
107.88	-20.653404454206495
107.89	-23.107897472192462
107.9	-20.069477108885753
107.91	-23.1162637557798
107.92	-22.79877827528884
107.93	-23.696542554954156
107.94	-20.09042636496656
107.95	-17.37877686596015
107.96000000000001	-19.437834301484052
107.97	-21.570003801954375
107.98	-19.647924082980296
107.99000000000001	-17.385088663381122
108.0	-20.510338301508817
108.01	-27.838733766263438
108.02	-25.25514808428153
108.03	-20.11007946871932
108.04	-20.957976588085117
108.05	-21.009526787233327
108.06	-28.23476211024868
108.07000000000001	-26.10235661497868
108.08	-26.364743699836726
108.09	-28.61055864062888
108.10000000000001	-29.38466762289811
108.11	-27.567393540998534
108.12	-24.669243671253817
108.13	-26.25377640518303
108.14	-27.032355818851407
108.15	-26.6723647529364
108.16	-25.263965226595893
108.17	-22.899473686892016
108.18	-23.74472729315171
108.19	-20.92792971809411
108.2	-20.52656990673454
108.21000000000001	-24.004272959382572
108.22	-23.09914359078211
108.23	-24.71129757395819
108.24000000000001	-24.23873714304141
108.25	-20.99111303530569
108.26	-32.81335150964838
108.27	-34.264277020148285
108.28	-39.960839328537006
108.29	-36.497722877393144
108.3	-34.27318223360749
108.31	-32.4982258872803
108.32000000000001	-32.70509622610877
108.33	-26.53231638298863
108.34	-25.22453965373257
108.35000000000001	-22.14435214396148
108.36	-21.015726625669377
108.37	-24.26839659745683
108.38	-20.925695961817127
108.39	-16.484785067800548
108.4	-14.018726662537642
108.41	-14.678634102172067
108.42	-11.685633016399176
108.43	-8.975758110305991
108.44	-6.611502974535506
108.45	-6.184434915301376
108.46000000000001	-3.8652648147200175
108.47	-2.8011935976331306
108.48	-2.20737778988109
108.49000000000001	-3.464375266372318
108.5	-9.012240028742681
108.51	-7.7080229484839045
108.52	-7.661468842877715
108.53	-11.336988703919001
108.54	-12.49731322637956
108.55	-14.123701764064132
108.56	-15.723007592479663
108.57000000000001	-13.505271564342664
108.58	-16.134813713367837
108.59	-23.31947995801567
108.60000000000001	-21.926040875053836
108.61	-17.08872829443134
108.62	-15.9594178731741
108.63	-15.008850513837071
108.64	-15.010458820948564
108.65	-15.780697621639057
108.66	-19.873666477454314
108.67	-18.524371498736127
108.68	-18.887734516128106
108.69	-27.586347718406742
108.7	-26.56989268885551
108.71000000000001	-25.131462881811718
108.72	-25.765086052798225
108.73	-20.190131751689563
108.74000000000001	-17.10607620910916
108.75	-19.15343645205206
108.76	-18.39713256734944
108.77	-15.63342018574779
108.78	-17.18719133041411
108.79	-15.298231996211157
108.8	-17.29660059299835
108.81	-13.360618746075486
108.82000000000001	-10.966249569913995
108.83	-10.47757938927261
108.84	-8.64918071755514
108.85000000000001	-7.246487580277655
108.86	-6.251940855810848
108.87	-9.078132922407704
108.88	-7.33052237271835
108.89	-6.251009891172695
108.9	-16.600082033748787
108.91	-26.36017728924867
108.92	-28.658220768233022
108.93	-31.964884238036404
108.94	-26.2312241639252
108.95	-24.37064182772861
108.96000000000001	-25.42985140534429
108.97	-32.54747285256647
108.98	-37.035510595482734
108.99000000000001	-30.257492006900208
109.0	-26.695343951070008
109.01	-22.94171222901448
109.02	-24.133817964119864
109.03	-25.96236160040652
109.04	-28.56853561925075
109.05	-29.979050773664493
109.06	-25.681303053299544
109.07000000000001	-21.405018650446127
109.08	-25.50073369844642
109.09	-27.358493709626497
109.10000000000001	-26.112802749991545
109.11	-25.379598355996382
109.12	-22.161527897039083
109.13	-17.17675156867331
109.14	-13.838123405205057
109.15	-11.372696101536134
109.16	-16.63716989887599
109.17	-20.67627384388891
109.18	-21.507594233862896
109.19	-18.39883613747502
109.2	-17.03050105260752
109.21000000000001	-14.248145063938802
109.22	-14.699219428378314
109.23	-12.890045057393358
109.24000000000001	-20.076013460401704
109.25	-18.903761531405564
109.26	-26.966884138525163
109.27	-29.44635577150264
109.28	-27.737575284893257
109.29	-23.208388117014962
109.3	-21.50932408047738
109.31	-24.378755030826117
109.32000000000001	-32.19135117519368
109.33	-26.8240775298321
109.34	-22.11378360450803
109.35000000000001	-21.18138893122743
109.36	-21.67149978045622
109.37	-19.75233535443977
109.38	-20.7803231766341
109.39	-22.654639634131367
109.4	-18.97515400616244
109.41	-18.129748304790244
109.42	-17.760493981765006
109.43	-28.478134476493445
109.44	-24.416510907109025
109.45	-25.423495913226347
109.46000000000001	-25.12013729791488
109.47	-21.370891033111494
109.48	-24.79313333766194
109.49000000000001	-22.377249657673957
109.5	-19.935967246472323
109.51	-18.710079594236916
109.52	-18.57304548443687
109.53	-15.44364439754657
109.54	-14.65599368061418
109.55	-15.77849240514788
109.56	-18.527275075971342
109.57000000000001	-18.408219274583207
109.58	-22.380613704163036
109.59	-27.88735127937444
109.60000000000001	-23.598936504466938
109.61	-24.01750929355639
109.62	-24.399682419618635
109.63	-20.56499972054052
109.64	-22.51282715626223
109.65	-22.330331989465574
109.66	-26.646664957422928
109.67	-26.763133869079518
109.68	-29.475191194653686
109.69	-26.586211311700353
109.7	-21.67759645514506
109.71000000000001	-18.033691851073847
109.72	-15.899368113238399
109.73	-19.617732011846748
109.74000000000001	-22.023482991006468
109.75	-18.340597986884358
109.76	-17.65706628260872
109.77	-18.73062428741635
109.78	-16.558022461424496
109.79	-19.04457171983233
109.8	-22.461018441568214
109.81	-19.859946985909872
109.82000000000001	-18.98168809094299
109.83	-18.138040168233502
109.84	-22.490155870006625
109.85000000000001	-23.310605560906367
109.86	-23.22330209457651
109.87	-25.632135939970937
109.88	-25.2341971148452
109.89	-26.538995131863988
109.9	-26.589244753922053
109.91	-22.13031818227705
109.92	-22.5442166589454
109.93	-18.54552831490242
109.94	-15.447756239875382
109.95	-17.36285530807997
109.96000000000001	-20.106950422577956
109.97	-21.722231505161748
109.98	-21.416391128389616
109.99000000000001	-23.22083266638988
110.0	-22.44658713942026
110.01	-20.82918737087111
110.02	-21.959584865100243
110.03	-23.249679100729974
110.04	-29.081029824207473
110.05	-31.19332360688366
110.06	-30.05818007078332
110.07000000000001	-30.782706737472065
110.08	-30.78017873473641
110.09	-33.29921461293477
110.10000000000001	-30.63908380041394
110.11	-31.34711880463989
110.12	-28.750696986833375
110.13	-31.318409354374428
110.14	-33.29678964255511
110.15	-30.713537189872582
110.16	-29.446206316397237
110.17	-23.85288606592426
110.18	-29.082130214203183
110.19	-26.233390457872737
110.2	-26.93331303070805
110.21000000000001	-22.728539124475304
110.22	-18.89659874970535
110.23	-16.02709645320814
110.24000000000001	-13.834197525759581
110.25	-14.320744133159417
110.26	-16.421624643612013
110.27	-20.090332775956355
110.28	-20.33077823524821
110.29	-22.745705723635986
110.3	-28.43338907324508
110.31	-28.95555093112637
110.32000000000001	-29.594938498260714
110.33	-31.566751028884795
110.34	-32.967866466587516
110.35000000000001	-26.883474644521943
110.36	-25.374105162005804
110.37	-27.70313378228553
110.38	-24.722340502351347
110.39	-30.08429501402868
110.4	-32.03442366806186
110.41	-27.932329805508992
110.42	-24.49676505224022
110.43	-21.47078119973088
110.44	-20.03274647841134
110.45	-17.679404282844576
110.46000000000001	-17.7479360458322
110.47	-19.088389570916597
110.48	-19.635456204744944
110.49000000000001	-20.813160450557703
110.5	-16.524803285404893
110.51	-13.589832951036897
110.52	-12.777153926743122
110.53	-18.257512972562118
110.54	-15.92659352637756
110.55	-16.17348755253405
110.56	-18.17635963242815
110.57000000000001	-27.061456442878484
110.58	-23.293084097459783
110.59	-25.950247506091664
110.60000000000001	-24.48011862050951
110.61	-24.606929493412157
110.62	-20.91384981783798
110.63	-19.4755720432836
110.64	-26.06052745953444
110.65	-22.91451490154541
110.66	-26.063426576668412
110.67	-30.24262712424276
110.68	-26.480625499932966
110.69	-34.63380545923619
110.7	-32.46250789388
110.71000000000001	-25.356291478844884
110.72	-20.91571659621865
110.73	-16.959505129352284
110.74000000000001	-21.238511079395042
110.75	-19.630983388243173
110.76	-26.147021276993026
110.77	-24.640621355342837
110.78	-30.063460158700163
110.79	-25.7367820939726
110.8	-27.13357298916432
110.81	-25.72769183883063
110.82000000000001	-32.3839568680076
110.83	-32.597569978795704
110.84	-28.935413954208414
110.85000000000001	-33.607261702742726
110.86	-27.02807701043296
110.87	-22.457055695715702
110.88	-19.265856921427677
110.89	-20.986513841068017
110.9	-22.751328642438764
110.91	-19.146001047255524
110.92	-18.75905581918062
110.93	-24.62035640007196
110.94	-20.4902544587717
110.95	-21.443504155590965
110.96000000000001	-34.305187844082006
110.97	-30.24360985278563
110.98	-29.094297081385907
110.99000000000001	-22.74890387394534
111.0	-20.820614882506646
111.01	-21.10830465478502
111.02	-18.75259239069544
111.03	-22.268913052036574
111.04	-25.941525472346612
111.05	-21.953734287584567
111.06	-27.246634034871303
111.07000000000001	-23.89125622865064
111.08	-20.019784443720585
111.09	-19.273494705884076
111.10000000000001	-20.827633460514125
111.11	-26.766870114790002
111.12	-39.77748460336509
111.13	-35.91787707919576
111.14	-31.77780796633771
111.15	-26.750929172491027
111.16	-21.901329730773007
111.17	-19.52933532012097
111.18	-21.12435040523694
111.19	-20.08463371871915
111.2	-17.572940370577474
111.21000000000001	-16.317023080573087
111.22	-17.23049217615325
111.23	-18.465360270014205
111.24000000000001	-18.278854655469654
111.25	-24.816450145651753
111.26	-19.665636352959787
111.27	-15.933901048984467
111.28	-14.298940189130036
111.29	-21.503682571858626
111.3	-20.051682941922852
111.31	-19.935047738552285
111.32000000000001	-21.61339863226667
111.33	-17.769798382748604
111.34	-18.584136103536757
111.35000000000001	-17.969010489031696
111.36	-14.74040266414958
111.37	-17.109092385979523
111.38	-22.547839237428448
111.39	-21.754925260925344
111.4	-26.60019010139347
111.41	-25.8414396894399
111.42	-26.78949987753226
111.43	-26.986994621348185
111.44	-23.84765631290611
111.45	-23.093645907143596
111.46000000000001	-20.70324609628439
111.47	-20.162467971880066
111.48	-21.754687561006016
111.49000000000001	-27.93258687760067
111.5	-24.989179755812295
111.51	-25.45327233085948
111.52	-34.74566086354684
111.53	-31.305826661051928
111.54	-28.31901857945954
111.55	-24.768310301806668
111.56	-24.556704679625366
111.57000000000001	-28.190181545600655
111.58	-26.847121515081827
111.59	-21.85887351873659
111.60000000000001	-22.63212516606699
111.61	-20.10252319122192
111.62	-20.279896866669066
111.63	-22.977980083593135
111.64	-28.394149802186167
111.65	-30.64112277186553
111.66	-32.36650985116691
111.67	-32.17623107988059
111.68	-25.15915979375161
111.69	-20.334112584955907
111.7	-16.980580732049777
111.71000000000001	-24.886991193404725
111.72	-22.350340489722647
111.73	-21.99701212240778
111.74000000000001	-22.03771703785248
111.75	-20.334203011489958
111.76	-15.922282613173794
111.77	-12.507858665068033
111.78	-10.83722256322363
111.79	-12.680595032931585
111.8	-13.14951521951314
111.81	-15.651342868498658
111.82000000000001	-14.48376352765857
111.83	-18.47192472476316
111.84	-17.042993918263363
111.85000000000001	-17.568308665679176
111.86	-21.47168154226825
111.87	-22.017982346888623
111.88	-17.793724401004052
111.89	-16.11184978910843
111.9	-14.165456713522286
111.91	-11.81318224554039
111.92	-11.906841894150473
111.93	-13.30468829581305
111.94	-12.130325892969505
111.95	-12.77856283311359
111.96000000000001	-12.710123244727916
111.97	-11.81908864476016
111.98	-11.859238184029401
111.99000000000001	-14.164071981792874
112.0	-17.53468202583049
112.01	-13.963703775144513
112.02	-10.392725524463614
112.03	-7.019551271001743
112.04	-3.661667030658886
112.05	-1.7214372260122954
112.06	-3.847023795293988
112.07000000000001	-4.118001942528031
112.08	-1.529658392291924
112.09	1.8342255844714757
112.10000000000001	1.9217450477758438
112.11	3.8206986248550407
112.12	5.880979449023896
112.13	9.125834882578678
112.14	8.541459852521118
112.15	13.452132782467721
112.16	19.45809669034477
112.17	17.928186562342074
112.18	15.134477961695623
112.19	13.409116324351558
112.2	10.92167177002239
112.21000000000001	9.187601066961456
112.22	8.718740985682686
112.23	7.978469160972797
112.24000000000001	14.019471388372951
112.25	26.9330523081907
112.26	23.793807356853375
112.27	35.38324705006136
112.28	35.02991603451833
112.29	30.22903796201226
112.3	31.084418056680395
112.31	28.80150671913519
112.32000000000001	29.654540928287
112.33	28.01883499277375
112.34	22.597322918382364
112.35000000000001	17.175810843990973
112.36	14.797484863823321
112.37	13.040236672715317
112.38	10.605964662217211
112.39	7.972602454386585
112.4	6.541739638319852
112.41	8.773825208747866
112.42	8.905970839582148
112.43	8.739815553847377
112.44	8.165515213342827
112.45	8.730440677088117
112.46000000000001	14.653001804643763
112.47	17.709249719624236
112.48	14.530568366442688
112.49000000000001	11.201748931824756
112.5	8.632898352360865
112.51	7.478501649761742
112.52	6.324104947164258
112.53	6.5216869227369445
112.54	14.111019454232736
112.55	17.957073192927602
112.56	19.390225270086297
112.57000000000001	20.944810184795667
112.58	22.738465479726294
112.59	19.76222409034013
112.60000000000001	23.148955275610746
112.61	22.304136711335122
112.62	23.534512141484424
112.63	27.638554976827518
112.64	23.321337619440495
112.65	22.099726200270666
112.66	26.0601294331818
112.67	27.885667876414875
112.68	22.72834529383253
112.69	24.746784292400132
112.7	22.174767713008567
112.71000000000001	20.903731441908082
112.72	27.281601241856162
112.73	23.36062427365958
112.74000000000001	23.621020177772532
112.75	19.50575129506266
112.76	15.78452182469396
112.77	18.493865592450014
112.78	21.39635882771992
112.79	20.650201015084
112.8	24.55092346593952
112.81	22.567119071538915
112.82000000000001	23.72182770540315
112.83	30.13945928878184
112.84	36.19814214112312
112.85000000000001	30.36635912275676
112.86	24.80727839844258
112.87	22.58598581713675
112.88	19.980330349361704
112.89	20.380442663592373
112.9	18.394663542081872
112.91	16.96871788857644
112.92	15.647468559944102
112.93	20.35640867398471
112.94	18.314574373694718
112.95	15.538683341182256
112.96000000000001	14.346058170349984
112.97	11.259996974990282
112.98	9.708041051846179
112.99000000000001	8.831887033712146
113.0	6.465955179323042
113.01	4.644602773811234
113.02	4.20241340232383
113.03	14.615056219270022
113.04	15.219037399391828
113.05	14.220435496878476
113.06	16.552432775674465
113.07000000000001	16.823305950851868
113.08	18.18138453872545
113.09	19.994815098123002
113.10000000000001	38.40275135883556
113.11	32.0129375510942
113.12	30.29677678883887
113.13	24.851570480565332
113.14	20.290567726291673
113.15	19.174388162740872
113.16	22.93270679866943
113.17	24.77080782751073
113.18	22.466219441581742
113.19	18.238139375751423
113.2	17.06852921474336
113.21000000000001	20.31983145918667
113.22	17.7431630411232
113.23	16.644004051836482
113.24000000000001	13.82417184737509
113.25	12.604717913179421
113.26	14.737502803803583
113.27	14.562033895498432
113.28	11.545895132132832
113.29	11.920601418054467
113.3	10.867856553220422
113.31	10.039710842241297
113.32000000000001	10.104867658855289
113.33	14.47266484018293
113.34	12.817018169975334
113.35000000000001	15.86902044487793
113.36	17.569018088450406
113.37	19.124402818004583
113.38	16.674022685761418
113.39	18.922226910221877
113.4	19.851454100137953
113.41	19.03712959107991
113.42	28.561481670728405
113.43	34.62815937966939
113.44	31.347962843687366
113.45	29.485193719717024
113.46000000000001	25.886472812273585
113.47	22.69058504211692
113.48	23.812557661558813
113.49000000000001	20.14351378000613
113.5	17.393502964943092
113.51	16.072156525192423
113.52	21.175478063907633
113.53	24.827060615697835
113.54	21.87259588720392
113.55	18.494540494672375
113.56	14.580444408879258
113.57000000000001	12.7790330883255
113.58	17.701576896598514
113.59	19.716862915029864
113.60000000000001	25.0268037255624
113.61	27.119038783223033
113.62	29.088083446280454
113.63	23.44425553951618
113.64	19.219496167417002
113.65	24.55116963108831
113.66	25.342101160851247
113.67	20.73735498521574
113.68	20.858325736240005
113.69	21.532947185137914
113.7	17.013309342259348
113.71000000000001	13.703046885957686
113.72	13.877365883261904
113.73	13.578319023106069
113.74000000000001	13.068800542754936
113.75	18.964914749961398
113.76	19.45499756641293
113.77	23.762982386895928
113.78	23.964549023452584
113.79	19.59974483190274
113.8	19.379916527718894
113.81	25.478776778584155
113.82000000000001	25.97417669484024
113.83	23.32273527224806
113.84	23.463792753331006
113.85000000000001	21.446668406084427
113.86	17.937441443090446
113.87	19.95518212882162
113.88	15.969294256038154
113.89	12.313476292659992
113.9	12.45261324112677
113.91	12.58854759593647
113.92	12.832156724082987
113.93	12.96876675693011
113.94	13.337673960330806
113.95	22.187464875844455
113.96000000000001	22.29073828028944
113.97	20.167312279729405
113.98	20.309931298513035
113.99000000000001	21.569667988554798
114.0	22.37472599057728
114.01	25.648418294033686
114.02	23.394648751300213
114.03	23.395057935213764
114.04	26.20139774039669
114.05	28.529106403220766
114.06	33.01695561551646
114.07000000000001	35.97236260623714
114.08	33.40174745249997
114.09	26.789946040391342
114.10000000000001	30.155476938758785
114.11	27.43547590837606
114.12	28.222301647326614
114.13	33.39315171136812
114.14	34.705978455407724
114.15	29.02853555901689
114.16	32.571917798914306
114.17	32.39485624414017
114.18	32.43864866285395
114.19	25.467895941781865
114.2	24.424200714745975
114.21000000000001	22.73677191699024
114.22	21.108543667853375
114.23	17.65687625484141
114.24000000000001	15.566579799749722
114.25	13.273057418024436
114.26	12.98633729708986
114.27	12.659057976436971
114.28	11.499346713559206
114.29	17.01991071274644
114.3	16.01787122070264
114.31	18.059014516131196
114.32000000000001	25.993877634907022
114.33	23.371345358771055
114.34	31.612395272321812
114.35000000000001	31.831089327952213
114.36	26.865293761554348
114.37	23.603219181713843
114.38	26.00502533971285
114.39	23.484626938119565
114.4	21.22358130683299
114.41	16.34200925098896
114.42	14.855145975774507
114.43	15.75271424497848
114.44	16.187178395455295
114.45	21.53331048397859
114.46000000000001	20.207708933723367
114.47	18.919152494849474
114.48	22.567611918217622
114.49000000000001	17.473459544796174
114.5	17.487472035889958
114.51	17.62788981103892
114.52	15.45560145538867
114.53	14.460305418128545
114.54	22.88474709658305
114.55	31.648883913913586
114.56	25.10974989652929
114.57000000000001	19.74217282728945
114.58	16.05146304602184
114.59	22.373134469528498
114.60000000000001	19.04421727568263
114.61	26.021075832728286
114.62	24.245258266359368
114.63	24.393867315116346
114.64	25.39798246528086
114.65	22.751547919627917
114.66	24.666584712823035
114.67	23.823931425264046
114.68	26.719894428110724
114.69	30.989494184105027
114.7	28.87433425038011
114.71000000000001	27.824904558392813
114.72	32.102659686263834
114.73	38.123980182671104
114.74000000000001	32.69621892519915
114.75	29.79914639927449
114.76	31.770233222608823
114.77	29.007716136450412
114.78	26.038333443441896
114.79	20.48695001776617
114.8	18.10307013192146
114.81	18.678279034875782
114.82000000000001	18.142427740274563
114.83	18.30353139689145
114.84	20.565265858551708
114.85000000000001	24.18499750653627
114.86	23.92867178722633
114.87	20.696481195141153
114.88	27.76197970146435
114.89	28.547033048680145
114.9	26.79038616851297
114.91	25.15570583618004
114.92	32.61642988831481
114.93	28.70460046178087
114.94	34.04080061046874
114.95	31.625911167084283
114.96000000000001	26.305585352670995
114.97	21.523902675691726
114.98	22.070947790522577
114.99000000000001	27.350918495330152
115.0	22.758542556492724
115.01	25.347216646065128
115.02	34.16104768868675
115.03	34.09941979156447
115.04	37.89773901999124
115.05	36.43659417274154
115.06	33.31614208724412
115.07000000000001	26.91495848874405
115.08	22.139770089513014
115.09	21.005922320241424
115.10000000000001	22.73818410237847
115.11	19.357117924397834
115.12	22.607161882040607
115.13	24.830685359324725
115.14	28.606754094653862
115.15	28.117756993930737
115.16	27.16245750799966
115.17	23.17072173530387
115.18	20.92549051913055
115.19	27.37293836889049
115.2	24.143854718827523
115.21000000000001	20.00137759992831
115.22	16.915926272770125
115.23	17.336767648572877
115.24000000000001	18.311330882348187
115.25	22.630917228723703
115.26	26.19496427564113
115.27	32.32335951569672
115.28	28.82837167482454
115.29	23.45048479359832
115.3	21.568603307697998
115.31	18.59569347187649
115.32000000000001	15.377238205135743
115.33	15.381398771388575
115.34	19.475628450413733
115.35000000000001	18.22690469563551
115.36	21.889239144847103
115.37	23.323853226292773
115.38	28.986246033095362
115.39	30.988104835965952
115.4	28.39558340856421
115.41	24.02373574695283
115.42	24.696694106298075
115.43	22.287444843578385
115.44	23.05075572781176
115.45	20.293563617865033
115.46000000000001	22.425589706234252
115.47	19.607428362404523
115.48	25.31112914618944
115.49000000000001	24.61839885502341
115.5	20.597236845360612
115.51	21.322328880870675
115.52	19.29519661551591
115.53	18.34217993513207
115.54	19.37884397313684
115.55	16.638711033202082
115.56	13.783669582815127
115.57000000000001	13.984514012639924
115.58	16.053249362491677
115.59	12.611118180417922
115.60000000000001	12.123935577449723
115.61	9.820492991037112
115.62	10.347980058856356
115.63	15.073275523663828
115.64	16.021395715961813
115.65	20.62684448070596
115.66	18.766448737193713
115.67	21.79902583893211
115.68	17.451012280558395
115.69	13.10299872219086
115.7	11.137841662767041
115.71000000000001	9.444382220115209
115.72	10.721558071543638
115.73	15.899589519402616
115.74000000000001	21.70435382411334
115.75	26.477494437205916
115.76	22.172286816918184
115.77	21.91965618415379
115.78	18.923442964808896
115.79	23.17169745520135
115.8	24.86471411179612
115.81	23.569030992432985
115.82000000000001	23.204274570228286
115.83	27.799697124967995
115.84	26.216757165523944
115.85000000000001	23.00696250759937
115.86	21.18928799670379
115.87	17.76701944398314
115.88	16.854160060286787
115.89	17.900310403038986
115.9	17.206456531430497
115.91	15.26089464945363
115.92	13.553999645446009
115.93	18.4833274783301
115.94	18.43148619084794
115.95	17.60543712466858
115.96000000000001	23.4272564137042
115.97	25.0735402547512
115.98	26.890218795559687
115.99000000000001	28.357629444986497
116.0	26.154633522917386
116.01	28.38099944770521
116.02	24.95458697740173
116.03	26.242337349692765
116.04	22.137142454218733
116.05	25.280126468111973
116.06	21.04832967852141
116.07000000000001	16.473177480581107
116.08	16.23041911943785
116.09	16.273409232887712
116.10000000000001	17.8795522950827
116.11	14.086416443234965
116.12	12.400959666836549
116.13	19.292832457416576
116.14	15.607137758520274
116.15	14.11848251043108
116.16	19.712610042357525
116.17	27.083360725251946
116.18	25.019804602254403
116.19	28.40368896425519
116.2	35.554433133541465
116.21000000000001	31.259670857713978
116.22	29.415388913275457
116.23	27.852682327865374
116.24000000000001	29.768032777180412
116.25	33.87666578900554
116.26	28.919896287700855
116.27	25.583488162093406
116.28	20.743583256258724
116.29	25.43214751771156
116.3	20.654110131186126
116.31	28.113999307215625
116.32000000000001	24.125917325207702
116.33	25.557605782082625
116.34	20.669963877740038
116.35000000000001	19.80619526447227
116.36	16.84021816899888
116.37	17.923397991674204
116.38	19.8685143196993
116.39	15.643730038516445
116.4	12.576847919160675
116.41	19.310754950476774
116.42	18.540443904379273
116.43	18.99346627097809
116.44	14.74486555746386
116.45	13.015408999636524
116.46000000000001	17.575340669256338
116.47	18.423971365821878
116.48	15.016124592722107
116.49000000000001	18.307996988561634
116.5	17.44859051446535
116.51	17.006841130233347
116.52	20.405985314959565
116.53	18.841274383828036
116.54	18.840675403628367
116.55	19.207828376589354
116.56	26.043620951710786
116.57000000000001	23.423811488481075
116.58	20.33764605449148
116.59	21.122251219897933
116.60000000000001	23.085868161967706
116.61	19.014524116985694
116.62	23.043927105624633
116.63	22.86637300451468
116.64	26.193921120183486
116.65	24.800749234286805
116.66	24.843071321099323
116.67	20.67540597904378
116.68	21.556360730007658
116.69	20.88709957765895
116.7	24.383571097235063
116.71000000000001	19.600235749771365
116.72	18.334446979870858
116.73	23.59879968173527
116.74000000000001	18.325239238510715
116.75	17.785799123479627
116.76	23.369728084873824
116.77	22.91367682071378
116.78	20.932846755798597
116.79	27.818529307907202
116.8	25.389841817194068
116.81	23.197957837582393
116.82000000000001	23.625906296048697
116.83	24.847050822898744
116.84	23.619407218878493
116.85000000000001	18.462192919742154
116.86	16.683441901483167
116.87	14.567957590680852
116.88	14.4050503103443
116.89	16.763715636158715
116.9	23.173706315950582
116.91	18.30496267887841
116.92	15.037443377870412
116.93	13.320857134322424
116.94	12.063716344828853
116.95	10.68322029212636
116.96000000000001	11.102750596700083
116.97	12.05442371604021
116.98	16.030166759450804
116.99000000000001	13.27656216216794
117.0	11.39898951252848
117.01	9.974348117423904
117.02	9.315494767541326
117.03	10.96912735633427
117.04	12.622322775857752
117.05	9.732772313014827
117.06	8.47219685634657
117.07000000000001	9.161563081237906
117.08	10.563401369022902
117.09	8.9766821886707
117.10000000000001	13.019849139855168
117.11	20.69025859374577
117.12	20.87377525682678
117.13	15.976680557351157
117.14	14.618547859257964
117.15	13.432166380397769
117.16	16.952321050724578
117.17	18.17862490194409
117.18	19.858686438717513
117.19	18.053136122694983
117.2	30.24616125488204
117.21000000000001	27.26207966136238
117.22	29.476139359213697
117.23	29.686911776199278
117.24000000000001	29.833847467675906
117.25	33.904588673366625
117.26	34.7559902415056
117.27	29.58459575618782
117.28	24.195915125759218
117.29	23.265592905124098
117.3	20.744718251123757
117.31	17.18895341256139
117.32000000000001	13.250279456106627
117.33	10.842658070022877
117.34	9.47637035964594
117.35000000000001	11.4478617800968
117.36	10.153305515701808
117.37	6.725018877941456
117.38	8.540707196764108
117.39	15.340386800484971
117.4	14.933488372538688
117.41	24.419192539013242
117.42	19.013138799055127
117.43	15.1111124081942
117.44	11.868017898271699
117.45	14.509780959574512
117.46000000000001	20.37275402581399
117.47	28.692445118958705
117.48	26.618096856286652
117.49000000000001	29.694709275988867
117.5	24.533044540148605
117.51	23.687161853510975
117.52	20.80879686072663
117.53	21.400437010388355
117.54	28.104939360238046
117.55	31.614952830378513
117.56	28.01561290527825
117.57000000000001	26.91638964646727
117.58	28.27851962917003
117.59	29.33928138459685
117.60000000000001	33.307422969228156
117.61	28.784717383329074
117.62	27.54977888560315
117.63	25.03232525893415
117.64	23.002574621357628
117.65	23.442810766194917
117.66	20.231397556505527
117.67	23.54907548827735
117.68	19.814270118739877
117.69	24.009443522151674
117.7	23.36626626145831
117.71000000000001	28.482022827303016
117.72	29.873301812377708
117.73	28.15008475327126
117.74000000000001	27.378660248691137
117.75	21.503482763944998
117.76	18.726536262727368
117.77	16.445755801037397
117.78	31.826910943872942
117.79	29.716908161834674
117.8	30.83842003456934
117.81	33.22846407959245
117.82000000000001	30.02063867415205
117.83	25.78048485459145
117.84	23.307006635336613
117.85000000000001	30.707619686539836
117.86	29.12516121089448
117.87	26.701786847781502
117.88	23.475535976904844
117.89	20.529194447608436
117.9	20.749886399287764
117.91	17.11679109500415
117.92	16.602123495892037
117.93	15.661978024658929
117.94	16.242607231902227
117.95	20.578638989967367
117.96000000000001	20.12234494596127
117.97	21.725595716408048
117.98	24.745824542817328
117.99000000000001	19.799115488454675
118.0	16.26233393548422
118.01	13.597314441681132
118.02	13.429465051051443
118.03	13.813040502366576
118.04	16.386405204841463
118.05	18.989698514418293
118.06	16.036801577739443
118.07000000000001	17.343317457691466
118.08	17.05550456197228
118.09	15.012144996171696
118.10000000000001	16.01572079081292
118.11	18.791680390548027
118.12	19.35138188835066
118.13	23.07076965512369
118.14	20.44182227249293
118.15	20.09209449147687
118.16	18.188521681384056
118.17	17.849703444840685
118.18	15.785067938313725
118.19	15.532983618906798
118.2	18.695413999074297
118.21000000000001	19.99852899426527
118.22	16.435247337230706
118.23	17.222401991877028
118.24000000000001	32.33037660720749
118.25	31.25768014766905
118.26	34.66809831823166
118.27	29.960207525552672
118.28	30.26584738691672
118.29	30.573029237628674
118.3	28.93236275602896
118.31	28.615488829749243
118.32000000000001	25.063567723576295
118.33	22.565866987738843
118.34	25.91097796507818
118.35000000000001	21.47835199889995
118.36	17.02560604562278
118.37	17.40024596757133
118.38	18.39702018130952
118.39	16.245361923100152
118.4	25.27088014445501
118.41	21.992394718786247
118.42	17.161826522822924
118.43	14.943114984335066
118.44	15.467258506927994
118.45	14.255549168725492
118.46000000000001	13.855923765650203
118.47	17.52620222180973
118.48	13.634987009580277
118.49000000000001	10.589702113570914
118.5	8.079188962747264
118.51	7.737839208166159
118.52	11.936264660883607
118.53	11.986623384510752
118.54	12.473228995767498
118.55	19.346317252433565
118.56	24.421162179444053
118.57000000000001	27.417468778330967
118.58	30.15476547938228
118.59	27.015301129900678
118.60000000000001	27.820012930038637
118.61	29.447418524221227
118.62	33.00088744023954
118.63	25.770579012471895
118.64	21.45115692458721
118.65	21.567484744978454
118.66	23.135889693743845
118.67	22.673109760660452
118.68	27.175665683594364
118.69	26.604023035527966
118.7	27.70672823724009
118.71000000000001	29.121711235486362
118.72	25.43834631707521
118.73	26.606230706897826
118.74000000000001	32.65561107455389
118.75	27.885487197394138
118.76	24.11233557759714
118.77	19.674553729481193
118.78	28.82350338874961
118.79	23.006981908943203
118.8	21.51864133817622
118.81	26.12434452874464
118.82000000000001	25.638038405502574
118.83	21.006270743352744
118.84	18.50107957502001
118.85000000000001	18.648735745213088
118.86	17.186122047975864
118.87	20.76067716765358
118.88	21.187736100676666
118.89	20.240099246886587
118.9	20.49649298693109
118.91	20.84865414815348
118.92	26.905188440638675
118.93	28.199816508956584
118.94	32.326955571348996
118.95	25.870305321378297
118.96000000000001	22.98644106494454
118.97	24.62776857014784
118.98	23.14296542424855
118.99000000000001	22.047368705407408
119.0	18.47262970338206
119.01	16.91217597823527
119.02	23.562207813352202
119.03	27.08399742791829
119.04	23.719079228814305
119.05	25.66539174938231
119.06	21.558398689427648
119.07000000000001	21.16744644181033
119.08	19.983565545134553
119.09	22.653741476307705
119.10000000000001	25.016526919180798
119.11	33.02161441474341
119.12	34.7760111448477
119.13	30.643394374534147
119.14	27.623626083024593
119.15	25.98373533408836
119.16	27.592757104572744
119.17	27.884409597567533
119.18	29.1810466801381
119.19	28.228736667956266
119.2	22.559331095743616
119.21000000000001	21.549941399181964
119.22	26.012294505809525
119.23	24.596532077179194
119.24000000000001	37.983005208191855
119.25	34.37741249132952
119.26	31.47268536589203
119.27	32.149768100522564
119.28	32.27668753677437
119.29	26.164551881280495
119.3	24.656030484075238
119.31	20.272609129207492
119.32000000000001	18.705319003460584
119.33	16.909952136678722
119.34	16.104199343691135
119.35000000000001	15.767288978113893
119.36	13.17945539326477
119.37	16.69544563992092
119.38	29.56970786387229
119.39	27.3678334850972
119.4	24.027986507749407
119.41	24.770858853045773
119.42	26.914226556287865
119.43	29.149763810746638
119.44	35.188748918827606
119.45	33.42117134395469
119.46000000000001	35.796326431190934
119.47	41.00427179460032
119.48	38.944773718307346
119.49000000000001	31.886746003558553
119.5	31.442668861914594
119.51	30.266400751824676
119.52	32.10245283521323
119.53	27.63180711632213
119.54	26.89270282980201
119.55	25.02909820801975
119.56	30.077130023998656
119.57000000000001	30.289678267919495
119.58	38.777391710296776
119.59	30.4768358656446
119.60000000000001	25.166080946120726
119.61	20.64079425891949
119.62	19.511075097580978
119.63	15.492131917850521
119.64	16.83422543988208
119.65	15.421800339782733
119.66	14.714368501853745
119.67	13.414153398409226
119.68	13.070842136279037
119.69	15.85110260653513
119.7	16.457732965847708
119.71000000000001	25.390494864534723
119.72	33.957722112920486
119.73	30.860630451550122
119.74000000000001	26.865965644285872
119.75	23.188167236591614
119.76	23.128935152741082
119.77	21.053476487707275
119.78	24.613793797390898
119.79	21.22327897051258
119.8	18.39200932942658
119.81	15.357304339269815
119.82000000000001	16.663146178997508
119.83	15.35413777702724
119.84	15.994259909599553
119.85000000000001	18.695273279456202
119.86	18.968516398606795
119.87	18.47715076253563
119.88	18.434998179070675
119.89	23.423303142706832
119.9	27.51172218772281
119.91	24.956991057458747
119.92	24.13921886894742
119.93	25.864128513633606
119.94	22.605175233963525
119.95	21.702010696551554
119.96000000000001	22.47354833529623
119.97	23.048314747700775
119.98	22.20340218456325
119.99000000000001	27.500402664540438
120.0	33.34374346070163
120.01	27.347620417806734
120.02	32.59330438359412
120.03	32.19734679369143
120.04	26.81104473464118
120.05	26.422495362807332
120.06	24.182322267041958
120.07000000000001	20.678909221322517
120.08	19.824840847992533
120.09	19.089412730790627
120.10000000000001	18.234200580177344
120.11	17.729716922900174
120.12	15.66327331548704
120.13	27.13208978479862
120.14	21.395257814433855
120.15	19.744074067415948
120.16	24.577375583015726
120.17	26.846295951643864
120.18	25.528308120726773
120.19	35.73462857719485
120.2	32.979153768014086
120.21000000000001	38.86049384564012
120.22	30.74399468977474
120.23	31.79313987485346
120.24000000000001	34.09456903801654
120.25	28.9016373042826
120.26	25.98141346986596
120.27	26.63910828894384
120.28	23.909742352461528
120.29	26.48252607176551
120.3	24.359904515610342
120.31	24.961418355994805
120.32000000000001	20.71564532654013
120.33	22.972801764722885
120.34	29.439849552450685
120.35000000000001	25.387777344337042
120.36	27.739609356970767
120.37	30.136093347113192
120.38	24.56841187064913
120.39	23.63017205483971
120.4	21.59642761689756
120.41	20.72648355323654
120.42	17.08291882274752
120.43	19.45398140432092
120.44	17.100176095096543
120.45	16.23581622528969
