0.0	19.333313320921366
0.01	16.230626189086443
0.02	12.951900515797261
0.03	10.647908967293537
0.04	10.21935132214446
0.05	14.666380284109389
0.06	19.41328378488514
0.07	22.642691151681603
0.08	21.391319359225037
0.09	16.966208636281394
0.1	18.12895070882348
0.11	23.761591851071486
0.12	23.902767696634996
0.13	18.891723902554688
0.14	18.81590690212744
0.15	14.11565420868997
0.16	21.43735851219752
0.17	26.707150757076352
0.18	25.026359710663385
0.19	22.38468385490327
0.2	25.82693888353794
0.21	22.395857283528677
0.22	22.90703003566357
0.23	22.98597205403904
0.24	17.87730881122862
0.25	13.852019122096547
0.26	19.515985826063687
0.27	20.82314430105049
0.28	16.189721012457095
0.29	14.21896535635926
0.3	11.728487113320869
0.31	10.946864732569212
0.32	16.195780789326133
0.33	16.354360589087044
0.34	15.603227766028603
0.35000000000000003	15.903012555698183
0.36	16.771370639122008
0.37	17.11631878706932
0.38	14.61831112495564
0.39	15.632653991703602
0.4	24.930908692015336
0.41000000000000003	23.22168910048918
0.42	24.846081047904924
0.43	21.622023468899595
0.44	17.87323320573995
0.45	14.382184395862055
0.46	10.540362861234486
0.47000000000000003	11.601947237819283
0.48	15.906324527097862
0.49	16.521641578416297
0.5	19.34607751783075
0.51	24.25826278513507
0.52	20.992887141121994
0.53	16.512332500336
0.54	13.784924599395783
0.55	10.194167347742805
0.56	12.087362160043318
0.5700000000000001	13.54677687179497
0.58	15.485983849660993
0.59	14.13536406661929
0.6	16.02046880807018
0.61	14.898619157929984
0.62	15.832994325433306
0.63	13.89823702510501
0.64	13.154528510751467
0.65	8.321425142796837
0.66	10.082976162723552
0.67	9.467775978376784
0.68	9.656115349480109
0.6900000000000001	9.436597526504043
0.7000000000000001	11.535067211252482
0.71	13.859678048877303
0.72	19.181610372338124
0.73	25.99156273910427
0.74	25.765375818794382
0.75	30.67904845213512
0.76	26.714158927125805
0.77	25.74574957048505
0.78	25.65278752086773
0.79	21.89773631109085
0.8	19.88564963586349
0.81	19.497413187173354
0.8200000000000001	22.28822541373617
0.8300000000000001	23.451233143468208
0.84	19.487247239572852
0.85	18.463003327910418
0.86	15.283261585162618
0.87	11.729608546307416
0.88	10.71237206105737
0.89	10.862856477131443
0.9	12.994321697034358
0.91	10.389975430893843
0.92	15.065684487795547
0.93	16.907253744066495
0.9400000000000001	20.979347419830972
0.9500000000000001	22.327004193101345
0.96	20.91508362841639
0.97	19.67930803815532
0.98	25.461427466387534
0.99	23.74768680291652
1.0	23.6067373937922
1.01	18.800455636865756
1.02	18.582289300134168
1.03	18.960927537112727
1.04	29.622808671273763
1.05	32.8696563084887
1.06	29.27236512601625
1.07	23.0882146073971
1.08	18.851909363523106
1.09	21.9667502084375
1.1	22.492603744149747
1.11	22.034325665591656
1.12	27.63522017943732
1.1300000000000001	32.25920557964638
1.1400000000000001	27.418394291332568
1.1500000000000001	21.97990149677038
1.16	24.472288138065636
1.17	29.33921256962182
1.18	28.268444740415298
1.19	29.06882034726387
1.2	26.471503797199126
1.21	21.82801192783774
1.22	17.510822194979166
1.23	14.285028131385463
1.24	16.57666510631913
1.25	14.657146009385256
1.26	16.4921259633342
1.27	12.671507000984297
1.28	10.154273883263658
1.29	9.129159429884627
1.3	8.498263079370568
1.31	10.517554070501852
1.32	11.848690005258012
1.33	16.155498336494794
1.34	16.672780296054988
1.35	17.383453053698098
1.36	23.934155705541396
1.37	21.045711797186176
1.3800000000000001	16.207850172289067
1.3900000000000001	15.503537695775133
1.4000000000000001	15.681493790680998
1.41	14.302181934926715
1.42	10.871710042759325
1.43	14.683244397249297
1.44	19.45304386246831
1.45	15.2751592676186
1.46	12.824896223529423
1.47	9.932497350223663
1.48	8.226133453357583
1.49	7.719415815453913
1.5	7.389697569584328
1.51	8.76191593150615
1.52	8.417867853573584
1.53	11.118839982661695
1.54	13.208448645370582
1.55	15.585243053013883
1.56	13.179284973516108
1.57	15.43398859981241
1.58	15.88834451474422
1.59	17.220986288998887
1.6	13.221063779156706
1.61	19.295733312235253
1.62	21.100496344341288
1.6300000000000001	16.78940241094444
1.6400000000000001	18.623973100263353
1.6500000000000001	23.467181510057355
1.6600000000000001	23.26193121027872
1.67	30.512943450137794
1.68	26.716249311362514
1.69	28.833006513664476
1.7	25.514715460538984
1.71	22.422358477633267
1.72	22.496303862207974
1.73	20.90214014177459
1.74	17.035532912208875
1.75	27.90772660740969
1.76	24.93336944014815
1.77	28.137295248312565
1.78	29.18081429265326
1.79	22.839073950283954
1.8	21.55500484622507
1.81	21.77372876373324
1.82	22.7859652771939
1.83	18.23278272512039
1.84	14.77053280462458
1.85	14.078844106059474
1.86	15.825169155519689
1.87	16.890642459569328
1.8800000000000001	14.394221955526728
1.8900000000000001	12.94561252477277
1.9000000000000001	18.335714667279642
1.9100000000000001	17.166241694777728
1.92	17.765276046502795
1.93	17.852789515982032
1.94	16.213976858883804
1.95	15.448631881444012
1.96	15.81957887038266
1.97	14.065201705539542
1.98	13.968513433643304
1.99	13.31869045875533
2.0	13.032861742415443
2.0100000000000002	10.527632733815835
2.02	8.333448111766812
2.0300000000000002	6.572297288409641
2.04	4.720828179419664
2.05	5.6899098072463445
2.06	10.307442560044692
2.07	14.358221343283642
2.08	14.743870589412595
2.09	11.27080145967714
2.1	8.881452331050491
2.11	8.729408373396442
2.12	9.362633846318001
2.13	12.181707354881093
2.14	9.066611481353457
2.15	12.90862152263349
2.16	19.326056073713346
2.17	25.13876551375618
2.18	28.043191024012213
2.19	27.187679813640326
2.2	22.873943938140492
2.21	18.094012185539835
2.22	14.803730708353378
2.23	13.822827286471664
2.24	19.25049453385677
2.25	18.156696279108708
2.2600000000000002	17.805858703743507
2.27	22.84549991075571
2.2800000000000002	18.089847160793735
2.29	15.100584466393444
2.3000000000000003	11.168248373533512
2.31	12.632230085760607
2.32	13.879428938757993
2.33	17.94819672782693
2.34	14.569950769375259
2.35	11.718215651758536
2.36	9.433839929109496
2.37	8.854397731450325
2.38	8.359136306639666
2.39	6.4659822719883415
2.4	8.943819227129662
2.41	8.130660435091023
2.42	8.197675540747824
2.43	10.701103908657258
2.44	14.216660211411345
2.45	17.274905563371536
2.46	20.587418337044145
2.47	16.2977936057564
2.48	13.451691229928157
2.49	18.607169079548434
2.5	14.440293606726359
2.5100000000000002	15.932934501812026
2.52	13.39060640615652
2.5300000000000002	13.575023003105503
2.54	17.22255026887013
2.5500000000000003	19.48600424761905
2.56	18.21607952963073
2.57	20.9964631354615
2.58	23.403648623661752
2.59	22.166847377997534
2.6	23.028099888033857
2.61	17.705822966595836
2.62	19.12428282215439
2.63	23.8390080402333
2.64	28.167196546819515
2.65	25.41195794973373
2.66	29.81320556074153
2.67	27.799000005314998
2.68	27.6014410590364
2.69	32.63902133385891
2.7	27.928610916944145
2.71	25.27748525399954
2.72	21.771741729946434
2.73	20.341033713471873
2.74	19.17911081006115
2.75	18.121127480000567
2.7600000000000002	19.183753329397366
2.77	17.92083223982964
2.7800000000000002	18.397076757356825
2.79	13.94959777567093
2.8000000000000003	12.886664866394248
2.81	11.310285063772215
2.82	9.329011575237592
2.83	11.839034414396037
2.84	9.590527929736362
2.85	11.509900587890812
2.86	9.279326230692332
2.87	7.670272034853579
2.88	7.777978816862671
2.89	5.9230474887742
2.9	4.003130655185234
2.91	2.9597422601647674
2.92	0.8233370453717807
2.93	1.9224677783076505
2.94	6.015332886242055
2.95	7.479337291886792
2.96	9.868964408501016
2.97	9.943498535977989
2.98	7.705778021167997
2.99	11.746771821517717
3.0	14.265490258712441
3.0100000000000002	15.228612511152685
3.02	11.413762898856458
3.0300000000000002	8.493222555420404
3.04	5.893253240876443
3.0500000000000003	2.691337687716417
3.06	-5.579351182903046
3.0700000000000003	-9.462020755771698
3.08	-7.837226573898123
3.09	-10.187925422773576
3.1	-10.104491293205275
3.11	-9.201308858070947
3.12	-9.13376027518539
3.13	-6.465544691687403
3.14	-5.308762058040734
3.15	-4.192841763248725
3.16	-3.2656535226364913
3.17	-4.587974746597669
3.18	-6.596157890384194
3.19	-6.0281881283793
3.2	-4.9965719789225576
3.21	-3.4830162876967767
3.22	-6.2382121951148015
3.23	-3.288915798412537
3.24	-3.413643659153075
3.25	-3.6437041095390823
3.2600000000000002	-1.1798203062026078
3.27	-0.8089234564973268
3.2800000000000002	-2.437544953563423
3.29	-6.5573213769710685
3.3000000000000003	-9.564259188829249
3.31	-12.187642849246819
3.3200000000000003	-14.212863409449557
3.33	-11.780244356369094
3.34	-9.87407584455935
3.35	-13.399462455731788
3.36	-14.902681502123958
3.37	-15.063739669968129
3.38	-20.073115535200788
3.39	-24.03817690924225
3.4	-26.315838762929488
3.41	-23.199849117799527
3.42	-21.024024932558707
3.43	-24.195840075926487
3.44	-25.467448048580422
3.45	-20.764420958085598
3.46	-16.2446470119884
3.47	-12.298100299561392
3.48	-9.268401061251597
3.49	-6.438042631239057
3.5	-8.900851699103537
3.5100000000000002	-9.020077659624002
3.52	-7.309047550846587
3.5300000000000002	-5.836015315375246
3.54	-7.879257548653033
3.5500000000000003	-8.569043635265556
3.56	-8.702547527473756
3.5700000000000003	-6.825929235142771
3.58	-7.798425647820383
3.59	-16.642724075872806
3.6	-12.885441798111243
3.61	-11.033029266543572
3.62	-8.71936663552748
3.63	-6.891278325062444
3.64	-9.908830922328885
3.65	-13.062827996023072
3.66	-12.47198603775922
3.67	-18.996623491461627
3.68	-22.910998008874568
3.69	-20.096273299596763
3.7	-19.183931549778357
3.71	-18.356145427962012
3.72	-15.842133120192527
3.73	-17.758707826325185
3.74	-16.243934406294365
3.75	-16.59191687047841
3.7600000000000002	-14.343708547886528
3.77	-26.743789820102094
3.7800000000000002	-29.892651147330792
3.79	-34.48116863955363
3.8000000000000003	-29.796754820682743
3.81	-29.47956920076854
3.8200000000000003	-33.05867533585793
3.83	-27.639122737464326
3.84	-23.058903550033197
3.85	-19.31255444284335
3.86	-18.077635490281104
3.87	-14.026707972794506
3.88	-14.875285621603703
3.89	-13.357702913120407
3.9	-11.862241632155435
3.91	-13.358528565511445
3.92	-13.45889695214841
3.93	-14.931536820376538
3.94	-13.271624020959981
3.95	-14.480880648144804
3.96	-16.073018143995785
3.97	-13.644873877850811
3.98	-12.049303646074648
3.99	-9.612655952482445
4.0	-6.717757380741715
4.01	-5.041184093595897
4.0200000000000005	-4.190025095849206
4.03	-0.25838653787251076
4.04	4.53779060178009
4.05	1.0472111191475308
4.0600000000000005	0.5721025040650219
4.07	-2.6288814146455075
4.08	-0.43638888636564754
4.09	1.01375561989775
4.1	4.3102027254408375
4.11	3.0890610467819135
4.12	4.209646523181665
4.13	7.266651217714064
4.14	11.955100834406046
4.15	12.796480549617096
4.16	27.660464125539836
4.17	24.46834953854773
4.18	18.948417369974724
4.19	17.255462217234996
4.2	14.921539892200366
4.21	22.543217451382592
4.22	22.901015620604145
4.23	20.580175945908984
4.24	20.016328083911898
4.25	22.864603233633705
4.26	26.741612704414926
4.2700000000000005	25.52414024931966
4.28	25.559007076273307
4.29	19.937254300370974
4.3	15.917704157058665
4.3100000000000005	15.149975752447405
4.32	13.322649973998862
4.33	10.925999931193978
4.34	10.332407793256225
4.3500000000000005	12.38866915322352
4.36	12.762386055829655
4.37	15.319242272413096
4.38	12.27407811526328
4.39	10.167166863645658
4.4	11.099598325955998
4.41	9.427115145495236
4.42	10.138423927882322
4.43	20.661644648102623
4.44	22.64218021981528
4.45	18.401515351002065
4.46	13.723753173424145
4.47	19.497633957446467
4.48	17.353211118674547
4.49	15.064505110738859
4.5	13.637697751388744
4.51	15.039102817020467
4.5200000000000005	11.755584501827247
4.53	9.432856865970333
4.54	8.206656285102095
4.55	7.321497520062556
4.5600000000000005	16.622259059267414
4.57	21.211721181615474
4.58	23.12508833951289
4.59	23.542978221754773
4.6000000000000005	31.517452064155737
4.61	25.366842691518084
4.62	24.921642539998654
4.63	19.68151834317457
4.64	15.558305136525478
4.65	12.448744829912512
4.66	11.888731372071595
4.67	12.436419197763687
4.68	12.566057793543651
4.69	12.858318322466184
4.7	11.050368652750151
4.71	11.640888692040672
4.72	8.952880154416436
4.73	8.200718050104935
4.74	6.21082309233345
4.75	6.828010112335358
4.76	8.991889171861462
4.7700000000000005	9.020947374285445
4.78	9.480879127412933
4.79	7.547109140182667
4.8	5.186306912955656
4.8100000000000005	6.019033655706827
4.82	7.512123293681708
4.83	9.55928736525178
4.84	8.590860710545599
4.8500000000000005	7.590370976696665
4.86	7.59238643731289
4.87	6.312115647743054
4.88	7.102772796645934
4.89	9.719127425374328
4.9	7.689122645041166
4.91	6.216394478403486
4.92	5.055669635172479
4.93	6.923477110022937
4.94	9.007362774123065
4.95	11.331831291884152
4.96	10.024727781367563
4.97	8.574622697687426
4.98	7.810592323164527
4.99	11.236658919378765
5.0	8.645334768434939
5.01	6.148491699474494
5.0200000000000005	8.880823603346633
5.03	8.665645645531024
5.04	7.878736786938587
5.05	8.297866920142015
5.0600000000000005	10.548059964850312
5.07	11.79708126721986
5.08	19.137102908582204
5.09	16.937640357562987
5.1000000000000005	13.217309446068631
5.11	10.373503310653486
5.12	11.74653927602457
5.13	16.812569642984332
5.14	20.651254419889618
5.15	26.298606220418403
5.16	28.241872551588006
5.17	24.579670084305032
5.18	23.1787839105767
5.19	22.046544228170067
5.2	21.714607614751586
5.21	19.38064557971142
5.22	18.1354642544017
5.23	14.818153670945444
5.24	13.329840406376933
5.25	12.005629701525569
5.26	14.833308804475953
5.2700000000000005	12.726161300131414
5.28	11.980975438064004
5.29	14.264129290289283
5.3	15.434784135546437
5.3100000000000005	15.806492684486416
5.32	17.065232228196766
5.33	21.98533573451984
5.34	24.125651707392347
5.3500000000000005	22.763013566156673
5.36	22.11329608429157
5.37	17.95939199959226
5.38	24.773888059427428
5.39	22.26321307109798
5.4	18.997433489542534
5.41	17.882707067880663
5.42	15.655174704521494
5.43	15.302085721530359
5.44	12.87597197119858
5.45	14.652184867947808
5.46	13.714391910569129
5.47	18.791463883756755
5.48	19.771153779938867
5.49	18.709575246120615
5.5	16.59386355020932
5.51	18.232744685195648
5.5200000000000005	15.493223373278342
5.53	13.892075361806675
5.54	15.413866437802012
5.55	12.123395042885068
5.5600000000000005	15.843806226466729
5.57	12.478470525790582
5.58	9.755564992465208
5.59	7.784129116821254
5.6000000000000005	7.071294267146044
5.61	8.972992992935886
5.62	8.195589072261694
5.63	11.056315637951709
5.64	9.689316193197598
5.65	9.713441024425599
5.66	8.990265406175762
5.67	12.34815790116033
5.68	12.829285416714812
5.69	14.675314388573083
5.7	12.049936263235804
5.71	13.25210867545287
5.72	16.658191432648174
5.73	13.843117431637822
5.74	15.145347950527226
5.75	18.015580848472485
5.76	22.05262357262303
5.7700000000000005	21.015911733679705
5.78	16.614263631864922
5.79	22.351725767975143
5.8	22.085288932994306
5.8100000000000005	21.388662257114063
5.82	20.584536056970702
5.83	15.689191589537337
5.84	17.316135077747504
5.8500000000000005	22.904493473531286
5.86	22.4484264949121
5.87	20.557189032977274
5.88	18.95496434984537
5.89	20.358571238647286
5.9	25.746788883953442
5.91	22.031876252131532
5.92	20.972571529157438
5.93	19.812015885197052
5.94	15.789323401103522
5.95	13.724210797029759
5.96	17.615772056012535
5.97	17.254824459851264
5.98	24.74923670645328
5.99	19.373996149958096
6.0	21.879322366249976
6.01	22.929525709188084
6.0200000000000005	19.333437332144154
6.03	16.064312669134335
6.04	16.749367448252443
6.05	20.561647441888855
6.0600000000000005	17.84425357755436
6.07	17.34763129537958
6.08	14.803839915596214
6.09	15.584868401483204
6.1000000000000005	15.990232329252096
6.11	18.15289644016446
6.12	20.24307364768165
6.13	29.737981840857323
6.140000000000001	26.501425129928943
6.15	23.66196369156616
6.16	23.63195802831103
6.17	18.758084157028584
6.18	17.12152483021297
6.19	18.342370631190573
6.2	20.492626422840175
6.21	16.359986798685796
6.22	15.560988523429668
6.23	14.231937038658698
6.24	11.33445687387624
6.25	8.324117128007908
6.26	5.107320432228719
6.2700000000000005	4.505329361327834
6.28	8.69708896637183
6.29	8.535430940579532
6.3	8.858793358914355
6.3100000000000005	13.769227461295886
6.32	12.555165142556742
6.33	8.39399618314283
6.34	8.319798751398398
6.3500000000000005	9.335597954738487
6.36	9.851028484141002
6.37	6.7325384522360485
6.38	6.454244202186572
6.390000000000001	13.701846824498388
6.4	21.960499054084142
6.41	19.04020966238367
6.42	17.727863876598146
6.43	15.603202348685654
6.44	15.346564281936413
6.45	11.75514753976818
6.46	16.92678358221514
6.47	14.401275117925527
6.48	14.073604830686179
6.49	14.638813393488174
6.5	18.406633742026674
6.51	22.60265474709865
6.5200000000000005	18.12508599594545
6.53	20.059204719460652
6.54	27.00688343698975
6.55	25.75333141395446
6.5600000000000005	27.77055272955194
6.57	26.675168283801618
6.58	34.06642685992928
6.59	31.068983736476447
6.6000000000000005	25.988472911577702
6.61	23.270666703495777
6.62	19.36239863895573
6.63	19.999471860843443
6.640000000000001	17.827961414125618
6.65	18.076640635789367
6.66	18.56056953884075
6.67	15.235264551734382
6.68	14.203095353773287
6.69	15.096231504952778
6.7	15.815243555427982
6.71	12.691880352586859
6.72	9.828513518579049
6.73	8.33038690981038
6.74	7.099202814127048
6.75	6.939831301066652
6.76	11.034608730229468
6.7700000000000005	13.178356646884389
6.78	15.557531703917816
6.79	14.651352172241454
6.8	15.947021817516264
6.8100000000000005	12.484894296498632
6.82	9.775223178412675
6.83	9.204058644750285
6.84	10.771252991665007
6.8500000000000005	9.417215560256297
6.86	8.945613056185785
6.87	8.529643667601047
6.88	12.15781344659813
6.890000000000001	12.780083829011035
6.9	14.68830644398654
6.91	13.605700660302002
6.92	19.115655995053068
6.93	20.014817256691313
6.94	20.66189279828497
6.95	18.28279604355432
6.96	29.28497221921076
6.97	25.105427979669646
6.98	22.428793266029704
6.99	20.36561169101279
7.0	17.354275465160796
7.01	20.83815865868126
7.0200000000000005	22.803467896239237
7.03	22.275849322985334
7.04	21.672720401280195
7.05	17.713078831005838
7.0600000000000005	14.957750477247563
7.07	15.563174627466012
7.08	15.155593913063903
7.09	13.511808487337168
7.1000000000000005	14.49664799912562
7.11	11.131743557512436
7.12	11.15391600433665
7.13	10.939280973776752
7.140000000000001	8.319070670025596
7.15	8.08482140596515
7.16	5.76193546969581
7.17	12.995381788619653
7.18	11.360681173535232
7.19	18.51912785881571
7.2	15.44079318421766
7.21	16.853648717542654
7.22	20.843286051147025
7.23	17.94191392708965
7.24	18.89289593976358
7.25	15.8605688578427
7.26	14.760230358119843
7.2700000000000005	19.462695552776722
7.28	20.752278384914202
7.29	24.26841759303927
7.3	19.415603593129937
7.3100000000000005	14.562789593220174
7.32	11.613357547278031
7.33	9.01594522188435
7.34	10.026403002802988
7.3500000000000005	18.2270338894336
7.36	17.34087899903176
7.37	18.431790644071828
7.38	18.252716060259242
7.390000000000001	16.935456702224908
7.4	15.07853024203318
7.41	16.62256829514379
7.42	19.43238161774296
7.43	20.360140913119398
7.44	19.13142038979282
7.45	18.23914131204504
7.46	20.363339174079105
7.47	18.547402800894098
7.48	18.242741633680573
7.49	17.740195545335148
7.5	16.973405842209814
7.51	17.01522353703552
7.5200000000000005	18.09389107595975
7.53	14.584571125523627
7.54	17.131137174424445
7.55	18.083817268170463
7.5600000000000005	22.597253659510933
7.57	22.589956313726102
7.58	19.96795140005804
7.59	18.81755834292577
7.6000000000000005	15.208236668500554
7.61	11.99681187798427
7.62	9.65161040842751
7.63	17.05818557444428
7.640000000000001	14.246698563724607
7.65	11.461033925040434
7.66	12.906388212836525
7.67	12.609261684374905
7.68	16.63952867232317
7.69	13.686037418283366
7.7	15.757672629448049
7.71	14.966040932518787
7.72	17.57155384504277
7.73	21.46939115350945
7.74	18.992395816460665
7.75	15.065394681171812
7.76	13.122681181634242
7.7700000000000005	19.866675928196376
7.78	16.75106732184214
7.79	17.32755840167111
7.8	18.952054956026448
7.8100000000000005	14.835234871284923
7.82	12.27182241244576
7.83	11.659722675453967
7.84	14.976961256149309
7.8500000000000005	11.491868479425952
7.86	12.940740481081905
7.87	10.123108487635886
7.88	5.7222577406293755
7.890000000000001	6.554322652792815
7.9	3.8959713357973125
7.91	1.7725695104468049
7.92	3.9729399732725166
7.930000000000001	5.997997786936246
7.94	5.012835442566047
7.95	4.959561223825909
7.96	0.78533474483877
7.97	-5.397233616936964
7.98	-6.819000485446116
7.99	-9.063736696945302
8.0	-13.892934379525963
8.01	-14.68311495244515
8.02	-11.416795972701328
8.03	-10.89945727132294
8.040000000000001	-11.773130707297296
8.05	-11.380618873269453
8.06	-8.73274062471452
8.07	-6.318176269158515
8.08	-4.188251300421992
8.09	-3.9079750816905685
8.1	-7.354941696038155
8.11	-6.4079029559121645
8.120000000000001	-3.095384753431483
8.13	-2.3239968918565372
8.14	-2.5241260112598805
8.15	-3.392646587657544
8.16	-4.131237006926297
8.17	-6.520278338937377
8.18	-8.640426419030101
8.19	-10.464279196059298
8.2	-13.108969469897989
8.21	-17.51116379652835
8.22	-19.70889469359337
8.23	-14.189480270714444
8.24	-11.07735129601641
8.25	-16.71680692461275
8.26	-17.894973593880906
8.27	-26.50731910325047
8.28	-40.41111901814572
8.290000000000001	-32.50595961304403
8.3	-30.896388509868817
8.31	-26.29818310185172
8.32	-30.352724626448417
8.33	-26.822318860934992
8.34	-30.275536783399414
8.35	-24.614071428987582
8.36	-20.3513892836741
8.370000000000001	-22.335011714378552
8.38	-23.47558576129257
8.39	-19.93198475523789
8.4	-23.423996313628926
8.41	-24.162366444962043
8.42	-23.07134121990764
8.43	-18.845709837075272
8.44	-16.433053229893552
8.45	-13.167679732354747
8.46	-11.203272901135957
8.47	-16.700142315099445
8.48	-13.484896922928845
8.49	-12.728908840588671
8.5	-13.974194718804274
8.51	-11.047974695995249
8.52	-9.865606232479191
8.53	-10.028925329240382
8.540000000000001	-10.893838398882949
8.55	-10.046773425498344
8.56	-7.457332892337594
8.57	-11.624282919788575
8.58	-17.612053227537416
8.59	-14.964186624176518
8.6	-13.778227612196604
8.61	-18.49357423903247
8.620000000000001	-22.757085348623608
8.63	-20.079325100122745
8.64	-16.42231939449005
8.65	-12.40124056517377
8.66	-9.762437367477409
8.67	-8.771171095983325
8.68	-11.952307197871487
8.69	-8.204628767150812
8.700000000000001	-10.96345961372327
8.71	-16.203183835167394
8.72	-14.696112846329914
8.73	-22.079528996315833
8.74	-20.247901590350153
8.75	-21.352040148616346
8.76	-18.01712542711896
8.77	-16.41894354479052
8.78	-13.557868636541551
8.790000000000001	-11.113177329786685
8.8	-25.739682662852665
8.81	-28.793356160584615
8.82	-30.65643120976806
8.83	-27.128562463941183
8.84	-22.19811715865386
8.85	-19.668940747432014
8.86	-17.604239550337393
8.870000000000001	-17.390574339408396
8.88	-13.666601616730196
8.89	-11.612622914623127
8.9	-10.98709011473157
8.91	-14.831900943666755
8.92	-11.373706889446447
8.93	-10.279256467130468
8.94	-8.633431367754769
8.950000000000001	-12.346784856182596
8.96	-17.389722963936023
8.97	-17.708615973046733
8.98	-15.490520941994784
8.99	-12.252131585277374
9.0	-12.335664078793586
9.01	-14.269779298205314
9.02	-14.058933332141443
9.03	-13.446286676204815
9.040000000000001	-14.09987404716695
9.05	-17.533772814693886
9.06	-23.01806083754103
9.07	-25.992944483413318
9.08	-24.51752284594491
9.09	-27.73380233867836
9.1	-28.208081711006624
9.11	-32.80065067421556
9.120000000000001	-33.34389939940754
9.13	-34.06797465367649
9.14	-28.410182661929884
9.15	-26.040056018168872
9.16	-28.807577345284002
9.17	-29.890880019129362
9.18	-22.385288681227355
9.19	-19.78721417260646
9.200000000000001	-24.535186551928433
9.21	-28.590432877791194
9.22	-22.711524034084437
9.23	-18.842712944949184
9.24	-17.750320231144205
9.25	-15.578375233245746
9.26	-13.471269021498781
9.27	-13.233710009148535
9.28	-14.010832102697114
9.290000000000001	-16.668184771354365
9.3	-25.948245592162113
9.31	-22.42932088824531
9.32	-18.73615889974326
9.33	-20.672075224330023
9.34	-22.473996504087484
9.35	-20.14709335334415
9.36	-25.586818784785187
9.370000000000001	-32.3416671622854
9.38	-26.676130587652523
9.39	-27.259736829639888
9.4	-25.085448245417073
9.41	-26.170131386168975
9.42	-26.779203870660986
9.43	-31.884588309011576
9.44	-25.86876673687811
9.450000000000001	-25.431613782608704
9.46	-19.70231027285484
9.47	-22.740377005448835
9.48	-24.829489925513467
9.49	-28.586665825441496
9.5	-27.236819546758753
9.51	-23.899569727989544
9.52	-18.78718647913072
9.53	-27.88613572201659
9.540000000000001	-24.70692826779827
9.55	-25.772514541840906
9.56	-22.100298699816378
9.57	-22.299193839835
9.58	-20.57699553225023
9.59	-17.12917554917843
9.6	-17.170971914276603
9.61	-18.62239368727569
9.620000000000001	-18.51452925960443
9.63	-18.197232373677814
9.64	-14.74275423388627
9.65	-16.582798245645062
9.66	-13.859040787326904
9.67	-20.705404696312648
9.68	-22.93701528714047
9.69	-27.093823583866353
9.700000000000001	-30.040512846960862
9.71	-29.539334823245945
9.72	-32.58300256633107
9.73	-30.103554505217176
9.74	-24.657845984488535
9.75	-22.116830160088004
9.76	-19.894168735916757
9.77	-16.750810735862494
9.78	-13.370378210663604
9.790000000000001	-12.821403204196427
9.8	-13.658945012215666
9.81	-11.819605726877786
9.82	-10.895275559602467
9.83	-8.323045957041627
9.84	-11.57237922501287
9.85	-13.567456493700394
9.86	-13.9193570296459
9.870000000000001	-18.6469290483314
9.88	-19.59399518866161
9.89	-24.051801784055744
9.9	-19.690030316231127
9.91	-25.976455112352728
9.92	-22.26513257198177
9.93	-22.750760957179285
9.94	-20.284472048524975
9.950000000000001	-18.309401399768536
9.96	-19.73227864103193
9.97	-17.624413487161846
9.98	-18.92182580338109
9.99	-21.4872466936624
10.0	-24.130111569258812
10.01	-21.713003184546814
10.02	-22.970850535200032
10.03	-21.945111557282072
10.040000000000001	-18.590302364193754
10.05	-15.758496723241532
10.06	-17.413784469263913
10.07	-17.961391171879672
10.08	-17.152746363799963
10.09	-17.945883706005393
10.1	-18.72985488085509
10.11	-15.056341750030947
10.120000000000001	-13.158764129274715
10.13	-14.980236037389021
10.14	-14.614824317358774
10.15	-14.978383539197596
10.16	-15.142727106172455
10.17	-13.97257111079103
10.18	-13.42051678950788
10.19	-18.241676510242527
10.200000000000001	-14.484005607873694
10.21	-15.929094567906816
10.22	-12.589024144116957
10.23	-18.24575721945517
10.24	-15.601089506355065
10.25	-13.371825537240957
10.26	-18.078549167232428
10.27	-16.715865286842376
10.28	-13.690894781137528
10.290000000000001	-12.346470047244813
10.3	-10.972560361669036
10.31	-10.590271474860707
10.32	-8.732173159398664
10.33	-8.317656217703911
10.34	-8.032033394695153
10.35	-6.847433696904179
10.36	-5.6517227410925726
10.370000000000001	-6.173083687858498
10.38	-6.110925801860999
10.39	-10.66205655216241
10.4	-9.02477155623195
10.41	-6.227544826453992
10.42	-4.872753414007995
10.43	-2.2701519776141597
10.44	-3.8494193074820706
10.450000000000001	1.0807021696351065
10.46	1.6286769022906176
10.47	-2.4766793081765446
10.48	-3.1411431850609834
10.49	1.8935165405342387
10.5	3.5056752927814943
10.51	0.9596308314683817
10.52	-1.717362081704119
10.53	-2.0266396756091334
10.540000000000001	-6.50460079823057
10.55	-6.185093737570202
10.56	-7.798867875969958
10.57	-8.080177595378414
10.58	-8.508922404012097
10.59	-10.839598845852699
10.6	-8.936844305830533
10.61	-10.633477099649031
10.620000000000001	-13.088986241758983
10.63	-9.892911077089993
10.64	-13.49151392824537
10.65	-13.780476367280183
10.66	-16.867073087040353
10.67	-12.925659158712635
10.68	-12.734467254234678
10.69	-11.426098113752118
10.700000000000001	-14.375502274920077
10.71	-19.570097255596984
10.72	-24.939722858694417
10.73	-24.835358192033564
10.74	-23.845488852495297
10.75	-21.552633110433103
10.76	-25.97638163975216
10.77	-20.2361479736485
10.78	-22.614243442120067
10.790000000000001	-18.389007851806475
10.8	-17.538455940387088
10.81	-13.69297962533772
10.82	-12.072904603284277
10.83	-11.558760274811362
10.84	-8.949704024386973
10.85	-3.9415564751247962
10.86	-1.3504711099190545
10.870000000000001	-1.8730415236578888
10.88	0.09327614615958729
10.89	3.535984514320365
10.9	4.281568901364006
10.91	3.1625281119183275
10.92	-0.3357137362334403
10.93	-1.9104739971728597
10.94	1.8692477425347214
10.950000000000001	2.593880080702487
10.96	5.971165174581787
10.97	3.910998842806047
10.98	5.974288571990831
10.99	7.379195865441209
11.0	8.45366170881514
11.01	15.5236822668848
11.02	11.751972838135137
11.03	11.076110894370862
11.040000000000001	9.783634639054668
11.05	10.0240666657178
11.06	9.879232329363358
11.07	12.73716718713206
11.08	10.12899589574743
11.09	7.573970310683424
11.1	7.75513946302064
11.11	14.741146031929679
11.120000000000001	12.5544932243343
11.13	14.453382899112658
11.14	10.592872298952809
11.15	8.002813320509077
11.16	6.239837146129384
11.17	7.944202151874215
11.18	6.352923232173685
11.19	5.031897135048719
11.200000000000001	6.237998018473745
11.21	6.124880332779607
11.22	8.048655717569282
11.23	17.192620341069347
11.24	16.749339979298362
11.25	17.184622840145376
11.26	23.37497725381726
11.27	21.95875674481132
11.28	27.220201500088308
11.290000000000001	23.239616006713867
11.3	17.75891753391888
11.31	15.630518059865942
11.32	14.691245682564054
11.33	12.899734722028196
11.34	13.819378627475144
11.35	17.027070008401942
11.36	16.943139754622
11.370000000000001	15.263964341414688
11.38	14.02370913467973
11.39	12.03390471160171
11.4	11.545358701565766
11.41	9.89098108964337
11.42	15.928602084271711
11.43	13.565019105166103
11.44	23.39320962943898
11.450000000000001	22.565830339678072
11.46	20.459925073714395
11.47	18.068692795377927
11.48	14.964881513052303
11.49	14.425584297604459
11.5	17.45936479150176
11.51	20.564375385620966
11.52	18.94397855705086
11.53	22.887298638477695
11.540000000000001	18.87729463296129
11.55	18.921093125056576
11.56	17.669017034639246
11.57	17.419108659957427
11.58	22.56572379167343
11.59	25.45050938596269
11.6	20.533060812825205
11.61	22.163877322474896
11.620000000000001	22.05953973365009
11.63	16.9046757052631
11.64	13.39728895889709
11.65	12.512596198440727
11.66	10.525427905730535
11.67	10.640366576304489
11.68	14.5730411340583
11.69	18.04661873768544
11.700000000000001	15.832470355946564
11.71	13.774825484982356
11.72	12.941255740258063
11.73	9.276664647817938
11.74	6.501352922243539
11.75	6.73798356824592
11.76	7.844135217383036
11.77	6.270490878219025
11.78	7.064756985246602
11.790000000000001	10.871810794004258
11.8	13.179739141278407
11.81	15.329104079326045
11.82	13.173321599406394
11.83	10.031112097016594
11.84	9.72111882797051
11.85	8.865711122886124
11.86	10.27616796606638
11.870000000000001	10.745282514738802
11.88	11.40595357008662
11.89	9.48087916436888
11.9	5.763088968817583
11.91	3.9158347627576324
11.92	3.8356190368440357
11.93	3.4677605158161477
11.94	8.452666963122635
11.950000000000001	9.23271547896005
11.96	7.19348482534899
11.97	12.555928415636783
11.98	9.832218632772841
11.99	8.480582707044508
12.0	9.810956179001222
12.01	11.611839502644521
12.02	10.5136445500374
12.030000000000001	11.701218778145156
12.040000000000001	10.850836684939056
12.05	10.397329240807966
12.06	10.143147644053505
12.07	8.701996067516639
12.08	6.946562962901611
12.09	7.879846294098524
12.1	7.272995747042157
12.11	15.268378222507957
12.120000000000001	24.862153062247522
12.13	20.849552948406984
12.14	16.245181019550273
12.15	14.467685055313424
12.16	12.551708690887587
12.17	10.21952511880694
12.18	10.06641416949417
12.19	12.767091386746166
12.200000000000001	9.831474992713959
12.21	12.026626428270589
12.22	13.596069597451924
12.23	13.793570782415035
12.24	11.630378380671347
12.25	12.106387543752458
12.26	10.754293525998639
12.27	12.8770398589995
12.280000000000001	10.89291207124385
12.290000000000001	9.173099162566814
12.3	7.973071637328053
12.31	12.670642252589802
12.32	14.848541841126252
12.33	15.190128174628198
12.34	13.898728228347208
12.35	14.28920393016376
12.36	10.840936651815644
12.370000000000001	13.357647941039906
12.38	14.539740243862521
12.39	15.902265050968953
12.4	18.869879477059513
12.41	20.268434152294237
12.42	18.57031878675222
12.43	14.41120049840806
12.44	10.637372755775457
12.450000000000001	8.117437786894468
12.46	15.885453955942479
12.47	16.302035571741534
12.48	16.692958620929033
12.49	16.43386678014785
12.5	25.50859714818432
12.51	19.284217697975436
12.52	17.81865654132897
12.530000000000001	16.7536621833896
12.540000000000001	18.74911610485297
12.55	18.60136156742065
12.56	15.11259695800238
12.57	16.28806809989906
12.58	15.905285725043079
12.59	13.208571229611687
12.6	17.648874527361368
12.61	27.979429852399303
12.620000000000001	23.00489322368673
12.63	19.298662857182496
12.64	18.647204905785614
12.65	16.300290149903695
12.66	17.95020020564781
12.67	15.629884553430069
12.68	20.05470895422332
12.69	23.369071049334885
12.700000000000001	21.97519229991054
12.71	25.449399744906252
12.72	26.96606756604148
12.73	22.85122948016437
12.74	23.119437125008925
12.75	20.103284258515917
12.76	20.163454938669943
12.77	17.626190824025155
12.780000000000001	16.61114286686862
12.790000000000001	13.411466581836269
12.8	17.115365233582366
12.81	16.818702212944775
12.82	21.543466213767186
12.83	20.69805150634307
12.84	18.69877718564945
12.85	22.086094836948288
12.86	18.94553761586264
12.870000000000001	19.23490264749787
12.88	17.161875088461347
12.89	15.136758014278831
12.9	13.124370522248332
12.91	11.877298295726288
12.92	13.767446117170312
12.93	14.62114671299387
12.94	12.499985893919238
12.950000000000001	13.928649629362395
12.96	18.506702959942235
12.97	18.17205619835203
12.98	18.894095253278465
12.99	16.743057112938846
13.0	13.847206561110026
13.01	14.497157685633171
13.02	14.161838946413345
13.030000000000001	16.59465359289588
13.040000000000001	16.41164290123267
13.05	21.918505001899874
13.06	18.71183115625471
13.07	16.80874747777826
13.08	12.786366051267613
13.09	15.923900562259988
13.1	18.36643553952784
13.11	19.115774700963005
13.120000000000001	15.5927630123957
13.13	13.420491574007288
13.14	15.618924250302548
13.15	18.342654612672074
13.16	18.577845349994945
13.17	21.517489967505345
13.18	17.824725107637686
13.19	22.42520794455098
13.200000000000001	18.77863861844352
13.21	18.35187882986211
13.22	20.594533248740895
13.23	19.108817874168107
13.24	17.837099634480946
13.25	18.14883176824139
13.26	21.35101761217772
13.27	16.89013017987308
13.280000000000001	13.743196461834028
13.290000000000001	12.288684340262892
13.3	13.016632716949474
13.31	15.229982778775678
13.32	28.138021922310095
13.33	23.532882184876925
13.34	27.28365062957045
13.35	22.106590740243504
13.36	21.537278230494
13.370000000000001	18.294883796511858
13.38	15.486441145549476
13.39	13.994793898086723
13.4	12.263169008458059
13.41	12.171522254397596
13.42	13.014428521009764
13.43	21.225785362766494
13.44	19.4448484326497
13.450000000000001	20.099942792776947
13.46	17.454924027347506
13.47	16.27878461608027
13.48	13.47512871851694
13.49	15.690354879555786
13.5	22.8215304712412
13.51	35.67912420214945
13.52	27.681520251633064
13.530000000000001	26.34806828273792
13.540000000000001	30.890252208580367
13.55	26.89141476098775
13.56	23.88828874413405
13.57	18.749088974606096
13.58	16.91308389766829
13.59	16.380850722365125
13.6	15.720804344767469
13.61	12.628516394400219
13.620000000000001	13.128367597049413
13.63	18.81566129041729
13.64	28.222386651383992
13.65	27.224474383323436
13.66	20.952912804057274
13.67	19.996196801887088
13.68	17.0999251208602
13.69	21.335648164396122
13.700000000000001	16.56420574675019
13.71	12.409706477068628
13.72	12.63963990360829
13.73	12.034394319517663
13.74	9.42113217437733
13.75	8.673191067326261
13.76	8.28463753602183
13.77	7.530798413480602
13.780000000000001	7.5161696208964255
13.790000000000001	5.347674456707626
13.8	1.7327689181832238
13.81	1.9087469345088506
13.82	4.8571345206596455
13.83	8.159142463520622
13.84	8.846348466451214
13.85	9.994233009944212
13.86	9.865592493366785
13.870000000000001	10.526329308796605
13.88	10.422096510179353
13.89	12.393995690531789
13.9	12.10893773809774
13.91	20.064213111844616
13.92	19.83136652030778
13.93	16.733091070693007
13.94	15.262964859622128
13.950000000000001	18.35636783133551
13.96	15.865327539701898
13.97	12.615899048443458
13.98	13.695212136298892
13.99	11.864822275377122
14.0	12.739636862272603
14.01	13.639543835668759
14.02	15.213719371533166
14.030000000000001	23.819597576954298
14.040000000000001	25.665966413439943
14.05	27.64973893023905
14.06	22.874550595038038
14.07	22.52680974676075
14.08	23.41639703596928
14.09	22.11398717034992
14.1	25.09929234614698
14.11	23.89586404499183
14.120000000000001	25.374580576618936
14.13	29.119929889525935
14.14	24.42059735185858
14.15	21.00491145892281
14.16	17.685473158474764
14.17	17.3437493004406
14.18	19.30801544554137
14.19	22.708575818265377
14.200000000000001	20.16341470371658
14.21	15.98391184962573
14.22	15.876930292341282
14.23	23.214220574879366
14.24	18.670987319642414
14.25	15.319382790291089
14.26	12.778016882837626
14.27	10.083631621263876
14.280000000000001	6.41017120675923
14.290000000000001	9.92533776540222
14.3	14.1014048702257
14.31	9.936987923931044
14.32	11.916682472921165
14.33	10.360730778896517
14.34	10.751667998041246
14.35	9.374435433642885
14.36	8.293886006861287
14.370000000000001	6.301728033783678
14.38	7.541162558178925
14.39	8.689695570357046
14.4	11.844650720840557
14.41	9.058076112707763
14.42	11.246424964532133
14.43	12.785640584898575
14.44	14.541348767923026
14.450000000000001	12.069834815928514
14.46	10.836877344172787
14.47	12.684088813778452
14.48	15.485856461387648
14.49	17.85815901239127
14.5	15.223913733153246
14.51	18.781902006185103
14.52	15.17259725180517
14.530000000000001	16.178538831437706
14.540000000000001	14.05474015904561
14.55	13.55922448609697
14.56	15.981636612237915
14.57	13.689634188924229
14.58	10.717167844441905
14.59	10.458867112101888
14.6	12.296782827738648
14.61	24.783447597067024
14.620000000000001	23.834487568538275
14.63	18.379601719320224
14.64	17.266670949980092
14.65	24.07065658445382
14.66	24.647910108333754
14.67	29.61876512844365
14.68	31.15298131380514
14.69	28.300121274987937
14.700000000000001	25.93712620421107
14.71	31.74386807049212
14.72	27.830257758356307
14.73	31.61459425332325
14.74	27.93807973616215
14.75	28.321623504103922
14.76	22.13793969320516
14.77	17.630785682094505
14.780000000000001	13.922547816714115
14.790000000000001	10.925997180872224
14.8	9.512205197974763
14.81	14.5281347262032
14.82	13.52375906153945
14.83	12.2455662791682
14.84	15.802457785282629
14.85	14.832892373652946
14.86	19.867956249604326
14.870000000000001	18.82163439404486
14.88	14.629056123186185
14.89	15.297795350358763
14.9	13.677060545761911
14.91	11.15880404049934
14.92	11.67550588414054
14.93	10.737028247228704
14.94	16.536955622992828
14.950000000000001	14.683920351527085
14.96	25.11331107347668
14.97	23.942961740691032
14.98	29.16797883848402
14.99	23.874921562290787
15.0	21.5089751861368
15.01	17.80619491027085
15.02	16.446262524604673
15.030000000000001	12.438436947876
15.040000000000001	11.672625392846763
15.05	15.286176338511636
15.06	16.678720352467746
15.07	25.92173985885298
15.08	25.814254337348544
15.09	22.839704625298523
15.1	21.015274502126026
15.11	21.510450124851207
15.120000000000001	17.502401233108642
15.13	16.682109313205462
15.14	12.968901551340469
15.15	16.193952905986585
15.16	12.327566929541621
15.17	11.953917774232009
15.18	11.48731786639027
15.19	10.633442349441033
15.200000000000001	9.953442652099483
15.21	10.879514913767666
15.22	14.42645119966245
15.23	14.234547714331683
15.24	11.528190591779802
15.25	8.821833469227922
15.26	7.329276507219348
15.27	7.737103066781423
15.280000000000001	8.144929626343574
15.290000000000001	13.206883340201472
15.3	15.77779024243885
15.31	20.392697769961096
15.32	17.583424814511737
15.33	13.921030238889768
15.34	12.316798876051752
15.35	20.059437747449163
15.36	15.570938421148854
15.370000000000001	12.090392571387026
15.38	15.015344509457485
15.39	17.604163747595496
15.4	16.064653558251013
15.41	13.574061069878384
15.42	14.223578690500965
15.43	11.95688834021377
15.44	12.228490703536998
15.450000000000001	10.600639071875365
15.46	10.778284003190564
15.47	16.562885387308533
15.48	18.50058542685599
15.49	17.11322892102164
15.5	14.985440187063036
15.51	20.333055677207746
15.52	17.600549326987558
15.530000000000001	14.54857192412524
15.540000000000001	23.264915597993934
15.55	18.250186055762583
15.56	16.442396295556623
15.57	17.687381035253633
15.58	18.40314268253331
15.59	23.025193743076883
15.6	19.04514367578824
15.610000000000001	18.871070325205622
15.620000000000001	21.689691776929937
15.63	23.962231677086063
15.64	19.543919167647847
15.65	19.356364015101725
15.66	18.300282876332123
15.67	14.706057029165041
15.68	15.057100450162725
15.69	17.49552334541312
15.700000000000001	18.649632679187444
15.71	26.297721861913498
15.72	23.39830481404082
15.73	22.631915645790798
15.74	20.892276693947824
15.75	17.78084708549321
15.76	14.865621780105725
15.77	20.090640229820703
15.780000000000001	16.312440391357924
15.790000000000001	24.431616433721533
15.8	19.76133536748204
15.81	26.559074152303058
15.82	26.585734768131783
15.83	22.53727089541011
15.84	18.05278590814243
15.85	18.06346726016181
15.860000000000001	16.93557578369457
15.870000000000001	26.636067781233347
15.88	26.17073304938638
15.89	27.2519810011333
15.9	22.364214861303058
15.91	21.74376076237222
15.92	21.877867840552
15.93	17.361150150524256
15.94	19.550007565820117
15.950000000000001	20.366571767817682
15.96	19.406598859625916
15.97	21.230787531338148
15.98	24.282809358286357
15.99	24.912628745380456
16.0	23.998395922340656
16.01	25.453130043430548
16.02	26.256540512245543
16.03	24.15240753796001
16.04	24.46966888379226
16.05	25.305687284936806
16.06	24.312839610321838
16.07	19.86742144977268
16.080000000000002	16.076849897242187
16.09	13.992413213009444
16.1	16.562454408613128
16.11	17.601905689036034
16.12	17.580072864565462
16.13	19.52350867604546
16.14	14.662573017939435
16.15	16.688625036021048
16.16	14.938045733083866
16.17	14.095149134833656
16.18	10.234979527571337
16.19	9.266308105692435
16.2	9.6125343273274
16.21	13.904199840753181
16.22	16.252752868611914
16.23	20.745725851063305
16.240000000000002	22.4000699392569
16.25	19.180091982296812
16.26	15.413721166688848
16.27	12.044879988017236
16.28	14.056759423276079
16.29	15.033792864976494
16.3	21.53089415331888
16.31	20.158383487163242
16.32	18.255465392038477
16.330000000000002	14.152239013516846
16.34	16.034107112072817
16.35	15.188766719073522
16.36	15.902625754861415
16.37	17.157487357111368
16.38	14.252006841583661
16.39	11.623456508498837
16.4	8.858771826615348
16.41	10.715969165226815
16.42	16.96735971326224
16.43	22.18442163147141
16.44	21.04975296102204
16.45	17.625211286191785
16.46	15.181786324077736
16.47	19.03573758616859
16.48	17.36714497277984
16.490000000000002	28.464923737370768
16.5	28.158633227046582
16.51	24.568201732781777
16.52	19.529509526640126
16.53	27.240765492812436
16.54	22.532441197657008
16.55	21.83189430707717
16.56	18.91259516231362
16.57	16.01591280463409
16.580000000000002	15.814969162805138
16.59	15.911029788659649
16.6	18.761166936821827
16.61	22.36511848782607
16.62	19.559140846899684
16.63	17.342434399758382
16.64	22.80732801347664
16.65	18.046357913465283
16.66	15.579497073902948
16.67	11.201681552787983
16.68	10.192385181571332
16.69	11.883304622692071
16.7	19.374436865794188
16.71	18.342281520696112
16.72	16.225492809387863
16.73	13.423935697424376
16.740000000000002	19.006294012501247
16.75	20.29219428161884
16.76	20.595330035707924
16.77	27.22702169926733
16.78	26.255896869282747
16.79	24.881969727673756
16.8	20.49234036655041
16.81	16.833404888000384
16.82	17.163862658579145
16.830000000000002	17.52589885623947
16.84	29.95623814052522
16.85	29.857702489238125
16.86	22.8750687808296
16.87	25.268539723308727
16.88	20.11809572702896
16.89	19.22204689043782
16.9	17.938443632949774
16.91	25.807665250163726
16.92	32.425902529914595
16.93	26.960149955179602
16.94	25.61396410332199
16.95	23.65487419361009
16.96	19.533519756061402
16.97	16.410204083781384
16.98	17.525482416191927
16.990000000000002	18.444709863281158
17.0	15.914833933617487
17.01	14.50379174032358
17.02	16.373101990397902
17.03	13.43057026287581
17.04	17.702622980628135
17.05	16.122383210198514
17.06	16.724227215281694
17.07	13.352395914089081
17.080000000000002	15.808391082717586
17.09	24.493718672491834
17.1	21.625800743382058
17.11	21.484872977293186
17.12	21.0876699771737
17.13	18.373972012728434
17.14	17.764076649772893
17.150000000000002	15.328564328594172
17.16	14.776260479245508
17.17	13.458585723713044
17.18	9.081304052193415
17.19	14.839358553610824
17.2	13.668624408476544
17.21	14.232975336137066
17.22	17.23380854800614
17.23	19.30701741769804
17.240000000000002	20.25106867024166
17.25	22.54607240574947
17.26	18.22038341028846
17.27	17.699825064369634
17.28	22.201490812324703
17.29	19.392062095983103
17.3	17.14613527463879
17.31	15.470580233491685
17.32	19.703744486741304
17.330000000000002	19.797780100607106
17.34	22.921942175566766
17.35	21.650717900872532
17.36	22.93048330864831
17.37	18.572409662810447
17.38	17.406266342837714
17.39	25.07928065301476
17.400000000000002	19.75258845020519
17.41	15.458697608678412
17.42	11.912076873881519
17.43	8.487512240656928
17.44	6.741759127529707
17.45	5.309158669440229
17.46	5.663595244908982
17.47	13.625838075025506
17.48	12.044430853266284
17.490000000000002	12.039114403049446
17.5	10.115022349763517
17.51	8.124024155736866
17.52	8.164959275045026
17.53	8.703182356848307
17.54	8.597719023386563
17.55	10.971366323009683
17.56	7.862948961676922
17.57	4.4549859125307725
17.580000000000002	6.29949011314547
17.59	11.507988284657747
17.6	12.7373507068679
17.61	13.504897116465825
17.62	14.514636735796827
17.63	13.075741912366604
17.64	10.780146099238724
17.650000000000002	13.79676100049268
17.66	13.3366632820727
17.67	13.212233195737996
17.68	14.7932694999915
17.69	12.409828617059889
17.7	20.378721984546317
17.71	21.928870479995187
17.72	16.795374914424283
17.73	12.66180232141919
17.740000000000002	10.22446200560395
17.75	9.613200565434754
17.76	11.663684798547225
17.77	9.37712375091588
17.78	7.234997234824548
17.79	10.7310446989448
17.8	8.444047598352764
17.81	4.555283668455536
17.82	2.8185880736305178
17.830000000000002	4.5333602883182404
17.84	4.981212521656221
17.85	5.704883410156176
17.86	6.757051475734228
17.87	3.3074255716493437
17.88	4.165461149438798
17.89	5.9392871846450115
17.900000000000002	3.6749693578807263
17.91	2.830743193795251
17.92	6.145414829106059
17.93	8.357484594600484
17.94	11.004988495578617
17.95	12.842473602993289
17.96	17.83473770535183
17.97	20.172582301263745
17.98	17.83087650503748
17.990000000000002	15.10783127504464
18.0	13.846981879904089
18.01	16.73608454684833
18.02	16.051326612161787
18.03	15.886288741619197
18.04	24.427539530880733
18.05	21.308828720696123
18.06	20.702653321262108
18.07	21.77517357648452
18.080000000000002	25.6309530718221
18.09	27.96114993015803
18.1	26.05600788706362
18.11	19.53281644219913
18.12	15.157734548022693
18.13	14.39196775215735
18.14	13.879516980458193
18.150000000000002	14.846092339523366
18.16	16.374111962263324
18.17	17.60250976343263
18.18	17.165380279353116
18.19	13.473917189185705
18.2	20.73216547832027
18.21	23.621033768816357
18.22	21.34681562177216
18.23	16.663598888495905
18.240000000000002	14.749450377451419
18.25	12.952754520238637
18.26	11.611344935928885
18.27	17.416257268304598
18.28	22.224149347132542
18.29	22.252536503741148
18.3	17.088942804051584
18.31	12.686233557973917
18.32	11.532007388969918
18.330000000000002	10.926200471838495
18.34	7.9660136744037295
18.35	7.914213906324905
18.36	9.371264726691058
18.37	9.068275450636953
18.38	9.990729748371065
18.39	7.670235631615202
18.400000000000002	9.103201870589405
18.41	9.388299001407791
18.42	8.844511495904547
18.43	9.737066473933886
18.44	5.752973845289968
18.45	4.619866215478567
18.46	9.359707021476481
18.47	10.358111470493922
18.48	7.737284015576776
18.490000000000002	9.933566995265322
18.5	9.86581807947121
18.51	6.363756454543685
18.52	4.791021513743772
18.53	5.924802416581572
18.54	4.51121605235315
18.55	1.884940803566064
18.56	0.9533491252067371
18.57	-2.84674329914266
18.580000000000002	-1.616372882021776
18.59	3.1118814788080953
18.6	4.037411526871226
18.61	8.39443238154873
18.62	5.570088674984356
18.63	2.5586172837795065
18.64	-2.846345343027069
18.650000000000002	-6.160894671747179
18.66	-5.983876188930689
18.67	-6.921491686698471
18.68	-2.6414083451853045
18.69	-6.247565991052413
18.7	-4.838165353090319
18.71	-3.0760048826154986
18.72	-5.663900088331171
18.73	-5.397631909513574
18.740000000000002	-7.737168140263408
18.75	-6.075466275125584
18.76	-3.1544800299785365
18.77	-1.772321544675338
18.78	-2.5545800366433777
18.79	-0.9063094035173477
18.8	-0.6550047232045665
18.81	-7.3583029905726605
18.82	-8.54942237965825
18.830000000000002	-8.932708279417623
18.84	-11.64391551390803
18.85	-9.28096883431
18.86	-6.734903650715749
18.87	-5.571882047804366
18.88	-5.583419672044162
18.89	-3.2146793255944
18.900000000000002	0.4809238887574072
18.91	0.6592780050983977
18.92	-0.2604899659911919
18.93	-2.410763616989816
18.94	-7.032146969781978
18.95	-8.326852795350135
18.96	-7.93627102002242
18.97	-9.40573481342483
18.98	-11.106995384157617
18.990000000000002	-9.772939225447576
19.0	-8.490929379220178
19.01	-13.420397271316897
19.02	-13.618036134246859
19.03	-12.031002441866743
19.04	-11.29991934741798
19.05	-8.92317602189636
19.06	-8.848076938960343
19.07	-9.073829113268815
19.080000000000002	-10.742461355429688
19.09	-14.79958782787898
19.1	-13.898671418567444
19.11	-15.860951731273541
19.12	-14.792838855636532
19.13	-14.067572441300943
19.14	-15.860317555580648
19.150000000000002	-17.715904313068943
19.16	-13.583124248164632
19.17	-10.441750103435279
19.18	-7.5896459078973155
19.19	-3.591541480334822
19.2	-3.1632206233941065
19.21	-2.2402717984396157
19.22	1.3000441890657402
19.23	6.759570711970424
19.240000000000002	6.272526137567894
19.25	5.52184358292709
19.26	6.002424950729867
19.27	3.2580886679904797
19.28	0.7477883790802188
19.29	1.4263947536522266
19.3	0.4589752142798362
19.31	-0.7047378838912647
19.32	0.5981632536564532
19.330000000000002	-2.548857977817562
19.34	-3.6203473492604625
19.35	-7.320042450787577
19.36	-6.781787047787319
19.37	-7.64347442788289
19.38	-11.712802605711245
19.39	-9.194215716243857
19.400000000000002	-11.569712662526047
19.41	-10.387939308651385
19.42	-21.877108460770867
19.43	-25.007202889061773
19.44	-19.37019488159334
19.45	-19.48092355700999
19.46	-23.106107459815018
19.47	-18.58788060922953
19.48	-18.251852136471527
19.490000000000002	-19.61210639256463
19.5	-16.14286920587415
19.51	-12.54110239127774
19.52	-11.642747777160684
19.53	-11.89054984312218
19.54	-13.881883098218246
19.55	-10.677748450993603
19.56	-9.578946226742218
19.57	-9.229243114334176
19.580000000000002	-5.638313879593901
19.59	-8.412036405735465
19.6	-6.163588123670981
19.61	-4.6487290694296615
19.62	-2.4127900430900437
19.63	-1.1105292554588686
19.64	-0.3606333876107032
19.650000000000002	-0.580180020416214
19.66	2.470555359197003
19.67	-1.7258508229905796
19.68	-3.5625137010433243
19.69	1.646570201775422
19.7	8.575806743639669
19.71	7.931146841675825
19.72	7.4543058535384175
19.73	6.29088112507161
19.740000000000002	9.317386068297425
19.75	11.479762063344996
19.76	11.372723871906233
19.77	7.40525139833446
19.78	7.013608466800196
19.79	6.281360691260166
19.8	9.157471655947623
19.81	11.204836612345169
19.82	8.201221195218446
19.830000000000002	8.28553225507011
19.84	10.772149211417233
19.85	9.319100770714547
19.86	7.942136312726475
19.87	12.076255726925746
19.88	11.979725424141373
19.89	12.595519181746942
19.900000000000002	17.325454074001954
19.91	21.30062264521927
19.92	22.45033276742609
19.93	24.947438670234927
19.94	31.634217880359746
19.95	34.50761833949155
19.96	28.735019863871887
19.97	24.510390881718912
19.98	19.926315599417777
19.990000000000002	23.270188796780403
20.0	20.10962085310213
20.01	16.88585189246137
20.02	19.533371659675964
20.03	21.274367939620603
20.04	20.023052584894625
20.05	16.217013468534336
20.06	20.023912216948187
20.07	20.623184286670405
20.080000000000002	18.125242919677444
20.09	24.677004106338583
20.1	23.392838161186507
20.11	25.233816434843575
20.12	19.769709497130986
20.13	16.973442350010927
20.14	12.536064196044103
20.150000000000002	15.991045074924163
20.16	15.211208147187449
20.17	18.123372179818485
20.18	14.009776810815671
20.19	10.69624263602225
20.2	7.106994544493963
20.21	6.402530836026828
20.22	8.860920015033463
20.23	13.039242962597486
20.240000000000002	11.522578170970748
20.25	13.056103563093949
20.26	11.5016387243873
20.27	14.857875404354042
20.28	19.06176242377407
20.29	23.35013244484245
20.3	20.46942741680168
20.31	18.907670985484653
20.32	19.98102527267414
20.330000000000002	20.049086484978552
20.34	17.825325104622852
20.35	21.229876051746658
20.36	16.62190511265146
20.37	13.58615949080959
20.38	11.697510817516928
20.39	11.935399865243031
20.400000000000002	10.270850075642734
20.41	8.599085099328354
20.42	5.693935300835204
20.43	12.570699891947015
20.44	13.37846197961463
20.45	13.648448335793864
20.46	11.971541006307389
20.47	9.150156973648462
20.48	7.725802382307181
20.490000000000002	9.164415460229216
20.5	8.597964102927964
20.51	8.247688434463017
20.52	9.25329545220073
20.53	11.168953366703853
20.54	11.664164339014182
20.55	11.019974969877453
20.56	21.421803551554557
20.57	23.61308664353657
20.580000000000002	23.26742641188688
20.59	19.183315535401142
20.6	18.111959971156708
20.61	14.574543996752688
20.62	16.162566608535496
20.63	20.955504440750218
20.64	23.30762872163006
20.650000000000002	24.50267906325803
20.66	26.96662162060998
20.67	26.894375873312356
20.68	30.56032269781278
20.69	35.26072054669901
20.7	31.965349731978726
20.71	30.996260696261512
20.72	25.66552825677848
20.73	23.510896181840263
20.740000000000002	23.15429580869422
20.75	29.958156541902547
20.76	24.978104666367667
20.77	23.832627010089727
20.78	21.1964994527362
20.79	15.595466474779295
20.8	19.071811323452806
20.81	17.371572221296578
20.82	13.952693362915396
20.830000000000002	11.855008288885418
20.84	8.841541676119402
20.85	4.9153066222628325
20.86	6.2526690334531345
20.87	7.154385115016649
20.88	5.836063975225808
20.89	5.47960546724698
20.900000000000002	7.3633450609758
20.91	8.287901727424764
20.92	12.156994644219832
20.93	13.658650755455367
20.94	12.346914398557788
20.95	10.889845039952892
20.96	13.247774240596181
20.97	14.01825626493811
20.98	13.444025499301125
20.990000000000002	15.629195280824632
21.0	18.48798407420276
21.01	20.668195142128717
21.02	16.723629380177577
21.03	13.580778613781831
21.04	11.651099094612782
21.05	10.299205831651134
21.06	16.04293657931616
21.07	13.63194029586271
21.080000000000002	12.837023548690226
21.09	11.955440582288054
21.1	13.697671998439628
21.11	13.451374396772511
21.12	11.791939340515405
21.13	16.92263094894281
21.14	19.518917672170232
21.150000000000002	18.34250404385254
21.16	22.133704325826187
21.17	20.912004077352375
21.18	21.945477427575813
21.19	18.22566290595468
21.2	17.580109013665044
21.21	20.658739676040128
21.22	18.12235128744077
21.23	19.01470216736108
21.240000000000002	16.020908540271613
21.25	13.222690276979257
21.26	12.063111731839943
21.27	15.846098280557
21.28	17.32170475902813
21.29	15.911110666075635
21.3	18.900865812064737
21.31	16.829760330777898
21.32	14.294029037679271
21.330000000000002	14.045185045942201
21.34	16.90201729364587
21.35	21.20657354808918
21.36	27.536078585532387
21.37	22.163263561038022
21.38	19.23060255437319
21.39	16.43651690210923
21.400000000000002	23.372425102779857
21.41	26.54587028955943
21.42	24.29640349817925
21.43	20.79659566092255
21.44	18.510744984391337
21.45	25.725101026863722
21.46	20.01846845769054
21.47	16.512553554652623
21.48	20.769135030990004
21.490000000000002	24.861896944757927
21.5	20.48064165989691
21.51	26.098032257813635
21.52	23.6145569766932
21.53	22.725971260556438
21.54	29.2030607383528
21.55	30.74988041060807
21.56	24.879617614408772
21.57	21.32884207563172
21.580000000000002	20.200312394886975
21.59	19.087738162012094
21.6	18.73132706738985
21.61	19.05896789796101
21.62	16.35374656084622
21.63	17.210464422128783
21.64	14.861894317952785
21.650000000000002	18.398014792166116
21.66	15.079454072858606
21.67	18.70117197283487
21.68	15.901873930557871
21.69	14.101043075869045
21.7	15.660032734477051
21.71	28.698830898164037
21.72	28.694769775789187
21.73	22.291651569537276
21.740000000000002	19.181806818207523
21.75	19.422555997965965
21.76	20.63169938262946
21.77	23.235370010130783
21.78	18.078256509069167
21.79	13.959089418643327
21.8	15.136681556222744
21.81	16.1499377003508
21.82	14.12445073919149
21.830000000000002	16.623758825516635
21.84	16.30403777182163
21.85	16.803389830086406
21.86	14.050504484721538
21.87	11.49803768098204
21.88	9.539173976890154
21.89	16.433403982461833
21.900000000000002	12.762306858677961
21.91	11.13182613176051
21.92	10.05979919080392
21.93	8.513839837106175
21.94	10.710861180399217
21.95	13.841805509407305
21.96	13.594106453284104
21.97	14.889301304356486
21.98	13.407224630889996
21.990000000000002	10.574760168227312
22.0	19.35488765721733
22.01	20.290988284352988
22.02	20.590971072429003
22.03	19.064814700377703
22.04	20.981497991228245
22.05	21.158972761090123
22.06	21.47605182171764
22.07	27.319661725112983
22.080000000000002	24.99002947491464
22.09	23.43361732530608
22.1	23.419841783338576
22.11	18.861594287263937
22.12	14.975674584836584
22.13	18.568372672628715
22.14	19.910662869965325
22.150000000000002	24.10958890960266
22.16	18.42548906903541
22.17	14.436009544181609
22.18	17.656870799166885
22.19	15.5936695949627
22.2	15.740582929133192
22.21	26.611433935325508
22.22	24.612964597661794
22.23	22.557109964782086
22.240000000000002	22.668563451766797
22.25	24.59214072868099
22.26	20.975166269955743
22.27	22.298341155426996
22.28	17.47070584151547
22.29	15.356001793348506
22.3	13.378936416003258
22.31	19.473633630010326
22.32	15.159559082365007
22.330000000000002	14.358468070995224
22.34	16.935319343608306
22.35	13.631312327829923
22.36	17.578825926990895
22.37	21.051689083999367
22.38	21.249666044752793
22.39	20.13006221771388
22.400000000000002	15.588245299324825
22.41	14.30148780904568
22.42	21.322890948856042
22.43	19.492546954931747
22.44	17.56233202263338
22.45	19.29928734941369
22.46	15.92181657997672
22.47	14.404835413759342
22.48	11.531460654482949
22.490000000000002	14.88516083202883
22.5	16.272372221387315
22.51	20.469910607148844
22.52	17.078161110304585
22.53	13.050632270822804
22.54	14.662547826590467
22.55	24.842942182858227
22.56	23.268075968910722
22.57	22.049648953420306
22.580000000000002	18.014965642964547
22.59	15.260448790412754
22.6	12.723268161064643
22.61	9.982210036566316
22.62	8.601739831085089
22.63	6.957232913497299
22.64	7.2861996986059605
22.650000000000002	7.972935416577851
22.66	7.572825270573476
22.67	6.542583285781771
22.68	6.760187347532632
22.69	6.204478898606318
22.7	6.56624659142743
22.71	9.278101502065546
22.72	9.353766809154
22.73	8.790671318639008
22.740000000000002	6.685320307178326
22.75	8.313247086149207
22.76	5.803250536023688
22.77	3.4005171276339627
22.78	-0.3341791520603259
22.79	1.3885344885483484
22.8	1.669450627410738
22.81	1.0339982961316674
22.82	-0.05431515559036565
22.830000000000002	-1.6463649839424737
22.84	-5.770570421919376
22.85	-4.797230443133392
22.86	-7.446036697019828
22.87	-13.26789082955162
22.88	-12.430344922983544
22.89	-10.783834739894651
22.900000000000002	-8.908392886285322
22.91	-8.769813953942034
22.92	-5.64020404634463
22.93	-11.670568474027984
22.94	-12.998041988763541
22.95	-11.774466798963603
22.96	-13.95527602760936
22.97	-15.84053402452657
22.98	-19.062048554857178
22.990000000000002	-18.82323196649395
23.0	-16.34567926621509
23.01	-16.909020474028008
23.02	-13.90966175555933
23.03	-19.123578715908753
23.04	-18.617028068190653
23.05	-16.489580144996907
23.06	-16.618451392383186
23.07	-17.06714733270856
23.080000000000002	-15.736098788387023
23.09	-12.300004680803903
23.1	-10.503205844422972
23.11	-9.495938223574647
23.12	-8.997116478742926
23.13	-8.832936614593846
23.14	-6.562569999725315
23.150000000000002	-13.409352410205843
23.16	-12.29048452090551
23.17	-10.095310950689496
23.18	-15.107392520939278
23.19	-14.9256222123531
23.2	-14.0790956772458
23.21	-17.122329769882274
23.22	-18.371778725793863
23.23	-19.097134002989094
23.240000000000002	-19.64667743846409
23.25	-17.674987662380165
23.26	-20.7467229782735
23.27	-18.591062017882805
23.28	-16.73883464482913
23.29	-13.505404272025045
23.3	-16.989088734222445
23.31	-15.756991044192352
23.32	-26.118195124755076
23.330000000000002	-23.933890338943254
23.34	-19.552469908354915
23.35	-17.719028891705864
23.36	-14.57588255917665
23.37	-15.265854315707053
23.38	-12.107345212492953
23.39	-12.278252577992905
23.400000000000002	-20.331951392657118
23.41	-18.386889015006286
23.42	-15.014470630951829
23.43	-11.689016902153334
23.44	-9.448489281929906
23.45	-12.500641427844327
23.46	-12.254352140693593
23.47	-17.418244704713846
23.48	-17.58163168864558
23.490000000000002	-17.854004623205366
23.5	-21.553320798334017
23.51	-18.665539435697493
23.52	-17.797010059933267
23.53	-16.06439133929441
23.54	-14.479744200998889
23.55	-14.507053142302286
23.56	-9.852130915335666
23.57	-6.323724497492882
23.580000000000002	-10.550323488559794
23.59	-9.693091758516092
23.6	-13.402066730956891
23.61	-11.119418200296776
23.62	-13.803926568100763
23.63	-10.446650339184373
23.64	-8.556827494188651
23.650000000000002	-9.945681268808466
23.66	-8.04944460855016
23.67	-7.885587451447228
23.68	-5.771805583465017
23.69	-3.6244763503720367
23.7	-3.3092123212133977
23.71	-3.8083714210617488
23.72	-5.6173991150663625
23.73	-5.6116388165528885
23.740000000000002	-8.847815096368135
23.75	-8.395091634789983
23.76	-14.075581387370471
23.77	-18.24565855650536
23.78	-19.214551122427746
23.79	-18.406943901754683
23.8	-30.30933470455851
23.81	-27.350986736296424
23.82	-31.01716367924965
23.830000000000002	-27.454818517466848
23.84	-26.55028182829866
23.85	-26.645845956181986
23.86	-20.746939193469267
23.87	-17.25173281558557
23.88	-13.699207460558972
23.89	-14.812889994109359
23.900000000000002	-14.769967451080813
23.91	-13.235141473175162
23.92	-14.50065738712628
23.93	-16.251339243584365
23.94	-25.865670424169604
23.95	-23.177708695013752
23.96	-18.191114166489864
23.97	-15.781274821660974
23.98	-20.62563133207515
23.990000000000002	-16.28689411901921
24.0	-13.630306407482843
24.01	-10.626432821590805
24.02	-11.666321324011198
24.03	-9.767267894699161
24.04	-11.37059296207952
24.05	-11.661620395877353
24.060000000000002	-17.205074537193973
24.07	-14.448968610954031
24.080000000000002	-12.450096403411406
24.09	-13.996425508698703
24.1	-21.51921005903119
24.11	-20.98368112884212
24.12	-28.158843054698508
24.13	-27.244828884000096
24.14	-22.6141130534857
24.150000000000002	-20.36592481066723
24.16	-17.977255236084055
24.17	-18.082135534434766
24.18	-18.896475600202663
24.19	-19.13588120206511
24.2	-25.976125658723824
24.21	-27.123568506585574
24.22	-29.771975792127062
24.23	-24.681741335365423
24.240000000000002	-21.57317565905807
24.25	-21.256305937308206
24.26	-17.85095814613124
24.27	-19.016945546561804
24.28	-14.959480834340537
24.29	-15.522134959208467
24.3	-15.406776402435833
24.310000000000002	-19.63009133558814
24.32	-20.80747827952299
24.330000000000002	-23.12223033039115
24.34	-24.07600017370668
24.35	-22.292454088288327
24.36	-24.81458189285347
24.37	-24.23918117962098
24.38	-21.10861358778221
24.39	-18.40320744308458
24.400000000000002	-16.845443527649866
24.41	-19.589785058629428
24.42	-16.60932144175602
24.43	-13.65467985119733
24.44	-12.348051532536225
24.45	-14.461992741274585
24.46	-12.590884377543857
24.47	-11.793115991359647
24.48	-11.230511119757596
24.490000000000002	-11.058470154522198
24.5	-10.28361995968148
24.51	-8.692213793257594
24.52	-9.475484673368149
24.53	-9.212784010632518
24.54	-9.4510512287962
24.55	-10.04426668007726
24.560000000000002	-10.488492814646209
24.57	-9.143732888681507
24.580000000000002	-14.680523363377993
24.59	-19.950499555607756
24.6	-17.69164924408168
24.61	-23.75694746457222
24.62	-28.371583945000086
24.63	-30.240092155960365
24.64	-24.170396031634834
24.650000000000002	-22.738965914584384
24.66	-22.401155286309436
24.67	-20.42294193567862
24.68	-30.078422392069598
24.69	-27.419373969734263
24.7	-25.566983212531085
24.71	-21.40098622033436
24.72	-19.041479345732984
24.73	-18.304742111140392
24.740000000000002	-16.79704327513452
24.75	-15.759351281913256
24.76	-14.942161645271998
24.77	-11.648383670527927
24.78	-15.489571047028397
24.79	-14.848777068152154
24.8	-14.148776221241638
24.810000000000002	-11.67196957473768
24.82	-14.620901878840698
24.830000000000002	-15.898137920727182
24.84	-15.149072841365529
24.85	-16.374800386208804
24.86	-17.85408390878645
24.87	-14.995951314527533
24.88	-15.828196279953033
24.89	-15.178564621097182
24.900000000000002	-13.249123655277572
24.91	-14.473096787498568
24.92	-12.54919517735526
24.93	-11.182651496606793
24.94	-9.734973597936333
24.95	-9.469724816276406
24.96	-7.567202859940778
24.97	-9.407870164004741
24.98	-12.199377631242726
24.990000000000002	-10.36938573653198
25.0	-11.811882897902663
25.01	-9.66952796128979
25.02	-7.5413567304469655
25.03	-8.268599229679241
25.04	-14.6355300987855
25.05	-15.892145348897591
25.060000000000002	-16.378206141889365
25.07	-13.29961541936546
25.080000000000002	-14.957035932485345
25.09	-14.747944785443801
25.1	-14.315986695954521
25.11	-14.777679237748297
25.12	-12.219146488733982
25.13	-13.519682335266623
25.14	-10.983303509542282
25.150000000000002	-8.44692468381794
25.16	-7.947282022556569
25.17	-7.570031426308091
25.18	-7.059029174302599
25.19	-8.25854202830364
25.2	-7.715603614870852
25.21	-8.261200420384549
25.22	-10.455320565082399
25.23	-9.043012933756446
25.240000000000002	-12.235866004305642
25.25	-10.164732144093893
25.26	-11.553112086507511
25.27	-9.430347511818908
25.28	-8.709073015568649
25.29	-9.089349439675601
25.3	-14.263081335811739
25.310000000000002	-13.916024817083478
25.32	-14.8710445096075
25.330000000000002	-16.304492741574833
25.34	-15.336967273803108
25.35	-12.757172740597344
25.36	-10.95120600583295
25.37	-10.93935735158032
25.38	-10.584446613037068
25.39	-11.44482508385472
25.400000000000002	-11.821528008595958
25.41	-10.94051404383726
25.42	-11.09567712569507
25.43	-11.030111299876413
25.44	-14.214037961809785
25.45	-11.676761954749162
25.46	-11.791258249245578
25.47	-10.792984091634674
25.48	-11.77750837589278
25.490000000000002	-8.706677336033323
25.5	-9.41897687886578
25.51	-10.525946453478461
25.52	-8.33074119054771
25.53	-6.886488966736646
25.54	-8.29911065138518
25.55	-9.698294586575479
25.560000000000002	-8.764652667528415
25.57	-11.643385532216731
25.580000000000002	-10.599910717655307
25.59	-9.859044724492298
25.6	-8.892308030611105
25.61	-5.0079257626795055
25.62	-7.0310111545055145
25.63	-9.602367391303321
25.64	-8.133751612521909
25.650000000000002	-7.069848079590447
25.66	-8.970307407164794
25.67	-9.434127548876175
25.68	-11.95249453452284
25.69	-13.806466640758645
25.7	-15.17192415598448
25.71	-13.549734209010133
25.72	-10.485812861074796
25.73	-7.492767793079392
25.740000000000002	-11.078552721623902
25.75	-14.496374818865199
25.76	-15.765095451732245
25.77	-18.799754200532085
25.78	-20.72821879765403
25.79	-19.230555892348374
25.8	-18.7446499859122
25.810000000000002	-27.691357401376536
25.82	-28.57113541729931
25.830000000000002	-24.10283611350621
25.84	-20.29206401594358
25.85	-25.164505555453026
25.86	-28.07967230135693
25.87	-24.50432822551874
25.88	-23.69553602633382
25.89	-21.214804257196192
25.900000000000002	-16.59851626178749
25.91	-18.347816174404947
25.92	-15.143590464107355
25.93	-17.67502967177327
25.94	-17.651665567227674
25.95	-16.473031037213214
25.96	-20.12026180877548
25.97	-16.175171470344218
25.98	-13.939879755523284
25.990000000000002	-12.672909744286333
26.0	-16.440869354035488
26.01	-14.952694131064936
26.02	-12.935653613133102
26.03	-11.943171336603722
26.04	-10.806199615738572
26.05	-11.021107627294052
26.060000000000002	-11.701210109429862
26.07	-10.14819361064412
26.080000000000002	-9.652047578234624
26.09	-9.715306174161162
26.1	-11.835468336883066
26.11	-12.181312141052867
26.12	-14.574128902378614
26.13	-17.075560626298866
26.14	-15.837180536941233
26.150000000000002	-14.698215771895521
26.16	-12.85983906230231
26.17	-15.911217972131542
26.18	-13.642105068379676
26.19	-10.634144114017067
26.2	-10.359843660634727
26.21	-8.684416674240833
26.22	-9.228916139637903
26.23	-10.170716606304472
26.240000000000002	-11.196307889651454
26.25	-10.679491254216513
26.26	-10.174011153487474
26.27	-6.865736646703646
26.28	-5.96065994095769
26.29	-10.61069108423759
26.3	-13.808577747893022
26.310000000000002	-11.038694768568767
26.32	-10.09410161145429
26.330000000000002	-12.840161852142602
26.34	-20.30481899730834
26.35	-16.048784316109472
26.36	-15.88792460157459
26.37	-19.83501197140713
26.38	-20.015357822063134
26.39	-17.07808968706307
26.400000000000002	-22.030650023336385
26.41	-28.04432057063149
26.42	-26.88149119957532
26.43	-26.908450862525918
26.44	-22.077496477908692
26.45	-19.528966171105697
26.46	-21.84255379823273
26.47	-18.302271335573597
26.48	-21.22226965000835
26.490000000000002	-17.197683555359063
26.5	-20.802028628227283
26.51	-17.749239797461726
26.52	-15.201111625788611
26.53	-17.864070259767644
26.54	-13.864674457516623
26.55	-11.266072718295609
26.560000000000002	-10.876164592717469
26.57	-10.67698048907416
26.580000000000002	-13.173140520679427
26.59	-10.319687852829716
26.6	-8.151405560398652
26.61	-7.536859206468461
26.62	-14.724425681261263
26.63	-13.105277080935107
26.64	-13.66198563079284
26.650000000000002	-12.212100300139506
26.66	-11.050371067384331
26.67	-11.261167426643748
26.68	-16.882069523857517
26.69	-18.74976071623779
26.7	-17.456698065929775
26.71	-23.887631648774192
26.72	-23.097925036469054
26.73	-24.057240223193105
26.740000000000002	-24.97566489277197
26.75	-20.422750550379494
26.76	-15.334278439982041
26.77	-16.559218233296612
26.78	-12.592254376821359
26.79	-9.235366982761185
26.8	-10.68921967108595
26.810000000000002	-9.283837115022564
26.82	-7.311259883797197
26.830000000000002	-9.122776803399882
26.84	-17.16852470072353
26.85	-18.1214241564
26.86	-18.310235332301573
26.87	-14.88414185703948
26.88	-16.9708681837643
26.89	-13.383918497627786
26.900000000000002	-13.701874563959828
26.91	-13.645892281473056
26.92	-13.053878915390468
26.93	-15.696535277784161
26.94	-14.237022682514466
26.95	-12.36826921483337
26.96	-21.76816223489576
26.97	-23.784008630662377
26.98	-18.508973371761694
26.990000000000002	-15.638660731078456
27.0	-14.940345754624637
27.01	-20.985462415568577
27.02	-21.158477162652478
27.03	-16.80093489076902
27.04	-18.215034419436968
27.05	-15.781053079645789
27.060000000000002	-13.288508470309742
27.07	-11.658749210679394
27.080000000000002	-11.51737995781262
27.09	-12.645502868900648
27.1	-11.697534784027557
27.11	-9.447259519428933
27.12	-7.965305744004029
27.13	-5.458989123059778
27.14	-0.3081526281458016
27.150000000000002	2.970606856071149
27.16	0.7438935615117769
27.17	0.46579238402011175
27.18	-0.3345262742026768
27.19	0.45915599922432665
27.2	-2.2247328483816724
27.21	-3.928323507624619
27.22	-10.755748282951767
27.23	-9.866343866736244
27.240000000000002	-9.409444620336707
27.25	-12.354137460863573
27.26	-11.700548975523292
27.27	-10.493589649964413
27.28	-20.049699610231983
27.29	-24.0084935959639
27.3	-18.981161087971792
27.310000000000002	-17.80113169798533
27.32	-23.47389714749162
27.330000000000002	-25.49198511103767
27.34	-19.753934547527052
27.35	-18.72409211178069
27.36	-17.113454531740803
27.37	-12.2445057301293
27.38	-12.09182420588177
27.39	-8.504301942758955
27.400000000000002	-10.584757096331478
27.41	-25.312620497923547
27.42	-23.906822477729364
27.43	-24.3280878364934
27.44	-26.81371568227852
27.45	-22.58234699981969
27.46	-17.61889116254859
27.47	-13.870947321833269
27.48	-10.670195589559121
27.490000000000002	-12.743112030655496
27.5	-10.627148239546395
27.51	-10.549055689520515
27.52	-8.852232302405136
27.53	-9.512648964534081
27.54	-7.843602290318621
27.55	-12.555736114224793
27.560000000000002	-16.581565569405804
27.57	-26.87179324630259
27.580000000000002	-23.194843426299993
27.59	-20.93581359790959
27.6	-19.436236216207973
27.61	-19.940308629032383
27.62	-15.512564166024323
27.63	-13.959101765041641
27.64	-19.03992242883529
27.650000000000002	-27.55132371534302
27.66	-27.59073335835979
27.67	-24.428078178165368
27.68	-25.880651810244906
27.69	-20.2301017677713
27.7	-21.29799905017034
27.71	-19.66906149236922
27.72	-24.90850770670698
27.73	-23.624226918945144
27.740000000000002	-19.75343606312039
27.75	-17.873793133176424
27.76	-17.583202185334816
27.77	-18.073079049579366
27.78	-19.23938756092511
27.79	-16.571726991357302
27.8	-13.113912460207482
27.810000000000002	-9.232308589056457
27.82	-13.905735567718446
27.830000000000002	-11.376572038037443
27.84	-11.195868943543445
27.85	-14.154875406765333
27.86	-20.436114206896832
27.87	-17.768100315922574
27.88	-20.303448808604752
27.89	-16.037765293216488
27.900000000000002	-15.317956871789479
27.91	-13.421901389474383
27.92	-14.535747460115262
27.93	-15.212483361820057
27.94	-12.108036162838058
27.95	-10.917590317163839
27.96	-12.331119301705508
27.97	-13.65974051527338
27.98	-14.243670745221436
27.990000000000002	-15.025471166972805
28.0	-17.70542903447101
28.01	-18.462571316581858
28.02	-15.645855034524672
28.03	-12.68353890371002
28.04	-11.63209362499259
28.05	-13.003304226151704
28.060000000000002	-16.67746108731086
28.07	-15.267402077502116
28.080000000000002	-12.852863717687764
28.09	-20.662904835443353
28.1	-25.299429430416087
28.11	-24.882214991838204
28.12	-19.69342595381612
28.13	-16.220724350499324
28.14	-13.3550635764551
28.150000000000002	-15.499854212995801
28.16	-15.592191340252855
28.17	-16.72976095898909
28.18	-26.38334650910922
28.19	-26.547318997681504
28.2	-29.035179472199662
28.21	-27.13237693697761
28.22	-26.70074877506015
28.23	-21.07237767959676
28.240000000000002	-16.888494293008662
28.25	-14.72456697086147
28.26	-14.826948604591633
28.27	-12.610474286049138
28.28	-15.337409984037844
28.29	-16.07533568940179
28.3	-15.162434884570077
28.310000000000002	-12.193389378296581
28.32	-13.546103983822281
28.330000000000002	-13.138220780570425
28.34	-12.241898328984197
28.35	-12.74320332869869
28.36	-15.64339691309995
28.37	-20.633333411477455
28.38	-23.56366870211492
28.39	-26.643888319760205
28.400000000000002	-22.47581855382603
28.41	-17.438569596054347
28.42	-16.84588573009668
28.43	-14.500475929800166
28.44	-14.989567348070663
28.45	-12.21966729744278
28.46	-10.089658323686079
28.47	-9.337776586286175
28.48	-7.126638562654737
28.490000000000002	-8.64401423240112
28.5	-11.033914464616032
28.51	-9.009044384894262
28.52	-11.561454697376181
28.53	-8.964412358874837
28.54	-9.387354180813045
28.55	-9.711692302818934
28.560000000000002	-8.272095760182426
28.57	-11.088236469105416
28.580000000000002	-10.164069454175173
28.59	-8.691864407061622
28.6	-6.347166962867161
28.61	-9.717213106283436
28.62	-10.608054523241192
28.63	-9.959810014580205
28.64	-14.967914566563111
28.650000000000002	-17.22143595691787
28.66	-13.506487900420389
28.67	-16.570087897046886
28.68	-22.960389522597623
28.69	-18.308053617324457
28.7	-15.39326750477637
28.71	-18.530727264540698
28.72	-16.805785856383515
28.73	-18.067481171958793
28.740000000000002	-16.868873597855412
28.75	-23.72017189877342
28.76	-17.933911146843677
28.77	-14.470693488710106
28.78	-14.195934499611722
28.79	-16.50233138121973
28.8	-19.89124300222065
28.810000000000002	-20.675601208497397
28.82	-20.52463072833443
28.830000000000002	-19.619628145818616
28.84	-19.20587594939808
28.85	-16.733635831036192
28.86	-16.529503686902615
28.87	-16.234710273970094
28.88	-21.394750050205996
28.89	-20.869125094366304
28.900000000000002	-23.152639840151426
28.91	-20.765457030687188
28.92	-26.95534731850755
28.93	-26.73589402847118
28.94	-27.95440770910766
28.95	-28.8729907145616
28.96	-25.288889957470403
28.97	-23.681091398174033
28.98	-21.863173039793118
28.990000000000002	-21.086488193202083
29.0	-20.644176580907455
29.01	-19.78679595241241
29.02	-14.949718710057539
29.03	-14.257043449072098
29.04	-11.77574551661428
29.05	-10.098680370092538
29.060000000000002	-7.466053637390494
29.07	-3.127378074947907
29.080000000000002	2.013798646950389
29.09	-0.6174280131386376
29.1	3.114076364363012
29.11	5.608373577001684
29.12	6.627169407132135
29.13	9.753450947187527
29.14	13.531470053221797
29.150000000000002	18.107521877586088
29.16	16.080625320678447
29.17	17.373761049785763
29.18	18.934725073528572
29.19	20.67463547973075
29.2	16.527824073361522
29.21	14.231152992993685
29.22	14.115192994949451
29.23	15.978699831601139
29.240000000000002	16.188956749328952
29.25	17.4438187351332
29.26	17.93528009966006
29.27	14.920330746008904
29.28	13.050088767748873
29.29	11.703270040138772
29.3	13.384957395200429
29.310000000000002	20.897481269659377
29.32	17.38826300071609
29.330000000000002	17.91677709955833
29.34	25.31925195608201
29.35	32.0439018053066
29.36	24.660736736668483
29.37	22.791124806705938
29.38	26.776911369272327
29.39	29.25081655231389
29.400000000000002	25.188039191236697
29.41	32.66294873442733
29.42	29.881653509722657
29.43	25.255518619728313
29.44	22.806381310365595
29.45	18.975517849189444
29.46	16.362456456562345
29.47	16.24821523235876
29.48	13.794222866086999
29.490000000000002	11.656893714821209
29.5	11.92022704532687
29.51	10.281891358344602
29.52	11.373239125656943
29.53	10.272805804064548
29.54	7.825922527650813
29.55	7.945926829803827
29.560000000000002	10.555726026061778
29.57	9.722665763595622
29.580000000000002	8.561692258057501
29.59	8.445638283062086
29.6	12.743579818673464
29.61	11.003869646094861
29.62	9.408608595898905
29.63	9.971333066027647
29.64	7.435541331582915
29.650000000000002	3.284980403463074
29.66	3.9818517063601466
29.67	4.782156003200879
29.68	4.127457658602488
29.69	4.116634382204072
29.7	6.1920481453905305
29.71	7.183797649078885
29.72	7.859731755612927
29.73	5.753127300674787
29.740000000000002	8.252234119094362
29.75	10.040939571263333
29.76	13.757613758020115
29.77	14.077166957209304
29.78	15.46405982838691
29.79	14.7962027886565
29.8	14.618250900838664
29.810000000000002	14.038088979204996
29.82	16.547056150493184
29.830000000000002	16.724882448610565
29.84	16.05475681075269
29.85	12.899450329618576
29.86	15.939813452423888
29.87	17.97543446328258
29.88	16.382252624731944
29.89	16.198787511930963
29.900000000000002	13.511916333368637
29.91	13.731665039818642
29.92	14.594492286075727
29.93	20.353890945835836
29.94	17.27991630789715
29.95	23.698796380783932
29.96	19.350590516226426
29.97	18.52828818772263
29.98	21.50387613374472
29.990000000000002	16.223081509542283
30.0	15.808967147704799
30.01	19.570692766735224
30.02	14.847954506954862
30.03	17.271950365393415
30.04	16.13311449626746
30.05	15.77257316908813
30.060000000000002	15.31068002900865
30.07	11.723214191216181
30.080000000000002	11.675080592640176
30.09	13.068183640174771
30.1	13.72042810545115
30.11	13.352373140198434
30.12	15.742135482817917
30.13	13.619328258937637
30.14	13.755150002518816
30.150000000000002	10.73415343993289
30.16	12.85798163611899
30.17	17.55147415520223
30.18	21.080469683947104
30.19	19.64953355708686
30.2	29.814209714198313
30.21	32.486413257133584
30.22	30.745991353540834
30.23	27.83942963437306
30.240000000000002	33.43726662596693
30.25	28.609812405348467
30.26	23.61633901576239
30.27	22.03829667239595
30.28	29.027150260439754
30.29	24.58181869510114
30.3	19.935564693489717
30.310000000000002	17.24570291525965
30.32	18.109515080304558
30.330000000000002	18.602154741832674
30.34	20.600120167305526
30.35	16.575644329049105
30.36	15.402956892523493
30.37	12.487718144219906
30.38	12.650690796860083
30.39	16.554062484856217
30.400000000000002	17.18040995744811
30.41	15.52594443665778
30.42	17.965261206068423
30.43	13.539939581436137
30.44	10.667675633121881
30.45	8.332925681228561
30.46	11.767051430685303
30.47	10.82621635288014
30.48	9.673063637925237
30.490000000000002	11.002764331842677
30.5	10.397466777550914
30.51	13.743172565538758
30.52	16.2714318257941
30.53	14.259840734473302
30.54	14.372350262299458
30.55	12.942203586599065
30.560000000000002	14.565994051859596
30.57	12.816791100590473
30.580000000000002	15.10331984654775
30.59	11.018203313646945
30.6	10.115438588947871
30.61	11.83056185278944
30.62	9.240233561509276
30.63	8.847837948821043
30.64	10.334271159824738
30.650000000000002	10.392983348278367
30.66	8.150853030965502
30.67	6.413977677031494
30.68	4.592273763010253
30.69	0.8720053067529855
30.7	-1.4894427646155324
30.71	-1.6877031020848619
30.72	-3.0202446733258275
30.73	-2.921930452952611
30.740000000000002	-3.941262678826384
30.75	-2.3212934838705035
30.76	0.1945229624915357
30.77	-3.1815127441172693
30.78	-5.5585230297180575
30.79	-8.321725150306984
30.8	-11.91569583523451
30.810000000000002	-16.639964473475892
30.82	-16.837432854938193
30.830000000000002	-17.42857498070554
30.84	-28.553082124290302
30.85	-26.434556678485606
30.86	-20.68840889940196
30.87	-19.572913117563356
30.88	-15.562989868879688
30.89	-12.18689750351943
30.900000000000002	-10.306171468667351
30.91	-8.81422013809372
30.92	-9.095816499988638
30.93	-13.273662524580134
30.94	-14.309696696123426
30.95	-18.715228680034304
30.96	-15.111840059460022
30.970000000000002	-13.606341309881188
30.98	-14.658327454413048
30.990000000000002	-11.498782699185664
31.0	-8.369939178978585
31.01	-16.002824678575816
31.02	-19.98376012204793
31.03	-17.16351757126622
31.04	-18.11112187015058
31.05	-15.913805463109233
31.060000000000002	-13.50576010543272
31.07	-14.455281162027969
31.080000000000002	-12.362428594788929
31.09	-12.756100204219464
31.1	-10.878059440641433
31.11	-8.60202751132301
31.12	-8.440789332635608
31.13	-12.012075725506671
31.14	-9.552556363015608
31.150000000000002	-7.8542757892503925
31.16	-5.391872664005481
31.17	-3.131260683580801
31.18	-6.362372413560947
31.19	-6.250043031636453
31.2	-14.109484139807405
31.21	-11.99522271821753
31.220000000000002	-10.070092687792659
31.23	-11.047147405702624
31.240000000000002	-10.355466261821928
31.25	-12.045995814159086
31.26	-12.358015089266349
31.27	-12.602298145522253
31.28	-12.022123721883213
31.29	-9.573296721490884
31.3	-9.258075075416514
31.310000000000002	-7.840938739427566
31.32	-9.59541613405826
31.330000000000002	-11.779970215628053
31.34	-20.431768028685315
31.35	-16.501101148702197
31.36	-16.849675237426595
31.37	-21.425893703265746
31.38	-18.1849902327057
31.39	-15.875064780946625
31.400000000000002	-13.90317325366191
31.41	-20.4075764377683
31.42	-19.318724882688365
31.43	-23.390220321852357
31.44	-17.786371264639197
31.45	-17.185116124785665
31.46	-19.68807889227996
31.470000000000002	-21.153335342630346
31.48	-19.64881249971688
31.490000000000002	-18.30748844709858
31.5	-18.035986836967425
31.51	-14.229362981847284
31.52	-14.121852144625253
31.53	-12.970581134321602
31.54	-10.076085377575657
31.55	-8.864952628070817
31.560000000000002	-14.494077405667408
31.57	-11.527031141214978
31.580000000000002	-12.42094033528179
31.59	-10.918455231614141
31.6	-11.87525134565062
31.61	-9.46988298898354
31.62	-8.277972045630664
31.63	-9.590979059165411
31.64	-20.87226048094424
31.650000000000002	-21.576455626161408
31.66	-18.78004710554804
31.67	-14.544926041482508
31.68	-10.882906308952718
31.69	-12.732377599557637
31.7	-12.874581750156956
31.71	-12.553738811759876
31.720000000000002	-14.46834443271073
31.73	-11.446066348971794
31.740000000000002	-9.95170320512949
31.75	-6.836923299857976
31.76	-14.931908762608398
31.77	-14.924706646986383
31.78	-16.83672089797746
31.79	-14.336744101153494
31.8	-11.157279214061306
31.810000000000002	-16.27766988239584
31.82	-17.729528484826567
31.830000000000002	-16.45923998548286
31.84	-13.621644881100178
31.85	-12.005017015897813
31.86	-17.355690097687724
31.87	-14.873834322556164
31.88	-13.474568128453937
31.89	-10.428212992452037
31.900000000000002	-9.757548760565719
31.91	-6.973504895706937
31.92	-12.629805279278902
31.93	-12.946085806100637
31.94	-12.651056997940907
31.95	-9.634933723647261
31.96	-9.58011800074912
31.970000000000002	-9.163946928928501
31.98	-10.168977129981243
31.990000000000002	-10.339591154521937
32.0	-8.295841047322622
32.01	-12.026431699824023
32.02	-15.312234637416072
32.03	-11.949882375561616
32.04	-11.302780905444482
32.05	-11.487985943393252
32.06	-11.576688205941934
32.07	-12.334744305179093
32.08	-14.787046359148308
32.09	-13.438095557141466
32.1	-13.916865697370675
32.11	-12.37838193915909
32.12	-9.308876879177994
32.13	-9.357104004684462
32.14	-10.334607218135405
32.15	-12.024783005206391
32.160000000000004	-15.832570498506842
32.17	-13.746566405120243
32.18	-15.232585272060915
32.19	-14.321728554165121
32.2	-13.92002674133336
32.21	-17.34258483276728
32.22	-15.42297720835912
32.230000000000004	-16.31409849163741
32.24	-16.894546833400817
32.25	-14.645211246387651
32.26	-12.008786341352788
32.27	-12.017854349174725
32.28	-12.769625785618937
32.29	-14.376608916339082
32.3	-14.858569812511684
32.31	-19.026209971225473
32.32	-14.917317327422689
32.33	-12.662455936346458
32.34	-14.913823283687945
32.35	-15.962617492324876
32.36	-15.471500493533823
32.37	-15.45727218694453
32.38	-18.897584715911538
32.39	-14.747854126575593
32.4	-12.808126431623133
32.410000000000004	-12.018235972299099
32.42	-9.994697151249667
32.43	-9.12899233279012
32.44	-9.304720307561743
32.45	-15.351207864644524
32.46	-14.10398117339477
32.47	-17.480622081008967
32.480000000000004	-23.159903866401425
32.49	-18.179887560962282
32.5	-14.122020801709967
32.51	-11.292608898195299
32.52	-10.162729329908775
32.53	-13.44301754409302
32.54	-11.786655814684114
32.55	-10.65970222653822
32.56	-9.131129613939315
32.57	-6.404397933555504
32.58	-5.436054842639516
32.59	-7.930559609127735
32.6	-6.506097289298062
32.61	-7.063694149901611
32.62	-6.57824378162594
32.63	-10.595858465430409
32.64	-15.4238789216671
32.65	-20.999923031195806
32.660000000000004	-16.440821074036
32.67	-15.650901090455532
32.68	-15.681777112738851
32.69	-18.93722008566632
32.7	-15.47172609796272
32.71	-18.851165061500573
32.72	-19.799223197089283
32.730000000000004	-20.35311814951514
32.74	-26.20442061479551
32.75	-26.023656767573897
32.76	-20.189391315572838
32.77	-16.815811753256877
32.78	-13.796820902877794
32.79	-17.792315424564567
32.8	-13.944559871917203
32.81	-22.42041891918245
32.82	-23.70689607568874
32.83	-21.20065986736962
32.84	-19.083244238623227
32.85	-21.572059222289457
32.86	-16.94735346163666
32.87	-13.982123976696501
32.88	-19.333861577266013
32.89	-16.732620492741447
32.9	-17.827781606037117
32.910000000000004	-18.213669414626008
32.92	-14.078612115012731
32.93	-17.263535759471722
32.94	-21.365824384809052
32.95	-20.49378152817997
32.96	-25.731416553326866
32.97	-20.793232253105984
32.980000000000004	-20.91254407193954
32.99	-16.58430472732546
33.0	-13.109734786589417
33.01	-12.895899595619742
33.02	-11.723041245663916
33.03	-16.21800618670104
33.04	-14.393008990032977
33.05	-14.457511433882033
33.06	-21.54897060698812
33.07	-21.766719611917445
33.08	-31.671246196389326
33.09	-29.885918605161283
33.1	-28.280692760692137
33.11	-33.77498553933256
33.12	-36.80591603410999
33.13	-32.288443673353164
33.14	-25.522817613431645
33.15	-21.676405883549947
33.160000000000004	-17.938008040299845
33.17	-16.140767589059827
33.18	-14.169464340091212
33.19	-16.816184097833148
33.2	-14.725869508719024
33.21	-16.600788206615555
33.22	-13.163082962527549
33.230000000000004	-10.403073518910187
33.24	-8.718759402588008
33.25	-9.29754303336242
33.26	-19.126381381862608
33.27	-14.273404660111362
33.28	-12.611438460624358
33.29	-11.47518800884064
33.3	-10.882903240594908
33.31	-12.026485084246872
33.32	-14.345141568537827
33.33	-22.726613489486073
33.34	-27.637650462885983
33.35	-24.320608444755678
33.36	-18.774107138865514
33.37	-17.517720691113894
33.38	-20.055128746706103
33.39	-15.889469629091753
33.4	-12.754435158831363
33.410000000000004	-13.196944734451241
33.42	-17.67511352708567
33.43	-20.76255677811234
33.44	-19.302331374444865
33.45	-16.67127198261859
33.46	-14.858723725355615
33.47	-15.613240125177722
33.480000000000004	-15.038192694906721
33.49	-11.998412695958367
33.5	-13.964993322928207
33.51	-13.783293774158127
33.52	-12.232320495672504
33.53	-16.454557059375794
33.54	-17.38946344744269
33.55	-14.393394196303982
33.56	-20.127106821534998
33.57	-24.360979179716775
33.58	-22.74646119382534
33.59	-24.834837872451644
33.6	-22.91122114536653
33.61	-20.52725551546278
33.62	-20.81315551370416
33.63	-19.145195376773657
33.64	-21.460491385875233
33.65	-26.907239512687617
33.660000000000004	-21.562929873416646
33.67	-17.74635355597498
33.68	-23.809966315650396
33.69	-19.498189389889497
33.7	-17.90418089818575
33.71	-19.588724784220283
33.72	-27.988560055663335
33.730000000000004	-22.179995293685913
33.74	-25.16458995026799
33.75	-25.71300758168697
33.76	-20.32178939898105
33.77	-19.09256951987258
33.78	-19.031010473910086
33.79	-19.42353296316603
33.8	-20.592941625747777
33.81	-16.694332486414968
33.82	-14.326567616733012
33.83	-13.360790511523989
33.84	-14.136596107671691
33.85	-21.639293345137933
33.86	-20.401186677712065
33.87	-23.043881032297545
33.88	-18.187709353655418
33.89	-15.480878019743164
33.9	-14.576340129721926
33.910000000000004	-20.11896922891425
33.92	-17.04316789895317
33.93	-16.164490925260985
33.94	-22.482494111738603
33.95	-21.23678588653506
33.96	-21.254538947770918
33.97	-18.295932076468294
33.980000000000004	-21.371416528564655
33.99	-19.689882620740192
34.0	-25.794486394826308
34.01	-24.44460569759685
34.02	-18.963627497724392
34.03	-23.20001022731406
34.04	-32.995045516507254
34.05	-29.008467836926283
34.06	-28.091368425315345
34.07	-25.105854363759796
34.08	-20.012759557721406
34.09	-19.561033318042846
34.1	-19.469036738578584
34.11	-15.705875239243225
34.12	-17.103023486510548
34.13	-15.031430079723004
34.14	-17.5585504626486
34.15	-18.793666040560947
34.160000000000004	-17.07950465366885
34.17	-13.591814667184769
34.18	-15.9280729451537
34.19	-16.705570356782953
34.2	-14.899537431062402
34.21	-15.93595743950069
34.22	-13.154316743000289
34.230000000000004	-13.282295256766051
34.24	-16.37471710901412
34.25	-18.781514481748182
34.26	-23.125979705633984
34.27	-24.59380846317733
34.28	-19.860770947832567
34.29	-15.205964207745202
34.300000000000004	-20.50619538931532
34.31	-20.657004643883848
34.32	-16.804303051467834
34.33	-12.883598721051635
34.34	-13.079931794876373
34.35	-11.172046883233051
34.36	-9.249389064721965
34.37	-11.373167328081694
34.38	-13.349123715712494
34.39	-15.976433447218183
34.4	-15.148956468023929
34.410000000000004	-14.983216514985154
34.42	-17.335732810295607
34.43	-23.634813848444793
34.44	-18.93864313305629
34.45	-14.418792428965313
34.46	-12.716997607631198
34.47	-11.856709495930227
34.480000000000004	-10.781252702762012
34.49	-10.286444757735447
34.5	-15.625384851903517
34.51	-19.127335579714117
34.52	-20.301516899271792
34.53	-20.888160778371176
34.54	-19.241352867412036
34.550000000000004	-20.435329704640356
34.56	-16.286899708414058
34.57	-13.705220545551029
34.58	-12.298966669051525
34.59	-13.73575365017086
34.6	-20.776193438910504
34.61	-16.81546052042878
34.62	-12.347157532264454
34.63	-11.565642582998604
34.64	-9.659029669417887
34.65	-9.521793837082116
34.660000000000004	-10.56576694782214
34.67	-14.520730319739572
34.68	-12.619664578825978
34.69	-14.824718655384785
34.7	-12.643128645811041
34.71	-9.801892983670966
34.72	-7.4489858586357265
34.730000000000004	-7.547219794804111
34.74	-7.645453730972421
34.75	-10.054171143231772
34.76	-9.903431378930067
34.77	-15.72428133708785
34.78	-15.055763453901461
34.79	-15.33924720182836
34.800000000000004	-13.689124485701264
34.81	-12.34778112248022
34.82	-11.389849066854529
34.83	-9.921784070655857
34.84	-8.33579385036088
34.85	-6.309736993378954
34.86	-11.940203639638668
34.87	-15.878762824228785
34.88	-17.620310648977323
34.89	-16.6145970382331
34.9	-18.63780138544744
34.910000000000004	-21.247841826175826
34.92	-28.34194623725318
34.93	-36.642610150327876
34.94	-33.560040586647666
34.95	-26.698917085835145
34.96	-23.86820638253873
34.97	-20.28050389553575
34.980000000000004	-21.067463199559857
34.99	-26.232653370277053
35.0	-24.93746436886732
35.01	-20.134482822277654
35.02	-17.43769643990056
35.03	-15.75630257079789
35.04	-11.357914671068698
35.050000000000004	-10.617288862584141
35.06	-11.027890089429487
35.07	-10.094386652259761
35.08	-8.673858635105017
35.09	-9.149467666735202
35.1	-14.838464830885776
35.11	-19.727409957264175
35.12	-24.3717208140701
35.13	-19.129024113691845
35.14	-18.441721473257015
35.15	-19.543759411794092
35.160000000000004	-18.607115181686474
35.17	-25.795311590400015
35.18	-24.071716002693865
35.19	-18.67684137275729
35.2	-15.870913052677798
35.21	-28.001124791328397
35.22	-22.114936244644294
35.230000000000004	-22.7970803436828
35.24	-21.937341073019425
35.25	-16.498582065109776
35.26	-15.417287038243591
35.27	-17.927222954764016
35.28	-18.3086989768097
35.29	-15.591193990497755
35.300000000000004	-21.129441908431694
35.31	-19.605190770207727
35.32	-24.023633352661907
35.33	-21.288289511054202
35.34	-17.43648525259184
35.35	-20.10529260188
35.36	-18.729406683167117
35.37	-17.81178650199211
35.38	-15.758283223512827
35.39	-15.583829210836079
35.4	-20.61881701511759
35.410000000000004	-22.87095335738725
35.42	-19.887680389628898
35.43	-20.848820577398435
35.44	-23.853722767999475
35.45	-23.422282378184512
35.46	-32.14706422812882
35.47	-26.11424829290022
35.480000000000004	-24.158452009771082
35.49	-20.730979611508968
35.5	-23.887100787578106
35.51	-25.93346143129363
35.52	-23.73448999712553
35.53	-23.795614905120658
35.54	-22.187756485837497
35.550000000000004	-17.982306938420507
35.56	-18.787371843069195
35.57	-19.73682879277963
35.58	-16.40004896730425
35.59	-16.370727720476644
35.6	-12.679304460132787
35.61	-9.612359194281256
35.62	-6.710700997197042
35.63	-14.27171517905791
35.64	-26.289797685551264
35.65	-25.436840130673062
35.660000000000004	-27.04164594416758
35.67	-24.22464189474252
35.68	-33.26812245161665
35.69	-32.189185672170865
35.7	-29.72711890430544
35.71	-27.24083231033669
35.72	-22.36659786737642
35.730000000000004	-18.339152799024678
35.74	-16.98480856168128
35.75	-28.8124295416682
35.76	-26.005622564902325
35.77	-21.49882291760269
35.78	-17.895232541281153
35.79	-14.920403641083922
35.800000000000004	-14.378063160980478
35.81	-12.716220941513098
35.82	-20.145838656822782
35.83	-19.199561557895173
35.84	-14.734779770148068
35.85	-15.13878323218469
35.86	-28.588740318552883
35.87	-26.356288911732122
35.88	-27.53489537162523
35.89	-21.52160282568154
35.9	-17.90995918155733
35.910000000000004	-17.436740496197814
35.92	-14.045819061331425
35.93	-12.854143418574028
35.94	-12.055632239114576
35.95	-11.156418341076225
35.96	-12.803965444005584
35.97	-15.109148853380336
35.980000000000004	-14.354289844648955
35.99	-11.51971692284602
36.0	-10.111784123602531
36.01	-8.552070499371276
36.02	-7.799994841435672
36.03	-9.00968291578137
36.04	-9.780940034230476
36.050000000000004	-10.019408988215492
36.06	-10.605004003843208
36.07	-10.401153290238954
36.08	-9.807378970296766
36.09	-8.47069803345511
36.1	-8.89795362763235
36.11	-6.198863630576597
36.12	-6.696788071023412
36.13	-6.129052148735983
36.14	-4.579813186169581
36.15	-4.0318224693661815
36.160000000000004	-1.9393865758086777
36.17	-5.229576709778517
36.18	-5.24666119935034
36.19	-7.649266154875128
36.2	-13.562309890844029
36.21	-11.142265354480061
36.22	-9.610790364822957
36.230000000000004	-12.850410824948726
36.24	-13.918839928756524
36.25	-11.516858429694024
36.26	-9.938723537749654
36.27	-11.121880731253485
36.28	-11.389173086189109
36.29	-14.385817595358962
36.300000000000004	-21.545322546235155
36.31	-16.604356377542555
36.32	-22.201285103205255
36.33	-25.302511444445205
36.34	-23.733794947393708
36.35	-25.422327223259813
36.36	-21.53826316315594
36.37	-23.63906109734679
36.38	-21.036598934428962
36.39	-19.968666678902416
36.4	-18.140550708917647
36.410000000000004	-15.71500380818166
36.42	-22.214657022030313
36.43	-17.33836700942544
36.44	-20.78485727351527
36.45	-19.46894070454811
36.46	-16.069976638539842
36.47	-15.618093882478515
36.480000000000004	-14.221470395483653
36.49	-24.229960255021663
36.5	-22.843892083015128
36.51	-18.4704989226295
36.52	-17.95192219323964
36.53	-20.29170763615895
36.54	-18.766598670080818
36.550000000000004	-16.237900476471175
36.56	-14.731064485435668
36.57	-11.726936767729985
36.58	-16.99832302506125
36.59	-17.970307777719032
36.6	-23.70771521557889
36.61	-18.877615508599128
36.62	-16.73462650581639
36.63	-18.374952615512917
36.64	-20.567436130980003
36.65	-15.671626675404488
36.660000000000004	-12.18365720638191
36.67	-10.928374955052439
36.68	-12.182087357719102
36.69	-13.390036099402074
36.7	-18.348426957499974
36.71	-21.380624437387286
36.72	-19.650735787269593
36.730000000000004	-18.437725090793297
36.74	-17.71998990058435
36.75	-14.683807341495422
36.76	-16.859584950257442
36.77	-23.38486390387924
36.78	-25.403444800278603
36.79	-23.136639162178593
36.800000000000004	-24.22495607655479
36.81	-18.909473910156482
36.82	-15.517967748112875
36.83	-21.393848176614153
36.84	-20.922366495514293
36.85	-22.52823428271537
36.86	-27.199776150355227
36.87	-24.481886439164615
36.88	-21.135603226046932
36.89	-22.10004358059443
36.9	-19.674786028233573
36.910000000000004	-20.540416516442964
36.92	-18.65688817480118
36.93	-14.368069399273265
36.94	-12.700108031860275
36.95	-10.783369433316018
36.96	-13.226000170859058
36.97	-12.316568725160879
36.980000000000004	-13.46191680632245
36.99	-13.838634010011251
37.0	-16.194815680055704
37.01	-15.606422128106825
37.02	-12.881097449339444
37.03	-11.841731347899735
37.04	-12.522537372875828
37.050000000000004	-18.264853908626087
37.06	-21.279476057518377
37.07	-25.581160225923583
37.08	-26.535564710132974
37.09	-26.601083694015415
37.1	-22.110457166439726
37.11	-20.942939961967834
37.12	-17.95357096458264
37.13	-15.743784997832073
37.14	-20.78649991974134
37.15	-20.116606379501622
37.160000000000004	-15.645062107166527
37.17	-12.142572900503518
37.18	-11.290207269802586
37.19	-11.410651295960127
37.2	-10.76926418650298
37.21	-11.887604026769964
37.22	-10.469943169672856
37.230000000000004	-10.98480076767882
37.24	-9.848296463230259
37.25	-7.4046431510746356
37.26	-8.60457695077083
37.27	-8.265489273671168
37.28	-11.497232800041763
37.29	-8.633866162957943
37.300000000000004	-10.007123676306083
37.31	-16.21695195533836
37.32	-17.544340281927138
37.33	-15.791510255802372
37.34	-21.41026047792951
37.35	-20.99912738058734
37.36	-19.812805132801625
37.37	-19.6425723024676
37.38	-19.962643435747903
37.39	-21.342835908406002
37.4	-20.471297840577897
37.410000000000004	-27.834150791454636
37.42	-23.851777106991303
37.43	-25.455004181143373
37.44	-23.73914631867483
37.45	-25.448321045381647
37.46	-23.138515977057025
37.47	-20.843216492774303
37.480000000000004	-24.536333407942223
37.49	-22.021730395936995
37.5	-17.361896051789792
37.51	-13.352060307190431
37.52	-15.026773940946498
37.53	-18.744423069864816
37.54	-21.03208947655287
37.550000000000004	-16.994297412425087
37.56	-18.184757481078154
37.57	-18.28936133432596
37.58	-20.65019102063747
37.59	-20.954923697585464
37.6	-18.25338812835029
37.61	-14.86818733674994
37.62	-13.031527795904761
37.63	-18.81495461448358
37.64	-17.147585899305845
37.65	-15.922735446179859
37.660000000000004	-14.483219108512891
37.67	-13.202348163256667
37.68	-12.512054865649995
37.69	-18.389468968689275
37.7	-14.155579457405171
37.71	-9.69608779884457
37.72	-10.259966714826637
37.730000000000004	-18.87422163471793
37.74	-17.37320383868201
37.75	-13.780602110539952
37.76	-11.802946999878149
37.77	-16.964557568793857
37.78	-15.174263998299184
37.79	-14.710111010377128
37.800000000000004	-14.643562867792847
37.81	-16.671920061771093
37.82	-12.302543131784985
37.83	-10.659901567250168
37.84	-7.7665117254470575
37.85	-5.368795750038202
37.86	-6.416853701478941
37.87	-12.853543435363758
37.88	-7.708402469737772
37.89	-8.16879685149887
37.9	-11.47307858832388
37.910000000000004	-15.79154285678172
37.92	-16.850878827773535
37.93	-14.481108164331165
37.94	-14.550635612542013
37.95	-11.68402284905897
37.96	-10.61038768202864
37.97	-10.960666082381096
37.980000000000004	-9.038735578700463
37.99	-6.832106469421123
38.0	-4.977505464690277
38.01	-3.5922301405881236
38.02	-1.233792086307588
38.03	-0.9822638502898177
38.04	2.0540238791481706
38.050000000000004	6.075644598852078
38.06	7.233014286921238
38.07	7.26564967060601
38.08	13.524999038107834
38.09	9.861227027271367
38.1	10.629114276457862
38.11	16.34314765939543
38.12	15.286547667159878
38.13	17.681920122101374
38.14	14.196503651681523
38.15	14.188702399393724
38.160000000000004	18.850384633961582
38.17	17.928249339811682
38.18	14.782200881603677
38.19	13.886424140874084
38.2	12.198971660034081
38.21	9.988164592650689
38.22	6.430244611982707
38.230000000000004	4.583306978686908
38.24	4.4597315278338545
38.25	3.8458212663512725
38.26	2.0775280256964814
38.27	2.2601814561224374
38.28	2.5289342219266038
38.29	1.7791756487439658
38.300000000000004	7.106436101507996
38.31	6.251026157481734
38.32	8.984587067752978
38.33	9.389046819600068
38.34	9.319742463375759
38.35	13.311334806992422
38.36	12.27930809670782
38.37	9.537383344296794
38.38	10.526902250086856
38.39	12.05660990769908
38.4	12.108355498137431
38.410000000000004	10.848756138752979
38.42	16.0956759758483
38.43	14.700765407306985
38.44	15.04469548321313
38.45	11.941277076790335
38.46	12.414149504171368
38.47	10.211216312697871
38.480000000000004	9.816359812681467
38.49	14.37631397974212
38.5	11.795306471450774
38.51	11.951731443321016
38.52	11.154236074601739
38.53	13.53177926760101
38.54	13.416383808949108
38.550000000000004	11.44919514806366
38.56	9.979540764484419
38.57	11.542683311411247
38.58	14.995322646294673
38.59	20.289916105879605
38.6	19.12484917463794
38.61	16.150654781350045
38.62	12.472845832454485
38.63	10.635637594674137
38.64	9.077356673280608
38.65	8.258001648995462
38.660000000000004	10.505946492597474
38.67	12.27044379163208
38.68	15.405672847901773
38.69	12.735142955802937
38.7	17.317467115929183
38.71	17.882544732977678
38.72	20.23937043978556
38.730000000000004	18.86651727674373
38.74	16.458890609085508
38.75	16.973320718219746
38.76	13.715876478174138
38.77	10.692008581821586
38.78	15.183343055751997
38.79	16.896099238087317
38.800000000000004	13.369162066735772
38.81	11.75895275171576
38.82	11.577158926080163
38.83	8.788192066801733
38.84	12.08597651122532
38.85	13.513171040146597
38.86	10.58317343133716
38.87	11.787019684505355
38.88	10.649719357374513
38.89	10.862898314433096
38.9	9.406558963374529
38.910000000000004	8.238086529270563
38.92	10.50663660941878
38.93	13.008102935149
38.94	12.213998336485055
38.95	15.257824182631035
38.96	12.272972509863564
38.97	9.446754518801985
38.980000000000004	10.49446704309187
38.99	7.4531033405946
39.0	5.7551587128191874
39.01	5.101664832782834
39.02	3.5906305094377666
39.03	4.402909405283367
39.04	0.8876740174296411
39.050000000000004	-1.8133144952423725
39.06	-5.077973305549195
39.07	-9.514572240122849
39.08	-16.828506741320208
39.09	-24.106266923462957
39.1	-18.6813712026615
39.11	-14.310454947462757
39.12	-21.486589409225488
39.13	-17.400932552043916
39.14	-17.05051006911713
39.15	-24.40855950121755
39.160000000000004	-19.18473987731393
39.17	-15.842366334503648
39.18	-18.26176586060046
39.19	-19.221264337803355
39.2	-18.47866595454476
39.21	-14.329495249799093
39.22	-11.065843803443686
39.230000000000004	-11.729666077309103
39.24	-11.542955209623429
39.25	-12.937046888741634
39.26	-15.62347248154475
39.27	-17.799655533593935
39.28	-19.200925267439025
39.29	-15.530978533220956
39.300000000000004	-12.075984141749368
39.31	-9.15417342398232
39.32	-10.490727159405154
39.33	-8.966520881255068
39.34	-8.770345169985035
39.35	-12.76344460247764
39.36	-12.297640720509593
39.37	-16.915394954451745
39.38	-21.215755311928525
39.39	-19.988836266419334
39.4	-20.541637077571313
39.410000000000004	-15.890528923308738
39.42	-11.905271435925345
39.43	-13.503592297452778
39.44	-16.272481731009545
39.45	-12.707931253972719
39.46	-13.553769040351025
39.47	-15.767408233152432
39.480000000000004	-11.990240866307781
39.49	-11.212817068024492
39.5	-11.459304448778116
39.51	-10.24391767860542
39.52	-9.786289900641446
39.53	-9.504964041944808
39.54	-6.397348690789088
39.550000000000004	-9.997903185964992
39.56	-10.659765445012065
39.57	-11.51955786015935
39.58	-9.185866325779566
39.59	-7.30075954963006
39.6	-10.0612428730623
39.61	-9.472543928871854
39.62	-8.612982824627858
39.63	-8.580184515961111
39.64	-8.460615892864094
39.65	-11.426112204376285
39.660000000000004	-9.814734174757643
39.67	-8.409158367826706
39.68	-9.405417181148842
39.69	-6.249705281213253
39.7	-8.500591569601925
39.71	-6.8432082554806435
39.72	-12.110696514864857
39.730000000000004	-13.044695707177294
39.74	-9.896964036024432
39.75	-9.069597966540984
39.76	-8.87342565958374
39.77	-11.699662131370891
39.78	-14.79896962409695
39.79	-14.002924593794669
39.800000000000004	-16.006036200059448
39.81	-23.502059866937262
39.82	-21.040122998612194
39.83	-20.40072138165299
39.84	-15.25082463222201
39.85	-16.828910851877183
39.86	-14.420483926193992
39.87	-20.17933987548753
39.88	-16.372083986037314
39.89	-14.318936230735856
39.9	-15.677674251986815
39.910000000000004	-20.40641670714406
39.92	-17.113054835359236
39.93	-14.727646095558566
39.94	-11.093826998920273
39.95	-11.245742365770067
39.96	-9.228063516995462
39.97	-9.894251748798904
39.980000000000004	-11.763704423626224
39.99	-11.889168218257241
40.0	-10.869528093492326
40.01	-10.91054336666175
40.02	-12.468951416739095
40.03	-10.702233084705904
40.04	-9.969287705320292
40.050000000000004	-14.254160405118549
40.06	-13.518041759757054
40.07	-16.203237566976473
40.08	-14.486479818081222
40.09	-13.593054987911856
40.1	-9.491576633980948
40.11	-9.311757172059668
40.12	-11.671246747375966
40.13	-9.450063150157435
40.14	-7.618558902653645
40.15	-7.016637957173504
40.160000000000004	-12.825496172293981
40.17	-16.293106373985612
40.18	-12.32167663806912
40.19	-9.823943021740597
40.2	-8.133467160694188
40.21	-10.720455814744682
40.22	-13.330380683068968
40.230000000000004	-11.594603488248843
40.24	-9.43003432470411
40.25	-11.31106700718056
40.26	-10.72617988551624
40.27	-10.166370761436509
40.28	-9.212884612847951
40.29	-8.358990602224836
40.300000000000004	-8.21690117463795
40.31	-11.794274226825499
40.32	-11.33949863242248
40.33	-17.007404712620584
40.34	-24.971859953889595
40.35	-22.450310126753624
40.36	-20.23004186594859
40.37	-25.021678625720213
40.38	-19.415218891154176
40.39	-19.98241333354162
40.4	-16.67295179410146
40.410000000000004	-15.58238564819114
40.42	-17.92379241545285
40.43	-17.706502737470252
40.44	-22.228669322284475
40.45	-17.201836163651425
40.46	-21.753684485443273
40.47	-20.106406697710334
40.480000000000004	-18.6655226349643
40.49	-25.7995944312458
40.5	-24.633843267423444
40.51	-23.0060112940934
40.52	-22.665520266047107
40.53	-24.34884583860256
40.54	-25.953553546569893
40.550000000000004	-25.00161205615624
40.56	-24.10822147691685
40.57	-20.21382505954857
40.58	-17.04942978185315
40.59	-15.279663928756975
40.6	-12.337483538470345
40.61	-12.32278007484297
40.62	-15.771030866986358
40.63	-12.28195913584225
40.64	-11.621266822469963
40.65	-17.74130811414422
40.660000000000004	-21.685503865122133
40.67	-20.8236603239549
40.68	-21.327644532924804
40.69	-17.366027394977994
40.7	-13.977757879904388
40.71	-11.014623570413178
40.72	-7.791687706896277
40.730000000000004	-4.60777613342427
40.74	-1.9084311421867415
40.75	-2.920410615301931
40.76	-3.0170884144845314
40.77	-1.013708616159281
40.78	5.69783245855523
40.79	6.907183367508142
40.800000000000004	5.164642122114789
40.81	8.074113942896261
40.82	12.338173772789096
40.83	13.438076346595672
40.84	11.409571282137565
40.85	13.090924730590515
40.86	11.50234937642743
40.87	9.552013639165722
40.88	7.620190869597767
40.89	8.101870171040348
40.9	9.445999468585956
40.910000000000004	8.233787138446358
40.92	6.565714635456961
40.93	4.765443003025959
40.94	7.088540038550739
40.95	7.730447039989306
40.96	5.707263656925667
40.97	3.7737907229472394
40.980000000000004	3.2390284162964234
40.99	3.038110293952581
41.0	8.298342218675238
41.01	12.97913861022249
41.02	11.370674780253303
41.03	12.595644278325445
41.04	10.520679841687876
41.050000000000004	12.59983172868104
41.06	12.587423736660181
41.07	10.50815740487292
41.08	8.36877954132714
41.09	11.152666253016228
41.1	12.732796161203968
41.11	8.86708129060817
41.12	8.060253204553154
41.13	7.15704915800141
41.14	7.2637589431397505
41.15	10.941399076380847
41.160000000000004	11.573691547423525
41.17	15.479258682732999
41.18	13.765512398064793
41.19	15.047365358088745
41.2	11.66346481413468
41.21	10.531088284241868
41.22	16.775059117752498
41.230000000000004	14.801531146547623
41.24	11.778104414546029
41.25	10.693770255605322
41.26	11.327704530647251
41.27	10.06766419586274
41.28	10.330947506603612
41.29	11.432446431147843
41.300000000000004	10.673084528852495
41.31	15.652381730136891
41.32	12.718355775982172
41.33	12.976931507491367
41.34	11.613802351613831
41.35	12.628712683242819
41.36	19.348745109283204
41.37	23.6002582911776
41.38	18.455874832141323
41.39	14.70610801533597
41.4	15.591936902992579
41.410000000000004	16.484516561270752
41.42	14.43011379663488
41.43	17.381445558970462
41.44	19.51263035456009
41.45	16.322911177504604
41.46	15.534253240341167
41.47	14.741269135013182
41.480000000000004	12.935869568202738
41.49	13.918708343099317
41.5	11.053904273516634
41.51	9.350938156604348
41.52	8.566720371468175
41.53	13.4230827798433
41.54	13.25691912476701
41.550000000000004	19.90411003748976
41.56	15.223615849859977
41.57	11.756230748474914
41.58	10.163041609525946
41.59	11.940679600195478
41.6	14.896358793973285
41.61	16.256727510804925
41.62	13.309073132898622
41.63	10.38228380681287
41.64	8.67373486085978
41.65	6.965185914906688
41.660000000000004	7.245606797618108
41.67	5.780183973762555
41.68	4.9085020835999735
41.69	5.568545691957287
41.7	8.084043252568977
41.71	5.1400906682609335
41.72	4.4188481781093785
41.730000000000004	3.6874093826721284
41.74	10.943694853329736
41.75	10.191878859148886
41.76	11.625333875334952
41.77	14.526438584487954
41.78	14.830066197847836
41.79	13.017401923573903
41.800000000000004	13.743897715045296
41.81	15.249717729028463
41.82	18.788616861555845
41.83	16.865012410636872
41.84	17.777737047394805
41.85	20.128283359522417
41.86	25.14761786279149
41.87	20.499788382454742
41.88	16.724954175697505
41.89	15.905721188336177
41.9	15.747780470606424
41.910000000000004	16.004367087296046
41.92	18.857492526320165
41.93	27.11692467298154
41.94	37.19692555502317
41.95	34.80095744086523
41.96	30.10577770858736
41.97	23.691393712132356
41.980000000000004	24.597503619177353
41.99	19.47085939244811
42.0	24.931242015603736
42.01	24.68694486408323
42.02	24.869559495057818
42.03	26.474830480823638
42.04	23.533248051740287
42.050000000000004	24.595615892502664
42.06	25.738875377486334
42.07	23.20779658403068
42.08	25.60924206001539
42.09	29.08579323114899
42.1	29.340039078601865
42.11	24.076984922172507
42.12	18.819297914302208
42.13	14.533486589363816
42.14	14.507498248622747
42.15	12.68209937796113
42.160000000000004	17.139986396125224
42.17	14.985105093348343
42.18	15.849996739798357
42.19	27.993799092529763
42.2	24.152091496595204
42.21	19.904244500006573
42.22	15.605703028732988
42.230000000000004	12.334141853882121
42.24	15.136452032007531
42.25	16.39513942985735
42.26	14.68688843224663
42.27	22.035573167559455
42.28	27.3643609477347
42.29	23.192563254993882
42.300000000000004	18.159883109254817
42.31	15.745503723003301
42.32	16.909867615111107
42.33	17.012342186173985
42.34	15.771710306998862
42.35	14.53008673199726
42.36	14.621200539778384
42.37	19.07972935484762
42.38	17.088071388201804
42.39	17.978245536003744
42.4	15.624900716912931
42.410000000000004	14.976914584156026
42.42	27.797868436105652
42.43	26.616795308271826
42.44	22.972242706722547
42.45	18.254736322824296
42.46	14.878136065291127
42.47	16.58603472909516
42.480000000000004	13.606623915852312
42.49	20.390140517827867
42.5	15.143196597071647
42.51	14.864971618058759
42.52	14.946470834754154
42.53	17.988432011771998
42.54	21.917911897186492
42.550000000000004	20.5902421614517
42.56	18.929934110313223
42.57	15.568099155500384
42.58	12.733582409192614
42.59	13.961085980044
42.6	11.896665144093726
42.61	14.158693908434408
42.62	15.606229103361102
42.63	16.556645148394722
42.64	15.155921446128977
42.65	22.4780161918186
42.660000000000004	17.992368545997238
42.67	15.168836221737774
42.68	25.780154408588416
42.69	22.601014071095737
42.7	19.269383032996835
42.71	15.679143620824417
42.72	15.723036244650807
42.730000000000004	13.128662012805338
42.74	11.806769694875653
42.75	10.844665435148109
42.76	9.29059849324077
42.77	9.507500967163866
42.78	12.107298164292686
42.79	12.755302205146869
42.800000000000004	10.14904452097886
42.81	9.872650569841381
42.82	11.299085038911958
42.83	9.96892283651697
42.84	9.629065570062949
42.85	12.223804944981907
42.86	11.328173977091561
42.87	11.44884669951893
42.88	11.906847065044936
42.89	14.109402482395424
42.9	14.779822504550042
42.910000000000004	13.163398633300027
42.92	22.566194223153293
42.93	20.254757431497655
42.94	16.294784696581118
42.95	17.962647379743515
42.96	20.550963597101298
42.97	20.739068588603665
42.980000000000004	20.039543581288466
42.99	19.9513483258859
43.0	19.546847700365923
43.01	17.18949397437089
43.02	13.051859002553222
43.03	9.691669941098013
43.04	6.859455817787178
43.050000000000004	5.857069793890255
43.06	8.876165846778814
43.07	9.948013996265631
43.08	13.958077144926872
43.09	24.809378716034438
43.1	30.635529785319
43.11	27.756205380178102
43.12	24.78146196826749
43.13	19.34116010225909
43.14	16.76391564230951
43.15	14.580254643513584
43.160000000000004	20.21944227898457
43.17	19.06272260899061
43.18	24.98690359214311
43.19	21.992049841514163
43.2	18.333290709121215
43.21	14.256749542989688
43.22	11.180837694780461
43.230000000000004	8.352311889184802
43.24	7.209064433262822
43.25	10.613803245727553
43.26	9.860865233295364
43.27	8.566654181276569
43.28	6.899074957264117
43.29	8.215056420992692
43.300000000000004	7.361201262504733
43.31	12.925210437660828
43.32	13.282021133441125
43.33	10.17830621849763
43.34	9.46937241981508
43.35	7.857741157610085
43.36	7.6650669681899135
43.37	7.048995442199851
43.38	2.176333618566298
43.39	2.3183849843225555
43.4	1.3265717356113023
43.410000000000004	1.1058913502504215
43.42	0.799143266233608
43.43	0.15208541086009586
43.44	-1.5338806055714038
43.45	3.37853083742337
43.46	5.223241271042559
43.47	6.942342555487552
43.480000000000004	8.348009867317803
43.49	12.7031437669385
43.5	11.081086995344318
43.51	14.947496714547686
43.52	11.447847082517457
43.53	10.785592688566132
43.54	10.027918753766425
43.550000000000004	8.886744981861568
43.56	10.32035596094685
43.57	7.3718897025302175
43.58	11.690716584956329
43.59	12.3066520167015
43.6	13.503436368792334
43.61	12.084761944993224
43.62	12.247768359732373
43.63	9.858826190003228
43.64	7.403637423176055
43.65	7.18126148467637
43.660000000000004	8.294461692665607
43.67	11.400468712801795
43.68	14.658142543392147
43.69	15.695281414417135
43.7	11.466655366067247
43.71	9.608151451941996
43.72	9.822231212469031
43.730000000000004	13.587969726684944
43.74	18.41327486870081
43.75	25.054457306920966
43.76	19.569342560872094
43.77	18.81111039863526
43.78	19.423397447400074
43.79	21.905777612494138
43.800000000000004	16.70989105469556
43.81	14.020949856524973
43.82	16.059912450745824
43.83	15.908909002671058
43.84	14.933270234074271
43.85	13.92662978814316
43.86	16.45557188653217
43.87	18.12224984126048
43.88	16.69200636576168
43.89	15.752268485544674
43.9	13.699316441556714
43.910000000000004	10.918528852651155
43.92	9.064444846713075
43.93	6.919180665669041
43.94	4.802083481911208
43.95	-0.6514316462625637
43.96	3.9970395628977737
43.97	5.6621281389660965
43.980000000000004	6.671449601330271
43.99	7.206135836074701
44.0	5.789729231616362
44.01	4.59864565908168
44.02	5.344253382271842
44.03	6.892049420881293
44.04	5.491116440274936
44.050000000000004	6.046326384225743
44.06	3.9947964590027065
44.07	5.043189822559098
44.08	4.75661778449149
44.09	5.168127150710166
44.1	7.604760902754974
44.11	6.856080124206894
44.12	6.031624330122793
44.13	7.877673492349241
44.14	9.08843680967769
44.15	10.61629019833033
44.160000000000004	12.973717201069888
44.17	10.150137636747871
44.18	9.329095107569998
44.19	10.53001027189198
44.2	11.59426798381668
44.21	14.478379178773666
44.22	15.489108982639282
44.230000000000004	15.05826461438067
44.24	19.68411916815067
44.25	17.22443052508239
44.26	13.2557797241478
44.27	13.662251253821461
44.28	16.728926921491595
44.29	18.864003618055097
44.300000000000004	21.32520984985976
44.31	20.563164877024754
44.32	15.703263301073342
44.33	11.37546137456402
44.34	10.879084971554288
44.35	11.829545052035597
44.36	7.32011718387437
44.37	7.223063609535777
44.38	7.378110291276446
44.39	6.779468617278197
44.4	10.120164884491693
44.410000000000004	7.252177571920248
44.42	6.579535512375143
44.43	8.845884535635735
44.44	8.79093493536248
44.45	8.075917085328788
44.46	8.200599386724047
44.47	9.24441945423463
44.480000000000004	7.445055612775459
44.49	9.847804094596176
44.5	14.181000226452444
44.51	19.744191951233827
44.52	20.242135978655824
44.53	18.462917741750513
44.54	19.007058893616435
44.550000000000004	14.839049927011292
44.56	13.79015871255842
44.57	17.398520329134264
44.58	18.279121934919065
44.59	19.961703739545722
44.6	17.074691327610843
44.61	20.804409323449494
44.62	24.577011227774538
44.63	19.356041117632802
44.64	22.294578695263684
44.65	19.25714752338187
44.660000000000004	16.946092750137776
44.67	13.788410366205008
44.68	11.554417477391835
44.69	11.47240515713634
44.7	12.234298508142242
44.71	12.707510602541388
44.72	18.739988698248457
44.730000000000004	15.77574072323005
44.74	12.492136717659605
44.75	12.057556209400861
44.76	17.322983097852045
44.77	13.695049396818018
44.78	11.444097430017292
44.79	15.908038339202223
44.800000000000004	13.205780117242297
44.81	10.888839270752355
44.82	13.48383719300727
44.83	13.053042899796013
44.84	23.17334234673506
44.85	18.075822891459897
44.86	14.534849197285826
44.87	12.002447300233682
44.88	10.67562993487589
44.89	8.885195691310884
44.9	7.465268619568471
44.910000000000004	6.825582863645257
44.92	6.338983199091628
44.93	3.6448636438504582
44.94	3.1428841033695702
44.95	7.165884629019828
44.96	6.669423171543351
44.97	5.646196847089113
44.980000000000004	6.193084730582604
44.99	10.439297328285637
45.0	14.522455788302297
45.01	13.53330788419744
45.02	12.271006773827546
45.03	12.85039174921755
45.04	9.559383274978765
45.050000000000004	8.682062836034564
45.06	20.57569652408946
45.07	25.48117734834445
45.08	19.726134265268005
45.09	15.107786642170339
45.1	17.85614884800373
45.11	16.032696891340574
45.12	15.455741553726305
45.13	14.081411721862242
45.14	12.853955498571857
45.15	10.159049501448957
45.160000000000004	8.572483271639223
45.17	8.018537065834014
45.18	14.677244954162271
45.19	17.703971722711064
45.2	13.649571219464791
45.21	16.44992951513879
45.22	19.58675163858686
45.230000000000004	19.95481730892421
45.24	22.458431902928144
45.25	24.2209034077882
45.26	20.663242191893964
45.27	16.52455079060195
45.28	13.978139685482564
45.29	13.76069388650317
45.300000000000004	11.122030750755854
45.31	9.240600591796792
45.32	8.783182850927815
45.33	6.633856454824378
45.34	8.416056340342742
45.35	10.068315979346343
45.36	9.94492030709194
45.37	13.428221799068943
45.38	18.045252551799436
45.39	18.173001842492813
45.4	14.233634650234652
45.410000000000004	12.785343326813654
45.42	10.905202550886278
45.43	10.599091066299462
45.44	10.739090289664645
45.45	13.286032908197596
45.46	18.95244566008409
45.47	23.293039561657917
45.480000000000004	24.42045816977102
45.49	24.13158899815696
45.5	21.584604565371208
45.51	21.797404624495872
45.52	16.79658654331672
45.53	15.264301593000477
45.54	13.638446699745108
45.550000000000004	19.532489535743114
45.56	26.192527185618566
45.57	22.141886825989133
45.58	26.21525067848295
45.59	25.856686205046767
45.6	24.142309849217693
45.61	25.60352329925274
45.62	25.14288946916088
45.63	24.685802902084106
45.64	29.182661863164867
45.65	28.70072167847817
45.660000000000004	24.55911343130994
45.67	25.042655776052204
45.68	25.42059151654449
45.69	19.606679405083252
45.7	16.96494516546826
45.71	17.14512476187293
45.72	17.613699208920913
45.730000000000004	18.703294667669176
45.74	16.11998713188959
45.75	21.827082821427943
45.76	17.23963152435808
45.77	16.47948951196218
45.78	15.381191095571435
45.79	16.170213506474653
45.800000000000004	20.560625242285894
45.81	21.150064795057293
45.82	21.609608715471374
45.83	24.47770934974449
45.84	21.1976882006746
45.85	23.443927684664974
45.86	20.486461546090613
45.87	16.928413726475103
45.88	18.12228547070473
45.89	14.545518924160213
45.9	11.164972039833788
45.910000000000004	9.671416747091742
45.92	6.871296676813449
45.93	7.258817286469367
45.94	8.45185571660405
45.95	7.589636184816866
45.96	7.426249332107112
45.97	16.041744933381867
45.980000000000004	16.424783133191507
45.99	14.984962551354347
46.0	15.713499385052588
46.01	13.328414481252814
46.02	10.6432924195994
46.03	9.070874101366002
46.04	12.353724087800835
46.050000000000004	12.699394054529073
46.06	11.229272873113665
46.07	15.501269478794747
46.08	17.391869258365258
46.09	19.556836685790156
46.1	17.563887936620674
46.11	14.276942202187477
46.12	11.855881448764137
46.13	9.809034827641726
46.14	8.690429053323061
46.15	6.1401936416721306
46.160000000000004	1.6434978808772651
46.17	1.7063672366197238
46.18	1.3045636504463831
46.19	4.377787235330495
46.2	5.251478715416099
46.21	4.551846972516022
46.22	5.712488336059797
46.230000000000004	4.9626504179290745
46.24	3.5045479409455007
46.25	-0.398152162827431
46.26	-2.736114223349409
46.27	-0.6813545827662827
46.28	0.3863611864913444
46.29	-0.03850865775579237
46.300000000000004	2.16232753572479
46.31	1.4869739041803003
46.32	0.534064271019187
46.33	-0.8426717269299225
46.34	-3.237541897809226
46.35	-0.7841575652055408
46.36	-1.702166492689373
46.37	0.40634127658264946
46.38	0.42418019482604336
46.39	3.5370391289697736
46.4	4.679029835204098
46.410000000000004	4.565712047019142
46.42	11.14066058409606
46.43	15.182726088596304
46.44	14.201843752655614
46.45	13.31315150418233
46.46	11.395384526722767
46.47	22.07003962051936
46.480000000000004	23.925246622097845
46.49	31.343492989159053
46.5	25.23004285115844
46.51	23.285648380440204
46.52	19.71174622672316
46.53	18.838637111866593
46.54	22.605172375900878
46.550000000000004	22.39405789079637
46.56	18.664276191080443
46.57	19.530595772961867
46.58	18.82705798377739
46.59	28.723684376523025
46.6	26.590435581590548
46.61	30.823453833344733
46.62	25.354730210980435
46.63	24.391598918534672
46.64	19.72266844181415
46.65	16.965652602971616
46.660000000000004	16.057741679104353
46.67	15.55931512552192
46.68	20.09181581885102
46.69	17.693968829907927
46.7	18.871903260172427
46.71	18.40594147138763
46.72	22.360812295588655
46.730000000000004	23.379599085534608
46.74	25.98761781299074
46.75	25.610128511227643
46.76	21.30487373477728
46.77	19.929483108769684
46.78	19.573176692023484
46.79	15.782709302973146
46.800000000000004	19.81884049012206
46.81	21.38668268597027
46.82	17.104992402187506
46.83	16.492808772650477
46.84	14.635443598397075
46.85	11.99512156144419
46.86	14.434049895692377
46.87	20.05117921755621
46.88	16.64012982349269
46.89	13.858611003882126
46.9	15.611336273201335
46.910000000000004	16.187744142600224
46.92	12.424872960638815
46.93	9.444542610012194
46.94	7.561617055318722
46.95	7.118330992345459
46.96	5.9790340946515235
46.97	6.940799040988688
46.980000000000004	6.792569068746245
46.99	7.478961139938183
47.0	9.578365771966158
47.01	7.6752038598218695
47.02	5.08616597017359
47.03	6.263425786865211
47.04	4.313902641265423
47.050000000000004	3.8177232280803097
47.06	0.8491055505476726
47.07	2.37232748743871
47.08	-1.8981628262462624
47.09	-0.6686676150444152
47.1	-1.81759288531294
47.11	-9.19577115773996
47.12	-9.370854926034637
47.13	-5.963510846114481
47.14	-5.922368355221566
47.15	-3.203781824299871
47.160000000000004	-3.791471405734986
47.17	-7.388758355003287
47.18	-4.755157079292878
47.19	-3.6581279328505003
47.2	-4.966040324064375
47.21	-4.559988784657223
47.22	-5.222297037445467
47.230000000000004	-6.628579262462129
47.24	-6.384501987950214
47.25	-4.869336140198133
47.26	-4.887413439481745
47.27	-7.749692944900506
47.28	-6.301134950083522
47.29	-4.917394419710914
47.300000000000004	-6.7658022467872705
47.31	-7.327447175580333
47.32	-6.444889945461274
47.33	-6.821543065646853
47.34	-4.863018346360753
47.35	-9.217465149945175
47.36	-9.659074832763542
47.37	-11.232660234833894
47.38	-13.006861301803523
47.39	-13.39051901031207
47.4	-12.422738045117676
47.410000000000004	-10.808705222914956
47.42	-11.891508503914414
47.43	-9.639343274635918
47.44	-7.733785444718292
47.45	-7.998801625061568
47.46	-7.438757042956665
47.47	-8.644101728180152
47.480000000000004	-9.212326289032353
47.49	-11.060048110702718
47.5	-20.97496683134
47.51	-24.091612116930477
47.52	-19.216057218695717
47.53	-20.70720732105302
47.54	-18.50336018153043
47.550000000000004	-19.06145569270219
47.56	-18.242384893058745
47.57	-15.010991215525403
47.58	-16.075071902789926
47.59	-17.401373486376887
47.6	-15.68247429130827
47.61	-13.350313593672535
47.62	-23.925936389248598
47.63	-19.423698053987067
47.64	-19.084602790260536
47.65	-22.536258755870975
47.660000000000004	-20.929072671632483
47.67	-19.055021521006243
47.68	-15.270139606224978
47.69	-12.453175721855313
47.7	-15.067788747977458
47.71	-17.44135566170803
47.72	-15.266418121487035
47.730000000000004	-15.56950717231255
47.74	-18.499558048879855
47.75	-16.29836664191614
47.76	-21.451502253936155
47.77	-16.499398008049212
47.78	-14.912142946646336
47.79	-14.605239938354886
47.800000000000004	-13.874448130902923
47.81	-13.235201742034919
47.82	-14.293670563839871
47.83	-19.37351256349565
47.84	-17.749165113193154
47.85	-24.56471851594689
47.86	-19.877524236515324
47.870000000000005	-20.16191772876854
47.88	-15.999004038309526
47.89	-14.251181040888044
47.9	-13.266421449371196
47.910000000000004	-13.511265145534269
47.92	-12.154801234467033
47.93	-17.719073938452524
47.94	-14.13424120390095
47.95	-11.879441070949426
47.96	-10.327409520899097
47.97	-11.343548514957519
47.980000000000004	-10.606309553920354
47.99	-12.183477040079657
48.0	-13.695767392063617
48.01	-14.537006545984621
48.02	-11.260589109759074
48.03	-8.616690468547706
48.04	-6.748484250312899
48.050000000000004	-7.5158021414531815
48.06	-11.706237807512828
48.07	-12.182912312949112
48.08	-10.985881083244141
48.09	-8.780017028652559
48.1	-7.984217535043369
48.11	-11.305529784294128
48.120000000000005	-10.928530172295702
48.13	-17.996812082569253
48.14	-16.707597750359284
48.15	-23.361959124654412
48.160000000000004	-19.686209449733198
48.17	-19.033304288988408
48.18	-15.001671872836281
48.19	-12.593140464091961
48.2	-10.338917706769761
48.21	-9.79326444468855
48.22	-8.14716073068852
48.230000000000004	-11.45914971150311
48.24	-18.230516246275712
48.25	-18.295733478358393
48.26	-15.827457966264102
48.27	-16.55345219527437
48.28	-13.666191130359193
48.29	-12.053733279764904
48.300000000000004	-12.449142986012
48.31	-15.178761045837405
48.32	-14.013003101986785
48.33	-20.209881224672348
48.34	-22.420144796613332
48.35	-18.571882334441035
48.36	-15.191220668912255
48.370000000000005	-18.248265697463204
48.38	-29.882032461794946
48.39	-23.277820151486413
48.4	-21.234821878404773
48.410000000000004	-22.220845397981975
48.42	-20.113218382480746
48.43	-18.981777240671242
48.44	-19.260469551969877
48.45	-13.989073382876027
48.46	-11.865299904108495
48.47	-8.014190912775842
48.480000000000004	-7.968640353310834
48.49	-9.031914620480268
48.5	-9.676088132488346
48.51	-7.462969560454146
48.52	-7.954922177207828
48.53	-6.9593329687982495
48.54	-7.924503606184375
48.550000000000004	-15.81199018710361
48.56	-23.56474591525183
48.57	-20.691608791116817
48.58	-17.948166886156724
48.59	-13.966977173488917
48.6	-11.553215885846944
48.61	-11.0085757800542
48.620000000000005	-10.298466865934891
48.63	-18.01439356411442
48.64	-14.337635853613842
48.65	-28.981518862502135
48.660000000000004	-25.70554180043796
48.67	-20.484269510002672
48.68	-23.146952956257458
48.69	-21.870086663224132
48.7	-17.94071519367873
48.71	-18.321255915815886
48.72	-17.534806322363945
48.730000000000004	-14.666082715061734
48.74	-19.524586346653102
48.75	-20.920234652975907
48.76	-17.80412080992304
48.77	-17.7232515726998
48.78	-14.134872340748442
48.79	-11.264896738411618
48.800000000000004	-8.758375919290733
48.81	-9.274444182701064
48.82	-8.511642768824604
48.83	-8.415548242796698
48.84	-9.490967394497629
48.85	-10.937054238166356
48.86	-8.13148983642323
48.870000000000005	-6.667649093810951
48.88	-5.252658293535187
48.89	-5.971680339686499
48.9	-8.423902211563501
48.910000000000004	-10.972982508484993
48.92	-12.628668861254162
48.93	-23.33547327810509
48.94	-26.40238320245614
48.95	-24.98848529634509
48.96	-25.340312732803742
48.97	-22.693659142188174
48.980000000000004	-19.901056226763405
48.99	-19.85883246287362
49.0	-19.262152854358142
49.01	-16.896551395958067
49.02	-17.197336197182576
49.03	-15.61040381017438
49.04	-13.513493312227704
49.050000000000004	-15.364915202223743
49.06	-12.768651216092133
49.07	-16.352453400743567
49.08	-15.623852427592983
49.09	-18.503260266645736
49.1	-18.73426116241361
49.11	-14.21237006022462
49.120000000000005	-15.807472816309206
49.13	-21.314280814868244
49.14	-20.92843409594523
49.15	-16.262398584586798
49.160000000000004	-16.77055317158817
49.17	-23.028430945732474
49.18	-22.549817285588222
49.19	-18.98166983520642
49.2	-19.095428280745068
49.21	-17.500618697732598
49.22	-20.843343150744207
49.230000000000004	-21.473155909489492
49.24	-17.952898351022103
49.25	-17.20440129485826
49.26	-20.503976147563503
49.27	-19.7574838004117
49.28	-15.806951653429648
49.29	-16.47937930759315
49.300000000000004	-17.975080973553478
49.31	-18.76632713270016
49.32	-15.371822754302217
49.33	-15.356513179964471
49.34	-14.828096869618271
49.35	-17.263072508416382
49.36	-15.264687037713845
49.370000000000005	-14.507593808598005
49.38	-18.584637999294365
49.39	-14.622741617057885
49.4	-13.308714420696033
49.410000000000004	-14.086242815241723
49.42	-17.184341834815754
49.43	-15.903692152791699
49.44	-13.841579975626518
49.45	-12.277343238291179
49.46	-15.679248927464437
49.47	-19.473458507011042
49.480000000000004	-26.310481804622263
49.49	-20.97396226223743
49.5	-17.553089495523338
49.51	-19.732453802656792
49.52	-28.445848249960175
49.53	-24.923772826927244
49.54	-22.77276260294785
49.550000000000004	-18.8820183650982
49.56	-16.767106805803593
49.57	-18.108141050430934
49.58	-22.739309546269478
49.59	-24.797139267141283
49.6	-30.634865340447767
49.61	-25.21552144708787
49.620000000000005	-29.594896431830772
49.63	-27.284146828006197
49.64	-24.30982003000136
49.65	-19.190609624831836
49.660000000000004	-15.832737362951683
49.67	-16.13137282944759
49.68	-19.557212081144005
49.69	-15.483823454124211
49.7	-16.097172293243343
49.71	-18.329403290302324
49.72	-19.002703337667338
49.730000000000004	-18.80352913327533
49.74	-16.45192208051372
49.75	-13.394227822576978
49.76	-21.10799783339628
49.77	-20.11365360709746
49.78	-18.84926390381074
49.79	-14.73725911344905
49.800000000000004	-12.693221032975153
49.81	-13.105812398121856
49.82	-12.360252739556719
49.83	-18.50084496580236
49.84	-22.270914771056447
49.85	-19.877543204108363
49.86	-20.435922847566072
49.870000000000005	-25.960493257978037
49.88	-24.375523558785872
49.89	-23.2966422207177
49.9	-18.629514753127037
49.910000000000004	-30.40780821367273
49.92	-25.11300708212921
49.93	-19.346127298034602
49.94	-17.570458279641826
49.95	-18.29418770321113
49.96	-14.16679326266907
49.97	-11.301095760363545
49.980000000000004	-8.760575336604207
49.99	-7.82300811739548
50.0	-7.9675065907841445
50.01	-7.507206399852022
50.02	-6.724525348952329
50.03	-6.859880638953823
50.04	-8.679366262080089
50.050000000000004	-8.527697926206118
50.06	-16.211169576825675
50.07	-15.46876422070436
50.08	-13.424400919480515
50.09	-9.538191322165295
50.1	-11.377408363165895
50.11	-10.137665975294624
50.120000000000005	-7.792085232687054
50.13	-6.826634053550261
50.14	-8.53494325515241
50.15	-10.978426348994422
50.160000000000004	-9.373628053954256
50.17	-7.093829536624331
50.18	-7.392709444527093
50.19	-8.909193126312546
50.2	-10.774542824400157
50.21	-14.9587799621777
50.22	-12.138482209948934
50.230000000000004	-16.845088250092704
50.24	-18.869851589554774
50.25	-27.498096024924777
50.26	-20.703125560940954
50.27	-17.264374247468727
50.28	-21.658061315705684
50.29	-20.48695976058833
50.300000000000004	-21.089870736372994
50.31	-18.972988681643535
50.32	-18.722505081914402
50.33	-18.537898828703025
50.34	-14.319895732548314
50.35	-11.42824663715649
50.36	-13.361205945307185
50.370000000000005	-11.826677558856995
50.38	-11.720037740795062
50.39	-17.01248169815285
50.4	-17.691137094327445
50.410000000000004	-17.31985578737767
50.42	-15.495675537705639
50.43	-12.478194736745408
50.44	-16.399613044960564
50.45	-19.74849575615808
50.46	-20.674146154803644
50.47	-16.816784376909094
50.480000000000004	-20.081980522202738
50.49	-25.410064760341232
50.5	-24.96627442090786
50.51	-20.18000946393802
50.52	-18.909690652996723
50.53	-19.3732602928342
50.54	-18.71869757381536
50.550000000000004	-20.426848288629788
50.56	-19.583172764908557
50.57	-16.338901176132392
50.58	-16.041329222250262
50.59	-13.866429482417766
50.6	-14.095554133058199
50.61	-24.485248307540814
50.620000000000005	-30.118103997015805
50.63	-22.73606732456296
50.64	-18.68477691066404
50.65	-19.046177568956825
50.660000000000004	-16.502127129257776
50.67	-23.258647230568048
50.68	-23.391910316636444
50.69	-18.97410748505066
50.7	-16.6679862418103
50.71	-17.327331642587698
50.72	-17.75462749880314
50.730000000000004	-22.785672120786952
50.74	-20.163582434131516
50.75	-24.478693771737305
50.76	-20.7715882028566
50.77	-17.64242973736289
50.78	-16.56274787901302
50.79	-12.745366016322153
50.800000000000004	-14.973726670493742
50.81	-12.16265832039559
50.82	-13.113691644616019
50.83	-13.480662014216621
50.84	-11.90876253741712
50.85	-9.424738035127614
50.86	-13.28046467159761
50.870000000000005	-18.735117297641214
50.88	-20.300028094467095
50.89	-16.78052239443909
50.9	-14.08635624680279
50.910000000000004	-16.130588819001954
50.92	-13.794228194573384
50.93	-10.689657055327599
50.94	-7.704372325097349
50.95	-4.707566403690945
50.96	-5.533102433274396
50.97	-3.0183687531505634
50.980000000000004	-10.105261960809894
50.99	-10.060672585316638
51.0	-8.453919967594015
51.01	-8.480088483609274
51.02	-10.006121718078138
51.03	-10.011588250656345
51.04	-14.949590451666884
51.050000000000004	-26.733740242114614
51.06	-33.84414461834886
51.07	-28.141273283972758
51.08	-21.466141919249583
51.09	-30.015417320810077
51.1	-23.81872599339385
51.11	-22.61537207555787
51.120000000000005	-17.608513842270117
51.13	-17.967826779485087
51.14	-15.214779859227793
51.15	-19.956681662914253
51.160000000000004	-17.160414470958695
51.17	-21.129663103735634
51.18	-20.21375248332385
51.19	-20.982285526311763
51.2	-15.899513950133132
51.21	-12.910604411698326
51.22	-13.071195995919085
51.230000000000004	-11.632685049730576
51.24	-10.984625780704413
51.25	-11.658528068622426
51.26	-14.186227593333939
51.27	-14.633036671347641
51.28	-15.520931667644584
51.29	-12.29390144486782
51.300000000000004	-12.666707421219385
51.31	-10.830329354514745
51.32	-7.4212518573965855
51.33	-5.201124196565917
51.34	-9.431805273631666
51.35	-11.055252839728473
51.36	-14.949917663931032
51.370000000000005	-19.400945606862546
51.38	-19.763249592576873
51.39	-15.064776591309194
51.4	-10.612324378522118
51.410000000000004	-8.230166830524539
51.42	-11.973557389675097
51.43	-12.323873371798765
51.44	-9.202432876901176
51.45	-11.653750048122038
51.46	-11.732823688000265
51.47	-9.803460635599762
51.480000000000004	-7.906294325834566
51.49	-7.510061317344765
51.5	-12.116547244258877
51.51	-22.43260706739852
51.52	-22.341701339005276
51.53	-30.431555779076408
51.54	-32.30376392868013
51.550000000000004	-31.39913538462315
51.56	-25.73456564966782
51.57	-20.659632058742908
51.58	-18.70526747689205
51.59	-14.72588524331618
51.6	-12.414572005326988
51.61	-9.844764448420351
51.620000000000005	-9.151905093073962
51.63	-6.43230558030579
51.64	-5.136874290314547
51.65	-10.065039535191172
51.660000000000004	-7.778976125739768
51.67	-8.756639988795959
51.68	-9.792938975025187
51.69	-9.13662801440665
51.7	-10.628473860116086
51.71	-13.890171840737924
51.72	-16.346722090162025
51.730000000000004	-16.404736616456756
51.74	-14.008900474508389
51.75	-12.472296719935787
51.76	-10.807157304274812
51.77	-13.634312992955234
51.78	-10.163498638137721
51.79	-11.334398928314918
51.800000000000004	-12.067325190450239
51.81	-11.038823025775265
51.82	-15.060280136418251
51.83	-22.058544264671387
51.84	-17.174142162531144
51.85	-16.76564592205349
51.86	-18.94989062036957
51.870000000000005	-18.275615678859193
51.88	-16.602914141848874
51.89	-13.71518806722025
51.9	-14.465867534224273
51.910000000000004	-24.054701272365172
51.92	-22.560782939925975
51.93	-21.750633558497167
51.94	-28.014857986454516
51.95	-27.376898667302363
51.96	-26.08668284253394
51.97	-29.890475511998364
51.980000000000004	-25.01932519280702
51.99	-19.367184899480023
52.0	-17.259665959213574
52.01	-15.92460211511784
52.02	-12.33758191173263
52.03	-11.074683321644637
52.04	-12.43465816011985
52.050000000000004	-17.6513976125247
52.06	-13.449545755602545
52.07	-11.063045796441683
52.08	-13.77153211258022
52.09	-13.272103006627098
52.1	-19.748474312518134
52.11	-16.000589397246102
52.120000000000005	-15.604709282186205
52.13	-17.488574862642732
52.14	-15.162407199131216
52.15	-12.576173206857137
52.160000000000004	-11.057730937223756
52.17	-15.671257705604425
52.18	-20.92601978627696
52.19	-15.830494803074522
52.2	-12.783189346901048
52.21	-11.7674274497283
52.22	-13.825434499455444
52.230000000000004	-13.700666238136959
52.24	-24.351858184045057
52.25	-23.87070368622569
52.26	-19.66950549575785
52.27	-16.008982436219263
52.28	-16.577046055790873
52.29	-16.13471547878011
52.300000000000004	-18.67885383327832
52.31	-14.363889438481381
52.32	-16.513870419950408
52.33	-15.344882784753901
52.34	-12.931255911808073
52.35	-13.69512932254308
52.36	-11.262606060987654
52.370000000000005	-8.612110908848898
52.38	-5.876531677744626
52.39	-4.146198927781553
52.4	-1.8351429838713782
52.410000000000004	-5.7750121821589895
52.42	-9.071173592451768
52.43	-11.689033052732572
52.44	-17.660027016826806
52.45	-14.737747853494044
52.46	-12.208902576242998
52.47	-11.69446244444413
52.480000000000004	-8.928818238503393
52.49	-7.2939049996957355
52.5	-9.659936630995364
52.51	-19.156171927751245
52.52	-21.531582631990435
52.53	-19.02009551039362
52.54	-16.669485086355316
52.550000000000004	-18.1309351061873
52.56	-24.210699055742214
52.57	-22.00181780336451
52.58	-26.948819538122464
52.59	-21.53157002054888
52.6	-18.75770382716232
52.61	-19.20357027093218
52.620000000000005	-23.693176710537752
52.63	-20.16219871903677
52.64	-16.59090987188671
52.65	-18.04659846826406
52.660000000000004	-14.565727957151402
52.67	-16.544240525026364
52.68	-18.118863159320764
52.69	-20.5747532002465
52.7	-16.434018087276446
52.71	-13.310023203785098
52.72	-12.14229752688237
52.730000000000004	-10.15266107624136
52.74	-9.354071176094587
52.75	-8.972155934035118
52.76	-5.3161703006299
52.77	-5.46076465797073
52.78	-6.267165617177177
52.79	-8.388829569055154
52.800000000000004	-4.701329928965186
52.81	-7.778108161656573
52.82	-17.780784343994476
52.83	-16.34545726001109
52.84	-15.29191160540895
52.85	-18.3677529768366
52.86	-15.269243791499699
52.870000000000005	-20.790142192796186
52.88	-16.66766612618964
52.89	-12.59230907793647
52.9	-10.871584293704043
52.910000000000004	-9.150859509470394
52.92	-9.18485452194929
52.93	-8.284172382862979
52.94	-4.27500973827316
52.95	-2.315074356751971
52.96	-4.759419914388255
52.97	-7.9179111400114675
52.980000000000004	-7.532924182434417
52.99	-7.480860009117965
53.0	-14.616552720690198
53.01	-15.871081343513273
53.02	-12.644351105406647
53.03	-10.689303284630448
53.04	-10.843549619306447
53.050000000000004	-16.93966157970905
53.06	-17.354541063662477
53.07	-13.653565585477812
53.08	-13.585702901248386
53.09	-12.555535496968998
53.1	-12.961838871233821
53.11	-10.469002149771372
53.120000000000005	-8.8715107050741
53.13	-8.048700518658887
53.14	-19.46915412726716
53.15	-20.07647890459881
53.160000000000004	-17.09023211542931
53.17	-19.542881565729434
53.18	-17.16343017412809
53.19	-16.514760948617973
53.2	-21.632914721048525
53.21	-20.531457942281396
53.22	-20.3413826175413
53.230000000000004	-15.561342001625427
53.24	-12.96489746192746
53.25	-10.547173676915895
53.26	-9.439784369857884
53.27	-9.708897294569095
53.28	-11.45362735909007
53.29	-10.956156142770652
53.300000000000004	-23.282941384187925
53.31	-20.896498404288295
53.32	-18.953777480857838
53.33	-18.655028230451308
53.34	-16.14332261658953
53.35	-13.045174542075035
53.36	-9.370116655075435
53.370000000000005	-11.125429874434873
53.38	-14.841872432409728
53.39	-15.702178874508945
53.4	-17.38597514256801
53.410000000000004	-21.069396961844163
53.42	-29.06908811524514
53.43	-23.080915458963116
53.44	-25.081925850622145
53.45	-26.087701213276812
53.46	-23.262178329748963
53.47	-24.8011959438426
53.480000000000004	-23.070804102119222
53.49	-22.285574982464198
53.5	-28.82136404682204
53.51	-29.001696327548306
53.52	-26.932685651590184
53.53	-24.408370641660465
53.54	-21.576250803827087
53.550000000000004	-23.603801197197697
53.56	-23.238405606647532
53.57	-17.972246833292413
53.58	-13.675304866019307
53.59	-14.323360646654514
53.6	-16.96402428522653
53.61	-26.968134190949442
53.620000000000005	-26.577652985302517
53.63	-24.96236790024957
53.64	-20.283565761564166
53.65	-24.200230412345242
53.660000000000004	-21.33075697842552
53.67	-26.13447689468417
53.68	-19.63619081405301
53.69	-15.233694833568775
53.7	-11.961317648968489
53.71	-13.716260296465842
53.72	-14.344317743361334
53.730000000000004	-15.367237874522946
53.74	-17.27766048758582
53.75	-13.53100185263106
53.76	-11.484011227858144
53.77	-12.39919661915735
53.78	-20.550088776203697
53.79	-25.072445154254954
53.800000000000004	-21.88790272136393
53.81	-17.16552733715263
53.82	-17.929362082841198
53.83	-15.571486955208046
53.84	-15.631600500901829
53.85	-17.433229558583356
53.86	-15.054273708126415
53.870000000000005	-14.250589995789188
53.88	-16.926422516539944
53.89	-15.63707764813486
53.9	-15.330367498763582
53.910000000000004	-12.128294511344986
53.92	-9.6782065353012
53.93	-8.113004016443888
53.94	-16.780556345450783
53.95	-14.306876920439002
53.96	-10.776679811661456
53.97	-6.231627851870689
53.980000000000004	-3.7681396637613966
53.99	-1.0755076802377321
54.0	1.0843299725678333
54.01	0.7734762857416557
54.02	0.27342393980270985
54.03	3.363931277820688
54.04	6.0542253788187965
54.050000000000004	7.070084941400232
54.06	10.346585612018142
54.07	12.201059536771709
54.08	12.655074603048282
54.09	14.884600534271483
54.1	15.543243717875521
54.11	15.645170789633951
54.120000000000005	13.532855626036374
54.13	13.123451577002156
54.14	14.717856054874709
54.15	18.546988302213038
54.160000000000004	21.211935029594397
54.17	20.125736690901658
54.18	15.75478122996102
54.19	12.133891920154234
54.2	10.6250760682789
54.21	10.628426508660903
54.22	12.811383724371996
54.230000000000004	11.352005275661245
54.24	20.211367713340856
54.25	16.98524413558078
54.26	14.743980079127667
54.27	13.776574965331154
54.28	12.616351511176461
54.29	13.361642980176113
54.300000000000004	11.062462589704149
54.31	13.627441865412663
54.32	11.73395015347399
54.33	9.46232400614399
54.34	8.977471072624926
54.35	6.994519259848568
54.36	4.514945108350717
54.370000000000005	2.5201236551354342
54.38	2.778064628231572
54.39	5.780533331644805
54.4	5.355426566712817
54.410000000000004	8.864998767315823
54.42	8.488225704757346
54.43	8.395299144097955
54.44	7.3054547397903855
54.45	6.704919815795792
54.46	9.943330084617802
54.47	13.653930960827022
54.480000000000004	14.301911988294044
54.49	14.905507779053707
54.5	14.489188249264679
54.51	14.461416214471216
54.52	15.047102927113693
54.53	16.6565176610731
54.54	17.118807080241616
54.550000000000004	13.474708577191164
54.56	13.752250643093223
54.57	17.552620056058455
54.58	15.82722867923669
54.59	11.655623375112665
54.6	14.464625911202454
54.61	12.748789944166319
54.620000000000005	11.18199121365813
54.63	11.188285683763146
54.64	7.820574411064828
54.65	10.955830509306072
54.660000000000004	12.466269329318855
54.67	13.324241450939823
54.68	19.63574106654992
54.69	26.539877849705384
54.7	25.49393941388488
54.71	24.451747721779114
54.72	20.415828673160433
54.730000000000004	21.6325790295751
54.74	27.96710877727002
54.75	27.297428743576756
54.76	24.99580419812468
54.77	33.92349983846112
54.78	31.643097921362425
54.79	28.367727091917125
54.800000000000004	26.82543614748256
54.81	24.671784718239895
54.82	23.548814251815894
54.83	20.949042710815853
54.84	25.491204691852854
54.85	24.936284238747824
54.86	24.60291906422502
54.870000000000005	20.96160701064468
54.88	25.397299401652305
54.89	25.44343792624568
54.9	31.99020660184854
54.910000000000004	25.45218325784615
54.92	24.79122199171076
54.93	22.34631255255523
54.94	18.2333839794276
54.95	16.07387987425907
54.96	20.298257329317774
54.97	15.953497351990677
54.980000000000004	15.470728408608565
54.99	22.817192968939654
55.0	19.697630776895444
55.01	27.22638087941461
55.02	22.63620424637821
55.03	19.482671775032877
55.04	17.041145202773816
55.050000000000004	16.13290646108476
55.06	21.180426524951844
55.07	21.955510516490513
55.08	20.066140049583115
55.09	18.65680489824609
55.1	14.365646661503087
55.11	13.495701592252509
55.120000000000005	16.351999757347485
55.13	14.00866185968733
55.14	13.692596074946254
55.15	22.35425152719157
55.160000000000004	17.563610612952576
55.17	16.735183965473897
55.18	23.740274125869615
55.19	19.07764019385323
55.2	16.017087538825336
55.21	15.219046933277411
55.22	17.368828912126396
55.230000000000004	25.219147468688682
55.24	26.03882140729731
55.25	22.358223019465232
55.26	22.416306194683358
55.27	21.680088227283232
55.28	22.08660777366131
55.29	22.862146051251873
55.300000000000004	20.31066738376926
55.31	17.123193749895325
55.32	16.94206804647519
55.33	17.471079469790922
55.34	20.579382491445045
55.35	20.099016691298235
55.36	26.917798859738618
55.370000000000005	27.92185620869397
55.38	27.229139388460585
55.39	30.126392090464332
55.4	23.618739064305146
55.410000000000004	18.79324616691187
55.42	15.970305934475261
55.43	15.146515172373674
55.44	15.177799487293747
55.45	13.227685602528988
55.46	16.666601124996085
55.47	25.14754470788921
55.480000000000004	24.963262540631646
55.49	24.07300630537416
55.5	23.88534942691691
55.51	25.854731890201464
55.52	27.548332819720404
55.53	21.846218930572622
55.54	17.21413040603424
55.550000000000004	16.02685688463619
55.56	15.975194201894267
55.57	17.637502025968796
55.58	16.2061145637402
55.59	20.90930414184174
55.6	22.333533644040546
55.61	17.610880009447943
55.620000000000005	14.189918545963508
55.63	13.24723228731997
55.64	20.572777298213428
55.65	25.308660662917983
55.660000000000004	21.740766682851724
55.67	18.967398645325478
55.68	18.29716770045307
55.69	15.99302271736065
55.7	12.588945022481075
55.71	20.88618288198575
55.72	20.615855812332857
55.730000000000004	16.01104107281319
55.74	14.301055041086503
55.75	23.898450066296625
55.76	21.91848430785989
55.77	23.933452635501247
55.78	24.281701373888346
55.79	22.422280384624745
55.800000000000004	21.321144324413723
55.81	19.207040633265642
55.82	14.978927788197245
55.83	13.744961492283577
55.84	13.383882269271366
55.85	15.642272881286653
55.86	14.746978262896643
55.870000000000005	14.104551983207022
55.88	15.44311515526292
55.89	15.255369351200132
55.9	18.869242154138238
55.910000000000004	18.379139121688667
55.92	19.826119340172284
55.93	14.68683152151193
55.94	11.1919182899096
55.95	11.413123288401426
55.96	9.026474364980716
55.97	8.456829602778305
55.980000000000004	11.62092391837071
55.99	13.480291757430653
56.0	11.465019569081875
56.01	8.122957712317831
56.02	10.031131774831202
56.03	10.751674214158568
56.04	14.452399604788978
56.050000000000004	14.780243130477574
56.06	11.201429727349808
56.07	13.689387066913099
56.08	15.835889574919543
56.09	14.30975618481327
56.1	27.58060791843627
56.11	35.93075266382492
56.120000000000005	30.533378238781022
56.13	30.210788400916957
56.14	34.02944598021284
56.15	28.792583738404304
56.160000000000004	29.581903234940146
56.17	24.870475711137143
56.18	22.182395918778386
56.19	16.88300342697485
56.2	15.642502280370458
56.21	20.32586576682396
56.22	16.334107113278144
56.230000000000004	21.193258302991524
56.24	19.165571715520812
56.25	16.24029138232521
56.26	14.488434802254263
56.27	11.368014213168285
56.28	8.831684177013944
56.29	7.256557829889386
56.300000000000004	7.010014094080488
56.31	2.157570862965449
56.32	-0.7432326162647055
56.33	-2.3030603436460164
56.34	-3.9991519965684907
56.35	-2.324835600816463
56.36	-3.610316644752958
56.370000000000005	-2.3364795786797194
56.38	0.4768658801384877
56.39	-0.012849193997068699
56.4	-1.2020227173972824
56.410000000000004	-6.572151003262035
56.42	-7.0361492633725
56.43	-5.8344852859335345
56.44	-15.292688619618131
56.45	-14.998042850857013
56.46	-13.625975079652454
56.47	-16.055572214288024
56.480000000000004	-16.892076303722753
56.49	-19.411837468154225
56.5	-17.86704416985466
56.51	-16.652457228685783
56.52	-23.572760084136146
56.53	-21.470787493538182
56.54	-21.915207513137442
56.550000000000004	-19.995779809290237
56.56	-17.152563335426315
56.57	-19.37614810258465
56.58	-15.476509802408719
56.59	-13.181930451464392
56.6	-12.585298828226552
56.61	-16.936888167860126
56.620000000000005	-15.667967921366854
56.63	-14.324555298514754
56.64	-13.840598338677882
56.65	-17.610605872888634
56.660000000000004	-13.871377629440621
56.67	-12.624471597902835
56.68	-19.718175124348353
56.69	-14.973126531715218
56.7	-14.646673610136457
56.71	-14.422679315507041
56.72	-13.78514963307457
56.730000000000004	-11.731463036685236
56.74	-12.606630951603917
56.75	-23.635368359711308
56.76	-26.61628738664427
56.77	-22.669756197814248
56.78	-17.68050745442505
56.79	-15.607638952564969
56.800000000000004	-12.650449122090905
56.81	-10.514283922480738
56.82	-9.85825401375961
56.83	-7.764925374460992
56.84	-8.13365777387094
56.85	-12.005074316221082
56.86	-11.729750636605385
56.870000000000005	-14.910761140973218
56.88	-20.729261207983157
56.89	-16.839665135384607
56.9	-19.92483825076536
56.910000000000004	-15.607123908332838
56.92	-13.505239946832644
56.93	-12.927694723426534
56.94	-14.05715423253346
56.95	-13.71244495020307
56.96	-11.683677661900195
56.97	-13.133734767168205
56.980000000000004	-14.559837804297306
56.99	-11.900188085640522
57.0	-11.217227531527117
57.01	-10.765534397657756
57.02	-9.076453009155104
57.03	-8.279867357767712
57.04	-7.483084778677549
57.050000000000004	-10.349478207987982
57.06	-9.508944938793578
57.07	-8.61996951594265
57.08	-7.450515465309165
57.09	-10.601979461542093
57.1	-9.90453650266759
57.11	-8.975224349297855
57.120000000000005	-7.105387381882422
57.13	-4.570381876985881
57.14	-5.3915251739941095
57.15	-8.475373158538472
57.160000000000004	-5.119868106110254
57.17	-3.3593397611097386
57.18	-7.346692576138539
57.19	-6.867365678631426
57.2	-6.419681804334359
57.21	-8.528243013797498
57.22	-7.511541804094439
57.230000000000004	-8.360307967731398
57.24	-9.75627563148212
57.25	-11.770807212951587
57.26	-11.124161381598487
57.27	-12.476644557526956
57.28	-9.224754376554248
57.29	-13.829425162989457
57.300000000000004	-13.360588413125484
57.31	-18.817212561951795
57.32	-16.475656945125834
57.33	-20.246183906624367
57.34	-18.493517831001
57.35	-16.393414895726277
57.36	-17.59591105159668
57.370000000000005	-18.977110770335877
57.38	-31.07037465760204
57.39	-30.881784085815585
57.4	-24.01199183025097
57.410000000000004	-18.01114064640993
57.42	-20.968535931825727
57.43	-21.302305737616486
57.44	-21.261395121360582
57.45	-17.419664848207837
57.46	-14.144113544609258
57.47	-11.136985345475962
57.480000000000004	-10.839844736620368
57.49	-8.111794766171515
57.5	-10.132297967677571
57.51	-9.907415184143765
57.52	-7.6140804613898005
57.53	-9.332920990609217
57.54	-11.184630969700972
57.550000000000004	-9.11908599023527
57.56	-12.067863738939401
57.57	-13.651821032109185
57.58	-11.647817093901592
57.59	-9.773216967050832
57.6	-8.601672297068765
57.61	-7.610199524436848
57.620000000000005	-11.903268169599244
57.63	-12.077509982561299
57.64	-8.715818277784326
57.65	-16.721187847498673
57.660000000000004	-17.40687143175159
57.67	-18.54780178581793
57.68	-15.523166686869562
57.69	-15.952196928723446
57.7	-19.591091360284924
57.71	-18.929683132190252
57.72	-21.008774305471594
57.730000000000004	-19.104532738100563
57.74	-15.268470464151546
57.75	-15.551119513036854
57.76	-14.029650638014212
57.77	-15.471027922927016
57.78	-12.98368495175757
57.79	-12.201986342149933
57.800000000000004	-11.398135070288347
57.81	-13.769662079388798
57.82	-11.613492646928375
57.83	-9.516304248391387
57.84	-7.2124279969735055
57.85	-9.470688950957788
57.86	-11.111083951990494
57.870000000000005	-10.869522140707193
57.88	-9.431849865856513
57.89	-8.687221067779914
57.9	-10.429221300053056
57.910000000000004	-9.323785938422281
57.92	-10.594791262082044
57.93	-9.553245316665663
57.94	-10.931027862989009
57.95	-15.76717789500682
57.96	-15.942514080420775
57.97	-16.160529898865917
57.980000000000004	-14.46538083699917
57.99	-13.080676866550322
58.0	-14.873131336364047
58.01	-13.194863834814239
58.02	-17.489391571564262
58.03	-13.441232518419797
58.04	-13.505539225564515
58.050000000000004	-12.372439084177277
58.06	-17.414563565982483
58.07	-15.561152995444502
58.08	-16.553477061463504
58.09	-16.52561717356851
58.1	-21.448528264653376
58.11	-19.87780082902208
58.120000000000005	-17.64564264926646
58.13	-13.689451603669143
58.14	-10.69721605223415
58.15	-12.137405228795817
58.160000000000004	-12.931094891687579
58.17	-14.941011901796369
58.18	-19.391612453312902
58.19	-16.587267891063664
58.2	-20.32055330648429
58.21	-20.048351848364224
58.22	-15.117884980087359
58.230000000000004	-24.14685890766533
58.24	-18.617035284553975
58.25	-26.85268343850593
58.26	-25.74612191786657
58.27	-20.437933404646976
58.28	-16.325114945052636
58.29	-19.501113789794736
58.300000000000004	-19.426374935117355
58.31	-22.41058967995549
58.32	-25.54433765678454
58.33	-21.589695026174955
58.34	-31.591842585661077
58.35	-27.853420383881723
58.36	-21.664695554967594
58.370000000000005	-20.14285077623591
58.38	-17.85065336220168
58.39	-14.683028413345276
58.4	-22.09874836312691
58.410000000000004	-17.202573416733262
58.42	-16.6171562208343
58.43	-17.738617821791845
58.44	-14.696695820632609
58.45	-11.517363102377082
58.46	-9.648176836608302
58.47	-7.066311393208526
58.480000000000004	-5.8828223608815895
58.49	-8.191357198746415
58.5	-7.4318281391239385
58.51	-9.438632653653142
58.52	-16.784767274935348
58.53	-22.60523099287599
58.54	-21.925040348672603
58.550000000000004	-20.64627660530174
58.56	-21.947514627471282
58.57	-25.821213138313695
58.58	-23.41499458969496
58.59	-22.050714226948937
58.6	-20.119985901745327
58.61	-17.148892691296993
58.620000000000005	-13.202369605191077
58.63	-15.044532010406046
58.64	-19.589812957202597
58.65	-18.675816109511356
58.660000000000004	-19.911793922128552
58.67	-27.83318120780733
58.68	-31.722591598118047
58.69	-27.007958696926632
58.7	-25.796303938035337
58.71	-21.73592918253833
58.72	-20.89465526594229
58.730000000000004	-16.43938440342228
58.74	-13.986063389290646
58.75	-10.380956247519242
58.76	-19.790368770714352
58.77	-18.30994701791687
58.78	-15.865522478232647
58.79	-12.555354242774172
58.800000000000004	-11.249949188609909
58.81	-22.197371243436926
58.82	-24.355391226631934
58.83	-20.27452088359006
58.84	-15.980405505301887
58.85	-14.079540376451764
58.86	-13.041995063738685
58.870000000000005	-13.200892396625605
58.88	-10.958198942926074
58.89	-8.942162831708567
58.9	-10.301921859653469
58.910000000000004	-10.11674350280334
58.92	-9.784407474392951
58.93	-10.36221184818772
58.94	-11.758818366134397
58.95	-11.752623904616483
58.96	-13.262253785266294
58.97	-14.91149353275477
58.980000000000004	-15.085134844999528
58.99	-11.664505134587856
59.0	-14.285252825494432
59.01	-12.719232189545423
59.02	-18.107949201053078
59.03	-19.590412857758846
59.04	-22.950997235910318
59.050000000000004	-19.01187886613256
59.06	-19.464943524380367
59.07	-18.523189763257488
59.08	-17.314658797979174
59.09	-17.266032150210883
59.1	-18.03726598356659
59.11	-18.66947315423604
59.120000000000005	-17.49716721065534
59.13	-16.670703498418778
59.14	-16.721948024240813
59.15	-18.524937177659783
59.160000000000004	-16.906379361297883
59.17	-16.639820876806347
59.18	-22.655783911499547
59.19	-20.10624064723382
59.2	-23.535417886281284
59.21	-28.462733561668692
59.22	-23.984853998114627
59.230000000000004	-27.61641096634709
59.24	-29.623277829614196
59.25	-25.38552885926936
59.26	-19.863913592021603
59.27	-15.345422449762573
59.28	-16.390983632170478
59.29	-12.62741048700791
59.300000000000004	-10.125791370762071
59.31	-10.03205335548808
59.32	-9.283877022267658
59.33	-10.670143382892864
59.34	-10.115673613794604
59.35	-9.146938537174
59.36	-8.77155423132781
59.370000000000005	-9.730038801639163
59.38	-9.910216942455875
59.39	-10.277039349167806
59.4	-7.440284693792726
59.410000000000004	-5.707420114112587
59.42	-3.7879246364515233
59.43	-1.0775465008906344
59.44	-5.110114328759379
59.45	-5.702901316301277
59.46	-4.131503659332788
59.47	-4.846392589670425
59.480000000000004	-3.2691784414671337
59.49	-1.6271453467734442
59.5	1.189669248656278
59.51	-3.290891043770593
59.52	-6.026179556332476
59.53	-5.766219491077568
59.54	-4.218118747889777
59.550000000000004	-7.373138254402943
59.56	-9.40724432443501
59.57	-9.09056518503142
59.58	-7.188117770517823
59.59	-6.283048408565612
59.6	-3.079089970906367
59.61	-1.7709893315644283
59.620000000000005	-0.33979023939667335
59.63	-4.162828493731684
59.64	-5.9192445586695115
59.65	-2.9856069734473314
59.660000000000004	-1.8933264900799183
59.67	-2.6049276857474184
59.68	-5.149186375956328
59.69	-8.503991069741854
59.7	-6.9623678514200105
59.71	-9.16715131190788
59.72	-6.646670319585401
59.730000000000004	-8.602215979182773
59.74	-14.629885778493222
59.75	-16.922320365175167
59.76	-15.177290416800178
59.77	-12.279464886356795
59.78	-10.263619287595871
59.79	-11.300136728634927
59.800000000000004	-19.203459314493784
59.81	-23.76999452938036
59.82	-22.864963272506277
59.83	-22.01679075021547
59.84	-19.550815273331764
59.85	-18.435286841766025
59.86	-22.905386893546712
59.870000000000005	-20.904732444365774
59.88	-17.23580144587455
59.89	-14.262829006754409
59.9	-16.397665501080013
59.910000000000004	-15.515878457450608
59.92	-14.634957377589455
59.93	-16.987317670504606
59.94	-23.471058545952495
59.95	-18.023043299655864
59.96	-20.89621883757396
59.97	-16.9192709362042
59.980000000000004	-16.042166718792938
59.99	-22.440901344567354
60.0	-21.93445203984956
60.01	-16.955592292095655
60.02	-23.53571799807782
60.03	-28.6198047113739
60.04	-23.408542387697768
60.050000000000004	-18.491338984988886
60.06	-16.09881560621747
60.07	-23.46944038795517
60.08	-19.288277931443737
60.09	-18.259881605582063
60.1	-20.549484566676956
60.11	-17.76243385045482
60.120000000000005	-22.98631678644995
60.13	-20.599663428102264
60.14	-19.777839854742798
60.15	-21.1381698196476
60.160000000000004	-25.622639176007144
60.17	-20.843464873505685
60.18	-18.839257718690046
60.19	-22.79065384592798
60.2	-21.142786092020874
60.21	-27.80148621682251
60.22	-24.405395682398954
60.230000000000004	-27.478894418413724
60.24	-24.739697674853023
60.25	-22.291165961646563
60.26	-29.44084911993137
60.27	-25.881261562097475
60.28	-22.06545503013928
60.29	-28.778222901809915
60.300000000000004	-34.29970527190171
60.31	-29.5189001818953
60.32	-32.64514524828523
60.33	-27.850249983619765
60.34	-22.28919432222062
60.35	-21.07322388221497
60.36	-20.37784469549989
60.370000000000005	-17.40889222667849
60.38	-18.15436814637764
60.39	-17.522170993489496
60.4	-18.655451672167672
60.410000000000004	-15.834498540593763
60.42	-21.35066059159379
60.43	-18.117180365117704
60.44	-21.07987177858063
60.45	-28.28458695233588
60.46	-28.575028430491727
60.47	-31.790164871193486
60.480000000000004	-31.381467366432734
60.49	-24.85526059886796
60.5	-22.13306060619925
60.51	-20.264077042880324
60.52	-16.661750492553576
60.53	-20.89775131893605
60.54	-19.682344576477483
60.550000000000004	-17.821417441195237
60.56	-13.898417364679025
60.57	-17.402500007183598
60.58	-13.915735076029907
60.59	-11.168208010710446
60.6	-13.433654908955171
60.61	-17.68637174691375
60.620000000000005	-13.559545650447607
60.63	-9.869389303945566
60.64	-15.144077116665656
60.65	-15.743140603430529
60.660000000000004	-18.3075700367364
60.67	-17.889968452687363
60.68	-17.38283029428318
60.69	-23.074765654046956
60.7	-24.59484862885792
60.71	-20.119745306075195
60.72	-19.508776891047653
60.730000000000004	-19.206880718083504
60.74	-16.5497916416285
60.75	-15.693288652068105
60.76	-13.729853693590025
60.77	-21.146275744350056
60.78	-24.07457026143948
60.79	-20.82645266812724
60.800000000000004	-17.100252028984293
60.81	-14.324300167212883
60.82	-14.515103296720527
60.83	-18.73195461172427
60.84	-18.754621349245582
60.85	-18.58348441153308
60.86	-20.394911737618724
60.870000000000005	-24.36368887021434
60.88	-30.022446894245842
60.89	-28.052150966896107
60.9	-23.4991319969945
60.910000000000004	-18.298169419012435
60.92	-16.31223267991298
60.93	-15.324401445012125
60.94	-15.918919422321354
60.95	-14.358254505221632
60.96	-12.415698876721587
60.97	-12.919234415267598
60.980000000000004	-10.223438993213257
60.99	-12.871783808181833
61.0	-10.22309093810751
61.01	-11.188861621887261
61.02	-9.69145658847058
61.03	-9.052226586319524
61.04	-9.689715838985114
61.050000000000004	-15.452868636434982
61.06	-14.450775124035285
61.07	-14.451584053731816
61.08	-11.596857904125807
61.09	-9.940206576879076
61.1	-9.663268760382634
61.11	-10.101791977807123
61.120000000000005	-9.975803057194375
61.13	-11.28398125283453
61.14	-8.637442394177341
61.15	-6.363272758264455
61.160000000000004	-6.5008644155383
61.17	-6.540313606510258
61.18	-8.31202168008773
61.19	-5.631886113791997
61.2	-7.248260664046009
61.21	-7.187199351528558
61.22	-5.647088966031797
61.230000000000004	-5.39511848288326
61.24	-4.894029998342028
61.25	-7.393200782922163
61.26	-8.826771254134426
61.27	-7.011400670983088
61.28	-7.248481020335205
61.29	-10.417279444553003
61.300000000000004	-6.656220958096969
61.31	-7.5946791580440545
61.32	-3.8318582107921717
61.33	-4.730756106645542
61.34	-1.7727436035017736
61.35	-1.890435004732225
61.36	-2.0770127155305826
61.370000000000005	-3.581655200145506
61.38	-2.7524362138373664
61.39	-0.3774288953783176
61.4	0.36098393441606297
61.410000000000004	4.220961666022837
61.42	1.6468574297764524
61.43	1.6825323173815063
61.44	2.585778738640404
61.45	3.4533708433023333
61.46	0.7207686543819775
61.47	1.5084516915479604
61.480000000000004	2.6062272103959407
61.49	3.872254166992938
61.5	4.513820646033536
61.51	3.8189317712197
61.52	2.5492194918022255
61.53	5.645823966818943
61.54	10.141054184350915
61.550000000000004	9.619796528416865
61.56	8.641552632874593
61.57	7.447301499029926
61.58	5.681299478144775
61.59	2.094135192933641
61.6	-0.8603882452666547
61.61	-0.5224876468402013
61.620000000000005	-0.8963086558589537
61.63	-0.13602731801419035
61.64	-2.827773035545119
61.65	-1.7248239197342077
61.660000000000004	-3.889791323652709
61.67	-6.487507202911129
61.68	-8.601179546251618
61.690000000000005	-9.027011726290715
61.7	-9.774924154081338
61.71	-8.651995774794559
61.72	-10.162533727209704
61.730000000000004	-9.754615948004288
61.74	-6.65590657697021
61.75	-9.678857781699014
61.76	-8.297221712011812
61.77	-13.18662343066477
61.78	-12.734601896681374
61.79	-12.65663717948881
61.800000000000004	-11.919833754332144
61.81	-13.65304206778142
61.82	-10.456532334740604
61.83	-9.847852108732592
61.84	-6.708792151306046
61.85	-9.623685060115232
61.86	-7.391630117014645
61.870000000000005	-13.917851240382992
61.88	-13.121611754174388
61.89	-10.82647583780883
61.9	-14.22450992904641
61.910000000000004	-24.41282649548643
61.92	-32.822156938329606
61.93	-29.049902628425972
61.940000000000005	-25.518476152064995
61.95	-19.836131995953544
61.96	-18.521864237969343
61.97	-14.388273877038282
61.980000000000004	-11.938771975834296
61.99	-8.682750185085506
62.0	-14.093484886695595
62.01	-16.42356144530934
62.02	-12.370194174875653
62.03	-14.961578273993933
62.04	-12.322484992581815
62.050000000000004	-13.51253049066245
62.06	-10.2939618877968
62.07	-10.764117848548324
62.08	-14.914794063387895
62.09	-11.407870018122928
62.1	-10.469515639922012
62.11	-7.411815120360061
62.120000000000005	-7.549311399694578
62.13	-6.7351138124837435
62.14	-8.725026459608621
62.15	-9.287019582028426
62.160000000000004	-10.393925495009322
62.17	-8.418466980527889
62.18	-12.590846744508847
62.190000000000005	-12.563172394196046
62.2	-9.877961917161189
62.21	-11.549118631622942
62.22	-10.591201318315502
62.230000000000004	-12.38329884005935
62.24	-16.048424909526524
62.25	-16.625387479978166
62.26	-18.250204804761523
62.27	-14.435831615091145
62.28	-12.311832764706217
62.29	-13.381489598712799
62.300000000000004	-15.267504679126436
62.31	-16.120018065328086
62.32	-12.891108669525178
62.33	-13.678429091147017
62.34	-17.275799390139436
62.35	-17.814786839925087
62.36	-18.213924699876546
62.370000000000005	-24.31544796825405
62.38	-22.51804323168367
62.39	-19.026460889982808
62.4	-22.569037456569088
62.410000000000004	-20.548029587087008
62.42	-19.03691381130899
62.43	-16.66419777278912
62.440000000000005	-14.304383787996098
62.45	-16.9646301053127
62.46	-24.26685613695938
62.47	-19.962432264477144
62.480000000000004	-17.397473011906257
62.49	-16.771050970465925
62.5	-15.21383689845302
62.51	-13.25436463772769
62.52	-13.007862629563345
62.53	-10.169871038593003
62.54	-8.708576531596426
62.550000000000004	-8.984220986895236
62.56	-8.859233702791917
62.57	-7.030632968053289
62.58	-7.878921325501356
62.59	-9.444366580615712
62.6	-12.072860592319048
62.61	-16.969227977665216
62.620000000000005	-15.178979367203105
62.63	-13.13095380859129
62.64	-10.358112528333152
62.65	-7.789910275748977
62.660000000000004	-7.613620401174652
62.67	-6.813116082101937
62.68	-7.904228641423214
62.690000000000005	-5.7865376937347905
62.7	-5.322900967911463
62.71	-6.362192008301102
62.72	-4.852652871745451
62.730000000000004	-7.152024292058636
62.74	-7.849657124820074
62.75	-11.978888163505205
62.76	-14.509889252725742
62.77	-16.2685161086414
62.78	-21.05053811732196
62.79	-20.59208281646328
62.800000000000004	-16.697471250819795
62.81	-13.63320185784336
62.82	-14.33144969675481
62.83	-16.71419634611664
62.84	-13.655009496137748
62.85	-10.500023458688586
62.86	-13.971589957627153
62.870000000000005	-12.751473809404537
62.88	-12.117946829985058
62.89	-11.190309857398766
62.9	-27.581034883397734
62.910000000000004	-24.648214573187524
62.92	-19.97625571750947
62.93	-18.345809703205095
62.940000000000005	-17.240973140591517
62.95	-13.382934594260568
62.96	-15.715633344300345
62.97	-22.022971561624452
62.980000000000004	-17.731385628014777
62.99	-13.439799694408153
63.0	-10.744391316125323
63.01	-8.497840129093515
63.02	-6.724229990566723
63.03	-5.811464717681826
63.04	-4.994533365663727
63.050000000000004	-5.486632439610578
63.06	-7.085895937780598
63.07	-6.065774810497603
63.08	-7.3537646401227965
63.09	-8.109241093488707
63.1	-16.518691011044588
63.11	-13.524406550895126
63.120000000000005	-10.937197355582605
63.13	-11.367897227107653
63.14	-12.199263397578862
63.15	-11.040933818975867
63.160000000000004	-8.026339111856995
63.17	-8.993654777865583
63.18	-9.125280985505862
63.190000000000005	-9.742558007459234
63.2	-9.80359973277252
63.21	-16.82521728082368
63.22	-22.885901629634112
63.230000000000004	-25.93985331553796
63.24	-22.40335496514924
63.25	-18.373808445439987
63.26	-14.002027605843915
63.27	-12.349115297194492
63.28	-10.930604029687052
63.29	-12.503666057625914
63.300000000000004	-11.316942885561874
63.31	-13.905387713881865
63.32	-14.887769055755523
63.33	-13.23611140218039
63.34	-25.23647180089138
63.35	-22.083687533111227
63.36	-24.054017032656375
63.370000000000005	-26.439261412172
63.38	-22.225160682835995
63.39	-18.891897005091877
63.4	-19.459742570497482
63.410000000000004	-15.39849952888314
63.42	-17.738256820137487
63.43	-19.306451670792274
63.440000000000005	-19.32795064703303
63.45	-15.579976271198538
63.46	-12.338944144910812
63.47	-12.463624938155627
63.480000000000004	-12.495449695952408
63.49	-13.020545978738685
63.5	-15.85045188810588
63.51	-16.92696783726709
63.52	-17.70795609444905
63.53	-14.069258846643956
63.54	-12.149094198878666
63.550000000000004	-14.211847341934002
63.56	-13.853308382508468
63.57	-12.615902690305616
63.58	-13.991841136964837
63.59	-14.62166688431151
63.6	-16.41868463806557
63.61	-14.183121064054454
63.620000000000005	-13.376802575156002
63.63	-17.66597438809979
63.64	-15.140751386192571
63.65	-13.475640391025893
63.660000000000004	-15.017531661110704
63.67	-12.583450217289124
63.68	-9.63432806049091
63.690000000000005	-7.686430507614496
63.7	-6.024969816971308
63.71	-5.3106877640331165
63.72	-6.257160194670207
63.730000000000004	-5.319937620653115
63.74	-4.055553404823549
63.75	-0.6218708390230723
63.76	0.07210127727596623
63.77	1.9154469748139633
63.78	3.9266030094531863
63.79	7.4152318676905224
63.800000000000004	6.440086299581308
63.81	7.596856812717589
63.82	10.10758892724976
63.83	8.02817092698341
63.84	9.648494804145722
63.85	8.111050230220362
63.86	8.190498969671564
63.870000000000005	4.985201001332673
63.88	2.2094496290213677
63.89	-0.8951280856384612
63.9	1.3061517339930233
63.910000000000004	3.471689837024113
63.92	4.318988308334863
63.93	7.000978261466036
63.940000000000005	8.538538433071416
63.95	7.969027602394687
63.96	9.296922846462687
63.97	8.986605602918466
63.980000000000004	7.692649499589179
63.99	8.151220706869454
64.0	10.155012440183746
64.01	8.306289939354961
64.02	7.804419189678908
64.03	7.302548440002144
64.04	5.534948094164593
64.05	2.435797007584807
64.06	-0.6633540789993815
64.07000000000001	-1.9180734068758996
64.08	-2.8172228648331656
64.09	-4.485734527475825
64.1	-4.752718478200914
64.11	-7.011557671217785
64.12	-9.522056028535495
64.13	-6.443257693043957
64.14	-7.266441703139346
64.15	-10.048204231394541
64.16	-11.756803333676702
64.17	-9.322199021406233
64.18	-14.363611342788403
64.19	-13.978263201482093
64.2	-11.74067143941168
64.21000000000001	-12.594163735474746
64.22	-10.8830489283204
64.23	-16.68713384186006
64.24	-19.110662383090233
64.25	-20.027946122239758
64.26	-23.160920051191127
64.27	-23.919751128780185
64.28	-19.08189984485825
64.29	-15.171068344315314
64.3	-15.749071463667837
64.31	-14.9625420432343
64.32000000000001	-15.2660592064607
64.33	-16.316410839495013
64.34	-13.56984966581448
64.35	-12.1037503638773
64.36	-10.461477636855358
64.37	-12.571712740265346
64.38	-17.703198568383275
64.39	-16.34737306461517
64.4	-21.3151329816945
64.41	-18.778795149213217
64.42	-16.99285642172281
64.43	-13.687611858523946
64.44	-10.803911753749917
64.45	-9.984824033241763
64.46000000000001	-9.983087868065915
64.47	-13.922315361953396
64.48	-15.924935616819207
64.49	-13.617997987859173
64.5	-11.495110029421845
64.51	-9.23944028537605
64.52	-9.43451105358463
64.53	-7.411304514958442
64.54	-4.369036411339208
64.55	-4.650986865436026
64.56	-0.7604446652299953
64.57000000000001	1.1688859519499686
64.58	1.7672493691230815
64.59	0.4097111336906964
64.6	0.5559052281820313
64.61	2.0208235551327447
64.62	2.979029817166703
64.63	6.4683823747627605
64.64	9.814148936418762
64.65	11.962535475618319
64.66	10.999457231617825
64.67	11.457910789366968
64.68	14.996560817326468
64.69	16.951024511652168
64.7	13.685337647256553
64.71000000000001	11.578294549175482
64.72	12.350793475807778
64.73	11.433004324105474
64.74	9.07773979189643
64.75	7.867561813544982
64.76	7.490755180016587
64.77	7.115319268801653
64.78	6.997175903139029
64.79	8.490260583223643
64.8	10.833037405109835
64.81	13.689037778360284
64.82000000000001	18.719875011840955
64.83	22.540609930396794
64.84	20.609886755868736
64.85	21.730036295176042
64.86	24.496539864615798
64.87	19.510409256027685
64.88	21.635450633756225
64.89	24.4974218725437
64.9	21.39404924544049
64.91	26.127795127704225
64.92	36.73970827826701
64.93	34.333105230604886
64.94	26.797602015543475
64.95	20.27391539960605
64.96000000000001	22.454435794750445
64.97	19.240156372369007
64.98	17.1438909508901
64.99	15.638523870953577
65.0	16.09732874188151
65.01	17.266686410452937
65.02	20.486403997197986
65.03	18.78233866565717
65.04	17.059165907419324
65.05	14.021735496793227
65.06	12.699818487901085
65.07000000000001	11.32993406086407
65.08	10.603752766551224
65.09	10.820151876090584
65.1	8.054909945060984
65.11	10.048260534258826
65.12	10.860095057690053
65.13	10.786493271710032
65.14	13.863111439257159
65.15	14.737451275246407
65.16	17.705517022773332
65.17	22.677707735015172
65.18	17.742921563312542
65.19	20.201406015894285
65.2	22.392718844482342
65.21000000000001	22.979285994665158
65.22	24.5566405547118
65.23	24.825020365228333
65.24	27.638922776653583
65.25	20.877663549954747
65.26	20.230495436521533
65.27	21.989068935023163
65.28	23.50851281905643
65.29	21.857281292191235
65.3	23.441763522183955
65.31	23.17018081448074
65.32000000000001	19.00538685873381
65.33	18.325304701784713
65.34	20.13224261451501
65.35	17.97531823447539
65.36	14.4723392724223
65.37	13.44502321307446
65.38	12.168761296733095
65.39	10.592257829009233
65.4	13.982730393465097
65.41	10.823062230609402
65.42	9.159018510404684
65.43	17.550248938406
65.44	15.524833886767267
65.45	11.636554627964212
65.46000000000001	8.754413286067582
65.47	10.00825776969242
65.48	8.867923995322442
65.49	8.430865053712012
65.5	8.073110085957563
65.51	16.627622745536925
65.52	13.32586454056832
65.53	11.353031083931727
65.54	12.742950643810692
65.55	17.033509511884862
65.56	17.546966416617206
65.57000000000001	17.558990013552986
65.58	16.865750736718216
65.59	17.628714896488905
65.6	16.430813942477453
65.61	17.269916242530098
65.62	17.129785982426824
65.63	21.917254848989696
65.64	17.811194828761653
65.65	16.40336125260747
65.66	18.23180286621793
65.67	19.279964911037673
65.68	17.283309666627936
65.69	16.7680435281004
65.7	19.581571222379722
65.71000000000001	17.910175590120627
65.72	15.598395915109442
65.73	17.30505286669513
65.74	16.269318248954985
65.75	13.285814866996231
65.76	10.93672273707761
65.77	11.133625385591833
65.78	10.71586451958063
65.79	13.025490433550571
65.8	14.956560234487794
65.81	11.71387729383896
65.82000000000001	12.299920702028167
65.83	9.236010233664492
65.84	11.823823601597226
65.85	13.16898871576833
65.86	15.154920829590237
65.87	13.391552636728516
65.88	12.809543301245451
65.89	16.610487298235785
65.9	12.33205735173258
65.91	13.744451889091202
65.92	9.298716880127468
65.93	8.490015067366215
65.94	6.200211474056064
65.95	12.6156486095895
65.96000000000001	11.09860407387676
65.97	15.83849654556665
65.98	16.38867275804322
65.99	17.10085587516767
66.0	17.414914199497286
66.01	18.10092029258295
66.02	20.388138654809826
66.03	23.600701503870336
66.04	33.022285722601275
66.05	34.09186071260592
66.06	38.75439898691244
66.07000000000001	35.29672702620579
66.08	28.281092334216023
66.09	22.594169025806604
66.1	28.632946370600536
66.11	25.016095990931547
66.12	23.261468413435935
66.13	18.409193438327492
66.14	17.36123917417064
66.15	13.602050990506804
66.16	14.782597987572757
66.17	18.19914277688237
66.18	16.696451167760095
66.19	17.659159338334124
66.2	23.878566021549624
66.21000000000001	20.706886889772623
66.22	25.08656623238332
66.23	28.45060422343244
66.24	27.7168550722235
66.25	23.668855108434744
66.26	23.314756012937522
66.27	18.221611020086915
66.28	16.409720548571247
66.29	14.589871609357987
66.3	15.526041306969692
66.31	16.736571303713074
66.32000000000001	13.661144870619445
66.33	12.852140661039442
66.34	12.887340034199498
66.35	12.786830525521887
66.36	12.781651232719097
66.37	11.903177919223785
66.38	11.558602497803465
66.39	9.270954353375748
66.4	13.749044738502581
66.41	13.834191711232469
66.42	14.005111267650488
66.43	12.965823471065844
66.44	10.262379550145944
66.45	12.535956564460113
66.46000000000001	16.061405586517058
66.47	18.965078514701553
66.48	21.92995256222726
66.49	19.406503497809883
66.5	18.611853776110202
66.51	21.75363694085238
66.52	19.644981421174187
66.53	15.53238680384793
66.54	17.14903663372678
66.55	23.708326888846365
66.56	20.43289973298319
66.57000000000001	30.73720270370617
66.58	25.509397174014858
66.59	23.43368598344269
66.6	17.817183037447624
66.61	13.309102989768938
66.62	13.958172822880444
66.63	10.920234573988477
66.64	8.889832673725175
66.65	7.5639331510113825
66.66	8.622797313561863
66.67	10.941806098809513
66.68	11.371526952712006
66.69	17.588844011440443
66.7	14.984636604546822
66.71000000000001	14.484670827638258
66.72	16.139095608124084
66.73	18.180889809846157
66.74	15.70202659240126
66.75	15.544252428728687
66.76	20.711067850140054
66.77	25.548150286526194
66.78	24.569829255653836
66.79	22.434355788117248
66.8	20.738414707197414
66.81	19.31233044479732
66.82000000000001	16.16695759190599
66.83	19.65891099089771
66.84	23.964178054314427
66.85	19.406529339232137
66.86	28.346915435038316
66.87	32.262718070680094
66.88	25.544592606482578
66.89	26.40912616948654
66.9	29.633327039490336
66.91	31.568459407930277
66.92	31.101742585910657
66.93	31.68200738496736
66.94	28.44668070600302
66.95	30.995015931200868
66.96000000000001	26.84180433859647
66.97	31.6850166907423
66.98	32.40980108723546
66.99	25.700865020753444
67.0	23.15181803274822
67.01	26.62215772259812
67.02	23.499881889198434
67.03	22.491098648832008
67.04	17.327242255354182
67.05	17.65308721901661
67.06	24.878518685060396
67.07000000000001	23.702627609561624
67.08	25.759014701739222
67.09	22.730337495140887
67.1	26.952672602068258
67.11	21.839204514621912
67.12	17.272516201573787
67.13	13.804352819509496
67.14	13.741325130173129
67.15	17.550632345318476
67.16	18.05947645340112
67.17	18.581684764870342
67.18	14.115530540670541
67.19	15.98944982254744
67.2	24.84463617354993
67.21000000000001	28.340562615053653
67.22	23.759441718106164
67.23	28.13754745883265
67.24	24.086220186242546
67.25	26.098222297282916
67.26	22.65585805185519
67.27	21.651913249645006
67.28	26.377006155599933
67.29	22.63470559996003
67.3	19.47998537350148
67.31	18.8249798810482
67.32000000000001	24.331720722095895
67.33	22.858133836670696
67.34	17.92135104227874
67.35	15.085598366135532
67.36	12.343950528116753
67.37	8.377693885530098
67.38	23.419224065940778
67.39	27.602273264122143
67.4	28.0538124533509
67.41	23.22900999567941
67.42	20.848823059518768
67.43	16.820346792206152
67.44	13.606143615146475
67.45	13.271938916615376
67.46000000000001	20.956258287605905
67.47	21.379040948414485
67.48	20.06807025164931
67.49	19.72850607645325
67.5	17.889942424861864
67.51	19.725092888649208
67.52	16.882589540959138
67.53	17.461239339200514
67.54	25.4317777215431
67.55	21.608995147156918
67.56	16.787448949395532
67.57000000000001	13.88524621938126
67.58	10.620425335269015
67.59	10.936125025032604
67.6	21.897055459920825
67.61	17.622595307661484
67.62	15.191890963367872
67.63	13.99566873939547
67.64	14.03449886299938
67.65	15.223804356070326
67.66	12.981779626710638
67.67	16.6892301347847
67.68	15.25535874481146
67.69	19.00461413835256
67.7	19.505955944862663
67.71000000000001	15.811161011451386
67.72	12.116366078045361
67.73	9.261858175783496
67.74	8.399247696522062
67.75	7.536637217259398
67.76	6.693847314021175
67.77	6.778531974397929
67.78	6.030115572485132
67.79	6.204704208311427
67.8	5.450773777781904
67.81	8.336241339194272
67.82000000000001	9.613506187365527
67.83	7.873072240161169
67.84	16.73594952646427
67.85	14.763702150777727
67.86	11.60350735026102
67.87	15.709580272884665
67.88	13.91532255228293
67.89	14.231140767409393
67.9	10.61548531613098
67.91	10.239418492625191
67.92	13.830437829267956
67.93	13.381624375422904
67.94	9.775739661692457
67.95	9.585693413243833
67.96000000000001	9.584183505179412
67.97	14.294250344629981
67.98	16.3290709694295
67.99	19.080824454895268
68.0	21.187483339870003
68.01	17.015690762020114
68.02	18.70504809337144
68.03	17.99011135571356
68.04	19.3206076009282
68.05	22.418019352906153
68.06	22.062899230853244
68.07000000000001	18.47447797624364
68.08	15.421853461901927
68.09	16.14333692808197
68.1	14.710162844540838
68.11	16.519230366424704
68.12	17.9334047758022
68.13	20.59800241773915
68.14	16.29465047671451
68.15	14.182200624376977
68.16	12.835370868564961
68.17	13.30336410579096
68.18	9.491935971550351
68.19	10.28563300956166
68.2	10.878389070564218
68.21000000000001	6.893938231570299
68.22	5.487967359852527
68.23	8.57019472463073
68.24	11.580923400454262
68.25	8.712249922668239
68.26	5.766359640359324
68.27	6.5341628616934715
68.28	7.7632205146327316
68.29	15.357724089272692
68.3	11.79116204216922
68.31	10.053353715693806
68.32000000000001	10.901471986673808
68.33	8.362034723514656
68.34	8.553090329410173
68.35000000000001	10.36521330074062
68.36	17.692157069481496
68.37	16.739447105311463
68.38	16.70040152052761
68.39	13.933301454436815
68.4	14.453383026704257
68.41	18.799440819358338
68.42	14.37725194969274
68.43	11.167586480294899
68.44	8.450282583375213
68.45	10.369414256886794
68.46000000000001	9.924267914323929
68.47	13.434702512859264
68.48	16.713589213041985
68.49	17.199662747061822
68.5	17.91852381328428
68.51	18.33990360588365
68.52	19.929542487163566
68.53	15.64610620816232
68.54	13.567215963363743
68.55	12.34904291310628
68.56	10.25652621705929
68.57000000000001	12.082386702644666
68.58	10.497075769342025
68.59	8.884313670148586
68.60000000000001	9.9061641986513
68.61	9.536105127131894
68.62	8.122394793254076
68.63	7.184951970993829
68.64	9.614360064223751
68.65	10.039525558760753
68.66	17.759963520924636
68.67	17.56320747690502
68.68	20.321821731650537
68.69	20.409778993060073
68.7	17.517296140170046
68.71000000000001	15.199262788033263
68.72	18.906262632010705
68.73	16.621910697305864
68.74	16.379813229777103
68.75	14.02718969312021
68.76	20.39340970208847
68.77	15.577677103905206
68.78	11.871312646536271
68.79	12.469925066689072
68.8	13.550197068161355
68.81	15.109329544957642
68.82000000000001	11.987920047296742
68.83	9.313529393937863
68.84	7.425270723435625
68.85000000000001	8.31427080357427
68.86	5.425530789438624
68.87	3.621833550179309
68.88	3.9948918572086973
68.89	3.470587631300413
68.9	4.6694640781532755
68.91	5.551078788668302
68.92	5.0353677218401325
68.93	4.764609764864623
68.94	1.1954090434658
68.95	-2.405121721146633
68.96000000000001	-2.444289257415032
68.97	-2.34327406274305
68.98	-3.2123958066232783
68.99	-7.175837111086314
69.0	-6.467212285889536
69.01	-4.136336457984643
69.02	-8.862599407006842
69.03	-10.521948850928382
69.04	-15.351399553687356
69.05	-21.110217779186023
69.06	-17.773456968765135
69.07000000000001	-18.90005367609649
69.08	-28.2616752057164
69.09	-22.511204842337953
69.10000000000001	-17.385214397032417
69.11	-13.783325398850915
69.12	-10.619887396775349
69.13	-11.716726162060207
69.14	-8.608796616168975
69.15	-6.05789494242261
69.16	-8.136812929901032
69.17	-17.54457417197045
69.18	-16.434001857470246
69.19	-13.050529437707903
69.2	-13.770158567558747
69.21000000000001	-21.67106114069851
69.22	-17.23866378755898
69.23	-13.567576100513845
69.24	-12.307269522866322
69.25	-8.614741660501837
69.26	-5.8211131741002164
69.27	-8.914176595728225
69.28	-7.76440941292251
69.29	-9.059833682750678
69.3	-8.417621457619099
69.31	-8.245099886923642
69.32000000000001	-7.960107504575786
69.33	-13.637119335795193
69.34	-12.866076287186111
69.35000000000001	-16.15600580827249
69.36	-25.69741582280262
69.37	-27.231618709149775
69.38	-25.029572865524536
69.39	-22.564935386237966
69.4	-22.319624899040328
69.41	-28.914198473252856
69.42	-24.857121211796215
69.43	-19.78578241273531
69.44	-15.745365561443244
69.45	-15.185798447662991
69.46000000000001	-13.236750572273564
69.47	-10.679127024737376
69.48	-8.524773454807674
69.49	-7.557003847705325
69.5	-6.758572043310548
69.51	-4.987193197644406
69.52	-2.7784737764863445
69.53	-7.374555989774521
69.54	-9.819981616350692
69.55	-15.64584195950493
69.56	-14.918042532349173
69.57000000000001	-17.09488109454176
69.58	-13.26678275761721
69.59	-10.997684441402754
69.60000000000001	-12.04475601030895
69.61	-11.79260359480674
69.62	-11.03912692285834
69.63	-12.060936549752762
69.64	-14.054698067528992
69.65	-24.979602693061686
69.66	-26.06322260817765
69.67	-21.701475553969694
69.68	-22.197527416553978
69.69	-25.5001352719705
69.7	-25.07757581602301
69.71000000000001	-29.030448399931053
69.72	-34.44592956153779
69.73	-37.70018336437102
69.74	-31.437752711284222
69.75	-28.19657132987607
69.76	-26.9837289567546
69.77	-26.834211954474245
69.78	-26.700074812024695
69.79	-22.952893925179026
69.8	-22.162802978311092
69.81	-18.131897934708316
69.82000000000001	-17.87142836922782
69.83	-14.098971923920365
69.84	-12.076734822913176
69.85000000000001	-12.153287445797547
69.86	-10.030941711127976
69.87	-15.91833007462599
69.88	-16.302351922877484
69.89	-17.506490645615713
69.9	-16.859832376633598
69.91	-20.310248079618173
69.92	-25.1472834792412
69.93	-24.81543074181078
69.94	-19.615927196462643
69.95	-19.53859045282677
69.96000000000001	-24.50539384067967
69.97	-28.640940459401012
69.98	-32.77019332342748
69.99	-28.914087669577416
70.0	-23.07268736430123
70.01	-17.62322145262599
70.02	-13.582883672010798
70.03	-12.516774050901533
70.04	-16.205433371938415
70.05	-16.198922880688894
70.06	-17.156806816243794
70.07000000000001	-16.800176968749298
70.08	-13.517012168950034
70.09	-13.859095920710015
70.10000000000001	-15.576238403602291
70.11	-21.9882847167137
70.12	-19.808829252311295
70.13	-19.323983736113874
70.14	-16.405863371469245
70.15	-21.308255503682712
70.16	-28.06983876760243
70.17	-27.27208557721707
70.18	-21.834455767949915
70.19	-27.179050629162482
70.2	-27.54201578583964
70.21000000000001	-31.240854406214027
70.22	-27.27755517341741
70.23	-21.680475245108912
70.24	-20.122883715559798
70.25	-20.32894528356599
70.26	-20.292372755738942
70.27	-15.849714577537842
70.28	-13.776681491861842
70.29	-12.806894125642206
70.3	-20.102376744128733
70.31	-17.413335839249225
70.32000000000001	-17.552872409919402
70.33	-15.91699498418787
70.34	-17.146457689331452
70.35000000000001	-15.60926521578114
70.36	-15.261478461680335
70.37	-15.588696128905653
70.38	-14.941545735538098
70.39	-19.036369162481908
70.4	-22.522791664632265
70.41	-18.417278895602227
70.42	-21.210965278354266
70.43	-20.843542453430523
70.44	-19.68083281631052
70.45	-16.746066264771578
70.46000000000001	-14.208552640703248
70.47	-20.212394032043356
70.48	-19.462236737845654
70.49	-23.011024693828592
70.5	-24.469046147122782
70.51	-22.782823288057152
70.52	-18.663359852689307
70.53	-16.410103074613225
70.54	-20.071003943958853
70.55	-16.726321410953233
70.56	-15.922593730230249
70.57000000000001	-16.33956314771322
70.58	-16.031397883347974
70.59	-15.479322004437869
70.60000000000001	-14.782736951239464
70.61	-13.295945790226083
70.62	-11.15960532297942
70.63	-12.92919437863492
70.64	-17.80723060323137
70.65	-21.763605662195964
70.66	-21.630908803038253
70.67	-17.358008297753052
70.68	-13.820084749960438
70.69	-14.629526639951804
70.7	-19.063792598482582
70.71000000000001	-19.797605610513745
70.72	-16.232224754765248
70.73	-19.121750208267155
70.74	-16.492796492629793
70.75	-17.412242405975118
70.76	-14.576315218056665
70.77	-15.083006247797968
70.78	-17.173902905992914
70.79	-16.170974037925955
70.8	-13.145219418059273
70.81	-13.695390793996683
70.82000000000001	-10.201807159905048
70.83	-8.230772440671604
70.84	-10.245959266936525
70.85000000000001	-14.21236440489979
70.86	-12.981564455148995
70.87	-22.307220538859376
70.88	-23.795494131192992
70.89	-27.65049025623007
70.9	-26.284325326344486
70.91	-26.212451631788916
70.92	-29.73405145173798
70.93	-23.449243905537227
70.94	-17.983489954486675
70.95	-14.185645882490563
70.96000000000001	-13.28004958675355
70.97	-13.558735504369587
70.98	-11.013019338665453
70.99	-10.405026816715907
71.0	-14.435610309051947
71.01	-18.041249038171905
71.02	-18.10856697941073
71.03	-16.913962478279387
71.04	-24.814233678960388
71.05	-20.43413037791751
71.06	-19.263800470628336
71.07000000000001	-19.6243091983117
71.08	-22.69390802850954
71.09	-23.236639598968335
71.10000000000001	-25.02030565004586
71.11	-27.485620066656363
71.12	-26.42808883663544
71.13	-22.965587536068117
71.14	-21.225570736124983
71.15	-18.645428467665468
71.16	-19.32194072772767
71.17	-17.58810062650357
71.18	-15.335132395285054
71.19	-15.285399012847998
71.2	-15.96493248578701
71.21000000000001	-18.71630711342262
71.22	-17.946609483024332
71.23	-15.285431595897453
71.24	-13.639409002081667
71.25	-14.279475050305932
71.26	-13.772493646678921
71.27	-12.702513788690334
71.28	-9.682779711509058
71.29	-10.659482980743483
71.3	-12.29553421858401
71.31	-13.87543356147951
71.32000000000001	-15.308268558899
71.33	-23.838847865163153
71.34	-24.292483223221804
71.35000000000001	-21.142073953739146
71.36	-20.370667803752788
71.37	-17.91582480513765
71.38	-14.976036885203754
71.39	-12.149073794826707
71.4	-12.751358938754635
71.41	-18.36573186659195
71.42	-27.713867616503126
71.43	-22.703082220941475
71.44	-18.95160883926395
71.45	-23.245879464597717
71.46000000000001	-23.863113392078294
71.47	-20.35389838270381
71.48	-17.679652522738714
71.49	-15.42554924821255
71.5	-18.903008772522345
71.51	-15.074872172844549
71.52	-14.652129693499731
71.53	-12.956212610628858
71.54	-12.1910697930304
71.55	-9.71525200468433
71.56	-11.597958284706749
71.57000000000001	-14.10335361407997
71.58	-12.888894098792848
71.59	-13.081225615093103
71.60000000000001	-15.398950268562643
71.61	-18.21552466455274
71.62	-24.605063243715314
71.63	-19.759732126084998
71.64	-16.38909248476404
71.65	-13.530628934133665
71.66	-13.418257077491868
71.67	-18.168452254764944
71.68	-17.361788755358024
71.69	-16.120187295196992
71.7	-13.665131401287212
71.71000000000001	-12.529732260307327
71.72	-11.962997366009677
71.73	-9.229322486262534
71.74	-7.1591708444148825
71.75	-2.747782717624145
71.76	0.44556235950409856
71.77	1.7636169343050436
71.78	2.8016666978690226
71.79	1.8651132747364114
71.8	0.2923075153754374
71.81	-1.9344182431670132
71.82000000000001	0.6246143090601507
71.83	-0.4020835979831683
71.84	-1.57654072545757
71.85000000000001	-3.815132164357536
71.86	-3.4964076071921215
71.87	-5.868546956404257
71.88	-4.159262981993399
71.89	-2.8867302596146787
71.9	-4.176944538467582
71.91	-6.737683098350391
71.92	-3.0567401462511317
71.93	-2.4880680253507648
71.94	-1.5549538521368236
71.95	-0.405685151163722
71.96000000000001	0.6403572275719449
71.97	3.515945651843848
71.98	3.045201401023774
71.99	3.8204172315944285
72.0	5.938835524419778
72.01	8.24406442791364
72.02	10.957530873806455
72.03	9.562358410549265
72.04	10.302469358909228
72.05	10.24778442836559
72.06	13.64316209936687
72.07000000000001	10.641287508661058
72.08	7.092363177493052
72.09	9.768395481822466
72.10000000000001	14.94960904975378
72.11	14.106396019314463
72.12	13.142370801847767
72.13	20.65092446409516
72.14	22.166674669604554
72.15	21.032275808998925
72.16	19.50590207362677
72.17	24.12727896046971
72.18	18.634363878327267
72.19	13.72981089221335
72.2	14.416878392207382
72.21000000000001	21.13843934692966
72.22	21.96707033829221
72.23	22.483567607904465
72.24	22.7787102035111
72.25	19.569079773324056
72.26	15.710395391862592
72.27	18.676465088121628
72.28	14.488610599415988
72.29	11.145770318156991
72.3	12.231683344018606
72.31	13.493066990878813
72.32000000000001	12.023033778526116
72.33	11.163506877512619
72.34	10.214584540727689
72.35000000000001	7.106426270456323
72.36	5.465164583012166
72.37	8.259101953740672
72.38	11.664582326744904
72.39	13.231483936594687
72.4	10.48249175601767
72.41	7.8043386111885935
72.42	9.349832569281501
72.43	6.830990772549361
72.44	7.493397301469925
72.45	6.564434301254709
72.46000000000001	6.190456533111681
72.47	8.106382884262363
72.48	9.985039501190927
72.49	7.84918425711439
72.5	11.90758879768729
72.51	9.767668439067696
72.52	9.817402050494785
72.53	23.08884011930697
72.54	18.609991504145317
72.55	15.797291204388689
72.56	13.05703757831038
72.57000000000001	15.921283136982169
72.58	19.646080961191306
72.59	14.974031697689506
72.60000000000001	13.689288818848887
72.61	15.372996495542994
72.62	13.642156724142694
72.63	19.36739259418279
72.64	16.997593352905934
72.65	15.345555773649544
72.66	22.698360105789888
72.67	27.300387591724693
72.68	21.432684532312816
72.69	18.795199092134705
72.7	17.70101184909712
72.71000000000001	16.438239862764576
72.72	13.665717409287906
72.73	13.750427147423432
72.74	23.592743932287775
72.75	19.556217416699933
72.76	17.816451212543868
72.77	22.52732357046848
72.78	23.748723420312267
72.79	24.374760782200966
72.8	21.14568076608779
72.81	16.60240873696664
72.82000000000001	14.217573630278672
72.83	13.259845993676121
72.84	11.77775356550258
72.85000000000001	15.503942151521553
72.86	16.5802790124226
72.87	21.59705507250827
72.88	19.571939650062447
72.89	20.433671901851817
72.9	18.12284720745117
72.91	18.71927913544514
72.92	17.431541705891792
72.93	14.623385438893077
72.94	13.48878093887472
72.95	13.748437936301627
72.96000000000001	12.524404155236997
72.97	11.308019716745742
72.98	20.062154287437526
72.99	14.808896602538857
73.0	20.439983207682975
73.01	16.689985648475243
73.02	12.529544096548511
73.03	15.276672886327217
73.04	19.97451394576511
73.05	20.57594547331641
73.06	15.441277068441853
73.07000000000001	17.877312422300946
73.08	16.437063700991594
73.09	12.3382063164109
73.10000000000001	18.50003867155055
73.11	18.155908993120974
73.12	22.584293668117347
73.13	21.88500509247044
73.14	17.685641853365155
73.15	15.701096762664804
73.16	17.938526140604772
73.17	21.36456828621216
73.18	24.94528401038814
73.19	26.743293718853515
73.2	24.912404396042735
73.21000000000001	30.652632891552354
73.22	25.141948588706384
73.23	31.04850906231216
73.24	35.81588120385937
73.25	28.413812736557652
73.26	31.7010492455937
73.27	31.916377992108327
73.28	27.011366146019395
73.29	24.20696321360775
73.3	20.572648588800313
73.31	21.83212374830859
73.32000000000001	34.590995207818224
73.33	34.83287209436136
73.34	29.704781405445765
73.35000000000001	27.91974675144938
73.36	23.88719746046884
73.37	19.782259166578175
73.38	23.598135068347258
73.39	25.69071225926073
73.4	20.050735442661672
73.41	17.95141289319979
73.42	17.814032644341932
73.43	20.17410765813281
73.44	22.600762932054973
73.45	20.68071687826244
73.46000000000001	18.719898970925737
73.47	15.501643715959473
73.48	12.796745941787648
73.49	16.07633664146063
73.5	19.791777080942968
73.51	17.99717628848346
73.52	18.77717989852125
73.53	17.587944561214734
73.54	15.242701429835925
73.55	20.99238167238162
73.56	17.451008769361476
73.57000000000001	14.906869449322512
73.58	12.054176125317674
73.59	11.1440724213236
73.60000000000001	13.474675322796323
73.61	14.520986875197783
73.62	14.359884542038698
73.63	12.334688849143811
73.64	21.733482723692784
73.65	25.156372864456063
73.66	21.051779718581148
73.67	25.68744447958622
73.68	25.452846191382307
73.69	23.39223367109948
73.7	17.90389999913271
73.71000000000001	14.165786376604583
73.72	21.22426048396009
73.73	17.69286205933697
73.74	16.9435951872617
73.75	17.451110217162224
73.76	18.558586797148994
73.77	23.629450904455464
73.78	26.609724294672816
73.79	23.287513580946634
73.8	19.05676680048367
73.81	19.173628011258202
73.82000000000001	14.889471539303404
73.83	15.971933347837687
73.84	20.104373503689267
73.85000000000001	15.310563649265616
73.86	24.210797576190522
73.87	20.026107524276195
73.88	15.401929457351443
73.89	12.209863895540824
73.9	12.135757925290198
73.91	12.792324241303175
73.92	14.56054022399266
73.93	18.864058863027942
73.94	17.636551415540797
73.95	19.096233053227213
73.96000000000001	14.856466470503698
73.97	15.264806771144514
73.98	11.929044909897007
73.99	12.600375632670147
74.0	12.61464904595536
74.01	12.301667730890617
74.02	10.412318282734688
74.03	12.08775857663471
74.04	9.855791198543397
74.05	9.454101508245541
74.06	9.110899250588353
74.07000000000001	8.803037672721794
74.08	9.743039337726238
74.09	8.536678051671228
74.10000000000001	8.557275497127184
74.11	7.918224049766655
74.12	5.931926189021518
74.13	2.6520521115434454
74.14	3.635081472668385
74.15	6.895698365994166
74.16	9.433800856964703
74.17	6.277153407433843
74.18	5.7007983895486944
74.19	3.250135187033854
74.2	3.3990829348843756
74.21000000000001	4.957482613113081
74.22	4.0223503149650215
74.23	2.092587762104032
74.24	-0.2942461632933162
74.25	-1.691634513356444
74.26	-4.941702569112225
74.27	-7.66294721632526
74.28	-11.87717461609201
74.29	-16.723925902953358
74.3	-13.264030441571004
74.31	-15.166748251064645
74.32000000000001	-22.85476852895395
74.33	-22.028448285412974
74.34	-24.16515695570321
74.35000000000001	-30.379022208200343
74.36	-23.94398083904682
74.37	-24.903039404361945
74.38	-22.56439505463759
74.39	-17.472356220865603
74.4	-17.38434854911651
74.41	-17.18550578799453
74.42	-13.370850883624113
74.43	-14.701754241004991
74.44	-17.554090344586083
74.45	-15.51999456124471
74.46000000000001	-12.369094922070499
74.47	-25.649298803464397
74.48	-27.905432239489556
74.49	-27.466204576325733
74.5	-24.629867530156883
74.51	-20.962674726735184
74.52	-20.329499818947877
74.53	-15.39206542602261
74.54	-11.816117510762894
74.55	-10.30875110625173
74.56	-8.48725838870946
74.57000000000001	-10.137808574004994
74.58	-9.34718012314057
74.59	-9.96225680598648
74.60000000000001	-10.108133021907236
74.61	-7.577496465105142
74.62	-6.183270297638813
74.63	-1.8250098412417421
74.64	-4.10536955945434
74.65	-5.0100081882314
74.66	-6.230061555321452
74.67	-6.505933812730437
74.68	-10.072035437621969
74.69	-7.693241984563708
74.7	-10.772211315038115
74.71000000000001	-14.888993903663717
74.72	-15.605861722801098
74.73	-16.584270720922635
74.74	-13.97880140725094
74.75	-12.714820969677863
74.76	-11.77938523883679
74.77	-10.267599198360516
74.78	-13.40546046200582
74.79	-12.822166787605532
74.8	-18.184126144349776
74.81	-17.499743689497638
74.82000000000001	-18.236492891353773
74.83	-16.688401372289878
74.84	-16.049467767006078
74.85000000000001	-14.844285941785813
74.86	-13.797586609845654
74.87	-14.178804010261883
74.88	-13.432356825076386
74.89	-11.148900358737361
74.9	-12.477531571088718
74.91	-10.826401401981926
74.92	-10.544931512801025
74.93	-12.495948503560982
74.94	-9.625451240479878
74.95	-10.308208560931188
74.96000000000001	-12.902474479249703
74.97	-10.312641075110871
74.98	-9.512128044787021
74.99	-9.923728390735256
75.0	-11.711512987934993
75.01	-12.929156547757133
75.02	-9.502757107982024
75.03	-7.315828993271844
75.04	-6.863877245708422
75.05	-10.522091505247731
75.06	-8.04683031578231
75.07000000000001	-10.967156973302608
75.08	-8.448354864185948
75.09	-7.321584642774797
75.10000000000001	-9.360952442964463
75.11	-10.508897344449192
75.12	-9.099544363389473
75.13	-6.444134681069982
75.14	-1.8685913668072889
75.15	-2.3109814748412476
75.16	0.6713373882790751
75.17	-4.29398169455107
75.18	-9.972210564792853
75.19	-12.83053010227991
75.2	-26.308079919329
75.21000000000001	-28.590652674960925
75.22	-25.6219492482269
75.23	-26.419525561050026
75.24	-23.54070386022251
75.25	-21.930021271424078
75.26	-16.542398231112745
75.27	-14.686391354857689
75.28	-13.580011441324935
75.29	-12.664320103547244
75.3	-10.1796174944747
75.31	-10.23696997395333
75.32000000000001	-7.689896663689254
75.33	-5.713380973762263
75.34	-3.0377020773263643
75.35000000000001	-5.258136995197699
75.36	-8.568161578082151
75.37	-9.21194840085337
75.38	-10.743528519855685
75.39	-6.132982402943137
75.4	-5.897240548004018
75.41	-6.293403450918796
75.42	-3.3535045351905226
75.43	-6.60528198423648
75.44	-5.3529186184136
75.45	-3.2972568060419998
75.46000000000001	-1.4469889662812558
75.47	-1.0481091269038658
75.48	-0.6492292875259092
75.49	-0.31204503143296947
75.5	-6.393901245046196
75.51	-4.771038233595913
75.52	-4.6744135495170305
75.53	-7.3882039087602145
75.54	-12.350020091722708
75.55	-19.54494439198927
75.56	-16.241114863997254
75.57000000000001	-13.029912886754207
75.58	-10.816209431615452
75.59	-10.859806056255872
75.60000000000001	-14.011718354813281
75.61	-13.870201500033364
75.62	-12.521643745860711
75.63	-17.59373836222626
75.64	-17.18162565252829
75.65	-18.6522776607627
75.66	-18.156631378395353
75.67	-17.288899952796676
75.68	-19.416474665303397
75.69	-18.790663461967824
75.7	-19.155450371951293
75.71000000000001	-15.561766540295146
75.72	-17.642939302739816
75.73	-13.644549597923476
75.74	-14.771154193888771
75.75	-16.142042967746338
75.76	-13.17300670748325
75.77	-15.859320100396223
75.78	-15.804740473975752
75.79	-16.128426055915046
75.8	-17.388621515527763
75.81	-18.308206538879308
75.82000000000001	-21.928341773231573
75.83	-19.89311078545458
75.84	-19.352272557824314
75.85000000000001	-26.240892175685243
75.86	-21.630188788972152
75.87	-19.54302300035939
75.88	-17.856829289111147
75.89	-16.56603833797546
75.9	-13.783101166274784
75.91	-12.306542429123846
75.92	-10.328385469430886
75.93	-9.645355804426345
75.94	-11.35596300590754
75.95	-10.802309658781251
75.96000000000001	-9.541036512298689
75.97	-8.570079812840016
75.98	-6.283424156229006
75.99	-4.140231109506584
76.0	-4.056030699233371
76.01	-3.9718302889601573
76.02	0.842903165561797
76.03	0.46671498152653806
76.04	2.43505729971605
76.05	-1.7107868373999233
76.06	-7.396458633127154
76.07000000000001	-9.334772313766223
76.08	-10.095943382503906
76.09	-12.293359502196376
76.10000000000001	-11.87752120245223
76.11	-15.10748116946511
76.12	-13.769609630117987
76.13	-10.902395747710564
76.14	-7.604945109659152
76.15	-8.441624449215226
76.16	-12.3088962108866
76.17	-9.552673715618013
76.18	-14.764432299389433
76.19	-12.255762985251167
76.2	-10.027528410858217
76.21000000000001	-7.4897498761093875
76.22	-7.40795648157891
76.23	-6.468368672498393
76.24	-3.061855979026031
76.25	-0.2266415418177932
76.26	-0.0453429873698414
76.27	1.0804281693157571
76.28	1.102927070599251
76.29	2.2454606045315466
76.3	1.566016363681537
76.31	4.4235697520761725
76.32000000000001	5.861544914346011
76.33	8.543532548779826
76.34	7.979078863498063
76.35000000000001	6.910355595337548
76.36	6.772502415619289
76.37	7.487410003636607
76.38	5.866085076517065
76.39	4.384649131737661
76.4	9.16840352076971
76.41	13.6877407468132
76.42	20.025512269808434
76.43	16.01393717084607
76.44	13.636564821100075
76.45	16.176859476278278
76.46000000000001	19.041105319756102
76.47	15.506522121690928
76.48	14.733959739719852
76.49	11.853682180697383
76.5	10.69710381139095
76.51	8.610131656870443
76.52	10.800297125315616
76.53	7.95034034397493
76.54	6.422367277117011
76.55	4.3843524444818565
76.56	4.702609787495194
76.57000000000001	7.648282822403258
76.58	11.770373473853267
76.59	11.924860032787386
76.60000000000001	15.520599274917322
76.61	16.949541933117846
76.62	19.947031052940627
76.63	15.384796766226273
76.64	16.681651734803925
76.65	12.52592709514251
76.66	13.354864594619364
76.67	11.541118667922506
76.68	9.666480717997235
76.69	7.655714101952642
76.7	7.243710059686519
76.71000000000001	6.149724325143577
76.72	2.425918811710833
76.73	1.566880213893842
76.74	-0.3663835753787243
76.75	1.8687137258001716
76.76	3.4667017178325708
76.77	6.20354113752243
76.78	12.363714227349204
76.79	13.90616266743868
76.8	15.863718808818575
76.81	15.09808134412427
76.82000000000001	13.19290412392707
76.83	15.6991444155465
76.84	18.37492738250847
76.85000000000001	22.49021720917354
76.86	19.085604128994564
76.87	15.269126600376174
76.88	13.408737359360885
76.89	21.438757068085817
76.9	22.698271029882505
76.91	19.955989187864454
76.92	21.961466584962988
76.93	20.958582442918182
76.94	19.129929307636683
76.95	15.674343230835785
76.96000000000001	16.405828082654025
76.97	17.62448245934554
76.98	18.3616347223628
76.99	18.00043130366867
77.0	22.078189999734935
77.01	21.603006854070596
77.02	17.22631088257769
77.03	13.609306219816293
77.04	15.091560341500807
77.05	12.065997954761873
77.06	9.39582759802479
77.07000000000001	7.9027241194384255
77.08	6.816319762950663
77.09	7.438567127977206
77.10000000000001	6.547812229383659
77.11	5.465038305400487
77.12	4.7885579763682
77.13	7.422365294226534
77.14	8.594667569058403
77.15	8.084073870462843
77.16	10.019960802201103
77.17	8.448179558425515
77.18	11.701406789149015
77.19	11.085275563255616
77.2	14.639681873709888
77.21000000000001	16.360436353200928
77.22	13.025217558882407
77.23	14.887527678866025
77.24	13.276764823108442
77.25	10.776724118296402
77.26	10.764369115571682
77.27	8.11583004970699
77.28	3.749225642464297
77.29	3.3012201377531074
77.3	7.436423765620353
77.31	13.050552361426282
77.32000000000001	18.339705119519287
77.33	14.26941577659826
77.34	14.343913026192917
77.35000000000001	19.395389204227435
77.36	21.266119500454135
77.37	19.51754540462027
77.38	17.407209683520737
77.39	20.87166791712631
77.4	17.947952322905213
77.41	14.799288417381499
77.42	16.70837674730358
77.43	15.016761797245783
77.44	20.542687217010855
77.45	19.06471329525433
77.46000000000001	17.564438824728857
77.47	13.984445247292635
77.48	13.040445789084803
77.49	12.300318888069565
77.5	12.30378223243354
77.51	11.403199069072768
77.52	20.717260367788224
77.53	21.08210672588256
77.54	20.600885407182737
77.55	17.247845523434506
77.56	18.031502237798684
77.57000000000001	20.453252550478467
77.58	21.190398510071258
77.59	17.738271972131837
77.60000000000001	20.337329659305937
77.61	19.354198144157223
77.62	20.225594323082706
77.63	20.211757642703333
77.64	21.608412254013498
77.65	20.452399148791795
77.66	20.159915239463363
77.67	21.005773797798568
77.68	17.334027238492514
77.69	15.940018264332632
77.7	13.888198658162704
77.71000000000001	14.790943717212285
77.72	16.583742015222256
77.73	17.47302231970242
77.74	14.448302179857425
77.75	11.952317928805849
77.76	19.533909754543757
77.77	19.97210097648933
77.78	20.43203994815946
77.79	19.94952599668773
77.8	18.11763388465616
77.81	16.74229120853305
77.82000000000001	13.36001755712582
77.83	15.549311203295524
77.84	13.898954477054902
77.85000000000001	11.506692420839947
77.86	11.78104169223263
77.87	12.272385868612533
77.88	9.542752293822447
77.89	11.71354176921778
77.9	15.279103455715655
77.91	14.646251345730883
77.92	18.908527490474174
77.93	18.491026897407195
77.94	17.100816512859968
77.95	25.695290408342473
77.96000000000001	20.602232214074565
77.97	21.30235075721924
77.98	17.5042882997604
77.99	17.89266293000655
78.0	16.93524384717951
78.01	15.816211026681795
78.02	16.335573171411024
78.03	19.67740324703321
78.04	21.227480088960025
78.05	24.80848922980937
78.06	19.71043830506061
78.07000000000001	18.425621011340375
78.08	18.13089547465358
78.09	14.459108407901466
78.10000000000001	16.95505736118606
78.11	15.138385437883771
78.12	15.007027324934946
78.13	19.202450625720783
78.14	18.314652526074184
78.15	21.778482370254395
78.16	30.48978231929433
78.17	28.009290904084498
78.18	25.421516538620594
78.19	24.23380824140413
78.2	28.892528458077614
78.21000000000001	26.353696488067175
78.22	26.107065850635134
78.23	24.707089407299748
78.24	24.947848390383697
78.25	20.82646202791763
78.26	19.77412227431
78.27	18.933332658718104
78.28	17.865773906354022
78.29	14.94671663879846
78.3	16.751982624905683
78.31	13.70682662588053
78.32000000000001	11.257020217810632
78.33	14.552518769714863
78.34	18.848385760669693
78.35000000000001	19.600373900222863
78.36	19.808333264037874
78.37	25.337084938739896
78.38	32.69207028150752
78.39	27.276970733890018
78.4	25.031594798381573
78.41	28.0985891081219
78.42	27.092998900067382
78.43	21.132627471422012
78.44	16.430958137508775
78.45	12.769049044872919
78.46000000000001	12.925080858598905
78.47	16.75327997419947
78.48	17.66790720074319
78.49	14.483102573137112
78.5	15.613737974479266
78.51	17.480810577806015
78.52	15.03103628170071
78.53	16.56182911249994
78.54	20.789152254973434
78.55	24.996148537955563
78.56	22.153003282801926
78.57000000000001	19.193389128696445
78.58	16.388604652088713
78.59	21.881400822634934
78.60000000000001	17.335732582221205
78.61	18.82133657947358
78.62	16.68178481031174
78.63	12.81450731324802
78.64	13.704758475271
78.65	14.01837997364572
78.66	14.297850863541269
78.67	11.695151933301348
78.68	12.606652770162714
78.69	12.778828139220314
78.7	12.559007281860175
78.71000000000001	10.506530141281855
78.72	9.892674076126587
78.73	7.581329474524561
78.74	9.080349984583556
78.75	4.39799352334318
78.76	4.637491920582017
78.77	7.094933601658284
78.78	8.432794340167902
78.79	11.856544773218072
78.8	9.774074341114185
78.81	10.97312386511517
78.82000000000001	12.840241309572152
78.83	11.613763208622885
78.84	12.844302032328583
78.85000000000001	12.743190259045749
78.86	10.251001362481025
78.87	6.937145633537598
78.88	4.8078576691335755
78.89	6.648891213278673
78.9	5.022275943202178
78.91	5.625745726033311
78.92	2.485252108199258
78.93	-1.9830622537122855
78.94	-0.5958878087822665
78.95	0.08611696362538358
78.96000000000001	0.9061762828984049
78.97	2.386402798221652
78.98	3.8400728281083802
78.99	2.7478449552136612
79.0	4.965050851393885
79.01	4.900540762925154
79.02	6.045779008530871
79.03	7.3669023070389255
79.04	5.272961116246904
79.05	1.02942034720486
79.06	1.7543252997243042
79.07000000000001	3.73065043620336
79.08	5.2379603836553885
79.09	8.252186786459932
79.10000000000001	12.009118496698976
79.11	15.769534398526158
79.12	12.68291040697771
79.13	12.406396802048159
79.14	17.18575724255072
79.15	13.61185000421864
79.16	12.782444950157739
79.17	9.905472955438656
79.18	7.0692704685804095
79.19	5.4792876169272065
79.2	6.960586856605206
79.21000000000001	6.659388282805277
79.22	5.905536946248088
79.23	7.854408210441716
79.24	11.01523794817075
79.25	19.79677181714703
79.26	19.15213941777408
79.27	27.652323002981372
79.28	25.000399081960428
79.29	20.90744781779458
79.3	19.90297859983075
79.31	20.41464582353594
79.32000000000001	16.399076842974893
79.33	13.444789927896643
79.34	13.41881623133158
79.35000000000001	10.55958172345954
79.36	16.072443580272548
79.37	16.10613600995091
79.38	18.50956899781544
79.39	15.543967783186442
79.4	16.17138989512576
79.41	14.95972529902478
79.42	13.309744431228069
79.43	10.593211598141027
79.44	7.38058092343715
79.45	6.1721607169779755
79.46000000000001	4.992301341167756
79.47	2.97899485885174
79.48	2.674085788027376
79.49	6.20147298191203
79.5	10.312701420929653
79.51	11.159904308609464
79.52	10.769304248507554
79.53	10.228622416442624
79.54	10.754140276281314
79.55	18.25419590441029
79.56	14.612887583251458
79.57000000000001	15.921073495243991
79.58	12.691839310034434
79.59	10.194863754537652
79.60000000000001	9.951890830664137
79.61	7.314474913845401
79.62	10.613011288267769
79.63	14.376813740207789
79.64	15.414366160083281
79.65	13.342857023759946
79.66	12.118164520343594
79.67	13.375955983851902
79.68	11.14511052002672
79.69	7.918837269675933
79.7	10.759088460760507
79.71000000000001	10.164534278880156
79.72	10.444374328061242
79.73	11.746607454778403
79.74	13.898952446092016
79.75	12.669896184679432
79.76	8.487090982749256
79.77	10.643527409860113
79.78	8.944936454001894
79.79	13.527854455313385
79.8	11.625612165912303
79.81	16.348575727572314
79.82000000000001	18.81049543420509
79.83	21.030585423133736
79.84	22.477653745930716
79.85000000000001	19.932658198845285
79.86	24.032637407912333
79.87	31.79002184717911
79.88	26.32528662881578
79.89	22.969259986352103
79.9	24.436718312248107
79.91	24.96043628252349
79.92	26.006441318874906
79.93	26.14835756600016
79.94	20.441107902749668
79.95	21.251667855822703
79.96000000000001	31.766649755480586
79.97	29.541234863966984
79.98	23.000544068989182
79.99	23.312120262988344
80.0	26.41663302153028
80.01	22.217736408379867
80.02	18.1610689763607
80.03	15.484794651882785
80.04	17.557644518766857
80.05	22.371386260598285
80.06	25.74209996607813
80.07000000000001	22.890296027149354
80.08	17.877877052631614
80.09	19.190732764459025
80.10000000000001	17.556081597886944
80.11	18.36830575807157
80.12	18.467880046028917
80.13	18.934233556745514
80.14	19.086452762816855
80.15	14.575985725919553
80.16	10.967715104297877
80.17	8.062385153815493
80.18	9.351224721123081
80.19	10.930828324868976
80.2	7.386419776981259
80.21000000000001	6.06297225805105
80.22	5.686783606725738
80.23	8.013839171331561
80.24	9.160342742396564
80.25	7.324585969813317
80.26	5.662302022015885
80.27	3.26474867753974
80.28	-1.2367237184521567
80.29	-5.617898069570953
80.3	-5.957260171761243
80.31	-11.97778905406054
80.32000000000001	-13.580820287477376
80.33	-10.237494160029671
80.34	-7.034744441806039
80.35000000000001	-4.6608265808956375
80.36	-1.8502698764324421
80.37	-1.1056351536078555
80.38	0.9620081643126287
80.39	-0.07984232002478359
80.4	-0.5955351512462538
80.41	-3.9988365163276955
80.42	-6.923208486015977
80.43	-4.981530344412357
80.44	-6.78915725214702
80.45	-9.818691827107866
80.46000000000001	-10.788865940537256
80.47	-10.203703841320166
80.48	-8.722971405725914
80.49	-7.604265842023397
80.5	-7.3422499218658315
80.51	-8.321397776463817
80.52	-10.82488699098371
80.53	-9.660944768142414
80.54	-12.05724414651511
80.55	-10.294604498057655
80.56	-14.960524807916402
80.57000000000001	-23.076122199119286
80.58	-20.603140050130257
80.59	-21.18195044357099
80.60000000000001	-16.605480157010554
80.61	-15.223858171938334
80.62	-12.493839216417385
80.63	-10.358047355610942
80.64	-10.083532985909933
80.65	-11.990037292108973
80.66	-15.771928833386745
80.67	-13.232460885131834
80.68	-17.684240730342836
80.69	-13.750189427538768
80.7	-18.561231289897925
80.71000000000001	-17.701877100605525
80.72	-17.666803843483446
80.73	-14.556469572239795
80.74	-12.851969475658185
80.75	-17.539710000950162
80.76	-17.37534722969961
80.77	-27.253652027391382
80.78	-24.644861365716725
80.79	-23.103353701005283
80.8	-26.36009269907582
80.81	-22.529187921408653
80.82000000000001	-20.405697809009354
80.83	-20.556817268899007
80.84	-15.808249002608262
80.85000000000001	-11.726969452761344
80.86	-10.492886075588228
80.87	-12.662771175539262
80.88	-9.73341956272939
80.89	-10.896896000966244
80.9	-13.172327469015167
80.91	-10.84793341448768
80.92	-8.921755532899699
80.93	-8.650408921019853
80.94	-8.633560988618063
80.95	-9.49939549993263
80.96000000000001	-17.283545905120846
80.97	-14.960606776977322
80.98	-12.538803064425432
80.99	-11.313753939893978
81.0	-7.9205068280760935
81.01	-5.020295714935563
81.02	-7.026449487006901
81.03	-12.711231244786415
81.04	-11.545948861972008
81.05	-12.71654971101423
81.06	-17.648247696940363
81.07000000000001	-17.22864399997443
81.08	-20.637178246817353
81.09	-23.120514529308565
81.10000000000001	-32.74302001661624
81.11	-30.373439736509052
81.12	-30.203827178828913
81.13	-36.41654538658237
81.14	-32.43485616309144
81.15	-28.066816510603562
81.16	-27.735332589922727
81.17	-31.927796118176463
81.18	-28.538531785954802
81.19	-24.116877372738735
81.2	-23.166758643080666
81.21000000000001	-26.91934731284911
81.22	-21.15336418590517
81.23	-17.72513979769901
81.24	-15.06503564021611
81.25	-12.596118507076731
81.26	-12.111802084091456
81.27	-11.34989974395971
81.28	-14.286048613081173
81.29	-11.827299031027039
81.3	-11.012621995977838
81.31	-12.12646298243665
81.32000000000001	-9.320209454296254
81.33	-12.686189585350615
81.34	-17.065739385611693
81.35000000000001	-22.81517003311328
81.36	-21.962981279117447
81.37	-18.839098808131343
81.38	-21.199950815569096
81.39	-23.71851322242044
81.4	-23.608331218011077
81.41	-28.432971725601586
81.42	-30.72181409017884
81.43	-30.026142691601596
81.44	-34.95315750929797
81.45	-37.94683142635043
81.46000000000001	-29.91361789491059
81.47	-27.30837746045528
81.48	-21.198862373535817
81.49	-16.38210738969395
81.5	-12.73104124034565
81.51	-8.194357966440652
81.52	-7.945883677435621
81.53	-8.502252275257245
81.54	-9.091177573188874
81.55	-11.424332003696982
81.56	-12.22292070961531
81.57000000000001	-10.58333327764947
81.58	-13.218601589347461
81.59	-14.052691786670383
81.60000000000001	-14.356842977558864
81.61	-11.655555003739186
81.62	-13.30959044139445
81.63	-13.338433209929947
81.64	-12.909342103705141
81.65	-15.738456972920536
81.66	-15.373451733669189
81.67	-12.56678030672971
81.68	-12.345636028159264
81.69	-11.262324219555367
81.7	-10.83013002011616
81.71000000000001	-8.739041248770757
81.72	-9.092438323495042
81.73	-15.460482723138055
81.74	-17.50348091615743
81.75	-25.199120732632068
81.76	-20.88503930183537
81.77	-16.62904309503424
81.78	-14.782053078177755
81.79	-17.47819246284971
81.8	-19.742853789399494
81.81	-20.291802961271017
81.82000000000001	-22.047349594073903
81.83	-22.36875981144371
81.84	-17.784556225178445
81.85000000000001	-16.51255053992473
81.86	-19.820061534226763
81.87	-17.20482903004072
81.88	-14.00652954954684
81.89	-15.230883379239241
81.9	-15.94518539197676
81.91	-13.614989782741622
81.92	-14.657482167104032
81.93	-12.414121220164432
81.94	-13.786680721110349
81.95	-13.299142562003569
81.96000000000001	-17.45348346169938
81.97	-23.12303240668998
81.98	-26.045829211507396
81.99	-27.104388890217677
82.0	-22.463488275922835
82.01	-19.46260653035047
82.02	-18.868215918948078
82.03	-14.731416030415831
82.04	-13.467886589994425
82.05	-16.256836058685234
82.06	-15.54871515623243
82.07000000000001	-12.09604239809811
82.08	-11.605584922437416
82.09	-17.870562800571175
82.10000000000001	-16.70409382097863
82.11	-14.111154481239863
82.12	-19.51257011510302
82.13	-23.68161086438591
82.14	-23.821132354945608
82.15	-23.334504556071767
82.16	-19.094220684009855
82.17	-15.82779912558982
82.18	-12.673356980663732
82.19	-10.123804024499107
82.2	-6.904354304403556
82.21000000000001	-7.867079233450917
82.22	-5.717055364935422
82.23	-3.713895826475806
82.24	-1.720796411206624
82.25	-1.2478578308341537
82.26	-5.7772583037526966
82.27	-8.048569754071588
82.28	-7.804798297618226
82.29	-6.199684126824353
82.3	-9.226158944922178
82.31	-8.583123053590102
82.32000000000001	-8.612128732124019
82.33	-13.195447770475264
82.34	-16.02278961121952
82.35000000000001	-16.55639315693831
82.36	-18.735988040418253
82.37	-19.73250416481176
82.38	-19.778858201222995
82.39	-16.616314062307268
82.4	-14.056386651402743
82.41	-14.389005266283535
82.42	-13.404216587704793
82.43	-15.33967632638075
82.44	-17.566410093343848
82.45	-21.75841424156342
82.46000000000001	-17.398635158499598
82.47	-14.125094693573972
82.48	-15.289016598166214
82.49	-24.878365998336662
82.5	-30.672727998695933
82.51	-29.05842529188918
82.52	-30.578861563079755
82.53	-24.17936424872385
82.54	-21.672221895330477
82.55	-19.19088438996601
82.56	-15.088155039319352
82.57000000000001	-11.41881362069003
82.58	-8.633907812833264
82.59	-8.047667138215582
82.60000000000001	-7.237823562708096
82.61	-6.880321785619813
82.62	-6.139993233418032
82.63	-5.62969274286292
82.64	-4.220166825002915
82.65	-0.6617285475531911
82.66	2.0423815632502147
82.67	1.6078556579396315
82.68	0.6464010676120506
82.69	-0.24965202221548688
82.7	-3.5130884767692323
82.71000000000001	-3.0366278391893546
82.72	-2.4859248469614372
82.73	0.8190894936967262
82.74	2.5891421489603035
82.75	5.031401168544275
82.76	5.5467521132032935
82.77	5.996744679645652
82.78	8.991397014678844
82.79	12.049310853070352
82.8	17.012200751484052
82.81	22.03298181653233
82.82000000000001	18.461238035132258
82.83	19.16037746231184
82.84	22.281222969360286
82.85000000000001	18.826148342398422
82.86	14.748405293182
82.87	13.20521420606523
82.88	15.172931731208157
82.89	16.029730055283633
82.9	12.331271861973665
82.91	13.55925386924383
82.92	11.268130582846544
82.93	13.868533361484483
82.94	17.48811947654295
82.95	16.188433847850124
82.96000000000001	22.251054830867243
82.97	21.783377047768447
82.98	16.33831564324149
82.99	12.449072633833177
83.0	11.491655700991663
83.01	10.386833671417302
83.02	9.605840496513084
83.03	8.417314667458676
83.04	8.065520407510803
83.05	7.735642448650842
83.06	9.506778905383682
83.07000000000001	10.15256092014914
83.08	14.497199640020083
83.09	21.73072795244846
83.10000000000001	17.762175783799094
83.11	18.20813078095085
83.12	16.41401784238481
83.13	15.543554748900371
83.14	16.590892046765752
83.15	14.706216210063438
83.16	16.214155115312177
83.17	12.094077908374727
83.18	10.214605871411136
83.19	10.571111736601305
83.2	9.682652060186852
83.21000000000001	9.762726235665108
83.22	14.420376333752943
83.23	13.741333139122808
83.24	15.178500696705367
83.25	13.676909627686122
83.26	16.77278815225142
83.27	26.7904381727698
83.28	29.568059911848543
83.29	32.48245846115324
83.3	30.7645922789526
83.31	33.84764939080551
83.32000000000001	29.973919634651978
83.33	27.74381311661003
83.34	24.364242133711265
83.35000000000001	21.001693472395015
83.36	21.53447612537809
83.37	26.535275385373946
83.38	24.413298558456717
83.39	20.86752814627646
83.4	19.825379104140854
83.41	15.759005691650241
83.42	16.330793587435878
83.43	20.24946142773803
83.44	18.067451807978816
83.45	15.057972147804222
83.46000000000001	12.162847520203783
83.47	9.820195313504994
83.48	9.727255542515904
83.49	9.58240433088774
83.5	10.518721989947316
83.51	13.047869605084014
83.52	10.879844642061137
83.53	8.01250463974139
83.54	6.474242948870199
83.55	2.3502896689376676
83.56	5.42572611379285
83.57000000000001	10.782737688105735
83.58	11.14991928820054
83.59	9.963462901620712
83.60000000000001	10.424196341825596
83.61	11.55431579369378
83.62	10.391307203290882
83.63	10.043024382655858
83.64	8.10329980542744
83.65	15.887633707870663
83.66	18.562355588171286
83.67	20.34816405531639
83.68	17.427147215873344
83.69	17.614508976967485
83.7	23.023316918530266
83.71000000000001	17.742239930934037
83.72	16.037066405375448
83.73	14.347760562608256
83.74	15.462016110316219
83.75	15.278361900538053
83.76	13.292534763262664
83.77	13.24927885228207
83.78	13.650740754800431
83.79	19.53230078523624
83.8	17.440580360564176
83.81	18.75125970664202
83.82000000000001	15.223927449544066
83.83	15.583645282019756
83.84	12.103272876228456
83.85000000000001	14.968636638507405
83.86	11.615596136694117
83.87	11.318176985947096
83.88	9.30372295295679
83.89	9.28094803668351
83.9	7.381227228699944
83.91	5.378978178616465
83.92	2.0134250867735357
83.93	3.618140786781323
83.94	4.877534333724003
83.95	5.976539693194405
83.96000000000001	8.949128298913458
83.97	8.81578121991982
83.98	9.821252729423811
83.99	15.52688934542837
84.0	18.537840102299928
84.01	28.55557232150379
84.02	23.976537605989243
84.03	25.885451802946967
84.04	20.721061016935472
84.05	20.621952133566314
84.06	26.304021691158734
84.07000000000001	25.339954150150003
84.08	22.28911913205825
84.09	26.09606871531591
84.10000000000001	30.721811344866033
84.11	24.641190462574894
84.12	19.257485164136323
84.13	16.626675019538407
84.14	14.650034600771114
84.15	17.30111465608539
84.16	18.790992027579726
84.17	18.133862185953824
84.18	18.43911644376711
84.19	15.69702579337159
84.2	22.950408045808814
84.21000000000001	25.81529834494485
84.22	20.31643284132506
84.23	19.902143335979485
84.24	16.214773639501114
84.25	15.139159158543718
84.26	16.841636125308113
84.27	15.30818892781694
84.28	17.17685769010647
84.29	13.610548710448036
84.3	19.924438731172852
84.31	21.963269333959182
84.32000000000001	18.595841723095447
84.33	13.866902696076782
84.34	11.008443249309535
84.35000000000001	15.450877968774556
84.36	12.080378889664404
84.37	9.289166839905324
84.38	9.631110229268131
84.39	8.524559379776258
84.4	9.767113973621978
84.41	7.826572608390724
84.42	6.67957511027886
84.43	4.337559503500724
84.44	1.212654404727358
84.45	4.471110514116635
84.46000000000001	2.2929600325743924
84.47	5.267731430893542
84.48	7.405227228443032
84.49	10.297199840897282
84.5	19.287139445248147
84.51	22.300301958653304
84.52	20.717300337323678
84.53	18.92414114957307
84.54	17.15376024379438
84.55	21.710149975488903
84.56	20.323743174895323
84.57000000000001	19.929273228799676
84.58	18.42776182834107
84.59	18.69796263426113
84.60000000000001	18.84063270369913
84.61	28.81718982633707
84.62	33.61033930306613
84.63	30.98010858544618
84.64	25.991322101415367
84.65	32.35059093135328
84.66	25.551057299382073
84.67	19.354909336624477
84.68	15.507216912358222
84.69	11.659524488097434
84.7	11.974413146276238
84.71000000000001	11.989528538478904
84.72	10.071273809665326
84.73	10.87693733565503
84.74	11.30931008462213
84.75	11.552271015637421
84.76	9.132155408623762
84.77	9.477319860748452
84.78	14.374776523198104
84.79	12.175792189408764
84.8	17.126139179587526
84.81	15.744858861037523
84.82000000000001	15.765712057798973
84.83	15.423756678171426
84.84	11.385622588909932
84.85000000000001	8.841149210806137
84.86	12.033354416888725
84.87	11.213369198763878
84.88	18.031318422584615
84.89	22.417044389572514
84.9	20.20504986903493
84.91	20.89193818107701
84.92	19.383892599819255
84.93	22.172052355417918
84.94	16.623934627787918
84.95	23.00004715803479
84.96000000000001	23.952013576256093
84.97	28.51782441594232
84.98	23.619478232494405
84.99	20.585472431919403
85.0	23.393499143221096
85.01	22.642027295958744
85.02	20.511260358848762
85.03	20.505637411914943
85.04	24.12247380367284
85.05	22.188094753603355
85.06	23.280976691871913
85.07000000000001	19.287771165861063
85.08	16.13588212922136
85.09	13.282631665238181
85.10000000000001	13.732966064625913
85.11	11.883649529554146
85.12	14.504242444509691
85.13	22.001464600888962
85.14	19.303700904890768
85.15	20.40610121826432
85.16	18.17438844413884
85.17	21.283670940426383
85.18	16.659645482896096
85.19	12.964986185570684
85.2	18.083690754182317
85.21000000000001	17.98072273819981
85.22	15.32091117269446
85.23	12.438629391095217
85.24	10.230718084853004
85.25	21.021213904470937
85.26	22.276682794122245
85.27	22.311614973958427
85.28	17.598020363977852
85.29	15.311677411150228
85.3	15.893283377853523
85.31	12.990595951444746
85.32000000000001	11.482248721632336
85.33	15.743734509228256
85.34	12.754322790659733
85.35000000000001	13.073240692863989
85.36	15.352587426841149
85.37	16.721211085537586
85.38	13.152818710062343
85.39	10.527644534758688
85.4	8.671111492231256
85.41	8.13835617991517
85.42	10.879734085117498
85.43	11.624318112935526
85.44	12.57463927440174
85.45	10.29249349652763
85.46000000000001	8.518820265676496
85.47	7.457980945177786
85.48	6.337767288869648
85.49	5.818198434040637
85.5	3.196198901384199
85.51	1.6607251614963865
85.52	-0.7869937458337071
85.53	-0.6777703891058616
85.54	-5.1711093144949
85.55	-7.126036405895802
85.56	-7.348591461330252
85.57000000000001	-6.262224489005952
85.58	-7.040827451302591
85.59	-9.2439149202245
85.60000000000001	-11.411321842827654
85.61	-11.493447026658028
85.62	-11.420394455041448
85.63	-10.013454608240695
85.64	-8.329391716262183
85.65	-10.263140702670908
85.66	-19.161483032804743
85.67	-22.623941157955127
85.68	-20.73118715317557
85.69	-18.168944102686417
85.7	-18.565548859165474
85.71000000000001	-16.204900139483087
85.72	-19.24899764516549
85.73	-22.702533880880672
85.74	-21.490313212760274
85.75	-23.838118833141284
85.76	-19.666427553609452
85.77	-19.759938980106536
85.78	-15.49395744847763
85.79	-13.69306259551402
85.8	-12.741784093206729
85.81	-11.914251325604017
85.82000000000001	-11.452917277942532
85.83	-22.075081849151
85.84	-20.920412924903836
85.85000000000001	-20.93864253304017
85.86	-19.370581433385013
85.87	-18.41657207027388
85.88	-18.437220323168894
85.89	-20.543648916209538
85.9	-25.120053245884012
85.91	-19.528140535391998
85.92	-19.662376692740008
85.93	-17.668545587169795
85.94	-24.68847040897854
85.95	-21.059844596451754
85.96000000000001	-19.471315535879047
85.97	-24.701303975513248
85.98	-27.09962630878206
85.99	-28.564563051297597
86.0	-25.994288831648753
86.01	-24.269204242808996
86.02	-18.06881521421563
86.03	-17.63370349775021
86.04	-26.641277329208545
86.05	-21.12274245785708
86.06	-17.981276285159012
86.07000000000001	-17.83338369074832
86.08	-19.453947645103163
86.09	-15.215627470262993
86.10000000000001	-19.284999748365177
86.11	-24.28599010836988
86.12	-31.285346324738935
86.13	-32.74421005581438
86.14	-30.07557417397187
86.15	-23.13877638898839
86.16	-25.921699318480083
86.17	-30.652897759760755
86.18	-26.27078796740734
86.19	-23.580197879993477
86.2	-18.215534738648767
86.21000000000001	-15.234820132122286
86.22	-19.60455110638261
86.23	-18.6999116540726
86.24	-17.71287849033174
86.25	-17.045145074313886
86.26	-23.98830315386885
86.27	-20.336083503612425
86.28	-30.230631300882774
86.29	-28.675534550173953
86.3	-34.462471222679845
86.31	-27.79257798240894
86.32000000000001	-28.087311901473143
86.33	-25.891973372473718
86.34	-23.727814041658636
86.35000000000001	-20.280404728246584
86.36	-17.59543153307641
86.37	-19.66937898127865
86.38	-18.088587578581176
86.39	-26.87396011946015
86.4	-24.33830694547526
86.41	-21.717877267308925
86.42	-16.91304812802394
86.43	-13.66906705465763
86.44	-21.598878751006733
86.45	-18.888334104724898
86.46000000000001	-23.765747011753216
86.47	-18.025083958735234
86.48	-16.9857178093642
86.49	-14.023666325392567
86.5	-11.543265386267164
86.51	-10.569211409385954
86.52	-13.92272840650974
86.53	-14.270513866715625
86.54	-19.489721383265277
86.55	-17.17932505408386
86.56	-23.62812870523564
86.57000000000001	-19.73336638959326
86.58	-18.1065171541949
86.59	-17.740040607899484
86.60000000000001	-16.197997255491444
86.61	-21.962903166638284
86.62	-21.613259108046172
86.63	-17.4944190602827
86.64	-15.099175542603895
86.65	-11.743502106001008
86.66	-11.230146769943286
86.67	-12.503159229841703
86.68	-12.974811297181677
86.69	-10.273310717041946
86.7	-5.9287533512829125
86.71000000000001	-4.309043910049555
86.72	-2.626183059731775
86.73	-0.4172723614333848
86.74	0.8761631627713999
86.75	0.5174389077001057
86.76	-1.2909745356890423
86.77	-3.045890710898045
86.78	-1.7243533434662626
86.79	-1.0119299816118428
86.8	3.314705682575375
86.81	3.2367680947202184
86.82000000000001	0.48479957247719596
86.83	2.68196373567247
86.84	2.4853734807513526
86.85000000000001	-1.3092965773200518
86.86	-8.098064356715433
86.87	-9.028799697182844
86.88	-8.503022758907784
86.89	-5.412093925707173
86.9	-4.031959320741035
86.91	-4.639595329161289
86.92	-4.575288035332289
86.93	-6.911248477806058
86.94	-12.646321690436757
86.95	-14.455193279852399
86.96000000000001	-18.076156250293387
86.97	-14.411210168323594
86.98	-19.145036879272986
86.99	-18.00762492254892
87.0	-16.22805108996964
87.01	-14.291802436732905
87.02	-11.627049014946865
87.03	-14.222818601744802
87.04	-24.214469069795975
87.05	-23.68592880113427
87.06	-23.198760621849125
87.07000000000001	-25.42736751840512
87.08	-26.898301015320506
87.09	-24.764608912808768
87.10000000000001	-22.059605272589646
87.11	-18.6164032142253
87.12	-15.19795378802466
87.13	-17.82277757132351
87.14	-25.82518376776032
87.15	-32.3127447398528
87.16	-26.69180829467641
87.17	-28.182731246402547
87.18	-24.658063980526272
87.19	-23.1154935096421
87.2	-23.26686290632593
87.21000000000001	-17.917496868963795
87.22	-21.09182609906618
87.23	-21.140244577474768
87.24	-26.944394793308437
87.25	-28.227597654898023
87.26	-29.02313759722366
87.27	-24.653621483876456
87.28	-19.732914199728956
87.29	-17.571347875407167
87.3	-16.795923669235084
87.31	-16.895843169883914
87.32000000000001	-20.49171957125416
87.33	-28.615097869223764
87.34	-32.11727995622773
87.35000000000001	-26.389362050427458
87.36	-25.6198046405014
87.37	-22.232459466794392
87.38	-18.75061299773809
87.39	-17.200236383153225
87.4	-29.729984209725657
87.41	-30.22271978951669
87.42	-27.229510860376664
87.43	-25.632041860321934
87.44	-22.460453686022486
87.45	-19.771417138279176
87.46000000000001	-20.462764330930128
87.47	-20.90523256972591
87.48	-17.162686618360162
87.49	-16.255486998205093
87.5	-17.792098293334195
87.51	-17.856793511145664
87.52	-17.023831463241397
87.53	-13.335482494025442
87.54	-12.33657719945145
87.55	-13.634967310869857
87.56	-11.122295774137616
87.57000000000001	-10.289666575804095
87.58	-8.149666898211219
87.59	-5.278825649094514
87.60000000000001	-6.853585441418419
87.61	-8.633563792652605
87.62	-13.501631717294401
87.63	-14.178046752518075
87.64	-15.021361974766549
87.65	-25.346258028864337
87.66	-21.454066385360843
87.67	-19.868886266248616
87.68	-17.999587843799137
87.69	-15.567515015587423
87.7	-18.46195111714468
87.71000000000001	-14.03728535545007
87.72	-10.721103082274645
87.73	-10.173666444019897
87.74	-10.355748429907273
87.75	-11.166128036056634
87.76	-12.571308778474586
87.77	-19.69581047964923
87.78	-22.763977066024776
87.79	-28.396600328241405
87.8	-22.7252965706882
87.81	-24.87217335152374
87.82000000000001	-31.978910543208173
87.83	-32.25001558723826
87.84	-25.217170514512695
87.85000000000001	-21.35312380402158
87.86	-18.06020577459536
87.87	-18.42354507605611
87.88	-18.921918150841385
87.89	-20.40620329016033
87.9	-19.386276258350925
87.91	-16.992699076681358
87.92	-13.477193983683895
87.93	-11.425020493051354
87.94	-12.417138983759267
87.95	-12.209281642349557
87.96000000000001	-11.811284227500435
87.97	-16.064517542198885
87.98	-19.70076324122803
87.99	-14.95990078005794
88.0	-12.103406423868968
88.01	-14.111654676776029
88.02	-15.164453619569807
88.03	-16.163121248814786
88.04	-13.843416362278008
88.05	-16.076053247405476
88.06	-18.88751806541354
88.07000000000001	-14.640853529919841
88.08	-12.00403271495986
88.09	-15.777625895928061
88.10000000000001	-16.899813334091036
88.11	-14.51109682084583
88.12	-12.73142084956477
88.13	-12.324616124914316
88.14	-12.187262722112445
88.15	-12.527919768841043
88.16	-9.723450878777898
88.17	-7.709516342458624
88.18	-4.60905916850941
88.19	-4.248037520857434
88.2	-8.618298883921995
88.21000000000001	-7.244583157264542
88.22	-5.40900719250338
88.23	-9.07077539863411
88.24	-8.887003163284547
88.25	-5.011980445872678
88.26	-6.254999747953451
88.27	-6.770997907723378
88.28	-6.267528552967315
88.29	-7.842345073825582
88.3	-11.741860169997445
88.31	-10.285117506725172
88.32000000000001	-10.816721123680962
88.33	-9.217094197532838
88.34	-8.486788810873573
88.35000000000001	-7.31678890908938
88.36	-5.399548064968043
88.37	-8.36943776694241
88.38	-7.382439055880806
88.39	-5.684206692963666
88.4	-13.197404709779114
88.41	-18.252699837344245
88.42	-17.135566622070815
88.43	-16.74708349781996
88.44	-16.334649419384682
88.45	-14.540038706737391
88.46000000000001	-11.59297539235571
88.47	-11.575185530927614
88.48	-10.420776831101609
88.49	-8.628101940796556
88.5	-10.20999059071664
88.51	-12.854607907487033
88.52	-12.44977453822507
88.53	-19.673240214698776
88.54	-19.377075919344236
88.55	-21.834676184334796
88.56	-23.632331378464215
88.57000000000001	-18.93553279995245
88.58	-15.359437841810612
88.59	-13.960136405499275
88.60000000000001	-16.46319747335395
88.61	-14.233415188466635
88.62	-14.646922464278399
88.63	-11.521471847888607
88.64	-16.967492742472825
88.65	-21.44137010013732
88.66	-20.376269321739407
88.67	-19.907800324256037
88.68	-21.45458687933369
88.69	-16.884935133997026
88.7	-21.408107062125485
88.71000000000001	-21.37289304616871
88.72	-18.138827975348054
88.73	-19.07382703958204
88.74	-24.749693004998576
88.75	-24.845111761188583
88.76	-19.79376175083544
88.77	-15.05102943623453
88.78	-12.030433962721329
88.79	-12.67149409304683
88.8	-9.224650506401991
88.81	-15.106082523562865
88.82000000000001	-21.149433354874482
88.83	-18.118680904514843
88.84	-17.726540270414006
88.85000000000001	-16.251591127449828
88.86	-15.086976062187464
88.87	-13.957925218254355
88.88	-15.776043539309107
88.89	-17.11431202323814
88.9	-14.346013546381764
88.91	-10.493094653829248
88.92	-12.87540715697489
88.93	-9.76030427569976
88.94	-10.052896250675982
88.95	-9.628950738619109
88.96000000000001	-7.573949586770126
88.97	-7.601680133167289
88.98	-5.3216650433269335
88.99	-2.553254707787495
89.0	-7.147639869898208
89.01	-6.107028952654679
89.02	-7.469035076422751
89.03	-9.36275150760821
89.04	-8.881096209028822
89.05	-14.191698893546695
89.06	-18.106274967439884
89.07000000000001	-19.96741662677347
89.08	-16.08800720790697
89.09	-14.301505298509529
89.10000000000001	-13.6796291083318
89.11	-12.251292296061537
89.12	-16.358061914715822
89.13	-19.574027575263617
89.14	-16.359004111211817
89.15	-13.080419797279887
89.16	-11.833728355779334
89.17	-14.123306482359304
89.18	-12.716330396575263
89.19	-12.795377771613431
89.2	-9.998582625137143
89.21000000000001	-7.599014980327072
89.22	-6.786036182578472
89.23	-8.41584768690226
89.24	-10.347637318319439
89.25	-11.82457587506562
89.26	-16.450405280953238
89.27	-14.263744776800788
89.28	-12.917475306060725
89.29	-10.563902238442802
89.3	-17.0394401658319
89.31	-14.361655540773576
89.32000000000001	-15.921316161376758
89.33	-21.43994767665162
89.34	-19.230252837863464
89.35000000000001	-21.054355837495454
89.36	-27.849737348273816
89.37	-22.379804440179868
89.38	-19.331802012644534
89.39	-21.03120576425404
89.4	-17.477486089971336
89.41	-22.07312441222753
89.42	-20.94317838615278
89.43	-16.0408299004416
89.44	-13.62990571213927
89.45	-12.874681676332434
89.46000000000001	-18.567317639458636
89.47	-23.9227194491206
89.48	-18.878127556355178
89.49	-18.149090033656854
89.5	-20.316531587199115
89.51	-18.95392135085664
89.52	-16.493903683620932
89.53	-13.009202295457703
89.54	-14.363931185055714
89.55	-16.166950363457218
89.56	-16.490418269952926
89.57000000000001	-19.28108205932225
89.58	-15.634419668959632
89.59	-25.92750519771902
89.60000000000001	-22.825889812208715
89.61	-22.5910935302721
89.62	-17.931181325188753
89.63	-18.123144044958597
89.64	-14.097343459909805
89.65	-13.193750558152411
89.66	-16.207014181238392
89.67	-19.970098197658736
89.68	-23.77280820144487
89.69	-19.590318997598825
89.7	-18.993443998384492
89.71000000000001	-17.653159845521994
89.72	-20.90466225667992
89.73	-17.390321107589973
89.74	-19.4121009605975
89.75	-20.641304372600516
89.76	-16.06077679395417
89.77	-12.222630218550329
89.78	-10.341378102887068
89.79	-13.020362875654264
89.8	-10.574263616390567
89.81	-9.579571892721196
89.82000000000001	-10.148219661547724
89.83	-8.862743071777462
89.84	-9.757392036415709
89.85000000000001	-10.41350656534703
89.86	-8.862939289211099
89.87	-7.521587163984579
89.88	-10.475695191679643
89.89	-15.309250845734445
89.9	-16.505350798334444
89.91	-14.264576017283126
89.92	-11.774277628358577
89.93	-8.549649547701001
89.94	-8.376119015340135
89.95	-6.538145931043002
89.96000000000001	-10.464177616638498
89.97	-13.974074246597109
89.98	-12.236219475219942
89.99	-13.848607084641294
90.0	-11.096409390091459
90.01	-9.965264547382194
90.02	-9.709887172502377
90.03	-8.084626708699734
90.04	-7.67533903749313
90.05	-8.68327949905446
90.06	-12.742755449592618
90.07000000000001	-11.96987069980588
90.08	-11.346886449370947
90.09	-11.651176616590956
90.10000000000001	-10.929267099712249
90.11	-12.419334721333104
90.12	-12.96388423640613
90.13	-16.130502974167428
90.14	-21.064389749300517
90.15	-18.808709019207118
90.16	-20.130678863652996
90.17	-24.70632624155608
90.18	-24.27004631902452
90.19	-20.292044955156687
90.2	-22.017370393922732
90.21000000000001	-22.76196559489719
90.22	-21.56274675007292
90.23	-20.635509657835485
90.24	-18.802414895584892
90.25	-16.12844826846128
90.26	-26.230982906652144
90.27	-23.643054432224623
90.28	-18.02738695848271
90.29	-15.627918267591175
90.3	-23.163698110274833
90.31	-22.01783573668053
90.32000000000001	-17.346733402345613
90.33	-23.1197666755748
90.34	-23.050392004121687
90.35000000000001	-17.905421660161107
90.36	-17.257150513857567
90.37	-19.500867091055415
90.38	-18.002213569367505
90.39	-17.239640173854294
90.4	-17.156436737279975
90.41	-12.519845123992651
90.42	-12.927505581543171
90.43	-11.752432695091295
90.44	-14.881522741145428
90.45	-13.489567590772772
90.46000000000001	-13.178021549349186
90.47	-10.855213699113229
90.48	-18.505812373865655
90.49	-17.119316255024508
90.5	-19.949583764916813
90.51	-17.564067000234434
90.52	-14.665634670601415
90.53	-17.658957051256834
90.54	-17.262482006571066
90.55	-16.392079804720126
90.56	-13.121804964416084
90.57000000000001	-14.497405166162673
90.58	-11.442444418744211
90.59	-13.091260949005829
90.60000000000001	-18.392057274087946
90.61	-17.322205063366447
90.62	-20.397461778754696
90.63	-20.133700445154403
90.64	-21.431457476677227
90.65	-21.931340425415947
90.66	-26.77302808096501
90.67	-33.851846810698305
90.68	-27.429161909685934
90.69	-25.23985279146066
90.7	-24.509129102677626
90.71000000000001	-20.281944088759705
90.72	-16.38796069913481
90.73	-14.144941563307071
90.74	-11.642832634150542
90.75	-13.64972337529065
90.76	-14.788904948911547
90.77	-11.775720915489531
90.78	-11.438548723268523
90.79	-15.14560925310279
90.8	-16.317169853660396
90.81	-15.356901422754186
90.82000000000001	-15.969150921247744
90.83	-16.13791861524769
90.84	-17.77876918263974
90.85000000000001	-23.45613984145801
90.86	-27.557381301679523
90.87	-23.787377785079585
90.88	-25.280036406843482
90.89	-29.406337153418036
90.9	-29.490717361008425
90.91	-27.54889063330292
90.92	-21.55061135661083
90.93	-16.93248129302311
90.94	-17.610275886759602
90.95	-16.719078850371133
90.96000000000001	-13.318565154497396
90.97	-12.428441646914184
90.98	-11.921068217619897
90.99	-9.842875864566505
91.0	-10.013077762395763
91.01	-8.735830783635476
91.02	-8.491030364714891
91.03	-13.452427326179782
91.04	-15.668533609925525
91.05	-16.282406340052326
91.06	-17.292212788697828
91.07000000000001	-23.47927903360499
91.08	-20.015091844625715
91.09	-21.825200281458457
91.10000000000001	-17.508514907682073
91.11	-14.951029525875677
91.12	-14.347457115624715
91.13	-12.352557548769175
91.14	-15.67943263232142
91.15	-15.68926724939351
91.16	-12.933718145581684
91.17	-13.65536679311129
91.18	-10.0324083234822
91.19	-8.562221838287183
91.2	-12.598098162120113
91.21000000000001	-14.378912048013495
91.22	-11.34211419918425
91.23	-10.610427971663562
91.24	-7.894254176692009
91.25	-8.473776857693492
91.26	-5.3907168393132405
91.27	-9.16787674533785
91.28	-14.250224292984623
91.29	-18.587686323576992
91.3	-17.85243385961772
91.31	-14.380038826711743
91.32000000000001	-13.03325722155272
91.33	-10.898058262782737
91.34	-11.696663727614009
91.35000000000001	-11.60256393264957
91.36	-13.27866414845101
91.37	-11.50040523202939
91.38	-13.902039843514007
91.39	-23.860894659865398
91.4	-23.016298316316004
91.41	-22.89372003990668
91.42	-25.948984374004983
91.43	-29.40426518840452
91.44	-28.670287499985573
91.45	-27.229860582473833
91.46000000000001	-24.530931023313208
91.47	-22.10733051737187
91.48	-25.248155820356388
91.49	-19.58283991829223
91.5	-18.62918389343909
91.51	-14.639787435945106
91.52	-21.590913295701966
91.53	-19.320895754148683
91.54	-18.424443617503044
91.55	-14.54217672662488
91.56	-15.263573964373801
91.57000000000001	-22.719582133556674
91.58	-17.832954855945435
91.59	-16.845870570900317
91.60000000000001	-18.353960733363195
91.61	-15.479318415018499
91.62	-12.05168372433235
91.63	-10.289511627869672
91.64	-18.359083537165034
91.65	-26.327808243719115
91.66	-24.618367079454075
91.67	-23.667847594427172
91.68	-21.6212043913717
91.69	-23.68118545855555
91.7	-26.671638821027436
91.71000000000001	-24.183099904821553
91.72	-19.67983123833186
91.73	-19.08539542175976
91.74	-29.24369508599111
91.75	-29.202131527326326
91.76	-29.292691264822125
91.77	-24.090375623261284
91.78	-19.62803172215989
91.79	-15.305673358401453
91.8	-12.520508969738362
91.81	-17.95148257426658
91.82000000000001	-18.81512393251769
91.83	-21.85609940973711
91.84	-21.364304948163447
91.85000000000001	-17.18493213138502
91.86	-19.190183312901297
91.87	-21.174156417580104
91.88	-17.160203164036265
91.89	-14.282809921072044
91.9	-12.0210089668894
91.91	-9.934908597182934
91.92	-8.039836866199487
91.93	-8.798541952108796
91.94	-10.511241046832817
91.95	-10.093313965048612
91.96000000000001	-8.188216818331547
91.97	-5.029651789733258
91.98	-0.7809675926205857
91.99	-3.32352234205306
92.0	2.0838279200824763
92.01	3.5772055529283113
92.02	2.56815512604061
92.03	6.664874463401631
92.04	5.8939781457297595
92.05	8.606575815070864
92.06	8.24122823744768
92.07000000000001	9.405236995371167
92.08	7.851670217555188
92.09	6.553179251507124
92.10000000000001	6.042961107559265
92.11	7.072519528777852
92.12	5.494613105104563
92.13	7.603831435698395
92.14	6.800578479230522
92.15	10.649545546840852
92.16	9.76700200159741
92.17	9.858188904957183
92.18	8.631163053866084
92.19	7.108144086604039
92.2	8.6405961925037
92.21000000000001	6.160714043566993
92.22	7.549570931207997
92.23	8.457310932105635
92.24	11.939480768696585
92.25	14.75007530755189
92.26	14.911225623894559
92.27	20.337111914603103
92.28	16.606678712669957
92.29	15.909786317472912
92.3	15.278181967845281
92.31	16.065603128051308
92.32000000000001	15.14464248699798
92.33	13.986209861258827
92.34	16.643513670389563
92.35000000000001	13.767433957981902
92.36	16.716648015134
92.37	12.842452312522681
92.38	17.61342695406975
92.39	18.408208523421205
92.4	14.386134050606712
92.41	13.083771180933319
92.42	11.567199059600268
92.43	14.265189258125048
92.44	16.284601792717854
92.45	17.27932020722743
92.46000000000001	22.636370504689364
92.47	21.668238259568316
92.48	16.714272314472993
92.49	14.726020838814211
92.5	14.878343319472695
92.51	11.509465216398606
92.52	9.045516620908616
92.53	7.095540396894228
92.54	13.670160459735126
92.55	11.447966071079092
92.56	7.193495929107897
92.57000000000001	12.768330277605346
92.58	12.041060165871807
92.59	15.07558042566804
92.60000000000001	17.01662970139664
92.61	15.82865276619987
92.62	12.370035811987806
92.63	14.938047149993503
92.64	15.125864915095978
92.65	14.915368393994465
92.66	17.083037216898408
92.67	14.070917179735593
92.68	12.134029868121878
92.69	10.52854372670325
92.7	14.112410721726194
92.71000000000001	10.70986820666443
92.72	9.203590189826746
92.73	7.351478876298639
92.74	4.904034554047216
92.75	4.6678359625362456
92.76	6.148755110477077
92.77	7.401921403756284
92.78	6.083317733046395
92.79	4.14333328471741
92.8	3.139093748376017
92.81	5.936091478319513
92.82000000000001	7.306523480236282
92.83	10.432787795517632
92.84	8.515181441874825
92.85000000000001	9.767169331321547
92.86	6.883163857674086
92.87	5.934808367460912
92.88	7.560139521781458
92.89	8.98760255365411
92.9	7.643543601784198
92.91	6.286545595780472
92.92	5.331033272087048
92.93	-0.4608895667449673
92.94	-1.6568041406661098
92.95	2.0761767103673856
92.96000000000001	4.101722161387739
92.97	11.355658367316664
92.98	10.207860817132607
92.99	11.202119964705897
93.0	9.63297068638873
93.01	8.185729090798118
93.02	10.795199011596194
93.03	9.61300452080392
93.04	8.922501756624818
93.05	5.871919719535648
93.06	4.801239600936827
93.07000000000001	5.433011462162637
93.08	7.4055928764359855
93.09	10.575224319756796
93.10000000000001	12.230051636063456
93.11	10.666321842251167
93.12	11.788809860164292
93.13	11.741313500276847
93.14	11.043371602861
93.15	13.185509679223996
93.16	14.269431137997387
93.17	12.983000744956614
93.18	11.691975687661214
93.19	18.20856664801081
93.2	15.012506386860995
93.21000000000001	14.116963385083134
93.22	14.457579838912393
93.23	20.76896987055276
93.24	15.674376841609705
93.25	13.068659914246393
93.26	16.650941615498372
93.27	18.706706301673904
93.28	14.023984249083913
93.29	28.32986990030227
93.3	24.572489121037954
93.31	26.92039061013198
93.32000000000001	24.875900505245397
93.33	23.126039347220033
93.34	23.375133696262985
93.35000000000001	22.669201657896707
93.36	21.117624041061873
93.37	21.532844631712855
93.38	18.90986806695174
93.39	16.105754611782427
93.4	13.617800354167688
93.41	11.52181717514638
93.42	10.613095500162979
93.43	7.831782176687991
93.44	4.692817868085793
93.45	6.972815980652124
93.46000000000001	11.421947945861811
93.47	10.489975597715965
93.48	13.544277152428993
93.49	17.54838968126695
93.5	19.415512499187194
93.51	18.462825215854405
93.52	22.84021324538633
93.53	23.462003211987092
93.54	17.83615092944328
93.55	19.257494345731835
93.56	16.821131659869817
93.57000000000001	18.00643007142469
93.58	20.12349568143866
93.59	20.78352873545162
93.60000000000001	29.994713813578826
93.61	34.67437285199721
93.62	30.565870668508232
93.63	31.9442271100718
93.64	29.34020224618675
93.65	31.05421385129559
93.66	28.45504724274208
93.67	26.307235630618482
93.68	20.30624290897094
93.69	15.250504604205755
93.7	14.221429419835298
93.71000000000001	14.496677377820617
93.72	15.198924408191907
93.73	17.801956739713802
93.74	18.37891818934227
93.75	15.299504972607
93.76	15.534566865042663
93.77	16.419068329800652
93.78	14.055042247976449
93.79	20.347412875373195
93.8	19.02849674624524
93.81	17.420971770703325
93.82000000000001	23.527335297509236
93.83	23.981417061937464
93.84	18.388848951668972
93.85000000000001	19.13731012584861
93.86	16.179879707802606
93.87	13.271555499111948
93.88	12.898982364054865
93.89	20.046960451630778
93.9	18.351494095138914
93.91	15.879721554065197
93.92	21.719798937202654
93.93	29.71178163468849
93.94	28.761055967732368
93.95	25.519784960510783
93.96000000000001	20.289597655237642
93.97	21.37959537778354
93.98	20.246305784571806
93.99	18.824699118397284
94.0	18.56407366361924
94.01	18.080455935391164
94.02	15.536661239708165
94.03	19.348249545593568
94.04	22.934905395018067
94.05	22.203473209669422
94.06	23.227180360602564
94.07000000000001	19.498490326313686
94.08	14.733186561727837
94.09	11.891543028958047
94.10000000000001	10.250082832767742
94.11	11.350084238639823
94.12	15.783498997652556
94.13	12.668788226593414
94.14	10.618469829495366
94.15	10.887054844664359
94.16	9.001709457368385
94.17	8.696414088144607
94.18	14.446582706003738
94.19	12.960521404310178
94.2	20.728638315126148
94.21000000000001	24.677076336184676
94.22	21.460247912611447
94.23	18.837755788301354
94.24	27.617659174936456
94.25	40.149515878552485
94.26	33.60748562666418
94.27	34.79006680863309
94.28	34.30817241195217
94.29	33.761444269837895
94.3	30.87258498458629
94.31	34.774485479257294
94.32000000000001	28.55226725634601
94.33	22.233688034176996
94.34	18.140209234274216
94.35000000000001	13.989275117161794
94.36	12.04824802248958
94.37	10.61738865929684
94.38	12.018017187063744
94.39	25.27061262249464
94.4	21.625092795182493
94.41	22.228135931204395
94.42	22.113773217315693
94.43	22.085168338256654
94.44	18.77316102416573
94.45	15.701340946973854
94.46000000000001	13.853319525106329
94.47	12.846443166110166
94.48	11.112129580545396
94.49	8.748318526451325
94.5	10.211221332487051
94.51	9.40778267486122
94.52	8.78478030422977
94.53	9.024131241848579
94.54	8.615649752209812
94.55	8.809276378433092
94.56	10.44331989372314
94.57000000000001	9.678984035501603
94.58	8.731627288321572
94.59	5.473816986973217
94.60000000000001	5.151218943306298
94.61	7.6481225626098785
94.62	4.698297533632924
94.63	3.4930152945480457
94.64	4.75970891122097
94.65	3.1765262816556414
94.66	4.114378283898611
94.67	7.668839533927544
94.68	8.882816834711516
94.69	8.71588710768202
94.7	12.062730084650202
94.71000000000001	8.68798143152855
94.72	21.67366771018668
94.73	16.950405950061825
94.74	17.77931612519671
94.75	13.741828365757545
94.76	10.338881770482152
94.77	9.062805884668329
94.78	8.233965668925828
94.79	8.059617354391982
94.8	6.7928546241715475
94.81	10.113990908811992
94.82000000000001	9.424817265328308
94.83	11.938226969091241
94.84	10.456346864613957
94.85000000000001	13.109241306191564
94.86	12.202440860605263
94.87	9.729055858785543
94.88	9.626088404293116
94.89	7.94637723833528
94.9	6.463219296293742
94.91	7.772286067790307
94.92	9.618429267875838
94.93	24.24093002301252
94.94	20.725859086869885
94.95	21.311741734106302
94.96000000000001	15.942107316853603
94.97	18.25304429521068
94.98	18.568243353412242
94.99	14.76198873741501
95.0	12.819901484179654
95.01	10.539870262879534
95.02	10.697881842741596
95.03	11.508886838305287
95.04	15.150226264088813
95.05	13.171742285769454
95.06	16.113635651247556
95.07000000000001	14.892216662355345
95.08	16.85774909455698
95.09	17.381908629201416
95.10000000000001	14.91235864469994
95.11	16.982096704384766
95.12	16.312033718663198
95.13	23.024977707850628
95.14	17.925087595893068
95.15	20.59472726545875
95.16	21.28429813987921
95.17	17.479528146185785
95.18	17.830569478430853
95.19	21.95492563980416
95.2	18.78272991703269
95.21000000000001	18.482697134448237
95.22	16.508512938958127
95.23	14.657757897611306
95.24	14.98085821923854
95.25	17.287661491824906
95.26	18.36369890659436
95.27	13.910260822451871
95.28	12.938761677745912
95.29	12.921067295129244
95.3	9.905965994338208
95.31	11.97735148550682
95.32000000000001	12.655946218095588
95.33	11.290303009551387
95.34	11.45508874035059
95.35000000000001	10.578063177708751
95.36	10.627095909664957
95.37	14.654684098860242
95.38	20.03502654653524
95.39	16.714692407379008
95.4	19.247281272744612
95.41	22.86689964459699
95.42	24.160066983781185
95.43	19.442677740283507
95.44	19.14529276959212
95.45	19.132256780052035
95.46000000000001	15.53734856898796
95.47	26.739506085259112
95.48	21.263427411121043
95.49	16.766776847453198
95.5	14.735579871599311
95.51	12.422294327147558
95.52	9.811743221532847
95.53	7.346370555254446
95.54	4.995250219121929
95.55	7.46578835634815
95.56	8.636394539349856
95.57000000000001	8.250519868277385
95.58	5.634551860653567
95.59	11.713956399316745
95.60000000000001	10.489665880976009
95.61	7.305269187579539
95.62	6.297364116629196
95.63	1.5199140782374598
95.64	-1.24753591152462
95.65	0.04385423110068177
95.66	0.10435460028956804
95.67	-0.06564112661143869
95.68	0.8983544072201883
95.69	0.6706584327643358
95.7	-0.968524315746316
95.71000000000001	-3.7134018078483018
95.72	-1.2678540233289992
95.73	-0.9640706435965335
95.74000000000001	0.6158176517494366
95.75	0.8119463012722534
95.76	-0.861368215847538
95.77	1.7783877775933024
95.78	1.8174920535070729
95.79	0.8426251275323922
95.8	-4.558560641552551
95.81	-5.707099361474643
95.82000000000001	-5.5694784998512885
95.83	-10.607104158325702
95.84	-8.706352640745836
95.85000000000001	-10.902831028921609
95.86	-9.751727048653162
95.87	-9.49825494453876
95.88	-9.960804541668619
95.89	-6.785670895639409
95.9	-11.45790107648752
95.91	-12.395643383101222
95.92	-11.03167772656765
95.93	-8.834277111193783
95.94	-6.097898861372422
95.95	-6.920611889675318
95.96000000000001	-6.324395083881689
95.97	-3.5205756672028596
95.98	-1.4023417706317975
95.99000000000001	-1.0979974604395966
96.0	0.36316876403198406
96.01	-1.4627769027883653
96.02	-1.9155225025530136
96.03	-1.4052137476294124
96.04	-0.8814247238851063
96.05	-0.015606434620054555
96.06	1.4783532853807244
96.07000000000001	0.11101960403558782
96.08	0.7229915680056558
96.09	2.375406480626517
96.10000000000001	1.4865699516798274
96.11	5.545299303438344
96.12	5.289827335389281
96.13	8.880765524802415
96.14	7.81078312863364
96.15	6.948787343632369
96.16	7.931812506170376
96.17	7.933098291753712
96.18	10.599764681409402
96.19	15.217381017696395
96.2	15.55478854264995
96.21000000000001	13.9804467265227
96.22	11.245580794265328
96.23	8.32454274275166
96.24000000000001	6.870491550745682
96.25	9.679277669492125
96.26	16.268463329823092
96.27	17.13580353588543
96.28	17.936790315688018
96.29	19.017636123634695
96.3	17.673953268215843
96.31	18.00409808628633
96.32000000000001	19.05373222126072
96.33	14.908782740058747
96.34	11.984723801057786
96.35000000000001	9.36239982361115
96.36	8.941726984102454
96.37	9.022237389121553
96.38	8.680417754485967
96.39	4.548497895139515
96.4	5.4855159489886764
96.41	3.7245400795027237
96.42	6.436311367086762
96.43	5.502531415100685
96.44	6.1616425475893335
96.45	4.729411786797222
96.46000000000001	4.486443147200708
96.47	7.140289486201461
96.48	10.057166714278864
96.49000000000001	10.146800276030358
96.5	7.634762954986269
96.51	6.821946758617155
96.52	6.491091498565921
96.53	7.339468479885015
96.54	10.277973747849595
96.55	11.254486009998747
96.56	14.073710851831478
96.57000000000001	14.556498604344817
96.58	12.421981452847564
96.59	8.988515999820109
96.60000000000001	10.299387780996485
96.61	13.813920756489658
96.62	11.591553955813472
96.63	9.871028800923659
96.64	11.263089455360532
96.65	11.233803587737427
96.66	14.3087431017634
96.67	20.330310766994568
96.68	20.60646333230241
96.69	20.138686648853557
96.7	18.574301521227387
96.71000000000001	15.504793880147112
96.72	12.775578109180195
96.73	14.832388775534671
96.74000000000001	12.438748469884459
96.75	11.621292883059828
96.76	10.224287063406429
96.77	10.305626143075077
96.78	8.132850590880937
96.79	8.20101580197142
96.8	6.061060349622088
96.81	5.8322987767386305
96.82000000000001	7.782530666384419
96.83	6.817644140392451
96.84	5.053792764313282
96.85000000000001	5.763862300283129
96.86	7.917727005985505
96.87	9.409530378571183
96.88	15.668498417104978
96.89	19.580286726968556
96.9	20.06319990049045
96.91	15.685028687642081
96.92	15.218135910912657
96.93	16.219114535064076
96.94	12.52081731865853
96.95	10.77559520660264
96.96000000000001	8.300803646516995
96.97	6.926761153605541
96.98	4.543982466548762
96.99000000000001	1.1826447292337952
97.0	-2.729441571754515
97.01	-10.127971314953395
97.02	-11.221950858130828
97.03	-13.434069070090162
97.04	-14.741128957893833
97.05	-16.639096422015722
97.06	-14.02347388302136
97.07000000000001	-12.943876908156774
97.08	-15.171283245685565
97.09	-14.856454429279879
97.10000000000001	-19.933209943245433
97.11	-25.70773892069657
97.12	-21.07274592128627
97.13	-17.117448441243184
97.14	-12.56454142659579
97.15	-9.33356544750508
97.16	-5.847065004236312
97.17	-3.7109241303069287
97.18	-6.622270204428528
97.19	-5.700750028018966
97.2	-8.425352962435358
97.21000000000001	-8.625710413871026
97.22	-7.772513822776213
97.23	-8.155822345288383
97.24000000000001	-6.783263193904951
97.25	-8.729938750640184
97.26	-9.45699341481331
97.27	-17.623159497235175
97.28	-13.923349253969716
97.29	-10.380239819274971
97.3	-14.853052540262038
97.31	-12.576622626809899
97.32000000000001	-10.128855232645275
97.33	-9.560589308020276
97.34	-24.15058946771836
97.35000000000001	-18.72648632842896
97.36	-20.42518815352519
97.37	-29.820176147954864
97.38	-23.336232645780687
97.39	-22.016075341019913
97.4	-26.071733712664756
97.41	-26.498826124981452
97.42	-21.397569471215856
97.43	-23.171278349982508
97.44	-21.089492688276568
97.45	-21.650588544833283
97.46000000000001	-19.695215676086896
97.47	-18.254504506991612
97.48	-20.434894178979963
97.49000000000001	-20.44579878110996
97.5	-18.537665826329057
97.51	-23.510904101949556
97.52	-21.57040818259802
97.53	-19.040990481346093
97.54	-16.277757495037914
97.55	-22.81266418219232
97.56	-27.271970227663534
97.57000000000001	-22.91330003433838
97.58	-26.99544932890941
97.59	-22.50773062304322
97.60000000000001	-21.332666484653476
97.61	-23.089707741562535
97.62	-25.060572537636368
97.63	-21.448646246940797
97.64	-17.586145921775923
97.65	-16.861925062975487
97.66	-15.978942044906498
97.67	-14.028626682822924
97.68	-17.09452803617827
97.69	-15.547591796529105
97.7	-14.019484555949067
97.71000000000001	-12.8478470844666
97.72	-16.700158252424362
97.73	-15.619804756846218
97.74000000000001	-14.001838054847823
97.75	-14.084939155054341
97.76	-18.985606137713777
97.77	-17.653126039210004
97.78	-13.83063971994194
97.79	-12.924856505852564
97.8	-20.66014280791144
97.81	-17.737627594763627
97.82000000000001	-15.193072155163332
97.83	-11.926072634471808
97.84	-10.92776110749821
97.85000000000001	-14.985395267091379
97.86	-18.314196527443848
97.87	-22.72183462619654
97.88	-26.22357353847258
97.89	-34.56229907011793
97.9	-31.35672944837707
97.91	-26.759452495003167
97.92	-24.192939607697653
97.93	-20.703159141736094
97.94	-19.740250642214683
97.95	-20.092917485359326
97.96000000000001	-15.624838312317342
97.97	-19.856456035831975
97.98	-22.764470816339774
97.99000000000001	-20.408839620102256
98.0	-18.669304715220225
98.01	-21.838471661311992
98.02	-16.652929750355327
98.03	-17.25464487818974
98.04	-16.14667059773438
98.05	-15.333610796712277
98.06	-15.869012698614032
98.07000000000001	-12.883005744722615
98.08	-16.9946558585466
98.09	-15.708167374945727
98.10000000000001	-15.637978197106632
98.11	-10.926833999670542
98.12	-11.137466733001796
98.13	-14.084357632617634
98.14	-16.542840737948374
98.15	-16.176726563984527
98.16	-16.833493625752954
98.17	-13.777044781245555
98.18	-14.70927241927506
98.19	-15.738623123237831
98.2	-15.483024040545464
98.21000000000001	-15.143335533951403
98.22	-19.47592586402043
98.23	-20.688294995970782
98.24000000000001	-20.302513908437213
98.25	-17.204010308662976
98.26	-14.263690920563656
98.27	-10.667087806792514
98.28	-9.986160944621188
98.29	-10.102016747915815
98.3	-10.832253864532225
98.31	-10.037483446950692
98.32000000000001	-8.669282330986505
98.33	-6.692176611644426
98.34	-7.732109533422032
98.35000000000001	-4.007195454123073
98.36	-5.931994163483157
98.37	-4.624792654887174
98.38	-1.1055899773050517
98.39	1.4221994309677657
98.4	1.1388860165043375
98.41	1.4642252277372207
98.42	-2.6837925225729977
98.43	-3.3378328804273956
98.44	-10.345208652923656
98.45	-13.13154504061188
98.46000000000001	-16.55582907234723
98.47	-19.033077410043923
98.48	-17.14408061636829
98.49000000000001	-17.3564163578805
98.5	-29.27240714253743
98.51	-27.098085691599493
98.52	-27.746768113762425
98.53	-25.254132948240766
98.54	-22.16697843265541
98.55	-19.59900291417503
98.56	-17.315563637570758
98.57000000000001	-15.577710333340509
98.58	-11.966632956789764
98.59	-16.58751558674492
98.60000000000001	-13.695705647600548
98.61	-12.594577045406416
98.62	-17.45711738246147
98.63	-14.81936182851017
98.64	-12.580985907436407
98.65	-11.530024126556869
98.66	-11.395912377957867
98.67	-8.565682577561784
98.68	-6.894233410228545
98.69	-11.718954076178086
98.7	-12.958880232671177
98.71000000000001	-11.643793568512114
98.72	-8.82747484582615
98.73	-13.741632820511104
98.74000000000001	-22.195234046465455
98.75	-23.49487952720899
98.76	-22.407361220461823
98.77	-21.652470591985406
98.78	-17.676280236593318
98.79	-16.108983331821307
98.8	-15.396331577451669
98.81	-13.96099308086868
98.82000000000001	-15.42496188750744
98.83	-21.262257155509563
98.84	-21.481280828915544
98.85000000000001	-20.45766871651797
98.86	-23.206418213756166
98.87	-22.508629614251582
98.88	-23.81396016700524
98.89	-18.832410106332517
98.9	-15.158109270775856
98.91	-19.258161864228114
98.92	-17.81349798008344
98.93	-20.647466966645087
98.94	-23.203251969621654
98.95	-18.961843430615716
98.96000000000001	-15.96546236195147
98.97	-15.949892319603588
98.98	-18.854896397775036
98.99000000000001	-15.787215314037196
99.0	-14.813628071517988
99.01	-16.819404122266565
99.02	-14.863165374419724
99.03	-12.405306366288213
99.04	-12.436027968507565
99.05	-12.373920989759638
99.06	-10.11001180334098
99.07000000000001	-8.325540740281728
99.08	-7.116478977196601
99.09	-6.8867273734835805
99.10000000000001	-3.8984420940999978
99.11	-0.033672321525926724
99.12	3.700970164026823
99.13	7.441418904475213
99.14	9.889262789936883
99.15	7.661817725090201
99.16	5.786840651042287
99.17	6.199424378653709
99.18	7.534606656831748
99.19	7.115522741218248
99.2	5.698236484802269
99.21000000000001	5.283783450138814
99.22	3.003937348749765
99.23	2.7312661885623006
99.24000000000001	1.5127269883965593
99.25	5.790382306685882
99.26	3.407988555094932
99.27	1.2237946449282713
99.28	0.3175605672258779
99.29	-3.352549091917892
99.3	1.2763352352815378
99.31	4.476921833958337
99.32000000000001	4.058992016550864
99.33	3.081418391573597
99.34	6.282321837774124
99.35000000000001	10.457857217399573
99.36	8.353518403039546
99.37	8.184437601495764
99.38	7.945752725182627
99.39	7.637947416492487
99.4	4.755020442161805
99.41	3.208294002309738
99.42	2.754709163290436
99.43	12.23196623990496
99.44	12.33048234666915
99.45	11.447358399083987
99.46000000000001	12.29829411680745
99.47	10.230860424926592
99.48	12.172473451498544
99.49000000000001	13.183092286858844
99.5	12.57389997209104
99.51	22.589137248805457
99.52	25.628917928612186
99.53	22.927709929885317
99.54	22.587237311607886
99.55	20.315141761956195
99.56	17.42157316087186
99.57000000000001	17.578829635989717
99.58	16.168562345212468
99.59	16.968553038067363
99.60000000000001	18.546768989010218
99.61	20.556005627102287
99.62	19.631219650287484
99.63	21.671224366558633
99.64	28.152790531255718
99.65	31.907225448506107
99.66	24.861614241643416
99.67	18.854977504498887
99.68	15.062709422847545
99.69	13.443903807207592
99.7	17.157043626494836
99.71000000000001	15.630729534184221
99.72	25.225031905922933
99.73	34.29215594712884
99.74000000000001	30.978907863281997
99.75	28.241420153408587
99.76	22.283840684446353
99.77	22.5121405017734
99.78	18.480336307415108
99.79	17.48591779944381
99.8	17.81601462422926
99.81	20.832241831335825
99.82000000000001	21.996129314938468
99.83	21.590297680148414
99.84	16.923038008703834
99.85000000000001	14.608227139379787
99.86	16.178891558328782
99.87	18.064851864811136
99.88	20.80325568102624
99.89	22.289270267757008
99.9	16.581216125943634
99.91	22.228452980604093
99.92	22.424262225042295
99.93	23.684632499626105
99.94	22.438124012907643
99.95	20.650489213291582
99.96000000000001	32.94611240578442
99.97	38.48937258362524
99.98	32.930548253711535
99.99000000000001	29.56202957925576
100.0	29.677662982954057
100.01	31.841494371221955
100.02	25.559231100455303
100.03	24.69941950472513
100.04	27.774158062648677
100.05	24.877574976856284
100.06	25.679100287002026
100.07000000000001	25.225537299553583
100.08	20.268584672447638
100.09	16.604516671995565
100.10000000000001	14.512223473716709
100.11	11.444528984614339
100.12	8.481785394305058
100.13	5.210603800062698
100.14	5.939353354270697
100.15	7.72516665937558
100.16	13.062041143018874
100.17	25.250022218761558
100.18	20.12665429769735
100.19	16.40014142036385
100.2	14.190552429819437
100.21000000000001	12.646090120173378
100.22	12.498238107428103
100.23	22.53706838399023
100.24000000000001	26.383347633426386
100.25	28.392401371687598
100.26	30.252534930027796
100.27	35.28358585571001
100.28	27.79999385964034
100.29	22.086157144717205
100.3	23.48540828488388
100.31	20.968688935866357
100.32000000000001	18.79358668543021
100.33	17.990415024110792
100.34	14.384824917399767
100.35000000000001	18.089015255718415
100.36	16.33589619795453
100.37	11.993638616480485
100.38	17.13443047538477
100.39	16.16777322213951
100.4	19.293547907814126
100.41	15.040065088588008
100.42	10.834595388995941
100.43	8.359894671957102
100.44	6.369899860800027
100.45	9.48866154246728
100.46000000000001	8.406281866091236
100.47	5.705219302429106
100.48	6.9166468043426494
100.49000000000001	13.25679951445762
100.5	12.730863617887788
100.51	12.681498033282498
100.52	11.297286881173743
100.53	8.063742088889816
100.54	4.879176083061905
100.55	1.7171151082695375
100.56	6.120271345960325
100.57000000000001	6.444920102804092
100.58	8.331890288703796
100.59	6.210298237331497
100.60000000000001	6.448215332726159
100.61	5.609971935309816
100.62	3.6470250796070296
100.63	5.400256471691517
100.64	9.079893586062175
100.65	13.742327095779217
100.66	10.635063834942779
100.67	8.737100453164082
100.68	8.645254633882825
100.69	9.93877939887084
100.7	7.733314083941525
100.71000000000001	7.357608070749727
100.72	7.034497810380545
100.73	14.534924262779962
100.74000000000001	23.514176118938085
100.75	19.22981940550826
100.76	21.36347051633811
100.77	20.770161648317224
100.78	17.865551325059986
100.79	18.685366516772525
100.8	16.306898290119744
100.81	13.44011246362919
100.82000000000001	17.342467928094646
100.83	15.693170277496023
100.84	15.799982261792259
100.85000000000001	26.98882089107652
100.86	21.436175023690286
100.87	17.02228049497029
100.88	14.58121999608059
100.89	11.659197568120002
100.9	9.273595092645056
100.91	9.615239505841547
100.92	12.22177841248941
100.93	13.231331515053457
100.94	11.303803898917351
100.95	12.953107663916983
100.96000000000001	11.155204948200353
100.97	22.094765664997528
100.98	22.919544740905277
100.99000000000001	23.166277896056883
101.0	33.19063778028873
101.01	26.62334036965758
101.02	24.377969980012253
101.03	24.84100390159329
101.04	28.918251984760552
101.05	23.608265948240092
101.06	21.130059520969024
101.07000000000001	16.593385957406124
101.08	17.501128714769944
101.09	19.37881530033378
101.10000000000001	18.346174232403172
101.11	19.026272073462476
101.12	19.610050070195197
101.13	18.58079914297182
101.14	14.396690038795953
101.15	13.862460617074413
101.16	13.080872411472587
101.17	12.263272129588369
101.18	11.189871618320803
101.19	19.717914689972027
101.2	15.939205467462978
101.21000000000001	22.5522248476227
101.22	19.289537521651177
101.23	19.053973805034197
101.24000000000001	20.589737185235638
101.25	16.625261789447894
101.26	16.147395158715952
101.27	13.462191461070072
101.28	10.41800203007295
101.29	8.682158936615043
101.3	7.336090991543988
101.31	6.030529197337179
101.32000000000001	5.6902276792148845
101.33	5.820941629661123
101.34	3.265646124601369
101.35000000000001	3.959679655329706
101.36	5.08506256672076
101.37	4.07169107003959
101.38	3.256752166912644
101.39	2.4852210293745403
101.4	0.011565674011963217
101.41	-0.48572111417862684
101.42	2.8844839458655986
101.43	5.694558038692873
101.44	4.556544445229543
101.45	3.418530851764594
101.46000000000001	5.922867754371033
101.47	6.758737771608764
101.48	8.62092285218163
101.49000000000001	17.948490738104862
101.5	20.679450379995178
101.51	18.671718880911342
101.52	19.417269716650033
101.53	17.623745293843275
101.54	16.345372295740784
101.55	14.764773623587566
101.56	15.919563122665611
101.57000000000001	15.635782172449462
101.58	12.693411303143732
101.59	14.376609136848595
101.60000000000001	15.459823311568863
101.61	18.35130922457124
101.62	16.44346874500295
101.63	19.51529949221574
101.64	15.004168705728006
101.65	14.542041914605791
101.66	20.12708623287487
101.67	23.457392374241955
101.68	20.17288282826382
101.69	20.335427470134672
101.7	16.457721884745624
101.71000000000001	19.351643484678995
101.72	15.404044389773931
101.73	13.543820753359412
101.74000000000001	14.635967923756791
101.75	11.472516273262313
101.76	8.527157223716374
101.77	6.618723022105495
101.78	4.756026676625276
101.79	5.370882954146712
101.8	2.1877658561421036
101.81	2.919941283928797
101.82000000000001	8.309944735444414
101.83	9.171738463856379
101.84	5.153038155581013
101.85000000000001	5.860147006506599
101.86	6.020713202841379
101.87	7.121657883886131
101.88	8.071455836000547
101.89	16.000958448121334
101.9	15.622125236347413
101.91	13.699578340376103
101.92	12.717067911503246
101.93	10.786279285032036
101.94	8.04419060411583
101.95	6.959957912533789
101.96000000000001	4.900719931723695
101.97	3.390377430737749
101.98	5.864979057196882
101.99000000000001	3.9012189559110086
102.0	7.255535711137259
102.01	7.096860321076836
102.02	3.820671064177355
102.03	2.9817254663647046
102.04	-1.9631382114228724
102.05	-10.657862446892059
102.06	-8.896029413888915
102.07000000000001	-10.970420466543326
102.08	-13.511280437274737
102.09	-16.11617861268952
102.10000000000001	-25.134214375528114
102.11	-26.67082858769172
102.12	-23.730285190866308
102.13	-23.526233630235787
102.14	-20.737549901482026
102.15	-19.7447830357667
102.16	-16.367530725146565
102.17	-14.378299350729995
102.18	-15.081860223388489
102.19	-17.71020349228854
102.2	-16.924774107132276
102.21000000000001	-12.088046149065661
102.22	-11.113035494301837
102.23	-8.64121995356853
102.24000000000001	-8.338906422977603
102.25	-6.5271794015791285
102.26	-6.18867034904471
102.27	-6.201878937519547
102.28	-6.116629917343534
102.29	-5.909443837211741
102.3	-7.78546207118381
102.31	-7.081852259734982
102.32000000000001	-5.136518049830524
102.33	-2.5638288952598534
102.34	-1.2639814338597601
102.35000000000001	-0.21601850356809127
102.36	0.355465185406372
102.37	0.18373959088609826
102.38	0.5862770350350717
102.39	-1.9318403331844642
102.4	-4.207919135749945
102.41	-5.703617025703384
102.42	-3.7171971019858456
102.43	-2.4194790809939484
102.44	-3.975467598935886
102.45	-6.8784968838471405
102.46000000000001	-8.517424302942713
102.47	-6.614005293544583
102.48	-10.044089259275893
102.49000000000001	-11.459851467830605
102.5	-14.316934491144586
102.51	-20.145004340220684
102.52	-20.78378906960998
102.53	-17.16441343583364
102.54	-13.708988435717593
102.55	-11.216063347948783
102.56	-12.516471950130745
102.57000000000001	-11.075074268203284
102.58	-10.62725960072218
102.59	-16.625623186161246
102.60000000000001	-20.577644064083934
102.61	-27.773289652901482
102.62	-22.21312286752306
102.63	-17.46498103523686
102.64	-15.884901458692383
102.65	-14.932457248186589
102.66	-15.728686077166158
102.67	-14.761279613930409
102.68	-17.643511397214652
102.69	-13.894898466292906
102.7	-11.982632578853773
102.71000000000001	-11.901058199755274
102.72	-16.295009659760392
102.73	-21.262935531885205
102.74000000000001	-18.66867107654431
102.75	-17.795116723713583
102.76	-23.51102719581414
102.77	-25.700163710146484
102.78	-22.685147283030336
102.79	-18.18158688949757
102.8	-16.195760965935154
102.81	-13.77854439928447
102.82000000000001	-18.247481772194174
102.83	-19.492280426138127
102.84	-18.427498850171567
102.85000000000001	-14.484087828496008
102.86	-15.59996504704019
102.87	-16.68363898001163
102.88	-15.228788184703786
102.89	-12.613354356297311
102.9	-12.7585049480107
102.91	-8.552674941265007
102.92	-10.585213698042516
102.93	-9.18905090967422
102.94	-7.813490520353187
102.95	-12.526306377515374
102.96000000000001	-14.01664344900037
102.97	-14.159803979429146
102.98	-10.727578939881765
102.99000000000001	-10.880324906281503
103.0	-10.69900724331766
103.01	-9.64339685294429
103.02	-11.342910534504947
103.03	-14.048417311106506
103.04	-11.022422142208248
103.05	-9.868281537452951
103.06	-7.072243239688212
103.07000000000001	-7.8822069389793175
103.08	-10.773238889117712
103.09	-8.63357480541739
103.10000000000001	-7.722624862811731
103.11	-9.234304136569804
103.12	-8.084207011046518
103.13	-5.3837087681816
103.14	-7.947877620496035
103.15	-13.408438288971361
103.16	-11.181513869100453
103.17	-12.004278902527613
103.18	-8.528122662237191
103.19	-8.030503884510557
103.2	-7.433052407790428
103.21000000000001	-10.291832556511322
103.22	-11.355771387137304
103.23	-12.570035686691211
103.24000000000001	-11.790534604980474
103.25	-10.557419459611612
103.26	-9.288989872400071
103.27	-6.598023415864948
103.28	-7.457419589830282
103.29	-6.283576660836801
103.3	-4.386722639514343
103.31	-1.5202522355570829
103.32000000000001	1.3132997400835589
103.33	2.6009028773736773
103.34	3.7539723819508004
103.35000000000001	8.537279810936786
103.36	17.259431574238434
103.37	21.13566471476716
103.38	18.41357655883965
103.39	17.031838549753452
103.4	14.829180610355671
103.41	11.497297143128577
103.42	10.881271167990864
103.43	10.57820233655696
103.44	9.060978402990138
103.45	11.003082906438399
103.46000000000001	10.682054172571391
103.47	9.35397845616504
103.48	9.940033028361558
103.49000000000001	11.352661995162498
103.5	17.574624890744747
103.51	16.538676088601264
103.52	22.530425014398777
103.53	21.357480157673056
103.54	20.636278252964843
103.55	21.44487083409768
103.56	19.630150470577753
103.57000000000001	19.597677448411144
103.58	15.802013499582564
103.59	12.054678178407915
103.60000000000001	10.605883741207448
103.61	9.626799218166127
103.62	13.916874659747254
103.63	13.242052816794454
103.64	14.383979817888255
103.65	13.206573398755916
103.66	12.480718403275997
103.67	14.737454309158684
103.68	14.428735104351423
103.69	13.414487955105994
103.7	10.947499459076083
103.71000000000001	10.333297584101418
103.72	11.417320345167669
103.73	21.739180756061124
103.74000000000001	19.41140210411573
103.75	19.672997127877867
103.76	15.674688958884214
103.77	15.118896415745526
103.78	14.717922468471544
103.79	18.017988473550727
103.8	22.03626969099297
103.81	20.984952229126268
103.82000000000001	22.6981021222128
103.83	27.158490791514993
103.84	26.144538323086472
103.85000000000001	26.297583183286186
103.86	20.788655826115576
103.87	16.12578308616015
103.88	15.221249489804892
103.89	12.869276201485219
103.9	12.37255209390443
103.91	16.06358096327471
103.92	15.898694110824463
103.93	16.234535084701466
103.94	16.690599507738927
103.95	12.852979726315823
103.96000000000001	11.814087977886752
103.97	15.639470827745756
103.98	14.567240913545968
103.99000000000001	14.201189699929971
104.0	15.085618521007337
104.01	11.345728613452739
104.02	8.95104322102468
104.03	6.090005638506948
104.04	12.432987990535104
104.05	17.545562146195774
104.06	16.800936904267083
104.07000000000001	13.451193373173359
104.08	19.9463348689953
104.09	15.476891437298022
104.10000000000001	17.164738248511256
104.11	12.94545689823247
104.12	11.141071761929366
104.13	17.04106003709733
104.14	16.743829651746406
104.15	18.688200227686114
104.16	21.949068246652168
104.17	25.396610365887085
104.18	23.316725900126407
104.19	19.76516403519026
104.2	16.904738458409298
104.21000000000001	14.873877819742084
104.22	13.533708194023612
104.23	14.10655860570277
104.24000000000001	11.557890567129538
104.25	16.3585893343424
104.26	17.909972310465356
104.27	18.144494310801257
104.28	20.418064823310953
104.29	16.061723563075272
104.3	15.853549578141726
104.31	15.631580059760106
104.32000000000001	16.193114756072145
104.33	20.248453681319518
104.34	24.624590765472032
104.35000000000001	29.360449681840656
104.36	24.726848058506643
104.37	22.966374080113784
104.38	19.61725821843167
104.39	19.973784873906567
104.4	25.4359381008481
104.41	27.54713172918663
104.42	27.916970795412205
104.43	24.50034641874735
104.44	18.972806867218445
104.45	19.14234548811338
104.46000000000001	19.180379010165613
104.47	20.503475853749613
104.48	21.466353327946923
104.49000000000001	19.175872834625874
104.5	13.97004566747656
104.51	17.292526385788666
104.52	17.220524871981628
104.53	17.947831906846332
104.54	14.67330612475192
104.55	13.896516232480112
104.56	14.394066818612046
104.57000000000001	15.483163659268952
104.58	23.47554060114282
104.59	27.48324765064634
104.60000000000001	25.281404372722612
104.61	29.647991575905927
104.62	24.983393991107786
104.63	25.0354367590027
104.64	19.54441441404287
104.65	15.667551622277385
104.66	15.31493386795868
104.67	15.556322472864622
104.68	12.51820104050505
104.69	13.380665888261511
104.7	14.368430487015885
104.71000000000001	21.799237518994552
104.72	17.04683657156549
104.73	13.980703524939324
104.74000000000001	21.458533316407006
104.75	19.522338000350203
104.76	18.352158521979003
104.77	13.921507845666879
104.78	18.87422199249902
104.79	14.755697048677884
104.8	13.999738074781424
104.81	16.668404093474944
104.82000000000001	12.367995783634626
104.83	11.338185906073656
104.84	9.592849991674449
104.85000000000001	6.491410902456604
104.86	2.5684319745775293
104.87	5.788314256180865
104.88	4.553971946350842
104.89	5.753678255543957
104.9	7.812728995635034
104.91	12.273191014437412
104.92	9.705882088957582
104.93	8.572840035220295
104.94	9.72468303301837
104.95	10.985665325454697
104.96000000000001	8.623016831524007
104.97	11.506091446443802
104.98	12.403622013706974
104.99000000000001	13.933885755506708
105.0	13.269570448175287
105.01	10.203796196069103
105.02	6.77164838627052
105.03	8.818235289821885
105.04	10.403631143675018
105.05	13.136288353869896
105.06	13.046302160908029
105.07000000000001	11.007767172194404
105.08	9.03881744935287
105.09	4.096024255682023
105.10000000000001	2.5609762387634674
105.11	-1.459833511124561
105.12	-3.1826987319695093
105.13	-4.793635742999764
105.14	-4.127757159719078
105.15	-0.23464626562959692
105.16	1.3138829598480144
105.17	2.4536232239141706
105.18	-0.8483793344685887
105.19	0.06574343276217329
105.2	4.937542396136081
105.21000000000001	9.641125424618282
105.22	13.348921151736386
105.23	11.60782391824289
105.24000000000001	14.737282743675268
105.25	12.359879653623787
105.26	13.08344353549944
105.27	11.271737169166961
105.28	11.510547288454354
105.29	18.3688155131718
105.3	15.719402506187347
105.31	25.19112988790327
105.32000000000001	27.554037800583586
105.33	24.41944025112149
105.34	21.746824129599947
105.35000000000001	20.649122267614764
105.36	29.719153653438536
105.37	27.417632902105666
105.38	28.396945839216873
105.39	27.38383026754262
105.4	28.373151259386177
105.41	24.892216885174687
105.42	30.62701150019415
105.43	26.14841075834691
105.44	24.642349689001584
105.45	24.05162582642293
105.46000000000001	23.369669102155154
105.47	18.004660853179846
105.48	15.964327793928158
105.49000000000001	15.560950922263302
105.5	11.537487087817697
105.51	11.255442559685607
105.52	8.820031354888181
105.53	6.7810014549181945
105.54	6.550866350332908
105.55	4.576348059987775
105.56	4.613532484109596
105.57000000000001	5.875426514536304
105.58	6.458471479783857
105.59	8.900933998995344
105.60000000000001	9.230566530659283
105.61	13.883095832970348
105.62	12.58943054597797
105.63	11.909454367842743
105.64	18.943601680773657
105.65	18.541512792561544
105.66	14.818441855123838
105.67	15.405734901513528
105.68	12.267050097401555
105.69	13.40053993860598
105.7	12.86903237532968
105.71000000000001	12.832930863585643
105.72	15.015156526088361
105.73	12.43354837936966
105.74000000000001	10.045259990696302
105.75	9.283720460016372
105.76	16.070604292470644
105.77	15.53477262346998
105.78	22.357323058160176
105.79	23.36141764408118
105.8	26.040709426355985
105.81	21.91391379616596
105.82000000000001	19.98743863611202
105.83	28.562236487147445
105.84	29.220202293228006
105.85000000000001	33.91966342380785
105.86	31.73572381712323
105.87	38.63814833331622
105.88	35.32452712432033
105.89	35.767111900681726
105.9	31.20736365367411
105.91	31.715259982818615
105.92	28.808099870373525
105.93	26.842288184615974
105.94	20.606190052192634
105.95	18.08567611186058
105.96000000000001	19.080973672586175
105.97	20.572508137886373
105.98	17.934726866593817
105.99000000000001	15.342063635682006
106.0	22.83809564939472
106.01	22.659173950642533
106.02	25.736847406067703
106.03	28.62780852609942
106.04	28.016404457134296
106.05	22.407208433201625
106.06	18.027926355076385
106.07000000000001	16.554677286233453
106.08	15.809891317335799
106.09	12.833958825779888
106.10000000000001	18.609568988487595
106.11	15.85133932059754
106.12	13.080230285261148
106.13	12.5867702531629
106.14	12.758491109262238
106.15	11.899753350606833
106.16	9.490885957103906
106.17	9.959819946272622
106.18	11.800646539163798
106.19	23.828642451505477
106.2	18.82028310849074
106.21000000000001	14.963605894216196
106.22	12.17866497844263
106.23	10.249609388993253
106.24000000000001	8.942392151173994
106.25	9.195811221937456
106.26	11.29750633810668
106.27	9.419629722117044
106.28	7.956182014484569
106.29	8.94502781388954
106.3	7.446006823218743
106.31	6.73278426658706
106.32000000000001	6.012590159006272
106.33	3.775482791069515
106.34	4.702867700651589
106.35000000000001	4.20857338332024
106.36	5.170881832944558
106.37	8.563811711033646
106.38	7.098541426816089
106.39	7.550587654815315
106.4	6.913286674923106
106.41	4.037362693903945
106.42	1.0725467738407932
106.43	-2.066894118306476
106.44	1.2788968671604772
106.45	4.788875507705054
106.46000000000001	5.2618087992111855
106.47	3.4175901696965827
106.48	4.425665056219813
106.49000000000001	7.641641060350152
106.5	10.62481324584242
106.51	12.578788428499752
106.52	12.18451850444099
106.53	16.89900730511104
106.54	17.50342567326658
106.55	15.263037869683611
106.56	14.856959863514573
106.57000000000001	17.970843096965464
106.58	23.924590009244838
106.59	29.62436255301601
106.60000000000001	27.706803941381043
106.61	27.230192940564475
106.62	30.926422008637978
106.63	26.744092140626567
106.64	23.71435748089269
106.65	23.05233310081216
106.66	22.54156862733177
106.67	25.34549858702941
106.68	24.73683358066914
106.69	24.775365217217644
106.7	30.205996097765766
106.71000000000001	33.339662554185
106.72	34.69820586346913
106.73	31.006622141375153
106.74000000000001	37.69743634635915
106.75	36.42797784752869
106.76	31.64097896660687
106.77	23.814760744823015
106.78	23.882429700588713
106.79	19.549239257508304
106.8	18.20928132278775
106.81	19.17332894531729
106.82000000000001	16.478440619559873
106.83	14.468664048355478
106.84	12.555488701274268
106.85000000000001	12.763239727787589
106.86	16.022510886002735
106.87	19.4898665941301
106.88	19.740678704554938
106.89	16.49628046460529
106.9	17.891049229770264
106.91	15.552886362368989
106.92	13.336034411670008
106.93	13.353373506234941
106.94	11.936152326592056
106.95	10.790739461804952
106.96000000000001	10.759569453473695
106.97	11.52576964849245
106.98	10.929004313928411
106.99000000000001	10.245750918965934
107.0	8.123136989335704
107.01	6.030126346903876
107.02	3.4875841213608716
107.03	3.06272046914074
107.04	5.173363356213729
107.05	6.565595920187758
107.06	8.432511004476256
107.07000000000001	13.828050810091973
107.08	11.366104223623703
107.09	8.487691053874478
107.10000000000001	6.45431457256892
107.11	4.465208921640393
107.12	3.6583791960891423
107.13	7.7376007037674706
107.14	7.445128455282004
107.15	5.1189660512981545
107.16	8.78539411140995
107.17	9.998058509628596
107.18	21.330704326671754
107.19	19.085648782155182
107.2	18.64472420798583
107.21000000000001	18.318046863296747
107.22	19.922800819473068
107.23	20.54334096932653
107.24000000000001	17.371602953616208
107.25	17.18198418414314
107.26	14.122721797623258
107.27	17.99971200189059
107.28	20.1211844630141
107.29	21.644394837448385
107.3	24.299189924836575
107.31	26.874867852823126
107.32000000000001	26.21005020956072
107.33	20.540284254616047
107.34	18.135605051707888
107.35000000000001	18.49211981237191
107.36	20.46656712979802
107.37	21.36861327397917
107.38	17.003932675367036
107.39	15.602509136044041
107.4	21.798345529840486
107.41	20.71612241382437
107.42	29.301947932263317
107.43	26.946779276515347
107.44	22.30171988724028
107.45	26.61323138858903
107.46000000000001	21.82982443091616
107.47	19.909338331889423
107.48	16.582911194513663
107.49000000000001	17.56629353210632
107.5	15.623783245450149
107.51	15.147498469807172
107.52	12.734636038813655
107.53	10.58069799929879
107.54	13.626829491091911
107.55	11.462887720755255
107.56	10.860845492344955
107.57000000000001	12.055354165678684
107.58	11.71602124093919
107.59	9.013999379272542
107.60000000000001	7.693032339439709
107.61	5.143293438726589
107.62	7.732464389303433
107.63	9.46076707630488
107.64	12.26226866031082
107.65	21.802187140869865
107.66	18.948026978030086
107.67	17.83920792180968
107.68	17.438018712241554
107.69	17.934717777389142
107.7	16.233741452060404
107.71000000000001	20.577738466797513
107.72	17.581682660348218
107.73	15.9153202999285
107.74000000000001	12.312137272585378
107.75	9.53008291209616
107.76	7.9997609700788175
107.77	8.290411834224253
107.78	11.933568466414
107.79	15.40210428864251
107.8	18.345765515676558
107.81	20.716708693652528
107.82000000000001	16.594557661332345
107.83	13.748034008380792
107.84	18.30783176337427
107.85000000000001	20.835779083214902
107.86	24.535103308982638
107.87	24.71613111801537
107.88	28.17281117593784
107.89	26.616391578196144
107.9	23.736564067698243
107.91	27.493390447890654
107.92	24.801967611302647
107.93	21.939516345354647
107.94	22.371231957916446
107.95	17.517935376084342
107.96000000000001	16.505531953163207
107.97	24.88417784741892
107.98	22.810674780612004
107.99000000000001	18.17346715173795
108.0	16.244832032530805
108.01	18.48644447240126
108.02	22.001980579780355
108.03	23.340614009885357
108.04	19.392931626668116
108.05	23.71638963858064
108.06	22.563797107790123
108.07000000000001	22.726813275538046
108.08	21.385196415337337
108.09	19.813993085733173
108.10000000000001	16.429771484724224
108.11	15.608444750273716
108.12	14.288753939397587
108.13	12.115123332140513
108.14	11.82622290981253
108.15	17.09090933260734
108.16	13.182313804297298
108.17	15.33280412312494
108.18	12.648698569999775
108.19	12.425345351965918
108.2	10.428246013987806
108.21000000000001	13.076120894888614
108.22	12.847650301303155
108.23	13.105444744345089
108.24000000000001	14.08836272176183
108.25	15.948090288837927
108.26	17.94878604922618
108.27	14.712467968650245
108.28	11.707206185308381
108.29	13.665679999756197
108.3	20.450012218413143
108.31	18.768683037111835
108.32000000000001	18.38228902877821
108.33	15.882632890412903
108.34	21.74055744771121
108.35000000000001	20.575025042295035
108.36	16.292967680002267
108.37	20.906601749877357
108.38	17.60973778454134
108.39	14.489795069136811
108.4	13.965710568398402
108.41	22.828494155802396
108.42	23.34443267200823
108.43	23.68768235808776
108.44	22.987241312048557
108.45	18.752918743207932
108.46000000000001	20.37092139113198
108.47	19.660610743336807
108.48	20.30720295530111
108.49000000000001	27.690606772349557
108.5	21.493227484673092
108.51	20.926712503623715
108.52	16.901553080795306
108.53	27.946682569294612
108.54	26.968586927410872
108.55	24.44261742779338
108.56	24.405706053043296
108.57000000000001	26.862436539890506
108.58	21.695075933301045
108.59	17.007684966916358
108.60000000000001	14.130733325461891
108.61	23.38120496819709
108.62	18.569672596752394
108.63	15.4834263830872
108.64	15.754849921038623
108.65	17.925232041907808
108.66	19.261467280049363
108.67	21.053114179472004
108.68	19.579642288033845
108.69	27.4922125301262
108.7	29.439056349939563
108.71000000000001	28.686607995165264
108.72	22.13121005796141
108.73	25.103521977436458
108.74000000000001	21.67393862248878
108.75	17.82658918199165
108.76	15.675703107888854
108.77	14.700075249717793
108.78	11.215613077542871
108.79	7.217598234896281
108.8	5.2096491678103005
108.81	8.156655561332052
108.82000000000001	6.8174850089227785
108.83	10.382994361921098
108.84	9.545291039149856
108.85000000000001	6.731051909098263
108.86	6.789522934538578
108.87	7.804106338935085
108.88	6.2184425825193195
108.89	4.598744725673068
108.9	5.104179819541978
108.91	6.905215159638891
108.92	11.73080947601457
108.93	11.648507733022763
108.94	12.397019886136267
108.95	12.562459355151535
108.96000000000001	8.788473823130385
108.97	9.707044199434062
108.98	11.48181156834302
108.99000000000001	9.149170727941327
109.0	8.828096123903249
109.01	11.535733140074633
109.02	9.212762309457696
109.03	7.6409071682425145
109.04	8.350189958464945
109.05	8.554851265019908
109.06	11.763812441652178
109.07000000000001	10.306112474609222
109.08	12.493072725419312
109.09	11.783769995181366
109.10000000000001	19.43509746444658
109.11	15.14747185455265
109.12	13.285515933398896
109.13	11.201739412756064
109.14	9.8592465091075
109.15	8.012006638035698
109.16	6.088646357324521
109.17	5.021158139980007
109.18	4.576775099188666
109.19	2.921616357566278
109.2	4.121298436138116
109.21000000000001	4.291687725639011
109.22	8.069463126473641
109.23	13.496169937967197
109.24000000000001	13.261772434812439
109.25	9.927579888403203
109.26	13.004094577949981
109.27	15.416084491538806
109.28	16.705170543966982
109.29	13.468724108281592
109.3	10.74345929595051
109.31	9.496020997073622
109.32000000000001	8.776163811238225
109.33	6.063712038314836
109.34	3.6082338818604303
109.35000000000001	3.36835965098858
109.36	3.59945653104311
109.37	6.648129905269463
109.38	6.174233316089557
109.39	7.25301190684852
109.4	10.360641200191298
109.41	9.147140450859714
109.42	9.906657265306968
109.43	9.397560733642983
109.44	7.990506118941111
109.45	6.570081458066835
109.46000000000001	9.754777282828522
109.47	9.200379706401222
109.48	8.879964602038743
109.49000000000001	8.6833372266193
109.5	11.372473787383932
109.51	12.306213925849933
109.52	16.495332879895194
109.53	15.111454893470421
109.54	16.0155447480193
109.55	15.398243063225879
109.56	12.748423213927778
109.57000000000001	10.931908245528248
109.58	9.867510345261655
109.59	7.537144374108943
109.60000000000001	6.085147161424135
109.61	7.121986713749938
109.62	7.676343456868619
109.63	15.782317001727499
109.64	14.262051065807942
109.65	14.586279590527564
109.66	11.582842713851985
109.67	12.198956258736342
109.68	12.616381722639522
109.69	11.15627652691254
109.7	11.81314671319007
109.71000000000001	19.32093005499938
109.72	18.22633634631523
109.73	16.059754815336838
109.74000000000001	13.225812124491782
109.75	14.015181845343784
109.76	14.643777627906731
109.77	22.245754669774982
109.78	19.51104422024041
109.79	17.436421005970068
109.8	16.330336437854623
109.81	12.45396550296319
109.82000000000001	13.398662659883625
109.83	12.266283012316602
109.84	13.078724512219194
109.85000000000001	16.4305120049129
109.86	14.327016169378984
109.87	12.789486885560974
109.88	12.21955034268732
109.89	13.115820176046045
109.9	11.413934591610301
109.91	11.534602975467575
109.92	14.232998775439349
109.93	13.139408940588162
109.94	10.281291973181972
109.95	10.157693601091523
109.96000000000001	14.330244372419955
109.97	14.083327206179897
109.98	10.850953707883427
109.99000000000001	10.82297224645883
110.0	8.423965399931905
110.01	6.462578662748789
110.02	4.426763104690156
110.03	3.2156622047711156
110.04	2.6457353442633016
110.05	0.8187765508660467
110.06	1.344347704636763
110.07000000000001	5.823281184579252
110.08	7.987029374442144
110.09	8.01156739824896
110.10000000000001	8.393182220357662
110.11	15.448775424717141
110.12	13.276792441930503
110.13	11.136205841518272
110.14	15.605984407719681
110.15	21.95056121562848
110.16	17.4389635740703
110.17	14.482261915715661
110.18	14.054111938345727
110.19	12.491288939413023
110.2	13.240933302097485
110.21000000000001	15.877939323509315
110.22	14.519367414387284
110.23	12.399135353122313
110.24000000000001	12.149211076032367
110.25	28.56529354747984
110.26	27.580097815248443
110.27	23.78192979344258
110.28	29.641881467184664
110.29	28.428058265304486
110.3	23.865904407541343
110.31	21.329021180565867
110.32000000000001	19.74624680845348
110.33	15.512543247666773
110.34	12.249637129204602
110.35000000000001	13.001592326769346
110.36	12.600103033439458
110.37	15.738179083120679
110.38	18.94472458285349
110.39	18.280175308793915
110.4	20.274459819564633
110.41	22.979039374575155
110.42	21.24006755758775
110.43	22.136609246590478
110.44	21.827484863947163
110.45	22.864170470259065
110.46000000000001	18.230945201841706
110.47	17.390149784882166
110.48	14.507055058040772
110.49000000000001	17.99575198992569
110.5	19.207773644094104
110.51	16.825079655619735
110.52	17.96194764126522
110.53	16.30507158298154
110.54	18.032368910362997
110.55	16.86037247848411
110.56	16.512374476028896
110.57000000000001	17.610101121053756
110.58	18.257204504014283
110.59	18.733539338192276
110.60000000000001	21.586601280790077
110.61	20.464349017582855
110.62	25.33451518924097
110.63	24.3522968379234
110.64	28.581545299636012
110.65	25.785286594852366
110.66	23.331793103660623
110.67	23.39349341856402
110.68	27.53093758463819
110.69	28.463228987025765
110.7	27.01945264782977
110.71000000000001	21.292323976746253
110.72	21.691685869062145
110.73	21.113430518904487
110.74000000000001	18.285505949556494
110.75	18.58754300094726
110.76	17.64951167207681
110.77	18.489669224891742
110.78	15.105816662705129
110.79	12.231637721245528
110.8	16.953879209352
110.81	16.507256718702898
110.82000000000001	17.413965873755387
110.83	18.919170287136993
110.84	15.981906514303812
110.85000000000001	17.761689422091642
110.86	20.58833066903326
110.87	20.53801770699613
110.88	18.953217513502658
110.89	18.91408782002227
110.9	14.727109804017386
110.91	13.136656434208257
110.92	14.256156716839332
110.93	20.163515869620507
110.94	21.395354311411133
110.95	17.808933727142577
110.96000000000001	26.246370500074367
110.97	28.9452786185413
110.98	23.857654862319077
110.99000000000001	22.461829803296006
111.0	20.419354438858246
111.01	33.18304407743249
111.02	27.802952189331137
111.03	25.407682283033395
111.04	22.168402540902672
111.05	22.43514243136029
111.06	21.816806072444088
111.07000000000001	19.781356226790916
111.08	24.748477036508017
111.09	22.548962742650428
111.10000000000001	27.80213072094699
111.11	22.86783872812383
111.12	20.98009141540435
111.13	18.50535786991846
111.14	17.811396019539917
111.15	14.78138083911784
111.16	14.222686900242033
111.17	12.980035452849483
111.18	19.197342705204104
111.19	18.431425532093705
111.2	15.786318605862075
111.21000000000001	13.924747435660807
111.22	16.58154930605623
111.23	15.714506857700506
111.24000000000001	13.865114126180679
111.25	14.330440090747794
111.26	16.819060746044634
111.27	12.781620226861254
111.28	12.306931764141336
111.29	14.119785933373402
111.3	19.140810417768478
111.31	20.297161797174976
111.32000000000001	18.479369773651126
111.33	17.87771050846847
111.34	18.678844402212697
111.35000000000001	22.349639186574457
111.36	17.5056958559202
111.37	17.389188639104038
111.38	21.938250182648336
111.39	17.071499292200095
111.4	15.79572959805071
111.41	16.489105010385746
111.42	15.85356659257601
111.43	13.458804738663199
111.44	12.51450252729426
111.45	11.748029336532488
111.46000000000001	15.814144906604902
111.47	20.565225764054855
111.48	16.45477479878504
111.49000000000001	15.980023023865156
111.5	16.16572570519336
111.51	21.369203985517657
111.52	16.63319231703445
111.53	12.86245874952965
111.54	15.53882684680652
111.55	14.400024613162316
111.56	15.61610231620059
111.57000000000001	12.487667185447204
111.58	14.355763298777347
111.59	16.408538953500024
111.60000000000001	12.700806711056181
111.61	12.053327028389058
111.62	9.303541132595447
111.63	9.546453784123209
111.64	13.98147945135195
111.65	18.348871659430095
111.66	20.348787631228284
111.67	19.466946165752855
111.68	19.39366125424241
111.69	16.60044463716376
111.7	16.246045966496666
111.71000000000001	17.64440008939861
111.72	16.803958610403072
111.73	18.001193411717157
111.74000000000001	14.95368478038516
111.75	17.892313688616348
111.76	13.363462660960456
111.77	12.703921434056866
111.78	10.756435276958968
111.79	12.244692837521736
111.8	10.825048213085996
111.81	10.906502518534447
111.82000000000001	16.399052883131873
111.83	14.681086893495388
111.84	14.040210182542708
111.85000000000001	11.232380221436847
111.86	9.774491414873605
111.87	7.305131900444247
111.88	6.532337967627139
111.89	8.752726687948257
111.9	13.042477399630881
111.91	13.315484297373851
111.92	14.268214947651755
111.93	11.294276267082573
111.94	11.416716133216365
111.95	13.836005268571496
111.96000000000001	13.93000294612867
111.97	12.623575086949044
111.98	11.071108508813916
111.99000000000001	11.620857853199956
112.0	9.218571310851113
112.01	8.88580717253248
112.02	6.492696262645291
112.03	4.415095315604064
112.04	3.128657223489344
112.05	4.44038147235206
112.06	4.443579609554646
112.07000000000001	3.379517597808166
112.08	4.136334601361386
112.09	6.242583204189687
112.10000000000001	8.61026554588641
112.11	9.094557338911127
112.12	8.287835806129138
112.13	9.351981975815931
112.14	11.775985225017765
112.15	10.481879945487329
112.16	11.351703555120805
112.17	9.534560754581852
112.18	10.901033673341479
112.19	11.026205007581439
112.2	18.91640035454128
112.21000000000001	17.7213746004645
112.22	20.936286004317108
112.23	23.365351393380458
112.24000000000001	21.468986737437348
112.25	20.40810829761741
112.26	19.093479894303353
112.27	16.131449281398243
112.28	16.455976903192674
112.29	19.022663633945783
112.3	20.2871824673584
112.31	28.266747133034272
112.32000000000001	31.9556373093419
112.33	29.389169291096497
112.34	23.36405922541179
112.35000000000001	19.396386666167647
112.36	14.460714392980917
112.37	13.847660773870166
112.38	11.195922850359974
112.39	14.449808299014146
112.4	11.172180022640267
112.41	9.411130128188264
112.42	8.624694476665969
112.43	10.24447884627699
112.44	10.624785728260747
112.45	14.484593632304582
112.46000000000001	21.75793136079247
112.47	17.255049306883837
112.48	14.118952541834867
112.49000000000001	17.411205297196723
112.5	18.2998557657986
112.51	16.873885535684558
112.52	17.196890190339953
112.53	19.70745840529374
112.54	17.47897345032694
112.55	13.793418063764035
112.56	15.799473569573708
112.57000000000001	16.526692992632263
112.58	11.977728779243428
112.59	12.689252269687401
112.60000000000001	14.032503982958005
112.61	11.324134818812801
112.62	15.289244897761058
112.63	13.799305563968671
112.64	11.43134162050976
112.65	10.188216592985215
112.66	11.244351826799607
112.67	8.907994963566411
112.68	13.829503215565255
112.69	15.096407361470876
112.7	15.15075778317148
112.71000000000001	11.861616311663642
112.72	9.666130217020049
112.73	9.695141172507736
112.74000000000001	11.40039420216762
112.75	7.943063569808341
112.76	4.8818716605684855
112.77	6.649891792501193
112.78	14.828505255005394
112.79	14.729760927620818
112.8	15.098025749900891
112.81	11.395751703208152
112.82000000000001	9.774812707419192
112.83	6.777281686019354
112.84	8.737608035984033
112.85000000000001	10.71493829088176
112.86	10.64057311986133
112.87	11.736349888738111
112.88	10.436579341857017
112.89	19.315441516953708
112.9	19.845958191141133
112.91	15.515747602341557
112.92	22.413594021687818
112.93	19.053900990865596
112.94	15.056197930147198
112.95	13.723943491259362
112.96000000000001	17.43854803941769
112.97	28.98578251908924
112.98	22.37049657138612
112.99000000000001	19.58601223568449
113.0	21.977132322717164
113.01	20.515452248942402
113.02	21.683173807100154
113.03	20.814044661198746
113.04	16.002686865990885
113.05	20.748712110933248
113.06	17.35223746837289
113.07000000000001	15.685518360198678
113.08	16.94607341681867
113.09	14.515640240449622
113.10000000000001	12.61116957123578
113.11	12.613946507506139
113.12	12.226059535867519
113.13	12.167338254395387
113.14	12.075563041713776
113.15	16.27630843765875
113.16	16.9252511401484
113.17	17.354560202878844
113.18	13.84678996693708
113.19	12.588440371604912
113.2	15.13806719838877
113.21000000000001	15.372735101159467
113.22	15.814528043569409
113.23	14.468294846906081
113.24000000000001	13.397738449300208
113.25	13.645823479230355
113.26	14.689816272354328
113.27	17.015232611276602
113.28	17.689818835127834
113.29	16.710843488534117
113.3	14.111859360740372
113.31	18.555512507109682
113.32000000000001	16.69889849046712
113.33	14.613216666658927
113.34	16.05327376414748
113.35000000000001	14.252709388186073
113.36	12.287551237694569
113.37	12.738261634269097
113.38	15.054576767430495
113.39	15.945883371926525
113.4	13.815618875798915
113.41	13.874941122902129
113.42	13.954858563695169
113.43	13.191341621140191
113.44	12.49855220476106
113.45	13.242311315819906
113.46000000000001	10.959411734746375
113.47	7.925924080984375
113.48	5.719152160153998
113.49000000000001	3.947857441631149
113.5	2.4378184329699253
113.51	1.8784526871171348
113.52	3.970547659140681
113.53	5.570355924449045
113.54	2.6381129766565032
113.55	0.2855958182090721
113.56	-1.1173162762608573
113.57000000000001	-1.680716190713939
113.58	4.027183177380775
113.59	1.9221106027972477
113.60000000000001	-1.5126397081498517
113.61	-5.745545167267544
113.62	-9.976446730617463
113.63	-16.437163979085394
113.64	-12.64039686543625
113.65	-12.128163097889248
113.66	-10.686228235072456
113.67	-9.795957540893616
113.68	-12.12446076745715
113.69	-10.752336346787162
113.7	-9.622318102274866
113.71000000000001	-11.511443687622158
113.72	-9.233598551616023
113.73	-9.767934021510365
113.74000000000001	-9.915217359591391
113.75	-9.07530903647562
113.76	-10.867780483186912
113.77	-8.086533856404715
113.78	-7.179160897946247
113.79	-3.186753725213296
113.8	-3.8340825022404292
113.81	-10.37230675401444
113.82000000000001	-8.011327203938686
113.83	-11.245331308521209
113.84	-9.56935480909252
113.85000000000001	-15.533198610973955
113.86	-20.92911665321926
113.87	-21.988583300659116
113.88	-25.610966869267298
113.89	-30.823542133328925
113.9	-28.205684360433384
113.91	-26.674401894758386
113.92	-23.64520272482081
113.93	-19.295146829002793
113.94	-18.08347786809835
113.95	-19.948097905782966
113.96000000000001	-20.942850975461397
113.97	-19.281150155911646
113.98	-15.96908488202553
113.99000000000001	-13.991415318899792
114.0	-13.033441339985474
114.01	-13.365120538607766
114.02	-19.456713854078682
114.03	-19.390683371353333
114.04	-26.705436355184744
114.05	-21.267291211725716
114.06	-16.65094188424142
114.07000000000001	-13.87886813920845
114.08	-10.833341560723246
114.09	-10.999792973490164
114.10000000000001	-12.860692917631658
114.11	-13.170208064825294
114.12	-16.94961315286999
114.13	-17.20367671610824
114.14	-14.432186705100463
114.15	-11.29689116760527
114.16	-10.86778144466551
114.17	-14.417248785234221
114.18	-18.376565631819066
114.19	-16.132330791934248
114.2	-13.519059006553391
114.21000000000001	-11.175860778334496
114.22	-15.737025511812483
114.23	-11.969236019605448
114.24000000000001	-10.50015725406512
114.25	-9.672226623463667
114.26	-8.772959270813484
114.27	-14.846194655038504
114.28	-16.4896737795177
114.29	-14.863988214620749
114.3	-12.90199474933226
114.31	-12.40221739629308
114.32000000000001	-11.241436512894028
114.33	-10.291247898908297
114.34	-8.11853032151835
114.35000000000001	-6.059284707099186
114.36	-9.149630956395029
114.37	-13.551229236971354
114.38	-15.416901774460886
114.39	-11.747789918817876
114.4	-9.886978484973376
114.41	-11.478950704536015
114.42	-11.957072650263687
114.43	-11.391862948575094
114.44	-11.027302354126812
114.45	-11.000892094901243
114.46000000000001	-6.817948947464491
114.47	-5.525774151289712
114.48	-1.9257981822282535
114.49000000000001	3.8049538156925293
114.5	4.936113589758898
114.51	5.49224856072129
114.52	11.242827692724852
114.53	12.405366673487801
114.54	9.623330898195007
114.55	8.726949801985045
114.56	11.493515585119138
114.57000000000001	11.59864023530504
114.58	16.851375486767303
114.59	12.755599223183339
114.60000000000001	13.612923858666436
114.61	17.27462756252232
114.62	15.072826534587511
114.63	23.91054563046499
114.64	20.267351608529133
114.65	21.17030988917221
114.66	17.704237206781354
114.67	14.584795125279257
114.68	14.602308711257349
114.69	13.226991150249596
114.7	13.543890080068472
114.71000000000001	11.012981394830197
114.72	14.00790082974602
114.73	14.081963846605644
114.74000000000001	13.216285149988826
114.75	15.99066752322144
114.76	14.909935015262562
114.77	20.6488605712582
114.78	16.823320724287385
114.79	17.326814748163432
114.8	17.161454215209666
114.81	14.306038182341705
114.82000000000001	10.427105556466762
114.83	10.11583645855271
114.84	15.353526358607999
114.85000000000001	12.231721032345526
114.86	15.942635661418747
114.87	23.04700423514899
114.88	25.906834439777533
114.89	25.219309881101243
114.9	23.869577000964206
114.91	19.54256764590343
114.92	17.896420482307168
114.93	16.502878039250056
114.94	15.114977967819216
114.95	18.31327030661608
114.96000000000001	19.48365922236034
114.97	17.80085167826875
114.98	16.353413379262655
114.99000000000001	12.793333183754491
115.0	9.339510656834559
115.01	5.951336922012532
115.02	2.9806533783573874
115.03	0.9157758501239992
115.04	-0.7251304659039894
115.05	-1.90285286599065
115.06	-3.966151473328614
115.07000000000001	-6.750560170817052
115.08	-5.51242222030706
115.09	-7.650052347010368
115.10000000000001	-6.1580914730639345
115.11	-9.539266213388693
115.12	-10.146858221317903
115.13	-10.807189270727383
115.14	-8.621840771907499
115.15	-7.7830205028595625
115.16	-9.43697912732004
115.17	-9.44733115767868
115.18	-10.7054482548738
115.19	-12.926487589863646
115.2	-12.170990191222419
115.21000000000001	-14.043116715808306
115.22	-12.869507773434764
115.23	-10.407927522931885
115.24000000000001	-8.737444203809433
115.25	-8.685018858764746
115.26	-6.284958339844026
115.27	-7.214517833413643
115.28	-10.498675524459019
115.29	-11.845811354947557
115.3	-11.647564734393823
115.31	-19.871460922538226
115.32000000000001	-18.00501647985803
115.33	-27.80750440806006
115.34	-21.801750255324098
115.35000000000001	-20.45101868330192
115.36	-16.530522416787655
115.37	-16.38322101088539
115.38	-13.526455306941
115.39	-11.276026272355006
115.4	-12.52233423553005
115.41	-10.658372028179235
115.42	-9.853215717545915
115.43	-19.13340118169785
115.44	-16.211141182854558
115.45	-13.231967387259425
115.46000000000001	-13.128949025494771
115.47	-13.097193075746402
115.48	-11.815287781954362
115.49000000000001	-10.573037729943374
115.5	-9.658470170490178
115.51	-10.122961380919833
115.52	-8.077614097531214
115.53	-8.054767100988217
115.54	-18.310835287641623
115.55	-21.04156885951214
115.56	-20.70954481422355
115.57000000000001	-18.86092721494397
115.58	-22.301405391801588
115.59	-20.251399018751915
115.60000000000001	-17.54407187906396
115.61	-17.733117525967295
115.62	-15.10981355643673
115.63	-15.592425220326996
115.64	-15.282139381773153
115.65	-19.005881881663846
115.66	-17.181206725023713
115.67	-14.484168412329389
115.68	-10.978099582294318
115.69	-8.60640448460346
115.7	-8.120462296798138
115.71000000000001	-7.815685534605552
115.72	-6.561033107105544
115.73	-10.145707165201664
115.74000000000001	-8.888556010299466
115.75	-9.751303728897287
115.76	-7.187456089408287
115.77	-14.206927388366786
115.78	-13.025384217874736
115.79	-13.684178686726344
115.8	-14.854503153623812
115.81	-11.677931737241023
115.82000000000001	-8.830633360984175
115.83	-7.2083733034162245
115.84	-9.984621534136034
115.85000000000001	-11.068374422373854
115.86	-11.467258139508088
115.87	-9.316002192455578
115.88	-10.526335624835843
115.89	-10.832104207318457
115.9	-8.811106302854412
115.91	-7.2608873515652546
115.92	-7.174118513532941
115.93	-6.695333710093526
115.94	-8.069407936936887
115.95	-15.043218084706119
115.96000000000001	-11.637802166917696
115.97	-10.377005347624936
115.98	-14.029350781857014
115.99000000000001	-13.557750002476556
116.0	-25.389323383357638
116.01	-26.02111520067498
116.02	-23.72892934373727
116.03	-18.418336826757333
116.04	-16.412787092545074
116.05	-13.54634858124417
116.06	-17.853333711639955
116.07000000000001	-17.816751074597978
116.08	-14.496988135637814
116.09	-17.065535092128357
116.10000000000001	-13.597662959400926
116.11	-11.515793114660237
116.12	-9.201336148318719
116.13	-5.595457211201325
116.14	-3.237618379445749
116.15	-0.6423049040573588
116.16	-2.6092747286133915
116.17	-2.8573542288280964
116.18	2.7832466144255887
116.19	1.8723393258747574
116.2	2.706414636889349
116.21000000000001	6.007365686637844
116.22	9.699221825164754
116.23	13.95524941476516
116.24000000000001	13.006816648451096
116.25	10.626357196246813
116.26	10.264083859078731
116.27	12.512308371050286
116.28	12.860374593998273
116.29	9.806210407459373
116.3	8.794417410026623
116.31	10.665807385886037
116.32000000000001	11.545266969905384
116.33	17.034298479025477
116.34	14.506383436821585
116.35000000000001	11.942175332849612
116.36	12.992504034045472
116.37	14.42035951212998
116.38	15.672335657279056
116.39	17.42559149749758
116.4	15.039973044076907
116.41	20.20836099058915
116.42	18.51436804820125
116.43	14.884525249020541
116.44	11.989045430420715
116.45	13.596350813311403
116.46000000000001	20.599958475717163
116.47	18.26444468975453
116.48	25.428860718602483
116.49000000000001	24.820283320919494
116.5	23.44261651796712
116.51	18.772278551084977
116.52	17.881045815704145
116.53	15.496985514423539
116.54	14.610560154167818
116.55	11.919165653687028
116.56	12.238356864645468
116.57000000000001	14.126440143615254
116.58	17.028331499505185
116.59	25.578115056699893
116.60000000000001	21.654175030107922
116.61	17.038178372665467
116.62	15.860110474095327
116.63	17.271374489281015
116.64	15.691188571906288
116.65	14.305771613494773
116.66	15.556681284935244
116.67	16.255124378590825
116.68	17.372273647085148
116.69	15.987032567939991
116.7	23.12915631343039
116.71000000000001	18.341451842563696
116.72	15.72034294211593
116.73	16.859894354962414
116.74000000000001	12.761133371496083
116.75	12.165510188773828
116.76	14.218824603703176
116.77	11.135199612078546
116.78	12.56810027887141
116.79	13.813946585835781
116.8	15.293720662944814
116.81	18.381010605947292
116.82000000000001	20.30220848126465
116.83	15.712600041000494
116.84	15.908943694203193
116.85000000000001	15.990263640706866
116.86	16.461959723252342
116.87	14.665421871665055
116.88	18.87253270788511
116.89	21.74382668368742
116.9	27.487935434863225
116.91	23.281437857162935
116.92	18.447415450194352
116.93	19.438798733090817
116.94	22.21839804962776
116.95	27.076185206852816
116.96000000000001	31.156578304901224
116.97	27.095432294710506
116.98	26.4753662348339
116.99000000000001	30.450738383479624
117.0	26.17407682282422
117.01	30.777339256963256
117.02	23.91936683065809
117.03	18.59039987354727
117.04	20.778540421737066
117.05	16.237550008761378
117.06	12.752086526187842
117.07000000000001	13.883505656048523
117.08	27.61797802111371
117.09	31.811135642706287
117.10000000000001	31.446241890923183
117.11	25.694046025247097
117.12	27.91502126224356
117.13	23.386681963077546
117.14	20.53215448832868
117.15	17.013758216260385
117.16	16.45437908565965
117.17	12.970812942384908
117.18	12.863698163952979
117.19	16.725459443545315
117.2	17.041404919440343
117.21000000000001	21.343176029730554
117.22	19.359929340740642
117.23	16.068442572098945
117.24000000000001	20.540891842743296
117.25	26.853415003531076
117.26	22.62127701591839
117.27	18.113418455204133
117.28	16.52407876591677
117.29	12.441639489455344
117.3	10.276782327490528
117.31	7.716213339677701
117.32000000000001	5.9351278692588805
117.33	2.338576073516857
117.34	5.998284506055732
117.35000000000001	8.387464710023975
117.36	11.972375722186637
117.37	19.1924824420305
117.38	17.98084832194887
117.39	14.938915032724001
117.4	15.171668483593532
117.41	20.832292425367758
117.42	16.171873357093446
117.43	15.453723628883996
117.44	14.200760693503947
117.45	16.14446497269122
117.46000000000001	16.763285625128876
117.47	22.26707823276536
117.48	20.58246551461804
117.49000000000001	20.58660400547222
117.5	16.625627440054988
117.51	14.693233497868926
117.52	15.531335300943821
117.53	16.47356279246408
117.54	13.282536530764567
117.55	13.506373801722155
117.56	16.318439067131724
117.57000000000001	13.700077551949873
117.58	19.980309462611913
117.59	16.26830162155565
117.60000000000001	16.6247050664992
117.61	16.47703304628129
117.62	19.61987338274592
117.63	28.363110177786304
117.64	34.803192931336284
117.65	31.873416477433828
117.66	28.6053867176195
117.67	22.234597848704333
117.68	18.316833293605807
117.69	15.959011418688126
117.7	14.765038706901397
117.71000000000001	16.01885562475824
117.72	14.452770476154319
117.73	15.272308947526696
117.74000000000001	13.12791423533271
117.75	9.997658298546167
117.76	6.756619597760069
117.77	7.457935497148769
117.78	5.91597608463321
117.79	4.302842426435094
117.8	1.1200148322141277
117.81	-2.0628127620113634
117.82000000000001	-4.094067658144067
117.83	-8.115205565079199
117.84	-12.623454564172663
117.85000000000001	-11.23912111320696
117.86	-9.066852055134628
117.87	-9.852406481871448
117.88	-10.049233631915452
117.89	-24.372957367682577
117.9	-21.546500811020298
117.91	-17.67716683721786
117.92	-22.010528281664403
117.93	-23.921096950237086
117.94	-21.328053341686683
117.95	-16.644876069624374
117.96000000000001	-24.088280865819428
117.97	-23.959704287199415
117.98	-24.657087976981497
117.99000000000001	-23.358113046209034
118.0	-21.752735059438347
118.01	-19.755714591369312
118.02	-18.091968796411926
118.03	-17.2986848842015
118.04	-18.617848231329745
118.05	-18.678986757858475
118.06	-14.557126265236176
118.07000000000001	-11.800173869926713
118.08	-11.60785306533218
118.09	-15.87057890937838
118.10000000000001	-18.37629186266584
118.11	-20.112294062373042
118.12	-16.56445617487969
118.13	-14.796807119964267
118.14	-20.115768184621977
118.15	-24.00965649065256
118.16	-24.626555313033418
118.17	-24.15356393237213
118.18	-20.49103445427606
118.19	-20.139363800697733
118.2	-17.731196941302883
118.21000000000001	-18.236420932062043
118.22	-14.403299479470702
118.23	-11.477052466730512
118.24000000000001	-13.159805370588165
118.25	-14.770367718583351
118.26	-11.666607615414353
118.27	-14.88775958227641
118.28	-14.427472987558618
118.29	-11.755801965129764
118.3	-10.31907611559471
118.31	-8.680053055905995
118.32000000000001	-7.352611630529696
118.33	-6.536133067665146
118.34	-5.698898884428776
118.35000000000001	-3.5151941037561856
118.36	-1.1912348422751518
118.37	0.7720749094819669
118.38	0.7719533209794393
118.39	0.2611328246802014
118.4	1.1372439439969144
118.41	7.546025940557751
118.42	8.909766715070967
118.43	7.814769034320315
118.44	5.095209535716659
118.45	7.844598083816198
118.46000000000001	4.605214845850835
118.47	4.174165842161375
118.48	8.476118225652854
118.49000000000001	8.244036888844745
118.5	10.191332306886416
118.51	7.652892653696698
118.52	6.478557364956321
118.53	8.004087020230203
118.54	8.232060857424978
118.55	7.218653406412268
118.56	4.8950535577895895
118.57000000000001	3.2434360655110845
118.58	2.956350917760782
118.59	0.4533752164094139
118.60000000000001	0.8443782296210889
118.61	2.2975515974581286
118.62	1.9317770171260573
118.63	4.560040793093419
118.64	9.196515875452537
118.65	8.012628381404271
118.66	8.184966745130396
118.67	14.219873593986833
118.68	15.1216408264999
118.69	17.444888371416795
118.7	13.072988722605782
118.71000000000001	11.424719209248291
118.72	12.234804518454585
118.73	11.304576174792862
118.74000000000001	11.884183184221477
118.75	8.994166739637066
118.76	7.479364443720318
118.77	4.638036489125994
118.78	2.552074585441763
118.79	0.08109019073061018
118.8	3.4485058060865463
118.81	3.533851426663199
118.82000000000001	4.920764063880298
118.83	6.1821438341625425
118.84	6.54240363288668
118.85000000000001	8.160737178225421
118.86	11.640071830630697
118.87	9.594960668109145
118.88	13.6084903263664
118.89	13.71712217253449
118.9	15.286243865473942
118.91	18.08815470335092
118.92	24.379745811123165
118.93	19.71514713231382
118.94	18.877678139084974
118.95	23.126078374240265
118.96000000000001	19.454080244974843
118.97	18.865029226007803
118.98	15.936540222037621
118.99000000000001	18.139630085279105
119.0	18.149022398683112
119.01	13.899743830743855
119.02	15.095886681898472
119.03	13.155914871165646
119.04	17.39092445432932
119.05	15.852683842821104
119.06	23.406664905286632
119.07000000000001	27.230178502150693
119.08	31.867931298198183
119.09	25.00475751730277
119.10000000000001	24.097453751248118
119.11	21.654165486670234
119.12	16.949091234620017
119.13	16.539397756277413
119.14	13.014955559630941
119.15	12.516002900447239
119.16	12.316352695105511
119.17	12.448671881965645
119.18	9.692492203178295
119.19	10.866317603885742
119.2	12.938010234017549
119.21000000000001	10.581852970610592
119.22	11.387682239459242
119.23	9.803308957199194
119.24000000000001	12.277772825383632
119.25	12.454288120817973
119.26	15.977205742876258
119.27	20.94524907505256
119.28	24.105223238560544
119.29	33.596005645358375
119.3	33.74525959175498
119.31	30.019295989092193
119.32000000000001	22.697289483896306
119.33	21.13071443882539
119.34	21.21621090669792
119.35000000000001	18.650930024826653
119.36	14.984285287465605
119.37	13.86677381825005
119.38	11.237479710067921
119.39	15.308343738870185
119.4	17.47132669911459
119.41	22.973090902153015
119.42	27.755002782009054
119.43	22.52938693804685
119.44	21.933407465040634
119.45	18.673744087827725
119.46000000000001	17.380142447896763
119.47	25.10679877994421
119.48	19.506308789638837
119.49000000000001	17.291470265405614
119.5	16.842111197380802
119.51	24.323932108450542
119.52	30.661157324942877
119.53	24.11876088105427
119.54	21.121018227672852
119.55	27.096407493001546
119.56	27.266619845989297
119.57000000000001	26.327967196804654
119.58	24.236336958810707
119.59	27.180894880926605
119.60000000000001	25.845434189191245
119.61	20.480207863407237
119.62	17.227353740988153
119.63	14.40682099381273
119.64	19.450379778901034
119.65	18.489322163287845
119.66	15.21688835003949
119.67	13.451435534044597
119.68	11.853627897751958
119.69	11.55688042886861
119.7	7.82856554413696
119.71000000000001	7.577751378182208
119.72	7.190521776817054
119.73	7.053015117063809
119.74000000000001	3.9532246661139294
119.75	2.6522944920298746
119.76	3.352277154903092
119.77	1.5368696973518043
119.78	2.8746097340316
119.79	1.6792866142558014
119.8	0.9054183277289543
119.81	0.4174028620728913
119.82000000000001	1.0201568236329683
119.83	5.729674962483162
119.84	3.5155537596224344
119.85000000000001	-3.1240584139246224
119.86	2.096766083417945
119.87	2.5837608447725473
119.88	4.385885265418808
119.89	1.8705556809348798
119.9	1.2028854195171184
119.91	0.06188567184835469
119.92	-1.515532930460571
119.93	1.2830673614569814
119.94	3.9611134536305066
119.95	1.8691880786746193
119.96000000000001	0.5661205254605292
119.97	1.6643252096980226
119.98	4.647522541502076
119.99000000000001	3.21266002385423
120.0	-0.3194689548527847
120.01	1.0546896153539034
120.02	0.8338195280865015
120.03	1.521405007017981
120.04	0.5769957887311772
120.05	-0.17722157586748602
120.06	-1.8167922914113483
120.07000000000001	-6.000804759650452
120.08	-7.0670478532732846
120.09	-6.808607412619547
120.10000000000001	-10.82875091636745
