0.0	19.333313320921366
0.01	15.921055562318976
0.02	14.169238703811388
0.03	13.927924237698164
0.04	21.74927998488356
0.05	24.15993681474303
0.06	19.937776252210057
0.07	18.007714305982525
0.08	15.081316172393468
0.09	15.172153778397774
0.1	14.706261064118658
0.11	12.944874866997989
0.12	9.712364680581786
0.13	9.782849909077946
0.14	9.242223056774135
0.15	10.755653899705829
0.16	17.069258016441694
0.17	13.369308863922399
0.18	12.780945871378949
0.19	15.920926610042537
0.2	21.098973692268995
0.21	22.498108511443746
0.22	19.80407888262158
0.23	27.409663821844873
0.24	26.041190759700743
0.25	24.416814368016983
0.26	20.37217343531994
0.27	18.476681153909958
0.28	19.395993350722893
0.29	14.908168980318663
0.3	15.826003066951234
0.31	14.29356019879928
0.32	14.350526046813744
0.33	13.951469295664436
0.34	12.109172434088583
0.35000000000000003	11.07107745381545
0.36	11.02168385799763
0.37	9.275356393694821
0.38	10.120858716799287
0.39	7.3005591620372075
0.4	7.552640094480877
0.41000000000000003	8.563000298684425
0.42	17.862905716340467
0.43	23.985787490631253
0.44	20.879119344924398
0.45	18.547388389161235
0.46	22.95455019551822
0.47000000000000003	33.03988696036041
0.48	31.344140642466535
0.49	24.36970407780857
0.5	22.6022457196558
0.51	20.599488844072386
0.52	18.038569835724125
0.53	17.25876585845349
0.54	13.14216253412577
0.55	11.444040012516059
0.56	9.375445161253085
0.5700000000000001	7.881262502582356
0.58	6.83933314674788
0.59	10.692192141450526
0.6	15.867997865489466
0.61	17.34388904505897
0.62	20.18663552337019
0.63	25.254536749325425
0.64	19.246664999361467
0.65	17.871234372009415
0.66	20.441911984532357
0.67	16.40124453016696
0.68	19.213423719357444
0.6900000000000001	14.879515536396617
0.7000000000000001	12.58271783333311
0.71	10.273915037762825
0.72	10.42474695641002
0.73	11.311714397347133
0.74	10.16775920965239
0.75	21.245582190266838
0.76	19.189342954259235
0.77	19.433862591471666
0.78	15.64742829679166
0.79	14.981285737816327
0.8	14.8843679417818
0.81	16.896945656440963
0.8200000000000001	17.658232432846667
0.8300000000000001	16.75407604688364
0.84	16.021173676359737
0.85	16.48525589531664
0.86	12.937347689598617
0.87	10.874633825829177
0.88	13.177261443697551
0.89	12.582605654026127
0.9	12.244348646752893
0.91	12.239690337348463
0.92	10.560878667662138
0.93	10.355464234793898
0.9400000000000001	9.404325251672857
0.9500000000000001	18.54089846794829
0.96	16.62182564322344
0.97	17.510037608548746
0.98	19.894993973616675
0.99	15.797310607186024
1.0	12.08374307235499
1.01	9.595608108405887
1.02	6.3339835599774545
1.03	15.48913879487603
1.04	21.718135028352645
1.05	18.78670336132592
1.06	20.886998806408815
1.07	19.163357058765076
1.08	22.869808741644643
1.09	17.600375992382777
1.1	23.706088476154495
1.11	20.05719618265895
1.12	18.71235216275096
1.1300000000000001	19.233761187154567
1.1400000000000001	18.879776878738685
1.1500000000000001	20.801112877900177
1.16	24.93939569856982
1.17	21.3020147122504
1.18	19.30238804020022
1.19	15.675011955607468
1.2	19.90578202027896
1.21	16.90244533933066
1.22	16.132151817395062
1.23	12.572929580792449
1.24	9.512295866219286
1.25	7.645169295019363
1.26	7.838634637696303
1.27	14.796476776026392
1.28	17.95486314064535
1.29	26.646452638629402
1.3	23.936848755483055
1.31	25.801228656011276
1.32	24.734225393234418
1.33	20.68998627813579
1.34	20.91081519562494
1.35	17.97076459062852
1.36	21.585318396468267
1.37	23.637384510970076
1.3800000000000001	20.21591881619311
1.3900000000000001	15.872939030048231
1.4000000000000001	17.09924104861564
1.41	22.730837341268863
1.42	34.25881268649971
1.43	30.533813820965296
1.44	25.41498369770237
1.45	20.027110472556412
1.46	22.322213943381158
1.47	23.327520571263978
1.48	23.310207908814274
1.49	19.945443964818473
1.5	17.60114528847284
1.51	17.757348946390888
1.52	17.25758085869148
1.53	22.174786386228
1.54	19.703706932637555
1.55	15.208715526871956
1.56	13.473314451513447
1.57	14.6796381028511
1.58	16.617545354006143
1.59	18.03579256380533
1.6	22.85610135007542
1.61	29.522542662069455
1.62	28.86098365825144
1.6300000000000001	30.8161446031994
1.6400000000000001	30.60773581976411
1.6500000000000001	29.002189729143964
1.6600000000000001	26.66960531791778
1.67	30.912600115447695
1.68	29.154027547915426
1.69	23.58522816163773
1.7	26.191847107818045
1.71	30.021656131557478
1.72	28.00947442887511
1.73	30.048606128527968
1.74	26.89681083438969
1.75	29.608998773212804
1.76	27.455023520481355
1.77	25.122940914870924
1.78	20.621044314553917
1.79	18.96212749429199
1.8	24.110642282311932
1.81	19.932628851379118
1.82	24.678837357647733
1.83	19.544525118862342
1.84	15.899897334325733
1.85	14.753237787890862
1.86	23.25345808594381
1.87	22.26411246772781
1.8800000000000001	20.321679910687937
1.8900000000000001	18.704316931245252
1.9000000000000001	17.46969475067869
1.9100000000000001	18.097194501515602
1.92	18.45510910740641
1.93	19.817125743829134
1.94	18.798204853960325
1.95	14.39081310544075
1.96	15.80748765152589
1.97	14.668042657646483
1.98	11.419393077697046
1.99	9.598261611168798
2.0	9.602405494020632
2.0100000000000002	9.606549376872465
2.02	13.231232864276487
2.0300000000000002	16.51121505412064
2.04	14.276984740445695
2.05	17.878544384937015
2.06	17.757097688621855
2.07	16.130770668488893
2.08	22.02343216150205
2.09	19.357089190918998
2.1	16.379613248271145
2.11	21.48838177855257
2.12	20.998137235433237
2.13	17.466336344518023
2.14	17.845434219306366
2.15	14.191489131144227
2.16	12.609274155314791
2.17	12.851428539894515
2.18	14.58688848855592
2.19	11.320517781265506
2.2	9.585477946435006
2.21	8.241820034216477
2.22	13.697571446519976
2.23	14.119792118037202
2.24	15.822913679660019
2.25	21.81130194256576
2.2600000000000002	16.941944044535344
2.27	12.885259629992314
2.2800000000000002	15.345659701577853
2.29	14.35971141093203
2.3000000000000003	16.435900943428567
2.31	15.57447887303291
2.32	18.958654961123134
2.33	15.045725535686879
2.34	19.418920929026026
2.35	16.223407765338305
2.36	14.396920537477676
2.37	15.517930293693745
2.38	19.226453353483745
2.39	25.040359721486897
2.4	27.1990241284799
2.41	30.138959650435137
2.42	28.195709249495224
2.43	26.012641393471053
2.44	22.560664523492466
2.45	21.903228622627704
2.46	18.427427285301917
2.47	15.977222444680127
2.48	17.837205453857262
2.49	18.554913850430843
2.5	14.962292448052015
2.5100000000000002	14.3914451854356
2.52	11.806960154290119
2.5300000000000002	8.719578490666446
2.54	9.028056644896145
2.5500000000000003	9.95048605144525
2.56	9.149165832385718
2.57	8.605154168319665
2.58	7.974106169171072
2.59	4.658006803569228
2.6	0.4868813956287082
2.61	-5.774255749577532
2.62	-10.308672671076424
2.63	-9.18597697088005
2.64	-11.792228810344628
2.65	-13.293907203502107
2.66	-17.41041294521089
2.67	-13.841853042259926
2.68	-11.852811023619477
2.69	-11.838575979517726
2.7	-8.874488530032945
2.71	-6.908420527821162
2.72	-9.251435652928691
2.73	-10.980318917962384
2.74	-11.329288935362646
2.75	-12.783604830049704
2.7600000000000002	-11.2677988955198
2.77	-12.833574748453175
2.7800000000000002	-22.104675824786252
2.79	-22.371362146656192
2.8000000000000003	-22.19946643157644
2.81	-20.766137227571324
2.82	-20.359959751527786
2.83	-17.261894638068167
2.84	-15.641848076608474
2.85	-19.85132063971266
2.86	-17.410208713646405
2.87	-24.65194677143121
2.88	-24.035310582521586
2.89	-25.891850807871343
2.9	-26.903286571700253
2.91	-21.04738507440488
2.92	-19.15967166414586
2.93	-17.290571642981615
2.94	-21.61835766282983
2.95	-19.48228134743084
2.96	-24.086815294452055
2.97	-23.461782890069205
2.98	-18.262152603670714
2.99	-19.381819286277658
3.0	-16.921322472366548
3.0100000000000002	-18.022136868075744
3.02	-15.364065256623395
3.0300000000000002	-16.470886449066306
3.04	-14.730099467174957
3.0500000000000003	-18.401469883210908
3.06	-15.073762815292541
3.0700000000000003	-12.198244037187017
3.08	-11.307071507821899
3.09	-16.75259841160529
3.1	-13.147300011568735
3.11	-10.313523365374106
3.12	-7.436209014660077
3.13	-13.676663925442629
3.14	-11.157858192102053
3.15	-9.523870211596709
3.16	-6.864186962765867
3.17	-7.43076249399611
3.18	-7.207958307146875
3.19	-6.074175585983939
3.2	-10.399934084476435
3.21	-13.202874943965437
3.22	-15.324909476328443
3.23	-26.685124147150596
3.24	-24.99303582405793
3.25	-23.558135233387453
3.2600000000000002	-22.79166457540701
3.27	-30.94163165952318
3.2800000000000002	-23.967408677043107
3.29	-20.216468784126914
3.3000000000000003	-20.127504074966797
3.31	-19.3409350969291
3.3200000000000003	-16.724426587604068
3.33	-17.492827210838723
3.34	-19.70362133433928
3.35	-16.876064517978392
3.36	-14.910913637733072
3.37	-19.91752782502295
3.38	-18.380906872660756
3.39	-17.925384984196818
3.4	-14.72395918556919
3.41	-13.607819221867784
3.42	-19.716605824215417
3.43	-27.21026971127531
3.44	-28.730499782612753
3.45	-25.962796552669197
3.46	-24.038852498180617
3.47	-22.77949269686326
3.48	-23.32310338474695
3.49	-22.850970978504805
3.5	-23.51552547971021
3.5100000000000002	-21.973985615988337
3.52	-22.16095606329206
3.5300000000000002	-25.128202110414033
3.54	-22.62462632294901
3.5500000000000003	-29.231391723717735
3.56	-23.694123820070995
3.5700000000000003	-21.780365456622466
3.58	-22.344439463988692
3.59	-24.46756104496903
3.6	-21.825642157512373
3.61	-22.426277078445914
3.62	-21.162573615305718
3.63	-23.123425525078577
3.64	-21.223131837861857
3.65	-27.024468529539842
3.66	-29.640694586863866
3.67	-28.328793612789653
3.68	-26.503949726003135
3.69	-27.33497571186829
3.7	-22.184553372149526
3.71	-19.27239779866242
3.72	-19.321734318591737
3.73	-27.065629618259916
3.74	-24.070337744171276
3.75	-20.294136421932986
3.7600000000000002	-15.496236139899876
3.77	-11.51452535872156
3.7800000000000002	-9.2654724362543
3.79	-4.948765566422081
3.8000000000000003	-5.082600169274672
3.81	-5.211677877982681
3.8200000000000003	-11.282501692533002
3.83	-13.74539248923044
3.84	-11.415345410105598
3.85	-8.715897570262086
3.86	-10.69451028517142
3.87	-16.941844466155924
3.88	-14.004810822456855
3.89	-11.719705828526306
3.9	-11.572688107545595
3.91	-9.73198839471346
3.92	-10.427124271177297
3.93	-12.515962324953144
3.94	-10.467709839244003
3.95	-8.92196616552134
3.96	-12.920577824249849
3.97	-16.570626831990516
3.98	-14.765260066587546
3.99	-15.622443757824033
4.0	-12.979434577945243
4.01	-14.035239290347379
4.0200000000000005	-14.974305877569435
4.03	-19.515075870795034
4.04	-20.895494437568786
4.05	-27.7673728862725
4.0600000000000005	-25.829150783295606
4.07	-24.02215562619934
4.08	-22.875994780704737
4.09	-21.4596130996214
4.1	-22.962484213016616
4.11	-22.37437677073173
4.12	-21.75391981600602
4.13	-16.664150641758624
4.14	-14.551255637884323
4.15	-12.236036915174141
4.16	-10.91537603841909
4.17	-9.857508589665596
4.18	-13.586021020005267
4.19	-21.78141245467168
4.2	-22.888570802468834
4.21	-18.905538739412222
4.22	-17.912258273690707
4.23	-14.209593349821215
4.24	-11.049439366794704
4.25	-8.32416566457452
4.26	-8.180085286697041
4.2700000000000005	-8.751326465936444
4.28	-8.519744443270202
4.29	-12.812566293560069
4.3	-10.481609589556404
4.3100000000000005	-14.563629437055864
4.32	-17.018549026659596
4.33	-16.691086678468476
4.34	-23.699382633416008
4.3500000000000005	-20.835925933745735
4.36	-21.346186659033332
4.37	-21.43599077622599
4.38	-21.284458290122934
4.39	-21.258954516401097
4.4	-20.099153420047518
4.41	-16.628036343783496
4.42	-16.065025248957713
4.43	-15.193300312205206
4.44	-13.676529994392148
4.45	-18.537789671462953
4.46	-15.154807720886458
4.47	-11.699851693211404
4.48	-10.103430104608192
4.49	-9.60340111636382
4.5	-9.981092100132361
4.51	-11.69569280938656
4.5200000000000005	-23.224172004821035
4.53	-26.72267401985088
4.54	-24.70515997416143
4.55	-25.745064789171376
4.5600000000000005	-20.903991216348714
4.57	-23.4706714525911
4.58	-23.50553721787607
4.59	-18.452125159149904
4.6000000000000005	-16.981094988820786
4.61	-16.69345450900593
4.62	-18.030279897648136
4.63	-20.925753223674356
4.64	-20.52172367105899
4.65	-21.477969178481334
4.66	-20.843938214195735
4.67	-20.92342611251956
4.68	-18.062193785462423
4.69	-17.77076722648157
4.7	-13.863543825910412
4.71	-11.160032387325264
4.72	-9.107287423569801
4.73	-15.755818203453694
4.74	-14.882836861042477
4.75	-16.720462226203917
4.76	-24.896128607354395
4.7700000000000005	-23.895989860307786
4.78	-21.781707020437594
4.79	-22.623345585857763
4.8	-17.94399531708468
4.8100000000000005	-16.155587572344047
4.82	-19.253079233216496
4.83	-18.746138066355673
4.84	-17.34833292943234
4.8500000000000005	-17.648447128669904
4.86	-15.585629550294911
4.87	-16.597601560915415
4.88	-18.13915198320906
4.89	-14.074946022312757
4.9	-12.1485293656532
4.91	-14.522391786523636
4.92	-16.594965171234907
4.93	-14.096108857890055
4.94	-11.44785942974195
4.95	-12.57210487213596
4.96	-12.401234686124877
4.97	-16.55390347954937
4.98	-15.2206289957614
4.99	-12.36661721840282
5.0	-10.84313639740759
5.01	-7.978856437182271
5.0200000000000005	-3.57269934385162
5.03	-6.190416257395052
5.04	-5.207478651168473
5.05	-3.5040839286510295
5.0600000000000005	-11.652143606447964
5.07	-14.863278404607772
5.08	-19.88717967904596
5.09	-16.18038544282736
5.1000000000000005	-17.519647456648
5.11	-19.04022160910462
5.12	-20.047760872707958
5.13	-21.117920619830954
5.14	-18.03584677544299
5.15	-15.014300205104549
5.16	-13.4341205348064
5.17	-11.282892497077235
5.18	-12.09088040493677
5.19	-18.64664914122634
5.2	-15.133621910541645
5.21	-12.762977315994286
5.22	-15.72938100456004
5.23	-23.972377405780982
5.24	-21.938271530358758
5.25	-16.822086563530725
5.26	-14.286107594512186
5.2700000000000005	-12.462521042238297
5.28	-12.91100933061258
5.29	-16.37126838184194
5.3	-12.904048448243575
5.3100000000000005	-10.712691357042544
5.32	-14.21683741316824
5.33	-10.60520123929356
5.34	-9.74730292456787
5.3500000000000005	-8.504855173324897
5.36	-8.579658266811622
5.37	-9.790836181333539
5.38	-13.351279377800116
5.39	-28.065423847398392
5.4	-23.670782398367084
5.41	-27.86556626170404
5.42	-22.856131223788484
5.43	-29.335753327290682
5.44	-26.944940179765037
5.45	-21.33080874050311
5.46	-25.884701997233616
5.47	-26.6899390540006
5.48	-21.4803311753033
5.49	-17.608582995889687
5.5	-16.570903711584002
5.51	-13.486200386295813
5.5200000000000005	-11.24581012540163
5.53	-12.79589764698629
5.54	-13.035162139786829
5.55	-21.49753142568164
5.5600000000000005	-18.32762296844546
5.57	-18.496902575556774
5.58	-20.10314368181315
5.59	-17.240546734164777
5.6000000000000005	-13.651911285175457
5.61	-10.14792920018011
5.62	-5.98840103693213
5.63	-9.302043870111907
5.64	-6.5724811917714865
5.65	-8.518673989918383
5.66	-8.534976038740055
5.67	-8.44201019303888
5.68	-7.0516894373188235
5.69	-9.273639592980238
5.7	-14.540806595452246
5.71	-23.419565084756194
5.72	-19.514803456817603
5.73	-19.18052536931864
5.74	-19.85840217866838
5.75	-20.355716832703195
5.76	-18.219871112209194
5.7700000000000005	-15.215036010851604
5.78	-14.4073136668839
5.79	-11.340921640094553
5.8	-11.736741756827643
5.8100000000000005	-13.694284776341712
5.82	-14.817584662479863
5.83	-15.33805163819503
5.84	-13.93093233139468
5.8500000000000005	-11.75604950107055
5.86	-18.980698943234042
5.87	-24.390485833200895
5.88	-22.2465402469796
5.89	-18.330109280950555
5.9	-17.650764084292224
5.91	-22.220887634950902
5.92	-20.171006513975176
5.93	-17.0827348994976
5.94	-17.066953098585223
5.95	-16.847992851809906
5.96	-16.33180409657275
5.97	-18.560572406207783
5.98	-17.244307739791513
5.99	-19.76707508414213
6.0	-21.25757986519669
6.01	-26.667343716617466
6.0200000000000005	-21.3363502828374
6.03	-21.215585201559243
6.04	-16.515356224463964
6.05	-15.443010297608257
6.0600000000000005	-19.620004776557312
6.07	-20.53575562296719
6.08	-16.821687992908235
6.09	-12.775019229885874
6.1000000000000005	-10.503575700111785
6.11	-8.465236116057456
6.12	-9.090231882791691
6.13	-9.989045768361258
6.140000000000001	-10.981366978956363
6.15	-11.406973777114183
6.16	-13.227634792962638
6.17	-12.285907651569248
6.18	-8.963156681278074
6.19	-7.582859938293076
6.2	-6.769960931432563
6.21	-8.825128926220682
6.22	-8.005091908675753
6.23	-11.923334462049217
6.24	-13.25724049671588
6.25	-10.327934711486733
6.26	-8.48879426858077
6.2700000000000005	-8.732560514415043
6.28	-7.38109329314583
6.29	-7.609387364987068
6.3	-4.046960731907908
6.3100000000000005	-0.8863139466676156
6.32	1.957307810844358
6.33	2.0312795140766142
6.34	0.30117285659173065
6.3500000000000005	-0.3042756472068566
6.36	-2.93923507840717
6.37	-1.402132036058949
6.38	-0.22484042330797765
6.390000000000001	0.2585500668743963
6.4	1.0019179945475662
6.41	2.374612483236202
6.42	3.4472651322749632
6.43	1.7639186296948608
6.44	1.7377271525299023
6.45	1.4193454569599224
6.46	4.320101285913541
6.47	0.057412669453302624
6.48	-4.683233504898822
6.49	-4.79401601932275
6.5	-3.631504100246051
6.51	-4.653751740293569
6.5200000000000005	-4.199115884516618
6.53	-3.681122365190424
6.54	-2.6167073314502343
6.55	-2.3515064528696032
6.5600000000000005	-2.8605801770240893
6.57	-2.7147159698862318
6.58	-0.9004534219606638
6.59	2.4398180406494263
6.6000000000000005	6.1643447272276495
6.61	5.2129420085056095
6.62	0.9181986368497022
6.63	-0.1706261565703569
6.640000000000001	6.756382616906806
6.65	8.666971782464147
6.66	11.336199900230731
6.67	11.927274831496414
6.68	14.879853704039741
6.69	13.676281370749743
6.7	12.645634372928663
6.71	10.991300226840968
6.72	11.710890789170023
6.73	13.017225185940221
6.74	14.220629179757388
6.75	10.292587168634958
6.76	9.896199724041436
6.7700000000000005	10.198429017837343
6.78	9.608546897653026
6.79	13.503970605654073
6.8	12.59037429180028
6.8100000000000005	14.261625558008289
6.82	16.35778622928712
6.83	20.397525188572395
6.84	20.312966676045257
6.8500000000000005	18.432116954987595
6.86	20.622136263251516
6.87	16.914129701571795
6.88	13.076468098753942
6.890000000000001	14.842121556590095
6.9	11.770023528645465
6.91	9.995748985357448
6.92	12.422768009863566
6.93	19.85068524372146
6.94	19.205854303843125
6.95	15.558014180719733
6.96	16.621621212458912
6.97	15.711051890519471
6.98	19.372937612595603
6.99	16.51376927426889
7.0	14.43413691059728
7.01	17.39962848946979
7.0200000000000005	16.641645544782442
7.03	15.768489790773348
7.04	12.287278533744578
7.05	11.697331198034346
7.0600000000000005	19.51300703742775
7.07	17.910740659855513
7.08	20.75368514264023
7.09	17.13311330472648
7.1000000000000005	21.99911964914367
7.11	21.45556092489466
7.12	16.855621595740292
7.13	16.28019212896289
7.140000000000001	21.189636078700964
7.15	21.95614337698304
7.16	18.516825346569323
7.17	16.512080330885684
7.18	20.97735521378143
7.19	16.138082341438658
7.2	17.723228835109413
7.21	17.286357521664957
7.22	14.132618376833754
7.23	16.400862889248415
7.24	16.366315620034715
7.25	20.325405984008174
7.26	23.769498401632895
7.2700000000000005	23.668336959858305
7.28	24.49516599559572
7.29	23.735198246955317
7.3	23.25746832253979
7.3100000000000005	21.979592415798482
7.32	17.387835934494746
7.33	17.799530257948632
7.34	14.447956512836567
7.3500000000000005	17.354169270970516
7.36	20.804330775224326
7.37	25.299807508532858
7.38	21.447001838864
7.390000000000001	19.658901391644758
7.4	20.040048834353026
7.41	21.9302826297464
7.42	22.636734201837854
7.43	20.586412252264555
7.44	23.634214384907196
7.45	26.15693346923833
7.46	30.794479022188842
7.47	28.492277760128133
7.48	24.19727164988421
7.49	20.55258796201547
7.5	21.81239985226653
7.51	24.08898009395178
7.5200000000000005	25.87969590377506
7.53	23.816094504923083
7.54	20.370453080412084
7.55	15.923814367093728
7.5600000000000005	14.433464856611804
7.57	12.231953872263848
7.58	13.923503444220172
7.59	11.909972225072678
7.6000000000000005	10.770696781322771
7.61	11.63805500600561
7.62	8.523456155541885
7.63	12.297838457337761
7.640000000000001	10.513024737216213
7.65	7.996746381261498
7.66	5.495144101561809
7.67	-0.10972733795033861
7.68	-2.4071081109074846
7.69	-8.889066160423369
7.7	-14.781516283856533
7.71	-14.72751795611313
7.72	-11.643558258895201
7.73	-11.687598241945981
7.74	-11.43847163715698
7.75	-15.09334753395683
7.76	-17.14861676780608
7.7700000000000005	-20.04233511995909
7.78	-30.780285101105743
7.79	-26.322324464619427
7.8	-21.738160806437183
7.8100000000000005	-18.255536465067397
7.82	-17.553066320930018
7.83	-23.776114473514355
7.84	-19.83787482465606
7.8500000000000005	-27.800742133131617
7.86	-22.006729898118397
7.87	-17.545729024999527
7.88	-14.519659929334107
7.890000000000001	-12.797863474569246
7.9	-11.034488640311102
7.91	-16.151725592769488
7.92	-18.044683390581977
7.930000000000001	-21.98643073943718
7.94	-21.86482349701269
7.95	-26.197598707756576
7.96	-24.59418553206959
7.97	-18.973993763924952
7.98	-16.05120220644984
7.99	-14.910557599550637
8.0	-17.33270245111443
8.01	-25.733862214767946
8.02	-24.439436641018066
8.03	-23.944377139928406
8.040000000000001	-24.156509847328177
8.05	-26.207118215005547
8.06	-25.636244263814014
8.07	-22.198222990850823
8.08	-18.041408227177808
8.09	-18.14673136095427
8.1	-17.767530556135686
8.11	-18.686802555078973
8.120000000000001	-18.11621860747825
8.13	-19.573606231388226
8.14	-17.366973928517428
8.15	-18.57795340312413
8.16	-25.08597956437076
8.17	-22.221173376278088
8.18	-23.854805530158462
8.19	-22.441004370322904
8.2	-17.234272579543866
8.21	-13.684057262600072
8.22	-14.425253921163264
8.23	-11.662090739766391
8.24	-11.783200238192396
8.25	-12.354580228401794
8.26	-14.697029343557421
8.27	-16.06187656315054
8.28	-14.148980488648041
8.290000000000001	-14.366593344939536
8.3	-14.088365169224327
8.31	-13.515367561559218
8.32	-14.360995873766237
8.33	-11.883977312534048
8.34	-14.754115274780071
8.35	-20.536866312798434
8.36	-23.469092635075278
8.370000000000001	-22.154732637129253
8.38	-20.508955057662305
8.39	-26.457278820522614
8.4	-29.276971513482668
8.41	-26.29163093058464
8.42	-26.225290343762353
8.43	-23.202238795528864
8.44	-29.58961070307048
8.45	-29.704083432374905
8.46	-24.67477158792866
8.47	-27.374090910241545
8.48	-21.24067936043625
8.49	-17.72693234807073
8.5	-20.610949330579412
8.51	-15.832123450642914
8.52	-15.021451289658875
8.53	-11.302238751721738
8.540000000000001	-13.929842096425613
8.55	-16.911290620331783
8.56	-14.887513537335304
8.57	-13.599863449788279
8.58	-13.144339791904603
8.59	-17.113733471527066
8.6	-17.039805100001605
8.61	-20.08680419668742
8.620000000000001	-18.294941138651676
8.63	-20.56991375890615
8.64	-22.9106228443464
8.65	-22.8223459188427
8.66	-22.236261895741652
8.67	-24.837167019463063
8.68	-21.586042111948522
8.69	-17.747772899626884
8.700000000000001	-19.885574535837417
8.71	-29.02206321066985
8.72	-26.42007165149558
8.73	-23.372533956412074
8.74	-17.886504973191787
8.75	-19.83186152666439
8.76	-19.51928992711416
8.77	-16.1252532706964
8.78	-16.868089599361472
8.790000000000001	-14.169939687210068
8.8	-13.499608305996645
8.81	-10.81191533083896
8.82	-14.10477879576491
8.83	-17.877781888595106
8.84	-18.52757596140361
8.85	-14.535189480334491
8.86	-13.522313100297207
8.870000000000001	-10.739794939758255
8.88	-13.71805727533642
8.89	-14.257307692214845
8.9	-13.180154194675033
8.91	-11.205347162348358
8.92	-15.850902649838842
8.93	-12.062952307734056
8.94	-8.414348013980408
8.950000000000001	-13.468825347125028
8.96	-11.698885518983214
8.97	-14.703560467771267
8.98	-13.348352443725434
8.99	-15.549572365614146
9.0	-13.68454520790861
9.01	-16.092095116828325
9.02	-16.501757488481125
9.03	-16.64224270417066
9.040000000000001	-16.94692401054773
9.05	-15.471278123028478
9.06	-14.339734304149749
9.07	-14.814248373853506
9.08	-20.33371100446255
9.09	-22.325436779753776
9.1	-21.451352607639517
9.11	-22.045594107395104
9.120000000000001	-24.900449419528382
9.13	-20.359442501691298
9.14	-16.053717755210048
9.15	-13.575810966638292
9.16	-10.01359248083257
9.17	-9.86843789055552
9.18	-9.074275504964206
9.19	-12.052819337459296
9.200000000000001	-17.18962330985052
9.21	-14.305716490079144
9.22	-17.39655526383621
9.23	-16.898954677684017
9.24	-13.068408700012995
9.25	-12.945635738622324
9.26	-13.82899467070424
9.27	-12.134095502438896
9.28	-11.397035585352173
9.290000000000001	-10.924746354553173
9.3	-9.975673325080995
9.31	-8.23915178777504
9.32	-8.6446689905463
9.33	-8.389383122060051
9.34	-9.021542530364702
9.35	-9.319402162460428
9.36	-8.04964755479967
9.370000000000001	-8.537221183589404
9.38	-8.715304531383442
9.39	-11.887273485656777
9.4	-10.5749521799698
9.41	-8.708899409999088
9.42	-8.377150939110294
9.43	-11.248572245520599
9.44	-13.591202586295124
9.450000000000001	-16.215895082996177
9.46	-19.23639200363455
9.47	-15.063335173731314
9.48	-13.107795320249629
9.49	-12.021890797322358
9.5	-9.64455567389662
9.51	-9.911170414973327
9.52	-10.2780144466783
9.53	-7.4301989306187295
9.540000000000001	-6.187944799196469
9.55	-2.2776299206418
9.56	3.4780778229562754
9.57	3.6829266119979254
9.58	-0.2606798515227996
9.59	-1.594549240373227
9.6	-5.639745433166526
9.61	-6.479448224562734
9.620000000000001	-8.132977899165514
9.63	-9.812078274455292
9.64	-8.639884662532026
9.65	-10.42974596958163
9.66	-16.615799549913806
9.67	-16.924333547743664
9.68	-13.942669758471375
9.69	-15.639562133084858
9.700000000000001	-14.885736510198416
9.71	-14.33352216702875
9.72	-15.69452082873573
9.73	-21.022440748891526
9.74	-21.57803487356467
9.75	-24.681204163008037
9.76	-24.434877259092822
9.77	-21.747685656801583
9.78	-22.862779456389866
9.790000000000001	-20.69191867198532
9.8	-19.277677237305497
9.81	-17.898242890765516
9.82	-16.655855564891883
9.83	-15.542815381882992
9.84	-13.53170039533131
9.85	-26.12067265874063
9.86	-23.084175603376323
9.870000000000001	-22.57358324243121
9.88	-20.55008110322552
9.89	-22.467919607107767
9.9	-18.33408276624002
9.91	-17.91332801058747
9.92	-15.993303534197594
9.93	-13.57048848621488
9.94	-14.275408230658538
9.950000000000001	-16.72508568334439
9.96	-17.5121597038674
9.97	-14.297225432960252
9.98	-15.662480980656605
9.99	-14.78370151373944
10.0	-11.942955003206603
10.01	-10.289097837886608
10.02	-16.45565222882821
10.03	-18.32023617850679
10.040000000000001	-18.082071792204392
10.05	-16.992299225080497
10.06	-13.623877378400207
10.07	-15.054031308238956
10.08	-16.939075566090768
10.09	-18.897931336306666
10.1	-15.643324194443052
10.11	-21.11222758696027
10.120000000000001	-18.907314873087543
10.13	-16.256536837883157
10.14	-16.146278540568858
10.15	-18.030680954230295
10.16	-13.508098238913394
10.17	-18.465214484549907
10.18	-18.53038212203964
10.19	-17.9965754525738
10.200000000000001	-20.54058614162584
10.21	-21.64913587282657
10.22	-18.90239724461185
10.23	-20.198614414605792
10.24	-19.461370691567264
10.25	-15.091043295445118
10.26	-12.650662061932168
10.27	-12.49966089672457
10.28	-16.406493384215185
10.290000000000001	-17.69816869588491
10.3	-20.274319759845547
10.31	-15.7820191373392
10.32	-13.28269495314081
10.33	-15.409703922066653
10.34	-12.288096078990755
10.35	-8.605965813121996
10.36	-7.603204318044536
10.370000000000001	-10.931472157588907
10.38	-11.493500752580674
10.39	-10.314617179121926
10.4	-12.251147065890036
10.41	-19.759737878048252
10.42	-20.048673959095666
10.43	-19.82916210621036
10.44	-17.881306534740514
10.450000000000001	-18.67818997036291
10.46	-20.364726549731632
10.47	-29.410998173043065
10.48	-26.84295584681332
10.49	-27.019066861205463
10.5	-25.630176957871445
10.51	-24.986447992629543
10.52	-22.223345247955127
10.53	-18.33596537996927
10.540000000000001	-14.672556059205641
10.55	-11.385201755314581
10.56	-11.297046497484398
10.57	-11.95537436247356
10.58	-24.74461676731289
10.59	-29.144744839325483
10.6	-23.980996155128746
10.61	-25.09303187482936
10.620000000000001	-20.554024489993964
10.63	-15.899205695522012
10.64	-14.350501754152448
10.65	-14.443264693689208
10.66	-22.261059598364792
10.67	-17.250467977542687
10.68	-13.3779916729552
10.69	-15.688826264786128
10.700000000000001	-12.001893887211349
10.71	-11.087072762780501
10.72	-12.06664664524736
10.73	-16.366150160700126
10.74	-17.54275076458236
10.75	-13.268948316253569
10.76	-11.513154688416169
10.77	-8.930191412735473
10.78	-6.6847305658227265
10.790000000000001	-7.987441841648764
10.8	-10.148971548382336
10.81	-19.767183610733735
10.82	-21.116884709265314
10.83	-21.9839182924018
10.84	-17.711432475704697
10.85	-15.437106938941955
10.86	-14.847806947668232
10.870000000000001	-19.480468108633474
10.88	-24.777625222776972
10.89	-22.587175923106894
10.9	-17.305622369715067
10.91	-14.178884376703376
10.92	-13.092995259559471
10.93	-16.175308222333463
10.94	-16.949055463880786
10.950000000000001	-15.928775264851675
10.96	-12.868063275499551
10.97	-10.36852997337045
10.98	-13.554294932164943
10.99	-12.714295040501227
11.0	-12.566896069739112
11.01	-11.681309193563674
11.02	-10.130243264433567
11.03	-11.376885551991558
11.040000000000001	-10.24223570096432
11.05	-7.4237982985025575
11.06	-4.35893711185774
11.07	-10.207894429951578
11.08	-16.139108293779163
11.09	-15.570232075176769
11.1	-15.831551379986205
11.11	-15.437647747723458
11.120000000000001	-13.392528265363223
11.13	-15.708520693647761
11.14	-17.189195486525367
11.15	-15.32996372578186
11.16	-18.570979077955887
11.17	-18.649590116248135
11.18	-17.029373905692605
11.19	-15.51877353199572
11.200000000000001	-13.420310941480972
11.21	-17.43563843915425
11.22	-17.215346747901588
11.23	-27.93104041923114
11.24	-25.05363604764166
11.25	-20.63750716143887
11.26	-15.975100739618268
11.27	-12.943448750653507
11.28	-10.984160648410677
11.290000000000001	-8.967376846874062
11.3	-8.098680746234391
11.31	-6.911291360030213
11.32	-6.486745707877552
11.33	-5.564550409713735
11.34	-5.92569398148646
11.35	-3.720429190562365
11.36	-6.817927501833887
11.370000000000001	-4.737482534353799
11.38	-8.228922534968
11.39	-5.388840886473343
11.4	-3.3625673285571858
11.41	-5.522090631803102
11.42	-0.252276585359939
11.43	0.4690113241722705
11.44	-2.436437730265535
11.450000000000001	-7.2429128348126595
11.46	-8.364716852974613
11.47	-5.8705297006937815
11.48	-4.110310371061445
11.49	-7.820586876579612
11.5	-17.17749147056003
11.51	-20.13195441928118
11.52	-21.14012754638581
11.53	-19.147368388767465
11.540000000000001	-22.409878511852725
11.55	-27.53484601765267
11.56	-22.968614889389706
11.57	-28.58056550323824
11.58	-22.518936928180654
11.59	-18.106698648810635
11.6	-18.848489571087207
11.61	-17.30680906269673
11.620000000000001	-16.41015543681823
11.63	-15.93492912853352
11.64	-15.814494861283494
11.65	-17.23387240516599
11.66	-22.469427656641177
11.67	-30.94478824343057
11.68	-26.352107842493233
11.69	-20.218750791806873
11.700000000000001	-17.24724380079882
11.71	-17.237211818848753
11.72	-18.042384062591484
11.73	-20.63152513341818
11.74	-18.530661800129824
11.75	-18.870171688454377
11.76	-15.124943131955417
11.77	-11.751862222439607
11.78	-8.303330499569904
11.790000000000001	-9.274883853512286
11.8	-9.832343933580033
11.81	-7.9296973991955575
11.82	-9.36251589687888
11.83	-11.218343892509864
11.84	-10.434767809444235
11.85	-7.377425175459919
11.86	-6.197209249765746
11.870000000000001	-7.48074360503202
11.88	-8.153275705555208
11.89	-9.128446831735713
11.9	-11.047179429855108
11.91	-16.049901534092957
11.92	-19.82329577193418
11.93	-15.3706703244339
11.94	-15.94538293191081
11.950000000000001	-12.32013328444012
11.96	-10.246931714473652
11.97	-15.651987715841038
11.98	-12.613732955372763
11.99	-14.659494525503423
12.0	-13.99000262377892
12.01	-10.486361481881797
12.02	-6.624832596054555
12.030000000000001	-5.473345396850871
12.040000000000001	-7.78887804764693
12.05	-12.886561343145035
12.06	-12.076985305849828
12.07	-13.71695809791626
12.08	-13.151046676665986
12.09	-11.228426306050277
12.1	-16.88330435095055
12.11	-33.010681776911184
12.120000000000001	-28.512744030203013
12.13	-23.55009774715998
12.14	-23.095498200144235
12.15	-18.895389473736078
12.16	-23.26495188528501
12.17	-19.52389189871302
12.18	-23.04881496224813
12.19	-26.77017679684815
12.200000000000001	-20.873006629389735
12.21	-24.35198147688315
12.22	-26.31666500220435
12.23	-24.62967393073144
12.24	-24.11158952974883
12.25	-18.911429146031047
12.26	-22.19433364914333
12.27	-21.200429981947224
12.280000000000001	-20.42238281845992
12.290000000000001	-17.88518898536302
12.3	-14.212813624667605
12.31	-13.552821740937187
12.32	-12.827495184013582
12.33	-13.540166585280144
12.34	-20.383715092261138
12.35	-16.00209548844735
12.36	-13.025709878036874
12.370000000000001	-12.371585209927883
12.38	-11.106642371898404
12.39	-19.221470845354514
12.4	-15.416658825653201
12.41	-12.967191091812206
12.42	-15.755413558559608
12.43	-14.968793013005424
12.44	-11.036534965233384
12.450000000000001	-7.283876651365936
12.46	-5.103363138281908
12.47	-4.469034315707115
12.48	-5.570872734095452
12.49	-10.521524044394136
12.5	-12.68209168175225
12.51	-10.905100083205117
12.52	-10.689487247678288
12.530000000000001	-12.729898387636418
12.540000000000001	-9.887516765904646
12.55	-10.618043744338953
12.56	-16.470771439821643
12.57	-13.584504391776873
12.58	-16.636984854966506
12.59	-16.565274774138143
12.6	-18.312703575700652
12.61	-14.418132992123164
12.620000000000001	-15.667964817174658
12.63	-12.67852281360136
12.64	-10.23379855764615
12.65	-9.163206517055865
12.66	-9.650833696537722
12.67	-7.989888487659339
12.68	-9.588055675530237
12.69	-11.101623076481724
12.700000000000001	-15.333232336157003
12.71	-15.416420446586777
12.72	-11.957704450971876
12.73	-10.226004253598132
12.74	-13.779322201328199
12.75	-14.2857501887725
12.76	-14.510686918161623
12.77	-17.85526576519681
12.780000000000001	-24.312135093103418
12.790000000000001	-21.28176327683881
12.8	-24.65017727621095
12.81	-23.617862296939766
12.82	-23.252607693306683
12.83	-27.956318335894
12.84	-31.009458375751844
12.85	-34.81141612442916
12.86	-32.90075411157184
12.870000000000001	-32.209926983778715
12.88	-28.266369484503922
12.89	-21.641467054356973
12.9	-16.79075362158885
12.91	-12.312387905460193
12.92	-11.877532577149825
12.93	-9.548245374158615
12.94	-9.522204347336407
12.950000000000001	-9.57898521929606
12.96	-11.758482259717786
12.97	-10.258917424479781
12.98	-10.079969473564395
12.99	-14.085190138375046
13.0	-12.016319504118496
13.01	-10.911570759634424
13.02	-15.561776683574385
13.030000000000001	-15.134411646944205
13.040000000000001	-20.529424596801668
13.05	-26.034795339083516
13.06	-20.0305153991194
13.07	-27.24952101918212
13.08	-25.369495390614183
13.09	-24.209896742231113
13.1	-18.809241465995406
13.11	-17.49982776665452
13.120000000000001	-13.79050045536396
13.13	-12.755977788291093
13.14	-12.808248111464888
13.15	-23.45524340058483
13.16	-18.398469048435896
13.17	-17.194541094631994
13.18	-15.14740309654434
13.19	-12.795373972092762
13.200000000000001	-22.43132769234449
13.21	-22.868322033507578
13.22	-22.965605323759007
13.23	-18.439929360373387
13.24	-22.736999974158888
13.25	-22.085233818723587
13.26	-18.35118814720224
13.27	-17.719851198684534
13.280000000000001	-16.28351205471496
13.290000000000001	-15.312888397287306
13.3	-17.849288953019904
13.31	-15.046707810649462
13.32	-11.95097226057281
13.33	-9.447406085916425
13.34	-10.410036789327304
13.35	-8.684540483666975
13.36	-15.579862081104023
13.370000000000001	-19.866232727592816
13.38	-21.175872927827097
13.39	-24.79413701011621
13.4	-20.884636990638178
13.41	-20.62803134591713
13.42	-29.59168175015096
13.43	-26.865395953834838
13.44	-26.468824674349737
13.450000000000001	-24.168606843296054
13.46	-23.787327569275007
13.47	-25.90929027498571
13.48	-22.143298643302973
13.49	-23.033427008252755
13.5	-18.453499010452987
13.51	-16.194236154813712
13.52	-14.043558157949045
13.530000000000001	-15.141158190131764
13.540000000000001	-13.526583759214018
13.55	-16.46513519812916
13.56	-22.07570351158747
13.57	-19.285151180981195
13.58	-16.531542865561683
13.59	-19.262321591556788
13.6	-16.593094284455727
13.61	-17.524255405951013
13.620000000000001	-14.460855834753131
13.63	-21.50811039153719
13.64	-23.325443013273823
13.65	-23.405521124117765
13.66	-18.913225493299024
13.67	-17.512140593365416
13.68	-19.232419456614064
13.69	-18.24829008462755
13.700000000000001	-14.165380124611051
13.71	-16.54794266838152
13.72	-12.48699500821488
13.73	-18.10307412440401
13.74	-13.731867988608133
13.75	-13.821659232545704
13.76	-18.49177943495472
13.77	-25.454094682019164
13.780000000000001	-27.13314999039429
13.790000000000001	-25.292142199358118
13.8	-27.119513856690514
13.81	-20.926952873153212
13.82	-16.782493053017426
13.83	-15.608699317878173
13.84	-12.029374124012229
13.85	-7.64369412301927
13.86	-6.0283585746059
13.870000000000001	-8.260041081437304
13.88	-12.141188138846497
13.89	-12.919140596797735
13.9	-13.599157580011685
13.91	-13.768566795023052
13.92	-12.517697124800957
13.93	-14.621544294006108
13.94	-14.339930471482432
13.950000000000001	-10.7786291375654
13.96	-7.913816021079806
13.97	-7.4452166007368445
13.98	-8.211427624567069
13.99	-13.95328690799547
14.0	-17.863869465083262
14.01	-17.804168812468436
14.02	-19.968002079348732
14.030000000000001	-20.414298443240035
14.040000000000001	-17.296348353276134
14.05	-21.285305700814714
14.06	-28.780592470950335
14.07	-27.035687031629703
14.08	-22.76479075039136
14.09	-19.331652785108375
14.1	-20.619364745346942
14.11	-22.3213339244092
14.120000000000001	-17.99712157246728
14.13	-17.366848439034644
14.14	-16.52671036419639
14.15	-19.56747116475902
14.16	-22.147936035015828
14.17	-17.18710349623476
14.18	-12.652560086886712
14.19	-14.746618081092826
14.200000000000001	-11.626423213180548
14.21	-9.331295807515682
14.22	-8.55187592391435
14.23	-9.953465305710337
14.24	-13.639700291483383
14.25	-12.294680107966212
14.26	-14.197182611223722
14.27	-12.346405204405105
14.280000000000001	-9.791480133899167
14.290000000000001	-9.166380147976989
14.3	-9.914620587321249
14.31	-10.191620170977092
14.32	-9.360668964290042
14.33	-7.06815841513954
14.34	-5.811814061457308
14.35	-10.269516791515022
14.36	-16.129786687058655
14.370000000000001	-15.610460030555043
14.38	-12.350639215194207
14.39	-11.870242762825578
14.4	-9.57020429143893
14.41	-12.734739302869093
14.42	-18.06755964410881
14.43	-14.726389570813572
14.44	-16.314856338278346
14.450000000000001	-16.345416401510647
14.46	-26.349123418796694
14.47	-28.54415287346675
14.48	-25.50983906761875
14.49	-23.940502996349743
14.5	-21.379615684456542
14.51	-19.490804799161893
14.52	-17.658951913176768
14.530000000000001	-22.2476228278074
14.540000000000001	-20.89195094915758
14.55	-21.359502999570925
14.56	-18.067202624964615
14.57	-18.212437884779273
14.58	-18.544032691401238
14.59	-14.550612089936946
14.6	-11.698399339566508
14.61	-13.733250842749696
14.620000000000001	-12.247069446895154
14.63	-17.514989884811417
14.64	-17.871864937717646
14.65	-16.52134254583357
14.66	-15.73083683247193
14.67	-19.820714384038517
14.68	-18.246174549990226
14.69	-17.198087399984228
14.700000000000001	-15.229104257907657
14.71	-25.709813045612517
14.72	-21.148433645653043
14.73	-18.113573460816166
14.74	-25.475261506179542
14.75	-21.161633455423534
14.76	-21.26404380476174
14.77	-21.87500611317129
14.780000000000001	-23.255904121850207
14.790000000000001	-20.687559062190026
14.8	-17.21327575919271
14.81	-22.194152798599955
14.82	-19.860944010860525
14.83	-18.855396669108607
14.84	-21.520177904397986
14.85	-18.24248564241681
14.86	-17.507846896793648
14.870000000000001	-17.823517331867432
14.88	-16.32981276506059
14.89	-17.346948283928274
14.9	-15.564045910538905
14.91	-14.609906297854106
14.92	-15.731299271912958
14.93	-12.924490039178595
14.94	-11.43084805490533
14.950000000000001	-11.297492147117689
14.96	-17.333617563979406
14.97	-21.101419410266544
14.98	-22.597766987407518
14.99	-22.90104098175382
15.0	-18.64220878614201
15.01	-27.72431081238288
15.02	-32.16456488043645
15.030000000000001	-25.625095694561846
15.040000000000001	-26.99669511796875
15.05	-24.136229966604162
15.06	-20.50889478953493
15.07	-27.714328711372065
15.08	-22.782191052024686
15.09	-20.883904519925874
15.1	-21.309430483948685
15.11	-18.49848767783882
15.120000000000001	-18.655116985324163
15.13	-25.41573329270853
15.14	-19.57008620726935
15.15	-15.072609525728348
15.16	-13.96954039479453
15.17	-11.092653760421538
15.18	-10.487726312564513
15.19	-13.837771745126505
15.200000000000001	-18.02845930554348
15.21	-18.652266823066135
15.22	-19.67231858519223
15.23	-20.62745956398294
15.24	-17.510816238610026
15.25	-18.340401273366542
15.26	-16.03924085440799
15.27	-14.034706285692353
15.280000000000001	-11.468011422436845
15.290000000000001	-14.137764387889332
15.3	-12.863632184450081
15.31	-18.877517404408547
15.32	-19.51819021949694
15.33	-21.77230648966364
15.34	-18.158021436843445
15.35	-24.805826894828076
15.36	-23.951093762161396
15.370000000000001	-18.327504085430515
15.38	-15.973736259575745
15.39	-18.15494910636959
15.4	-18.6713710551481
15.41	-14.917599278221275
15.42	-13.477944202304368
15.43	-11.667424895768841
15.44	-11.027987863583158
15.450000000000001	-10.273433522405547
15.46	-16.615522507042407
15.47	-13.27908975156947
15.48	-10.702343048656683
15.49	-10.681307668198357
15.5	-20.594301272239854
15.51	-16.082762468293094
15.52	-14.744852810034162
15.530000000000001	-12.030326288818243
15.540000000000001	-12.766290070690106
15.55	-11.033845058397649
15.56	-9.373564557802457
15.57	-8.889083361309288
15.58	-10.280945240116587
15.59	-8.14377819965879
15.6	-10.611130341776086
15.610000000000001	-13.506504429210953
15.620000000000001	-10.331835325111749
15.63	-6.6911444941605644
15.64	-4.913649181501002
15.65	-4.654711892435585
15.66	-10.131689243771392
15.67	-17.74430194475187
15.68	-19.533954859273383
15.69	-17.37942953212768
15.700000000000001	-23.562511299915005
15.71	-22.832339001931242
15.72	-21.45048183225361
15.73	-18.690800824872433
15.74	-14.565920446278671
15.75	-13.049539938873648
15.76	-10.396865166492221
15.77	-16.35352841586975
15.780000000000001	-12.90324220683501
15.790000000000001	-14.2719348393497
15.8	-20.217848164434198
15.81	-20.262268715745652
15.82	-21.42461724004863
15.83	-20.29035159312529
15.84	-19.86557391800746
15.85	-25.27459456085627
15.860000000000001	-23.95244187728144
15.870000000000001	-20.24942144385379
15.88	-17.42198947170938
15.89	-16.68212233660698
15.9	-18.741196939888642
15.91	-18.246699576248233
15.92	-14.495439552357732
15.93	-15.2694950920108
15.94	-13.43292655840805
15.950000000000001	-11.87211520066711
15.96	-12.069102344729233
15.97	-22.582929979753438
15.98	-21.445075724421873
15.99	-27.66486358688897
16.0	-22.6597444528122
16.01	-22.967654109262863
16.02	-24.597851284513254
16.03	-18.878731207276445
16.04	-18.390210033657684
16.05	-17.847098594355444
16.06	-20.01258795312266
16.07	-21.326826879417457
16.080000000000002	-19.644287362126267
16.09	-23.043498884293054
16.1	-19.791128244053155
16.11	-20.90240881658957
16.12	-20.817490312643052
16.13	-18.154902958961166
16.14	-14.202753251158878
16.15	-11.100338915567383
16.16	-8.702988316170526
16.17	-8.476835847301812
16.18	-8.127157300410019
16.19	-8.40062050899382
16.2	-10.386207248823684
16.21	-14.128392548941191
16.22	-29.257268429682618
16.23	-33.04964537997359
16.240000000000002	-34.14585801271247
16.25	-32.62485973798293
16.26	-32.45798658781243
16.27	-31.17621518963723
16.28	-27.94103387707595
16.29	-22.888726842186983
16.3	-23.4614889283035
16.31	-24.088744255488056
16.32	-20.371128797391563
16.330000000000002	-18.552549208046628
16.34	-24.752431661400916
16.35	-26.96666346860374
16.36	-28.154716949973192
16.37	-27.323618893674546
16.38	-28.80186228703804
16.39	-24.613712387908155
16.4	-22.780924456214272
16.41	-18.16158284447774
16.42	-16.759539621166027
16.43	-17.834263894888277
16.44	-21.92737603434192
16.45	-18.78358130741693
16.46	-23.3459500657942
16.47	-27.82755550535034
16.48	-24.06393343282531
16.490000000000002	-26.055799647026895
16.5	-25.115137834346307
16.51	-23.597770557823782
16.52	-22.663772220017385
16.53	-22.340695026195707
16.54	-19.762868746520777
16.55	-16.13708566061154
16.56	-16.075413263016685
16.57	-13.301681581462251
16.580000000000002	-10.705646116539015
16.59	-9.162224679555207
16.6	-11.187453386560854
16.61	-15.018486559972363
16.62	-19.62759095318772
16.63	-17.97407945992018
16.64	-18.101661093526815
16.65	-14.037209974816399
16.66	-12.162689859597219
16.67	-13.632227726771525
16.68	-10.588608778272773
16.69	-9.818316355067426
16.7	-12.029664702255111
16.71	-10.773293290018632
16.72	-10.615670582253816
16.73	-12.504872215225358
16.740000000000002	-14.529346060513268
16.75	-15.41008251607643
16.76	-16.191129423202508
16.77	-15.64211626302941
16.78	-16.064492131685434
16.79	-21.059219826606817
16.8	-17.575285355139158
16.81	-19.50250629485504
16.82	-14.943475307650708
16.830000000000002	-12.731687229674737
16.84	-13.222614286635187
16.85	-12.097631906404077
16.86	-11.494038922029741
16.87	-14.963276123621528
16.88	-14.21131902060283
16.89	-13.49046779931513
16.9	-17.460603058659736
16.91	-27.320954814940713
16.92	-22.192518800636496
16.93	-18.858046734322553
16.94	-16.032944423021604
16.95	-14.446815245492568
16.96	-18.938807218013938
16.97	-18.64852164859507
16.98	-20.066740398535146
16.990000000000002	-16.587784612892936
17.0	-15.360138473375441
17.01	-20.079739806527368
17.02	-20.555830857402476
17.03	-20.462151033464657
17.04	-26.583621381843486
17.05	-28.045509105820692
17.06	-26.677980731776444
17.07	-22.110608247462594
17.080000000000002	-18.111385233040437
17.09	-14.214289029844602
17.1	-12.64739416495398
17.11	-8.821138720235009
17.12	-8.668568155320388
17.13	-7.049322011528794
17.14	-8.312994096913219
17.150000000000002	-14.923339069317107
17.16	-15.376567205456404
17.17	-17.75462999806165
17.18	-26.195996126496194
17.19	-20.590904667264528
17.2	-17.302107465232158
17.21	-15.772168260914798
17.22	-15.77371706268746
17.23	-14.921819814823278
17.240000000000002	-16.55370720756082
17.25	-18.9873793079106
17.26	-26.676047206656193
17.27	-25.027235923949807
17.28	-19.905712028280977
17.29	-16.553193928216693
17.3	-21.45583645296101
17.31	-21.14697690469148
17.32	-17.67997891939042
17.330000000000002	-15.206440580399576
17.34	-21.982536590617187
17.35	-21.58846267679069
17.36	-25.559975855942472
17.37	-21.76629958299057
17.38	-25.29674104107929
17.39	-28.253495128916086
17.400000000000002	-31.58533920606223
17.41	-30.03583472104495
17.42	-27.565474672559247
17.43	-30.375288576448217
17.44	-27.163748867287648
17.45	-30.761574323496163
17.46	-25.275047440111997
17.47	-26.242976811406166
17.48	-20.46905480563741
17.490000000000002	-15.859510346071394
17.5	-20.598739643243388
17.51	-17.394817928496217
17.52	-17.62610096272763
17.53	-18.14372855631975
17.54	-17.845619915947996
17.55	-21.909391717019684
17.56	-18.439096084144047
17.57	-20.976176809351056
17.580000000000002	-17.309427727584822
17.59	-22.345349954438728
17.6	-21.23667060183528
17.61	-20.57230183792566
17.62	-21.093738446319694
17.63	-25.35601171945973
17.64	-25.369415695174347
17.650000000000002	-20.114125166926197
17.66	-19.1031138444193
17.67	-23.025926373122445
17.68	-35.29379009147258
17.69	-28.39610101174001
17.7	-22.416134358655224
17.71	-18.14053200560882
17.72	-16.378433279008863
17.73	-22.86108554241602
17.740000000000002	-25.67715716539289
17.75	-23.48052364595163
17.76	-22.705871621416545
17.77	-20.946250339160805
17.78	-16.539443810174145
17.79	-14.30732536038804
17.8	-15.076296683086158
17.81	-17.62452282213229
17.82	-22.831767345967332
17.830000000000002	-18.18732148310301
17.84	-15.477856751496256
17.85	-16.017790275353374
17.86	-12.008470599794268
17.87	-12.48491854022969
17.88	-10.293942489326913
17.89	-11.32930084302997
17.900000000000002	-14.188828211747033
17.91	-13.263689761796083
17.92	-12.99966337167299
17.93	-9.995365261631296
17.94	-8.900837610793007
17.95	-7.085692038412713
17.96	-5.577188943466427
17.97	-4.860680610094369
17.98	-4.640027257552586
17.990000000000002	-4.978481268152404
18.0	-4.2592919485095
18.01	-1.6228590975633084
18.02	-2.0187211319656195
18.03	-2.3520504868359042
18.04	-9.528146372548576
18.05	-7.619334944006183
18.06	-5.781386636906784
18.07	-11.181868756332452
18.080000000000002	-12.69342148088127
18.09	-10.499571753086743
18.1	-8.725569420147515
18.11	-7.32712680295829
18.12	-6.433904081021548
18.13	-7.614649756887529
18.14	-6.361183684982976
18.150000000000002	-4.4605731595622045
18.16	-3.5054236025077072
18.17	-3.57453040462924
18.18	-3.9521771695803114
18.19	-2.6822562244085053
18.2	-7.2458581384858425
18.21	-8.45181160086471
18.22	-8.573140463851443
18.23	-6.092543135610981
18.240000000000002	-3.6796798043394867
18.25	-4.102117037045539
18.26	-5.049720682719959
18.27	-6.519026514847101
18.28	-7.859021112420711
18.29	-7.668214726844496
18.3	-5.740475763600277
18.31	-5.093068444954562
18.32	-4.256926226458347
18.330000000000002	-5.269729118125588
18.34	-4.9878976062249905
18.35	-3.693392750403304
18.36	-2.6869700928798514
18.37	-2.2494100418185674
18.38	-6.2851782187576335
18.39	-6.976267479891478
18.400000000000002	-5.268061218022402
18.41	-5.059739141950415
18.42	-10.023924282427991
18.43	-14.56798307842864
18.44	-11.341238078794992
18.45	-11.725743643699007
18.46	-12.758824137802577
18.47	-10.849918416149523
18.48	-11.5977837504457
18.490000000000002	-12.469593016729895
18.5	-12.280838539989182
18.51	-9.86362341271779
18.52	-18.684338358503407
18.53	-19.982727663707017
18.54	-20.11142940813298
18.55	-15.332258430552367
18.56	-11.97015005576093
18.57	-13.462102205454551
18.580000000000002	-12.955066932328021
18.59	-14.123463707717029
18.6	-10.80107256108142
18.61	-10.850339192323238
18.62	-9.291641569781579
18.63	-9.01195022683251
18.64	-13.562835446931983
18.650000000000002	-13.174376703363196
18.66	-16.868962073620146
18.67	-18.453270471303558
18.68	-14.774086556778936
18.69	-11.277356287394172
18.7	-12.414768183526538
18.71	-14.135344504513332
18.72	-10.636051039644311
18.73	-11.054972785282581
18.740000000000002	-11.7010366663429
18.75	-10.755314097151125
18.76	-7.946118434559438
18.77	-10.032718069791903
18.78	-14.908286828577372
18.79	-19.33784746549548
18.8	-30.904565044618497
18.81	-33.06071788758734
18.82	-28.98932431086479
18.830000000000002	-23.780840396425397
18.84	-20.24813937928947
18.85	-16.37708492774553
18.86	-15.472519114663609
18.87	-12.323601485861143
18.88	-14.044903621398547
18.89	-14.699013841031746
18.900000000000002	-14.62951811722026
18.91	-13.419799847377343
18.92	-10.90796875513584
18.93	-16.785629598397776
18.94	-17.27454536875996
18.95	-19.314815053005937
18.96	-18.130564049060496
18.97	-14.427730355373269
18.98	-14.525942359153252
18.990000000000002	-13.196503201679706
19.0	-10.11635456007716
19.01	-9.902446501968488
19.02	-7.265596680708732
19.03	-5.75629712675059
19.04	-4.705372983620401
19.05	-10.827608273715889
19.06	-9.558920781503344
19.07	-11.264396533014772
19.080000000000002	-13.582285480154265
19.09	-17.849886884039552
19.1	-17.256060886505605
19.11	-15.417312115955719
19.12	-12.46273001063655
19.13	-14.631916125974804
19.14	-11.8060652802461
19.150000000000002	-10.059266894929852
19.16	-15.472661245421289
19.17	-14.14318570487216
19.18	-15.85585797246162
19.19	-18.622160742649257
19.2	-19.22922964528698
19.21	-15.363992981475727
19.22	-14.203954099250502
19.23	-13.737468554677083
19.240000000000002	-14.479396718715668
19.25	-17.484633160766535
19.26	-16.872146614137524
19.27	-16.804448049612343
19.28	-15.166595840271475
19.29	-14.746864396614948
19.3	-11.763439122696715
19.31	-9.786484513191612
19.32	-8.636602062811864
19.330000000000002	-8.868342080826357
19.34	-12.340325154890792
19.35	-9.616783030008412
19.36	-8.27632337036671
19.37	-7.3532287146464235
19.38	-6.721309959855736
19.39	-9.74450976187764
19.400000000000002	-8.715409087904192
19.41	-9.466409597503707
19.42	-8.309148888118424
19.43	-9.077917292190483
19.44	-12.075889689118858
19.45	-17.177561892392625
19.46	-21.862983058799824
19.47	-19.159813635281665
19.48	-25.280114936129852
19.490000000000002	-19.897316911610755
19.5	-22.18198770327917
19.51	-19.188130785672914
19.52	-19.455863377748802
19.53	-16.293381140510455
19.54	-20.63323235445417
19.55	-19.518945184046583
19.56	-22.175579608318394
19.57	-25.255214709594316
19.580000000000002	-20.83934989179758
19.59	-17.147877229014362
19.6	-18.588462053409536
19.61	-16.784690590996025
19.62	-18.46437394984657
19.63	-14.458855145766748
19.64	-13.679180233873426
19.650000000000002	-13.468328827858054
19.66	-13.282812242728525
19.67	-11.440639521843762
19.68	-12.937401570953833
19.69	-12.605923377737977
19.7	-9.508557360628288
19.71	-8.925217949097432
19.72	-9.968705009628447
19.73	-11.12988662238023
19.740000000000002	-8.02118510840251
19.75	-7.542163324188579
19.76	-8.449428481427665
19.77	-6.926135581618855
19.78	-9.984145112741393
19.79	-10.220756888941272
19.8	-12.757001393175306
19.81	-23.36340919979457
19.82	-18.1698411132074
19.830000000000002	-15.650667539013426
19.84	-14.286097382543153
19.85	-13.082602466269956
19.86	-20.334804212543528
19.87	-21.742983754839244
19.88	-19.708558715714272
19.89	-24.2619143307654
19.900000000000002	-21.715165918070667
19.91	-16.6221718216373
19.92	-17.010179243597534
19.93	-19.66737179894833
19.94	-26.22174487175898
19.95	-27.5520348190557
19.96	-24.862371154704487
19.97	-24.92155413754046
19.98	-33.538401445090486
19.990000000000002	-27.552958863624553
20.0	-23.535713725916587
20.01	-18.98211692585112
20.02	-18.57062260408107
20.03	-14.123073015277269
20.04	-9.90249710050515
20.05	-7.35735399961009
20.06	-10.119391203732146
20.07	-10.178697604070692
20.080000000000002	-12.235002078480045
20.09	-14.42564731285521
20.1	-16.468577264303487
20.11	-14.059795824807575
20.12	-15.051674456227756
20.13	-17.51848181007185
20.14	-19.23552939872473
20.150000000000002	-18.690483187248436
20.16	-20.783114678874643
20.17	-25.649788048784913
20.18	-22.541353869119867
20.19	-26.348336379326675
20.2	-24.09909328283314
20.21	-33.67064281037213
20.22	-35.04460404517858
20.23	-29.337129784913987
20.240000000000002	-25.317888722837136
20.25	-23.654538138347146
20.26	-22.44093593261458
20.27	-29.552416889185913
20.28	-26.832152496431178
20.29	-28.950112908285373
20.3	-27.06524030023355
20.31	-26.51705304385868
20.32	-24.84291728111486
20.330000000000002	-27.49000164923296
20.34	-24.1785822548479
20.35	-22.399937827370714
20.36	-21.86947187183199
20.37	-23.12258634767144
20.38	-21.082272473455635
20.39	-19.18338489595812
20.400000000000002	-19.85298553941217
20.41	-16.26557101585048
20.42	-15.455499947546778
20.43	-22.502259562007744
20.44	-18.018379714069823
20.45	-16.75203578076951
20.46	-15.206921653615627
20.47	-14.265414296484852
20.48	-13.603636507573269
20.490000000000002	-17.245696814147628
20.5	-20.654803346907293
20.51	-19.537091043839933
20.52	-18.880941239059826
20.53	-19.248975256209896
20.54	-23.163947738612574
20.55	-23.630485681603492
20.56	-20.591464433822434
20.57	-22.211911968530018
20.580000000000002	-17.03768779645913
20.59	-13.258473365655892
20.6	-9.745523139965588
20.61	-9.02270940645473
20.62	-9.029209728211356
20.63	-11.1730267984329
20.64	-9.170241567751486
20.650000000000002	-7.103703595692549
20.66	-7.5814785195138485
20.67	-7.799066832482049
20.68	-6.459459869098425
20.69	-16.66851193444879
20.7	-16.516552481476218
20.71	-13.826880054795824
20.72	-15.112151557505639
20.73	-17.80854708876548
20.740000000000002	-17.30792948308584
20.75	-15.16128402090151
20.76	-13.03529771021697
20.77	-14.21168405962434
20.78	-11.986353120453192
20.79	-9.75022796218646
20.8	-8.969425547417709
20.81	-12.114052334248395
20.82	-9.33128713834031
20.830000000000002	-11.409282893862533
20.84	-8.598102409443776
20.85	-9.523187388362299
20.86	-8.53254548634025
20.87	-12.915343532543554
20.88	-17.96249934780932
20.89	-15.82820479330714
20.900000000000002	-12.894223277519393
20.91	-12.243329134184112
20.92	-11.063309255598568
20.93	-12.186614922550444
20.94	-12.824827943898754
20.95	-13.42159524155617
20.96	-20.38190443402822
20.97	-21.601513250293642
20.98	-21.05959469266387
20.990000000000002	-23.81234719420174
21.0	-23.624466778797224
21.01	-19.106279172467083
21.02	-15.517596660245053
21.03	-14.022214530577434
21.04	-15.178521878789025
21.05	-13.012483508552386
21.06	-14.005707560583385
21.07	-19.260416049920067
21.080000000000002	-19.70129357498215
21.09	-19.055360203367325
21.1	-18.21704871395705
21.11	-21.17016227398736
21.12	-27.853426895591873
21.13	-29.56845209912079
21.14	-25.66263406390849
21.150000000000002	-21.009611524093103
21.16	-20.74035874361785
21.17	-18.438028009804427
21.18	-14.950043725394876
21.19	-12.689034852945468
21.2	-11.731363216183484
21.21	-11.010323240625503
21.22	-15.994389802294616
21.23	-17.988255584277773
21.240000000000002	-16.058181246634632
21.25	-21.109572704789322
21.26	-17.555196454709
21.27	-14.377673247975496
21.28	-12.109798761899707
21.29	-17.24065152761609
21.3	-17.51048288543079
21.31	-14.432190368630508
21.32	-13.375482324306011
21.330000000000002	-9.991608564238813
21.34	-16.081275398910794
21.35	-17.543465841052402
21.36	-18.160020306575735
21.37	-14.239561558765349
21.38	-11.863873005834394
21.39	-22.89272450567396
21.400000000000002	-30.42953233639742
21.41	-32.233424555674816
21.42	-27.688144768696702
21.43	-22.39383969906311
21.44	-20.934284655791068
21.45	-18.037550549731673
21.46	-16.33282079321467
21.47	-13.893236184751759
21.48	-12.157191883967284
21.490000000000002	-17.077598277308482
21.5	-14.312306557044764
21.51	-11.57823399345012
21.52	-8.327650578056492
21.53	-9.124424431970725
21.54	-6.582577551574794
21.55	-6.888192442350351
21.56	-6.255876968220361
21.57	-3.514576295511026
21.580000000000002	-5.769814267797158
21.59	-8.225458981640159
21.6	-7.675781775676119
21.61	-10.159081334387114
21.62	-11.498433799987557
21.63	-9.686730573397538
21.64	-11.708736655989979
21.650000000000002	-12.574465371594883
21.66	-17.013372167698112
21.67	-16.556118834604128
21.68	-12.70386422570196
21.69	-10.27510953174534
21.7	-11.18322833383257
21.71	-10.426800602691685
21.72	-8.001827275385088
21.73	-5.79528916969116
21.740000000000002	-8.130426734348664
21.75	-10.771623959879335
21.76	-10.381628373438994
21.77	-7.28345732447413
21.78	-7.248912383880113
21.79	-12.449192346745967
21.8	-17.28582818224032
21.81	-15.512058689017977
21.82	-12.922594500861246
21.830000000000002	-13.545778563536693
21.84	-14.457562100004685
21.85	-24.13260546458716
21.86	-20.836294186381366
21.87	-17.508801864842294
21.88	-14.378076267871483
21.89	-15.96171887952962
21.900000000000002	-16.376574021872514
21.91	-13.572919620880578
21.92	-10.737688939986642
21.93	-10.880191383697772
21.94	-9.960253381436562
21.95	-9.635667783229096
21.96	-7.212191061860099
21.97	-7.296522150514542
21.98	-9.124285457562609
21.990000000000002	-10.384663405168876
22.0	-11.138717904615495
22.01	-15.473245537098638
22.02	-12.870936025743793
22.03	-18.756649224537412
22.04	-25.543447344881436
22.05	-21.893853089551154
22.06	-20.753264658033867
22.07	-24.249696308664763
22.080000000000002	-23.16084267578395
22.09	-36.632340993670745
22.1	-30.82542236733702
22.11	-25.984225112091647
22.12	-23.911318231367197
22.13	-20.638072963567524
22.14	-15.875899374151144
22.150000000000002	-13.098618947949646
22.16	-13.88851113687697
22.17	-14.79805505949397
22.18	-11.725954375389394
22.19	-11.54208460975992
22.2	-10.187177647143605
22.21	-14.409774371610034
22.22	-14.312421082609287
22.23	-16.436982205677076
22.240000000000002	-17.550738994410207
22.25	-18.94180968725355
22.26	-15.385125097538324
22.27	-21.044346375070283
22.28	-23.66190194631466
22.29	-18.37555168502666
22.3	-16.667030389124577
22.31	-15.073382186015525
22.32	-16.63769015317776
22.330000000000002	-19.722964811910867
22.34	-35.12642362172172
22.35	-28.95570709222977
22.36	-30.414199464677914
22.37	-23.75379925643089
22.38	-20.24954448707817
22.39	-18.981842274679284
22.400000000000002	-21.362080293291466
22.41	-20.455097519696075
22.42	-25.491451210605817
22.43	-23.322761650304276
22.44	-21.03087157382921
22.45	-18.219787129477517
22.46	-23.25177895629577
22.47	-21.04884029344328
22.48	-23.867807085546882
22.490000000000002	-23.619591071276442
22.5	-20.855113706861374
22.51	-22.030156139529183
22.52	-25.384786295350867
22.53	-20.807380186426784
22.54	-18.8597961342725
22.55	-22.188549389117703
22.56	-18.479120988023787
22.57	-18.789716117391155
22.580000000000002	-18.61319102201254
22.59	-19.67158472886371
22.6	-21.541006151182625
22.61	-22.048243664288112
22.62	-19.541782954013566
22.63	-17.60160461237252
22.64	-15.895020000075283
22.650000000000002	-13.522783116004026
22.66	-13.673700281986944
22.67	-24.22718933470474
22.68	-18.696059378594605
22.69	-15.768176525173871
22.7	-19.70283580746609
22.71	-16.635245435170766
22.72	-25.25993916292957
22.73	-19.940205858076947
22.740000000000002	-16.32305013202129
22.75	-18.735048612581732
22.76	-17.212088756371315
22.77	-19.07203180455297
22.78	-15.04907772489634
22.79	-12.840141501712857
22.8	-11.805365831626133
22.81	-11.466859232842046
22.82	-11.645916975114291
22.830000000000002	-11.994314861586048
22.84	-20.879535636507054
22.85	-22.2836071738542
22.86	-19.761185972113445
22.87	-27.86078904768905
22.88	-30.41331289834886
22.89	-26.953340905463964
22.900000000000002	-25.013369080099583
22.91	-25.553716531306108
22.92	-20.284119533039405
22.93	-20.129402298059773
22.94	-17.455529246719667
22.95	-17.458137919842322
22.96	-16.77936673983482
22.97	-17.495455663214166
22.98	-16.881376960448765
22.990000000000002	-18.39156309715039
23.0	-19.96561581987599
23.01	-27.518398304959764
23.02	-23.876691564626455
23.03	-24.098263717949003
23.04	-19.458309269046566
23.05	-17.3170654434665
23.06	-23.341951343689047
23.07	-21.468088482099635
23.080000000000002	-22.177017119519373
23.09	-20.355016156018753
23.1	-20.100644584761
23.11	-26.191898412714014
23.12	-24.83574949127171
23.13	-24.257673058703183
23.14	-23.43834642529297
23.150000000000002	-20.37585360235641
23.16	-16.700155981465844
23.17	-13.860472747052667
23.18	-16.050015803349133
23.19	-13.290253201240057
23.2	-11.197257557632316
23.21	-11.093200126839548
23.22	-14.740817435580214
23.23	-15.508705164812229
23.240000000000002	-16.316197274651362
23.25	-18.698919585164454
23.26	-17.79336294672531
23.27	-17.47186606017269
23.28	-16.039153549145333
23.29	-16.41690215691503
23.3	-16.32584990923952
23.31	-14.217219688475586
23.32	-11.188971442353258
23.330000000000002	-7.930315750429393
23.34	-8.722411860036518
23.35	-10.341739797749083
23.36	-9.716397110016223
23.37	-8.512453913504563
23.38	-9.388014543743513
23.39	-10.337889581786712
23.400000000000002	-13.223480444042481
23.41	-10.474755662766807
23.42	-7.817938985088919
23.43	-7.072970036767673
23.44	-3.1238712767536785
23.45	-1.4921505162404471
23.46	-3.600373575370558
23.47	-3.3018937293953
23.48	-1.5364180489324288
23.490000000000002	-6.2398684791086225
23.5	-6.767262656639688
23.51	-6.4675470371231025
23.52	-15.583937016338794
23.53	-19.593236729030693
23.54	-16.338188205825595
23.55	-14.739927396242493
23.56	-13.995734071127153
23.57	-16.248860872120023
23.580000000000002	-12.432551050779201
23.59	-8.948605579288474
23.6	-9.964894832854027
23.61	-7.124137926594389
23.62	-6.603067639659639
23.63	-6.555493288372896
23.64	-5.706201054927552
23.650000000000002	-14.554989417644617
23.66	-12.55517425273486
23.67	-12.720774527132496
23.68	-10.499370022412647
23.69	-10.807342018044068
23.7	-12.115643353447641
23.71	-9.83488849687397
23.72	-7.481010551523513
23.73	-5.106020872142197
23.740000000000002	-6.297209219366053
23.75	-6.209234597086135
23.76	-2.9466230162447324
23.77	-0.9438750003821601
23.78	1.2687120851839822
23.79	-0.4966653950972513
23.8	-3.4148212671535756
23.81	-5.576305674489896
23.82	-4.508404528731252
23.830000000000002	-3.882340269020968
23.84	-3.496353501593089
23.85	-6.505192495927113
23.86	-11.550196124594967
23.87	-8.305705726990158
23.88	-7.822892284162821
23.89	-15.287419325850786
23.900000000000002	-15.735492994010928
23.91	-12.886794267343943
23.92	-10.70556121120983
23.93	-9.010931016988444
23.94	-9.137362778012333
23.95	-9.01179480747743
23.96	-10.046447008101103
23.97	-14.305509791810692
23.98	-14.538897498564616
23.990000000000002	-23.317719232883867
24.0	-18.288329863610933
24.01	-14.020585455925268
24.02	-21.43908122516124
24.03	-21.417212333437494
24.04	-20.133906602255678
24.05	-20.092475473459526
24.060000000000002	-21.80551256204829
24.07	-21.199022536434462
24.080000000000002	-20.764845307637746
24.09	-24.68294634637217
24.1	-19.881317089442124
24.11	-16.90531721912854
24.12	-14.075589540123584
24.13	-12.226658954957895
24.14	-14.08282677228396
24.150000000000002	-13.31103892987604
24.16	-11.625255782341096
24.17	-10.760186137645578
24.18	-11.581030077263673
24.19	-12.080280220161896
24.2	-10.331847164247886
24.21	-18.659936055042927
24.22	-14.892440510556003
24.23	-12.112155031811545
24.240000000000002	-10.714334857339438
24.25	-7.596750698087642
24.26	-7.286253334928885
24.27	-4.281125613782505
24.28	-0.9978655343964767
24.29	2.2595389158372656
24.3	4.2448181903538496
24.310000000000002	5.521980446615987
24.32	11.53564465208352
24.330000000000002	21.206256758806404
24.34	20.861094995603732
24.35	21.61887759952748
24.36	22.386991159996995
24.37	22.21282743544893
24.38	21.57942082058448
24.39	21.728439035482193
24.400000000000002	20.76822763123375
24.41	17.74423260712988
24.42	16.429695914625626
24.43	28.70066693413498
24.44	22.31784820662825
24.45	17.695061876451085
24.46	14.409699587089298
24.47	13.915838666168504
24.48	11.246582824018382
24.490000000000002	14.942136283628843
24.5	16.761215437127113
24.51	17.28207638877581
24.52	23.150651186569405
24.53	20.514769599717464
24.54	16.719395527809453
24.55	15.787068336931803
24.560000000000002	13.803307837512357
24.57	12.853224689987151
24.580000000000002	9.85821841727943
24.59	7.384107233442521
24.6	7.146587656290076
24.61	9.784624187752948
24.62	9.644854432539688
24.63	10.831652721924272
24.64	7.036926648960218
24.650000000000002	6.70539153241572
24.66	6.808661943918582
24.67	7.873552690015699
24.68	9.108683935705725
24.69	9.038137908252658
24.7	9.614026391435397
24.71	10.16786254555307
24.72	7.552290884641648
24.73	7.929531056824581
24.740000000000002	6.90902813760964
24.75	8.345888539905404
24.76	13.427168899162291
24.77	13.902607965780938
24.78	17.905625767358657
24.79	32.468623120653774
24.8	25.84798278233265
24.810000000000002	20.62624367149025
24.82	15.998816874888472
24.830000000000002	15.629700045580822
24.84	13.75346334853846
24.85	14.28231908307378
24.86	13.188732801015183
24.87	12.451963070066268
24.88	12.183103819310976
24.89	10.062355218958439
24.900000000000002	7.647459895973224
24.91	5.9968491480433475
24.92	6.933717801130622
24.93	9.195923390593707
24.94	8.441946406509496
24.95	5.765546207179563
24.96	3.6463187633746483
24.97	9.821383130352794
24.98	13.322850503387599
24.990000000000002	17.53310211849501
25.0	18.547285951177695
25.01	20.25255833704367
25.02	22.953615284358648
25.03	26.451752210599587
25.04	25.571351612381378
25.05	23.848004736381725
25.060000000000002	25.336827353547783
25.07	21.200551331872113
25.080000000000002	18.14727030275785
25.09	16.957407215430454
25.1	18.333360502091356
25.11	14.730733846420897
25.12	18.22322993524235
25.13	21.280059457114973
25.14	18.246856757193978
25.150000000000002	15.462705473885695
25.16	14.606274027922613
25.17	16.32491471959325
25.18	18.93622641704771
25.19	15.794212911213522
25.2	17.94163769031791
25.21	17.44912060181156
25.22	19.563875758623745
25.23	19.795797382824123
25.240000000000002	15.702813914579943
25.25	12.53995379145303
25.26	15.343602340966294
25.27	15.827465966590971
25.28	12.101983134304112
25.29	9.780877260736453
25.3	7.849499827357313
25.310000000000002	6.49786526811765
25.32	6.284129782833576
25.330000000000002	9.61325418508008
25.34	10.545238574282179
25.35	8.145738097791513
25.36	7.6946723178195535
25.37	7.336646861067724
25.38	8.236650047823758
25.39	8.83701970190305
25.400000000000002	8.09017092590231
25.41	8.421556556388989
25.42	9.075402008133386
25.43	15.634605074642076
25.44	17.890874484820742
25.45	23.1969959356844
25.46	19.93922921576615
25.47	20.143687092439716
25.48	20.263503857648836
25.490000000000002	19.021813330107666
25.5	17.55554623150993
25.51	18.43658666819424
25.52	23.316427561318374
25.53	21.572437424806374
25.54	16.69003036644822
25.55	12.836670677572139
25.560000000000002	16.986908386281485
25.57	16.603983309118256
25.580000000000002	14.067792434581136
25.59	11.40080089724948
25.6	12.123781709722047
25.61	11.314844054864471
25.62	9.98573357493501
25.63	8.556213852548675
25.64	8.240479802003815
25.650000000000002	9.826511821713972
25.66	9.24023336672442
25.67	11.505900494085246
25.68	10.054125222561943
25.69	10.262049143568326
25.7	12.227664025685048
25.71	14.055287462124463
25.72	15.795098078420834
25.73	14.61302345854351
25.740000000000002	12.341528695040406
25.75	13.149300939678687
25.76	14.40862610708472
25.77	14.944112976075134
25.78	14.05797297242627
25.79	11.063195781500056
25.8	10.22948980464951
25.810000000000002	10.46503192717099
25.82	9.167472072230776
25.830000000000002	8.951589359536664
25.84	8.028533522286256
25.85	16.21351835211604
25.86	16.559763591999598
25.87	25.274641276280605
25.88	26.58709820324997
25.89	25.327618058698366
25.900000000000002	24.975435232982903
25.91	22.984402871771785
25.92	21.50170157658553
25.93	19.420797267374578
25.94	16.627388563092005
25.95	14.90447087095657
25.96	13.092184736797336
25.97	10.458761718749038
25.98	8.644750599309054
25.990000000000002	8.96460945278603
26.0	16.055418496962886
26.01	18.100009627814707
26.02	16.054979683154393
26.03	20.76821798605686
26.04	17.19214654222822
26.05	16.452495096363375
26.060000000000002	18.068091520335663
26.07	23.03741589479918
26.080000000000002	23.96743940562069
26.09	27.66882580405226
26.1	23.19033061874163
26.11	18.280637184697657
26.12	16.18775144613467
26.13	19.932935826850088
26.14	20.71553086367078
26.150000000000002	22.105860990778087
26.16	22.09786437974413
26.17	22.33134828290977
26.18	18.3292139445401
26.19	17.113553345459398
26.2	14.310504148079154
26.21	11.635777681247513
26.22	13.369000580639868
26.23	11.085851849794468
26.240000000000002	8.604471883642857
26.25	9.325639087379566
26.26	10.698899283568634
26.27	9.84903726730497
26.28	10.848604545189753
26.29	16.307889712812653
26.3	16.591341553861806
26.310000000000002	14.489105225735713
26.32	17.221521317457384
26.330000000000002	16.273196924670323
26.34	20.16456852870725
26.35	17.509225159055898
26.36	14.35300664817293
26.37	15.482559015702478
26.38	14.609009012280973
26.39	17.015954085297153
26.400000000000002	15.61098080457259
26.41	16.284012874464807
26.42	16.269403917176835
26.43	16.02715669985756
26.44	24.276300254418572
26.45	26.563792783323706
26.46	23.915671398428746
26.47	29.921868279836502
26.48	24.107248493083024
26.490000000000002	19.272261237604788
26.5	23.321728201718656
26.51	24.0222453367076
26.52	23.611349400618153
26.53	26.790329015939182
26.54	28.77501858719425
26.55	23.955992112377928
26.560000000000002	20.230370585057177
26.57	18.20031851150768
26.580000000000002	18.731454204579606
26.59	22.98410395259016
26.6	19.011686922936324
26.61	17.074310379625754
26.62	18.828368751837235
26.63	18.30987356308147
26.64	22.56165148303527
26.650000000000002	22.059086561214865
26.66	18.53593686489357
26.67	14.987052481528606
26.68	17.917040093970193
26.69	21.768779756187765
26.7	17.86621580037351
26.71	14.934589437615426
26.72	15.050923429854718
26.73	12.094685235983189
26.740000000000002	11.638486979057307
26.75	11.277924890087682
26.76	12.150757113627126
26.77	12.541497267845017
26.78	12.008436796087032
26.79	11.918946048630662
26.8	13.400496615560716
26.810000000000002	12.218881453814896
26.82	20.66807565504674
26.830000000000002	20.69211131776929
26.84	21.336694850217253
26.85	18.856757959930874
26.86	21.501424069691605
26.87	19.360138576527007
26.88	25.498869553554076
26.89	32.21251710872547
26.900000000000002	29.949493894530583
26.91	23.738929862392965
26.92	22.297656383991242
26.93	20.95288099139578
26.94	19.154182404796416
26.95	23.38052011420765
26.96	23.040826699638895
26.97	18.436828226748208
26.98	13.975484318573132
26.990000000000002	11.285229766894645
27.0	8.53468034722061
27.01	9.736598392317651
27.02	7.358730577485991
27.03	8.077004073686224
27.04	7.634062653090078
27.05	9.143539626021196
27.060000000000002	9.357879442008045
27.07	12.27868058800113
27.080000000000002	12.251902977491875
27.09	12.395480614609374
27.1	10.947035961690029
27.11	12.643418728692904
27.12	8.917063879871828
27.13	7.814673741910937
27.14	8.039310497577267
27.150000000000002	6.093887765771044
27.16	2.320182485995749
27.17	-0.051795216458538684
27.18	0.8071568006749431
27.19	1.570388567705322
27.2	6.60790485816128
27.21	6.846076002326011
27.22	4.6754184325926404
27.23	16.731564723743684
27.240000000000002	17.260828551952617
27.25	14.228550129729076
27.26	13.209746726040672
27.27	13.614412975596316
27.28	14.974604000678772
27.29	14.989153339770645
27.3	12.514170718900475
27.310000000000002	9.35725503399212
27.32	11.41998602609226
27.330000000000002	11.28605636496353
27.34	9.501428885637575
27.35	9.244074622270706
27.36	11.610202912307205
27.37	19.542889857085775
27.38	29.712506529013673
27.39	28.443189645941146
27.400000000000002	26.742529602341733
27.41	23.548468841307322
27.42	21.609198177909864
27.43	17.70906467707868
27.44	15.472457750378608
27.45	14.815130791852882
27.46	14.71278094593544
27.47	16.54514057255396
27.48	19.54647155281421
27.490000000000002	28.85385852139812
27.5	23.739440663971106
27.51	19.735453715673028
27.52	21.671878764652956
27.53	25.40882213592598
27.54	23.941922018477
27.55	30.3183235511461
27.560000000000002	29.60969133400332
27.57	29.314708143456706
27.580000000000002	22.908239297946842
27.59	18.714092576181617
27.6	16.196502256296945
27.61	14.04638922961817
27.62	11.65973583971072
27.63	11.211759321345836
27.64	8.681532840096947
27.650000000000002	6.690966867818587
27.66	4.820027275477715
27.67	6.103626334465736
27.68	5.802404938061086
27.69	6.118867451178692
27.7	10.2517020253923
27.71	13.13892675118496
27.72	15.221564007955369
27.73	20.758498653873232
27.740000000000002	16.769931084983366
27.75	17.042411015807918
27.76	15.022323812391505
27.77	17.90215716580294
27.78	15.272437153197151
27.79	12.267347968920964
27.8	9.399782914558905
27.810000000000002	7.152295391667645
27.82	8.608615260339638
27.830000000000002	11.059163583382627
27.84	9.790086726100453
27.85	9.082680204965442
27.86	8.588892604465137
27.87	13.848574632375197
27.88	11.75613424754029
27.89	10.136358605451916
27.900000000000002	8.951531500079973
27.91	21.64063185769967
27.92	30.38848066586932
27.93	31.431358059807447
27.94	25.89221654840601
27.95	30.16578220820265
27.96	23.988751957755888
27.97	21.006092122321146
27.98	16.090720271541727
27.990000000000002	16.34184618882289
28.0	16.240777922300982
28.01	16.90514593159364
28.02	24.77946351366771
28.03	24.066571159836663
28.04	19.34171459751728
28.05	15.93689969961575
28.060000000000002	15.945746165964378
28.07	15.061983215236634
28.080000000000002	16.097173114350333
28.09	12.622550185509143
28.1	12.51483780619579
28.11	16.00728418486472
28.12	12.194704435354568
28.13	16.078760335891367
28.14	15.305422091076005
28.150000000000002	12.390868914080004
28.16	13.605817000089697
28.17	10.059218123271906
28.18	8.655615839029599
28.19	11.075354351483828
28.2	8.287885701071032
28.21	18.51424572820311
28.22	14.69706575240427
28.23	14.99157783564004
28.240000000000002	19.00795467514189
28.25	20.895451369748894
28.26	18.63127451555124
28.27	24.75359836695393
28.28	22.90957503081633
28.29	17.70801118260498
28.3	13.999031191852199
28.310000000000002	11.209708383697336
28.32	7.542299591791431
28.330000000000002	7.1895344847519045
28.34	7.341811534656443
28.35	7.163617073293431
28.36	7.227774431760733
28.37	8.071094217550582
28.38	6.050570071052127
28.39	7.0716418450059715
28.400000000000002	16.17858025687258
28.41	19.090673600426022
28.42	22.32878425824522
28.43	21.789230496813584
28.44	25.723679150411833
28.45	21.756888820524726
28.46	24.281874690217492
28.47	27.778598676898167
28.48	21.892968020995184
28.490000000000002	17.92604462205212
28.5	16.31288340843386
28.51	13.624547190208762
28.52	11.266596576989352
28.53	14.340324643442088
28.54	11.820839807112796
28.55	13.751519948124457
28.560000000000002	16.737666202301146
28.57	18.917696310715385
28.580000000000002	17.839484843699104
28.59	19.93217671697692
28.6	20.869329222749265
28.61	21.05185523858535
28.62	16.49477709392137
28.63	14.723428799245644
28.64	12.631931786995297
28.650000000000002	13.075320640073345
28.66	18.317007512946553
28.67	16.553044324478712
28.68	14.24205450938451
28.69	12.062429771512244
28.7	9.0253033726346
28.71	6.353629617507481
28.72	5.793598455824884
28.73	1.4709854459828566
28.740000000000002	0.7181550469856779
28.75	5.46275279877023
28.76	7.312820442154435
28.77	14.869855440929204
28.78	14.091263204549005
28.79	18.432349936079653
28.8	19.122229032668844
28.810000000000002	18.95420129652637
28.82	21.687804941200902
28.830000000000002	22.16747345017486
28.84	24.680071335006843
28.85	22.48884650078669
28.86	21.106800836317046
28.87	18.854471923981283
28.88	15.866437727605726
28.89	17.591181998389796
28.900000000000002	22.999292412785625
28.91	26.367342663554837
28.92	25.282237330874406
28.93	24.554074283798176
28.94	19.780244602473942
28.95	15.949401257267466
28.96	13.64353441334477
28.97	10.612176424382392
28.98	8.684892743613668
28.990000000000002	15.640725985674504
29.0	24.361909255453362
29.01	24.00757781618885
29.02	19.84249688185479
29.03	17.94237397084415
29.04	20.58531097835032
29.05	19.630907673283417
29.060000000000002	23.99151656145328
29.07	24.391684338780763
29.080000000000002	26.29450277897746
29.09	26.401740097593763
29.1	28.90598886690628
29.11	30.970552858273564
29.12	27.442087111322767
29.13	24.265915202262153
29.14	21.072661753106527
29.150000000000002	17.550132686826593
29.16	21.82657570461821
29.17	20.678039568028954
29.18	20.896159299114835
29.19	25.382245388544618
29.2	24.070863230990234
29.21	28.187235120899988
29.22	23.809795280921225
29.23	23.656820508612356
29.240000000000002	18.419223047177635
29.25	13.906796701928274
29.26	12.878184919649044
29.27	14.5201496808003
29.28	13.139130736889898
29.29	14.874441095693447
29.3	13.035476241767759
29.310000000000002	16.14637859095247
29.32	13.414603057504113
29.330000000000002	11.28920859075006
29.34	10.552286163215483
29.35	11.233762947948088
29.36	12.736639850580456
29.37	14.69806393810939
29.38	15.570942801916383
29.39	17.28778737038174
29.400000000000002	16.614861774696127
29.41	15.88213397311221
29.42	17.06807943834069
29.43	13.30093698094083
29.44	12.215880392412446
29.45	12.86395437034796
29.46	11.458742876448648
29.47	11.569517301196974
29.48	7.563801374689616
29.490000000000002	11.728116668071886
29.5	12.13251829582908
29.51	18.09110112437462
29.52	20.277152801831004
29.53	16.402955795318288
29.54	16.078071173661666
29.55	16.837892812153004
29.560000000000002	14.331563225400416
29.57	11.41336392312561
29.580000000000002	9.88256141296685
29.59	9.962448117580816
29.6	12.94012304174349
29.61	10.799277982359873
29.62	11.97771078828113
29.63	14.544240940253156
29.64	12.213700359971158
29.650000000000002	14.84370581162105
29.66	19.77205115808633
29.67	24.811829932485104
29.68	28.81183791402312
29.69	26.108255566524996
29.7	22.58830655709675
29.71	23.77470849728302
29.72	20.559210167548162
29.73	29.690518123215075
29.740000000000002	28.47367345038059
29.75	26.000224583451168
29.76	23.271515528689008
29.77	22.068311902963003
29.78	23.88341884344107
29.79	27.00522991400757
29.8	27.201111415086654
29.810000000000002	32.78467433314159
29.82	27.524559410486894
29.830000000000002	21.97250458518435
29.84	19.630643151717205
29.85	22.85264414031846
29.86	17.937665773263703
29.87	17.229758506205165
29.88	24.389047767708522
29.89	21.343523900670224
29.900000000000002	20.91460908834136
29.91	18.351142059118416
29.92	15.452605056622556
29.93	13.701766713405515
29.94	10.86484139345826
29.95	11.154787894897856
29.96	10.04039635933123
29.97	8.352653951662825
29.98	6.409569657591693
29.990000000000002	9.878914604879318
30.0	11.911361313978336
30.01	9.553205703092944
30.02	8.60253057085393
30.03	9.597629534110418
30.04	10.850018960242611
30.05	11.783974376337618
30.060000000000002	21.189706684877482
30.07	23.989936675213308
30.080000000000002	28.860609104189997
30.09	22.213726571549266
30.1	20.047173628994962
30.11	19.041125191743834
30.12	20.514866070456982
30.13	19.889636003663625
30.14	19.835467290325674
30.150000000000002	17.49751525406059
30.16	14.843321041535493
30.17	13.614963739744201
30.18	11.372066904528124
30.19	10.557066084690526
30.2	11.05943743704023
30.21	13.198488965540516
30.22	15.273360413355201
30.23	12.960573906174472
30.240000000000002	9.987211671287708
30.25	10.462288482346338
30.26	9.549177016098191
30.27	12.2625835935134
30.28	13.033915878693419
30.29	11.399275418389854
30.3	15.27444887958824
30.310000000000002	12.876661516627472
30.32	14.45760304859312
30.330000000000002	14.946178851927819
30.34	11.796758730881374
30.35	12.788886407190347
30.36	17.132470181296597
30.37	20.222863045309538
30.38	16.51325202449835
30.39	18.1001641570253
30.400000000000002	14.110666614194447
30.41	15.221743236714614
30.42	16.867205633784643
30.43	19.722114038729867
30.44	33.746764861408465
30.45	32.521675960669505
30.46	28.750914395378626
30.47	31.123113594518266
30.48	25.250898796061154
30.490000000000002	27.549761481764694
30.5	21.54461768908244
30.51	21.0567288160961
30.52	16.968642526216577
30.53	12.880556236335599
30.54	10.997608931151685
30.55	9.96911109374384
30.560000000000002	15.772806293870806
30.57	16.69620291396375
30.580000000000002	20.580509195014937
30.59	26.8065640923452
30.6	30.97339381614059
30.61	27.1771838991753
30.62	25.290095097762205
30.63	20.9448739337275
30.64	17.97765936948374
30.650000000000002	14.081531517024342
30.66	15.36209354665807
30.67	11.801770469535398
30.68	10.683560472011305
30.69	9.704211481367128
30.7	6.165710906011708
30.71	8.483506319501076
30.72	6.826142224452447
30.73	8.5926340547075
30.740000000000002	10.556214505969937
30.75	10.0877073331951
30.76	15.170138827725415
30.77	13.322123770901927
30.78	14.621936866817398
30.79	14.838085375218595
30.8	11.042572048797767
30.810000000000002	13.077607068632116
30.82	10.275828014429653
30.830000000000002	10.177822117222293
30.84	9.134383152257337
30.85	11.842758571147355
30.86	13.441666512178701
30.87	11.964221853775813
30.88	9.884039788569003
30.89	9.514331816045756
30.900000000000002	10.211162158082791
30.91	9.704631234055437
30.92	8.429868424194751
30.93	10.458781349925752
30.94	9.623133061496205
30.95	11.306945174576537
30.96	9.803338722508586
30.970000000000002	10.508096253917211
30.98	14.993191940392258
30.990000000000002	15.208528279898495
31.0	11.751151870766734
31.01	13.119896599278851
31.02	13.386997386708956
31.03	12.80333480645691
31.04	12.340529381574383
31.05	13.33905610650729
31.060000000000002	17.530210104932436
31.07	20.9180072832251
31.080000000000002	23.514925718684665
31.09	23.260902714189044
31.1	21.257102308263484
31.11	16.529675417990692
31.12	17.86409264285807
31.13	16.467880461591502
31.14	17.485767583927352
31.150000000000002	18.91449197885144
31.16	18.646017248971393
31.17	15.131953838393088
31.18	14.808885570384653
31.19	19.822697834631846
31.2	17.85215633324313
31.21	18.438137425922815
31.220000000000002	14.673037876183006
31.23	19.13252734820947
31.240000000000002	20.38089647527181
31.25	32.12697801676093
31.26	30.078811955538036
31.27	24.34617242893027
31.28	21.97106094894581
31.29	30.948726073504105
31.3	25.9391043576777
31.310000000000002	29.900259565138445
31.32	24.86167884337839
31.330000000000002	19.29563955614713
31.34	16.205150067070118
31.35	17.636030034302646
31.36	18.099496603906026
31.37	18.42659227313619
31.38	17.505760986046983
31.39	18.1665741675118
31.400000000000002	14.167712387040659
31.41	11.464114030666801
31.42	11.130993108559203
31.43	11.207723687720604
31.44	13.583563376253638
31.45	11.311809678543788
31.46	11.956804642751127
31.470000000000002	12.044189635850184
31.48	9.702888160925507
31.490000000000002	10.971225842733444
31.5	17.970184359748025
31.51	19.251369998610798
31.52	19.617459625156318
31.53	19.47728197362608
31.54	19.47793241428351
31.55	18.965891125844504
31.560000000000002	26.821511772827247
31.57	20.901579766389204
31.580000000000002	16.590049805930068
31.59	13.4444409266339
31.6	16.95740377870603
31.61	18.248717500265307
31.62	15.605580520595035
31.63	18.664584106258545
31.64	17.601488437531735
31.650000000000002	15.290774498143934
31.66	12.521661339062053
31.67	13.124626139441474
31.68	15.246255837464643
31.69	28.798482351310287
31.7	29.01211044947023
31.71	22.62885619479031
31.720000000000002	17.545042808531388
31.73	21.72921624126482
31.740000000000002	28.58938453277275
31.75	26.058069215633488
31.76	25.995129006695937
31.77	24.110668934448487
31.78	25.227491773361965
31.79	22.107914338498176
31.8	18.109846941304337
31.810000000000002	15.333367855514107
31.82	13.569393751163748
31.830000000000002	11.379973728152258
31.84	8.163805167906386
31.85	8.96115403489699
31.86	9.356666949371766
31.87	17.589243713798062
31.88	22.690677194998187
31.89	22.19023055240524
31.900000000000002	21.93227370083421
31.91	19.392287890763356
31.92	15.317276987302854
31.93	13.456636214870002
31.94	12.389428158377576
31.95	12.692593832689184
31.96	11.774817718582614
31.970000000000002	15.626774345536683
31.98	15.401891054424539
31.990000000000002	13.565408865832426
32.0	12.957065291463636
32.01	11.593492670138666
32.02	15.92602965527453
32.03	20.80099882472017
32.04	17.385764143264325
32.05	13.560880187554003
32.06	12.337218453400538
32.07	9.8143225876704
32.08	8.880385523860197
32.09	10.168855812985333
32.1	11.2444467755835
32.11	9.769383107811331
32.12	11.139381786775884
32.13	16.25789717533818
32.14	17.672957902878174
32.15	15.633925546083647
32.160000000000004	12.45269956690084
32.17	10.079425884304824
32.18	9.498099365307638
32.19	7.985967774870972
32.2	14.270973969190273
32.21	16.59716737393128
32.22	17.74743800059485
32.230000000000004	18.205359856362637
32.24	17.242405400694665
32.25	16.72411479505923
32.26	16.357949796540996
32.27	21.652815434447668
32.28	17.480982501756813
32.29	15.968225673161893
32.3	16.062606201378735
32.31	13.629983771878237
32.32	14.141423106836456
32.33	18.83958483021579
32.34	21.48071529941138
32.35	19.41024990809561
32.36	18.04631912329459
32.37	14.024915737464164
32.38	11.16329271762142
32.39	11.50637036481622
32.4	11.330347500428154
32.410000000000004	10.009888749326123
32.42	10.815346449224078
32.43	9.460997267390367
32.44	10.614911361059045
32.45	15.24373440468826
32.46	17.856406023956264
32.47	14.36590701846329
32.480000000000004	12.802820508257144
32.49	13.870222509012278
32.5	12.528136216428917
32.51	9.45348186914283
32.52	15.778118328637172
32.53	15.757506784463118
32.54	22.219644855470424
32.55	21.801023022727286
32.56	19.909224811565032
32.57	15.75510609703062
32.58	12.101851300272047
32.59	10.00421368860525
32.6	8.194370227084434
32.61	12.583684226593652
32.62	10.621218002554768
32.63	13.072506366528525
32.64	10.662622564751796
32.65	7.924717253272567
32.660000000000004	8.475812289616636
32.67	17.255875745732467
32.68	14.689135450957274
32.69	13.935332195202028
32.7	20.735893024977887
32.71	21.007489927698703
32.72	20.4213074284146
32.730000000000004	26.47299675375365
32.74	29.35500013712148
32.75	26.85965802098946
32.76	24.692787700861977
32.77	21.260246799199173
32.78	21.250215886429846
32.79	17.292003336861264
32.8	16.646917300381705
32.81	21.05303358162176
32.82	18.736720415116555
32.83	15.499992114892025
32.84	12.373562953519215
32.85	9.543438588299773
32.86	9.997620665215482
32.87	9.240270925445445
32.88	7.764133281542915
32.89	10.454904036586836
32.9	10.781854287683753
32.910000000000004	9.177063591004554
32.92	9.88084476762073
32.93	10.045821022520617
32.94	12.91221940996924
32.95	15.76752844358835
32.96	16.181671213213825
32.97	14.1074366824872
32.980000000000004	13.570259348334156
32.99	16.540787813496532
33.0	15.204913827791378
33.01	12.883356634812142
33.02	10.066186376467577
33.03	7.820889602512952
33.04	6.301461463147329
33.05	5.723378595297021
33.06	8.52849214225533
33.07	18.574753726135416
33.08	16.361657570547035
33.09	19.878075198671095
33.1	20.18405524663545
33.11	24.002192338040516
33.12	28.044287174818365
33.13	23.851222591892178
33.14	19.420250829893323
33.15	16.503793208771874
33.160000000000004	12.770916525309953
33.17	9.929153968693194
33.18	13.618436009575742
33.19	10.077169715643942
33.2	8.099271072158961
33.21	8.41305392287854
33.22	10.305432633830861
33.230000000000004	10.505457966867056
33.24	9.835357240109985
33.25	9.267968677195384
33.26	10.620043203643831
33.27	9.026242402861822
33.28	14.950928664808405
33.29	17.01625535121328
33.3	14.077969687423208
33.31	17.970647896454377
33.32	24.978350041367985
33.33	22.18961397629842
33.34	24.333946651806254
33.35	20.577664092606472
33.36	18.985327661772853
33.37	17.17526298268553
33.38	24.737310360730522
33.39	20.80193864153514
33.4	17.86159321943547
33.410000000000004	15.954078262962005
33.42	12.660615346397364
33.43	13.737962916000884
33.44	22.919576455663
33.45	21.388150620749407
33.46	18.944001673689165
33.47	26.254313855756685
33.480000000000004	21.12960313787601
33.49	19.284904565188807
33.5	16.00605896299267
33.51	15.438842947373097
33.52	20.765198356643793
33.53	16.932909625294062
33.54	14.029846989253883
33.55	11.797679681183277
33.56	11.981315453303935
33.57	18.123113353619278
33.58	17.437873904635055
33.59	20.436172734711366
33.6	17.043687039082087
33.61	16.51602443099258
33.62	13.959225363920222
33.63	26.573870236045288
33.64	20.661970807898143
33.65	15.750218731594073
33.660000000000004	14.1061435585228
33.67	20.012100549325915
33.68	15.926574600013582
33.69	12.738249121495087
33.7	12.71597830462817
33.71	19.698808491668885
33.72	15.795719285072602
33.730000000000004	16.260337811159513
33.74	13.775197070750842
33.75	11.558105445032902
33.76	13.648481044635718
33.77	15.66151987399157
33.78	19.02797588988485
33.79	15.53262642174675
33.8	15.985934615629711
33.81	20.33812757281135
33.82	17.353363280426354
33.83	16.612489856472365
33.84	15.85834849658549
33.85	15.444904778668569
33.86	14.21612345193274
33.87	19.91544833065965
33.88	20.111871895892815
33.89	20.005676064748094
33.9	15.565367901597972
33.910000000000004	12.682598566459252
33.92	10.92704157366268
33.93	8.490642155281924
33.94	9.647080004637399
33.95	8.286222004079992
33.96	7.089687771457812
33.97	6.507065749218267
33.980000000000004	5.965475201908663
33.99	1.3971022501007364
34.0	1.525984513164888
34.01	4.032878263065489
34.02	2.7979744566191695
34.03	2.7860396075386675
34.04	-1.5001052050416952
34.05	-2.614278986303188
34.06	-2.8538269315796683
34.07	-2.5833354366400187
34.08	-5.866285672247312
34.09	-19.466819762329084
34.1	-19.172353889900123
34.11	-17.31354218365256
34.12	-14.798744670173871
34.13	-15.531296153547176
34.14	-13.425590284542222
34.15	-24.752117379001206
34.160000000000004	-25.42874931474602
34.17	-23.62609742489752
34.18	-18.40914813170185
34.19	-16.05624668434382
34.2	-13.902645046552546
34.21	-18.29298144007626
34.22	-14.986814263764552
34.230000000000004	-27.114301407656193
34.24	-31.051795936792345
34.25	-37.98669208838947
34.26	-32.00286978515018
34.27	-26.46881865319494
34.28	-24.1824504564854
34.29	-18.93226034457111
34.300000000000004	-15.209377908791812
34.31	-11.836399670626106
34.32	-12.260842978423014
34.33	-13.234918108247012
34.34	-10.560853213524144
34.35	-11.130467329520059
34.36	-13.387112707289038
34.37	-15.710442013400701
34.38	-20.279307198818536
34.39	-20.0866600113477
34.4	-16.053057334957114
34.410000000000004	-13.082365703428408
34.42	-16.381338842962062
34.43	-17.786269747221525
34.44	-20.85972487585071
34.45	-19.22910960283618
34.46	-16.40253135395394
34.47	-14.630667688865024
34.480000000000004	-21.906421585894897
34.49	-19.14772661235017
34.5	-19.925513130650412
34.51	-15.424725556680569
34.52	-12.754617310938178
34.53	-11.006597740699641
34.54	-10.70169417785972
34.550000000000004	-14.368908005207466
34.56	-20.004843667937784
34.57	-29.311299717843134
34.58	-26.819750689811553
34.59	-23.132017823172024
34.6	-24.706095268686784
34.61	-23.680683866697915
34.62	-19.3088756287007
34.63	-18.52720852318973
34.64	-19.297436786659325
34.65	-17.407640797835874
34.660000000000004	-13.88645012550155
34.67	-12.259532301799686
34.68	-9.707685582553166
34.69	-15.461514851379516
34.7	-19.58687988917747
34.71	-22.35537098814479
34.72	-21.204624195631617
34.730000000000004	-25.421157163548454
34.74	-29.025424610231205
34.75	-23.901095825551227
34.76	-19.587664382434127
34.77	-17.064843209871828
34.78	-13.257655499681308
34.79	-9.833823330142224
34.800000000000004	-8.005698297276364
34.81	-9.286891721714756
34.82	-9.820130095551884
34.83	-13.983152132689137
34.84	-13.657573668530606
34.85	-18.455801301843298
34.86	-19.025177820542154
34.87	-19.463079148556314
34.88	-18.004680799524145
34.89	-17.52104249213844
34.9	-16.499997579251698
34.910000000000004	-15.79091125794134
34.92	-22.75205672942757
34.93	-21.653096202291678
34.94	-18.99248594968815
34.95	-20.528815206725376
34.96	-19.90468423197568
34.97	-15.850272278786484
34.980000000000004	-13.365108915183397
34.99	-15.682194114134614
35.0	-21.034398900006465
35.01	-20.44607102690831
35.02	-17.658955267437072
35.03	-16.0652017371968
35.04	-12.75634832978837
35.050000000000004	-15.523321078931017
35.06	-14.320838883180281
35.07	-16.760491821823745
35.08	-18.091796081295765
35.09	-18.601079566238788
35.1	-19.10239194388197
35.11	-23.73291073446026
35.12	-19.701717620240604
35.13	-16.177972586341763
35.14	-12.324136816006911
35.15	-11.253062837357211
35.160000000000004	-11.026290407286625
35.17	-9.069780865341587
35.18	-8.989339992872797
35.19	-14.252120262058709
35.2	-15.039609297613051
35.21	-14.413306374803653
35.22	-13.592684416874627
35.230000000000004	-19.609511907042247
35.24	-17.086917137169788
35.25	-13.568241745762599
35.26	-11.091941197702294
35.27	-12.51219903693856
35.28	-10.53502181709367
35.29	-10.55541151006283
35.300000000000004	-11.828007381993602
35.31	-8.853048763684708
35.32	-9.06581235867129
35.33	-9.655751246875681
35.34	-10.684579799583819
35.35	-10.099666898154359
35.36	-7.520143387315694
35.37	-4.75681688848311
35.38	-1.8395369709367362
35.39	2.0204216194885585
35.4	-0.7998501844806548
35.410000000000004	-6.368785480332348
35.42	-4.02725287436283
35.43	-2.8190459898384304
35.44	-4.9880856285429775
35.45	-4.412715413061047
35.46	-5.766502978970295
35.47	-9.064295573162381
35.480000000000004	-7.110830396863591
35.49	-6.456044044644754
35.5	-8.732866795070468
35.51	-12.55530680079939
35.52	-18.68037910573898
35.53	-18.91992136332386
35.54	-18.137344800594793
35.550000000000004	-17.707010548725197
35.56	-15.656286125865318
35.57	-12.192546373168106
35.58	-9.837679596394842
35.59	-9.970365447486516
35.6	-14.802979404123612
35.61	-25.1045240735833
35.62	-27.044278273662893
35.63	-28.999672722335635
35.64	-28.566521405399243
35.65	-26.0764432375273
35.660000000000004	-27.771712826612397
35.67	-26.001363325477783
35.68	-22.648463936991096
35.69	-21.79044426629606
35.7	-20.213069874121736
35.71	-25.9343836947545
35.72	-26.132384696945863
35.730000000000004	-28.177593849825204
35.74	-23.532407849704306
35.75	-26.727092748982233
35.76	-26.702885704584272
35.77	-27.515699697896906
35.78	-27.944185336008797
35.79	-23.42731887567364
35.800000000000004	-21.341251230028913
35.81	-20.656006377534773
35.82	-19.71642993097447
35.83	-17.8034213618843
35.84	-14.537618262268632
35.85	-16.560431608685967
35.86	-13.827418761957157
35.87	-13.544898446351533
35.88	-11.237188402992134
35.89	-10.919990241122402
35.9	-11.552080070734034
35.910000000000004	-11.443572516551873
35.92	-11.871634597908558
35.93	-16.528906303714304
35.94	-19.76375177667365
35.95	-24.81328727556629
35.96	-19.57972091081156
35.97	-22.18577518328753
35.980000000000004	-20.045674819230886
35.99	-18.112566874390875
36.0	-17.111646739949133
36.01	-15.328513590622697
36.02	-17.792327839605317
36.03	-18.99804712990865
36.04	-18.09804971064053
36.050000000000004	-19.073113229335686
36.06	-16.385663464253607
36.07	-21.94115187984127
36.08	-22.313912300414437
36.09	-18.66673667125094
36.1	-18.33631531438083
36.11	-16.810281083345043
36.12	-19.645676215854195
36.13	-20.044510205478062
36.14	-17.74918229246334
36.15	-21.166052578431202
36.160000000000004	-16.900764253638897
36.17	-13.122047254807008
36.18	-11.36179276038039
36.19	-13.95546243848842
36.2	-11.669493986292146
36.21	-10.318581064383135
36.22	-10.915443239485011
36.230000000000004	-9.569493077608776
36.24	-12.26278404923573
36.25	-14.662698942751105
36.26	-14.240457164889087
36.27	-14.932271468932647
36.28	-11.905458242580742
36.29	-12.639251422461326
36.300000000000004	-17.27503267999065
36.31	-14.968087078650518
36.32	-11.316159011848653
36.33	-8.399040783760173
36.34	-7.126493876535866
36.35	-10.023150524167264
36.36	-9.277116529596737
36.37	-8.022783669419432
36.38	-5.843296542448132
36.39	-8.638658850567126
36.4	-16.835954995655246
36.410000000000004	-15.531964688971433
36.42	-15.869756189270184
36.43	-18.006829756750964
36.44	-14.049905740092061
36.45	-11.755467402621639
36.46	-14.903973411936713
36.47	-16.130290529201574
36.480000000000004	-13.290080273895516
36.49	-12.57345051661715
36.5	-13.47754247835716
36.51	-11.546117555411534
36.52	-9.186120109214738
36.53	-7.936306090086142
36.54	-7.69553289653935
36.550000000000004	-8.62841270825352
36.56	-8.184404891607466
36.57	-6.280005384800631
36.58	-4.2412188901588195
36.59	-5.4741703880571455
36.6	-4.372155574444787
36.61	0.5173028517693687
36.62	-1.4340891438851302
36.63	-3.6346679255876
36.64	-0.48636107134916023
36.65	-0.765557867005947
36.660000000000004	-0.9128119748097558
36.67	0.6828308622308066
36.68	1.6239161033237481
36.69	3.3129013321543073
36.7	0.8539036062007055
36.71	3.3855603911492067
36.72	3.895830786673214
36.730000000000004	8.29283699378027
36.74	8.465946429870776
36.75	9.557503248158653
36.76	10.53046822993299
36.77	10.417733629638835
36.78	11.366197763717093
36.79	13.631141626438904
36.800000000000004	20.304803834553038
36.81	19.280640008898235
36.82	16.096405851540638
36.83	20.437409494478683
36.84	20.937500756629163
36.85	25.77734862514048
36.86	20.065491482687023
36.87	17.774981390910764
36.88	14.930499079433284
36.89	15.33209639415442
36.9	11.922009312776227
36.910000000000004	10.21906315993089
36.92	12.733215940179166
36.93	13.038336329994982
36.94	13.87927076325083
36.95	12.16146122756675
36.96	13.72141993680061
36.97	16.086285097721564
36.980000000000004	18.019998728601728
36.99	15.963802965547012
37.0	12.8333737594216
37.01	13.228881336340692
37.02	17.925091076717564
37.03	13.802323284599339
37.04	11.26440213114679
37.050000000000004	10.462968585327372
37.06	8.236396683989913
37.07	14.37689711516552
37.08	11.72168019131984
37.09	9.335014948061701
37.1	9.730535043306695
37.11	9.122259472226808
37.12	9.394583813623106
37.13	8.51151508811602
37.14	14.562952382311583
37.15	12.392908459268519
37.160000000000004	15.888947052973883
37.17	13.327134639586632
37.18	9.777338834772634
37.19	12.70968712376279
37.2	11.730674730298755
37.21	16.7233146121465
37.22	13.113271046063751
37.230000000000004	10.746625345333944
37.24	13.062318085350368
37.25	11.356640534895556
37.26	12.290206941101808
37.27	19.391266539038014
37.28	17.785230377360964
37.29	15.702923971544775
37.300000000000004	16.774178460630694
37.31	16.2913998823639
37.32	14.40446583199868
37.33	12.678369876787656
37.34	14.299010510874648
37.35	11.240687706060951
37.36	12.873424617433345
37.37	10.916897574626955
37.38	9.262979720946554
37.39	8.713669583582737
37.4	11.284487165764233
37.410000000000004	16.08706669814563
37.42	15.629824572852387
37.43	12.537742778443295
37.44	12.050490188373448
37.45	17.42466049182786
37.46	18.87287347666086
37.47	19.514858295771134
37.480000000000004	25.087593389254092
37.49	24.0678514311968
37.5	32.03534826090386
37.51	31.843709224863705
37.52	26.495466387731238
37.53	28.212379956754344
37.54	22.17033770486487
37.550000000000004	18.446447995137127
37.56	21.764824138734067
37.57	17.96629155278035
37.58	24.501541700341082
37.59	23.834289322962626
37.6	26.56688665742888
37.61	22.1915741978768
37.62	27.601634133616916
37.63	23.72941089978892
37.64	20.551002911637998
37.65	20.660935165574674
37.660000000000004	19.320576723894007
37.67	18.567511284158243
37.68	20.43529374593209
37.69	25.852002496521653
37.7	21.47982887409309
37.71	19.754519202122836
37.72	17.376673902371685
37.730000000000004	16.374311941122752
37.74	12.684097710555372
37.75	11.230293183692767
37.76	10.912256574318583
37.77	12.46154043686742
37.78	11.764626238037476
37.79	12.144033825112288
37.800000000000004	10.38326028733025
37.81	19.714347329333773
37.82	19.627987464532694
37.83	17.151920884556354
37.84	15.793695909493517
37.85	15.134936270938043
37.86	11.987608337982513
37.87	11.088019900036908
37.88	12.568165562201491
37.89	11.056806153150127
37.9	11.17682687536092
37.910000000000004	12.243367555284124
37.92	12.309902393362531
37.93	15.308263142923344
37.94	15.782879449853114
37.95	13.836377746837929
37.96	12.402838766006841
37.97	14.192160827160192
37.980000000000004	21.90212896602813
37.99	23.468300649814804
38.0	25.18757240441126
38.01	20.60765328409699
38.02	20.901685363175787
38.03	16.588485715086055
38.04	12.789472274125096
38.050000000000004	12.697786925610595
38.06	14.171195015094765
38.07	16.606491737480315
38.08	29.679577804664074
38.09	29.62511439450783
38.1	29.45656475250134
38.11	25.55056875923523
38.12	20.937427978487694
38.13	21.750721353061568
38.14	25.691745950958193
38.15	22.711936931161407
38.160000000000004	20.712883921444767
38.17	23.059868525632254
38.18	19.227981749746707
38.19	18.213357685814646
38.2	19.59884733840486
38.21	19.726956775385716
38.22	17.08612641066592
38.230000000000004	16.028326207121374
38.24	13.108731817422735
38.25	18.01931834108238
38.26	21.708934415192044
38.27	22.54804518914868
38.28	22.59866340913356
38.29	21.521436138366077
38.300000000000004	22.7036234996161
38.31	25.191427169079745
38.32	20.614240876863732
38.33	22.508814301307616
38.34	19.580255894314007
38.35	25.5856546709352
38.36	26.18883249434982
38.37	28.89664301704488
38.38	23.891789043085833
38.39	22.527243087338366
38.4	29.59332045290095
38.410000000000004	31.426794584637577
38.42	25.446139153959717
38.43	26.94753730542887
38.44	24.72502582294335
38.45	22.424631163144124
38.46	21.229440718114503
38.47	17.146314042295945
38.480000000000004	20.225225447073054
38.49	16.190062878016224
38.5	13.487650410898176
38.51	11.84821256537732
38.52	14.840993231437517
38.53	16.661091847768432
38.54	24.048723198061097
38.550000000000004	23.36810776109672
38.56	18.610127945625322
38.57	15.632893191693926
38.58	13.939947971306543
38.59	14.314972557292757
38.6	11.382919202598435
38.61	9.22346805854455
38.62	8.48291711159335
38.63	7.02208484159052
38.64	9.117440249369812
38.65	11.766197489037143
38.660000000000004	19.044078393692647
38.67	22.471402184682006
38.68	24.493152840496737
38.69	24.157490613580908
38.7	19.41446802252437
38.71	19.786315531805084
38.72	27.089367260957832
38.730000000000004	28.527252599641972
38.74	32.92890366846731
38.75	35.64927284982469
38.76	29.675254474630037
38.77	26.08397098241697
38.78	22.84709971117293
38.79	30.752699424914802
38.800000000000004	26.841009171680646
38.81	26.684841994719974
38.82	25.93643637212796
38.83	27.035911394750162
38.84	22.655773476282597
38.85	22.00709089930181
38.86	21.311233516831017
38.87	21.443474027830952
38.88	20.799506989579733
38.89	17.07598257587816
38.9	16.419669696564505
38.910000000000004	16.092353218032947
38.92	21.32630658535422
38.93	20.110342542613402
38.94	18.316821279036432
38.95	22.605352879223577
38.96	25.60358103135184
38.97	28.895906546940832
38.980000000000004	24.09694268311667
38.99	18.709455243725323
39.0	24.92197389109795
39.01	23.94051359896025
39.02	21.866975710684653
39.03	20.243929440052348
39.04	17.889421560307866
39.050000000000004	18.093777578257516
39.06	21.752920494396708
39.07	25.918819396162935
39.08	23.650858761821056
39.09	22.58838659100677
39.1	26.219906769676193
39.11	20.528450354915115
39.12	18.2175322941141
39.13	20.44781584105949
39.14	27.324796355654527
39.15	24.70634997962504
39.160000000000004	21.895984415139978
39.17	26.460054077279
39.18	28.840640556385274
39.19	33.52728338315302
39.2	32.04722939004
39.21	29.035042331636717
39.22	30.06333861965654
39.230000000000004	26.002058354180633
39.24	27.059512072814883
39.25	26.614835597466925
39.26	22.62368276632652
39.27	23.65214720573145
39.28	24.406585699050698
39.29	22.47691876013176
39.300000000000004	21.509970814901727
39.31	19.609173174040077
39.32	22.43138592814686
39.33	18.271463747978377
39.34	14.40486459638255
39.35	13.004411884689945
39.36	12.149809511015794
39.37	16.053307109291868
39.38	14.34005201170817
39.39	17.52322776203447
39.4	16.66033965343927
39.410000000000004	20.244098793660594
39.42	19.439029158203407
39.43	22.715256314054574
39.44	19.751887072664957
39.45	18.393458740599208
39.46	16.298197286399798
39.47	23.837254348669664
39.480000000000004	23.011656030999312
39.49	21.965910767778965
39.5	18.72742201219277
39.51	20.73737407282668
39.52	23.462080755140654
39.53	25.75998807927277
39.54	24.285277906410005
39.550000000000004	22.54911700853468
39.56	17.870028149099046
39.57	16.206800450535006
39.58	20.89964850314295
39.59	20.324739458946773
39.6	22.85017273656717
39.61	28.68469152348967
39.62	27.51099768559962
39.63	21.396577041515272
39.64	18.09396900346307
39.65	20.646203492983698
39.660000000000004	16.2517452424459
39.67	16.416462012525812
39.68	16.113326953032168
39.69	11.786529888462521
39.7	16.47663719379022
39.71	17.196875381692095
39.72	17.696178622164066
39.730000000000004	16.041170899830203
39.74	15.061991230425287
39.75	13.025860482881466
39.76	25.33350728087379
39.77	30.565688590215654
39.78	25.078264964660484
39.79	26.15303833765068
39.800000000000004	27.802107127730615
39.81	21.450427343516218
39.82	16.836290309971755
39.83	13.1375587071203
39.84	13.334255720662243
39.85	10.460553441415978
39.86	8.418616717872583
39.87	8.264225998049035
39.88	23.7918854605909
39.89	27.688647855254594
39.9	27.43717192948062
39.910000000000004	23.971922225320878
39.92	21.576409243184425
39.93	18.04190213256036
39.94	16.574960719137223
39.95	19.74477406633878
39.96	23.321317696965004
39.97	18.202227267626842
39.980000000000004	17.634231877434253
39.99	15.065382922623968
40.0	18.91475333970385
40.01	17.37232862099594
40.02	24.876459386102898
40.03	20.74582411646768
40.04	18.349893493870468
40.050000000000004	17.4281969167575
40.06	19.77532115348636
40.07	17.865228387172056
40.08	13.963263058311085
40.09	14.341572255886645
40.1	15.821896964813842
40.11	12.593701433932587
40.12	16.138270638891132
40.13	13.60560684177265
40.14	11.30989080044256
40.15	9.82240994674958
40.160000000000004	13.66037981336369
40.17	10.577782622514516
40.18	8.698280463222819
40.19	7.138860806189786
40.2	6.5337392564433
40.21	5.84209533096838
40.22	3.8141804376324204
40.230000000000004	2.936417223923146
40.24	4.070012419512674
40.25	7.215868730511119
40.26	3.7684451466491637
40.27	3.1334259934468873
40.28	4.809892073571237
40.29	0.9773529800783081
40.300000000000004	1.0859517688780265
40.31	4.458891498565214
40.32	2.5453372442591706
40.33	2.221329848629813
40.34	-0.9231173029217304
40.35	-1.1090038180292723
40.36	-1.0873632354637672
40.37	-0.7723401725818851
40.38	-1.303964904256687
40.39	-3.3164574404970435
40.4	-5.11952066120325
40.410000000000004	-5.618609123458497
40.42	-4.361888702223743
40.43	-5.371099320931863
40.44	-7.127160031802483
40.45	-9.76201458321463
40.46	-7.15373611725099
40.47	-10.025630706751404
40.480000000000004	-10.09405627422691
40.49	-12.842186474373182
40.5	-10.34550649614441
40.51	-16.293318259263053
40.52	-12.748095910210063
40.53	-10.5947412119788
40.54	-12.39075397337992
40.550000000000004	-9.439550524767109
40.56	-9.771365064835706
40.57	-10.32382746111709
40.58	-12.702083007727015
40.59	-15.3946472706824
40.6	-14.992868162806053
40.61	-22.823644932508927
40.62	-19.897130640354217
40.63	-19.406642957510115
40.64	-17.244683875993207
40.65	-22.704279572098915
40.660000000000004	-17.585694580456625
40.67	-17.93414299873943
40.68	-16.7980838775806
40.69	-23.81354843920086
40.7	-19.94939032072285
40.71	-15.804779209379179
40.72	-14.947344420080055
40.730000000000004	-17.257680603682367
40.74	-15.573135043273986
40.75	-17.974660430816247
40.76	-17.62103348017769
40.77	-17.56439808726011
40.78	-13.45394258986495
40.79	-10.755890109730407
40.800000000000004	-9.05428307960812
40.81	-8.912731103466962
40.82	-7.404917386641144
40.83	-6.2397114677723655
40.84	-7.574149668598186
40.85	-4.156435158487876
40.86	-0.8560602336472632
40.87	0.4140116746287838
40.88	2.061288707980374
40.89	0.7558479854860567
40.9	2.1587330864302845
40.910000000000004	2.5266136950789257
40.92	7.855228163590611
40.93	9.420838635093514
40.94	14.188908743354698
40.95	15.48555159512697
40.96	20.640064323368694
40.97	22.123960267474523
40.980000000000004	19.213155947051636
40.99	15.123166779205228
41.0	12.772907228117004
41.01	13.218806370421808
41.02	17.420861661696406
41.03	13.586216816973893
41.04	14.014366774062783
41.050000000000004	11.064439634432272
41.06	8.542288786613826
41.07	6.569968916656033
41.08	4.69690273098244
41.09	2.96947853503523
41.1	2.9323192657522434
41.11	2.334706400002776
41.12	4.108807827158725
41.13	5.180484409761481
41.14	5.315824426846195
41.15	6.578702361773463
41.160000000000004	7.772343049880006
41.17	9.07206812532333
41.18	11.726665720223336
41.19	12.778868778839799
41.2	11.650988497730248
41.21	11.684306099279368
41.22	12.216337936450081
41.230000000000004	8.769810057590893
41.24	6.574144947737839
41.25	11.595103621172994
41.26	11.408981699815943
41.27	15.632518702260947
41.28	15.969568222648967
41.29	16.458014713503403
41.300000000000004	21.739118767457
41.31	18.317265295699446
41.32	21.714074053233873
41.33	22.143205073487895
41.34	21.816223777733608
41.35	28.758546723366123
41.36	25.298347327880183
41.37	24.97780328872467
41.38	20.03953093148897
41.39	17.863814811174905
41.4	16.720658561772584
41.410000000000004	14.422402184493
41.42	13.393258400013808
41.43	13.072727554300707
41.44	16.44736064721567
41.45	19.74939874983255
41.46	15.956917432815079
41.47	15.45265336211696
41.480000000000004	16.52880673028761
41.49	30.739876664859946
41.5	29.03188165447028
41.51	31.440436057214782
41.52	28.448511919562527
41.53	23.452141282578197
41.54	22.055660638983003
41.550000000000004	16.938905055211062
41.56	19.836534808152035
41.57	24.71641128660184
41.58	24.00810443078803
41.59	22.40119983162393
41.6	20.7915448668329
41.61	25.1557688053767
41.62	24.52225277710798
41.63	23.229036106490852
41.64	25.089342854954857
41.65	24.291599454234863
41.660000000000004	23.86559449772686
41.67	21.600794234125313
41.68	16.58810683624417
41.69	12.363870359196468
41.7	13.646564325599382
41.71	15.556881209363056
41.72	18.84187684036927
41.730000000000004	19.09248508112674
41.74	19.422081198436686
41.75	17.374484678370987
41.76	15.698978726097232
41.77	16.986464132705123
41.78	20.409726955564437
41.79	20.101615161511347
41.800000000000004	16.391019078983117
41.81	16.632736647315006
41.82	14.172780704984204
41.83	15.218571731039168
41.84	18.218948823769363
41.85	16.79075105271473
41.86	13.848231798740152
41.87	10.626075731987179
41.88	10.902495387922087
41.89	8.591239975397109
41.9	9.58626164053598
41.910000000000004	12.836207103567226
41.92	9.235427480776286
41.93	5.653437314559525
41.94	3.1700706017223013
41.95	3.69729335828977
41.96	5.425962642359205
41.97	9.31639073960691
41.980000000000004	10.74658548772024
41.99	8.09356030729715
42.0	7.559706358337444
42.01	7.460264794583789
42.02	11.817073446936122
42.03	13.51902913707973
42.04	17.58972380658918
42.050000000000004	15.411338747446647
42.06	21.34699828709649
42.07	20.740595254196858
42.08	15.63223452463226
42.09	14.32506676665482
42.1	12.134389888572443
42.11	14.132759510915058
42.12	12.50194818938309
42.13	11.87716379758748
42.14	12.625018710213583
42.15	16.592760350705635
42.160000000000004	18.18847844915751
42.17	14.01447472976991
42.18	16.469517772192646
42.19	17.573387897328672
42.2	17.34676939190792
42.21	28.71038031682974
42.22	28.20833294186559
42.230000000000004	26.129371348590865
42.24	25.386749643966503
42.25	19.616209242119794
42.26	18.72642063178935
42.27	18.42822016247217
42.28	25.126303820213586
42.29	21.03879508833366
42.300000000000004	17.869625976962464
42.31	16.702801213877805
42.32	17.215419906853494
42.33	14.269713048523325
42.34	12.184264002315395
42.35	10.457965849786195
42.36	7.672177609107704
42.37	5.5688877687508205
42.38	5.003598524395034
42.39	7.29046715792216
42.4	9.571279115003385
42.410000000000004	7.668306205196123
42.42	5.600500520340282
42.43	4.803906947337939
42.44	2.458861831722597
42.45	1.0474977892617632
42.46	1.799416894441612
42.47	3.3632892679463007
42.480000000000004	6.109460294024881
42.49	3.1909648410076676
42.5	3.3879043577544543
42.51	6.141104268503923
42.52	6.6704871840173094
42.53	4.965139017446129
42.54	5.928921748294079
42.550000000000004	7.6516892791231665
42.56	6.151789894660215
42.57	5.293421719294003
42.58	3.340544471663586
42.59	3.8389710888373347
42.6	8.932702998191756
42.61	9.562176880556317
42.62	13.654028037084988
42.63	11.974250471698307
42.64	13.116323076814156
42.65	14.409603612182481
42.660000000000004	20.463777375315942
42.67	20.592047621071288
42.68	21.39104781594987
42.69	18.693406377704832
42.7	15.457897425049968
42.71	14.304393709576491
42.72	14.992362753840675
42.730000000000004	16.54319333985755
42.74	23.830800329185205
42.75	22.375866571879076
42.76	19.942684660253775
42.77	16.273156744755322
42.78	13.250117903944696
42.79	10.764590506276415
42.800000000000004	14.61702189646105
42.81	12.446885446759328
42.82	15.720142705683484
42.83	14.686004191202441
42.84	17.978440977434968
42.85	23.052700255734702
42.86	21.029958026269114
42.87	18.53225897068269
42.88	13.918881787849726
42.89	11.63402732931958
42.9	19.879482699267935
42.910000000000004	24.51573118420285
42.92	24.00547256170197
42.93	27.691689949716576
42.94	24.732294311521418
42.95	26.43103453321325
42.96	22.32481283102544
42.97	27.479518260714705
42.980000000000004	26.620269544338885
42.99	28.91987981459505
43.0	24.99082008167755
43.01	19.991048186531447
43.02	17.739344741240053
43.03	17.345557707219402
43.04	18.717017366392618
43.050000000000004	15.847982186650587
43.06	16.535111924962614
43.07	17.523822792082086
43.08	16.516264642699966
43.09	14.57757289613012
43.1	11.894731012514665
43.11	11.096680133796502
43.12	10.549657394998912
43.13	10.865699990106918
43.14	15.553570103947024
43.15	15.354062887369905
43.160000000000004	17.151540962228506
43.17	13.900336769509082
43.18	12.11557291874974
43.19	15.2979272361502
43.2	13.140638371879133
43.21	10.985561412819603
43.22	18.254205092038198
43.230000000000004	18.96815809745287
43.24	18.285330405096435
43.25	15.62865088246813
43.26	13.888584027089252
43.27	20.18256272794873
43.28	17.343771393346486
43.29	14.782744601837601
43.300000000000004	13.126583295959394
43.31	17.592679506220136
43.32	16.037348219525192
43.33	18.645441152289077
43.34	17.80235871179627
43.35	14.257063133780406
43.36	17.619412143612873
43.37	19.98137099958241
43.38	18.697384820986684
43.39	16.39096487554589
43.4	14.354427791251787
43.410000000000004	10.874881800762864
43.42	9.219389879066556
43.43	8.769103138925324
43.44	10.635513344628212
43.45	8.986114728851582
43.46	7.359175161654971
43.47	11.191562297251574
43.480000000000004	10.875762447689969
43.49	13.659820837526535
43.5	23.808770571473644
43.51	24.268343919233654
43.52	22.62774781381768
43.53	20.53953911386628
43.54	23.99353618074551
43.550000000000004	18.766495473131688
43.56	15.295162675210435
43.57	18.65180941917706
43.58	20.370066380196818
43.59	17.958558437894037
43.6	21.435793828361508
43.61	25.021988951231712
43.62	23.782767799589212
43.63	20.091579184640178
43.64	19.212879516794473
43.65	23.823124230977665
43.660000000000004	26.221084985907982
43.67	21.944084195414774
43.68	17.46621163322593
43.69	18.371686539801246
43.7	26.168192557005543
43.71	21.21815755202823
43.72	23.07269279184264
43.730000000000004	18.39616813052762
43.74	26.383525787877115
43.75	24.40410602323398
43.76	21.201792575998248
43.77	22.685267133881844
43.78	17.942014121468848
43.79	18.604163165543234
43.800000000000004	14.99537869912956
43.81	14.256449395098901
43.82	11.670432522752884
43.83	9.673542082719852
43.84	7.48530977060559
43.85	8.343635223608914
43.86	9.965744687680857
43.87	8.123607553069403
43.88	8.672703957518708
43.89	9.853231847345832
43.9	8.828272919550669
43.910000000000004	10.76181788618125
43.92	12.428324170034294
43.93	10.221330216377696
43.94	9.259506927216965
43.95	3.4037918601026544
43.96	4.942420129536358
43.97	5.440632096815461
43.980000000000004	7.113697413877833
43.99	6.652137488020441
44.0	6.257872915378556
44.01	3.996657809798712
44.02	5.7014407847657615
44.03	5.360133009580658
44.04	4.634948421438749
44.050000000000004	3.8894911191316734
44.06	2.873488339198712
44.07	0.6459191998024348
44.08	3.1394211129989285
44.09	7.361631233255665
44.1	8.341844362104286
44.11	7.7825262727333655
44.12	9.419701442636201
44.13	10.584133588443024
44.14	12.962884074843855
44.15	10.168906798733062
44.160000000000004	7.528117694607852
44.17	11.063459944143847
44.18	8.17639674905171
44.19	6.727025040951959
44.2	6.088951773482993
44.21	7.555031289123766
44.22	16.070471478531278
44.230000000000004	14.24753757509817
44.24	15.3589399296092
44.25	13.83002474662562
44.26	12.58058654200169
44.27	11.085253215161249
44.28	10.502639322178851
44.29	12.441967528395903
44.300000000000004	9.622614860824875
44.31	11.605731369085156
44.32	15.856876042836928
44.33	22.81190395456426
44.34	17.971348800077944
44.35	14.0218968306357
44.36	10.718708518579106
44.37	12.200316831373735
44.38	16.10247200391469
44.39	17.04015510076718
44.4	14.300645549321713
44.410000000000004	13.131872653259194
44.42	12.068415538034849
44.43	12.014669318475159
44.44	10.978487848642974
44.45	10.486544006263024
44.46	10.122021772673394
44.47	9.41260281995546
44.480000000000004	8.565930990085851
44.49	8.799048815743406
44.5	9.311238885786386
44.51	7.630517215599998
44.52	5.3671410018961
44.53	9.457266909178264
44.54	14.126660462938057
44.550000000000004	14.443408575071397
44.56	13.678194140285148
44.57	16.22983179740915
44.58	17.29562197019805
44.59	17.48743587945832
44.6	19.331702245034712
44.61	17.060389100647683
44.62	13.170685353608741
44.63	11.830024038251656
44.64	19.795489138336876
44.65	20.412128037774114
44.660000000000004	19.453320148798085
44.67	16.110281608847536
44.68	18.752107372782604
44.69	20.99723731813866
44.7	21.984279088014105
44.71	17.717655563005213
44.72	14.25999545214504
44.730000000000004	13.93632195276117
44.74	15.685881868188062
44.75	13.227667632201184
44.76	14.413855686824201
44.77	14.237583044770677
44.78	16.489237596603108
44.79	12.341325005724405
44.800000000000004	10.789312200936003
44.81	9.168765015073438
44.82	11.099871144404204
44.83	9.500721454668128
44.84	8.210883994525055
44.85	7.566347444533503
44.86	9.900094497375825
44.87	8.554741945346413
44.88	6.990172696528018
44.89	3.936286017295829
44.9	2.157116092364104
44.910000000000004	-3.711755356429532
44.92	-6.361368674815898
44.93	-9.905950421033477
44.94	-9.415431470194614
44.95	-10.603605884633401
44.96	-16.49563657328198
44.97	-16.063681831305598
44.980000000000004	-16.256811336961935
44.99	-14.339940059741515
45.0	-14.083386545823233
45.01	-10.474583121784693
45.02	-10.375612338087802
45.03	-10.787533201070872
45.04	-12.095225461834412
45.050000000000004	-9.4031137913255
45.06	-6.842264142542163
45.07	-4.018089466449927
45.08	-1.5357369557243417
45.09	-2.105733928734516
45.1	-1.480699387140731
45.11	-1.1597475749764228
45.12	-3.0380220996133818
45.13	1.8113477727427663
45.14	6.226284919027119
45.15	11.460381590395139
45.160000000000004	12.820456646951941
45.17	10.758674890600245
45.18	6.860175518017022
45.19	4.72849593536001
45.2	4.304503329963182
45.21	3.291889312038013
45.22	3.0816865292791813
45.230000000000004	6.086574283706107
45.24	6.270332971735671
45.25	6.602663590014446
45.26	9.593375722103175
45.27	17.438418491172463
45.28	16.60024291525619
45.29	18.358424199885985
45.300000000000004	15.683402996348175
45.31	14.217678809115192
45.32	10.96522015258419
45.33	7.821833635444585
45.34	7.848358304794755
45.35	6.443864489603763
45.36	6.311705119221139
45.37	6.62976748451171
45.38	11.045352725668296
45.39	34.73919325465832
45.4	30.951663696833197
45.410000000000004	27.062408916916034
45.42	25.34072102919273
45.43	24.223239202234502
45.44	22.047863355170854
45.45	28.77454746664273
45.46	24.889476594761632
45.47	19.419735115058472
45.480000000000004	18.855113822079968
45.49	16.699817608288082
45.5	13.307991046117346
45.51	14.650810960049641
45.52	15.28247917129214
45.53	17.763354517677215
45.54	24.616008240895408
45.550000000000004	21.523243213939914
45.56	23.369729204814185
45.57	20.736110572362904
45.58	18.321909027812225
45.59	20.68050239148423
45.6	23.365465849223465
45.61	30.11672589190451
45.62	26.118537725774654
45.63	25.057550112694734
45.64	25.22815270758793
45.65	29.75129157593169
45.660000000000004	23.269321955060832
45.67	21.8194064258183
45.68	23.64708867374095
45.69	19.161198873433147
45.7	21.971780232374392
45.71	20.173058633624905
45.72	20.956423949237585
45.730000000000004	19.161018413455984
45.74	20.134975823812294
45.75	23.225705228462303
45.76	23.22617974338002
45.77	19.976378200652306
45.78	20.786241290458875
45.79	20.178454227742446
45.800000000000004	16.614766703686477
45.81	15.648646289675382
45.82	12.953820943101618
45.83	10.494237862409507
45.84	9.97065116233611
45.85	12.634022063739215
45.86	11.719010666134734
45.87	12.13968324096395
45.88	11.569722387552378
45.89	20.215543964135424
45.9	22.30587291528053
45.910000000000004	21.200121324778376
45.92	22.570155232043398
45.93	22.199520020874875
45.94	27.88966231364821
45.95	23.279583399667032
45.96	28.599569539120004
45.97	26.076244519330082
45.980000000000004	27.730635076650845
45.99	30.77807914501563
46.0	26.009844117208942
46.01	27.831201250322504
46.02	25.244363044214865
46.03	22.104482269765104
46.04	22.688513911171235
46.050000000000004	23.542544807691595
46.06	23.106696928758417
46.07	24.642736395171394
46.08	24.76760184685708
46.09	24.049259391355246
46.1	22.08304682056454
46.11	24.400861492650648
46.12	27.707853461354908
46.13	26.394208787503764
46.14	25.61864134910956
46.15	24.48546054124501
46.160000000000004	21.85066226437245
46.17	25.459993142631888
46.18	26.78402335313396
46.19	25.334565154236383
46.2	20.282393755264255
46.21	15.79437227621667
46.22	15.144107085769107
46.230000000000004	13.709657406558287
46.24	17.050303392591907
46.25	21.845865166312127
46.26	19.216357365406427
46.27	15.69021921881176
46.28	12.530113946151896
46.29	13.072459875933276
46.300000000000004	10.874679368429597
46.31	8.965317294519798
46.32	5.632019704515966
46.33	2.8815832985191263
46.34	4.084821432357667
46.35	8.110856085978217
46.36	12.605933160159829
46.37	16.295459533991764
46.38	28.881456786080307
46.39	22.40494814278089
46.4	22.83170737017422
46.410000000000004	21.74173242425188
46.42	18.355215568595668
46.43	14.45707174131558
46.44	21.95804154870589
46.45	30.90594273925678
46.46	26.959411741121404
46.47	22.959329611682836
46.480000000000004	25.36166895697979
46.49	27.66942439936977
46.5	26.24996888761542
46.51	25.054904339958217
46.52	29.15135206326101
46.53	25.583678924805056
46.54	23.974361112609834
46.550000000000004	20.914405254197394
46.56	24.193562704867123
46.57	31.214239912930974
46.58	27.871069818398436
46.59	26.519227108236606
46.6	23.67515095850328
46.61	21.70076232066186
46.62	21.837423273943454
46.63	21.725257162721302
46.64	24.031313600390753
46.65	19.044950336284284
46.660000000000004	26.868399838370888
46.67	27.499791270810086
46.68	26.178050522670805
46.69	24.189992725227782
46.7	26.239964684593073
46.71	34.941519160357345
46.72	29.96000427398148
46.730000000000004	31.572708584727835
46.74	27.16586170601824
46.75	26.55209607571402
46.76	27.341092279063524
46.77	21.32390742354943
46.78	16.854407936675
46.79	26.192829016421644
46.800000000000004	31.337207018247998
46.81	31.07092679162031
46.82	26.172066913952918
46.83	20.843243671953104
46.84	19.101037704363353
46.85	17.123416630158296
46.86	22.111116644612995
46.87	19.915281310737857
46.88	22.574739999647683
46.89	18.638371925785947
46.9	16.520132897578108
46.910000000000004	19.182895760553695
46.92	17.455812218372404
46.93	22.60022962740898
46.94	20.67020391013674
46.95	17.558675829861944
46.96	17.862986316751932
46.97	16.649486446992793
46.980000000000004	16.929606716642912
46.99	15.433636717292039
47.0	20.080736499438792
47.01	20.740416325281558
47.02	16.818716373965028
47.03	14.493224441453098
47.04	11.135917706410222
47.050000000000004	13.319779699026634
47.06	18.649246868258675
47.07	16.613011731473282
47.08	18.661352770445514
47.09	15.772551289826199
47.1	14.723868762086441
47.11	12.110305893215893
47.12	8.430055119778906
47.13	6.702191337020645
47.14	10.290845950338252
47.15	14.440963643721618
47.160000000000004	12.189490976777723
47.17	10.965190971135948
47.18	12.981926248348508
47.19	18.01812793868559
47.2	23.59981863092707
47.21	19.66317830639925
47.22	19.77991783100659
47.230000000000004	23.312898347395965
47.24	21.79727732169185
47.25	22.690221502528228
47.26	23.382906244864053
47.27	22.75633551307365
47.28	22.49099706677831
47.29	17.269616831398366
47.300000000000004	13.792807179137927
47.31	13.998296699191442
47.32	23.966039709730754
47.33	27.39764304449871
47.34	29.250591002528907
47.35	26.81225646910438
47.36	27.300431023024124
47.37	30.087729548860878
47.38	28.15566695077612
47.39	27.595157527981655
47.4	31.64484308629235
47.410000000000004	27.732449005596447
47.42	23.397440788150032
47.43	18.285228380560852
47.44	14.484616548889294
47.45	21.45410870521103
47.46	25.52784640673333
47.47	22.29640429863336
47.480000000000004	23.39157218419238
47.49	18.428909661419734
47.5	15.812096920294128
47.51	17.383442918243357
47.52	19.125251635422664
47.53	16.463996798568417
47.54	14.468996508381057
47.550000000000004	24.08893869457316
47.56	23.697266228514046
47.57	26.71232826155424
47.58	21.86548991746721
47.59	21.350507222643415
47.6	21.58368337810823
47.61	19.62634170630645
47.62	16.838482601290927
47.63	16.473687625007315
47.64	12.19428003209115
47.65	10.674573751024777
47.660000000000004	15.95193914969844
47.67	12.354295580859365
47.68	11.41348020039244
47.69	12.422724331969114
47.7	11.127965594285458
47.71	20.102614336192513
47.72	17.36134080477981
47.730000000000004	13.412066405251904
47.74	10.043469031413329
47.75	10.344343612961053
47.76	11.03143989717861
47.77	17.190807058959162
47.78	17.556369366980793
47.79	14.825487422560176
47.800000000000004	19.07832351897925
47.81	16.560114764382952
47.82	15.673957670949846
47.83	12.545306543441038
47.84	10.993166710910769
47.85	13.26767341069323
47.86	13.049583201943165
47.870000000000005	13.021826728842658
47.88	16.78509846426817
47.89	18.78487119345945
47.9	19.4001721451802
47.910000000000004	31.524403074088287
47.92	26.092156696461835
47.93	25.908209023281763
47.94	20.460066801830457
47.95	19.199899644809374
47.96	19.47473870213571
47.97	19.83567532960297
47.980000000000004	19.948905714734583
47.99	18.671082250143144
48.0	14.514424289738313
48.01	10.835908577962035
48.02	10.69878185711633
48.03	19.24623200259894
48.04	18.454337190202924
48.050000000000004	14.453585896000687
48.06	12.248009101997607
48.07	10.372843725427957
48.08	8.537896832942039
48.09	9.261008505531663
48.1	8.144442055811142
48.11	7.106954218735628
48.120000000000005	9.3571921740064
48.13	8.61739432726053
48.14	10.685298840795841
48.15	11.306534866970347
48.160000000000004	12.868813616326975
48.17	19.578336023906964
48.18	22.26646461949978
48.19	20.44892753242651
48.2	19.362534244030535
48.21	21.453728957284373
48.22	22.202423825606612
48.230000000000004	17.32658600301109
48.24	18.133049604411976
48.25	16.90693567126265
48.26	24.83391102436673
48.27	21.10131723778306
48.28	19.154731393754908
48.29	25.982631666105764
48.300000000000004	20.822349122691875
48.31	23.838773688903718
48.32	20.593195365516383
48.33	19.842477540709112
48.34	22.790735428275127
48.35	20.290393370065086
48.36	24.403406085869033
48.370000000000005	26.587481737754402
48.38	26.375384098586714
48.39	25.092599996476903
48.4	24.799167435822422
48.410000000000004	24.29386790794432
48.42	25.65797832814681
48.43	23.99177104749517
48.44	19.901240137805996
48.45	18.762998912482413
48.46	18.438880155358735
48.47	14.875828548716235
48.480000000000004	16.07385493802891
48.49	16.534317870895062
48.5	29.01361917482412
48.51	22.19214009135331
48.52	22.429622946072293
48.53	22.993036252994706
48.54	19.468815011904343
48.550000000000004	18.62884216735444
48.56	21.152808882844628
48.57	29.926762885087676
48.58	24.892754853259714
48.59	20.233058513401602
48.6	24.730307108618966
48.61	20.972677783835806
48.620000000000005	17.648737496632844
48.63	16.601771603645613
48.64	15.26826525759873
48.65	11.771467377871415
48.660000000000004	9.391193167937326
48.67	8.354891578235302
48.68	6.014982801495818
48.69	4.41897318763099
48.7	2.403210136042932
48.71	-0.08189820999945892
48.72	1.6764633630887633
48.730000000000004	4.298671886242812
48.74	5.246447519680044
48.75	6.911087066778826
48.76	6.842986947465252
48.77	13.903974273700886
48.78	15.979561861093222
48.79	14.287183151412417
48.800000000000004	14.380113340016294
48.81	19.506401307564275
48.82	18.629812934973472
48.83	17.837611568028656
48.84	19.327429543703275
48.85	18.70311729046321
48.86	19.155483839875867
48.870000000000005	28.05511867761898
48.88	24.566835678898812
48.89	22.18459498657816
48.9	26.826928023299743
48.910000000000004	22.038744042263158
48.92	24.206119539896836
48.93	19.70396869185511
48.94	16.320554087338802
48.95	13.123499260803644
48.96	18.29283888056047
48.97	14.459396950054424
48.980000000000004	11.205308136748235
48.99	8.540416289363543
49.0	10.708435348033332
49.01	10.200461423959533
49.02	10.84431047445313
49.03	13.72851718237848
49.04	10.417072126433972
49.050000000000004	11.847300545222314
49.06	12.548237675189426
49.07	19.28529210527425
49.08	18.04294932485636
49.09	19.63263906021624
49.1	20.090357905860014
49.11	18.536165915322808
49.120000000000005	14.738321184779632
49.13	17.95770741896087
49.14	16.298029419058278
49.15	13.606296533945695
49.160000000000004	15.672106730354075
49.17	12.34152954823536
49.18	12.011929701757264
49.19	11.522576124668332
49.2	15.019933994772224
49.21	21.104202955057584
49.22	20.13571197648562
49.230000000000004	17.16637738456379
49.24	13.881330281793513
49.25	15.890317599740309
49.26	13.902545785881015
49.27	10.983325602592831
49.28	8.038156201402659
49.29	14.252109100332127
49.300000000000004	14.670093104173874
49.31	20.073936332155352
49.32	24.46543803645677
49.33	22.423209400478093
49.34	18.097886249265176
49.35	15.638149167630258
49.36	14.720950483302108
49.370000000000005	14.028097837910758
49.38	14.198586284115304
49.39	18.024151129960543
49.4	14.474076072902971
49.410000000000004	13.712996242951382
49.42	13.664718017926617
49.43	16.744823432913044
49.44	25.719617014415768
49.45	24.27545834252955
49.46	24.13991284666249
49.47	23.75878952456714
49.480000000000004	18.11914156537694
49.49	19.273950874642832
49.5	23.54559445708245
49.51	27.389395154297876
49.52	24.557800847922994
49.53	22.545079928588326
49.54	27.560687294734795
49.550000000000004	24.055783301994765
49.56	19.500609745609488
49.57	16.664341113060722
49.58	14.567723330295445
49.59	11.651281263502463
49.6	12.594298645956158
49.61	16.04305176136693
49.620000000000005	15.64786082668431
49.63	17.638601385593297
49.64	22.58057304509797
49.65	21.82046939112309
49.660000000000004	18.496315146304386
49.67	15.106431725423596
49.68	14.728695826571597
49.69	14.41894541027111
49.7	14.009165139913886
49.71	20.050850678924906
49.72	16.94457835602863
49.730000000000004	17.583438964621415
49.74	18.29210731213184
49.75	14.606526216200457
49.76	16.094813061627494
49.77	16.689225795488674
49.78	14.693231771783491
49.79	14.058297243601231
49.800000000000004	12.228088954688623
49.81	12.982864213536768
49.82	11.876478857381137
49.83	10.165995864298054
49.84	11.829379873947921
49.85	11.32146638312209
49.86	17.251895295435993
49.870000000000005	14.60928975784513
49.88	17.704587819089486
49.89	14.700113468995811
49.9	12.803982398762109
49.910000000000004	14.68390309098878
49.92	14.272577896016529
49.93	11.03045462920588
49.94	9.975459473644037
49.95	7.317084508355682
49.96	6.359791432824961
49.97	8.317656117373335
49.980000000000004	6.8426727834848755
49.99	5.649407224716199
50.0	-0.5461276374171226
50.01	-1.780996153863887
50.02	1.5054782407759482
50.03	3.8999904002376526
50.04	5.828738645112972
50.050000000000004	7.451297957149803
50.06	7.958859972432428
50.07	6.710342261221082
50.08	7.115783105005824
50.09	11.502160720901086
50.1	12.088663759930686
50.11	13.091854053859956
50.120000000000005	13.898553660674372
50.13	19.0138205913072
50.14	24.505704077326804
50.15	21.439285621016367
50.160000000000004	27.887220447470174
50.17	25.773975611462983
50.18	23.569740528538627
50.19	28.05452995555575
50.2	30.4221634353105
50.21	28.515717120721064
50.22	22.258783183990307
50.230000000000004	17.723065893625204
50.24	20.82362322018594
50.25	20.58336275011035
50.26	24.907898584941087
50.27	20.488039758635836
50.28	17.733846424274734
50.29	17.296018678084696
50.300000000000004	14.139383270463444
50.31	12.3265409812771
50.32	16.614986054637075
50.33	17.483283574830413
50.34	22.837202413767677
50.35	20.105161821748148
50.36	22.045077296160176
50.370000000000005	22.436184039895153
50.38	17.903585147897697
50.39	21.864505355708097
50.4	27.964684037589258
50.410000000000004	32.498605288572186
50.42	27.249430576734895
50.43	30.317970918769248
50.44	26.76805662799455
50.45	24.403698925149026
50.46	21.731677370765834
50.47	17.15167851500284
50.480000000000004	15.795220151412776
50.49	13.241935701265096
50.5	15.944171938476055
50.51	12.638229034377277
50.52	12.671543802483784
50.53	19.389570426518034
50.54	17.510834429314684
50.550000000000004	19.68055107244704
50.56	16.48207866460122
50.57	13.140005334938623
50.58	11.208019114867367
50.59	16.323164450075463
50.6	20.752228468317686
50.61	16.128199650844255
50.620000000000005	13.71540796736372
50.63	13.423389889240983
50.64	15.448362751749457
50.65	14.307652984927323
50.660000000000004	10.208439291308338
50.67	10.417412282489177
50.68	15.65168951843146
50.69	16.657431408780432
50.7	14.605587335850203
50.71	12.828313675360087
50.72	12.898115728038732
50.730000000000004	12.087977337680462
50.74	15.935020539503352
50.75	14.63329498833327
50.76	13.411748591171882
50.77	14.255911376460785
50.78	19.198465982509692
50.79	17.711638163727724
50.800000000000004	17.120479216100655
50.81	20.23303469172487
50.82	26.369288417517865
50.83	23.575872862295597
50.84	26.28462972276018
50.85	23.7728489529316
50.86	19.576617866624577
50.870000000000005	22.98526610012759
50.88	23.136185728255256
50.89	20.830704850135085
50.9	18.446688243257434
50.910000000000004	25.300421971655506
50.92	20.20504215439296
50.93	21.05405707068997
50.94	22.002881109310938
50.95	20.547916133352615
50.96	17.161935343798845
50.97	14.540139383031645
50.980000000000004	12.574974859767353
50.99	10.5921697139318
51.0	10.382908041697664
51.01	7.808545403384284
51.02	3.4236541047549593
51.03	6.727883621600466
51.04	7.269947314179224
51.050000000000004	9.394848833427423
51.06	9.175637689622382
51.07	7.828735423193082
51.08	6.390355743108639
51.09	6.827348920976053
51.1	7.5625048232969645
51.11	8.311128882695202
51.120000000000005	12.393567709650496
51.13	10.145208574249661
51.14	14.717668370969903
51.15	14.410070992960966
51.160000000000004	15.072870449250093
51.17	17.38480400789281
51.18	20.838665744390454
51.19	20.624523033249442
51.2	20.333706433342947
51.21	15.622921020727388
51.22	11.891610231393011
51.230000000000004	9.274701975845257
51.24	8.609084625012542
51.25	13.477003108655301
51.26	10.963470666597763
51.27	12.723152305329055
51.28	13.246913480403867
51.29	12.318651614479004
51.300000000000004	14.988498160209254
51.31	15.02110812645999
51.32	15.693031153300426
51.33	20.219911833508117
51.34	18.23985044019175
51.35	18.27041240776272
51.36	24.176203505005166
51.370000000000005	21.14091725938193
51.38	24.533398707733106
51.39	21.722096216233936
51.4	16.34151568480096
51.410000000000004	27.722697553548507
51.42	31.177347803745814
51.43	29.53085502689228
51.44	24.260417410759548
51.45	18.804417050643675
51.46	15.958524588576536
51.47	16.730652811174227
51.480000000000004	15.240564506819114
51.49	13.752486911555275
51.5	15.068144561350238
51.51	14.925363685516546
51.52	14.233222300325208
51.53	11.313600277850806
51.54	9.144509772050142
51.550000000000004	11.994437166615018
51.56	11.06332187850334
51.57	12.195152993689534
51.58	14.506281301194617
51.59	13.413618695327145
51.6	20.550685538388777
51.61	21.78145463394922
51.620000000000005	17.07362476954964
51.63	14.315842291643046
51.64	15.272673521589766
51.65	21.600444818196777
51.660000000000004	22.085776255394613
51.67	26.985484606519957
51.68	27.937005564980165
51.69	29.24081767845971
51.7	22.538993654655094
51.71	17.53475046424679
51.72	13.474777808445019
51.730000000000004	10.100523477262795
51.74	15.195376101733197
51.75	21.749928271144466
51.76	19.20214234580405
51.77	20.635498932482495
51.78	17.03831732514772
51.79	18.592660153810034
51.800000000000004	18.370776146907755
51.81	17.92132290610908
51.82	17.58395023335308
51.83	14.741708969677498
51.84	15.722828390486653
51.85	12.480420815132726
51.86	11.56579598293659
51.870000000000005	10.606377088463075
51.88	8.985158820629874
51.89	12.365423754014493
51.9	14.970131400265858
51.910000000000004	11.640049928264851
51.92	9.262828020196618
51.93	9.81828257158714
51.94	16.875308664191124
51.95	27.754534480976186
51.96	26.736344380621432
51.97	25.104750019307687
51.980000000000004	23.78865182153981
51.99	19.12315806761467
52.0	14.45766431368953
52.01	10.916045077182888
52.02	8.389711258968783
52.03	5.863377440756476
52.04	3.8456981212867474
52.050000000000004	4.190948614198006
52.06	3.9010954142686565
52.07	1.4336219585046437
52.08	-0.4652045238143492
52.09	-1.6651239747560695
52.1	-6.2844157824363345
52.11	-27.366389717666607
52.120000000000005	-26.362520309780756
52.13	-30.12120718029885
52.14	-26.981723676232402
52.15	-22.839644347872916
52.160000000000004	-20.12856829295932
52.17	-17.130580558786278
52.18	-17.529558009117945
52.19	-14.863122357955914
52.2	-14.55122074932912
52.21	-15.529931917676587
52.22	-14.640595826064425
52.230000000000004	-14.859924257318522
52.24	-16.02283643456303
52.25	-14.186285274454427
52.26	-18.885723731005402
52.27	-17.599325947792387
52.28	-15.438834126509452
52.29	-17.46727748278583
52.300000000000004	-23.039059016069483
52.31	-18.301597220699982
52.32	-14.581535408281745
52.33	-14.20510563263932
52.34	-15.364291754508205
52.35	-13.604799295382156
52.36	-12.431097553100324
52.370000000000005	-9.730240138752995
52.38	-9.412474983459118
52.39	-7.344560621282115
52.4	-8.503913130223534
52.410000000000004	-7.288266144789064
52.42	-10.294781414778187
52.43	-11.323458187005608
52.44	-13.57873959500786
52.45	-18.780949923539207
52.46	-19.249180018259775
52.47	-21.932368664136806
52.480000000000004	-20.229657413412014
52.49	-24.816506175715812
52.5	-24.052855469671005
52.51	-24.323470516241898
52.52	-28.99019097884164
52.53	-24.042927870344275
52.54	-25.576018521154673
52.550000000000004	-26.251259168628597
52.56	-24.08313347577308
52.57	-25.917149886578642
52.58	-22.799433163167077
52.59	-19.81257814058926
52.6	-19.47396840916251
52.61	-15.046386840167873
52.620000000000005	-17.849746411642855
52.63	-20.39993984234485
52.64	-16.401982703155454
52.65	-13.151322518452911
52.660000000000004	-11.581611463930324
52.67	-11.408533589605957
52.68	-11.900669123130246
52.69	-11.663669331347752
52.7	-13.482092299266645
52.71	-14.646201117404104
52.72	-11.97371759652471
52.730000000000004	-10.647132228832199
52.74	-12.493122319259061
52.75	-11.970661340648707
52.76	-14.049412487458296
52.77	-24.043398996052193
52.78	-21.163250889330126
52.79	-26.981586918295648
52.800000000000004	-25.952072121572396
52.81	-26.324214011340988
52.82	-26.292748678469867
52.83	-22.22982472261837
52.84	-19.83488501797975
52.85	-23.07839195795244
52.86	-18.012520891628302
52.870000000000005	-14.66367017821883
52.88	-19.48950687493214
52.89	-24.50674635215169
52.9	-21.95217494712004
52.910000000000004	-22.15923468473951
52.92	-20.75429418938824
52.93	-16.450769125698404
52.94	-19.838085230791613
52.95	-23.680018729050715
52.96	-21.83149491461964
52.97	-19.660139462222794
52.980000000000004	-24.06571863533708
52.99	-27.305374419199378
53.0	-23.39085174057574
53.01	-19.737645340534478
53.02	-20.0111675328396
53.03	-15.800153632917244
53.04	-18.568935417838993
53.050000000000004	-18.485059858506627
53.06	-17.357092509057892
53.07	-22.463496141915833
53.08	-22.365881856970567
53.09	-23.295362173103364
53.1	-23.946016458936043
53.11	-22.53299766216468
53.120000000000005	-24.97083995239901
53.13	-23.301624478181616
53.14	-26.79978409991195
53.15	-25.45601384335116
53.160000000000004	-24.16018486196852
53.17	-23.809350254714317
53.18	-19.730627952069813
53.19	-21.137484705441462
53.2	-17.646850047741346
53.21	-19.699367231480174
53.22	-25.02964270938364
53.230000000000004	-19.82684054512768
53.24	-15.762611773276575
53.25	-13.013060416379407
53.26	-25.356022224763738
53.27	-19.782605781783666
53.28	-17.34312668733009
53.29	-16.712138154487626
53.300000000000004	-13.041761505409703
53.31	-10.994548012150876
53.32	-13.460521814847734
53.33	-12.305729441411598
53.34	-13.759390351158832
53.35	-11.039350158430944
53.36	-10.273382695892279
53.370000000000005	-8.58802822308906
53.38	-9.941353137969053
53.39	-8.441881078248779
53.4	-9.21329745537816
53.410000000000004	-7.5122615393719725
53.42	-7.130925011710464
53.43	-8.985574939951741
53.44	-9.59263136416823
53.45	-7.415133222229501
53.46	-15.453840221940705
53.47	-19.28452638053802
53.480000000000004	-16.97754051042914
53.49	-17.503903314454032
53.5	-21.650494831227363
53.51	-16.88441112391682
53.52	-16.151588152924333
53.53	-14.976220524780041
53.54	-14.190968522200738
53.550000000000004	-10.789892477185766
53.56	-9.879445801070638
53.57	-10.467864913571312
53.58	-8.821719798533332
53.59	-16.770051775283495
53.6	-13.183722667126332
53.61	-9.849643361129901
53.620000000000005	-12.271884187084469
53.63	-10.514095938863848
53.64	-7.8371522440610075
53.65	-5.0527941189967605
53.660000000000004	-4.564676448025336
53.67	-5.480160497904
53.68	-4.909898365974147
53.69	-5.688540444454292
53.7	-6.773307067307643
53.71	-5.06867109011637
53.72	-4.617760564747338
53.730000000000004	-3.579452685620815
53.74	-5.277785124556552
53.75	-6.478206015156235
53.76	-5.788568281164124
53.77	-6.430672195413128
53.78	-7.771956953478512
53.79	-4.904192045904022
53.800000000000004	-1.259351399679569
53.81	1.4167923601303172
53.82	1.3782245585455262
53.83	4.1166839228251275
53.84	2.625001901006693
53.85	0.20454000224578153
53.86	0.4866605170872759
53.870000000000005	-2.9672499272632473
53.88	-1.7413859104675233
53.89	1.2816588432815106
53.9	2.0818224186711856
53.910000000000004	2.9114299894258435
53.92	4.28554833330755
53.93	5.166351365408704
53.94	5.194084312770367
53.95	2.047284199816675
53.96	-0.10581520991860514
53.97	-0.07272495647246671
53.980000000000004	-1.6938036681025734
53.99	-0.7879359346603461
54.0	-1.7273264252560527
54.01	-1.5974137330377576
54.02	-1.9265635922401447
54.03	-3.9019982091270276
54.04	-4.880764271296056
54.050000000000004	-6.513439135007293
54.06	-7.236867275170498
54.07	-8.306363490374283
54.08	-7.73578867585215
54.09	-3.6023614149031924
54.1	-1.0900731066178073
54.11	2.7620425895548992
54.120000000000005	4.498912882834259
54.13	6.725435925165034
54.14	9.797768838893333
54.15	9.028641770150184
54.160000000000004	12.326750569642996
54.17	11.072972499524845
54.18	9.051209902700629
54.19	7.087347007612858
54.2	5.143389223504812
54.21	-0.8040460960873934
54.22	-4.215374705848665
54.230000000000004	-2.3606469705504005
54.24	-1.4891790872610293
54.25	-2.0431612433489277
54.26	-2.6930402103359463
54.27	-6.027095883336335
54.28	-8.541488097264518
54.29	-8.377514083402458
54.300000000000004	-6.620748609599047
54.31	-6.964474077993841
54.32	-6.061623900376125
54.33	-9.112652187577263
54.34	-6.319918344780897
54.35	-4.060614575715623
54.36	-2.057271580779435
54.370000000000005	-1.4374997075600866
54.38	-3.8145523152425818
54.39	-8.11614321537079
54.4	-8.781920481417922
54.410000000000004	-5.085787790134775
54.42	-5.20187199561457
54.43	-5.131975422414026
54.44	-5.229253622728689
54.45	-6.212205467563878
54.46	-1.9985004495691188
54.47	-0.38403648700270976
54.480000000000004	3.2454576368028563
54.49	5.179192741121621
54.5	5.547997530628972
54.51	7.014736802977967
54.52	6.197745353460939
54.53	8.265877189333
54.54	7.019876828704594
54.550000000000004	6.6977480468578285
54.56	7.27761276407378
54.57	8.189595215052622
54.58	10.557830830335691
54.59	10.503954909432398
54.6	10.88628266990514
54.61	10.698275399272314
54.620000000000005	8.211001664152365
54.63	7.913543038561037
54.64	11.731600137784438
54.65	18.665897884142257
54.660000000000004	18.871683928468535
54.67	23.162871728968536
54.68	23.729769160195723
54.69	24.03793666405858
54.7	21.004397676744517
54.71	17.505799463884888
54.72	13.905773846746873
54.730000000000004	13.452283510083625
54.74	12.437065748502082
54.75	12.972356349252353
54.76	25.825896578273245
54.77	20.919343215329274
54.78	16.36681939563119
54.79	13.735596315272518
54.800000000000004	12.866676683083666
54.81	13.477563134903377
54.82	11.687345800394136
54.83	24.213948891205273
54.84	22.147180172500793
54.85	22.69161514642038
54.86	23.49432693640424
54.870000000000005	20.477152300221384
54.88	15.927065135071393
54.89	14.129657034933473
54.9	16.81587011515153
54.910000000000004	20.324041085138866
54.92	25.432346332194538
54.93	25.983073416728576
54.94	26.420470323214495
54.95	23.244248110560562
54.96	20.83072605181623
54.97	19.992520830776293
54.980000000000004	19.35099948758119
54.99	17.846675308199547
55.0	19.06198660331092
55.01	24.027777642590724
55.02	20.07240288752154
55.03	21.767552836379075
55.04	20.137011132579076
55.050000000000004	17.90969799413229
55.06	17.155578462803334
55.07	14.914115142398833
55.08	19.030233534478537
55.09	23.849351696753
55.1	26.977752490324068
55.11	26.273106091489772
55.120000000000005	23.550391116527823
55.13	18.799254146110293
55.14	20.028863705017578
55.15	25.715653673856465
55.160000000000004	26.58977283434214
55.17	24.25158123281046
55.18	20.729797605221872
55.19	22.4736510248764
55.2	18.803751262488756
55.21	14.650497265491722
55.22	13.462585665991352
55.230000000000004	13.443324718332066
55.24	12.030426517896755
55.25	13.401365402170072
55.26	18.457719836146687
55.27	23.27377056569704
55.28	18.166201355173346
55.29	14.837135295190631
55.300000000000004	12.555950715405727
55.31	16.13611957152647
55.32	20.632820714890048
55.33	27.6932194166386
55.34	27.89925126487021
55.35	22.351752428144636
55.36	29.17641352288087
55.370000000000005	24.840116467868643
55.38	24.40684059347513
55.39	28.785802758110528
55.4	25.4700185815108
55.410000000000004	23.10420501598015
55.42	25.796665219222348
55.43	24.82342230186682
55.44	22.78396327118378
55.45	21.009738257312932
55.46	19.019704033576737
55.47	15.808674957894373
55.480000000000004	21.8989673066448
55.49	26.064274019828318
55.5	22.319277553681907
55.51	17.3268439334795
55.52	21.101095091149478
55.53	17.31366281392104
55.54	13.608228396444547
55.550000000000004	18.528423396777313
55.56	18.249500073218343
55.57	19.887493163742786
55.58	21.000146907618543
55.59	16.61500440838698
55.6	18.64053557387814
55.61	14.918889275049471
55.620000000000005	12.019425315726567
55.63	11.39454276044843
55.64	15.500154954527982
55.65	17.00177412447784
55.660000000000004	17.61927492795132
55.67	19.73599605002756
55.68	20.605472079757355
55.69	19.6451911745269
55.7	21.653617306755063
55.71	19.766714197039498
55.72	16.773291822783083
55.730000000000004	16.434091174674457
55.74	13.800239199335124
55.75	11.215638555912719
55.76	9.500001848250122
55.77	9.061576632482495
55.78	5.841219789519907
55.79	5.281600269171315
55.800000000000004	4.435654100628769
55.81	2.5526283465761916
55.82	6.460731675539118
55.83	6.507782069020018
55.84	6.026505007342611
55.85	6.644686673435867
55.86	6.570635222388636
55.870000000000005	7.708237210050015
55.88	9.259435449813973
55.89	11.4004257412188
55.9	8.5714633443785
55.910000000000004	8.82239933257018
55.92	9.747462550078458
55.93	19.34096132405824
55.94	17.80556367156597
55.95	19.060258111352177
55.96	19.768520813786562
55.97	16.97589793592509
55.980000000000004	20.37502854533333
55.99	15.6725396933844
56.0	13.98557008050215
56.01	12.89808020187333
56.02	10.314515989921334
56.03	8.239868669073168
56.04	6.666715497880794
56.050000000000004	2.955556650744504
56.06	3.873515085852419
56.07	9.318226785855998
56.08	6.659658581555535
56.09	4.352441971052766
56.1	5.453778996381563
56.11	5.859245572969316
56.120000000000005	3.967557780867639
56.13	3.0658020966913844
56.14	1.4315739925164264
56.15	1.6286471250238115
56.160000000000004	6.804736912963891
56.17	7.355061420134478
56.18	5.292276068406116
56.19	0.5325161062085216
56.2	-0.18437535264908914
56.21	-2.4469615289825346
56.22	-5.33786487423473
56.230000000000004	-5.445097409709808
56.24	-5.539297068821418
56.25	-11.915228140000155
56.26	-14.20712035612946
56.27	-17.05946574341463
56.28	-19.749999882572027
56.29	-16.06000678923419
56.300000000000004	-16.755046524571537
56.31	-16.642766760462557
56.32	-16.830214745497003
56.33	-19.65072397837981
56.34	-16.9531882897451
56.35	-20.615727776755165
56.36	-21.929022872664476
56.370000000000005	-29.257507108500274
56.38	-31.068659916353234
56.39	-31.302074493502708
56.4	-31.84821569768329
56.410000000000004	-25.151994054521683
56.42	-22.316981634765355
56.43	-19.039627322842968
56.44	-16.03105201936823
56.45	-22.40529518882121
56.46	-22.98282995510156
56.47	-30.62938381884325
56.480000000000004	-26.63019623603419
56.49	-22.936083074032066
56.5	-21.554848481150085
56.51	-18.476190346006387
56.52	-17.234591551502465
56.53	-13.758686766042134
56.54	-11.378568684112574
56.550000000000004	-9.917243858100834
56.56	-10.754187458402233
56.57	-12.358858369328045
56.58	-11.183142701270961
56.59	-10.678668986912522
56.6	-9.076379745478972
56.61	-6.074135773416443
56.620000000000005	-6.062101153567624
56.63	-8.872054661974735
56.64	-9.554062966182254
56.65	-7.891523878878754
56.660000000000004	-4.557587024956631
56.67	-1.5784266487310357
56.68	-1.803849232701436
56.69	-5.33276074480417
56.7	-8.370842042445005
56.71	-9.145118270110705
56.72	-14.04732707425101
56.730000000000004	-13.939564931637195
56.74	-11.240946170616693
56.75	-9.992290063515117
56.76	-8.005252018208735
56.77	-5.637541988663759
56.78	-5.965761865508048
56.79	-7.817584502734179
56.800000000000004	-10.4766914616167
56.81	-11.341753721295808
56.82	-10.842733724246317
56.83	-9.441254465347367
56.84	-11.23136034199454
56.85	-7.320637813649853
56.86	-5.686893902307947
56.870000000000005	-5.930343743178184
56.88	-5.494776804132531
56.89	-4.029491957927723
56.9	-9.105913946445217
56.910000000000004	-11.507091035821926
56.92	-14.000171765402575
56.93	-20.69844847879202
56.94	-17.511290689743184
56.95	-22.467683303868096
56.96	-20.384299801126964
56.97	-21.855996611600034
56.980000000000004	-21.80066216878223
56.99	-18.12887156198422
57.0	-20.64753357341467
57.01	-17.73650029846328
57.02	-18.347237874054212
57.03	-17.840003988013606
57.04	-23.821770455710578
57.050000000000004	-19.04990196003452
57.06	-18.31297272685007
57.07	-29.10921336621322
57.08	-34.55855897805446
57.09	-30.792490056811346
57.1	-29.419099281002097
57.11	-28.350005386563723
57.120000000000005	-34.873094943408766
57.13	-27.208031280768218
57.14	-24.236383681954617
57.15	-22.084457057325835
57.160000000000004	-19.888066536918718
57.17	-15.929634558469575
57.18	-15.86393987300299
57.19	-16.16019516638476
57.2	-20.024171555747003
57.21	-24.680696349162552
57.22	-23.76604148257049
57.230000000000004	-19.048913577051103
57.24	-15.519997284740045
57.25	-14.114375080180782
57.26	-11.906704412510198
57.27	-14.348507369969148
57.28	-15.252747947759918
57.29	-11.48625784073276
57.300000000000004	-15.305506614455089
57.31	-14.735011967942569
57.32	-21.917745592777027
57.33	-22.770857587165896
57.34	-18.233067623074266
57.35	-19.291291385514576
57.36	-19.397237839365012
57.370000000000005	-18.986847740622114
57.38	-16.57144602697762
57.39	-20.398713583257315
57.4	-17.082234165793857
57.410000000000004	-15.59071811641228
57.42	-14.706986427690321
57.43	-11.372923676833796
57.44	-9.937580074836264
57.45	-10.303159603095102
57.46	-10.546830087471289
57.47	-9.146692924669992
57.480000000000004	-12.581718196458317
57.49	-11.137521581682313
57.5	-12.514402370645081
57.51	-10.590329389193863
57.52	-8.58225131316082
57.53	-14.034009664371617
57.54	-10.83380625634871
57.550000000000004	-8.500136092227969
57.56	-10.225100042731434
57.57	-9.49479467664394
57.58	-14.039698022066904
57.59	-15.690483662450317
57.6	-14.791832324718614
57.61	-11.52322778225562
57.620000000000005	-9.70642371446897
57.63	-11.43178107359211
57.64	-16.572360267696837
57.65	-16.344825296442973
57.660000000000004	-19.28695798696636
57.67	-15.849924155498522
57.68	-15.542435219444645
57.69	-16.016094118530383
57.7	-12.644292551731112
57.71	-13.156305582899076
57.72	-13.218365866614228
57.730000000000004	-11.715945070354717
57.74	-14.578105723951952
57.75	-14.441348739661489
57.76	-17.249101666023503
57.77	-24.82722637141374
57.78	-19.166811835503015
57.79	-15.479603282265122
57.800000000000004	-16.43984040154162
57.81	-16.904429639996224
57.82	-13.261487938619188
57.83	-12.840486252232818
57.84	-13.774638347754433
57.85	-11.114367629021485
57.86	-9.265207713625882
57.870000000000005	-8.969425771716676
57.88	-10.848229210323444
57.89	-9.648855406148282
57.9	-12.505709535023653
57.910000000000004	-13.013958663357997
57.92	-21.07555210624051
57.93	-24.628490482050633
57.94	-22.178212634336088
57.95	-18.494098655044017
57.96	-15.353056385239553
57.97	-21.162229609494137
57.980000000000004	-18.47866499373789
57.99	-17.791167412632106
58.0	-28.28098719872472
58.01	-33.11198513260456
58.02	-28.614063027534975
58.03	-32.421492002325444
58.04	-27.632359919439356
58.050000000000004	-29.097876569703004
58.06	-28.08846638911
58.07	-23.723394741397343
58.08	-22.698210817914838
58.09	-22.056765378326162
58.1	-25.678421113006248
58.11	-24.32764759113639
58.120000000000005	-22.38684680609498
58.13	-21.588819473631013
58.14	-18.76220622091919
58.15	-15.619671507301195
58.160000000000004	-14.61393772127335
58.17	-14.930588170990871
58.18	-14.173838875389132
58.19	-13.957340487977536
58.2	-19.38506607730874
58.21	-15.134314416463504
58.22	-15.378290269010082
58.230000000000004	-14.05544678190623
58.24	-13.661880175949838
58.25	-10.626677757139774
58.26	-11.168838205099016
58.27	-12.584231292813577
58.28	-12.204783198424387
58.29	-12.769125602956695
58.300000000000004	-15.211472024814004
58.31	-17.92722700508894
58.32	-17.745352687861182
58.33	-15.538524228966713
58.34	-15.591131564280182
58.35	-16.36059230317071
58.36	-22.950722373571523
58.370000000000005	-18.61419805985827
58.38	-15.668914828115573
58.39	-18.08602446209294
58.4	-17.628613355791863
58.410000000000004	-22.225752499578626
58.42	-21.78143090807224
58.43	-17.086342000758055
58.44	-15.148334632845271
58.45	-13.412349357094465
58.46	-12.155332720299363
58.47	-12.322856645838133
58.480000000000004	-16.75719894772318
58.49	-19.941802005584155
58.5	-18.734533750513418
58.51	-16.147004622734986
58.52	-15.88008032598398
58.53	-15.449411796275744
58.54	-13.500897101066256
58.550000000000004	-11.218465791812706
58.56	-14.70188678467868
58.57	-19.544884210331492
58.58	-15.727985326423862
58.59	-15.356708596092766
58.6	-13.78982733658703
58.61	-15.471371731568825
58.620000000000005	-12.138969118141656
58.63	-10.176290955148666
58.64	-10.18944045466313
58.65	-12.563009455347313
58.660000000000004	-11.048209912510234
58.67	-13.047054113794843
58.68	-12.229344236435438
58.69	-18.184542431516
58.7	-21.12131487015852
58.71	-18.992888587282405
58.72	-16.180697256229713
58.730000000000004	-14.204039461687149
58.74	-11.43254205583558
58.75	-8.320500020583145
58.76	-9.903949315664264
58.77	-15.60053782407677
58.78	-21.599162931211534
58.79	-19.478636707756287
58.800000000000004	-22.165217219448117
58.81	-25.06207986705625
58.82	-20.419579613049386
58.83	-17.559928324301865
58.84	-13.815488472793485
58.85	-16.290147797194525
58.86	-20.327959502388737
58.870000000000005	-17.492024981083773
58.88	-16.14584121221403
58.89	-12.78919650278141
58.9	-12.018983919387052
58.910000000000004	-15.376203936342677
58.92	-12.289646241728954
58.93	-11.104336861389312
58.94	-9.315868835118811
58.95	-14.466171523439606
58.96	-19.130247060343155
58.97	-15.951613300606763
58.980000000000004	-18.297292352925368
58.99	-14.378365072108709
59.0	-11.139690531552308
59.01	-8.474866151193293
59.02	-9.033311936405813
59.03	-9.327855809886035
59.04	-13.836459123880381
59.050000000000004	-12.359382036523456
59.06	-11.065209465244441
59.07	-19.108067619233996
59.08	-19.4147895642883
59.09	-23.37702811197122
59.1	-22.925865357453937
59.11	-22.932604008441235
59.120000000000005	-19.812036401489266
59.13	-18.301636180945827
59.14	-21.93985687283026
59.15	-21.125895764739024
59.160000000000004	-19.46259841871092
59.17	-15.652579981920308
59.18	-17.473039788025737
59.19	-17.49153598964352
59.2	-13.293617809698258
59.21	-10.509168978165459
59.22	-9.653315198743135
59.230000000000004	-8.809098208710873
59.24	-19.38170932047171
59.25	-20.172987335652337
59.26	-17.539634496826547
59.27	-22.068685261849673
59.28	-19.477962799369163
59.29	-19.741041804480282
59.300000000000004	-17.921419294439875
59.31	-14.636567000478697
59.32	-12.50265557518555
59.33	-9.206656630267917
59.34	-8.49190971259108
59.35	-11.590616285258786
59.36	-15.513783900605087
59.370000000000005	-19.937897763388225
59.38	-19.99212115707683
59.39	-17.59005060908618
59.4	-19.53993583120258
59.410000000000004	-28.872679742515327
59.42	-28.449301389949923
59.43	-24.29572350793779
59.44	-24.35253451802126
59.45	-23.092731062111632
59.46	-18.744263846150222
59.47	-19.778267696227275
59.480000000000004	-17.830323072394627
59.49	-13.892047765494764
59.5	-14.035384916850088
59.51	-11.224315717699602
59.52	-15.7629201618212
59.53	-16.202433385469842
59.54	-14.59828922102161
59.550000000000004	-15.882475700994618
59.56	-13.189833635867608
59.57	-16.041664944499548
59.58	-13.13407774657129
59.59	-12.6904876368693
59.6	-14.63068089408074
59.61	-18.8630648327872
59.620000000000005	-14.896655049972365
59.63	-13.674948526133122
59.64	-14.152073626734621
59.65	-15.602164177101951
59.660000000000004	-14.529499516439682
59.67	-12.74039416850895
59.68	-13.249681857577674
59.69	-18.980690276013085
59.7	-21.671643833853572
59.71	-17.32369294708569
59.72	-18.517246583129154
59.730000000000004	-21.171954376204262
59.74	-25.85672486593569
59.75	-22.534792200847047
59.76	-19.556615596329408
59.77	-18.866815787535103
59.78	-17.838528443703666
59.79	-23.4309959316815
59.800000000000004	-18.535704953595335
59.81	-14.303758139858866
59.82	-19.381543487981293
59.83	-15.282361152030116
59.84	-19.61563241710867
59.85	-23.206763584770552
59.86	-23.38050165895041
59.870000000000005	-18.37842894543034
59.88	-16.303073815732738
59.89	-17.19942960505703
59.9	-15.518184873165854
59.910000000000004	-18.204043246926744
59.92	-20.452936731332084
59.93	-16.08598729287082
59.94	-17.251716889867346
59.95	-15.454748707208843
59.96	-15.132881745662775
59.97	-15.062668531457623
59.980000000000004	-12.958278723203387
59.99	-9.891135150304263
60.0	-6.998259771151704
60.01	-13.069429340510677
60.02	-12.635555924455634
60.03	-12.321398200915691
60.04	-18.77947215165987
60.050000000000004	-19.06975823836335
60.06	-20.484790883942246
60.07	-20.568285128265632
60.08	-19.5685631782055
60.09	-19.819327265815247
60.1	-19.812809656201722
60.11	-19.904158188552508
60.120000000000005	-17.833228503630114
60.13	-17.265542317081774
60.14	-18.55713673677413
60.15	-19.071138765324246
60.160000000000004	-22.035864621802062
60.17	-19.317421968382323
60.18	-21.448670070874314
60.19	-24.85815823262708
60.2	-19.140439416812637
60.21	-15.719126969922037
60.22	-12.008518176758585
60.230000000000004	-11.679475005244177
60.24	-12.044195142394129
60.25	-12.48592591327317
60.26	-15.757744713449503
60.27	-22.163385279557513
60.28	-20.375492034224894
60.29	-17.767676831518155
60.300000000000004	-20.045498519781905
60.31	-18.704269510270713
60.32	-14.880014719819787
60.33	-16.168355995527218
60.34	-16.685635005900718
60.35	-17.730280747575904
60.36	-18.220492728969138
60.370000000000005	-16.543052483713225
60.38	-18.188816004308528
60.39	-24.276488795714613
60.4	-24.608303840377896
60.410000000000004	-20.246674178505017
60.42	-25.232950961780777
60.43	-28.519486432923046
60.44	-27.795505148187495
60.45	-23.039624522248705
60.46	-22.77357348201463
60.47	-18.02267395966725
60.480000000000004	-14.005234594989282
60.49	-11.483154632795626
60.5	-10.663685668374908
60.51	-11.296362220528023
60.52	-11.791691280368982
60.53	-14.408110502174818
60.54	-24.581471940799126
60.550000000000004	-25.195792019698647
60.56	-23.599455225575518
60.57	-37.12839665360779
60.58	-29.163038729093962
60.59	-27.307023931927525
60.6	-22.653785119283054
60.61	-17.352000714973524
60.620000000000005	-17.370972645759124
60.63	-15.359555605838464
60.64	-18.04990396205686
60.65	-23.77879306772914
60.660000000000004	-26.20784307727543
60.67	-30.13855436813159
60.68	-24.856618559317205
60.69	-19.944839667367972
60.7	-24.37580075002472
60.71	-19.117625796350914
60.72	-17.555596769969725
60.730000000000004	-16.746146531448353
60.74	-16.426619665746674
60.75	-17.594073942659477
60.76	-15.73125905178536
60.77	-14.971181774666013
60.78	-16.892812564846015
60.79	-15.030510000560612
60.800000000000004	-16.08042151243846
60.81	-15.307374936163962
60.82	-18.562646427386625
60.83	-26.79251422140357
60.84	-23.941167730198096
60.85	-22.2373128594537
60.86	-20.268518760027522
60.870000000000005	-19.70692541110077
60.88	-21.372471112887546
60.89	-18.390735112770788
60.9	-17.83553663060334
60.910000000000004	-15.472401579996227
60.92	-20.47141282569404
60.93	-28.68151351397474
60.94	-26.306743381350227
60.95	-22.175290081479126
60.96	-19.011434712384016
60.97	-19.797480047399905
60.980000000000004	-19.598411294451658
60.99	-23.341108321843233
61.0	-18.12088185643165
61.01	-19.020235967615807
61.02	-24.70710162576245
61.03	-19.581305990221303
61.04	-16.09530707742765
61.050000000000004	-22.945228367625507
61.06	-21.94918320350615
61.07	-19.652209864606245
61.08	-20.656923964456922
61.09	-24.530962730310428
61.1	-20.85004606823461
61.11	-22.65581850583106
61.120000000000005	-28.665482382745115
61.13	-33.50764181414945
61.14	-29.14399161415786
61.15	-23.858622862058585
61.160000000000004	-36.028764698632266
61.17	-30.034021663537438
61.18	-30.930736455174056
61.19	-25.923387520842475
61.2	-26.518717603941223
61.21	-29.37143506509447
61.22	-25.457412528880504
61.230000000000004	-28.097801698813008
61.24	-23.100665466084077
61.25	-22.073273093734482
61.26	-21.49269825650548
61.27	-17.22225314147671
61.28	-13.57525909554734
61.29	-10.623431825136414
61.300000000000004	-10.115307669708294
61.31	-13.445602422762919
61.32	-12.081779282430666
61.33	-10.000923818638208
61.34	-12.683945902293795
61.35	-11.281407054566124
61.36	-9.667111604426358
61.370000000000005	-14.034684400447716
61.38	-11.269083103997291
61.39	-11.22302093711172
61.4	-11.007464214024765
61.410000000000004	-13.162760865094876
61.42	-18.32714413655117
61.43	-16.98071240260287
61.44	-12.810751352227152
61.45	-10.078297655599776
61.46	-8.781194614114542
61.47	-14.064482587305157
61.480000000000004	-19.040272835866833
61.49	-15.844541038517756
61.5	-15.306571230995234
61.51	-15.440956167341211
61.52	-12.07977951206619
61.53	-9.749578120584493
61.54	-9.76414514925726
61.550000000000004	-9.778712177930037
61.56	-16.300595084702028
61.57	-16.266381125921928
61.58	-15.855274953339482
61.59	-15.646048172520242
61.6	-14.007411801788097
61.61	-12.086021532151364
61.620000000000005	-14.725890436271705
61.63	-11.703293357058653
61.64	-18.143859883039323
61.65	-21.069700374237836
61.660000000000004	-24.824523557593253
61.67	-21.047118900654954
61.68	-22.107207752475897
61.690000000000005	-23.907477275514516
61.7	-21.387067995187188
61.71	-24.121139609067697
61.72	-24.30254425528006
61.730000000000004	-24.227480693980073
61.74	-24.1911487758272
61.75	-19.533967648312256
61.76	-16.205388989318752
61.77	-13.257429324382514
61.78	-12.72476200604346
61.79	-9.871695077547118
61.800000000000004	-11.750656089424783
61.81	-11.739964883666087
61.82	-14.807189874104264
61.83	-11.78001370387053
61.84	-10.519308675742655
61.85	-7.909176700924297
61.86	-10.775835524019353
61.870000000000005	-6.311141205387827
61.88	-5.243627075733048
61.89	-5.140886945227439
61.9	-7.19174875220229
61.910000000000004	-7.007689609647159
61.92	-11.292551062082982
61.93	-10.2636059195579
61.940000000000005	-17.311104236727978
61.95	-15.924773031429506
61.96	-14.147152713107111
61.97	-11.185168890511273
61.980000000000004	-11.581276953516257
61.99	-8.778619729767584
62.0	-12.648542761645981
62.01	-13.866690823579571
62.02	-14.128757988839263
62.03	-13.123417755300053
62.04	-10.677448500541349
62.050000000000004	-9.182054960712295
62.06	-9.260956265255977
62.07	-10.043627240302078
62.08	-14.685243053420313
62.09	-14.480449406746285
62.1	-19.835043169455897
62.11	-27.79442626583765
62.120000000000005	-27.87325501622741
62.13	-24.950010994440802
62.14	-22.0611584885496
62.15	-23.770426044811824
62.160000000000004	-18.837589806970886
62.17	-14.901970172557569
62.18	-17.01696916819285
62.190000000000005	-15.565606866015385
62.2	-13.715513852648426
62.21	-11.262312230337658
62.22	-9.2498590748
62.230000000000004	-8.052606092005533
62.24	-7.092846708044303
62.25	-7.13463876256444
62.26	-3.984691793584031
62.27	-5.617694090304693
62.28	-4.741040832022193
62.29	-10.865584524632274
62.300000000000004	-10.420048903569583
62.31	-16.737742438451136
62.32	-14.569296982249117
62.33	-18.76969266741896
62.34	-23.904041943390414
62.35	-20.647357218840444
62.36	-16.269860487652537
62.370000000000005	-16.717275582818612
62.38	-20.543019663625564
62.39	-22.151395587349157
62.4	-25.119603622714518
62.410000000000004	-24.113480249272747
62.42	-22.79525872593399
62.43	-20.16435265704155
62.440000000000005	-24.669579803030583
62.45	-23.127195543020143
62.46	-23.527470996556104
62.47	-18.42992264418832
62.480000000000004	-17.374151219848343
62.49	-17.441525658097337
62.5	-13.541451144360835
62.51	-16.003351065192636
62.52	-20.05459316416434
62.53	-18.180357418146983
62.54	-20.878572484391665
62.550000000000004	-16.475071916522108
62.56	-13.43241094937287
62.57	-14.039067022565447
62.58	-15.627692060634793
62.59	-14.611504891643328
62.6	-15.485038944618779
62.61	-15.238302892207734
62.620000000000005	-17.903697627327674
62.63	-15.384374377623622
62.64	-11.654443671814192
62.65	-9.840702311711953
62.660000000000004	-9.886992052833278
62.67	-13.738086534044683
62.68	-13.197877769607127
62.690000000000005	-12.215902481259308
62.7	-11.453786276466806
62.71	-9.866806985739842
62.72	-6.246958738564295
62.730000000000004	-10.248969704110968
62.74	-11.045124374451852
62.75	-8.814031460587524
62.76	-10.173615956961825
62.77	-14.69625989356517
62.78	-20.124555233442727
62.79	-16.387721838315144
62.800000000000004	-13.403634015834413
62.81	-10.369776933525863
62.82	-9.739984287965875
62.83	-8.638989800335555
62.84	-8.610241922924756
62.85	-7.742335021374879
62.86	-10.053482351630215
62.870000000000005	-9.263663931584368
62.88	-8.698181997184408
62.89	-9.521437351293056
62.9	-13.439000311733725
62.910000000000004	-12.12241013892372
62.92	-9.283562145505316
62.93	-11.519357480455245
62.940000000000005	-14.31764096302545
62.95	-14.219681438010337
62.96	-19.022035342103365
62.97	-16.515341378544907
62.980000000000004	-19.188724672623493
62.99	-15.514197039934906
63.0	-13.45664924855653
63.01	-11.33176556372636
63.02	-9.896267192471617
63.03	-10.022723113915923
63.04	-11.40288772665534
63.050000000000004	-10.731115811156652
63.06	-10.908437712107508
63.07	-9.68027094657916
63.08	-7.6719653569592365
63.09	-6.838625501649861
63.1	-9.053652396442716
63.11	-11.06128027803216
63.120000000000005	-13.034948835258245
63.13	-13.111916814294405
63.14	-13.03191433495262
63.15	-9.596523198067597
63.160000000000004	-7.702725315090247
63.17	-12.438699774898376
63.18	-9.93682483791248
63.190000000000005	-8.694826545954742
63.2	-5.62680180974736
63.21	-5.40929050401156
63.22	-12.343762016294605
63.230000000000004	-13.675423783689203
63.24	-10.151253409503088
63.25	-13.631788357187132
63.26	-13.076888849325337
63.27	-13.871063396399537
63.28	-17.64099358910812
63.29	-17.15927889934816
63.300000000000004	-18.073063713052104
63.31	-15.12936336372817
63.32	-15.570584905063743
63.33	-16.829984549807296
63.34	-14.136416149743086
63.35	-15.091690683699222
63.36	-12.222939894415472
63.370000000000005	-13.511928605893717
63.38	-12.668271904742431
63.39	-10.837010228055965
63.4	-12.345889945495387
63.410000000000004	-13.955112314979477
63.42	-14.239345907031426
63.43	-21.35004929242852
63.440000000000005	-16.595451883216885
63.45	-14.225593266301573
63.46	-14.034515449980466
63.47	-15.404492741902484
63.480000000000004	-14.92586839818559
63.49	-16.779112707097816
63.5	-15.24375120580179
63.51	-12.385246670439637
63.52	-12.658066507546938
63.53	-11.826144910331703
63.54	-13.035432842312341
63.550000000000004	-13.704110158209287
63.56	-15.979691937932811
63.57	-20.557711895782393
63.58	-17.74847940269412
63.59	-18.35726474428627
63.6	-14.20037941303571
63.61	-11.562304418648896
63.620000000000005	-14.625628549445077
63.63	-14.5121399804746
63.64	-12.190509230898018
63.65	-10.336946732191533
63.660000000000004	-9.165916728428083
63.67	-11.826920163736046
63.68	-12.489603771141244
63.690000000000005	-9.845569862924648
63.7	-8.839110812770581
63.71	-12.930325914678768
63.72	-14.667814403411851
63.730000000000004	-14.328265651559429
63.74	-10.714828736709427
63.75	-11.602906969224
63.76	-13.351851274566002
63.77	-13.08511142165265
63.78	-13.268939800076355
63.79	-17.03550504040933
63.800000000000004	-22.46080674211267
63.81	-19.83121176781731
63.82	-19.2221554059666
63.83	-22.961712957700186
63.84	-20.564780776309465
63.85	-18.856387782634425
63.86	-21.22217301128157
63.870000000000005	-18.481504808179817
63.88	-19.946992663964444
63.89	-20.50633688862286
63.9	-20.54750358704941
63.910000000000004	-18.388043278605412
63.92	-23.653970544248565
63.93	-20.31253013655897
63.940000000000005	-21.88101100125884
63.95	-17.131585589652968
63.96	-13.60732373186152
63.97	-14.790714743458938
63.980000000000004	-17.9876046701226
63.99	-15.019405687079061
64.0	-12.742749044838355
64.01	-11.64590847917871
64.02	-11.143724516529945
64.03	-9.978652823593354
64.04	-12.346095156145575
64.05	-10.531443425466872
64.06	-10.071746407841216
64.07000000000001	-8.915011583420057
64.08	-9.300152777624875
64.09	-8.265092903737157
64.1	-10.977099052811587
64.11	-8.410007580166628
64.12	-11.258939058857829
64.13	-12.066104141605209
64.14	-12.850914859537529
64.15	-10.098547384188846
64.16	-9.035694869227283
64.17	-10.981794312915161
64.18	-12.40955552413015
64.19	-12.557980449740295
64.2	-13.880041616167903
64.21000000000001	-18.184922227524382
64.22	-20.334931012016906
64.23	-20.88425544327712
64.24	-21.7040585575449
64.25	-18.55900622328103
64.26	-15.638113773304893
64.27	-14.444841317455667
64.28	-12.234786668724409
64.29	-11.728309013525395
64.3	-8.792132759589245
64.31	-8.586883281453177
64.32000000000001	-9.268871825680481
64.33	-10.896746862767634
64.34	-11.366952669016655
64.35	-11.37325766699853
64.36	-8.128606925716443
64.37	-5.710224261283896
64.38	-4.109479004272864
64.39	-2.591717880519705
64.4	-0.6909975454327997
64.41	-2.049855296523671
64.42	-1.1401484851743984
64.43	-0.2505306266580731
64.44	-0.179412686301574
64.45	-0.37683413268148175
64.46000000000001	-1.6683301770729573
64.47	-4.458063094103453
64.48	-9.191365947260028
64.49	-11.075195778746254
64.5	-17.838076142190047
64.51	-14.485484193137415
64.52	-15.757938558523676
64.53	-15.505684253081464
64.54	-13.723383035266975
64.55	-16.269406977419564
64.56	-17.35628889476481
64.57000000000001	-15.139732712706445
64.58	-18.666122604683718
64.59	-15.901419898427022
64.6	-13.983423919673276
64.61	-12.134870627646256
64.62	-11.866014956831721
64.63	-12.360819967966181
64.64	-11.823518502559578
64.65	-11.424573023332146
64.66	-15.289929886047497
64.67	-16.15446527273031
64.68	-17.34102091713262
64.69	-24.26800361080591
64.7	-19.12425284841758
64.71000000000001	-15.614516798782537
64.72	-20.682164157980484
64.73	-23.729777892198655
64.74	-18.611449550309402
64.75	-21.235307363427097
64.76	-24.968447163864614
64.77	-21.34307784917107
64.78	-22.486285373564222
64.79	-19.651826315501594
64.8	-20.965478516287767
64.81	-17.797561765132503
64.82000000000001	-18.309560659292607
64.83	-21.30083719958194
64.84	-18.448069404266942
64.85	-19.35861695373224
64.86	-15.917986376450173
64.87	-12.57980499960415
64.88	-9.377087771462106
64.89	-10.816450896323206
64.9	-9.824192839189848
64.91	-11.796549631840394
64.92	-10.43168247690808
64.93	-11.46547156864279
64.94	-16.21734973521037
64.95	-16.56144061370856
64.96000000000001	-16.706269010416744
64.97	-27.936792485909855
64.98	-22.12481153561298
64.99	-21.684856573141968
65.0	-20.936221697868653
65.01	-21.554754327734642
65.02	-18.53439679458369
65.03	-20.921084135799948
65.04	-25.814687504136437
65.05	-29.663113276932012
65.06	-36.10802759183927
65.07000000000001	-34.35557323917667
65.08	-33.0834155118389
65.09	-28.72770486111209
65.1	-30.796889991201933
65.11	-32.62336448727743
65.12	-29.78214774145839
65.13	-32.34756951268228
65.14	-35.84996667461751
65.15	-37.43141460991652
65.16	-31.754149628061658
65.17	-35.42711738518785
65.18	-31.371246306329976
65.19	-30.703676714279116
65.2	-27.552813953744543
65.21000000000001	-25.467623313340532
65.22	-21.17956701059576
65.23	-16.878163984897267
65.24	-12.906146843023198
65.25	-10.243171569105161
65.26	-8.190610232798983
65.27	-12.752291418687202
65.28	-13.012222272989897
65.29	-11.027886729465996
65.3	-11.477091344103307
65.31	-9.61851410282058
65.32000000000001	-8.928241752702945
65.33	-8.304149831908383
65.34	-8.648977431548175
65.35	-7.700668609441118
65.36	-11.74252931871976
65.37	-10.874204194484909
65.38	-12.338129977351153
65.39	-10.226238024398208
65.4	-9.175499278389557
65.41	-8.839044494293919
65.42	-9.702543579038402
65.43	-9.904906062935273
65.44	-14.866069801815266
65.45	-14.320135438135003
65.46000000000001	-16.967761307804857
65.47	-16.35686817240577
65.48	-18.180602337218836
65.49	-20.05195403088548
65.5	-20.958100494542993
65.51	-20.227647490437388
65.52	-20.310147845737113
65.53	-20.95385180928503
65.54	-19.295511753497358
65.55	-18.85892659067602
65.56	-17.792658504636222
65.57000000000001	-13.896934232383408
65.58	-13.215906186160138
65.59	-13.271876972103305
65.6	-19.432949665075903
65.61	-23.195054268122842
65.62	-18.913674088960498
65.63	-18.43452701672954
65.64	-17.283857799159133
65.65	-20.605793765827652
65.66	-24.418490073602964
65.67	-22.164641316487273
65.68	-22.68882891408103
65.69	-19.512534429084074
65.7	-21.584836482859032
65.71000000000001	-21.713317048088136
65.72	-17.563853651665877
65.73	-15.248052558667581
65.74	-17.859495054507278
65.75	-18.482540165055546
65.76	-22.14215475958735
65.77	-23.692203450539715
65.78	-22.935527454850696
65.79	-21.771582946317043
65.8	-18.07659977556944
65.81	-16.186955263565277
65.82000000000001	-19.546705013501487
65.83	-23.250701224534982
65.84	-26.608836270965735
65.85	-26.974899700536636
65.86	-27.023150132621545
65.87	-21.440402358782457
65.88	-21.387473467054676
65.89	-16.844390091991873
65.9	-13.30569426840123
65.91	-10.634799231787136
65.92	-10.510030145634735
65.93	-13.109295795500277
65.94	-17.972906480095
65.95	-22.15280436461227
65.96000000000001	-18.87483658923222
65.97	-26.27879592281125
65.98	-24.724726962052824
65.99	-25.09668000236501
66.0	-25.925036223922888
66.01	-22.69012560898407
66.02	-24.499984805639247
66.03	-21.56540663143229
66.04	-21.07424347323233
66.05	-16.184928151006947
66.06	-12.715789629630192
66.07000000000001	-10.342662863687258
66.08	-11.162856395139062
66.09	-12.555129755987549
66.1	-14.7105712183077
66.11	-13.738591223330753
66.12	-12.079653037038252
66.13	-14.537767981694524
66.14	-12.924379357672548
66.15	-10.813410220520751
66.16	-13.6457085918571
66.17	-10.964397889234021
66.18	-9.797819455063383
66.19	-9.589655409730085
66.2	-10.57317904674675
66.21000000000001	-10.602009775708792
66.22	-11.20198739654202
66.23	-13.728053694411534
66.24	-13.602088148661297
66.25	-15.31243222152924
66.26	-14.25332897387538
66.27	-19.155421411322525
66.28	-22.10176043552926
66.29	-21.023934480915848
66.3	-18.31540218038335
66.31	-16.602244866460165
66.32000000000001	-17.67522889576601
66.33	-17.293592625564475
66.34	-17.341490800466037
66.35	-19.714346510987664
66.36	-15.084110237777137
66.37	-20.413886741439303
66.38	-20.848807310431496
66.39	-22.704234561763055
66.4	-21.365278581965125
66.41	-17.622827233289993
66.42	-15.805710800849415
66.43	-15.609975983530484
66.44	-16.712925180194127
66.45	-32.93772307943688
66.46000000000001	-29.83814329217014
66.47	-28.63932129914612
66.48	-27.399029995558042
66.49	-21.67339184334687
66.5	-22.218864833227112
66.51	-19.424614392315643
66.52	-14.875121144572343
66.53	-16.67267418768555
66.54	-26.203727439018046
66.55	-24.148128176717393
66.56	-18.589485677758937
66.57000000000001	-20.20052455729628
66.58	-17.667787040293348
66.59	-16.42875450347113
66.6	-16.08096161487779
66.61	-14.03400564235836
66.62	-13.009985506203483
66.63	-12.14816904426634
66.64	-10.179990582146578
66.65	-11.17720010882789
66.66	-10.008973749461411
66.67	-10.772926913734135
66.68	-10.920762929100507
66.69	-9.692007285359038
66.7	-4.726286976211233
66.71000000000001	-9.118239778633907
66.72	-12.819665764195317
66.73	-12.61994217214308
66.74	-10.095512664495882
66.75	-7.350281586326765
66.76	-8.269203058986589
66.77	-13.692707956008045
66.78	-16.513729753134374
66.79	-13.493306031452756
66.8	-10.558031107644155
66.81	-15.807705930073423
66.82000000000001	-14.224783090615551
66.83	-11.540324612014379
66.84	-9.894041535012054
66.85	-10.717559664922934
66.86	-11.597726801005122
66.87	-19.94557801359526
66.88	-24.31391556332389
66.89	-22.231485759298277
66.9	-19.335916806629573
66.91	-15.16981577568768
66.92	-11.841085952581308
66.93	-9.80335801623919
66.94	-8.791713280891276
66.95	-8.614231101145927
66.96000000000001	-7.098451724628955
66.97	-6.799614558944799
66.98	-10.31621476845444
66.99	-17.284127415606058
67.0	-13.806383666853366
67.01	-17.34049136532209
67.02	-15.370754316766378
67.03	-12.646626709028965
67.04	-12.77833840576824
67.05	-10.103514442826457
67.06	-11.21941316164209
67.07000000000001	-8.48534054784096
67.08	-4.49080543429892
67.09	-2.605937320984098
67.1	-6.529184765711478
67.11	-7.491059848963023
67.12	-10.089439002246813
67.13	-8.976175665773868
67.14	-9.686276399350437
67.15	-8.13801620584112
67.16	-7.225450100973305
67.17	-9.333496724730994
67.18	-8.684130950237366
67.19	-9.882567544926557
67.2	-9.751626246866827
67.21000000000001	-13.496274136693886
67.22	-15.99992567165554
67.23	-13.764181076884341
67.24	-10.881403076530736
67.25	-11.281175378343521
67.26	-10.098189867710406
67.27	-9.717470302252583
67.28	-10.129550644784802
67.29	-17.164545280282184
67.3	-22.056203690507175
67.31	-17.339223775902013
67.32000000000001	-14.083560804176706
67.33	-23.11623399464122
67.34	-20.48542476659393
67.35	-15.755283180737706
67.36	-13.716846852056735
67.37	-11.57343195824924
67.38	-13.868674337393319
67.39	-10.92146875232972
67.4	-16.862162175638613
67.41	-19.389388897254047
67.42	-15.729044271889405
67.43	-17.560972375678457
67.44	-19.37577965669463
67.45	-15.596630268447706
67.46000000000001	-16.367717986172522
67.47	-17.99917418005765
67.48	-17.82905951713102
67.49	-14.046622559919667
67.5	-16.97827641570736
67.51	-22.715820099644624
67.52	-18.376773373920347
67.53	-18.936223861153383
67.54	-24.283513149735516
67.55	-21.237433562559566
67.56	-17.34399785250376
67.57000000000001	-17.730803345856298
67.58	-13.934365833569323
67.59	-18.120476532842098
67.6	-16.49665718424927
67.61	-13.011962221541514
67.62	-10.792901861160782
67.63	-14.196620133225156
67.64	-14.138431627936011
67.65	-14.421442168604242
67.66	-17.865708582299497
67.67	-16.523984361524793
67.68	-21.798479222186344
67.69	-19.500082219083538
67.7	-23.15741445717358
67.71000000000001	-22.386394656340673
67.72	-28.628103361884474
67.73	-26.385799574859803
67.74	-21.294461080194512
67.75	-18.188418648276958
67.76	-15.377053495655645
67.77	-12.826385414050632
67.78	-11.02224205658902
67.79	-11.0385120499919
67.8	-9.811186991958454
67.81	-10.780955102221949
67.82000000000001	-9.185060377499768
67.83	-17.55792341832617
67.84	-16.795247200985628
67.85	-18.0395040461063
67.86	-16.759304241331535
67.87	-18.548848100478512
67.88	-16.811978651033968
67.89	-14.928498562224933
67.9	-14.58615261676568
67.91	-11.132927388176252
67.92	-16.13333619544417
67.93	-17.521559711128187
67.94	-15.646333136714675
67.95	-19.22920259385768
67.96000000000001	-18.462556748888883
67.97	-17.38413808182612
67.98	-20.38906783343069
67.99	-17.786168832089093
68.0	-18.780986759300365
68.01	-26.808488360521977
68.02	-25.65435384856763
68.03	-23.19710073926728
68.04	-21.731418217539687
68.05	-17.709728481892803
68.06	-19.452433084704673
68.07000000000001	-22.129072838574075
68.08	-25.652499656801517
68.09	-29.021514186293196
68.1	-22.656935701161572
68.11	-20.095615689031277
68.12	-23.45750209035582
68.13	-25.60160084322007
68.14	-27.258100020599827
68.15	-26.893001513704956
68.16	-21.634642757386914
68.17	-19.996393852606257
68.18	-16.500856686347436
68.19	-16.063170010211152
68.2	-17.709013483229015
68.21000000000001	-15.468419386448206
68.22	-22.417188081782363
68.23	-17.55164298346581
68.24	-17.346104762680454
68.25	-20.2790684752204
68.26	-22.526553049692776
68.27	-24.469711617144096
68.28	-27.31893406780126
68.29	-28.19142728014022
68.3	-29.09224929098559
68.31	-27.309460917441545
68.32000000000001	-26.833022526633137
68.33	-21.418576040773665
68.34	-20.522164014367064
68.35000000000001	-19.91620364689662
68.36	-18.644396062201803
68.37	-19.49519025025397
68.38	-20.492872896921693
68.39	-17.71746866772598
68.4	-21.29239995704126
68.41	-30.01877998708051
68.42	-26.763100803118792
68.43	-23.304318178866776
68.44	-21.086779670776536
68.45	-18.828134499866838
68.46000000000001	-14.107679798371887
68.47	-20.266540685027355
68.48	-19.557482911206005
68.49	-21.680178718205127
68.5	-26.12682672471403
68.51	-19.960643783350562
68.52	-18.065414272470377
68.53	-14.409980244067887
68.54	-15.13446858263991
68.55	-15.121788748750062
68.56	-15.410375949284974
68.57000000000001	-15.525096965355834
68.58	-12.076232543873763
68.59	-9.864245221668662
68.60000000000001	-8.99794925446354
68.61	-8.147099419952287
68.62	-7.716125017940267
68.63	-9.621657740492134
68.64	-14.566917079796237
68.65	-19.468513954320215
68.66	-20.679330626815755
68.67	-17.86356419029911
68.68	-17.831401668290308
68.69	-24.626226263385185
68.7	-29.57996913988698
68.71000000000001	-23.602125333301583
68.72	-18.599161570627377
68.73	-16.982597879734833
68.74	-21.86849758927353
68.75	-22.90991799121534
68.76	-21.479953761635777
68.77	-21.491244505384806
68.78	-16.452228419105804
68.79	-16.418454316664267
68.8	-20.46364346798613
68.81	-29.098825483682237
68.82000000000001	-30.39217648442802
68.83	-32.73487562244774
68.84	-31.929944147537174
68.85000000000001	-32.90698841100333
68.86	-30.50847456438922
68.87	-23.97742302875446
68.88	-22.189492641588714
68.89	-19.284983305538688
68.9	-21.924864989198973
68.91	-18.765482476423855
68.92	-19.7750943968279
68.93	-18.64059227591175
68.94	-14.331424321538595
68.95	-12.672307506645799
68.96000000000001	-20.554205560266873
68.97	-20.532168214700626
68.98	-22.641907427798238
68.99	-19.634125055889523
69.0	-15.38920552259754
69.01	-12.043409749999817
69.02	-9.902374180604559
69.03	-9.29202037261339
69.04	-7.761491523010884
69.05	-6.478366003333708
69.06	-4.307678829689473
69.07000000000001	-5.0734769519452
69.08	-6.02019841799777
69.09	-9.08561861328817
69.10000000000001	-9.106615730520273
69.11	-9.902449151261555
69.12	-15.1230207284697
69.13	-20.137430398552468
69.14	-24.65569023893679
69.15	-23.499453600294377
69.16	-19.264652566359327
69.17	-20.823437040365487
69.18	-19.865628646402204
69.19	-21.21400620228405
69.2	-22.46842606062464
69.21000000000001	-17.856926697000638
69.22	-14.640538511747778
69.23	-18.598426166691503
69.24	-13.874901312791382
69.25	-28.85911653555779
69.26	-23.512896678365113
69.27	-22.69803876829346
69.28	-25.12906185921362
69.29	-22.195487619261616
69.3	-19.504971713381142
69.31	-23.077189747312755
69.32000000000001	-28.01243199441551
69.33	-25.743175282992617
69.34	-24.954562184208665
69.35000000000001	-24.98041440212435
69.36	-25.37630237632207
69.37	-25.77119420837759
69.38	-22.16280858230735
69.39	-30.955944489657178
69.4	-24.036163890989737
69.41	-22.60954695934752
69.42	-18.941087787067424
69.43	-17.324629450991026
69.44	-18.425780350781892
69.45	-14.514683727810656
69.46000000000001	-11.420223635652967
69.47	-10.861012163844086
69.48	-10.301800692034407
69.49	-18.88853020716054
69.5	-21.086118034194307
69.51	-20.23980845506935
69.52	-19.60650912205777
69.53	-26.45584383522352
69.54	-26.247740191901354
69.55	-23.303449152864594
69.56	-22.228942523113826
69.57000000000001	-20.0475263764072
69.58	-16.44639923619859
69.59	-14.34320012414146
69.60000000000001	-11.946578312837234
69.61	-9.72237874644484
69.62	-10.39018794059016
69.63	-9.779437320745128
69.64	-9.317425052773189
69.65	-12.053298678053025
69.66	-10.088774276960926
69.67	-15.927501885643458
69.68	-13.21043245130605
69.69	-13.190260204230757
69.7	-11.559838316967161
69.71000000000001	-10.18595914084365
69.72	-10.54573973697704
69.73	-9.264445696246803
69.74	-12.694874895277488
69.75	-13.65546730207804
69.76	-13.05200856011487
69.77	-12.49535458605928
69.78	-14.226211300515407
69.79	-10.955309307220137
69.8	-8.211461565121176
69.81	-8.64015197998592
69.82000000000001	-9.622600330470027
69.83	-8.315196169869315
69.84	-11.350311716119908
69.85000000000001	-22.221452297975485
69.86	-20.93515813943506
69.87	-20.7958972275197
69.88	-22.284855553267118
69.89	-22.608113108207238
69.9	-29.999562801594756
69.91	-24.884396075454408
69.92	-24.479476503621516
69.93	-23.8933907599504
69.94	-25.562829167074472
69.95	-20.917184142784112
69.96000000000001	-18.606405525502208
69.97	-18.664568394207937
69.98	-26.939238514220015
69.99	-20.798547331489758
70.0	-19.844894793797373
70.01	-20.412732766541417
70.02	-18.47171304248511
70.03	-21.961466573205353
70.04	-24.678969108642885
70.05	-26.611392726134657
70.06	-29.119986240450782
70.07000000000001	-24.125830844303344
70.08	-19.661740435030705
70.09	-20.655771634687103
70.10000000000001	-19.80612368219477
70.11	-20.828990633323343
70.12	-22.141964393962326
70.13	-27.29443132473672
70.14	-21.908287643442385
70.15	-19.048190100372075
70.16	-18.377929502674156
70.17	-15.313620169255557
70.18	-14.519748586743694
70.19	-14.245764610933179
70.2	-15.196910364659603
70.21000000000001	-12.151617341224378
70.22	-11.874998752297989
70.23	-11.810595207896887
70.24	-12.554394769109937
70.25	-11.599536702555268
70.26	-10.89575614427636
70.27	-10.133058277852319
70.28	-9.839637681231698
70.29	-10.59091692861883
70.3	-9.832185439979805
70.31	-13.190865202789801
70.32000000000001	-13.011059398107706
70.33	-12.963405912834778
70.34	-9.971880584753684
70.35000000000001	-13.641929248758949
70.36	-17.43785593450789
70.37	-18.340635722660263
70.38	-15.604209885050563
70.39	-20.234506451964016
70.4	-22.980887171262864
70.41	-20.514553435543608
70.42	-22.24687869554985
70.43	-18.792847277238607
70.44	-19.225885308266932
70.45	-15.219927635430867
70.46000000000001	-12.59661292377856
70.47	-10.023630566161554
70.48	-8.907019386578925
70.49	-7.829581120920291
70.5	-9.682187695525291
70.51	-8.208220477330647
70.52	-4.985423649131966
70.53	-7.408728962264194
70.54	-8.611456865575008
70.55	-6.5096456025683045
70.56	-8.98488687057691
70.57000000000001	-13.985756403184908
70.58	-21.139232180547317
70.59	-25.006854845854594
70.60000000000001	-24.384397583973502
70.61	-25.29140930415749
70.62	-21.651731004244805
70.63	-21.735971521921833
70.64	-17.503126947512484
70.65	-19.316577577351172
70.66	-19.87668845646313
70.67	-28.4940732231144
70.68	-29.2547479482802
70.69	-32.38162495818893
70.7	-29.841477628531337
70.71000000000001	-28.468791032503013
70.72	-26.892225208645183
70.73	-23.649961455052583
70.74	-24.78036585518918
70.75	-19.351677767259385
70.76	-15.859997835323393
70.77	-14.426490867941911
70.78	-20.730962165488357
70.79	-19.502199503996632
70.8	-15.613430975165134
70.81	-16.708383155914063
70.82000000000001	-14.08574663611327
70.83	-12.698083695425483
70.84	-10.912384312827205
70.85000000000001	-10.543077306540049
70.86	-8.26096007753169
70.87	-9.746920772559092
70.88	-16.084989003041933
70.89	-17.319890676396025
70.9	-13.476547228276633
70.91	-11.890752513698086
70.92	-13.511849351522757
70.93	-19.431073266634634
70.94	-20.591633604257115
70.95	-26.606645865132233
70.96000000000001	-22.74148775990936
70.97	-18.06332048536326
70.98	-17.400108862077072
70.99	-19.17760604195979
71.0	-15.489310544238041
71.01	-19.31884577559355
71.02	-23.29364363375717
71.03	-22.467956664997274
71.04	-24.27575208126639
71.05	-25.076690183742826
71.06	-21.679931569830707
71.07000000000001	-18.320252289855798
71.08	-15.853134467040377
71.09	-15.673598754511183
71.10000000000001	-21.224765802716945
71.11	-17.56499187456966
71.12	-15.927557833329498
71.13	-13.957932089451987
71.14	-12.029091943263973
71.15	-15.511436519952538
71.16	-17.461221886496585
71.17	-17.623660309347787
71.18	-25.703240567216753
71.19	-21.11475738876802
71.2	-18.31806424716043
71.21000000000001	-15.936764283783397
71.22	-12.712117302437425
71.23	-12.953605387055678
71.24	-11.722146901021643
71.25	-10.171956548009591
71.26	-9.494439726156662
71.27	-8.96543236779941
71.28	-7.053035399393794
71.29	-4.004023364353076
71.3	-7.858993708840018
71.31	-10.391030466566269
71.32000000000001	-13.702873909905167
71.33	-15.055090262901288
71.34	-14.028694537102464
71.35000000000001	-16.96562852918693
71.36	-27.568966761255435
71.37	-22.444295395339193
71.38	-22.85921091289121
71.39	-18.388005743828206
71.4	-16.587279576242615
71.41	-13.931767083331183
71.42	-22.317497726424556
71.43	-17.7018829581291
71.44	-14.399904995238389
71.45	-13.347652451519952
71.46000000000001	-11.060659756711868
71.47	-8.910254693447493
71.48	-7.132482993498557
71.49	-6.461187757364481
71.5	-8.790068435134726
71.51	-9.675856674299157
71.52	-5.952795708056828
71.53	-9.190507135650714
71.54	-12.59203071896234
71.55	-15.560765554644298
71.56	-25.10721361209105
71.57000000000001	-22.603216148383492
71.58	-21.554987600601788
71.59	-16.873784051721625
71.60000000000001	-14.937206725593175
71.61	-12.22521464991505
71.62	-13.110649425742531
71.63	-10.008674076611058
71.64	-9.5444392402038
71.65	-11.150010323805526
71.66	-9.201909063492065
71.67	-4.844314997441932
71.68	-5.046980988934373
71.69	-4.849188372890359
71.7	-1.3325390747608052
71.71000000000001	-1.0966970976258998
71.72	2.452490812404576
71.73	3.472923147188004
71.74	6.386101246461157
71.75	7.36047303865745
71.76	7.546460360459164
71.77	7.580694594477874
71.78	6.3451045011462
71.79	3.050771970965048
71.8	4.141882843141121
71.81	5.166154126192338
71.82000000000001	6.523246723523499
71.83	2.6294553597238868
71.84	4.984168841489974
71.85000000000001	8.12126640556356
71.86	12.904210032325034
71.87	11.82063382181167
71.88	11.345065221584116
71.89	11.947144695888559
71.9	10.776310896311179
71.91	11.66979430126174
71.92	21.04675111034709
71.93	16.01327660282142
71.94	20.566396894056375
71.95	18.378813143610074
71.96000000000001	14.357402669045554
71.97	16.815846907423527
71.98	21.601780015691578
71.99	24.101374364508104
72.0	20.824396741972436
72.01	21.642697275589754
72.02	18.68296100832605
72.03	15.956754454759057
72.04	17.145253684616502
72.05	17.194452199960637
72.06	18.202650983925288
72.07000000000001	18.031903869727017
72.08	15.847379120002802
72.09	13.097333244010235
72.10000000000001	13.604702732459613
72.11	15.05072701535997
72.12	24.393847785697666
72.13	22.932458420433516
72.14	19.88042803341391
72.15	15.735798434732816
72.16	14.899821150592143
72.17	20.60841525015602
72.18	19.937356516711194
72.19	17.353178977906936
72.2	17.292807311707296
72.21000000000001	18.201188979880975
72.22	18.03304765187297
72.23	14.607916372973966
72.24	11.49360165764289
72.25	9.468619716208375
72.26	11.980217212928059
72.27	13.866988869803475
72.28	18.560142363098866
72.29	17.881967337063507
72.3	14.11111879320868
72.31	17.32490049446916
72.32000000000001	19.323583481580474
72.33	20.650439531514902
72.34	26.77931382263009
72.35000000000001	22.247612411624992
72.36	26.785327949442824
72.37	30.503762131431895
72.38	23.84317909493452
72.39	19.30851468249856
72.4	15.724294834066809
72.41	15.396820500114547
72.42	13.31695870433797
72.43	21.05300389587963
72.44	19.088508412540907
72.45	16.287878272099285
72.46000000000001	15.25311222378854
72.47	19.528311335102075
72.48	20.68175319051621
72.49	19.25740894339844
72.5	15.374434899195627
72.51	14.824243940526591
72.52	24.46797017020825
72.53	24.696391765351564
72.54	24.26066798439172
72.55	26.833333425279072
72.56	28.557693469882132
72.57000000000001	24.398624160286996
72.58	26.59448471195416
72.59	27.135207049613584
72.60000000000001	25.657007682905775
72.61	22.272100128590388
72.62	20.17059458927005
72.63	18.319912074863
72.64	14.678038777460499
72.65	17.111882376999286
72.66	21.953744325477064
72.67	17.683055022399355
72.68	17.0154967692688
72.69	16.909626982656963
72.7	13.561438691168382
72.71000000000001	15.574065686143229
72.72	12.651612353894345
72.73	18.151267664026687
72.74	13.925934335964019
72.75	12.254424673697853
72.76	10.415620342001649
72.77	9.909547346541972
72.78	7.940350482676108
72.79	6.0319793082309765
72.8	5.114091944046553
72.81	4.731054553553863
72.82000000000001	10.094585105207582
72.83	9.258477481238721
72.84	9.665890739214325
72.85000000000001	8.144325439914551
72.86	9.371651603157096
72.87	8.08562236540956
72.88	10.062855236175741
72.89	9.065015726752756
72.9	10.278771925307375
72.91	8.352911611935175
72.92	7.270064281698629
72.93	6.2736057827162375
72.94	9.101264363539238
72.95	8.128308741496719
72.96000000000001	5.013375376889677
72.97	4.772020184314165
72.98	2.5157451710996974
72.99	-1.2286654530581533
73.0	-0.9412202402235504
73.01	-0.4180282471974283
73.02	4.5175139782214915
73.03	5.793642170391617
73.04	5.420098560084153
73.05	0.6606814879887133
73.06	-4.082518654714603
73.07000000000001	-12.727493478595786
73.08	-14.69634967117888
73.09	-17.886085607351085
73.10000000000001	-20.972333764881782
73.11	-16.616336276310093
73.12	-15.060560264664101
73.13	-13.325284951227545
73.14	-13.04739413691642
73.15	-14.160561977731836
73.16	-12.888940132345192
73.17	-13.279771212276179
73.18	-14.24807336089085
73.19	-12.828786129281058
73.2	-11.537034065681407
73.21000000000001	-14.098923316406367
73.22	-26.390952208744704
73.23	-29.082028569141663
73.24	-27.55222111278769
73.25	-23.732283593553174
73.26	-18.580190566940345
73.27	-14.47281873382747
73.28	-15.159059540039074
73.29	-15.539078337942993
73.3	-12.344964284395058
73.31	-12.39869936249557
73.32000000000001	-17.201238543398013
73.33	-19.13795501444994
73.34	-26.040851179003283
73.35000000000001	-23.498852168673288
73.36	-19.690461861588684
73.37	-15.542854486515322
73.38	-12.42401940686477
73.39	-10.967770519575083
73.4	-11.667159060344206
73.41	-25.79863831198734
73.42	-22.948832857530405
73.43	-19.617452291915793
73.44	-17.826947193582384
73.45	-18.984969783307545
73.46000000000001	-19.862350509761836
73.47	-15.769515476686419
73.48	-12.140119911835793
73.49	-12.081444642824575
73.5	-13.358768650530957
73.51	-16.621869044371046
73.52	-12.836693445582764
73.53	-14.218023190605544
73.54	-13.425592158584235
73.55	-13.843067816328384
73.56	-11.261197907423073
73.57000000000001	-10.01603602676286
73.58	-12.842029583905155
73.59	-15.279760547663104
73.60000000000001	-25.91233697211857
73.61	-23.782189770620064
73.62	-23.295568798908732
73.63	-19.51576392326138
73.64	-16.581436372477263
73.65	-12.895705218249073
73.66	-12.715828336985311
73.67	-13.6294770111095
73.68	-11.657297044089361
73.69	-12.771228263487092
73.7	-18.308306286694823
73.71000000000001	-21.536472022281117
73.72	-22.734016894998557
73.73	-22.38450099518753
73.74	-25.01159277745806
73.75	-24.414181105152576
73.76	-20.9389511195547
73.77	-18.11433195094485
73.78	-15.156016367070302
73.79	-18.28492630482125
73.8	-14.547585833465783
73.81	-20.091379020471447
73.82000000000001	-16.933683671260937
73.83	-19.70618081862717
73.84	-21.860680201676907
73.85000000000001	-20.646054628741823
73.86	-19.192677368184405
73.87	-16.522075599593368
73.88	-16.355915487460045
73.89	-17.455201262592293
73.9	-18.382181634740157
73.91	-17.760553801056236
73.92	-17.509458446675527
73.93	-14.666601162385112
73.94	-17.201168097981178
73.95	-14.399134387997341
73.96000000000001	-16.72590269891897
73.97	-14.308541134482999
73.98	-14.107855162316357
73.99	-19.140236775981673
74.0	-18.723975487088108
74.01	-16.188087161755796
74.02	-14.729166471690906
74.03	-13.9037548278896
74.04	-13.510045558963023
74.05	-13.488419601505482
74.06	-15.183068317449745
74.07000000000001	-12.79860393031692
74.08	-10.847907121724697
74.09	-11.472961559721321
74.10000000000001	-10.929690209013952
74.11	-10.337211111350227
74.12	-10.000953525567354
74.13	-11.520104227068568
74.14	-18.58964969751918
74.15	-19.569342993073565
74.16	-20.688948583428935
74.17	-18.14793604542047
74.18	-14.813389968613716
74.19	-10.65747851985249
74.2	-8.496180892430468
74.21000000000001	-7.394142486972067
74.22	-9.222303000527969
74.23	-15.291079907419677
74.24	-24.845539623198103
74.25	-25.315669286119867
74.26	-26.987851330402567
74.27	-21.243045206846748
74.28	-17.25980817566474
74.29	-13.582451234209135
74.3	-11.489213802014337
74.31	-16.828227834459035
74.32000000000001	-17.828929043119533
74.33	-15.637170863594381
74.34	-12.078463475754244
74.35000000000001	-10.76340923415355
74.36	-9.365542527864575
74.37	-9.595765979223835
74.38	-11.80238200386652
74.39	-11.242470671539014
74.4	-12.112801713714967
74.41	-16.203127156601223
74.42	-21.684448380695553
74.43	-20.594295985078436
74.44	-21.382140578713507
74.45	-18.91029609321002
74.46000000000001	-24.024723059884384
74.47	-22.00078218787173
74.48	-19.415047916343923
74.49	-24.92130568241249
74.5	-28.95356063147722
74.51	-26.743407808318725
74.52	-23.75780078475895
74.53	-21.24943739251307
74.54	-21.70644043277431
74.55	-22.904653944193942
74.56	-39.4720258160144
74.57000000000001	-36.268884528786835
74.58	-31.828425396726118
74.59	-30.271783932955703
74.60000000000001	-31.34514913324909
74.61	-33.55348620738964
74.62	-29.323636575398783
74.63	-28.073443304965433
74.64	-27.51468788201503
74.65	-22.044656749789734
74.66	-18.321211549729963
74.67	-13.942506249430762
74.68	-15.168712883003849
74.69	-17.785438149649877
74.7	-24.70328664780216
74.71000000000001	-23.587394516452193
74.72	-26.69016660747013
74.73	-28.18345560011581
74.74	-26.31833078955923
74.75	-23.22312597856931
74.76	-20.71795040912803
74.77	-20.738847039543188
74.78	-23.772094618998224
74.79	-20.96552929333415
74.8	-20.66556335374038
74.81	-17.115379567955113
74.82000000000001	-13.845387677968132
74.83	-13.168760804394685
74.84	-14.938408029817346
74.85000000000001	-11.967063512921337
74.86	-11.691827724710512
74.87	-9.101686180461012
74.88	-6.995298175466858
74.89	-5.93865224393733
74.9	-5.651801364676684
74.91	-6.2794835152222
74.92	-7.337501674698326
74.93	-13.32721135880537
74.94	-11.13110761088656
74.95	-9.450220978708881
74.96000000000001	-14.78138746202713
74.97	-16.319294700711225
74.98	-22.218611281254578
74.99	-20.24932594119349
75.0	-18.891154951310593
75.01	-21.0791399401721
75.02	-22.798808484948058
75.03	-19.104570170326785
75.04	-23.422083152645904
75.05	-30.903632153359943
75.06	-24.04745572103501
75.07000000000001	-24.815951798957176
75.08	-22.584846586680023
75.09	-19.01727931612063
75.10000000000001	-24.30497526533131
75.11	-18.932549984170752
75.12	-15.949879366522362
75.13	-13.225315457858292
75.14	-15.245791494824683
75.15	-15.962568785899027
75.16	-18.979824919799825
75.17	-17.14390179227145
75.18	-16.287354880882685
75.19	-16.825249302812686
75.2	-14.89111918044347
75.21000000000001	-20.52290515291389
75.22	-18.095962535549834
75.23	-15.263627436707745
75.24	-15.26517173493787
75.25	-12.204018735804775
75.26	-14.207826906403909
75.27	-18.526439005121347
75.28	-18.291220392223263
75.29	-16.867323826196692
75.3	-19.935999070292098
75.31	-21.732289689431717
75.32000000000001	-23.549556704400203
75.33	-23.780390346876654
75.34	-23.14310099628793
75.35000000000001	-22.98493185828397
75.36	-26.50580171210601
75.37	-25.225309035128994
75.38	-23.65960692289289
75.39	-21.91877167920957
75.4	-19.077338672268432
75.41	-18.190222366464855
75.42	-21.373754483975237
75.43	-20.367217054220117
75.44	-18.74636504799949
75.45	-18.443532261614976
75.46000000000001	-14.977107467806798
75.47	-12.46914788109567
75.48	-11.271732039700664
75.49	-8.340733513287395
75.5	-6.4306733793997495
75.51	-8.050474232333011
75.52	-12.891954515053763
75.53	-14.796115441468913
75.54	-16.18487669783481
75.55	-15.461125103638258
75.56	-14.913765781647474
75.57000000000001	-12.925236776516977
75.58	-10.63224427303482
75.59	-9.155095876049648
75.60000000000001	-10.874923099944805
75.61	-11.455189738910155
75.62	-18.196954161127948
75.63	-17.922577813576325
75.64	-17.756097856974826
75.65	-15.765574436738921
75.66	-23.89188961735906
75.67	-23.09869264908701
75.68	-23.036784532081867
75.69	-27.98035764632136
75.7	-26.339789986981156
75.71000000000001	-25.305427298030317
75.72	-19.60206327413343
75.73	-18.796185200792628
75.74	-19.879440945409467
75.75	-15.118815332605148
75.76	-12.642966285096147
75.77	-10.562995423370415
75.78	-14.154732624848164
75.79	-12.771135241424663
75.8	-11.305078362192358
75.81	-9.071590452970591
75.82000000000001	-7.285146685488633
75.83	-8.501153890706922
75.84	-10.644300774392983
75.85000000000001	-11.448076441503472
75.86	-9.604809173887919
75.87	-7.906790655271904
75.88	-6.277410757685165
75.89	-13.384228812199293
75.9	-16.81288563814048
75.91	-14.155939477969584
75.92	-13.642498819454131
75.93	-18.65082329740929
75.94	-25.944772765388574
75.95	-21.429318746041197
75.96000000000001	-20.094292127826474
75.97	-25.495929836648816
75.98	-22.634011221938596
75.99	-23.75218618259986
76.0	-18.561089678236844
76.01	-15.312239012659258
76.02	-14.699608456672959
76.03	-25.027060925413377
76.04	-21.265835218340115
76.05	-18.933138422688167
76.06	-16.748446929252673
76.07000000000001	-21.746515621213558
76.08	-17.14554306107237
76.09	-15.366670617386555
76.10000000000001	-15.189275153468715
76.11	-13.41925110713457
76.12	-11.207776178809588
76.13	-10.727394914267302
76.14	-10.957315120438553
76.15	-17.13455441163005
76.16	-18.571064262553993
76.17	-14.663532864193778
76.18	-16.031438348463634
76.19	-12.460365324943727
76.2	-8.49986601627709
76.21000000000001	-3.8632670802337175
76.22	-3.3974885589931327
76.23	-3.1571611720933443
76.24	-7.487482037172232
76.25	-7.753739425953575
76.26	-18.035507508790847
76.27	-18.00659094941192
76.28	-14.60525593822972
76.29	-21.751937023539924
76.3	-20.609448320885686
76.31	-20.14439827806313
76.32000000000001	-19.7923554810471
76.33	-18.96136015472716
76.34	-17.642623865943232
76.35000000000001	-22.83748855995945
76.36	-18.892956783718574
76.37	-16.49322927533395
76.38	-17.502737759373886
76.39	-21.750381946267925
76.4	-27.920594425540052
76.41	-26.737009990590586
76.42	-22.26467356677055
76.43	-24.955479836949536
76.44	-27.36404208023972
76.45	-21.339428370571007
76.46000000000001	-16.423301635961465
76.47	-12.475830451652653
76.48	-12.274748204352365
76.49	-9.50667297710204
76.5	-8.922925384690783
76.51	-6.122677359972373
76.52	-5.553190582538154
76.53	-5.861805001574656
76.54	-4.767659314960278
76.55	-4.549686932915703
76.56	-5.975123298583195
76.57000000000001	-7.245436948492998
76.58	-5.982437377623887
76.59	-2.474131960486248
76.60000000000001	2.912649086851309
76.61	2.327477715407466
76.62	2.6402269162839724
76.63	2.707442333511864
76.64	2.9998397525471887
76.65	1.33969057173673
76.66	3.2783349815090275
76.67	-0.3284629775994304
76.68	1.109227965759638
76.69	-0.6128909198875367
76.7	-2.662953480813558
76.71000000000001	-3.504003288398547
76.72	-6.876603858555148
76.73	-15.020472206480088
76.74	-12.543895819341131
76.75	-13.359163954023314
76.76	-18.309614841247562
76.77	-17.887726318456206
76.78	-14.324593827183813
76.79	-14.479753697569405
76.8	-14.314286620914784
76.81	-11.080847744771699
76.82000000000001	-9.530006447501854
76.83	-12.257156225578468
76.84	-9.888976916391057
76.85000000000001	-6.792185874096018
76.86	-4.66971544226449
76.87	-9.734532284732227
76.88	-9.173187327843646
76.89	-8.809439349485231
76.9	-14.117016555314079
76.91	-18.474150214111305
76.92	-19.40053423110811
76.93	-20.56975199410877
76.94	-34.066465309033966
76.95	-33.05826981674133
76.96000000000001	-26.26159326932381
76.97	-28.341652236727036
76.98	-24.26427403159739
76.99	-22.43228747592828
77.0	-23.198509448579113
77.01	-30.94500938173234
77.02	-28.350988352532102
77.03	-26.476302849949068
77.04	-22.256921931682278
77.05	-21.345269669412886
77.06	-17.163527197208072
77.07000000000001	-14.890109906346598
77.08	-12.094240876623633
77.09	-18.507213482436978
77.10000000000001	-20.341109965144263
77.11	-18.358288883021846
77.12	-17.806826127865943
77.13	-20.172427010073136
77.14	-18.745817386470193
77.15	-14.9350006861528
77.16	-11.207348615520338
77.17	-8.333391460973676
77.18	-7.783754180319375
77.19	-8.266923251065315
77.2	-14.225960199901252
77.21000000000001	-12.462246854341387
77.22	-9.952535954319
77.23	-14.97463946390757
77.24	-21.32740523910942
77.25	-19.60197656631609
77.26	-15.509973070287217
77.27	-11.78247186304079
77.28	-8.690883519899186
77.29	-7.088722878103575
77.3	-10.59044726664697
77.31	-12.596050854841327
77.32000000000001	-12.14026949752553
77.33	-11.194709859598126
77.34	-20.386842975627566
77.35000000000001	-18.860479044684052
77.36	-19.864773522157225
77.37	-16.931087176564514
77.38	-17.707084772133832
77.39	-16.32099381256825
77.4	-16.73915520707189
77.41	-22.14901745828672
77.42	-18.756448826926025
77.43	-15.696726911632897
77.44	-17.179775202838822
77.45	-17.9451303424389
77.46000000000001	-18.373552031618477
77.47	-18.45484429586871
77.48	-18.68012170495857
77.49	-18.20434173660795
77.5	-21.82616873777047
77.51	-20.75938283738879
77.52	-18.471982991583346
77.53	-16.627350746462287
77.54	-16.266412119409857
77.55	-15.024255870261594
77.56	-18.637195176527534
77.57000000000001	-18.54547264254986
77.58	-20.167580481974344
77.59	-19.236294614700807
77.60000000000001	-18.7616528446423
77.61	-15.824906198879956
77.62	-14.595881554651442
77.63	-21.07479057112961
77.64	-17.99661925645799
77.65	-23.189643430343864
77.66	-25.696657716511325
77.67	-22.71713634168328
77.68	-20.580313654890286
77.69	-16.35196272515633
77.7	-14.655027676797589
77.71000000000001	-11.199853446604132
77.72	-11.183795078792144
77.73	-9.850135009036446
77.74	-9.44648036601582
77.75	-9.113920969991806
77.76	-12.289593552644352
77.77	-15.821679002944409
77.78	-14.809707938409867
77.79	-13.57659350284378
77.8	-10.633039041649461
77.81	-9.054390080965986
77.82000000000001	-10.115822628424795
77.83	-15.108407169106684
77.84	-11.727450814796978
77.85000000000001	-8.948164741922836
77.86	-16.2934434334165
77.87	-15.50054998806363
77.88	-23.382498275820968
77.89	-18.79163458938595
77.9	-18.90414266957603
77.91	-26.99605510699335
77.92	-23.68063174198698
77.93	-18.080046113417673
77.94	-16.460133042680322
77.95	-14.911134718304586
77.96000000000001	-13.947533669994943
77.97	-11.248742817007646
77.98	-9.351510579669858
77.99	-7.660683358909159
78.0	-11.16406522296474
78.01	-13.470212207520131
78.02	-18.026096586904615
78.03	-17.611733984650453
78.04	-15.862428238902183
78.05	-14.97516009638246
78.06	-19.803277692725207
78.07000000000001	-20.349449988741743
78.08	-23.941305983680643
78.09	-26.033254362465755
78.10000000000001	-27.46932011768224
78.11	-25.239199156721742
78.12	-21.686356754093833
78.13	-16.541607995934097
78.14	-20.68662201529029
78.15	-18.490143887004454
78.16	-17.20810505204773
78.17	-17.107644375864727
78.18	-13.075849108359868
78.19	-14.493820124347987
78.2	-14.713132649373161
78.21000000000001	-14.868024935896543
78.22	-15.481044749371772
78.23	-25.97655877272335
78.24	-26.454859639388236
78.25	-21.44999529360364
78.26	-18.255792378447314
78.27	-16.803809033729028
78.28	-18.38895375245516
78.29	-15.620983780747789
78.3	-12.131340849856876
78.31	-10.591894637171523
78.32000000000001	-11.002856286642627
78.33	-9.225346183577193
78.34	-14.75037893190876
78.35000000000001	-17.266493052895044
78.36	-13.551667915354688
78.37	-13.500625637841857
78.38	-13.31127138980669
78.39	-9.91673954214639
78.4	-11.409514145904222
78.41	-13.281654886946608
78.42	-12.019450713970343
78.43	-16.06475473524959
78.44	-13.489471170368791
78.45	-11.493391154107002
78.46000000000001	-12.146050070071647
78.47	-10.617121971401003
78.48	-16.451592161468557
78.49	-22.25897533622913
78.5	-32.10950973941551
78.51	-28.424883316737773
78.52	-31.844285749045255
78.53	-27.11747658879206
78.54	-25.93115519303069
78.55	-25.181901598202376
78.56	-24.869521580848556
78.57000000000001	-21.342541600411554
78.58	-16.86243556787172
78.59	-21.743350593503497
78.60000000000001	-16.950117604248945
78.61	-12.89857649975112
78.62	-9.56792834410394
78.63	-10.450538300513607
78.64	-11.79556627785289
78.65	-11.779270446940847
78.66	-16.567500995324412
78.67	-13.12435842388356
78.68	-10.979448173434214
78.69	-8.932127317611782
78.7	-7.308673088435864
78.71000000000001	-5.102018369486763
78.72	-2.0700575489334967
78.73	-3.447064739425856
78.74	0.45714657405788994
78.75	-2.7700905538808653
78.76	-2.32513191688893
78.77	-4.8369690749635765
78.78	-5.4383008985178245
78.79	-7.645645037519155
78.8	-5.216146215450089
78.81	-6.606837164407582
78.82000000000001	-7.6892580227873895
78.83	-6.241641694148838
78.84	-5.709000157179085
78.85000000000001	-6.800818409961929
78.86	-3.434187355194385
78.87	-4.691330395159093
78.88	-4.426974914540071
78.89	-4.539530401356675
78.9	-4.961511936352383
78.91	-4.010785907975779
78.92	-4.865035573344375
78.93	-5.655291179363422
78.94	-2.2714660302250995
78.95	1.3365226835306887
78.96000000000001	-3.249075863421729
78.97	-5.338115210563366
78.98	-7.672589139353569
78.99	-12.58432720323533
79.0	-12.199542557618193
79.01	-9.447033828938686
79.02	-12.977830372571185
79.03	-12.09074578319674
79.04	-9.851389954428543
79.05	-8.160623305820915
79.06	-10.51484685428254
79.07000000000001	-14.349804078749143
79.08	-17.90300323610733
79.09	-25.062559209331475
79.10000000000001	-28.553910813386327
79.11	-25.509914751549186
79.12	-22.421790548133856
79.13	-23.92590348170393
79.14	-19.12675607440224
79.15	-21.85051091450952
79.16	-20.812962625987645
79.17	-23.992334657952874
79.18	-23.43773236140675
79.19	-20.231645870754285
79.2	-20.13767075055113
79.21000000000001	-17.352655768691758
79.22	-28.840392027374833
79.23	-27.48382958707595
79.24	-28.30304416532979
79.25	-28.100231680524473
79.26	-25.7273853399786
79.27	-23.191001508845517
79.28	-23.937483353503403
79.29	-25.49403856731037
79.3	-20.778061857803717
79.31	-19.054884467200985
79.32000000000001	-21.790763833846956
79.33	-26.45575993604797
79.34	-25.71053124986324
79.35000000000001	-22.456771327451502
79.36	-18.13732538463703
79.37	-14.94393872163448
79.38	-19.59149350995338
79.39	-17.267946298486134
79.4	-20.050201828766333
79.41	-16.456219746796513
79.42	-19.950768931029078
79.43	-18.810250516858833
79.44	-19.42813746820547
79.45	-16.419301043445365
79.46000000000001	-22.751083734596907
79.47	-22.0481901221903
79.48	-28.736652999958473
79.49	-23.735338375530542
79.5	-18.440192682573237
79.51	-17.147286042909275
79.52	-14.818420594440799
79.53	-11.726025304833241
79.54	-10.360309957046882
79.55	-9.596914617530848
79.56	-8.633921495475732
79.57000000000001	-5.795338004591414
79.58	-3.9720390188620627
79.59	-3.967096323834353
79.60000000000001	-3.608052384615782
79.61	-1.8409286475142617
79.62	-2.1279086560317766
79.63	0.1034508581719478
79.64	5.014153190946871
79.65	8.33241708034631
79.66	6.460329671866214
79.67	8.440475451750016
79.68	7.235356816631456
79.69	6.920126862645324
79.7	9.711644252658196
79.71000000000001	13.312507016840794
79.72	10.76231705263743
79.73	9.175336720082457
79.74	10.659939863442712
79.75	7.858653038724447
79.76	6.631642802767434
79.77	7.701340418041798
79.78	16.89406872307159
79.79	17.31004582622965
79.8	12.531629183724629
79.81	13.329792100899493
79.82000000000001	16.918737213674937
79.83	14.925223557043276
79.84	13.986339773995494
79.85000000000001	18.112198528185758
79.86	15.069712042250522
79.87	14.157589183330076
79.88	14.339902207498364
79.89	13.798608467330567
79.9	13.871910987449324
79.91	14.511159381451785
79.92	12.776009272764371
79.93	11.950824539095917
79.94	16.78427672876696
79.95	20.227897649182125
79.96000000000001	24.226909924779246
79.97	32.08431242438231
79.98	30.826474388398633
79.99	33.81144238059787
80.0	30.028884968600092
80.01	27.072649947368923
80.02	30.685474992550937
80.03	27.7679275490806
80.04	25.623087517585343
80.05	22.505216432310895
80.06	22.71582585247553
80.07000000000001	23.877423212738922
80.08	23.181933011191536
80.09	20.400546638118527
80.10000000000001	17.748018516166294
80.11	16.989514163306072
80.12	13.601684403030012
80.13	19.721908641573467
80.14	22.81086935565393
80.15	19.025185713028034
80.16	17.799322503987778
80.17	14.487248550821363
80.18	14.92573098040545
80.19	14.85490718683574
80.2	11.20926168115023
80.21000000000001	10.825250393783323
80.22	8.094156312971599
80.23	6.290945388344495
80.24	4.2466100862959015
80.25	2.8748307775770665
80.26	5.451011727334408
80.27	6.453455599311718
80.28	7.156821531737544
80.29	6.595108623866076
80.3	6.751735447586723
80.31	7.833159665884178
80.32000000000001	7.566382522342115
80.33	6.588644160909847
80.34	12.731637496089697
80.35000000000001	15.663291727522532
80.36	13.356906175481592
80.37	15.5081864271114
80.38	18.12352740442171
80.39	18.11211368086633
80.4	25.326071986974924
80.41	24.929541756025415
80.42	26.149683536319895
80.43	25.093902765718997
80.44	21.566819901973016
80.45	18.555188330290274
80.46000000000001	24.685994421308095
80.47	21.874563039839316
80.48	22.959036833905646
80.49	23.422945736584378
80.5	21.232891440724522
80.51	20.276772328652058
80.52	21.028627558913257
80.53	23.15445489838474
80.54	28.634692264779215
80.55	25.982294205345923
80.56	22.202171352015128
80.57000000000001	17.89624179106938
80.58	17.894091745651856
80.59	13.759063441603333
80.60000000000001	15.032124169563271
80.61	11.665524056145857
80.62	9.547787357717082
80.63	13.196740613914198
80.64	11.86464330611993
80.65	11.438815502770757
80.66	14.69218538785974
80.67	11.214169926402256
80.68	14.217133173350376
80.69	14.609238666176696
80.7	18.088425312812507
80.71000000000001	21.449055523898377
80.72	27.7694339609332
80.73	23.532089742460503
80.74	22.37400504207409
80.75	19.26697382483702
80.76	14.633593788761264
80.77	13.301315836529568
80.78	10.003021509385286
80.79	7.274284845790236
80.8	7.857034478507363
80.81	9.858001158507912
80.82000000000001	13.880242937806237
80.83	11.436077491199619
80.84	13.600331222277976
80.85000000000001	16.224731886496304
80.86	19.681383181243
80.87	17.86179894012731
80.88	20.089244261606034
80.89	19.34195341021491
80.9	16.784913095188454
80.91	19.557292859514547
80.92	25.68261818900311
80.93	23.271716874528916
80.94	20.3346319322427
80.95	18.103383608620526
80.96000000000001	16.28773829327145
80.97	19.317702345975725
80.98	19.552269180067494
80.99	24.300297898093877
81.0	20.42462815716061
81.01	21.58854629681809
81.02	20.321436555438165
81.03	21.935603383935703
81.04	26.688795287261613
81.05	26.410813668533656
81.06	25.351778532399834
81.07000000000001	28.83363125249352
81.08	23.277060049352514
81.09	23.342602456689566
81.10000000000001	29.60017244218475
81.11	28.46491037339781
81.12	25.80797321237989
81.13	26.3909780908023
81.14	22.137769717023136
81.15	19.676563203625623
81.16	22.31547496412796
81.17	16.902931187301682
81.18	17.22437806370613
81.19	17.4307884048198
81.2	18.7429524125284
81.21000000000001	20.39016719015181
81.22	18.288928754343317
81.23	21.855975796273746
81.24	23.08852239484381
81.25	22.840087691803816
81.26	18.9176354047572
81.27	14.945413243998885
81.28	12.737694467575539
81.29	12.2329341461554
81.3	10.173203670866728
81.31	9.227768330237755
81.32000000000001	12.58031304733155
81.33	13.121138626774334
81.34	12.633395897545949
81.35000000000001	12.667596506248952
81.36	19.014689451516688
81.37	15.778727975036446
81.38	21.62417981746547
81.39	18.616265521112712
81.4	15.66063888841121
81.41	14.946231740483315
81.42	19.10155670234273
81.43	20.062858628827527
81.44	17.415238144512863
81.45	16.376186000885433
81.46000000000001	22.324795911904946
81.47	32.241456766789625
81.48	32.155921494042
81.49	28.200686005418525
81.5	29.12532741875574
81.51	22.293768288513586
81.52	21.534334198374935
81.53	22.232343083727564
81.54	17.53632146509459
81.55	12.9011107683077
81.56	8.689348716503925
81.57000000000001	8.13172484044817
81.58	8.709097383836982
81.59	8.262777747535578
81.60000000000001	10.589381290227255
81.61	11.122318642238335
81.62	9.200826608538751
81.63	6.213856643492702
81.64	14.549629202929882
81.65	17.961625554222934
81.66	14.848834109004072
81.67	13.97818349917484
81.68	13.627008051611924
81.69	13.321919247789396
81.7	11.525360066103257
81.71000000000001	16.317541032456763
81.72	18.52766271039644
81.73	16.109448753155426
81.74	16.581898450974737
81.75	16.90706395400559
81.76	13.603135130585429
81.77	17.981105350422546
81.78	22.52897709901291
81.79	17.89386179338092
81.8	20.02720742045331
81.81	27.508778156012962
81.82000000000001	25.428152773513354
81.83	23.703813371526895
81.84	19.445630241332825
81.85000000000001	20.689401911994608
81.86	18.483614079034872
81.87	18.673956177670398
81.88	23.27090071240018
81.89	19.596527825652018
81.9	21.08221926565975
81.91	20.193576219971256
81.92	20.328936853526752
81.93	16.671344427043426
81.94	16.54355678146073
81.95	15.350400443631624
81.96000000000001	15.089831506126707
81.97	20.84232597063224
81.98	18.216777037267953
81.99	17.421268795874873
82.0	13.959677216856184
82.01	11.769516176730406
82.02	10.69869657742135
82.03	13.655140419687305
82.04	15.125714693957235
82.05	16.318635035962505
82.06	23.865907495536074
82.07000000000001	23.80318101411663
82.08	20.92018660934662
82.09	21.679899007465853
82.10000000000001	22.090084635927838
82.11	17.2584175203416
82.12	24.0661810851819
82.13	24.772241876091
82.14	22.20558061147985
82.15	24.820391553449742
82.16	29.434606119656774
82.17	27.437809861144906
82.18	23.97654271490595
82.19	25.837669424460785
82.2	22.387615447533605
82.21000000000001	25.88388755035557
82.22	24.591154937114545
82.23	22.775746153080778
82.24	25.3773844725711
82.25	21.260803166672424
82.26	20.477457394886788
82.27	17.292560395901404
82.28	19.460684980886217
82.29	16.09842892898993
82.3	19.375876551484378
82.31	16.641391615946052
82.32000000000001	20.19258777881924
82.33	21.624092682474135
82.34	19.813716260600657
82.35000000000001	22.655116995069008
82.36	25.768453887303437
82.37	31.418899964203064
82.38	29.488376431149984
82.39	23.25264572064392
82.4	19.167870047429687
82.41	16.85820098534897
82.42	15.620285143848646
82.43	11.957330685327884
82.44	9.231334842199491
82.45	5.701740254586134
82.46000000000001	8.083345365356813
82.47	5.4509403034932955
82.48	5.949771304352957
82.49	4.228977833924323
82.5	4.262575194110787
82.51	10.69127623135022
82.52	11.6303364326067
82.53	10.119754943882915
82.54	23.67156275425078
82.55	29.696028362234625
82.56	24.341990031960965
82.57000000000001	22.50503651315705
82.58	27.14606397321286
82.59	21.698621309519186
82.60000000000001	16.81779500432962
82.61	13.077981159148175
82.62	12.940061466322641
82.63	12.942154639060972
82.64	10.933941163132003
82.65	9.453948408676352
82.66	9.940290722118615
82.67	14.323962804331073
82.68	17.07061025988753
82.69	15.129820239149348
82.7	12.798549714437147
82.71000000000001	13.49887285135132
82.72	17.666768118848143
82.73	17.435225173424385
82.74	22.326710955353022
82.75	17.76704052388083
82.76	17.3279435458178
82.77	13.46849441794943
82.78	13.147692741673204
82.79	13.732926386954032
82.8	11.353795749910528
82.81	8.882848572666358
82.82000000000001	10.88230115233978
82.83	10.607823658110853
82.84	9.785695792463523
82.85000000000001	8.724995461921056
82.86	11.667717128464911
82.87	12.620967309533361
82.88	11.824641306859284
82.89	11.983000475817075
82.9	15.98176498645508
82.91	13.858598629043907
82.92	12.07876574796203
82.93	11.64920697479235
82.94	19.122057558019506
82.95	18.613506402638766
82.96000000000001	15.67755603922779
82.97	15.38799119188887
82.98	21.518987249252874
82.99	20.672215923624233
83.0	19.459153326952407
83.01	22.130601982210273
83.02	23.472170865517462
83.03	25.902820209167565
83.04	25.606843366199847
83.05	20.462874744171756
83.06	16.032343450026293
83.07000000000001	14.22198900533263
83.08	16.741652808656404
83.09	17.387474803729265
83.10000000000001	16.077496029067703
83.11	17.0030130987368
83.12	16.102164912912553
83.13	18.644404571537
83.14	21.633692766781547
83.15	18.835858714650605
83.16	16.866386947688675
83.17	16.15921625450868
83.18	17.267203560969143
83.19	12.881028847014468
83.2	13.77889734885937
83.21000000000001	14.412842558688302
83.22	15.750056550518025
83.23	20.812221957220718
83.24	19.558137122167494
83.25	20.942275264745945
83.26	24.033163864242717
83.27	23.545742800408973
83.28	28.81265108007444
83.29	27.84615629468814
83.3	24.546671973607822
83.31	20.19233358489636
83.32000000000001	20.02261420143582
83.33	17.495794494149063
83.34	16.821226374619748
83.35000000000001	14.41912853140707
83.36	14.276716309262481
83.37	14.99782723553792
83.38	16.15084552026706
83.39	21.232657253286924
83.4	25.30486409569708
83.41	20.42093529055085
83.42	18.404617627622237
83.43	18.004359939729717
83.44	22.581910709389966
83.45	19.477789008431554
83.46000000000001	15.896708073799452
83.47	12.835446100475432
83.48	11.328624788096937
83.49	9.014085271256864
83.5	7.6971580459531515
83.51	18.035458645503702
83.52	19.755452829479054
83.53	18.63347184284793
83.54	16.967473178298402
83.55	16.821661179928416
83.56	14.790475611288763
83.57000000000001	19.25237119171544
83.58	15.205882577208536
83.59	14.712966439798942
83.60000000000001	12.167813093782817
83.61	13.70763866657927
83.62	12.400223802901428
83.63	12.491817402549561
83.64	15.203700062738097
83.65	16.53085045566775
83.66	21.154974810065205
83.67	18.893088913920394
83.68	15.807400156089447
83.69	15.69121924009929
83.7	20.686012065675026
83.71000000000001	16.62378699701254
83.72	17.927558111107672
83.73	14.366526590519634
83.74	12.376663423702771
83.75	13.580564833452726
83.76	15.006182781069965
83.77	16.40427662140365
83.78	14.448628733042106
83.79	15.220686145088319
83.8	14.132157583841643
83.81	14.04889884316908
83.82000000000001	11.164157514987803
83.83	9.913500697418753
83.84	10.585308575497532
83.85000000000001	12.563192038407156
83.86	19.186949535802963
83.87	18.874694807925042
83.88	20.671931943298226
83.89	20.759620634354704
83.9	15.72896560130792
83.91	11.590091635752973
83.92	14.431361553646518
83.93	15.710090795560673
83.94	13.098569708289759
83.95	16.127329163533776
83.96000000000001	12.052069606373442
83.97	13.09486097372434
83.98	13.119118614428613
83.99	13.598862052028164
84.0	10.371237984283058
84.01	14.495249188174618
84.02	15.665533629145429
84.03	21.29365445583977
84.04	29.413701234622906
84.05	25.315473030327603
84.06	25.995753638269704
84.07000000000001	30.494586591066827
84.08	30.661986973859314
84.09	31.00934511570417
84.10000000000001	26.78679390947449
84.11	21.044204286527897
84.12	19.777372610279784
84.13	15.37613876325381
84.14	17.21749406879874
84.15	17.641389988741945
84.16	15.046489530296979
84.17	23.407528734209198
84.18	26.217468195464367
84.19	22.572698874964107
84.2	18.006339023299677
84.21000000000001	16.702008619230497
84.22	18.369489532404227
84.23	20.18273961903275
84.24	19.468662837976005
84.25	23.009521768686685
84.26	18.57162159379178
84.27	14.250654452009021
84.28	12.534784073218814
84.29	16.913629476297846
84.3	17.914886057511804
84.31	24.19602350613017
84.32000000000001	22.987252291095135
84.33	19.62480041187969
84.34	15.719456378908534
84.35000000000001	16.45241386895428
84.36	14.557360448938697
84.37	11.265448731221385
84.38	12.034597565832222
84.39	20.435119609866348
84.4	28.16624649235411
84.41	26.65338989806708
84.42	29.6624637817688
84.43	23.816697759129394
84.44	22.89248390726626
84.45	22.579086746874236
84.46000000000001	17.89897638029365
84.47	17.21192553148302
84.48	19.746902637675245
84.49	20.82399813673554
84.5	16.9770644455095
84.51	16.251021389488322
84.52	17.458820549163445
84.53	18.44667496535525
84.54	15.611287957296408
84.55	12.489581817573876
84.56	11.874793037837206
84.57000000000001	13.097624355330407
84.58	17.595378538970092
84.59	14.94478210557511
84.60000000000001	13.831186545986863
84.61	16.163343292506507
84.62	22.905135326836472
84.63	22.44157639336653
84.64	19.226391738140215
84.65	19.000289802188092
84.66	19.42370578769239
84.67	14.984675398536742
84.68	16.76635219200544
84.69	14.429402000056097
84.7	15.654485073807695
84.71000000000001	17.371482252370832
84.72	16.972520019310913
84.73	26.990627845300192
84.74	31.29775036380877
84.75	28.358766938172845
84.76	25.473088348725867
84.77	22.7374116937181
84.78	28.828389591504294
84.79	23.821649772049422
84.8	19.742945991281406
84.81	15.723410523592454
84.82000000000001	15.236105310984952
84.83	16.95669082181476
84.84	21.911296654225524
84.85000000000001	20.865398650117793
84.86	19.598641665377503
84.87	15.200003517665632
84.88	16.583564105244356
84.89	17.984393759161563
84.9	15.916976516187503
84.91	12.826864727610799
84.92	10.960894856577205
84.93	9.598422489084246
84.94	10.742668932867387
84.95	15.055056000593414
84.96000000000001	20.312525905098695
84.97	17.03011091456382
84.98	15.537034364141793
84.99	16.229540871900188
85.0	13.034551255854302
85.01	14.976753635320335
85.02	15.767439536380383
85.03	17.373284958251272
85.04	16.611170494799005
85.05	32.58271498770546
85.06	29.36728581767913
85.07000000000001	23.62931082992541
85.08	24.053418629732104
85.09	31.386159484125553
85.10000000000001	35.67942931047165
85.11	32.16766282067822
85.12	40.97157206842684
85.13	33.651463931638766
85.14	26.492415125764982
85.15	28.39439684442008
85.16	30.76178125453297
85.17	25.59592826857884
85.18	25.450820888293816
85.19	25.989470162339174
85.2	21.007996360546628
85.21000000000001	19.953264929143774
85.22	16.037117066618343
85.23	17.37566668914317
85.24	23.84448829635169
85.25	22.2478174913335
85.26	19.43517956616156
85.27	22.04127550893116
85.28	22.29795005757526
85.29	26.988348813332653
85.3	21.418191427236863
85.31	16.657190085812477
85.32000000000001	14.270717179411792
85.33	12.042805889102805
85.34	12.021239838407682
85.35000000000001	10.239118310360716
85.36	16.34721332036737
85.37	12.936502219560653
85.38	13.1463600936518
85.39	10.583146732533848
85.4	9.677499926460278
85.41	13.115044871503896
85.42	10.888580106527685
85.43	14.38296869751111
85.44	14.06626217548285
85.45	12.193041927447815
85.46000000000001	9.498326605577125
85.47	11.188832990118813
85.48	16.37090902958762
85.49	13.678069091155173
85.5	11.50551193027583
85.51	8.808446568482307
85.52	5.970641376704558
85.53	2.1465266401701926
85.54	0.7818894687488238
85.55	3.987889064707716
85.56	11.279905757134513
85.57000000000001	18.8164202224283
85.58	16.979695688870027
85.59	28.14598182527539
85.60000000000001	27.55678151142094
85.61	21.714964585023303
85.62	17.663295038240857
85.63	15.837552034760213
85.64	14.892868221590478
85.65	16.83435255165317
85.66	25.98331048546658
85.67	22.91343611668383
85.68	23.260253211807182
85.69	20.70865781050429
85.7	16.485162873697863
85.71000000000001	13.474396691312554
85.72	11.68518055848337
85.73	10.719424271961785
85.74	11.652616680854536
85.75	14.171148587013084
85.76	16.006040135304403
85.77	14.201313980359162
85.78	11.508869276956206
85.79	22.426883942418666
85.8	19.799115238441416
85.81	17.954644615277065
85.82000000000001	17.728552699198545
85.83	22.52912656150251
85.84	21.358055532490425
85.85000000000001	26.10329373730612
85.86	26.091665657583913
85.87	21.540699452596332
85.88	17.777524266819615
85.89	14.26222053451445
85.9	15.27207841264325
85.91	13.285735806761258
85.92	12.21769835653255
85.93	11.772325994789446
85.94	12.90867043488317
85.95	14.025508250611011
85.96000000000001	15.313987866223096
85.97	12.043733697581786
85.98	10.796898037803668
85.99	8.87165548177561
86.0	7.045105280568502
86.01	12.091179763214088
86.02	9.71908276307798
86.03	11.961051799118081
86.04	12.315270199269552
86.05	11.02203740768627
86.06	10.102706075628216
86.07000000000001	7.220774228346837
86.08	9.554765627585994
86.09	15.267172502401529
86.10000000000001	12.514839091092648
86.11	13.205665392219048
86.12	19.378710718635634
86.13	16.28697908777188
86.14	14.961389285747954
86.15	16.842352183211467
86.16	16.379358834818934
86.17	16.37198968906379
86.18	17.50978921595537
86.19	16.26127975254724
86.2	14.903551767767121
86.21000000000001	18.25357399995047
86.22	18.20522984357303
86.23	20.192141236772915
86.24	24.44178601626811
86.25	22.730077995992897
86.26	20.29051644444014
86.27	19.37475777126097
86.28	18.397705125208468
86.29	16.691364355638473
86.3	15.461610721405346
86.31	14.162147666239623
86.32000000000001	11.473719689250197
86.33	11.94923817228052
86.34	8.82539917679094
86.35000000000001	7.418707860531444
86.36	6.774399440258682
86.37	11.645133843938206
86.38	11.404696391000476
86.39	13.148911482306882
86.4	13.211299229010189
86.41	17.864144022500756
86.42	15.158805198108698
86.43	14.655437706532801
86.44	12.283214791331748
86.45	12.21163692223838
86.46000000000001	15.274784376613953
86.47	26.279816212655255
86.48	29.721930139687412
86.49	28.4220736484951
86.5	23.17260083839934
86.51	20.56001844366452
86.52	17.442795560558277
86.53	22.647968554277725
86.54	22.612873541548474
86.55	26.797218619017464
86.56	24.01480046174207
86.57000000000001	22.245847030689617
86.58	21.03384258974863
86.59	17.500269010927354
86.60000000000001	14.681038922283276
86.61	14.616949453589077
86.62	18.972025969490538
86.63	18.661226108528833
86.64	14.758337724692959
86.65	18.401230067693906
86.66	16.35032628231258
86.67	14.582990181456827
86.68	13.680976785510989
86.69	14.233579193177084
86.7	16.869221286002578
86.71000000000001	19.096115794152187
86.72	19.72416480084146
86.73	16.821475937724575
86.74	19.450296415887856
86.75	19.33787634899486
86.76	24.108740486218178
86.77	22.95297109920365
86.78	17.69533861446946
86.79	14.074822142392824
86.8	21.52814316546769
86.81	19.90726793388079
86.82000000000001	28.283782965095764
86.83	28.99573187267583
86.84	26.336950188381888
86.85000000000001	25.35955698967435
86.86	22.654791479606693
86.87	21.522329642745625
86.88	16.560866160543902
86.89	13.259198426319605
86.9	10.505366790485699
86.91	12.594856074231803
86.92	12.702334723191939
86.93	14.946389737717906
86.94	15.854650069790496
86.95	16.498820540709374
86.96000000000001	14.16229795313464
86.97	11.038712016281215
86.98	10.87813308961615
86.99	11.307601112056345
87.0	8.784678166620287
87.01	6.21734287606869
87.02	8.431827462243676
87.03	13.510274989444254
87.04	11.018223273634812
87.05	14.14955728089325
87.06	15.334155247968923
87.07000000000001	22.319066001326195
87.08	19.489757606692585
87.09	19.11955872508242
87.10000000000001	16.82181595365173
87.11	16.33718528327813
87.12	20.22575211164575
87.13	19.6507625194383
87.14	17.408278132895344
87.15	13.867835826988292
87.16	10.661824501203746
87.17	8.308678181369613
87.18	6.160867516739714
87.19	13.209405611255956
87.2	14.399573150143556
87.21000000000001	19.116035228958093
87.22	19.817628663717343
87.23	16.139789551705714
87.24	14.350738886678794
87.25	17.417919400815283
87.26	19.172876688319576
87.27	20.92823280077764
87.28	18.314365100801897
87.29	17.718799299176798
87.3	17.63644101660751
87.31	14.084844137084541
87.32000000000001	12.483662176748469
87.33	11.28741492786705
87.34	8.359186155833353
87.35000000000001	10.549008085329339
87.36	17.264017576451327
87.37	20.54678389255502
87.38	16.136592198522386
87.39	13.643768767697981
87.4	13.296691995588311
87.41	10.779641070563988
87.42	8.866422149661883
87.43	12.00701926704421
87.44	15.492572260274754
87.45	15.616186433090053
87.46000000000001	17.435664248400613
87.47	26.594694447346033
87.48	21.318901280055734
87.49	21.40791166526179
87.5	22.53623433310841
87.51	21.660747052890756
87.52	18.283580094903176
87.53	17.764032381026084
87.54	18.326282680441
87.55	17.741547432727668
87.56	22.974421048248153
87.57000000000001	22.159204454094773
87.58	21.321866297659355
87.59	27.32751992370136
87.60000000000001	26.905884617188605
87.61	27.949978272794414
87.62	25.95870776908233
87.63	22.090128292202962
87.64	25.996299897332097
87.65	31.522974191546023
87.66	38.8008356211282
87.67	36.72948599585623
87.68	32.84087498739097
87.69	29.224183782260873
87.7	28.723351938416553
87.71000000000001	24.863336506117438
87.72	19.146883074260934
87.73	23.39403049304368
87.74	31.356413693827704
87.75	30.8433132818355
87.76	30.526239506844398
87.77	25.75093064727164
87.78	26.564448861000955
87.79	24.271237826776225
87.8	22.84297158236589
87.81	18.813241289174684
87.82000000000001	14.108331167630904
87.83	15.218220956421657
87.84	17.327631110978764
87.85000000000001	14.234666071170404
87.86	17.645961154468765
87.87	18.249706414337894
87.88	14.508633123617438
87.89	10.767559832891669
87.9	11.523726743031936
87.91	12.34765485488285
87.92	17.428759146362797
87.93	19.090421901283403
87.94	16.631970426810724
87.95	13.00102922521941
87.96000000000001	18.52542539245391
87.97	23.032944919378078
87.98	21.380319755382054
87.99	18.260168762626336
88.0	17.41353125485504
88.01	14.054604451980843
88.02	16.245935330522528
88.03	16.382433770756663
88.04	16.151459761843018
88.05	12.413480644925931
88.06	9.585726249941256
88.07000000000001	7.4905219866262485
88.08	7.276750226512825
88.09	7.538573101717754
88.10000000000001	11.793178618296144
88.11	11.365741850505666
88.12	13.576174734419741
88.13	12.31288601794369
88.14	12.825064996791845
88.15	11.455914382851407
88.16	11.317893048952023
88.17	14.111213368612873
88.18	20.904338327771463
88.19	16.528121226567016
88.2	13.645083983995544
88.21000000000001	13.090257886755467
88.22	14.541384602210943
88.23	13.555105458455078
88.24	13.15907370743086
88.25	12.138430505911117
88.26	12.98674921071276
88.27	10.66303766506844
88.28	10.725066574432969
88.29	21.55286863443367
88.3	27.859522083513127
88.31	23.868040679702077
88.32000000000001	25.604559432740377
88.33	26.72698160035267
88.34	27.964943804615785
88.35000000000001	25.801322265299593
88.36	22.798806104694155
88.37	24.306655625523423
88.38	20.53358738621979
88.39	20.19124529785428
88.4	19.20385061921915
88.41	21.589522200328773
88.42	21.143700137288974
88.43	21.387404527213118
88.44	22.619413935139043
88.45	22.931568189804747
88.46000000000001	27.67922072603432
88.47	23.35377393068043
88.48	22.451135093123725
88.49	22.9241897845067
88.5	19.668238266862
88.51	15.959266012746168
88.52	14.824731293560262
88.53	17.312786039363722
88.54	15.94850290976245
88.55	12.9023465115295
88.56	25.61283416936121
88.57000000000001	20.584886509292513
88.58	17.410430497636213
88.59	14.81519855106549
88.60000000000001	10.923192755539407
88.61	10.6473411431505
88.62	8.926647581355699
88.63	6.882219202679611
88.64	7.227102352676977
88.65	10.606240150680105
88.66	10.665076341495718
88.67	14.69360279706246
88.68	13.579383166462769
88.69	13.064745713023196
88.7	15.354394601012762
88.71000000000001	15.818890171704204
88.72	17.462700554901584
88.73	25.458735308793845
88.74	24.733551713358995
88.75	19.712115941101846
88.76	15.809450450540327
88.77	12.25830972846315
88.78	12.835235514148442
88.79	12.359207905829564
88.8	12.198377965504381
88.81	18.38939971433579
88.82000000000001	19.96981504125398
88.83	18.355722299670784
88.84	19.531224730916207
88.85000000000001	15.585243776815972
88.86	21.264623489165793
88.87	17.213468936870473
88.88	18.588097858873887
88.89	15.798873898076222
88.9	20.55771998512505
88.91	23.995854574931748
88.92	26.355913588339753
88.93	23.410062573851583
88.94	18.101325599380054
88.95	14.366867873950394
88.96000000000001	11.099411995988408
88.97	10.206194067581738
88.98	9.242069245624075
88.99	6.055217858224389
89.0	6.522265910558917
89.01	8.074916377906423
89.02	9.165977329466209
89.03	7.93843553544167
89.04	10.41657809247098
89.05	19.73990037741645
89.06	19.68826245864025
89.07000000000001	25.17107426878641
89.08	24.03048242584928
89.09	22.475239556340195
89.10000000000001	17.724243686143566
89.11	14.808529509197042
89.12	12.50669306014957
89.13	12.501072596440748
89.14	12.489672873162634
89.15	10.809882486625636
89.16	8.376272992105097
89.17	6.8228913128680935
89.18	7.526648122583067
89.19	6.36513150705402
89.2	7.796606340471973
89.21000000000001	10.131362119362528
89.22	9.557829235399698
89.23	12.352940384951145
89.24	10.47758052172234
89.25	8.802857702876384
89.26	6.811883642623264
89.27	4.927377568504372
89.28	2.7265966171172917
89.29	1.1341544601966735
89.3	1.4899574249161602
89.31	0.4983072468705244
89.32000000000001	0.46494309487974445
89.33	2.529394382284056
89.34	2.5183202205161446
89.35000000000001	3.0715343893397145
89.36	1.7388717122092734
89.37	0.33602275335094295
89.38	2.059295554259892
89.39	7.057390558957058
89.4	7.805576531859886
89.41	8.82550315037484
89.42	7.1084844666744615
89.43	4.7786819805025145
89.44	6.657728277314835
89.45	2.1653902935461913
89.46000000000001	1.2513587885449626
89.47	5.190826716363684
89.48	5.316558337993082
89.49	4.82244937584446
89.5	1.8452384611476573
89.51	1.0125785757015082
89.52	-0.7040494478274124
89.53	-3.218865059469443
89.54	-3.9247297739707974
89.55	-8.64285797167927
89.56	-8.248379489718976
89.57000000000001	-7.036194189376484
89.58	-7.564819620262972
89.59	-21.359713814796944
89.60000000000001	-24.247284571013243
89.61	-23.8793733932922
89.62	-23.92787471531958
89.63	-36.534145924770776
89.64	-39.358218073088736
89.65	-31.470485389908113
89.66	-25.992619346914154
89.67	-25.485063370914286
89.68	-21.800453414123965
89.69	-17.157202299521973
89.7	-15.862031395675208
89.71000000000001	-16.63638382502801
89.72	-20.951055447737584
89.73	-20.101924365651627
89.74	-27.418872532858476
89.75	-22.68317387942783
89.76	-25.1095854231717
89.77	-30.460122414302155
89.78	-27.7661965238414
89.79	-27.909725770732372
89.8	-30.704865084675095
89.81	-30.229721699097816
89.82000000000001	-25.38258954300635
89.83	-20.155999148144176
89.84	-16.025011387145888
89.85000000000001	-14.823097033478355
89.86	-12.905272852521993
89.87	-14.485093477199673
89.88	-12.930701898769229
89.89	-14.8807835385292
89.9	-15.835344153299307
89.91	-15.371104488605189
89.92	-18.565981784650003
89.93	-24.28266145335314
89.94	-19.91821666790541
89.95	-21.29415173073713
89.96000000000001	-17.804990895926895
89.97	-25.752876066732473
89.98	-24.91254645972179
89.99	-26.293384723607577
90.0	-22.93819315525633
90.01	-25.782581400045693
90.02	-19.975371284607984
90.03	-19.396067014582478
90.04	-24.846563479409465
90.05	-19.593799451061347
90.06	-15.790942196737452
90.07000000000001	-14.081234707828429
90.08	-15.76287296358541
90.09	-20.567852328085728
90.10000000000001	-19.102910922641417
90.11	-25.770187018772816
90.12	-23.820028153983298
90.13	-21.706417367273684
90.14	-21.72513548706747
90.15	-25.37004867945369
90.16	-22.177442140055714
90.17	-19.54229918043289
90.18	-18.22270048935541
90.19	-23.057296169550735
90.2	-17.922314538315415
90.21000000000001	-15.807576651193328
90.22	-15.289272499125097
90.23	-21.74507273781442
90.24	-17.576430246075486
90.25	-19.434935288067038
90.26	-17.917415719083024
90.27	-15.62604194064822
90.28	-12.739981244678678
90.29	-12.126796102945626
90.3	-14.399882536516275
90.31	-14.081019350379226
90.32000000000001	-11.228278255331215
90.33	-8.554145105922734
90.34	-6.133531345077997
90.35000000000001	-13.040643371134102
90.36	-12.687421101088642
90.37	-10.171231960243341
90.38	-10.683916043019627
90.39	-15.321427430638103
90.4	-19.382836513836125
90.41	-29.666999563233396
90.42	-25.168630035175845
90.43	-23.86248545157365
90.44	-23.18289193525379
90.45	-34.72430545995708
90.46000000000001	-31.89009785606686
90.47	-31.152156821091026
90.48	-26.2126297433815
90.49	-30.628093752995518
90.5	-32.00734074286227
90.51	-29.008981721377356
90.52	-25.126536018201897
90.53	-21.425392763044133
90.54	-18.46352737143923
90.55	-16.941269722017395
90.56	-13.151249294182557
90.57000000000001	-11.337485894158801
90.58	-11.126332110390308
90.59	-10.873065687625168
90.60000000000001	-18.846112968913832
90.61	-19.82733007819241
90.62	-18.755538969533152
90.63	-16.748957626815773
90.64	-16.75252073579431
90.65	-13.84818008907435
90.66	-11.048716516598777
90.67	-11.28504773959838
90.68	-15.566467598364929
90.69	-13.364985752065735
90.7	-20.672255535808933
90.71000000000001	-17.732685451868896
90.72	-15.802385309873205
90.73	-14.246359830558703
90.74	-13.610269671230846
90.75	-15.888318788787666
90.76	-15.718064777990328
90.77	-21.764345686565225
90.78	-29.19782700920018
90.79	-26.778479728220073
90.8	-27.312265660068483
90.81	-23.40003764130481
90.82000000000001	-23.818037287243463
90.83	-24.39073942322888
90.84	-23.09347913172644
90.85000000000001	-25.910635059867293
90.86	-20.290813301114458
90.87	-23.74971832581915
90.88	-19.497159843360926
90.89	-16.064513734452408
90.9	-14.89304598874583
90.91	-11.3958094783487
90.92	-10.125882317520606
90.93	-9.096377347307847
90.94	-11.371671716765881
90.95	-10.848957815415762
90.96000000000001	-8.609902473763135
90.97	-6.6930030529704485
90.98	-5.291599880385988
90.99	-1.9913633595702356
91.0	4.856373373564112
91.01	5.915922763275768
91.02	5.166902867804899
91.03	10.610113963549034
91.04	9.362589194984652
91.05	7.96498671552166
91.06	5.663347395807504
91.07000000000001	5.688453134988482
91.08	11.107048885195052
91.09	9.17901076592643
91.10000000000001	6.46458600741974
91.11	8.674108064911424
91.12	8.786302994730859
91.13	10.137565353790864
91.14	9.742600794829569
91.15	8.399715425704763
91.16	7.235793763473583
91.17	7.916840911930477
91.18	3.8091725069843396
91.19	2.2074119128203527
91.2	-1.8243774240456518
91.21000000000001	-3.9055883469658617
91.22	-6.137901621948987
91.23	-6.766377696681745
91.24	-12.44295051186113
91.25	-13.461044297983578
91.26	-14.956375067034019
91.27	-17.923833593766883
91.28	-19.169872680697434
91.29	-23.404520550657423
91.3	-24.592802283043042
91.31	-24.68086749058859
91.32000000000001	-22.072546696797268
91.33	-25.187144161226023
91.34	-27.883505299714482
91.35000000000001	-24.045035285995574
91.36	-19.339910494039554
91.37	-17.14939277879726
91.38	-16.45274627690049
91.39	-15.120931532693776
91.4	-16.685351902934197
91.41	-25.09530338183382
91.42	-22.545034477202453
91.43	-23.645459831665004
91.44	-23.278548494134057
91.45	-21.467137631860634
91.46000000000001	-17.90450102775883
91.47	-15.86865546064396
91.48	-15.977014323566861
91.49	-20.380669051480467
91.5	-22.719452460299944
91.51	-19.479222328418437
91.52	-16.56593871110167
91.53	-21.727424855490533
91.54	-21.414182433597304
91.55	-22.41174258848392
91.56	-20.050439555768246
91.57000000000001	-19.918349393719296
91.58	-19.995100608662224
91.59	-19.70409168907469
91.60000000000001	-17.28981902938341
91.61	-17.419461843714824
91.62	-15.206871153528821
91.63	-20.907468002906686
91.64	-18.322123836650555
91.65	-17.978726489179603
91.66	-14.130823849900928
91.67	-11.836648996397463
91.68	-12.71428110224389
91.69	-11.447304259195912
91.7	-9.409196296014875
91.71000000000001	-13.888032228231006
91.72	-13.628463530899172
91.73	-14.464777964821634
91.74	-12.082528095687868
91.75	-18.909969827740873
91.76	-18.3908030883638
91.77	-17.713028468655004
91.78	-15.420825741650226
91.79	-15.912173388834244
91.8	-14.092985292835673
91.81	-20.610516131374123
91.82000000000001	-19.767230621200042
91.83	-19.368518381244776
91.84	-18.5942127573986
91.85000000000001	-14.215825878930278
91.86	-10.588264510673032
91.87	-6.1521500008944825
91.88	-9.08233703467999
91.89	-21.908259372731067
91.9	-28.778231840448566
91.91	-24.3055649303169
91.92	-19.25364562061985
91.93	-14.784073705801275
91.94	-12.028022189912756
91.95	-9.445143321039142
91.96000000000001	-7.963635630108223
91.97	-7.418438781092114
91.98	-7.179017111660941
91.99	-17.047738793210456
92.0	-14.088755197251688
92.01	-20.34342426754316
92.02	-22.29793129217707
92.03	-22.11250607773168
92.04	-17.992208656316453
92.05	-16.234861291661133
92.06	-18.245162216188408
92.07000000000001	-17.253970501138564
92.08	-20.981756424449124
92.09	-23.279914930149594
92.10000000000001	-21.993904309125107
92.11	-21.016413648304066
92.12	-18.181293618039884
92.13	-14.652298810332967
92.14	-11.406861904660785
92.15	-9.749463302732233
92.16	-8.671962161010256
92.17	-12.080855808584879
92.18	-12.666184262455273
92.19	-18.042315220639054
92.2	-15.637013248667994
92.21000000000001	-18.535440366658687
92.22	-20.062364483599197
92.23	-19.182874042940682
92.24	-15.768291866242091
92.25	-18.140689198489458
92.26	-14.19438671340001
92.27	-12.54822382559875
92.28	-11.705675273060287
92.29	-11.618667197596215
92.3	-11.273465777904615
92.31	-9.691441463251898
92.32000000000001	-13.985422069687415
92.33	-12.231221271166103
92.34	-10.831285127202836
92.35000000000001	-12.82475837740446
92.36	-16.5418093874873
92.37	-13.942625137482372
92.38	-12.204178485834746
92.39	-12.944144865661361
92.4	-12.735658256207174
92.41	-9.073876320755668
92.42	-10.893239898808622
92.43	-10.207078182685027
92.44	-8.899808754464127
92.45	-10.112118860156722
92.46000000000001	-12.673174140817842
92.47	-10.454491320364177
92.48	-10.314129513626558
92.49	-13.605644301306281
92.5	-14.958441851192726
92.51	-17.13982351910797
92.52	-13.717185709619544
92.53	-11.818918443571537
92.54	-10.733028432368192
92.55	-10.716662407068561
92.56	-11.479127317269342
92.57000000000001	-11.840669669071735
92.58	-13.822214614220341
92.59	-13.684888919932822
92.60000000000001	-12.412042203325338
92.61	-9.113486395811599
92.62	-4.038820446346089
92.63	-0.20105225721804695
92.64	1.970522998229747
92.65	3.775775935988014
92.66	5.885147987790058
92.67	10.776837970994912
92.68	8.847783252180436
92.69	10.9919720098629
92.7	9.836980218708531
92.71000000000001	10.2590603909747
92.72	11.333115436807612
92.73	13.814122193257054
92.74	27.29365165679414
92.75	33.92769611092666
92.76	28.447018179588046
92.77	26.888259295729583
92.78	20.802101188003174
92.79	15.95123768569405
92.8	13.82300682220826
92.81	11.930242097598645
92.82000000000001	11.788159249221998
92.83	15.895310268163707
92.84	13.129294685580858
92.85000000000001	13.093618127831432
92.86	26.125729286797466
92.87	29.878436048093956
92.88	29.651040776339286
92.89	32.5215625702296
92.9	31.84667047485314
92.91	26.39124823392583
92.92	24.385398811471074
92.93	21.14752592628234
92.94	20.72894266319137
92.95	20.893207197400784
92.96000000000001	21.333560741592702
92.97	22.994106847309464
92.98	20.427647806855404
92.99	17.42979845305265
93.0	14.169915503182816
93.01	13.330147057907578
93.02	16.465118531689956
93.03	18.70310098860686
93.04	17.11511445688335
93.05	13.611020443056843
93.06	15.662743828562945
93.07000000000001	19.946756450977382
93.08	20.93619324086788
93.09	17.059356568135616
93.10000000000001	16.01412155653047
93.11	12.540762828479254
93.12	7.615881194833542
93.13	6.592714496213479
93.14	8.362040287534402
93.15	8.706456574092336
93.16	10.0105948487189
93.17	9.106149436325836
93.18	14.851863301677337
93.19	21.435220295140553
93.2	19.755539381931605
93.21000000000001	20.267267132125287
93.22	33.76533707356821
93.23	30.84126829667499
93.24	27.67062370032903
93.25	27.896174141295983
93.26	27.430600762948632
93.27	28.563169700402153
93.28	25.681048008500976
93.29	26.310213291904248
93.3	24.36899029478635
93.31	23.436364973312987
93.32000000000001	18.746248096374625
93.33	19.688608021231015
93.34	21.575750818080024
93.35000000000001	22.574679959137555
93.36	21.748036690709192
93.37	22.7035961297166
93.38	22.94732530150082
93.39	20.095324477073927
93.4	19.13134237446277
93.41	17.242176364149696
93.42	17.39845870846839
93.43	18.73568958989847
93.44	16.018049557231905
93.45	17.953727449935553
93.46000000000001	17.786446582870767
93.47	20.44921513509142
93.48	25.348840085418857
93.49	28.046150489743756
93.5	25.286554325427474
93.51	22.964624868943574
93.52	21.550973046038436
93.53	20.365689524519862
93.54	26.670522223422108
93.55	33.263603521341196
93.56	26.34895637437375
93.57000000000001	21.83306163484811
93.58	20.62645603157489
93.59	20.137415521130674
93.60000000000001	19.02253786915547
93.61	16.71154532900243
93.62	17.880473009405847
93.63	20.189591173003155
93.64	15.703999547233703
93.65	19.844410500963143
93.66	17.349985505616598
93.67	13.623357009519538
93.68	10.279039502140565
93.69	8.175642510492624
93.7	11.581588086319734
93.71000000000001	10.64379062962053
93.72	14.051621934600886
93.73	15.123197545642155
93.74	15.143336052826903
93.75	17.312504988937928
93.76	20.597516626068447
93.77	21.193485234937974
93.78	19.875440173750842
93.79	20.91375064640368
93.8	16.941873834960116
93.81	14.945006791393169
93.82000000000001	15.424421850909896
93.83	14.030196497125278
93.84	14.805585660381213
93.85000000000001	16.656550458240815
93.86	19.092299103574536
93.87	16.618529203256863
93.88	15.452567676624211
93.89	15.08446580245891
93.9	24.50964460140357
93.91	25.146532656548384
93.92	30.796636623911088
93.93	23.96745184924772
93.94	21.229038625253633
93.95	21.54568125995465
93.96000000000001	17.571422023756877
93.97	19.728284008245748
93.98	19.63870276301305
93.99	22.377542195458464
94.0	22.02657389549482
94.01	20.462799314770077
94.02	16.436300137297405
94.03	12.877852727906319
94.04	10.72510977834352
94.05	8.705070929361954
94.06	7.633007151209037
94.07000000000001	4.613359653373054
94.08	7.543079905162879
94.09	7.700511543800065
94.10000000000001	8.575411746201288
94.11	11.537576448508824
94.12	12.530787568327522
94.13	15.244239498740857
94.14	11.917656357229712
94.15	10.051413134418416
94.16	7.5864248625785295
94.17	11.192066288494559
94.18	12.560718837319174
94.19	25.23910126783391
94.2	21.014097799747212
94.21000000000001	17.33471062210235
94.22	26.202972147181573
94.23	30.76275357762577
94.24	24.3082692440696
94.25	19.60096877220236
94.26	19.60227063484065
94.27	21.38054851728813
94.28	18.63125056774827
94.29	22.669234560668492
94.3	25.14994159420853
94.31	25.67748615903692
94.32000000000001	25.43594606279144
94.33	21.67091009380881
94.34	22.06329211746758
94.35000000000001	18.660226890842157
94.36	20.05888342327204
94.37	18.388558681348005
94.38	21.83160467535155
94.39	22.5168007013383
94.4	17.395546282870953
94.41	13.31580480800487
94.42	15.392706044792629
94.43	15.605988102296216
94.44	13.847550548751107
94.45	14.74196176658815
94.46000000000001	11.750169999456165
94.47	13.669657565331152
94.48	14.625497875425019
94.49	11.61689137623719
94.5	9.929908442880631
94.51	15.002242015517284
94.52	18.484216007432988
94.53	17.91125368080943
94.54	15.872724473202766
94.55	21.5209885294788
94.56	22.196173331289803
94.57000000000001	21.551848470244355
94.58	21.335003719239822
94.59	16.567417068133228
94.60000000000001	13.963362553969665
94.61	10.9630385728891
94.62	9.082055884311574
94.63	15.025666560361834
94.64	14.20911441641065
94.65	15.064161913366743
94.66	17.624177750194086
94.67	15.861738340119658
94.68	12.807323897244729
94.69	12.254974749276602
94.7	12.739451505329686
94.71000000000001	20.36266063067345
94.72	21.700097406882524
94.73	17.00338413163018
94.74	15.218828453571996
94.75	23.428567202216225
94.76	23.74168465526031
94.77	20.691083544597454
94.78	22.14373888576019
94.79	17.27711930408916
94.8	18.482659498529134
94.81	14.850253552378168
94.82000000000001	12.590244282873302
94.83	11.928174126233259
94.84	10.800062301773968
94.85000000000001	13.24893274291117
94.86	12.11840117885697
94.87	15.793612334435668
94.88	14.056221323557125
94.89	11.044789386324267
94.9	11.102595700945685
94.91	14.03455459238819
94.92	14.923081811385083
94.93	19.33200021854801
94.94	15.973887539064952
94.95	28.36180994859417
94.96000000000001	22.94777950269612
94.97	18.7785612106924
94.98	21.841042687480652
94.99	18.29734435408863
95.0	19.031035469392588
95.01	19.778617284087378
95.02	15.532930602273924
95.03	15.08045893191055
95.04	17.077353694134686
95.05	21.859551250231657
95.06	19.535042145940057
95.07000000000001	20.736560467016634
95.08	17.42125138848944
95.09	19.4227755503082
95.10000000000001	18.407920844007215
95.11	16.153592294193537
95.12	15.238040742820479
95.13	13.702102728728928
95.14	16.33940554341418
95.15	15.61748948619592
95.16	15.215926781102665
95.17	13.016378038862431
95.18	27.540548182265784
95.19	26.30598462280893
95.2	25.287771837383435
95.21000000000001	23.467221406422134
95.22	26.146942627404236
95.23	28.03831300065241
95.24	22.84428333826731
95.25	21.262841115774236
95.26	22.662220941390572
95.27	17.531857925618965
95.28	17.119170695650734
95.29	18.555539356839528
95.3	20.444794895187005
95.31	26.973998241020162
95.32000000000001	24.231350457442527
95.33	21.07092380097929
95.34	19.62669964914131
95.35000000000001	15.462688227125966
95.36	18.605674981041314
95.37	17.510222632917493
95.38	28.004521425938083
95.39	26.406839437140846
95.4	25.829163828646738
95.41	26.482331494619338
95.42	20.86775518018974
95.43	19.273131552536995
95.44	16.23253062163955
95.45	14.198949711182735
95.46000000000001	15.904503302756256
95.47	19.142720891334967
95.48	15.097265787617319
95.49	12.725529240303327
95.5	12.859638222452329
95.51	16.662428749742173
95.52	17.136862797034276
95.53	14.704963027008274
95.54	17.59146860566618
95.55	17.3493026303155
95.56	14.57375474842775
95.57000000000001	11.556533288966303
95.58	8.523512445342087
95.59	5.455351637534891
95.60000000000001	1.6473481832371855
95.61	-2.4063631362488804
95.62	-4.386461978210606
95.63	-5.493834553412947
95.64	-4.175875349283032
95.65	-7.652383897094478
95.66	-10.548012495664924
95.67	-10.20692367175725
95.68	-8.97132269494734
95.69	-10.023788060223554
95.7	-17.506774068275643
95.71000000000001	-16.74943923678498
95.72	-12.946264411076871
95.73	-10.768034013424288
95.74000000000001	-9.292106184971631
95.75	-7.621483138302924
95.76	-8.915745375872085
95.77	-7.3052507922225765
95.78	-6.19548290904405
95.79	-6.92752421328476
95.8	-6.8608410862785325
95.81	-5.115065501036589
95.82000000000001	-1.6190771748198138
95.83	-2.4191350424280116
95.84	-5.300986992635281
95.85000000000001	-6.342350799554092
95.86	-7.486805106416279
95.87	-3.0154580065779406
95.88	-3.6039219456955545
95.89	-3.8268027536163296
95.9	-2.4557426258595934
95.91	-6.328694070798402
95.92	-5.674454594635022
95.93	-3.6668000214476213
95.94	-0.9979272355379477
95.95	1.7516945769608279
95.96000000000001	1.591970044412159
95.97	0.010829251206727234
95.98	-2.8679741509422163
95.99000000000001	-2.739665927061296
96.0	-5.467538169621545
96.01	-7.689939745439086
96.02	-8.813811954590753
96.03	-6.7114473086381405
96.04	-7.6206266623088625
96.05	-5.919950488782935
96.06	-6.930411411182964
96.07000000000001	-6.9608269421140045
96.08	-5.214000985993264
96.09	-5.062417947310186
96.10000000000001	-9.82042153047223
96.11	-10.219560114457536
96.12	-12.52945225740728
96.13	-14.68911994942539
96.14	-18.961609013869964
96.15	-18.293316868306338
96.16	-14.706823695578517
96.17	-18.84266853421702
96.18	-16.18260578572717
96.19	-13.144480045256467
96.2	-12.575383693854414
96.21000000000001	-14.012682655565722
96.22	-11.565501138197835
96.23	-10.892356583618266
96.24000000000001	-9.683125405280148
96.25	-10.649351588013326
96.26	-12.111471874840419
96.27	-10.642790482166555
96.28	-11.702109445729336
96.29	-11.482786012159067
96.3	-11.71111821577538
96.31	-10.42965474815817
96.32000000000001	-8.785313034178017
96.33	-11.475256985144698
96.34	-10.838975164758283
96.35000000000001	-10.083053865991277
96.36	-6.508942373593033
96.37	-5.6055534401979275
96.38	-12.785695249859014
96.39	-12.62003474382784
96.4	-31.992135062445016
96.41	-26.95047639248733
96.42	-21.481671661837318
96.43	-19.244012634329444
96.44	-19.193084796415746
96.45	-26.302409722911413
96.46000000000001	-25.157570450851207
96.47	-19.852739583365754
96.48	-15.83429371268504
96.49000000000001	-14.246181434402471
96.5	-17.133584653923318
96.51	-22.39265327469897
96.52	-20.779536139541406
96.53	-18.037852836850377
96.54	-18.460436305369363
96.55	-17.859197442693965
96.56	-17.96286476832283
96.57000000000001	-17.415459172287242
96.58	-18.014933692565414
96.59	-18.76202005838207
96.60000000000001	-17.66494030736186
96.61	-18.246751020139424
96.62	-17.01195954913594
96.63	-17.09504298728506
96.64	-15.486709811110613
96.65	-15.5760222117173
96.66	-20.42537489864839
96.67	-22.380208917306813
96.68	-29.54790507573085
96.69	-23.95216183819126
96.7	-22.35132123447706
96.71000000000001	-17.178212297945944
96.72	-15.587313528050785
96.73	-17.032954636637708
96.74000000000001	-13.05782685014769
96.75	-19.386718382056547
96.76	-24.01422780122102
96.77	-19.46023146800171
96.78	-17.0333291988661
96.79	-13.381373842798167
96.8	-11.548708059554158
96.81	-17.94969157265455
96.82000000000001	-25.728328313151646
96.83	-23.69717631165207
96.84	-19.934252326616654
96.85000000000001	-16.09200506937981
96.86	-12.408816463190249
96.87	-17.540106132251083
96.88	-20.71362806398899
96.89	-16.05860180284509
96.9	-16.57586182141923
96.91	-17.723597998531602
96.92	-14.248790833770476
96.93	-23.542541035581163
96.94	-19.48765018468244
96.95	-17.334638115001933
96.96000000000001	-14.17561642897756
96.97	-12.747238346027324
96.98	-11.018990832936323
96.99000000000001	-9.989868644794965
97.0	-16.0382428815296
97.01	-25.080488489515705
97.02	-24.847040025141006
97.03	-27.47627198547262
97.04	-28.203363589910637
97.05	-23.500898479522142
97.06	-19.76950773643418
97.07000000000001	-20.236905928130064
97.08	-17.81759371573774
97.09	-22.784477851111124
97.10000000000001	-21.32851645541474
97.11	-22.93155453642192
97.12	-21.424386868688188
97.13	-18.785765658470723
97.14	-19.346888416810906
97.15	-20.089674084180217
97.16	-16.040977009796183
97.17	-13.351507505372885
97.18	-13.380218444312293
97.19	-17.970629908806334
97.2	-23.997731245936322
97.21000000000001	-22.49687690404146
97.22	-17.513724943514056
97.23	-16.17514716385627
97.24000000000001	-13.170438839480003
97.25	-11.074671061273591
97.26	-10.627680863856966
97.27	-14.228305043839413
97.28	-16.180842420489668
97.29	-19.460497296526558
97.3	-15.481909158493627
97.31	-12.205393001191576
97.32000000000001	-8.638673914721942
97.33	-6.415088213458697
97.34	-8.92010296742385
97.35000000000001	-7.583877743302829
97.36	-10.333339726403864
97.37	-15.358371009580816
97.38	-19.099637508596
97.39	-30.233579741980893
97.4	-25.137673370665034
97.41	-23.180721091881825
97.42	-19.071169029427523
97.43	-18.938627418943618
97.44	-14.594204253601463
97.45	-15.152273652844478
97.46000000000001	-11.690463027656431
97.47	-12.186545774917242
97.48	-20.458971651466968
97.49000000000001	-22.834284655696226
97.5	-17.997020108761248
97.51	-17.208404110783945
97.52	-21.96800433596484
97.53	-27.653236864127642
97.54	-26.592086098627025
97.55	-22.42094070078733
97.56	-20.08966569751723
97.57000000000001	-23.510158929176885
97.58	-25.559587182153678
97.59	-22.202157389024823
97.60000000000001	-26.361513503241866
97.61	-24.937101816754492
97.62	-23.263769500766585
97.63	-19.00182941461776
97.64	-23.28031150077346
97.65	-22.81393176785985
97.66	-24.72381880156587
97.67	-21.134828131139205
97.68	-16.80911189328076
97.69	-17.99846232372257
97.7	-16.622027102588113
97.71000000000001	-13.4774104482935
97.72	-14.195778566415392
97.73	-11.249349817260528
97.74000000000001	-11.901664004227698
97.75	-17.76284774797022
97.76	-17.435287450875176
97.77	-14.290705480253793
97.78	-18.071412475289335
97.79	-21.200608692974857
97.8	-22.64271448766792
97.81	-22.187619819272292
97.82000000000001	-18.751835770931912
97.83	-24.358198787637928
97.84	-34.53366592229843
97.85000000000001	-35.89620418397071
97.86	-30.27734626493943
97.87	-29.1643701128
97.88	-30.542726600211246
97.89	-26.945823324115665
97.9	-23.424746961086054
97.91	-21.8068804204245
97.92	-20.684736876881193
97.93	-20.043981568102012
97.94	-16.77543324517824
97.95	-22.84242602933986
97.96000000000001	-22.44984284342156
97.97	-18.454158494708917
97.98	-19.46468418852989
97.99000000000001	-19.941047022877026
98.0	-17.006415054977065
98.01	-15.76416940082423
98.02	-13.45630383355796
98.03	-28.749809608413926
98.04	-27.678761639021296
98.05	-22.321552940253657
98.06	-17.40554738160228
98.07000000000001	-16.185240048630863
98.08	-16.2452071464368
98.09	-16.54362195518463
98.10000000000001	-23.500025825404474
98.11	-24.395309718518185
98.12	-37.196651229934105
98.13	-33.5658471470114
98.14	-29.234174358094226
98.15	-37.47533910669552
98.16	-29.84078456780005
98.17	-23.299195779888898
98.18	-17.87904959870458
98.19	-17.062405848481852
98.2	-14.886616485543492
98.21000000000001	-13.498231240510908
98.22	-14.27786040542863
98.23	-12.852349880511456
98.24000000000001	-10.404081973454497
98.25	-10.761813568400393
98.26	-9.79091303278862
98.27	-8.145746984130819
98.28	-13.25851483499222
98.29	-27.107421127604287
98.3	-24.24853914181505
98.31	-28.06196034375505
98.32000000000001	-30.311358409491472
98.33	-27.043709352158057
98.34	-23.18671697785951
98.35000000000001	-28.736160614006696
98.36	-33.22463171066845
98.37	-27.70273954903916
98.38	-21.272999272150372
98.39	-16.626432648670445
98.4	-13.319783108621685
98.41	-16.37928949851463
98.42	-13.171436920047995
98.43	-18.380044485520802
98.44	-19.611988411628577
98.45	-16.953764856888643
98.46000000000001	-16.646052318597405
98.47	-18.059070600276183
98.48	-15.597914180812353
98.49000000000001	-12.376952486980738
98.5	-10.357773502695425
98.51	-12.194985488045807
98.52	-12.260961380895523
98.53	-13.245144064313278
98.54	-15.322541820401309
98.55	-13.627511570160728
98.56	-18.677500461405906
98.57000000000001	-14.5080756481069
98.58	-12.93993969551981
98.59	-11.074708419799821
98.60000000000001	-8.909822896737767
98.61	-10.937408888226503
98.62	-15.14720521084951
98.63	-11.675303347524
98.64	-11.449409015187207
98.65	-10.670634818192358
98.66	-13.540853269910896
98.67	-11.019180308486748
98.68	-10.876126592725837
98.69	-10.781250862625926
98.7	-14.16380900254655
98.71000000000001	-14.979158425908961
98.72	-16.83463461645986
98.73	-17.429588698285848
98.74000000000001	-18.65367324517077
98.75	-16.349388382023285
98.76	-12.47958902530073
98.77	-10.310906599016707
98.78	-11.314643395015624
98.79	-14.544419144249765
98.8	-19.455655603343303
98.81	-20.234721143025507
98.82000000000001	-17.9135742879274
98.83	-20.955662422805492
98.84	-19.44586267953633
98.85000000000001	-19.419546485777783
98.86	-17.66642400939987
98.87	-14.756058555685605
98.88	-12.618824950907886
98.89	-14.586505800086403
98.9	-13.712022849580096
98.91	-11.624714981088674
98.92	-14.853832052393345
98.93	-19.47680731181706
98.94	-16.92907160562745
98.95	-15.215424748239673
98.96000000000001	-25.608197515580283
98.97	-28.87765344296361
98.98	-24.37510632523608
98.99000000000001	-22.284602104138543
99.0	-25.910893911014192
99.01	-20.67720463085888
99.02	-18.90959517349994
99.03	-14.972863195221574
99.04	-30.178794860451962
99.05	-30.175597284768706
99.06	-26.15126386535382
99.07000000000001	-30.67181243287095
99.08	-24.517816082758394
99.09	-24.383639658095106
99.10000000000001	-19.45599220956896
99.11	-18.34561190244019
99.12	-17.37982227103643
99.13	-13.60747087707031
99.14	-11.62764004758709
99.15	-12.915130528751492
99.16	-17.055482956687083
99.17	-15.421594984477025
99.18	-17.082597357815462
99.19	-21.7254324119743
99.2	-21.255851905292268
99.21000000000001	-17.26578862420671
99.22	-23.35506216980758
99.23	-23.056213648560227
99.24000000000001	-27.988558835441548
99.25	-25.84671656819606
99.26	-27.038468463598463
99.27	-22.813575802763424
99.28	-17.60894514608725
99.29	-14.424919331955346
99.3	-11.647811499172914
99.31	-10.98129556300877
99.32000000000001	-9.492351503917218
99.33	-9.89395867010299
99.34	-14.715826444561245
99.35000000000001	-16.125724479467774
99.36	-12.665676197819693
99.37	-11.762837270086637
99.38	-9.98585695155879
99.39	-9.196141719343691
99.4	-9.227245431795902
99.41	-15.692684763261699
99.42	-13.724657227938474
99.43	-13.11344708447915
99.44	-9.980885620335341
99.45	-8.854933390624796
99.46000000000001	-8.828998958898715
99.47	-10.740541543500289
99.48	-9.954838519225603
99.49000000000001	-14.866569662636136
99.5	-16.3413715257284
99.51	-24.600791035591268
99.52	-21.1132975676644
99.53	-19.604110428388942
99.54	-16.902207364630108
99.55	-12.889766417298555
99.56	-14.3419273843627
99.57000000000001	-13.088469575385512
99.58	-12.911064180444848
99.59	-13.606384483342268
99.60000000000001	-11.488023754061873
99.61	-8.480322862882364
99.62	-6.163611087731817
99.63	-11.014650622345945
99.64	-8.528346603351913
99.65	-8.577510861266697
99.66	-7.716965950347153
99.67	-7.644511346233108
99.68	-8.850932024298379
99.69	-7.851379661966379
99.7	-19.15394032193831
99.71000000000001	-19.214311016926082
99.72	-20.685757051852157
99.73	-18.375959508889682
99.74000000000001	-24.547514131651404
99.75	-21.21533382213351
99.76	-24.018989132291193
99.77	-25.31100826244775
99.78	-23.779832396767155
99.79	-21.644532989763945
99.8	-25.666681035926974
99.81	-22.02964025615025
99.82000000000001	-26.12956318423637
99.83	-20.470155618868127
99.84	-17.9157156159453
99.85000000000001	-13.990956506281194
99.86	-14.364663493165063
99.87	-15.287385381542892
99.88	-15.793128380472064
99.89	-14.53014798476985
99.9	-11.321775757639104
99.91	-9.262146483793233
99.92	-9.456796234748177
99.93	-7.402775317773294
99.94	-6.066096300983427
99.95	-5.628663465866352
99.96000000000001	-8.455449790918358
99.97	-14.040884600975346
99.98	-11.406504088364727
99.99000000000001	-9.72564227365877
100.0	-7.594056917355534
100.01	-9.307910524083658
100.02	-8.52518692767593
100.03	-10.914121013761074
100.04	-8.600994596668633
100.05	-6.295849214132284
100.06	-0.27681776456825063
100.07000000000001	-4.036819631674848
100.08	-0.11413920314072694
100.09	3.2629892407160095
100.10000000000001	0.3603401858180271
100.11	-1.7213957541994205
100.12	-3.4394574550474792
100.13	-6.66344552088033
100.14	-11.42536986640154
100.15	-10.580850159277762
100.16	-8.10611341930798
100.17	-6.091857176153029
100.18	-6.510437952921345
100.19	-4.793500393251166
100.2	-7.1295147294070444
100.21000000000001	-9.15877195067562
100.22	-11.769163365317711
100.23	-11.996547622830494
100.24000000000001	-12.52847957446564
100.25	-14.105549390882947
100.26	-15.095366385453367
100.27	-12.594550740262106
100.28	-12.255678811317049
100.29	-14.543852443323429
100.3	-12.345221763060453
100.31	-9.608213453584568
100.32000000000001	-7.302246908683865
100.33	-9.342465001546156
100.34	-7.5518798853705364
100.35000000000001	-4.213444478649489
100.36	-10.95963639001579
100.37	-12.916189085612473
100.38	-16.13537873542195
100.39	-17.48463250165736
100.4	-17.609478102814922
100.41	-15.146208359420964
100.42	-17.329562971636587
100.43	-13.937279966868134
100.44	-11.469491914276082
100.45	-13.865457718452332
100.46000000000001	-16.27848762557603
100.47	-12.785330174933987
100.48	-13.108130492217986
100.49000000000001	-14.942240587974648
100.5	-13.864256343043634
100.51	-16.426184419942494
100.52	-15.587023109380821
100.53	-12.328851379254578
100.54	-13.069522484184212
100.55	-15.452185882074158
100.56	-25.522390751828866
100.57000000000001	-30.05625722641735
100.58	-28.080706708326478
100.59	-22.68309226273158
100.60000000000001	-18.33348095769237
100.61	-16.568005879337687
100.62	-16.534826073431436
100.63	-14.031832161281216
100.64	-11.618805755628053
100.65	-12.351607879930542
100.66	-14.439505197883669
100.67	-19.399510276006374
100.68	-18.101001353830377
100.69	-16.766800987784855
100.7	-13.517946569351075
100.71000000000001	-11.088987049961503
100.72	-9.367384961056299
100.73	-12.214090798000504
100.74000000000001	-16.522191424845914
100.75	-12.95913835802954
100.76	-13.288597821997872
100.77	-19.26542218004754
100.78	-15.082004372873843
100.79	-14.575184534738286
100.8	-12.607966120593478
100.81	-11.19551057831776
100.82000000000001	-10.985486995076776
100.83	-13.81438332401251
100.84	-12.717293313448723
100.85000000000001	-11.532166608355947
100.86	-15.243178020853671
100.87	-21.128712901015533
100.88	-21.724123302185575
100.89	-17.634753941144808
100.9	-16.342482896396692
100.91	-14.568136012131538
100.92	-18.25947598696013
100.93	-18.194608294825812
100.94	-15.582725094178361
100.95	-13.03796415505045
100.96000000000001	-11.759816810559805
100.97	-12.45387122511601
100.98	-12.284307254055333
100.99000000000001	-12.276532567453154
101.0	-10.2316577350805
101.01	-13.534882406447158
101.02	-14.37800176511368
101.03	-20.541982291793083
101.04	-22.102111890367873
101.05	-22.08842198944988
101.06	-16.67536920375106
101.07000000000001	-25.934483166508926
101.08	-21.851385654097577
101.09	-19.745228503261288
101.10000000000001	-28.884639676843037
101.11	-26.081154809347673
101.12	-22.20340774341234
101.13	-25.641420371596265
101.14	-20.515215248045667
101.15	-16.405264225582393
101.16	-16.221748121717653
101.17	-15.336117099344582
101.18	-16.22742291207508
101.19	-12.036838890130056
101.2	-12.981015950515742
101.21000000000001	-17.40827907971164
101.22	-13.48707497023154
101.23	-9.67396581225194
101.24000000000001	-5.910792379284194
101.25	-4.934754514067541
101.26	-5.131272198180964
101.27	-5.604068309669397
101.28	-8.665741779430103
101.29	-9.145944924727646
101.3	-9.752346663314698
101.31	-10.94551709426451
101.32000000000001	-10.264642918620451
101.33	-9.440232631096816
101.34	-10.719410631822573
101.35000000000001	-10.375895981034848
101.36	-7.780384309165336
101.37	-6.719019454279084
101.38	-7.7469467067167725
101.39	-5.235668005586427
101.4	-8.729379043279168
101.41	-12.071119577483433
101.42	-12.940014503228422
101.43	-16.38295340791326
101.44	-19.888776640746926
101.45	-15.287174812196586
101.46000000000001	-12.365727100432236
101.47	-11.01238250853524
101.48	-13.279043471008842
101.49000000000001	-13.378040870829478
101.5	-12.115452592777691
101.51	-12.526968778814023
101.52	-11.260657461799228
101.53	-13.186094596234316
101.54	-15.119820272608756
101.55	-13.209031763761839
101.56	-12.923018096496833
101.57000000000001	-14.493772784835835
101.58	-14.444066560967379
101.59	-12.06605483334718
101.60000000000001	-12.885552377639254
101.61	-13.176095519192735
101.62	-13.731429603095503
101.63	-13.170842547076182
101.64	-12.82454833311676
101.65	-11.213587572135383
101.66	-15.131032731589379
101.67	-15.95541781418304
101.68	-15.90872476125108
101.69	-18.321965245871333
101.7	-24.828141779409346
101.71000000000001	-19.41830007824146
101.72	-16.722208052587103
101.73	-18.00868650723686
101.74000000000001	-20.119934187411864
101.75	-23.041906294542116
101.76	-18.659491810860075
101.77	-14.277077327184266
101.78	-11.83228138738446
101.79	-10.433260450276439
101.8	-8.68412922325149
101.81	-10.73764907341359
101.82000000000001	-12.68481032461915
101.83	-14.56990129362803
101.84	-16.131777277951286
101.85000000000001	-18.61895435080653
101.86	-18.726115680740453
101.87	-20.52683087465319
101.88	-19.667213960540693
101.89	-17.004785132300512
101.9	-20.84522017835094
101.91	-16.91117256909996
101.92	-19.31751189864964
101.93	-15.759648167001439
101.94	-13.42519245649338
101.95	-22.845615564040358
101.96000000000001	-24.89215646436316
101.97	-26.341611827312025
101.98	-26.667314790578786
101.99000000000001	-22.792709583415572
102.0	-19.95883049758995
102.01	-21.79687522810529
102.02	-28.68301188977864
102.03	-24.36719365834342
102.04	-27.294691661361064
102.05	-24.83260707565512
102.06	-27.214425721771832
102.07000000000001	-28.786628398155457
102.08	-27.009002125843146
102.09	-22.465784307666574
102.10000000000001	-27.806507688267907
102.11	-24.59629906568233
102.12	-22.071416609879257
102.13	-21.994909298061682
102.14	-17.65692203547713
102.15	-18.780336882906543
102.16	-25.00380150365498
102.17	-25.175998739726815
102.18	-24.10557680739083
102.19	-18.82080061689078
102.2	-23.34757281446578
102.21000000000001	-21.840794748470785
102.22	-18.431826974115307
102.23	-18.87632316308061
102.24000000000001	-18.738983145730217
102.25	-17.880793487268893
102.26	-23.79701164888624
102.27	-23.926667017180257
102.28	-22.96010138745669
102.29	-20.432897420855102
102.3	-27.57629656641527
102.31	-22.513741362222014
102.32000000000001	-20.121502444772077
102.33	-19.471688822211945
102.34	-17.11985950768188
102.35000000000001	-17.548652714549803
102.36	-18.684270109290388
102.37	-22.2484745977347
102.38	-20.735081747470854
102.39	-23.33681212544575
102.4	-21.84662735657451
102.41	-29.051348481123103
102.42	-33.45796525883019
102.43	-33.57307743763077
102.44	-26.1605588046419
102.45	-21.715267591608548
102.46000000000001	-21.182012440840847
102.47	-18.81811426874071
102.48	-17.47271127332662
102.49000000000001	-14.837878522481542
102.5	-18.21038236141783
102.51	-16.49719262225967
102.52	-22.85892217724533
102.53	-21.955863835077263
102.54	-26.628216758570623
102.55	-22.898846925734716
102.56	-24.778339262095624
102.57000000000001	-24.48604401976162
102.58	-19.837084547422684
102.59	-22.901376726119576
102.60000000000001	-18.834769760590696
102.61	-17.074461521804395
102.62	-18.38278019707482
102.63	-15.54853655568544
102.64	-21.45363338903117
102.65	-21.287539273172456
102.66	-24.134895598870774
102.67	-21.872249481888602
102.68	-17.779368356309064
102.69	-13.124021472132728
102.7	-11.64819598409669
102.71000000000001	-13.881644921563579
102.72	-13.89798367440593
102.73	-17.340222658051825
102.74000000000001	-19.32073553086605
102.75	-15.171383363583796
102.76	-20.17110383061526
102.77	-17.14571168854623
102.78	-15.676077803624569
102.79	-23.287486477468338
102.8	-18.101477184244736
102.81	-14.38097748994565
102.82000000000001	-11.68691986483076
102.83	-15.48173320982274
102.84	-20.03313804476861
102.85000000000001	-21.050435715724483
102.86	-24.637528824455458
102.87	-21.997665112448004
102.88	-20.57127174364599
102.89	-29.515471188131603
102.9	-30.17935192649516
102.91	-30.653633656709854
102.92	-34.021403602829984
102.93	-33.631188137652536
102.94	-36.4462271410065
102.95	-31.551020744519114
102.96000000000001	-27.754874481591045
102.97	-24.82367627267787
102.98	-31.281752714484675
102.99000000000001	-32.346367157416815
103.0	-26.84087340511334
103.01	-22.259685024905682
103.02	-23.025838836589887
103.03	-22.37057861339509
103.04	-24.80420493184104
103.05	-21.243950766351112
103.06	-16.953922308868886
103.07000000000001	-18.599195651559775
103.08	-19.147804645582532
103.09	-16.178051577705308
103.10000000000001	-14.216266982222887
103.11	-15.343447238309459
103.12	-20.4531939868351
103.13	-19.28179413901944
103.14	-22.26857433105988
103.15	-21.311229214556562
103.16	-19.773575742768593
103.17	-18.32885783893334
103.18	-18.170571232052644
103.19	-24.044894058439976
103.2	-20.237613571610723
103.21000000000001	-24.645880759775352
103.22	-25.646718152700355
103.23	-22.227589602110065
103.24000000000001	-17.37226923672066
103.25	-13.501331343480562
103.26	-10.117034232837199
103.27	-8.118761162829312
103.28	-7.589711576530681
103.29	-11.589843105811715
103.3	-11.34213279576999
103.31	-10.58362695882801
103.32000000000001	-14.291434231781158
103.33	-24.58660006101236
103.34	-21.990854096732832
103.35000000000001	-22.66876496420864
103.36	-25.68976076979877
103.37	-22.64337687368284
103.38	-30.83692948465541
103.39	-24.129732058410198
103.4	-26.463374424127117
103.41	-22.96139776645485
103.42	-27.106600906340233
103.43	-21.789014356314645
103.44	-17.51541544232532
103.45	-14.12724308273914
103.46000000000001	-12.255777868226021
103.47	-11.000871810160978
103.48	-11.670930653178315
103.49000000000001	-12.744289140272588
103.5	-10.73730589304195
103.51	-8.934727665692858
103.52	-9.58419667760156
103.53	-13.928581639073839
103.54	-13.60869013919574
103.55	-16.22669780484333
103.56	-12.51033215410683
103.57000000000001	-10.673780533275247
103.58	-10.270205743370845
103.59	-13.10078684883498
103.60000000000001	-13.428498418774819
103.61	-12.450670550744524
103.62	-14.234337130935549
103.63	-16.880223625952194
103.64	-13.027099574024266
103.65	-13.290206949470075
103.66	-11.245342091627915
103.67	-9.142504219208812
103.68	-11.69215481368603
103.69	-10.962373556017026
103.7	-11.774166093880726
103.71000000000001	-12.600880664506738
103.72	-10.53915346301354
103.73	-9.72977497464289
103.74000000000001	-8.193761726566294
103.75	-8.675403220421384
103.76	-10.948493613066137
103.77	-10.601656077343822
103.78	-11.728509103831865
103.79	-16.337410035167387
103.8	-15.335258151701632
103.81	-14.004562678721765
103.82000000000001	-14.794050783228736
103.83	-15.352086630698865
103.84	-12.310538290825253
103.85000000000001	-10.214635954864372
103.86	-9.81842228905865
103.87	-18.454756660458507
103.88	-18.486117949672334
103.89	-16.580938009696492
103.9	-18.25540631522171
103.91	-22.5687214704609
103.92	-22.278721663833682
103.93	-25.914698352946804
103.94	-21.8777892779957
103.95	-18.768631000397576
103.96000000000001	-20.848104272955513
103.97	-20.946616611640177
103.98	-28.378640587870105
103.99000000000001	-28.975591115396313
104.0	-25.266688586788508
104.01	-19.95540803309502
104.02	-19.82625398009735
104.03	-20.66876274959046
104.04	-19.491306863147933
104.05	-19.95603249209084
104.06	-16.032310460659176
104.07000000000001	-14.53758576787647
104.08	-16.14224089134762
104.09	-12.661355866482506
104.10000000000001	-9.63725458825431
104.11	-7.151844518577203
104.12	-3.3070018220317974
104.13	1.489338285116758
104.14	-0.7171309836175591
104.15	-2.8038244321177186
104.16	-5.415890129875042
104.17	-6.962363945117246
104.18	-8.456675899762105
104.19	-11.363548390071843
104.2	-13.4684263913005
104.21000000000001	-10.615705671600018
104.22	-7.441543533641332
104.23	-8.46236582290048
104.24000000000001	-7.672211785829808
104.25	-5.669166174706251
104.26	-6.509947902115241
104.27	-3.841034841372274
104.28	-6.407145917632114
104.29	-17.16739443460438
104.3	-21.580626159424412
104.31	-16.560574699773444
104.32000000000001	-12.966871909364668
104.33	-11.914783074437096
104.34	-13.587817063120028
104.35000000000001	-14.123617627169134
104.36	-16.04547521544187
104.37	-13.051806063420537
104.38	-18.094969560876837
104.39	-16.1058517544428
104.4	-12.853340479182423
104.41	-11.878703560198872
104.42	-9.873414048248295
104.43	-9.946338122610424
104.44	-10.075681975897933
104.45	-12.91840597833924
104.46000000000001	-15.75582921372801
104.47	-12.538784963247652
104.48	-11.796802247122871
104.49000000000001	-13.144735089081658
104.5	-11.774362011064746
104.51	-13.867646185808944
104.52	-23.271539211447653
104.53	-19.821840519834097
104.54	-16.003924848388113
104.55	-15.242951988097653
104.56	-14.020407009715655
104.57000000000001	-13.581074430709029
104.58	-14.304402136260173
104.59	-15.273971479343087
104.60000000000001	-16.22125897323786
104.61	-16.926175541481665
104.62	-14.238624100496619
104.63	-14.174049241828577
104.64	-11.53160892188284
104.65	-14.673983992124079
104.66	-13.442324709882193
104.67	-15.40647948948001
104.68	-11.518323077701671
104.69	-8.743052296439371
104.7	-8.359600657253374
104.71000000000001	-7.391620229022657
104.72	-12.923949384130697
104.73	-12.780282530157033
104.74000000000001	-16.661399380111177
104.75	-19.991468408397992
104.76	-19.101668456210483
104.77	-17.514909326087604
104.78	-21.14071638614764
104.79	-17.814573911294
104.8	-15.582528816222194
104.81	-17.74573849627212
104.82000000000001	-19.155493166783476
104.83	-20.484612649230215
104.84	-24.74502584024651
104.85000000000001	-28.24784434040729
104.86	-23.11580876942703
104.87	-19.66369360057624
104.88	-24.096323195596813
104.89	-20.37781787910864
104.9	-17.185925323576974
104.91	-17.097327054768023
104.92	-16.40593003082905
104.93	-15.318953258513325
104.94	-25.425849965441525
104.95	-23.580161796577762
104.96000000000001	-18.448451147073314
104.97	-17.79779721235128
104.98	-22.10346042163329
104.99000000000001	-18.73930640141703
105.0	-13.876214270701645
105.01	-13.49642721085962
105.02	-17.75057870126899
105.03	-16.297682616385842
105.04	-12.17633897068237
105.05	-15.515612324596422
105.06	-13.376372858199925
105.07000000000001	-12.791757441981897
105.08	-9.81703614497212
105.09	-7.907192356169042
105.10000000000001	-4.594188808631205
105.11	-2.5003249010933026
105.12	-6.946364361887126
105.13	-7.968072788933928
105.14	-7.546704411426793
105.15	-21.009057645685846
105.16	-20.76545892753182
105.17	-22.41379533972859
105.18	-19.38652923585735
105.19	-19.666390308311197
105.2	-23.320689502590813
105.21000000000001	-18.637390892219457
105.22	-15.99526850599442
105.23	-13.929434027091784
105.24000000000001	-14.430331280344838
105.25	-11.076353070438152
105.26	-10.270501876653217
105.27	-16.10882664149667
105.28	-14.467011631121775
105.29	-12.47037267798315
105.3	-18.191436883522382
105.31	-16.821751672391866
105.32000000000001	-17.527968493776456
105.33	-20.65644463604191
105.34	-29.121344313687107
105.35000000000001	-24.443588097940935
105.36	-29.11176308245015
105.37	-27.976062790542944
105.38	-25.326684082767034
105.39	-23.09754474059603
105.4	-23.78471592168244
105.41	-23.288181783825927
105.42	-26.221300228842445
105.43	-23.737426487035115
105.44	-25.600793730478486
105.45	-19.904574814983917
105.46000000000001	-18.334296042963846
105.47	-19.19106389900552
105.48	-18.678113366444986
105.49000000000001	-16.80093757807461
105.5	-20.049117008809002
105.51	-22.17129386296536
105.52	-21.99476543638138
105.53	-21.953824635728306
105.54	-18.21352633293079
105.55	-15.386788861326307
105.56	-14.296198314619184
105.57000000000001	-12.053145169658853
105.58	-8.767271666104094
105.59	-9.78147154770281
105.60000000000001	-8.47436697715191
105.61	-8.812714664369313
105.62	-7.556484963414444
105.63	-10.903989480878673
105.64	-12.606592336711028
105.65	-19.469572769837885
105.66	-15.78459019155702
105.67	-23.260358900834408
105.68	-19.0457821264307
105.69	-15.189358986960956
105.7	-18.09692354246456
105.71000000000001	-14.913285435931323
105.72	-11.702116033423511
105.73	-12.335447313564696
105.74000000000001	-13.613223945350457
105.75	-17.160817067300847
105.76	-17.140636164060517
105.77	-23.61128284236333
105.78	-20.054573362820793
105.79	-25.977434416137513
105.8	-24.46743006839882
105.81	-20.574203460437346
105.82000000000001	-18.100955307887045
105.83	-15.485219590000895
105.84	-12.077796518355646
105.85000000000001	-14.5962495152292
105.86	-21.000951748648802
105.87	-21.882714191079824
105.88	-17.475361433159495
105.89	-15.94223093345702
105.9	-17.30015752838398
105.91	-18.433153194189146
105.92	-16.726440162688277
105.93	-17.24840681255756
105.94	-19.463800290249466
105.95	-15.289022097061071
105.96000000000001	-12.083013383015707
105.97	-10.584055553504387
105.98	-8.223716741848898
105.99000000000001	-17.715176409537424
106.0	-16.645161271918695
106.01	-12.701598256516595
106.02	-9.728795537951074
106.03	-11.916451334723199
106.04	-14.907314267815815
106.05	-15.997888520181258
106.06	-15.075183504623924
106.07000000000001	-13.495391028057346
106.08	-11.98497044940224
106.09	-13.578401909602569
106.10000000000001	-14.3562868209666
106.11	-14.776099990897766
106.12	-18.67114378673633
106.13	-27.75039519819992
106.14	-23.792979351454765
106.15	-23.98828498465055
106.16	-26.54353259798382
106.17	-21.11841113749218
106.18	-20.288892815927824
106.19	-17.804723814740807
106.2	-18.041395591278803
106.21000000000001	-13.657980138085437
106.22	-11.035905553469192
106.23	-11.747831334132234
106.24000000000001	-9.918446830417553
106.25	-10.975263870738225
106.26	-13.426724732262482
106.27	-15.210950012698092
106.28	-12.513670253503895
106.29	-12.441916788004708
106.3	-18.31991816221078
106.31	-18.6994715012305
106.32000000000001	-21.296579259429034
106.33	-24.479669361387153
106.34	-24.681215093089772
106.35000000000001	-23.325346107519994
106.36	-28.50515609027228
106.37	-28.258608651362678
106.38	-22.599942501132762
106.39	-19.544483444253203
106.4	-20.164162254280185
106.41	-16.632967295394753
106.42	-17.028274170715367
106.43	-20.96761925885967
106.44	-20.917816933394633
106.45	-27.05724329146439
106.46000000000001	-24.549157065765034
106.47	-24.164750946292923
106.48	-19.1271852508809
106.49000000000001	-19.566014420393177
106.5	-27.966197852584386
106.51	-23.797633440816305
106.52	-19.979048817986826
106.53	-19.780591654675522
106.54	-18.704906228915185
106.55	-18.966982609408007
106.56	-16.206024314548905
106.57000000000001	-13.255865799410778
106.58	-12.244941856649856
106.59	-11.860841023437176
106.60000000000001	-16.64611434553666
106.61	-16.019722837147484
106.62	-12.958025905685988
106.63	-11.857933055496373
106.64	-9.649150600023857
106.65	-7.786406199102823
106.66	-9.765889767320388
106.67	-14.708395842186128
106.68	-14.28999266345072
106.69	-14.838483916805327
106.7	-16.065806349090508
106.71000000000001	-20.25902089344432
106.72	-20.527852243406024
106.73	-23.39715318856056
106.74000000000001	-20.186958084965603
106.75	-15.940978123599779
106.76	-12.71706462633415
106.77	-12.892631782761104
106.78	-12.62096716205892
106.79	-18.15108950343341
106.8	-15.676781326770286
106.81	-22.288766674442943
106.82000000000001	-23.24419513035745
106.83	-18.65536026971919
106.84	-19.264034359920522
106.85000000000001	-19.093768495903586
106.86	-26.131021773237915
106.87	-24.693410119779955
106.88	-31.146496627857047
106.89	-29.737133463992137
106.9	-23.301724681309388
106.91	-21.396357271073665
106.92	-21.715830045249717
106.93	-21.65217435195865
106.94	-18.421929856780107
106.95	-20.97181210579419
106.96000000000001	-18.51608934026469
106.97	-19.49740961441406
106.98	-21.881083208324966
106.99000000000001	-26.31498614092482
107.0	-23.619876144889908
107.01	-24.805971378531243
107.02	-23.4358575050367
107.03	-27.0459340139983
107.04	-23.09183338288494
107.05	-20.571085521264834
107.06	-17.548694435601767
107.07000000000001	-16.857050666114045
107.08	-13.560655873125748
107.09	-14.124312660914308
107.10000000000001	-11.15939073184542
107.11	-8.533937150435237
107.12	-8.217755297344246
107.13	-8.828975499969037
107.14	-10.874469869354789
107.15	-8.566344608830299
107.16	-11.29760599958564
107.17	-9.882087500974782
107.18	-16.860181300094247
107.19	-17.118753596910516
107.2	-17.36601998762651
107.21000000000001	-21.630723730046977
107.22	-24.006665426780202
107.23	-18.65215626829257
107.24000000000001	-15.652144951238073
107.25	-19.08830699894845
107.26	-19.247041321845675
107.27	-16.083561001131514
107.28	-13.276930485801914
107.29	-11.842330692827458
107.3	-12.727167097124262
107.31	-16.018857243531375
107.32000000000001	-12.734832862775692
107.33	-9.561518068404407
107.34	-7.184181255872558
107.35000000000001	-7.976144037319506
107.36	-7.484520405786448
107.37	-6.93673845486434
107.38	-10.170406316459374
107.39	-10.488194126406333
107.4	-14.515556243539141
107.41	-12.707461497295018
107.42	-11.28125024381246
107.43	-9.907485453518783
107.44	-12.720119527300543
107.45	-10.030280377109836
107.46000000000001	-10.869768595083984
107.47	-11.653839933543786
107.48	-12.814477822159535
107.49000000000001	-18.5644352603614
107.5	-17.200096471315206
107.51	-16.54666732499662
107.52	-17.119709796087193
107.53	-13.761609717378443
107.54	-13.335792050474465
107.55	-12.042771391422612
107.56	-9.25122771899004
107.57000000000001	-6.697066468732676
107.58	-4.285496118100308
107.59	-6.2199885897664124
107.60000000000001	-8.985337682390453
107.61	-9.0356872863759
107.62	-9.55554901273085
107.63	-13.129607683138383
107.64	-19.776920442299545
107.65	-21.606299240115842
107.66	-19.074543616232216
107.67	-25.232949658202617
107.68	-28.16955006558685
107.69	-27.65216076476392
107.7	-25.16469634146131
107.71000000000001	-24.9159762825612
107.72	-21.582021664524625
107.73	-23.280638965812212
107.74000000000001	-19.258260651951254
107.75	-19.446144129610126
107.76	-21.8808531088186
107.77	-24.6166888365865
107.78	-24.560022371352968
107.79	-20.683356145543247
107.8	-18.482436630600866
107.81	-16.904756564049777
107.82000000000001	-22.76115226771751
107.83	-24.924183755932823
107.84	-23.251683767083865
107.85000000000001	-18.020757993525734
107.86	-17.341535764555662
107.87	-17.190739677146865
107.88	-14.248239289566982
107.89	-14.895336779565273
107.9	-12.358047350002424
107.91	-12.843377277302876
107.92	-12.319706237402437
107.93	-20.89886096826345
107.94	-17.73534296332035
107.95	-19.443244381899497
107.96000000000001	-21.88171076168082
107.97	-20.609275428459764
107.98	-17.231679166184183
107.99000000000001	-15.350235732688443
108.0	-13.831047450170859
108.01	-13.813884062404004
108.02	-14.187108000657599
108.03	-15.45755389453668
108.04	-13.159098684271761
108.05	-20.565505334766318
108.06	-17.49224992344552
108.07000000000001	-16.024287024970654
108.08	-18.269757858430815
108.09	-20.26012501464258
108.10000000000001	-16.07397557073102
108.11	-14.659680476573607
108.12	-12.742069770564763
108.13	-11.368371078486721
108.14	-10.825793885782156
108.15	-8.673594890510929
108.16	-6.669012764660978
108.17	-12.952026862666319
108.18	-15.018994476198072
108.19	-14.190505522893679
108.2	-16.02765435856199
108.21000000000001	-14.3829596646079
108.22	-21.504467026724626
108.23	-26.441775575949126
108.24000000000001	-25.07390039417596
108.25	-27.75215490718826
108.26	-26.801207853110892
108.27	-22.46477512337076
108.28	-20.965567391659988
108.29	-24.282318332681616
108.3	-19.132006095558605
108.31	-19.99854799076823
108.32000000000001	-22.92303849365053
108.33	-17.96254561101017
108.34	-14.212738814388745
108.35000000000001	-12.123768534698161
108.36	-12.392508252121461
108.37	-18.338166337555716
108.38	-17.293122716708165
108.39	-20.804310740699016
108.4	-20.45174986051225
108.41	-22.386019146466268
108.42	-25.366739238282843
108.43	-24.041686115930712
108.44	-23.094213056022248
108.45	-19.63086098362453
108.46000000000001	-19.362984838983284
108.47	-22.486502345292283
108.48	-18.2241048413002
108.49000000000001	-18.43640186288873
108.5	-15.917956256830196
108.51	-15.217696229224005
108.52	-17.20241221675754
108.53	-13.933735738372048
108.54	-11.768887838631896
108.55	-15.89499137884543
108.56	-12.678412635270158
108.57000000000001	-14.69984794350604
108.58	-16.54295268073812
108.59	-17.75189418553051
108.60000000000001	-24.738857555799356
108.61	-24.481816918294104
108.62	-23.366319203080625
108.63	-19.366666065854155
108.64	-19.359837984695478
108.65	-21.64632802571872
108.66	-18.697666748685364
108.67	-15.006306161125233
108.68	-18.953426380373827
108.69	-20.511743624610034
108.7	-18.471052972031924
108.71000000000001	-17.829332942341033
108.72	-15.274295712995107
108.73	-11.797620963334477
108.74000000000001	-12.110182631718079
108.75	-11.688130929754747
108.76	-10.650261774332979
108.77	-10.779454836382072
108.78	-8.920642801665714
108.79	-8.348834432326809
108.8	-10.318482948423538
108.81	-8.394239181412473
108.82000000000001	-14.83385568633837
108.83	-19.72534921001429
108.84	-16.70091634364747
108.85000000000001	-16.891213932898896
108.86	-16.01177655330004
108.87	-14.289989829354452
108.88	-14.549779901099853
108.89	-15.323756217759856
108.9	-19.184774841516422
108.91	-24.7762882273884
108.92	-25.63703299227594
108.93	-26.284545463769305
108.94	-31.931661719897733
108.95	-26.810903417363097
108.96000000000001	-23.316133013980618
108.97	-19.337604278005518
108.98	-24.736262175093636
108.99000000000001	-25.96476092842165
109.0	-22.13200656454228
109.01	-19.18505482004163
109.02	-16.392508497680215
109.03	-17.09615077472464
109.04	-13.364304638572621
109.05	-14.13388996146862
109.06	-13.406995053980001
109.07000000000001	-10.257254902026844
109.08	-10.132646714532223
109.09	-18.008064022231235
109.10000000000001	-21.620267762427783
109.11	-17.42328683079817
109.12	-17.245405985782778
109.13	-16.14044724476214
109.14	-13.698493781413623
109.15	-20.556990906919317
109.16	-22.661798698571
109.17	-20.962399024604185
109.18	-22.193500018125278
109.19	-17.717988170469273
109.2	-20.05747429608525
109.21000000000001	-21.92357342852958
109.22	-21.068393799874837
109.23	-26.424273296905326
109.24000000000001	-20.650353550873444
109.25	-21.22905671567154
109.26	-23.530900904255766
109.27	-36.517557053983246
109.28	-31.277138742023084
109.29	-27.995768107317772
109.3	-25.771746292785934
109.31	-23.67077070846496
109.32000000000001	-27.844407714642323
109.33	-25.526672541772555
109.34	-23.19753473113961
109.35000000000001	-25.210112506637525
109.36	-28.944907013554964
109.37	-22.523037854036158
109.38	-17.608564536874727
109.39	-13.34291105773278
109.4	-10.935792719759847
109.41	-12.332749539309162
109.42	-14.777260889187394
109.43	-16.617846747790026
109.44	-20.81587325872655
109.45	-23.508324562111337
109.46000000000001	-19.368321827837544
109.47	-17.9159611154761
109.48	-27.483227559446302
109.49000000000001	-29.598722063724754
109.5	-30.099222489954645
109.51	-31.02891070869199
109.52	-24.37957711068824
109.53	-18.8058120112409
109.54	-16.96792136599575
109.55	-18.039468409214535
109.56	-20.830158889757847
109.57000000000001	-18.481884598345037
109.58	-17.583766607948196
109.59	-20.463973509739564
109.60000000000001	-18.496542969907583
109.61	-32.523421610152575
109.62	-33.525110874763094
109.63	-27.446149019258804
109.64	-26.829242014204105
109.65	-28.2214947613362
109.66	-33.26226739674157
109.67	-27.893149637422834
109.68	-26.151006468842123
109.69	-23.068671840322647
109.7	-27.99222091650883
109.71000000000001	-23.110275347486333
109.72	-26.027290978591704
109.73	-28.670733781641246
109.74000000000001	-22.675085717399266
109.75	-17.91146816489583
109.76	-18.952048365551665
109.77	-20.336144420288377
109.78	-17.720813501219524
109.79	-14.859242625817995
109.8	-12.117000053210058
109.81	-9.386809683375002
109.82000000000001	-8.765023281154017
109.83	-7.33079534026824
109.84	-6.804339562211538
109.85000000000001	-10.180836471099482
109.86	-9.551594180020503
109.87	-9.913129716789463
109.88	-14.181347870842767
109.89	-23.31326083211494
109.9	-31.90944606731178
109.91	-25.956688947376342
109.92	-23.901185457137665
109.93	-23.32605576561873
109.94	-27.758091005526982
109.95	-21.807961352766174
109.96000000000001	-17.85288280354231
109.97	-23.280957332019938
109.98	-18.753359603522934
109.99000000000001	-19.035821702064396
110.0	-16.40872349414778
110.01	-16.0240326637262
110.02	-15.28381029944028
110.03	-13.247046890281338
110.04	-11.887933364417528
110.05	-15.365067441639315
110.06	-14.85340431929683
110.07000000000001	-14.08529581959368
110.08	-16.393766974952236
110.09	-15.185640802131571
110.10000000000001	-12.160045409132657
110.11	-9.420909283430605
110.12	-8.282060424202585
110.13	-8.714785818537745
110.14	-11.3885408370397
110.15	-11.864201640224714
110.16	-11.150605029080364
110.17	-11.302342141129454
110.18	-11.024378694328622
110.19	-16.461623931716314
110.2	-13.62210188334638
110.21000000000001	-12.77512067779642
110.22	-14.781683616874489
110.23	-11.655514193675957
110.24000000000001	-9.53637719672293
110.25	-8.634748692062372
110.26	-8.334271594232435
110.27	-4.953549650153695
110.28	-1.8274337725466772
110.29	0.9982570264517049
110.3	1.2544845491409886
110.31	4.8278966282338205
110.32000000000001	5.7843440546892975
110.33	3.7040786149135037
110.34	1.9415323745373483
110.35000000000001	8.873729865885858
110.36	11.14301648514532
110.37	9.871021012277103
110.38	11.43084676682552
110.39	15.935333359519449
110.4	12.255480613099001
110.41	12.330484689209788
110.42	11.302696889537472
110.43	16.127182013097674
110.44	23.89781526746323
110.45	22.462396886161713
110.46000000000001	19.799884652757488
110.47	19.812526697712954
110.48	19.0081322084997
110.49000000000001	14.589866390497948
110.5	13.271183734252377
110.51	17.834876052306893
110.52	19.022888940071894
110.53	15.957502433348571
110.54	12.580974709234981
110.55	14.977381632577304
110.56	11.607656448281967
110.57000000000001	9.80574295913291
110.58	9.403582996991874
110.59	7.148600248519945
110.60000000000001	9.667913086969232
110.61	12.207355067206853
110.62	12.78659358109025
110.63	13.644256387903853
110.64	13.390187532447278
110.65	11.96364208904188
110.66	15.656060914007908
110.67	17.910302922021266
110.68	14.312230519078694
110.69	11.519906977066181
110.7	10.211723691598968
110.71000000000001	10.847620729165481
110.72	9.733908075041603
110.73	15.483955768465972
110.74000000000001	13.39555854609806
110.75	12.484539139910774
110.76	11.169537431419213
110.77	17.555889472639404
110.78	17.99639346447365
110.79	21.011662857800037
110.8	24.554946768180653
110.81	20.257771090465617
110.82000000000001	17.591883313372385
110.83	20.897303002923717
110.84	17.81678954697205
110.85000000000001	20.636927770538303
110.86	16.058085279143462
110.87	18.16640694056876
110.88	16.743399592151103
110.89	23.012380993276764
110.9	31.99348093643765
110.91	31.32570752904979
110.92	24.191132730350702
110.93	18.542418256584735
110.94	22.256099324217125
110.95	17.201880652835744
110.96000000000001	16.018815869601934
110.97	23.924446126489272
110.98	25.884130701301913
110.99000000000001	20.38891338103993
111.0	15.709539044894642
111.01	13.45031718731652
111.02	11.144812010401985
111.03	9.281690809726866
111.04	6.5540720936972505
111.05	5.938847404584975
111.06	7.070256051907532
111.07000000000001	8.93314930222254
111.08	6.7323887606273445
111.09	4.802518861968411
111.10000000000001	4.957944250721752
111.11	8.578220174150642
111.12	6.698985819187171
111.13	9.662183096764101
111.14	14.987580263090466
111.15	11.508495489602195
111.16	15.593376698459164
111.17	17.59292526519416
111.18	17.06589701849347
111.19	13.001936638777966
111.2	18.35599152905796
111.21000000000001	18.465658401653165
111.22	16.01954536320758
111.23	19.219825470395563
111.24000000000001	20.107494368036992
111.25	23.258054533006526
111.26	25.075628730717543
111.27	26.97682032079193
111.28	26.560363275957318
111.29	24.853416596514045
111.3	23.0378857434182
111.31	21.789664349874688
111.32000000000001	18.205941114132152
111.33	15.00920272437703
111.34	11.661268488686966
111.35000000000001	15.082765679035152
111.36	16.93986392437036
111.37	21.06424356608476
111.38	21.171083204740995
111.39	18.056687774649383
111.4	19.836828018679753
111.41	18.045409698517894
111.42	13.922094606817408
111.43	13.761967030785256
111.44	12.974287922988962
111.45	14.57273373910725
111.46000000000001	16.63120673630404
111.47	19.61145368785535
111.48	22.774751262148243
111.49000000000001	21.63706823315301
111.5	16.698154653165396
111.51	13.43940173342511
111.52	10.714470223643948
111.53	10.095748363338776
111.54	16.34010380839482
111.55	20.42256028811078
111.56	20.324968651410497
111.57000000000001	20.82518438505287
111.58	17.819388085451987
111.59	16.407380483486047
111.60000000000001	15.308423496074752
111.61	17.7677031704266
111.62	18.95544515203748
111.63	25.853246451825097
111.64	22.126269836606344
111.65	20.217812291825773
111.66	30.35472380387933
111.67	24.827843549476167
111.68	30.897737468289282
111.69	23.93134835995462
111.7	18.9592061626995
111.71000000000001	14.903150667234305
111.72	14.880799695271712
111.73	16.549237685203103
111.74000000000001	13.222576171218488
111.75	13.900132087116035
111.76	11.776369457797209
111.77	9.784103564941386
111.78	16.456050541059344
111.79	17.869827486827724
111.8	22.432695455950917
111.81	22.396992585523932
111.82000000000001	19.78049066367866
111.83	20.708312375831923
111.84	18.479442692913945
111.85000000000001	16.593142714569748
111.86	16.30660669043107
111.87	14.990353528325667
111.88	21.09811298739364
111.89	25.348099025533994
111.9	21.652458846027105
111.91	21.88891938050763
111.92	21.55228802011379
111.93	18.389858942672838
111.94	17.82841700656346
111.95	13.956579335719843
111.96000000000001	12.563595056337732
111.97	13.668081515545683
111.98	13.887814969762195
111.99000000000001	18.117660825272715
112.0	20.424791866658637
112.01	31.55115667991512
112.02	29.396041944620283
112.03	34.26056525404288
112.04	29.633792222830024
112.05	25.893415804318902
112.06	35.504600623866494
112.07000000000001	29.53286446016787
112.08	26.505914621705884
112.09	22.588834197384074
112.10000000000001	22.63543982958993
112.11	23.165665484868967
112.12	20.880122691244427
112.13	17.180138295326696
112.14	14.924367136943449
112.15	18.60990598046193
112.16	15.61849502636202
112.17	11.347161668367365
112.18	15.693726334985111
112.19	13.872440143494122
112.2	12.778461957062174
112.21000000000001	10.016791554331794
112.22	9.845603759131523
112.23	13.360291061497414
112.24000000000001	12.705799681435293
112.25	9.90249414208045
112.26	8.42899691515432
112.27	7.214204757697682
112.28	4.640818509106581
112.29	3.916581713283617
112.3	4.723161707512745
112.31	1.1796150526050642
112.32000000000001	6.474871283755108
112.33	4.098992796420802
112.34	2.401171622914493
112.35000000000001	3.154230916815792
112.36	6.25518499724066
112.37	7.849342955017652
112.38	12.18339407887723
112.39	18.73967076311124
112.4	14.404542532932322
112.41	13.940907107864238
112.42	15.952726234267441
112.43	12.637101217703757
112.44	10.044195480895402
112.45	8.175670981221902
112.46000000000001	11.140960289116604
112.47	16.014524315020804
112.48	16.641026043377526
112.49000000000001	16.25472003637847
112.5	19.02010153206135
112.51	22.761619975328028
112.52	30.81217467869864
112.53	28.239315833393395
112.54	23.481387389780142
112.55	19.512161138273754
112.56	22.05711308477713
112.57000000000001	30.19483521507446
112.58	27.643969422279287
112.59	32.8134340515283
112.60000000000001	37.37132213236549
112.61	32.60363687396502
112.62	26.023864981054892
112.63	22.62442694358651
112.64	22.100543087865024
112.65	21.193119359725024
112.66	18.474653977407357
112.67	24.84369559266629
112.68	26.602642962904834
112.69	23.65753328007033
112.7	18.044143331004502
112.71000000000001	15.897850905998304
112.72	21.720308833445998
112.73	20.0273737860326
112.74000000000001	16.394154679328015
112.75	18.670613257937656
112.76	15.872657831433017
112.77	14.246076716592839
112.78	19.671186893628015
112.79	21.639206953721295
112.8	19.43254789426511
112.81	32.21120286147322
112.82000000000001	28.49226256342235
112.83	24.32578567816722
112.84	22.35142642474695
112.85000000000001	18.61260749500692
112.86	15.672356468280999
112.87	23.536961924892378
112.88	23.247633889372327
112.89	22.40622408666601
112.9	22.058936620755755
112.91	24.888084557118017
112.92	36.05461755842693
112.93	35.059306160796375
112.94	30.32720440282918
112.95	27.910198124359066
112.96000000000001	23.86205119862583
112.97	26.054978959493727
112.98	33.80963696321266
112.99000000000001	27.72086825093487
113.0	26.822487456071425
113.01	24.22389599309945
113.02	21.96032926143674
113.03	31.31982754752798
113.04	28.75568792123474
113.05	22.30429387279692
113.06	20.530493710659556
113.07000000000001	21.495961918658008
113.08	22.444989909568452
113.09	25.87557945099109
113.10000000000001	20.83052425545004
113.11	22.406558482103936
113.12	19.579914371705563
113.13	23.22774691576276
113.14	22.8464015960176
113.15	25.365709331015324
113.16	24.513553918593598
113.17	23.70618679063646
113.18	26.950120809464973
113.19	28.108212997996414
113.2	22.629503473993235
113.21000000000001	18.199995868702867
113.22	15.905809686884421
113.23	12.079414588873492
113.24000000000001	8.729285511168435
113.25	11.445462354477023
113.26	14.75623085573222
113.27	17.216473088845557
113.28	16.29027419844691
113.29	17.27686760370573
113.3	14.303159405673933
113.31	14.26074287263062
113.32000000000001	14.1562141246898
113.33	15.68484077357191
113.34	17.65702846461525
113.35000000000001	17.12045383503578
113.36	18.28901881218706
113.37	19.69016177237748
113.38	18.06028802929165
113.39	21.93932185765782
113.4	18.341508820533647
113.41	15.279140301408688
113.42	13.440442481948793
113.43	12.465820328284234
113.44	11.048173174638887
113.45	11.615812110845651
113.46000000000001	13.017247399633195
113.47	11.264878699267728
113.48	12.425054763847253
113.49000000000001	10.24598285127754
113.5	7.908838575415741
113.51	7.564873100275302
113.52	7.417227842998282
113.53	11.788859539077377
113.54	11.344627733332716
113.55	9.39468620643035
113.56	7.261660965705382
113.57000000000001	11.077375393359215
113.58	10.065863391485387
113.59	9.105610914651002
113.60000000000001	8.9310181967715
113.61	7.881794078566312
113.62	6.339337802824573
113.63	4.88729250721254
113.64	4.903727353602932
113.65	3.8148026540447404
113.66	-5.313299696523896
113.67	-4.812015584441914
113.68	-6.792802749877359
113.69	-11.297338327870124
113.7	-13.943873191272084
113.71000000000001	-16.63984589457738
113.72	-14.306320453509473
113.73	-14.482842823260542
113.74000000000001	-12.20859553670126
113.75	-17.42618748885526
113.76	-16.45783446359712
113.77	-13.18049301316479
113.78	-12.647405406528165
113.79	-9.778985388417613
113.8	-8.87508811623312
113.81	-14.463203955652254
113.82000000000001	-14.105226930460512
113.83	-14.642423220054011
113.84	-19.13923934465089
113.85000000000001	-24.05636193582168
113.86	-23.702539887325866
113.87	-24.260299297428585
113.88	-19.69522619234579
113.89	-15.553788881256947
113.9	-14.52462037811992
113.91	-16.2660711630675
113.92	-12.220448929329722
113.93	-10.92282341275159
113.94	-15.524812793606781
113.95	-17.970832550435777
113.96000000000001	-18.851208980733876
113.97	-19.364858915106247
113.98	-18.657760741110334
113.99000000000001	-14.64603030539933
114.0	-14.485709119877749
114.01	-14.229961685217752
114.02	-14.390547031334163
114.03	-16.815279205010114
114.04	-17.89146530325335
114.05	-13.96499702684355
114.06	-12.881325571874784
114.07000000000001	-11.532702644711776
114.08	-13.222672745041645
114.09	-10.989974530384156
114.10000000000001	-10.016778074194821
114.11	-14.277023394955917
114.12	-14.824676750550912
114.13	-11.4617018340895
114.14	-9.511589650129936
114.15	-11.598990665548282
114.16	-16.185839225302704
114.17	-15.525308162340895
114.18	-17.780573341549104
114.19	-17.962337759580294
114.2	-18.31443173807666
114.21000000000001	-13.402214414107203
114.22	-19.661067925742394
114.23	-20.135630570117875
114.24000000000001	-20.02017447226961
114.25	-20.448043119407114
114.26	-16.41873887484105
114.27	-20.49282321050862
114.28	-23.94611753863204
114.29	-21.011307724505336
114.3	-17.37944174046491
114.31	-17.334532602409297
114.32000000000001	-22.107264074942243
114.33	-20.84744774664226
114.34	-16.72005486836
114.35000000000001	-13.522029651343193
114.36	-15.949480863468949
114.37	-13.814624090073742
114.38	-15.186442883580625
114.39	-12.842272080403449
114.4	-11.044348501158137
114.41	-18.383686258749314
114.42	-14.613463737870278
114.43	-13.668911638462948
114.44	-12.580390155467713
114.45	-10.57543006088239
114.46000000000001	-14.244948324961832
114.47	-13.951799683460566
114.48	-13.325310678211101
114.49000000000001	-14.456792340078824
114.5	-16.649917070849177
114.51	-13.43186124176593
114.52	-11.464047687765206
114.53	-11.741580299697072
114.54	-12.73567033775695
114.55	-18.597011661920487
114.56	-15.779349156224622
114.57000000000001	-15.717558964473376
114.58	-12.336411503205571
114.59	-12.031358385379344
114.60000000000001	-12.90572156080471
114.61	-14.81048366337376
114.62	-12.534803587247195
114.63	-11.569837087237461
114.64	-14.803556035923322
114.65	-12.825310343673376
114.66	-12.93656264135463
114.67	-11.744438096266315
114.68	-11.222656447186514
114.69	-8.781329286969964
114.7	-7.588055143849906
114.71000000000001	-6.613549074547596
114.72	-5.041534002836906
114.73	-5.392346914789404
114.74000000000001	-5.891630273789887
114.75	-7.475240508292442
114.76	-13.096807132494726
114.77	-15.411908986231921
114.78	-12.73819529052175
114.79	-11.976813347319853
114.8	-10.04000692912738
114.81	-8.835480584419223
114.82000000000001	-8.882044712572633
114.83	-11.654107300592855
114.84	-16.80151408220413
114.85000000000001	-19.362852940985466
114.86	-18.86991514457563
114.87	-14.740098296213448
114.88	-11.953785059170414
114.89	-9.2728145435617
114.9	-9.970861533116054
114.91	-9.26972391111735
114.92	-11.395304832244536
114.93	-14.771707597343005
114.94	-13.598117343440986
114.95	-12.300354015673939
114.96000000000001	-11.730790616472069
114.97	-16.52898255476791
114.98	-16.794162724683606
114.99000000000001	-13.09577905525305
115.0	-9.600036842297856
115.01	-6.861065329609997
115.02	-4.122093816926031
115.03	-3.129435289322014
115.04	-4.209107405348134
115.05	-7.205743626656282
115.06	-5.7786306945872346
115.07000000000001	-7.744082281786638
115.08	-8.510042160696967
115.09	-11.247861354653958
115.10000000000001	-15.698736057198468
115.11	-22.32517770263068
115.12	-19.488534284494808
115.13	-18.890524590017915
115.14	-21.287851109384363
115.15	-21.882600169898883
115.16	-23.181052157686118
115.17	-19.81281844249128
115.18	-20.596251660838025
115.19	-16.02267997105525
115.2	-12.732496332179768
115.21000000000001	-10.771370139478508
115.22	-11.938829013930958
115.23	-20.55308686075699
115.24000000000001	-19.428750054359522
115.25	-19.708546496456503
115.26	-19.397469380450428
115.27	-26.39860277557493
115.28	-27.171951113504235
115.29	-25.893301532720788
115.3	-20.889392440400727
115.31	-20.495889578118646
115.32000000000001	-21.45116982335445
115.33	-22.209642412221278
115.34	-22.02896787452789
115.35000000000001	-20.25040026999503
115.36	-26.88023617720034
115.37	-34.346472686103404
115.38	-38.26946681042987
115.39	-33.509027074984736
115.4	-36.941842612162986
115.41	-30.0671022172348
115.42	-27.417805674217313
115.43	-26.165908653987245
115.44	-20.46898921657607
115.45	-16.533061751075664
115.46000000000001	-20.782247635044207
115.47	-17.260439196091497
115.48	-16.112491380889367
115.49000000000001	-16.876176560308906
115.5	-13.578354877392119
115.51	-11.849360637759222
115.52	-8.950190917312385
115.53	-6.666314438859578
115.54	-7.239211826510786
115.55	-14.404247924363178
115.56	-15.20180531012111
115.57000000000001	-18.18128777857607
115.58	-14.909454394334782
115.59	-15.598111897047339
115.60000000000001	-25.104392182598136
115.61	-26.973983416033512
115.62	-24.142455307383752
115.63	-18.31856675335701
115.64	-15.200659490283098
115.65	-12.251023432693914
115.66	-11.475554176458436
115.67	-12.406187753401003
115.68	-11.311833638458108
115.69	-12.662576095665433
115.7	-12.786823662346968
115.71000000000001	-9.952697323995256
115.72	-10.268849172473251
115.73	-15.327047392601076
115.74000000000001	-18.04639512890216
115.75	-17.343950283901844
115.76	-22.108967886570415
115.77	-25.048655382358646
115.78	-19.919391893642782
115.79	-18.93585095838687
115.8	-17.50142475022286
115.81	-15.596029382645384
115.82000000000001	-17.825366168188467
115.83	-24.968610125036232
115.84	-32.48166545242776
115.85000000000001	-31.57704658996956
115.86	-30.401443209488015
115.87	-25.97853729550695
115.88	-21.045199768603453
115.89	-20.128822608278018
115.9	-24.873801803560408
115.91	-22.307971598509337
115.92	-20.238541019292427
115.93	-16.808684344144904
115.94	-15.069186941093292
115.95	-16.62451525306423
115.96000000000001	-15.652545730003785
115.97	-15.959272357795138
115.98	-19.058050101409872
115.99000000000001	-18.348862032920884
116.0	-19.737105941119257
116.01	-17.952181970431138
116.02	-18.598315161139553
116.03	-15.105946819034234
116.04	-12.548219333933497
116.05	-11.700501416641075
116.06	-15.700365101315676
116.07000000000001	-12.329666628632024
116.08	-16.233475968782958
116.09	-16.11222783856829
116.10000000000001	-16.421961056401596
116.11	-16.384073739444116
116.12	-13.431281866159628
116.13	-15.712989667977737
116.14	-29.32255094176276
116.15	-23.869913935347924
116.16	-18.43206998190778
116.17	-15.01347419349973
116.18	-13.618624562336889
116.19	-12.209362462172491
116.2	-18.66709460107947
116.21000000000001	-15.230639430295017
116.22	-14.007344337201884
116.23	-18.27550592056848
116.24000000000001	-17.978212497283
116.25	-19.094947222908917
116.26	-21.299268873935112
116.27	-16.722919385561575
116.28	-28.82511445361425
116.29	-24.744446185275926
116.3	-24.090987198551968
116.31	-18.916304997464515
116.32000000000001	-17.932058945328905
116.33	-26.678754318314134
116.34	-29.58068247415734
116.35000000000001	-24.79690510167213
116.36	-22.25981404114217
116.37	-20.194514194154383
116.38	-21.898209162269527
116.39	-20.41020468157338
116.4	-19.08552983857964
116.41	-16.38250067559319
116.42	-15.730007567542279
116.43	-15.697187659103614
116.44	-16.38332448477354
116.45	-16.817211282294238
116.46000000000001	-17.31553811990585
116.47	-14.49743211249545
116.48	-10.886893643957006
116.49000000000001	-8.190707793655541
116.5	-6.9420116309154585
116.51	-7.115109760958471
116.52	-7.670146519981409
116.53	-8.483718441453673
116.54	-7.170962948786596
116.55	-6.117475991224963
116.56	-6.7270228073170575
116.57000000000001	-6.309265037885932
116.58	-4.75941974611504
116.59	-5.354786354678468
116.60000000000001	-10.916872206230634
116.61	-9.319210275175282
116.62	-6.771414285805525
116.63	-12.362127913035819
116.64	-13.297076128540013
116.65	-11.604322085744785
116.66	-13.432518767287702
116.67	-16.489332263702096
116.68	-12.426462037823056
116.69	-12.918166395680522
116.7	-12.578349590082134
116.71000000000001	-11.767470266220617
116.72	-16.41474452240677
116.73	-16.2730486063225
116.74000000000001	-12.608994759279994
116.75	-10.669205443771048
116.76	-11.948145911160953
116.77	-10.71812181783481
116.78	-18.5847343763044
116.79	-18.36410940478356
116.8	-17.844284663932545
116.81	-20.035911431031806
116.82000000000001	-23.03655005635158
116.83	-17.99923670549687
116.84	-14.262288086049207
116.85000000000001	-17.552842110961777
116.86	-24.0897262649045
116.87	-27.872959002754094
116.88	-22.60208693396321
116.89	-19.970420150453325
116.9	-24.66393944350035
116.91	-21.582401474477628
116.92	-20.76057182329185
116.93	-18.513485055300922
116.94	-14.891247475084892
116.95	-11.56265334236923
116.96000000000001	-9.465422359109999
116.97	-8.990448967768355
116.98	-6.851282577843207
116.99000000000001	-6.259792010135395
117.0	-6.775843655004732
117.01	-7.725228724384591
117.02	-9.298845915312713
117.03	-10.572933764998462
117.04	-11.214131454921521
117.05	-23.76214114340557
117.06	-26.236297319769193
117.07000000000001	-26.597384841849685
117.08	-21.320729482006314
117.09	-21.475178167439648
117.10000000000001	-17.198521157793724
117.11	-15.47911604700977
117.12	-14.471236886602052
117.13	-16.29942033041855
117.14	-18.46135109739405
117.15	-18.590191611909628
117.16	-16.25186791964907
117.17	-15.315642491707726
117.18	-11.95405941536137
117.19	-9.70451899537685
117.2	-8.37052232173019
117.21000000000001	-22.387232928186076
117.22	-22.436836998436497
117.23	-18.05352046048575
117.24000000000001	-19.665431123363817
117.25	-17.95388645602258
117.26	-17.59130656029639
117.27	-18.997976053788033
117.28	-15.439472508008379
117.29	-14.362772573958459
117.3	-15.070161489913163
117.31	-13.35463483646875
117.32000000000001	-12.868933248622978
117.33	-12.83216083539932
117.34	-16.107738434165856
117.35000000000001	-21.486436225306708
117.36	-29.72381894467566
117.37	-29.47225684574811
117.38	-31.834642436025344
117.39	-26.65805212519256
117.4	-24.310798041771328
117.41	-26.04334812994523
117.42	-25.669101374495288
117.43	-29.740427190380895
117.44	-28.13165832423581
117.45	-22.266494429335257
117.46000000000001	-19.406475895541135
117.47	-16.7258915564787
117.48	-25.16695624376208
117.49000000000001	-20.945033352761754
117.5	-18.055806134985733
117.51	-15.555537532022376
117.52	-15.240480792114594
117.53	-15.197619140662184
117.54	-30.393813117367216
117.55	-25.43878412104067
117.56	-30.340431625438498
117.57000000000001	-27.4650867408004
117.58	-23.739725376230712
117.59	-22.828730840546996
117.60000000000001	-24.582458248398744
117.61	-20.634020543547425
117.62	-18.85590955269771
117.63	-16.929997006344447
117.64	-15.68692048156685
117.65	-18.694911095244958
117.66	-16.277826642045383
117.67	-12.8091432055791
117.68	-10.520725087205946
117.69	-9.215726479726827
117.7	-8.227889360550712
117.71000000000001	-9.317384261741116
117.72	-5.55966760518511
117.73	-8.6395816780522
117.74000000000001	-7.575067674233874
117.75	-18.558466931861048
117.76	-18.806459045032625
117.77	-19.23150889913253
117.78	-15.989520912608816
117.79	-15.252891215799183
117.8	-12.050046532661344
117.81	-9.54506245365194
117.82000000000001	-7.266597494105265
117.83	-3.8459616126771996
117.84	-3.135686908061732
117.85000000000001	-3.775463201338026
117.86	-4.757429085166198
117.87	-6.108345382808672
117.88	-5.121084755613594
117.89	-8.117716304599233
117.9	-8.372088668206949
117.91	-7.025981027550387
117.92	-6.239355010189828
117.93	-11.23169425875799
117.94	-10.639146053087293
117.95	-8.856786471129231
117.96000000000001	-11.604901665231894
117.97	-14.234559405242429
117.98	-11.688294858773068
117.99000000000001	-16.02207955077322
118.0	-13.305382350698064
118.01	-20.01768407677581
118.02	-22.557277145255387
118.03	-19.365845957240282
118.04	-17.59597732615393
118.05	-16.838514296082497
118.06	-16.89947938230732
118.07000000000001	-15.834673043508856
118.08	-18.365012381523265
118.09	-24.031876366913142
118.10000000000001	-25.771921479524128
118.11	-26.683056809259053
118.12	-20.813489374709985
118.13	-16.77447086697166
118.14	-13.685280718185826
118.15	-12.147877843413085
118.16	-18.096955916497183
118.17	-16.124300264384352
118.18	-18.06476763154081
118.19	-16.07251557811274
118.2	-15.365802739581072
118.21000000000001	-19.224492249990806
118.22	-20.844036133715903
118.23	-20.6356652701815
118.24000000000001	-21.085012962903605
118.25	-25.324708289497767
118.26	-27.198175718810333
118.27	-30.54348450319029
118.28	-29.312900845790782
118.29	-25.62188043547172
118.3	-21.984478049889443
118.31	-22.14359455453456
118.32000000000001	-31.434466527088315
118.33	-30.943415345607455
118.34	-27.616947477248697
118.35000000000001	-22.301009514081553
118.36	-23.51739933052378
118.37	-23.569598926039966
118.38	-19.123502977129547
118.39	-20.203338866366845
118.4	-23.894524060519903
118.41	-22.666929395089724
118.42	-20.23593734576573
118.43	-18.611667718593964
118.44	-19.925698901744557
118.45	-22.90747266721149
118.46000000000001	-26.42288107213129
118.47	-20.616889763435385
118.48	-19.431949113345723
118.49000000000001	-16.063425096320866
118.5	-15.123454773086793
118.51	-28.754136500739904
118.52	-23.92516918693271
118.53	-26.10682335754865
118.54	-23.52716199999199
118.55	-21.000135045867765
118.56	-20.179125398210903
118.57000000000001	-16.112222846199636
118.58	-12.431291541294652
118.59	-13.702202736199583
118.60000000000001	-17.36913904957267
118.61	-16.139307729633696
118.62	-14.50925261019108
118.63	-22.45157676838486
118.64	-20.873538411721114
118.65	-20.35785396200248
118.66	-24.994828052053705
118.67	-22.795505523434688
118.68	-19.4358248119828
118.69	-17.30832418097039
118.7	-22.61533019047585
118.71000000000001	-20.90598924918811
118.72	-18.345912412329675
118.73	-14.349658647866478
118.74000000000001	-14.131630985970752
118.75	-16.866978645017653
118.76	-16.463014362808465
118.77	-12.659875682583493
118.78	-13.399994145445085
118.79	-11.354078625480373
118.8	-13.49088964136848
118.81	-12.1514509514041
118.82000000000001	-11.434250371989831
118.83	-10.974059728939386
118.84	-11.355915852133833
118.85000000000001	-11.05318686594394
118.86	-8.434239395364944
118.87	-9.513691308141755
118.88	-6.314168370103861
118.89	-7.745567612962237
118.9	-7.129000011149563
118.91	-6.3142244458769445
118.92	-1.8230346976567007
118.93	1.377258867857409
118.94	2.123020877395543
118.95	3.8632244084899985
118.96000000000001	3.1060156501229934
118.97	3.8859577394855767
118.98	3.1228711449755977
118.99000000000001	2.9867462617702825
119.0	1.2330310853763804
119.01	-1.548098072128408
119.02	-6.01296419171805
119.03	-6.102157371220264
119.04	-4.779762943361198
119.05	-2.5225062542509664
119.06	-2.313143629868746
119.07000000000001	-5.872989743033967
119.08	-3.4089210545219735
119.09	-4.265130425805567
119.10000000000001	-10.042321772949085
119.11	-14.119396677169258
119.12	-15.114798551750324
119.13	-13.884898097683633
119.14	-11.948894769355535
119.15	-17.20872369408725
119.16	-18.62257933396398
119.17	-17.347699251617456
119.18	-14.591928420784031
119.19	-14.234979935133067
119.2	-18.510951974534823
119.21000000000001	-19.79935718826564
119.22	-16.20270937343956
119.23	-12.81563552695186
119.24000000000001	-11.286800980759736
119.25	-12.415825025296066
119.26	-11.162236322947708
119.27	-10.802382265101398
119.28	-8.366506920311021
119.29	-7.1389540412614645
119.3	-8.823829529930132
119.31	-9.761517723956995
119.32000000000001	-8.020822007104135
119.33	-6.936955690403364
119.34	-6.416992029097566
119.35000000000001	-6.40451206445718
119.36	-8.343267550341787
119.37	-9.938871011135001
119.38	-14.308985410427132
119.39	-18.0296847531037
119.4	-13.77112988395961
119.41	-12.941423816481553
119.42	-18.94501621794569
119.43	-15.468053093839053
119.44	-17.111255701461907
119.45	-18.51682470597853
119.46000000000001	-16.912241114916792
119.47	-26.21354161645109
119.48	-24.376324226876346
119.49000000000001	-23.582636647443106
119.5	-29.64542068874033
119.51	-26.380856817414024
119.52	-25.44138910966359
119.53	-20.156608017606786
119.54	-19.72074189505401
119.55	-20.290978881456194
119.56	-20.45452377422755
119.57000000000001	-15.804803909348998
119.58	-17.771828786013085
119.59	-22.045484731929815
119.60000000000001	-17.405385839622653
119.61	-14.105336423493004
119.62	-12.909930700987987
119.63	-11.72590656194329
119.64	-11.456809064447707
119.65	-10.603591638499413
119.66	-10.841473480669078
119.67	-11.574968909905875
119.68	-11.200537685757244
119.69	-15.638722565430555
119.7	-19.830872368271763
119.71000000000001	-15.041223263832114
119.72	-16.21725772356632
119.73	-20.51515798251852
119.74000000000001	-23.312153396303852
119.75	-23.338057023546895
119.76	-26.786237747031972
119.77	-27.460114745539872
119.78	-31.816046144500785
119.79	-32.75111840281334
119.8	-35.707226958364814
119.81	-30.402878754226876
119.82000000000001	-24.567981547495425
119.83	-19.551623311294062
119.84	-15.99023479181935
119.85000000000001	-18.671166457759973
119.86	-18.81509891235982
119.87	-23.244386187567212
119.88	-21.282672216180607
119.89	-17.361124188976603
119.9	-13.833271556159488
119.91	-10.305418923347384
119.92	-8.805614903785306
119.93	-7.530143384487465
119.94	-5.930181088704744
119.95	-5.305495140722811
119.96000000000001	-10.814228438402061
119.97	-17.71795507869693
119.98	-17.536426508696717
119.99000000000001	-20.810933044918894
120.0	-16.06276051973947
120.01	-13.624895486319303
120.02	-14.064402080182589
120.03	-14.781226827227197
120.04	-16.043816895795324
120.05	-16.747127963997524
120.06	-17.16400605877307
120.07000000000001	-15.626368011279483
120.08	-19.37642951716346
120.09	-20.14375764956014
120.10000000000001	-20.527656682756238
120.11	-18.432896692739455
120.12	-23.50304449449209
120.13	-18.75383778260263
120.14	-16.008993151024068
120.15	-20.628815137566143
120.16	-18.107152874794178
120.17	-19.28534600178096
120.18	-22.137929649161464
120.19	-25.63721121873928
120.2	-20.32281025549045
120.21000000000001	-16.223956798218108
120.22	-13.747095497904787
120.23	-17.512446580510133
120.24000000000001	-20.365857345944864
120.25	-28.36095076123515
120.26	-24.593641882245393
120.27	-30.724600339246738
120.28	-27.07141491887266
120.29	-27.348768015791126
120.3	-25.915814660041615
120.31	-22.787284378405506
120.32000000000001	-22.66527502504155
120.33	-17.36120451692853
120.34	-26.654290322461115
120.35000000000001	-26.268195301239327
120.36	-23.40147591573278
120.37	-28.330042582434967
120.38	-27.323390278568244
120.39	-29.959814188476066
120.4	-30.1147613073772
120.41	-29.931102650913612
120.42	-37.56654950581765
120.43	-30.802235747045366
120.44	-25.36371172357092
120.45	-26.96998223147728
120.46000000000001	-26.66982007184579
120.47	-21.148819183845585
120.48	-20.830571394503732
120.49000000000001	-18.43549558014971
120.5	-15.266615380294807
120.51	-20.803564006777158
