0.0	19.333313320921366
0.01	18.74492530527152
0.02	32.475848666974585
0.03	31.001689378819414
0.04	35.646495920048075
0.05	45.93890089383969
0.06	50.361505337273414
0.07	51.29775354410121
0.08	37.52103350735067
0.09	41.644123288441115
0.1	37.40788758587045
0.11	51.138103639539544
0.12	54.296766608559736
0.13	65.23382330724043
0.14	62.20110515868953
0.15	56.22039731005913
0.16	55.372477477944024
0.17	51.723769021292874
0.18	36.912318918519134
0.19	46.37910648033985
0.2	45.34496343839057
0.21	45.01000053431062
0.22	47.68956465196358
0.23	29.63957513867678
0.24	32.57591479335794
0.25	21.456742912068812
0.26	39.85016448861246
0.27	26.68875898053953
0.28	39.30038373896273
0.29	29.180459839545584
0.3	39.01789010428126
0.31	33.933240633845394
0.32	38.49841588787841
0.33	28.984076957354272
0.34	20.960867656112367
0.35000000000000003	28.57575908588041
0.36	24.4460857113111
0.37	26.11474372364275
0.38	31.676077361835855
0.39	39.87009990450674
0.4	43.20187881352568
0.41000000000000003	48.713504779521124
0.42	48.57039321338962
0.43	50.04915687990418
0.44	64.98228381319637
0.45	53.72665908251103
0.46	47.341216677199235
0.47000000000000003	31.735486404801446
0.48	40.062161308019896
0.49	47.90015046729835
0.5	58.825156480309936
0.51	54.74896611130697
0.52	41.08451198343069
0.53	37.1236147548311
0.54	32.95875471824217
0.55	39.75265776003424
0.56	58.14976456300094
0.5700000000000001	53.04432380822437
0.58	58.61985668245326
0.59	53.67570090063034
0.6	53.79536184854638
0.61	61.613823735240416
0.62	62.628165747462354
0.63	54.42219161853469
0.64	55.47115534350686
0.65	55.52959968901709
0.66	46.06115722353478
0.67	29.179627607495757
0.68	33.53609118317771
0.6900000000000001	42.26284563194978
0.7000000000000001	40.556542485369064
0.71	31.12537202584186
0.72	33.43308435508555
0.73	41.560000456209444
0.74	44.364016978413815
0.75	50.878808475357694
0.76	57.01390747688733
0.77	53.572446360018
0.78	58.57257232246878
0.79	43.91033831789145
0.8	50.52467223616599
0.81	48.44749294149706
0.8200000000000001	58.844261001993544
0.8300000000000001	53.62612705281716
0.84	48.187216736472315
0.85	57.708661566072216
0.86	52.62756749736044
0.87	44.362527269609686
0.88	38.49778224503657
0.89	32.337511260863096
0.9	42.35654136969984
0.91	35.593809528439
0.92	39.603536509853406
0.93	25.27247968295769
0.9400000000000001	41.70987571772987
0.9500000000000001	47.998317374703866
0.96	35.97548398320644
0.97	39.43275045796658
0.98	42.560078109320656
0.99	38.29299632023681
1.0	38.989579206402084
1.01	36.86643019797419
1.02	35.42754508012898
1.03	25.79296381700184
1.04	21.88717125323416
1.05	23.160102203021555
1.06	44.161113076728526
1.07	39.861738782992745
1.08	32.99860912501144
1.09	53.64798944537381
1.1	45.13196237079226
1.11	61.40625017037674
1.12	52.721433715048434
1.1300000000000001	42.699525036729746
1.1400000000000001	33.759390272687156
1.1500000000000001	35.14542232373974
1.16	43.22617092529733
1.17	48.09190677361904
1.18	43.015783672597806
1.19	31.12854464983129
1.2	40.144113120968285
1.21	42.33978671298503
1.22	38.62253737099997
1.23	43.38418952546109
1.24	42.05430743814696
1.25	47.91332120833674
1.26	44.89572609110064
1.27	49.377215669838016
1.28	43.51095398165441
1.29	35.70987379884008
1.3	29.304467971580074
1.31	33.68570452419445
1.32	25.51966568695498
1.33	28.494117829831904
1.34	25.03580631809404
1.35	29.584039942608133
1.36	33.679554687056296
1.37	26.440551585840133
1.3800000000000001	24.695297460746087
1.3900000000000001	25.463728938289854
1.4000000000000001	52.67145321011576
1.41	40.61301134032777
1.42	41.065267218483726
1.43	38.057248240056545
1.44	44.08209199020804
1.45	46.80221795658263
1.46	50.07195997062871
1.47	58.56788278292397
1.48	58.565954198452886
1.49	54.31676568543714
1.5	45.31535556955476
1.51	48.594818011408144
1.52	47.899534947396624
1.53	37.335622245458964
1.54	42.01156549977
1.55	55.260575187894986
1.56	51.54506093852837
1.57	49.81058635821714
1.58	41.94495815682261
1.59	47.61861964584838
1.6	55.54951473191578
1.61	55.630488425880664
1.62	56.00274223196754
1.6300000000000001	52.76566794684722
1.6400000000000001	51.7795611811449
1.6500000000000001	53.23037379376566
1.6600000000000001	47.93563633277529
1.67	40.54233045992315
1.68	37.032872885538815
1.69	35.466274503747115
1.7	45.161317422185846
1.71	34.16531582603744
1.72	29.591723416599375
1.73	45.00196328157991
1.74	52.83566991602232
1.75	43.021949340653286
1.76	32.552228979719075
1.77	33.11556064611307
1.78	30.18192658947837
1.79	27.577579054808627
1.8	31.885809339319188
1.81	35.111151840656326
1.82	35.446472921423165
1.83	32.208289904677514
1.84	22.53782867761201
1.85	46.813884385976316
1.86	57.041229431112924
1.87	59.85363349245279
1.8800000000000001	67.86237598651256
1.8900000000000001	67.71177797120683
1.9000000000000001	57.16565751299331
1.9100000000000001	50.57555062282651
1.92	47.542024837003865
1.93	41.99130496777369
1.94	41.65513757931001
1.95	33.493873105673174
1.96	36.239971673056004
1.97	40.39064115766595
1.98	37.74031918611155
1.99	40.78189378736792
2.0	33.88327520197977
2.0100000000000002	43.72279792891373
2.02	36.14532388941479
2.0300000000000002	23.215497588589695
2.04	22.54929034140398
2.05	24.474734738969477
2.06	41.16950519836585
2.07	49.48321981836622
2.08	48.43607186008027
2.09	51.5097454225514
2.1	39.86259349936768
2.11	27.018970763944093
2.12	38.69188411992468
2.13	38.78538051689269
2.14	34.404485168926875
2.15	41.26134008999814
2.16	51.27239568549014
2.17	44.06911327696511
2.18	41.42635618186916
2.19	44.29739397925798
2.2	31.381160208424085
2.21	26.30067056755599
2.22	44.14711450433516
2.23	46.783280312145685
2.24	39.75035626591343
2.25	60.10832102853932
2.2600000000000002	51.81978980930563
2.27	56.27931806807856
2.2800000000000002	52.95064638536409
2.29	41.10663340683942
2.3000000000000003	30.93680676354281
2.31	30.547868806044622
2.32	59.07441581784685
2.33	61.43383905745709
2.34	51.481988304529686
2.35	47.54424067106317
2.36	42.34035252722722
2.37	36.79532825829339
2.38	43.54538707912022
2.39	49.150940651452004
2.4	42.78997103572264
2.41	34.8666987622813
2.42	31.842690754047634
2.43	31.336427968214014
2.44	43.96444970673764
2.45	30.421174001879006
2.46	38.22751732644295
2.47	48.50646417563046
2.48	47.491832890420206
2.49	52.48036316780922
2.5	57.68264885748704
2.5100000000000002	53.26374724838701
2.52	52.33200738625205
2.5300000000000002	63.78830244820139
2.54	52.172388651268925
2.5500000000000003	49.502378132137274
2.56	31.880502057849334
2.57	29.844104681140433
2.58	28.19023080300734
2.59	25.29665018464865
2.6	29.247778832449303
2.61	35.51244910132584
2.62	24.744949242041933
2.63	30.144779844782427
2.64	39.997560282208454
2.65	31.180247275346225
2.66	36.957174244578674
2.67	38.4000254618682
2.68	33.48466532809578
2.69	41.66624632510383
2.7	28.793110394902737
2.71	40.115877913914524
2.72	43.689910023860335
2.73	50.70619143531659
2.74	36.39222851652799
2.75	39.25483538333576
2.7600000000000002	40.5814434575759
2.77	35.71750586727418
2.7800000000000002	23.557094792462344
2.79	44.25141890070186
2.8000000000000003	35.50264279250744
2.81	25.685324678815128
2.82	16.304168157816502
2.83	33.27273440024024
2.84	35.969410191038925
2.85	51.7849372578474
2.86	53.17162636171822
2.87	39.250745728002144
2.88	64.53676835220715
2.89	50.66895073662135
2.9	35.3539222005968
2.91	34.68053443904368
2.92	27.939028076364327
2.93	34.038412401848404
2.94	26.051658920835756
2.95	33.075604591064916
2.96	31.496597208969312
2.97	25.080900030758926
2.98	27.880947431309632
2.99	29.530376746460007
3.0	30.10287412570343
3.0100000000000002	33.30889481630531
3.02	34.86186746727966
3.0300000000000002	39.48163916479469
3.04	28.546121795420024
3.0500000000000003	52.39682708732318
3.06	36.706498392710415
3.0700000000000003	27.344383821434434
3.08	49.071344890847186
3.09	49.510036972799355
3.1	53.11217977224142
3.11	52.81406844708558
3.12	55.43799141059537
3.13	49.704108569795515
3.14	46.570040558987685
3.15	39.64502944530911
3.16	41.976432510046344
3.17	29.48684398325824
3.18	34.975904066269784
3.19	36.784801073834146
3.2	30.926443620528584
3.21	37.174211577177815
3.22	49.29349831226926
3.23	53.31215213206464
3.24	51.337277275350495
3.25	57.95629283029164
3.2600000000000002	59.620553266596986
3.27	54.199000606543734
3.2800000000000002	45.20323295666511
3.29	38.45108924895115
3.3000000000000003	34.80844712038511
3.31	23.125450393261012
3.3200000000000003	21.433868904390387
3.33	41.162952069232226
3.34	37.065126854240354
3.35	28.283628767651543
3.36	24.281429338239583
3.37	25.460440667240192
3.38	35.41520915489995
3.39	54.12508740739714
3.4	70.9817409898306
3.41	64.70647872862804
3.42	62.60484069144845
3.43	63.5350215609764
3.44	51.66305379964597
3.45	33.69465164616081
3.46	43.2507084552693
3.47	38.24427856531512
3.48	49.94438635396808
3.49	39.833813685474695
3.5	40.33168168341451
3.5100000000000002	35.696878509939495
3.52	52.07763063228629
3.5300000000000002	53.92507339283474
3.54	51.47536519340159
3.5500000000000003	50.23130847829207
3.56	56.76261671258733
3.5700000000000003	42.49810633121508
3.58	35.26792577882501
3.59	37.581269335944036
3.6	42.12214573525272
3.61	47.093951598542766
3.62	41.243397499610936
3.63	48.78699988414774
3.64	44.689319315942846
3.65	34.00974074779367
3.66	32.35871358418098
3.67	44.131287036622226
3.68	52.64918326594075
3.69	59.34620030368004
3.7	64.90359308775429
3.71	57.533117063257095
3.72	46.128441620758196
3.73	41.98195344105571
3.74	41.08351348034189
3.75	35.55170611730049
3.7600000000000002	31.04019576242947
3.77	34.18594459994188
3.7800000000000002	28.838712067382286
3.79	18.68025935930518
3.8000000000000003	11.899133194389519
3.81	15.991401980970876
3.8200000000000003	38.08169119775596
3.83	51.21599575872398
3.84	56.7051048835265
3.85	53.871348398155554
3.86	51.76180093997662
3.87	43.25127836777162
3.88	45.679109300480356
3.89	34.81952998115607
3.9	35.545309391860876
3.91	63.57457581019752
3.92	55.850790345520345
3.93	60.19103331431663
3.94	63.142973869347266
3.95	56.79359964388524
3.96	49.42728215431619
3.97	41.36226915691714
3.98	41.9561647207938
3.99	34.065611631962916
4.0	32.22035660115762
4.01	50.027813580313264
4.0200000000000005	51.71370847396597
4.03	46.34729288189698
4.04	44.338731858149785
4.05	32.956577765105884
4.0600000000000005	43.93937776503537
4.07	56.14993725178381
4.08	43.4095518178568
4.09	35.546842978905545
4.1	38.19906357543297
4.11	43.499160690649894
4.12	38.57904901599879
4.13	36.145982390760054
4.14	53.39533232187687
4.15	59.477833408423294
4.16	65.97607710259302
4.17	60.264427833440834
4.18	48.25632670094013
4.19	58.35882849615782
4.2	45.86417887064949
4.21	42.07427245635996
4.22	60.98949742057811
4.23	58.893909707620004
4.24	62.43291984057028
4.25	52.78655536860389
4.26	52.24289029334495
4.2700000000000005	61.152448359153404
4.28	54.88897829281069
4.29	48.29142049161745
4.3	37.925644506405206
4.3100000000000005	32.98560387880473
4.32	35.43566973818702
4.33	30.043256574539765
4.34	12.486178406407431
4.3500000000000005	24.695811946408973
4.36	33.1548058204128
4.37	45.329439809866386
4.38	43.73632317194045
4.39	32.813296417950475
4.4	47.23419739596133
4.41	48.70950102752278
4.42	43.37942103656361
4.43	57.26847347926886
4.44	43.124280973798136
4.45	41.861869092711515
4.46	37.327727662369014
4.47	36.025094305266045
4.48	35.97925440367632
4.49	46.411197455925524
4.5	57.28987262144871
4.51	69.45963880412373
4.5200000000000005	52.33426497380456
4.53	50.919784240221524
4.54	51.83581304930909
4.55	44.87084751233815
4.5600000000000005	42.8193261335452
4.57	43.37681506746071
4.58	48.5301269800128
4.59	43.6882336524742
4.6000000000000005	37.22777578566097
4.61	26.546223899222586
4.62	28.00520699850093
4.63	21.14676470086417
4.64	51.939254756227704
4.65	48.08131416906351
4.66	50.48699493120393
4.67	50.69077484416258
4.68	44.44587878216734
4.69	44.43751216698881
4.7	38.899762104809824
4.71	36.16427387647467
4.72	36.62876646187875
4.73	47.054109575439526
4.74	32.66533099406001
4.75	21.77165797401581
4.76	26.58517154300579
4.7700000000000005	50.60551039817008
4.78	31.561940442952515
4.79	33.24369131084316
4.8	39.83919659571913
4.8100000000000005	49.73921846308221
4.82	51.75242074752533
4.83	43.49021704371194
4.84	42.23378964157409
4.8500000000000005	33.709036295308
4.86	51.15053519905174
4.87	47.316536372969686
4.88	61.27592622715022
4.89	46.64769596413621
4.9	40.135495980892486
4.91	38.48131041166007
4.92	52.1400111629316
4.93	46.200053418897
4.94	47.890048349475805
4.95	47.74816974195568
4.96	31.90755776016402
4.97	40.945289514439295
4.98	29.870965805939687
4.99	55.35147708447608
5.0	57.63963891461865
5.01	63.99393472441206
5.0200000000000005	73.65936887572371
5.03	65.02883799684425
5.04	56.86554693021846
5.05	67.1712437001558
5.0600000000000005	53.89179413329063
5.07	48.64814231153531
5.08	55.33802929610096
5.09	51.74212963793154
5.1000000000000005	42.300744968578734
5.11	34.859942522731544
5.12	39.82792640559559
5.13	44.50102872744722
5.14	43.589198473753704
5.15	40.96683375203991
5.16	43.31545056360609
5.17	42.642868996825804
5.18	45.064376569662656
5.19	36.94236729424066
5.2	52.995154552024985
5.21	48.63151426806197
5.22	59.85578579793526
5.23	62.92412439497269
5.24	54.342772316128176
5.25	47.027668551067215
5.26	41.00467032898141
5.2700000000000005	40.323983323791055
5.28	47.34384819744619
5.29	37.6390341885844
5.3	38.26754235576343
5.3100000000000005	36.007920890815356
5.32	34.271752351389864
5.33	38.60488890662157
5.34	43.235547960257335
5.3500000000000005	47.874789608049525
5.36	47.71492896149375
5.37	41.07237576008066
5.38	32.435822454345136
5.39	32.61252164954537
5.4	40.50923475320513
5.41	43.40983474340826
5.42	52.24872233743511
5.43	48.48531577504836
5.44	44.898385437894184
5.45	56.70303113298796
5.46	63.279634619858946
5.47	59.79677510649936
5.48	56.59682547770872
5.49	47.21954062106085
5.5	47.44479508132009
5.51	39.17763880802275
5.5200000000000005	43.91825662017086
5.53	46.322493513444826
5.54	33.417896771060136
5.55	36.06519155529803
5.5600000000000005	39.73876527909337
5.57	21.932636478868762
5.58	39.89908484320672
5.59	43.99821775506712
5.6000000000000005	44.411888898823115
5.61	44.32696088434822
5.62	46.91956306125617
5.63	37.18865140942643
5.64	52.77039611384794
5.65	51.052589701853414
5.66	46.503957495823265
5.67	49.46792897929135
5.68	32.67071180193226
5.69	35.6425417368798
5.7	38.768928969728705
5.71	32.55096768244323
5.72	27.360930427183618
5.73	24.59266952020418
5.74	34.81401078731484
5.75	31.061449540913433
5.76	39.62584158612275
5.7700000000000005	35.41199605208508
5.78	40.9674205875172
5.79	51.2359106592511
5.8	35.7871626478261
5.8100000000000005	38.46200917711764
5.82	34.87907921004229
5.83	24.003135639323208
5.84	26.97757484182173
5.8500000000000005	29.83597364073235
5.86	45.66459181283269
5.87	45.25102649233577
5.88	45.48614425593653
5.89	50.55933825370638
5.9	44.930604416436196
5.91	58.352327816832876
5.92	57.58445131748723
5.93	61.57706637345834
5.94	49.94704705038796
5.95	43.74835382925705
5.96	42.928653059281636
5.97	36.26914884948519
5.98	38.34746805654816
5.99	32.99996551616159
6.0	31.95004131079298
6.01	33.143475013125645
6.0200000000000005	33.227638637042155
6.03	25.586704624337813
6.04	27.194886707268704
6.05	40.118499117758645
6.0600000000000005	34.866045929551454
6.07	43.396278474713846
6.08	47.59864489746418
6.09	54.2256012124102
6.1000000000000005	51.23359146731382
6.11	46.131230451751264
6.12	47.03130478924494
6.13	34.76542769095397
6.140000000000001	48.289759739163806
6.15	37.52709770098841
6.16	42.149235095811
6.17	39.968871001969
6.18	37.34012023333644
6.19	29.892745434771708
6.2	36.07347638617697
6.21	29.60066661319439
6.22	27.03037648588069
6.23	14.05280162000985
6.24	17.79566971130431
6.25	29.948247454043155
6.26	37.626616433898946
6.2700000000000005	39.783437860381085
6.28	36.037033873396
6.29	27.354798801384835
6.3	28.80523384698802
6.3100000000000005	26.320867817361147
6.32	35.30546583585487
6.33	37.24948266204221
6.34	52.7358830692319
6.3500000000000005	42.70857650549677
6.36	38.552390423528166
6.37	38.00245498753775
6.38	39.33449846552317
6.390000000000001	40.95109661270866
6.4	41.28466010193527
6.41	41.605585607740394
6.42	41.95884326864298
6.43	39.50413133596902
6.44	41.03566703572015
6.45	39.47792960829335
6.46	50.323575298363146
6.47	49.11421143807744
6.48	43.688999048446874
6.49	29.99303560308956
6.5	33.01548122519469
6.51	28.337197934437352
6.5200000000000005	39.48507819573185
6.53	33.34605096222058
6.54	35.967055586549364
6.55	46.25305737818085
6.5600000000000005	51.29526027771315
6.57	55.40931992066764
6.58	49.21414812296944
6.59	34.912287566192
6.6000000000000005	44.597001129295606
6.61	53.254455472941174
6.62	45.08743376346567
6.63	39.767053458028464
6.640000000000001	42.805767820528
6.65	40.492074661128875
6.66	46.90259486004021
6.67	39.67170018159264
6.68	53.51543885597427
6.69	50.610485873189575
6.7	59.66904002138477
6.71	77.09780627983152
6.72	59.76100693005605
6.73	59.632950150626414
6.74	58.47056936471001
6.75	49.50572622156403
6.76	40.698931218595625
6.7700000000000005	44.82324856449099
6.78	41.395608510665504
6.79	37.247135246608
6.8	39.612517193145926
6.8100000000000005	35.35197922269317
6.82	38.77854070163053
6.83	51.04783073830643
6.84	48.689260722364594
6.8500000000000005	46.23580977355896
6.86	38.98855488696856
6.87	40.28152056654057
6.88	34.03836377151167
6.890000000000001	25.37664873131691
6.9	41.827564275391495
6.91	23.89024113570552
6.92	27.49528610409632
6.93	28.807048640119206
6.94	25.22483194064237
6.95	54.283552947100084
6.96	40.11381520329385
6.97	28.564359930571758
6.98	33.90927471789378
6.99	47.27487260607177
7.0	49.72223338965356
7.01	48.85016083457856
7.0200000000000005	53.02521640449934
7.03	56.8424084100889
7.04	47.039927152006825
7.05	50.91675688282223
7.0600000000000005	42.76703409979321
7.07	37.07991173912124
7.08	44.26592907618819
7.09	44.682708885420354
7.1000000000000005	36.35738980587666
7.11	49.187979505748515
7.12	59.02263668218732
7.13	57.06535095519831
7.140000000000001	50.24366139338774
7.15	50.44258084517952
7.16	58.604055153058326
7.17	47.869821560253236
7.18	39.38790394421458
7.19	30.55937928276404
7.2	32.601072120278126
7.21	33.86027572332568
7.22	35.229422796530905
7.23	57.95489871876513
7.24	60.90288528603145
7.25	45.393678091423645
7.26	42.67861970063093
7.2700000000000005	44.81100454250436
7.28	39.13113993234089
7.29	42.4083622343567
7.3	45.89118490452901
7.3100000000000005	41.42252798790861
7.32	36.43921077680123
7.33	39.19777156766584
7.34	44.818411145156944
7.3500000000000005	35.131564245819234
7.36	40.90239053265771
7.37	49.511708577597226
7.38	60.968551734641146
7.390000000000001	59.59610009219261
7.4	52.9463851426054
7.41	62.09573538434136
7.42	46.35412638913089
7.43	38.00539207085227
7.44	40.48515737791041
7.45	34.19318556651661
7.46	39.462372678327384
7.47	30.802821690095257
7.48	38.98717010206458
7.49	40.95800902166338
7.5	49.995924709537206
7.51	39.95947494304172
7.5200000000000005	40.30424567481675
7.53	33.52760808614223
7.54	46.109001300308805
7.55	42.581889760436724
7.5600000000000005	28.759144691793473
7.57	32.47330602820168
7.58	33.631881724877935
7.59	44.286106320903215
7.6000000000000005	42.55758588208904
7.61	55.15638572373584
7.62	47.48037538511459
7.63	53.63269249348483
7.640000000000001	45.56692586946855
7.65	57.38118474536045
7.66	46.794615296131454
7.67	44.734049432039356
7.68	37.37093364362904
7.69	37.066753198052666
7.7	62.64464726321463
7.71	53.25005685632572
7.72	50.17346212207325
7.73	51.681231594047
7.74	46.992608122023455
7.75	46.51766039467738
7.76	36.42175590486687
7.7700000000000005	28.851596757602085
7.78	35.065531951887564
7.79	29.62031770985753
7.8	49.56533388354712
7.8100000000000005	33.64933136660191
7.82	25.834851891134896
7.83	26.477530211578543
7.84	22.19036369984059
7.8500000000000005	45.32550360024361
7.86	46.99614132364805
7.87	42.848716326008855
7.88	44.42930003399241
7.890000000000001	49.632164136778236
7.9	33.16519896339518
7.91	32.8102245443296
7.92	39.152931070712214
7.930000000000001	54.13173779410951
7.94	53.420983670060096
7.95	57.03348364327273
7.96	50.96939984330983
7.97	52.91337667943188
7.98	66.23607199041551
7.99	62.32369881383508
8.0	48.073135944177324
8.01	48.701673005302844
8.02	66.81918577430781
8.03	66.47710329335168
8.040000000000001	61.75835090355822
8.05	57.532401060605864
8.06	57.50392485321241
8.07	52.842453689677384
8.08	56.244016377508096
8.09	46.43996340563815
8.1	48.877092330061714
8.11	40.55814202839971
8.120000000000001	31.96470490841777
8.13	42.064622697968936
8.14	32.14569119562583
8.15	51.80222386381233
8.16	44.06152652059021
8.17	31.827266629369948
8.18	24.18266055120426
8.19	50.37003875711141
8.2	44.07608036125107
8.21	35.03189848447176
8.22	24.66402460343306
8.23	18.579169987883347
8.24	58.75745536338561
8.25	47.259571552678146
8.26	50.340249199755206
8.27	46.52363327853216
8.28	38.76775225353844
8.290000000000001	45.45451189795954
8.3	64.13397681361907
8.31	61.05315500648603
8.32	54.01713064977476
8.33	53.24034467581343
8.34	43.850753987643515
8.35	41.58521182071894
8.36	35.915683759369934
8.370000000000001	31.680263817178993
8.38	36.32106017833002
8.39	51.06217770234819
8.4	44.665051633590444
8.41	47.92137343474073
8.42	38.553914871278266
8.43	30.464076003476055
8.44	34.16976265221201
8.45	36.39838303514808
8.46	35.696919735374074
8.47	48.69520116453934
8.48	41.17874874518001
8.49	42.3356041930526
8.5	58.443044073752816
8.51	45.2172434446565
8.52	46.769096026096165
8.53	47.199414242756724
8.540000000000001	40.90736886057403
8.55	43.87990030142039
8.56	45.94474263425639
8.57	43.083711465906546
8.58	37.17286943672931
8.59	28.250000864617867
8.6	39.426297611854785
8.61	31.82666481745686
8.620000000000001	53.740051731181055
8.63	55.735320772552065
8.64	42.73071709430958
8.65	34.76963852176781
8.66	31.790374090723883
8.67	35.82686124947942
8.68	29.7366673859261
8.69	26.310249261189735
8.700000000000001	34.55235809763043
8.71	36.05583709206737
8.72	34.60330421772345
8.73	50.64670282599675
8.74	48.68818400622098
8.75	65.22318844686251
8.76	58.2484967813922
8.77	54.84419928091255
8.78	49.19400897593419
8.790000000000001	47.9283664813877
8.8	49.68976158120353
8.81	40.58371961883464
8.82	29.32380322421426
8.83	38.80629919367441
8.84	46.28373728828545
8.85	44.5644688634667
8.86	33.933327137582985
8.870000000000001	13.425042408062009
8.88	31.96740283462271
8.89	55.76030120253863
8.9	48.82004909003628
8.91	61.35656870219661
8.92	47.52134589766173
8.93	51.73895584538506
8.94	49.868024015364114
8.950000000000001	47.510092719331944
8.96	43.591188359550735
8.97	49.67045462511122
8.98	50.60536855061062
8.99	46.150179489486774
9.0	47.428994516535724
9.01	64.94042766567357
9.02	63.87116450941946
9.03	66.27918813454457
9.040000000000001	54.247796898146476
9.05	58.07284276644923
9.06	47.89273534645624
9.07	48.96063452815808
9.08	47.50303248527464
9.09	46.17391408806405
9.1	51.13747921905893
9.11	59.44247295808
9.120000000000001	51.09942998513028
9.13	53.6784564399121
9.14	38.844437083153544
9.15	36.40876547113597
9.16	51.336894929655784
9.17	46.208779510073406
9.18	56.99195686115152
9.19	41.42885745783363
9.200000000000001	50.09653249836694
9.21	36.37545567919004
9.22	43.829574205001656
9.23	40.22618703573051
9.24	30.172253080446136
9.25	38.664280504822365
9.26	40.47960477158512
9.27	45.57499654456001
9.28	42.84591381325792
9.290000000000001	36.00819534114946
9.3	37.56137662928221
9.31	49.187042269256935
9.32	54.44800043318021
9.33	45.18728242187565
9.34	38.0798116380364
9.35	37.9127675716761
9.36	32.61548443436962
9.370000000000001	41.849789856729444
9.38	33.82437080851853
9.39	34.31388064201583
9.4	50.34070798044414
9.41	52.60671208482855
9.42	56.06537325386796
9.43	58.8286031685465
9.44	53.60250190824443
9.450000000000001	64.63545930130834
9.46	74.88760400511296
9.47	67.08921067106331
9.48	52.759341265518145
9.49	55.331291226272675
9.5	50.00426818723142
9.51	45.8504364393876
9.52	34.367431795475376
9.53	32.91833938329521
9.540000000000001	34.553128138585286
9.55	57.245744147379156
9.56	50.99986163352042
9.57	56.21865696598566
9.58	53.0017098981564
9.59	54.038966224798806
9.6	54.09344522346915
9.61	43.221074179718414
9.620000000000001	44.38875124522849
9.63	61.16223130209696
9.64	43.87925291797903
9.65	42.56596893361951
9.66	46.798340078717295
9.67	45.0636690460345
9.68	50.899150803799124
9.69	62.38185794623734
9.700000000000001	56.853136032060725
9.71	54.89848680451307
9.72	52.697404424525665
9.73	41.994497815986605
9.74	40.10540515905539
9.75	41.49295436710553
9.76	40.85662825340304
9.77	38.491271439599245
9.78	26.274138259086197
9.790000000000001	58.71835538077299
9.8	72.22510721252212
9.81	67.43861062654865
9.82	48.59270438830144
9.83	43.84507371799404
9.84	52.90447094249978
9.85	39.873463584624105
9.86	39.40715832378702
9.870000000000001	32.07568571616064
9.88	44.3783651106963
9.89	44.83490345412514
9.9	44.00759790389125
9.91	42.26907083047124
9.92	35.51590494128209
9.93	44.43364995960567
9.94	32.29111518110487
9.950000000000001	27.581633600328868
9.96	30.275280690782612
9.97	36.459783696881594
9.98	26.83936464872882
9.99	44.579955892518406
10.0	41.63187628500497
10.01	41.02788032127817
10.02	39.18451806021004
10.03	43.21180929131392
10.040000000000001	50.75433659483606
10.05	38.258745341703396
10.06	38.30659991840003
10.07	56.37701229506971
10.08	49.22801628479533
10.09	45.91676651371412
10.1	35.88905345024491
10.11	37.27419896723336
10.120000000000001	42.81895241718341
10.13	36.32703973946865
10.14	33.7339073895487
10.15	44.23924758609177
10.16	41.79742748571212
10.17	50.83960236944724
10.18	53.93484303938811
10.19	48.69439436507238
10.200000000000001	58.82141530997433
10.21	60.51765566231431
10.22	65.6172122911439
10.23	55.31507774968413
10.24	51.641166244102614
10.25	41.369372298182476
10.26	45.74969569346548
10.27	36.53457111600276
10.28	46.37663993893017
10.290000000000001	48.789248761129556
10.3	45.275396356069045
10.31	35.480406269965016
10.32	25.2517106505389
10.33	13.539957933027353
10.34	34.59851083343441
10.35	37.41865455577348
10.36	26.33123899655652
10.370000000000001	17.677096254066118
10.38	20.89152044028957
10.39	20.80254371512514
10.4	29.462651781883746
10.41	41.34438788003948
10.42	41.54440165535267
10.43	33.97559083900906
10.44	37.41202108511626
10.450000000000001	50.544000312858245
10.46	44.97590690147244
10.47	42.932710902870376
10.48	51.70779109594614
10.49	60.540953926908976
10.5	54.230458048717416
10.51	48.422256849057156
10.52	49.72145723520555
10.53	55.555905396680764
10.540000000000001	41.31097962527456
10.55	49.83394958935803
10.56	56.22747711069933
10.57	55.06606485285244
10.58	53.309463770243546
10.59	55.411729116523524
10.6	43.96831518240805
10.61	62.819881267709896
10.620000000000001	53.95188150443523
10.63	46.28913763192491
10.64	44.308745778061144
10.65	47.93804354065557
10.66	57.02344354813614
10.67	53.70237065927956
10.68	46.43900530897473
10.69	46.113319707114336
10.700000000000001	39.39569425550478
10.71	62.899353469137566
10.72	44.99290361179063
10.73	29.376981578750343
10.74	37.17527274855545
10.75	39.88344172134726
10.76	26.50387887174437
10.77	25.844006252934875
10.78	27.559977984553353
10.790000000000001	28.71877280604385
10.8	19.657231074902036
10.81	37.88988353218038
10.82	31.715572576590812
10.83	33.454036490758256
10.84	28.75253399619502
10.85	28.686467005001568
10.86	37.2482865063195
10.870000000000001	36.183599517651935
10.88	36.647330255501586
10.89	25.468986645019523
10.9	19.627839279825533
10.91	33.0603616475011
10.92	19.614101369123556
10.93	27.38823014943806
10.94	44.62851757444911
10.950000000000001	46.338664404034816
10.96	49.02129796462629
10.97	46.83825894888675
10.98	49.33247817785769
10.99	54.30449909378894
11.0	56.35877522655452
11.01	43.53414171143671
11.02	45.80262592678604
11.03	55.105266889232155
11.040000000000001	54.25407604459133
11.05	57.06700940417373
11.06	48.698880029146366
11.07	45.725847301900785
11.08	51.513131349504334
11.09	40.74564996865589
11.1	38.45306123868828
11.11	18.461715048043082
11.120000000000001	29.468964584699425
11.13	35.94756139120066
11.14	29.48709440173568
11.15	45.102913373056374
11.16	39.73680189452399
11.17	31.520472768157884
11.18	36.470957466456206
11.19	25.367315736273767
11.200000000000001	26.635609388406696
11.21	24.165281874352832
11.22	31.284571770255614
11.23	44.33741153370755
11.24	38.345507581259106
11.25	38.28581497485995
11.26	45.354612238860845
11.27	48.6604040076502
11.28	46.93296554740456
11.290000000000001	52.683435464258515
11.3	47.71369534708304
11.31	42.619115353931576
11.32	45.00371238871987
11.33	36.86055069626313
11.34	36.606711757535756
11.35	31.225021601953475
11.36	36.0117797704153
11.370000000000001	50.04596951531757
11.38	60.05054934864797
11.39	62.81251572051052
11.4	59.053963168145245
11.41	51.83832629897389
11.42	47.55936862719836
11.43	42.11545599074793
11.44	30.41193456930545
11.450000000000001	27.850613951629654
11.46	29.8098601579387
11.47	43.488711166218295
11.48	44.79258601129595
11.49	36.49809116181308
11.5	31.391124264568855
11.51	36.656633684537425
11.52	37.57251755049831
11.53	25.16506522117405
11.540000000000001	25.29721906656203
11.55	11.922511490697223
11.56	14.179163144279574
11.57	16.885919507035908
11.58	15.092363324462035
11.59	18.08340447956679
11.6	15.002440468688318
11.61	4.8115338584898275
11.620000000000001	4.492061898145815
11.63	7.446840618799084
11.64	24.387178419851576
11.65	16.501615651586864
11.66	12.03383537343689
11.67	26.035654492534523
11.68	36.56302753706941
11.69	39.75741180670746
11.700000000000001	37.28181819833712
11.71	43.10692984393367
11.72	35.93248989595861
11.73	32.4554822888819
11.74	35.91085443203411
11.75	35.755715130511696
11.76	28.222273489406135
11.77	25.14077444699245
11.78	19.520790856598698
11.790000000000001	38.90090036835011
11.8	50.157015251771334
11.81	53.835708700464295
11.82	44.17347440226437
11.83	49.8507496314682
11.84	50.131885012647444
11.85	46.3247390023269
11.86	62.46499070726388
11.870000000000001	50.37307352905567
11.88	46.07688058778589
11.89	36.8822902448312
11.9	31.07834519789702
11.91	36.399465728653986
11.92	37.99480076451832
11.93	37.6893915135338
11.94	25.984674224071824
11.950000000000001	27.62831450593973
11.96	23.60456944202792
11.97	21.80281971980825
11.98	14.76833003968106
11.99	20.74071669454203
12.0	27.97962782621716
12.01	22.549668797909394
12.02	27.41635447205286
12.030000000000001	30.168161094714467
12.040000000000001	28.779567116112368
12.05	48.74191814503716
12.06	50.12424975407003
12.07	36.097838266844
12.08	21.73523593473017
12.09	26.713034933676603
12.1	25.175467330615565
12.11	30.013520273210318
12.120000000000001	31.415070204747206
12.13	45.67187602879062
12.14	33.29502715521413
12.15	37.07902484415886
12.16	34.679134622348535
12.17	41.78748788613439
12.18	39.55321032062583
12.19	45.322649012500506
12.200000000000001	48.458606773216665
12.21	45.26617824107954
12.22	47.308844054357024
12.23	47.54692121917301
12.24	35.46352972693081
12.25	25.725202471532615
12.26	36.29876253710637
12.27	54.25739795389742
12.280000000000001	45.17964409417771
12.290000000000001	49.31363052832858
12.3	44.43728309192603
12.31	50.41362507649721
12.32	49.49462657810109
12.33	45.7851834859897
12.34	48.883199061054896
12.35	49.998328024819884
12.36	44.88354778096661
12.370000000000001	32.02057225475668
12.38	46.76490242866453
12.39	51.46000218524553
12.4	42.96756371557904
12.41	49.15229136137818
12.42	45.351554228310825
12.43	33.24587870674479
12.44	23.00770814379186
12.450000000000001	18.99136566901614
12.46	18.798872738237794
12.47	33.52319276262125
12.48	20.144989391379305
12.49	34.68996122397894
12.5	23.46404623898678
12.51	24.164891145019432
12.52	41.78785093488384
12.530000000000001	38.79613688367108
12.540000000000001	45.9759287570198
12.55	27.882864807323095
12.56	42.650406843666175
12.57	36.06369593281862
12.58	30.64581487893688
12.59	47.68132003597837
12.6	44.63075739992668
12.61	40.51735638425575
12.620000000000001	27.314467222586448
12.63	33.23013063985351
12.64	28.576718180910767
12.65	41.04451145260012
12.66	30.326853357599596
12.67	25.149454699618516
12.68	28.019368867233762
12.69	29.826599012005346
12.700000000000001	41.34430013543374
12.71	44.10621069070802
12.72	36.83172060253592
12.73	44.6463373212509
12.74	43.317309690653936
12.75	62.272175035982954
12.76	60.916928145235595
12.77	51.822066256288466
12.780000000000001	43.01734403082868
12.790000000000001	45.18054734969563
12.8	59.44072268510556
12.81	62.54722296908798
12.82	59.79978432965462
12.83	52.108958609103
12.84	43.83424497453569
12.85	24.178559085908958
12.86	17.461491349792045
12.870000000000001	38.08182527793299
12.88	32.62460296403652
12.89	34.90743813369445
12.9	35.5858206987626
12.91	36.429147576754985
12.92	32.28595902916821
12.93	31.053249659117593
12.94	43.83195679219274
12.950000000000001	44.101871210552495
12.96	57.64138456485732
12.97	48.38658617024321
12.98	49.00032793303708
12.99	37.8290367514591
13.0	26.755651892154063
13.01	34.50529716355345
13.02	33.098277051564686
13.030000000000001	26.260144403675636
13.040000000000001	41.24521485827806
13.05	35.34901990370853
13.06	29.87179761854482
13.07	36.788544285141676
13.08	34.67601651087972
13.09	48.28853460291552
13.1	53.02567014623028
13.11	53.839457628183965
13.120000000000001	51.547023281765995
13.13	53.45581642371486
13.14	48.92972136151036
13.15	34.794856974311294
13.16	34.10735086032537
13.17	39.00093534136239
13.18	51.22978432087497
13.19	55.103125407227225
13.200000000000001	50.32566371022034
13.21	66.18629034848445
13.22	56.376074265468425
13.23	61.16560083400053
13.24	53.48416641244666
13.25	58.18653748482154
13.26	50.4776064957593
13.27	39.50528839376429
13.280000000000001	33.75546941567718
13.290000000000001	40.17241416693589
13.3	46.74531577030427
13.31	53.622830293278405
13.32	46.64711964706152
13.33	58.06915541263774
13.34	52.10135319092757
13.35	61.23300266917375
13.36	51.941260584324226
13.370000000000001	36.670717214533255
13.38	40.38874116949424
13.39	39.24722752776196
13.4	32.145244117679
13.41	44.31659004850136
13.42	51.54456579065388
13.43	51.50755147572943
13.44	45.05437531088896
13.450000000000001	44.16814875940398
13.46	45.503008695926134
13.47	50.41451766928014
13.48	49.16643017093201
13.49	40.79678463968978
13.5	57.2423571087644
13.51	49.26876654654167
13.52	43.041937038397286
13.530000000000001	57.03418334475776
13.540000000000001	48.75861002746932
13.55	45.08414823226305
13.56	36.7116558311433
13.57	45.02027393195479
13.58	44.5329606071216
13.59	56.88600423635894
13.6	72.6293240058993
13.61	61.79162482105722
13.620000000000001	53.82337920841747
13.63	60.814626115643506
13.64	55.216874406160045
13.65	55.3413856221096
13.66	49.3920371090321
13.67	41.04573217743696
13.68	44.78886724570017
13.69	47.0980582953939
13.700000000000001	42.84046528481257
13.71	50.51260222502443
13.72	49.62147647544335
13.73	47.786387120362654
13.74	44.235980766844705
13.75	58.471623534987486
13.76	45.91150320581918
13.77	43.55166581198634
13.780000000000001	46.80521921259779
13.790000000000001	47.17698893343507
13.8	57.18294620308698
13.81	51.155406382148925
13.82	46.25434095334183
13.83	43.97248528970329
13.84	51.19419296355428
13.85	45.82389925328175
13.86	49.43161401363783
13.870000000000001	43.18487403377146
13.88	38.33662802493695
13.89	39.519784423573256
13.9	43.72489174452301
13.91	54.57907586694914
13.92	47.028744418027586
13.93	52.69026373008442
13.94	42.47862022344966
13.950000000000001	38.69964555380782
13.96	34.45546336182698
13.97	29.940979639058696
13.98	38.599456878792495
13.99	37.67381001302578
14.0	48.22750731837685
14.01	58.06570877917252
14.02	62.91184323609184
14.030000000000001	51.70431305707158
14.040000000000001	65.41538795318786
14.05	57.05123416205584
14.06	59.64322658785622
14.07	53.876833883888146
14.08	54.185698667148536
14.09	45.99452991488108
14.1	47.165487099387185
14.11	60.63101058677083
14.120000000000001	57.67470094796646
14.13	54.005341138339254
14.14	39.88868157689786
14.15	38.483942301081484
14.16	48.47854594697868
14.17	46.26917812328977
14.18	44.7443743792072
14.19	43.72579074759044
14.200000000000001	42.289629482576274
14.21	36.12369993243631
14.22	44.907142296515026
14.23	51.00850448522193
14.24	49.9896447158931
14.25	41.2387004499887
14.26	41.61473575797911
14.27	38.63486443811586
14.280000000000001	32.73480603822585
14.290000000000001	39.535863121752506
14.3	43.835304875312126
14.31	46.31842499866907
14.32	37.28425080649216
14.33	30.89448926286387
14.34	42.406075245355446
14.35	36.819547868476214
14.36	41.03428302907506
14.370000000000001	36.92286588732217
14.38	31.578905397330598
14.39	28.826149646025165
14.4	30.474626994096067
14.41	28.16901186483607
14.42	31.464839129561547
14.43	31.51824725953026
14.44	40.27285547435724
14.450000000000001	47.244700059668176
14.46	42.494873202485074
14.47	48.69653357076577
14.48	54.00831879070112
14.49	43.87255662967899
14.5	42.72923467101695
14.51	41.45894206873785
14.52	40.28037391824571
14.530000000000001	49.3200138666672
14.540000000000001	45.13015574558159
14.55	37.94321526003554
14.56	24.982484847135787
14.57	25.230847046433077
14.58	32.816616404612894
14.59	49.00647372792881
14.6	37.01496163512012
14.61	34.750232201929876
14.620000000000001	31.86069852550348
14.63	44.29402239953083
14.64	45.876385145301676
14.65	47.084179926727394
14.66	53.77239013630156
14.67	57.88374392535252
14.68	49.28229700191509
14.69	26.363818768086244
14.700000000000001	32.8700512106706
14.71	45.256901723097805
14.72	49.87369674697968
14.73	48.403929646385755
14.74	45.11681153354426
14.75	31.21598206380073
14.76	45.3153074012537
14.77	46.257341314676694
14.780000000000001	40.176898522335165
14.790000000000001	29.735503585205233
14.8	32.994594234445515
14.81	23.86858531502162
14.82	43.17129965783242
14.83	39.89345733652215
14.84	45.904750501631355
14.85	43.940375166350265
14.86	72.05705653409736
14.870000000000001	62.30171460391529
14.88	65.60081867466921
14.89	54.54595266299243
14.9	51.16965029604477
14.91	49.54199696870226
14.92	40.9111280105675
14.93	52.74863172262737
14.94	55.50504832934431
14.950000000000001	54.42150375107241
14.96	45.253447537334736
14.97	32.617660681695995
14.98	34.322205008153304
14.99	44.64372821911379
15.0	39.76222489949568
15.01	38.61839853411748
15.02	40.90171315561105
15.030000000000001	22.016170348465913
15.040000000000001	31.694635586220475
15.05	40.19499584474327
15.06	32.21782391755591
15.07	35.7496970451102
15.08	39.96071073195405
15.09	48.770107120393945
15.1	42.73586676035265
15.11	53.63233568120618
15.120000000000001	45.1770660591056
15.13	52.72018957427519
15.14	50.999640441822955
15.15	51.20189310341322
15.16	46.06332039489074
15.17	41.473002197164995
15.18	49.93080658762364
15.19	39.35435046013463
15.200000000000001	24.632048886466695
15.21	46.27449815954889
15.22	55.24442293894197
15.23	53.91241964412943
15.24	38.84131848658573
15.25	59.4342865478526
15.26	52.06567940540953
15.27	56.84817175365614
15.280000000000001	64.46280531567646
15.290000000000001	52.333911533054604
15.3	45.20618589067989
15.31	48.097424550278056
15.32	44.28028447087218
15.33	37.90019293724431
15.34	27.81880414065859
15.35	16.568806153043383
15.36	15.00034563527944
15.370000000000001	13.445222405907716
15.38	13.01471404230589
15.39	9.119787138481746
15.4	14.299734354629667
15.41	43.125906751026086
15.42	42.50882431645404
15.43	34.44320477599762
15.44	30.869588235069777
15.450000000000001	31.058055448535377
15.46	53.17730700961835
15.47	74.19590379069903
15.48	57.893641671741634
15.49	42.128852624262905
15.5	38.17398006360521
15.51	36.568721566116594
15.52	36.65662342712646
15.530000000000001	29.28904905294887
15.540000000000001	26.436954043476856
15.55	42.155984976305824
15.56	43.491455900926894
15.57	42.52876855089352
15.58	48.594313382647655
15.59	41.050490027281946
15.6	54.48248321112251
15.610000000000001	42.87666896554875
15.620000000000001	45.85831686578381
15.63	47.591974129398515
15.64	49.091024110064815
15.65	53.699263363483205
15.66	54.02243542677213
15.67	33.60970533036154
15.68	27.099356247564764
15.69	21.84566481909109
15.700000000000001	22.291702535869334
15.71	31.86352338253794
15.72	27.516849639719776
15.73	28.503924595156292
15.74	35.76073649934127
15.75	46.27240610244772
15.76	43.63314451922163
15.77	40.77358423782589
15.780000000000001	40.346960000508794
15.790000000000001	39.26547563027192
15.8	52.37592712014663
15.81	56.968950490918274
15.82	62.90033630162559
15.83	58.151345286261105
15.84	58.49599134805597
15.85	54.110854391141075
15.860000000000001	54.48509705007483
15.870000000000001	51.7764024936255
15.88	38.12573185302284
15.89	41.80218334334002
15.9	48.464559429898806
15.91	52.281578444615455
15.92	56.340541594615395
15.93	48.056014688122914
15.94	59.65578531989642
15.950000000000001	41.968993590638874
15.96	42.79659704997363
15.97	57.81592078372503
15.98	66.96050739038829
15.99	53.48859454027496
16.0	46.910409230062285
16.01	36.57551171631215
16.02	32.99906556293248
16.03	40.015618221564054
16.04	37.79425965026049
16.05	39.02773668342916
16.06	42.60109459002523
16.07	46.43033979912758
16.080000000000002	39.37901851287042
16.09	56.22858917951799
16.1	55.36480820060057
16.11	40.0472122289173
16.12	28.053126276080594
16.13	34.99987983394601
16.14	36.63223629775567
16.15	51.830427454404145
16.16	39.075786415443304
16.17	49.09280378457951
16.18	43.14510616866862
16.19	51.545399909087074
16.2	42.57791725077437
16.21	50.69714882855909
16.22	48.931346556919166
16.23	35.24530176845585
16.240000000000002	28.16226879734051
16.25	21.34091825679747
16.26	18.814880574468326
16.27	32.11488208006766
16.28	49.26370984243927
16.29	56.83346242615679
16.3	47.67154216068694
16.31	43.7696070051437
16.32	44.92749974736389
16.330000000000002	30.46306074131705
16.34	28.391047858461118
16.35	33.74201884813877
16.36	35.779190475138556
16.37	41.96396100245703
16.38	44.05392690318258
16.39	51.53647928228896
16.4	37.83814867453362
16.41	46.81291402201652
16.42	39.95674259191059
16.43	37.16825245536376
16.44	36.36369364645337
16.45	39.524268686409194
16.46	45.61988031776871
16.47	48.19698493739236
16.48	38.13656114645245
16.490000000000002	37.21076772025238
16.5	29.483328111075522
16.51	26.49566147603253
16.52	34.05898318414286
16.53	35.3901638499157
16.54	32.07271701266935
16.55	32.55855903794497
16.56	50.108310666768155
16.57	44.32503453722067
16.580000000000002	55.2047566388033
16.59	45.164571549460156
16.6	39.65540153414922
16.61	48.291617919464066
16.62	44.60422528377523
16.63	52.64666511669065
16.64	47.341268973753735
16.65	50.23800341328478
16.66	53.00027344857614
16.67	48.44438471929857
16.68	41.36626352584892
16.69	41.88808693263736
16.7	39.23006302451173
16.71	38.55150017796674
16.72	49.36044290122026
16.73	41.680350464236184
16.740000000000002	27.74987189508421
16.75	27.520932295824785
16.76	29.479981245777378
16.77	49.68234907316548
16.78	51.35109673990176
16.79	50.20016412580629
16.8	53.01083021437
16.81	39.48315296282502
16.82	39.693631358963295
16.830000000000002	32.710255646689646
16.84	33.37515441306003
16.85	45.8940408658834
16.86	51.2249052632304
16.87	48.5089261717232
16.88	57.2883893539835
16.89	48.111388577592535
16.9	45.501070544940895
16.91	31.587097597652022
16.92	38.92529951269052
16.93	41.45650719955953
16.94	32.29553960317527
16.95	41.049334819431415
16.96	38.84632422087449
16.97	40.721665857414436
16.98	56.0769106255299
16.990000000000002	54.824565028905155
17.0	43.548264229178095
17.01	61.4840917731291
17.02	56.31948135723198
17.03	46.2187662444328
17.04	35.8823892104558
17.05	25.931867866710046
17.06	26.26747763928752
17.07	22.41329397363312
17.080000000000002	28.20308533806817
17.09	34.49374173446331
17.1	43.80873733028598
17.11	46.26802053923967
17.12	43.68001529965392
17.13	46.76429514449921
17.14	48.1306214380462
17.150000000000002	45.346990466299744
17.16	41.79949577315824
17.17	42.254768108831094
17.18	34.64020721319411
17.19	38.7076360012779
17.2	42.93827070589929
17.21	36.24705746958957
17.22	43.581856956333446
17.23	47.06741188531506
17.240000000000002	48.00329425387009
17.25	61.61543773058261
17.26	46.086956606338454
17.27	40.43005678777665
17.28	47.231354731830095
17.29	54.771744334306575
17.3	38.122875697146966
17.31	35.58809037207365
17.32	42.96763372535891
17.330000000000002	43.270800647743435
17.34	30.342528198548933
17.35	34.67576143563844
17.36	35.118573619449336
17.37	33.50049037239387
17.38	33.2540759474876
17.39	37.9806388609561
17.400000000000002	53.4526201096631
17.41	50.051668842051505
17.42	50.15178570432043
17.43	58.80260795007164
17.44	56.249314549408275
17.45	49.63242658586452
17.46	44.84662378502347
17.47	36.0314360958501
17.48	29.73103609243506
17.490000000000002	44.961823435591064
17.5	46.46997960727904
17.51	42.56886435581098
17.52	33.500912438945306
17.53	25.95393137450358
17.54	35.20429524111703
17.55	42.57092790301033
17.56	42.259752811230435
17.57	41.129114611940786
17.580000000000002	38.16997696110479
17.59	34.74318953014791
17.6	32.06289479440598
17.61	33.46994417230666
17.62	30.415351896242772
17.63	45.973464447194075
17.64	52.85425501481748
17.650000000000002	37.02347138039435
17.66	24.555213187143497
17.67	42.04513399730481
17.68	44.194462163121344
17.69	41.749802848646645
17.7	42.87694252911547
17.71	57.193686510069696
17.72	44.91050868045236
17.73	39.76430145533535
17.740000000000002	40.762958450403175
17.75	48.50520643658021
17.76	42.4630402307665
17.77	41.899326412090446
17.78	40.85589710490183
17.79	37.69238705707532
17.8	34.88275552319888
17.81	32.74504006123569
17.82	51.8999848374925
17.830000000000002	43.41013895825739
17.84	29.860791524990386
17.85	13.10030863754763
17.86	23.338664771381517
17.87	30.482444119890232
17.88	26.810677690244223
17.89	36.72656208475545
17.900000000000002	39.401593943818526
17.91	41.49646982288515
17.92	39.86776864804176
17.93	35.46539995132596
17.94	34.70443175893269
17.95	33.578091043747776
17.96	25.038579835326587
17.97	34.421120695317875
17.98	42.79735013163783
17.990000000000002	31.906752432894475
18.0	22.207956220114216
18.01	29.763989261550986
18.02	34.9232796799821
18.03	32.72830806877059
18.04	29.81963071104238
18.05	47.91245368979509
18.06	45.198114593658445
18.07	44.29534865623754
18.080000000000002	38.86664413116745
18.09	51.870315845215224
18.1	46.28076326197933
18.11	35.29290797667681
18.12	52.596095162753016
18.13	47.67481665749719
18.14	49.06263183756908
18.150000000000002	51.03383866289228
18.16	39.377960969113005
18.17	64.22846859715287
18.18	52.54535629930326
18.19	44.65936106651359
18.2	42.30557639515361
18.21	55.70238339175895
18.22	50.936154189395715
18.23	50.607824392723465
18.240000000000002	52.04969962695771
18.25	46.95470480004139
18.26	36.465194981128775
18.27	40.9863617724208
18.28	38.25731486899439
18.29	36.57429497431754
18.3	62.195386055750355
18.31	58.15979897646213
18.32	59.66417798542555
18.330000000000002	54.84318361541442
18.34	47.56205181062191
18.35	32.763838171683055
18.36	24.57727122006261
18.37	49.37167303321496
18.38	35.29909463180032
18.39	44.22453108862971
18.400000000000002	45.07949327053261
18.41	50.15608697118615
18.42	36.593965175825225
18.43	22.79537915327427
18.44	32.85204144058351
18.45	37.56570361337269
18.46	55.30388766822943
18.47	52.3872989864099
18.48	42.00784416558878
18.490000000000002	36.06142733563466
18.5	39.99563827292378
18.51	38.06674449212961
18.52	32.90393712759393
18.53	49.556576411719846
18.54	41.0223436205132
18.55	31.2463610983714
18.56	34.40896871734739
18.57	36.04114153390768
18.580000000000002	50.21969495071249
18.59	40.97496151800643
18.6	25.03076821372457
18.61	37.01999427847631
18.62	45.75344711813428
18.63	54.18192766496056
18.64	50.36865450036376
18.650000000000002	38.52002403182558
18.66	35.388312480004025
18.67	54.74815790118099
18.68	45.938446112469585
18.69	50.94845958657668
18.7	42.11268013931481
18.71	42.70092374461564
18.72	39.198837834614906
18.73	38.484858704204534
18.740000000000002	58.36653328195637
18.75	51.84856643136821
18.76	55.935831115101514
18.77	53.41654461827061
18.78	58.56157303155734
18.79	52.84847306637072
18.8	44.18351667729632
18.81	31.10281295120958
18.82	25.609804162438977
18.830000000000002	39.215190983074734
18.84	45.19563107303563
18.85	54.7286770415432
18.86	50.90784565444884
18.87	42.63578278834471
18.88	31.387919600601414
18.89	28.083762032046163
18.900000000000002	17.287149685832023
18.91	23.17730264473673
18.92	47.43233540723227
18.93	45.07001196729191
18.94	40.45671321708068
18.95	51.74940926100874
18.96	39.06136143997889
18.97	42.9788572107295
18.98	45.687837887461924
18.990000000000002	44.58308760580116
19.0	39.38798045963254
19.01	46.674233998642066
19.02	44.43886738169534
19.03	35.924360202644245
19.04	56.75433684488022
19.05	51.30661843223449
19.06	37.3481493038369
19.07	42.79438302363396
19.080000000000002	39.69403865571202
19.09	32.99820881508101
19.1	43.79338898464971
19.11	42.910184661026584
19.12	43.50031463155796
19.13	41.12041888129145
19.14	41.303056285802064
19.150000000000002	32.307008010129586
19.16	53.95051849622204
19.17	53.696705438977745
19.18	48.95621930756659
19.19	41.642350688741125
19.2	38.70687314878587
19.21	57.74160947828866
19.22	52.95908759150932
19.23	55.055014621480815
19.240000000000002	50.86056760823818
19.25	37.1104863400157
19.26	49.77776806533251
19.27	43.58761754766986
19.28	45.90302241675869
19.29	43.99209761485901
19.3	39.54398387353147
19.31	35.29841811795947
19.32	25.321568767623564
19.330000000000002	23.65023286158729
19.34	42.84207906365899
19.35	54.41061342267825
19.36	48.785364877840834
19.37	47.40064298036643
19.38	52.586911579241345
19.39	56.911530375216465
19.400000000000002	51.713250962409376
19.41	41.931668813435714
19.42	25.347309093899426
19.43	47.84000127953802
19.44	58.21116856464391
19.45	53.84857122359488
19.46	57.740867553933334
19.47	63.98927875211076
19.48	57.85324715456999
19.490000000000002	46.518029482198514
19.5	40.98525136401323
19.51	32.0906706061519
19.52	37.02954662730982
19.53	23.83671080169093
19.54	10.874863161855862
19.55	33.4563026760093
19.56	32.128849307391064
19.57	49.17406234268564
19.580000000000002	38.90475700158432
19.59	40.15631254549803
19.6	41.121927809245946
19.61	46.47020149923649
19.62	37.05780416099791
19.63	40.07267972932647
19.64	35.89760254609919
19.650000000000002	36.46195107970036
19.66	27.985739782579536
19.67	36.82791086880523
19.68	36.84476765563401
19.69	29.17752734618478
19.7	28.5534630287938
19.71	50.034370306348826
19.72	37.69464286522436
19.73	43.03896970020257
19.740000000000002	33.58536846058995
19.75	41.548168060478886
19.76	27.5070375601411
19.77	39.84556383715206
19.78	39.073794207148794
19.79	52.964926159555745
19.8	52.215214230614286
19.81	40.37411286742413
19.82	41.508274565259555
19.830000000000002	49.78359324676081
19.84	46.20525108208415
19.85	45.454187916800535
19.86	46.25647637015973
19.87	40.97191904445232
19.88	49.694555736457154
19.89	59.71800401347958
19.900000000000002	53.94822267977204
19.91	66.42871803494428
19.92	53.68526218167569
19.93	45.522534416774036
19.94	49.8619441417969
19.95	60.7019937714043
19.96	53.79743924554653
19.97	55.34718071749154
19.98	40.302495383636625
19.990000000000002	44.40128083721256
20.0	45.98079312257749
20.01	40.2956911241424
20.02	38.10154456128973
20.03	39.39774466474838
20.04	31.758280071060312
20.05	42.35331906768954
20.06	41.42359450000536
20.07	42.55134822725528
20.080000000000002	39.3287275856727
20.09	22.11301284731111
20.1	35.54758452807742
20.11	34.26515019540683
20.12	29.446962935129456
20.13	28.796176937571865
20.14	48.55638326726028
20.150000000000002	34.41220378849622
20.16	39.92026873420958
20.17	52.927873618446604
20.18	41.15916293702312
20.19	35.15363844954806
20.2	34.229489219465805
20.21	35.864188803402755
20.22	21.3326794914339
20.23	42.463972116821914
20.240000000000002	34.961513649443724
20.25	24.88784005467026
20.26	45.80854190783903
20.27	46.46567127605464
20.28	37.888040280559345
20.29	36.495111503881084
20.3	61.93305672912398
20.31	65.67192516699892
20.32	49.15406086799609
20.330000000000002	43.01849506364862
20.34	33.32921488214572
20.35	42.96091643779971
20.36	39.742697272412364
20.37	47.00493153238033
20.38	54.7835384918972
20.39	42.48877430332415
20.400000000000002	41.43231713471442
20.41	37.04385617296605
20.42	39.50672673381246
20.43	29.154780646248657
20.44	23.35694725302682
20.45	13.411979147116893
20.46	19.052614015612075
20.47	34.08292404665057
20.48	29.557200591271556
20.490000000000002	40.25468232674368
20.5	38.54173783367028
20.51	49.134942055433235
20.52	41.320019781422914
20.53	40.42052450407901
20.54	37.781483236405734
20.55	30.617368419177172
20.56	32.434984052014705
20.57	43.526326560349496
20.580000000000002	43.511480007307945
20.59	37.29134598418157
20.6	32.47444800978537
20.61	37.44838728000823
20.62	39.8971963935445
20.63	25.475362748058025
20.64	23.40127960296646
20.650000000000002	20.705340774746332
20.66	30.809770969038816
20.67	50.3823837201138
20.68	40.737581051619685
20.69	45.88052992775303
20.7	40.357169069666035
20.71	32.344449301010606
20.72	52.44699560613591
20.73	46.24658755355513
20.740000000000002	49.24900838890176
20.75	56.23029885159841
20.76	36.86663988566127
20.77	44.51725644097759
20.78	31.9059060525728
20.79	48.525023117405766
20.8	63.97809162729954
20.81	51.57920041209597
20.82	47.848412854655884
20.830000000000002	45.147118378991465
20.84	45.43265245860684
20.85	56.24047184847298
20.86	40.16490632114475
20.87	40.7282137012902
20.88	31.362396276891335
20.89	41.88174790476772
20.900000000000002	29.63810362450831
20.91	43.131607711986284
20.92	50.81489815239079
20.93	51.500849793946415
20.94	59.0320712767043
20.95	57.26342020857134
20.96	49.551699991090885
20.97	47.02402209186857
20.98	41.103896026391425
20.990000000000002	35.34383535031897
21.0	31.10414987465841
21.01	23.09391288214881
21.02	18.829826796500473
21.03	23.990144486130564
21.04	38.204741451212826
21.05	37.87724784800056
21.06	37.2026977354553
21.07	44.82762373007003
21.080000000000002	46.78186008661508
21.09	36.126005454344124
21.1	33.017158579645596
21.11	32.075479367083744
21.12	39.43063715500125
21.13	49.178967382902194
21.14	41.02267721401952
21.150000000000002	47.361705771779
21.16	44.95515789469336
21.17	37.023461123355716
21.18	34.00626738537327
21.19	40.16939628858551
21.2	31.585337215584588
21.21	22.192659683040894
21.22	30.113310533654357
21.23	38.07316498348035
21.240000000000002	21.644335950912613
21.25	31.280797817724395
21.26	33.86182370861929
21.27	24.117822050604595
21.28	43.345467257117264
21.29	44.21474168154698
21.3	40.15598924423966
21.31	34.474244847454635
21.32	50.53605761119251
21.330000000000002	42.540964304145554
21.34	55.61868086201309
21.35	69.35024251343496
21.36	58.95335710218236
21.37	57.39854805847609
21.38	54.069048068166154
21.39	52.974651432657936
21.400000000000002	47.68277126458793
21.41	45.67401667296131
21.42	51.50163230655189
21.43	33.32384167610499
21.44	49.29958959443048
21.45	49.07952861574265
21.46	47.27156725013541
21.47	54.34091557562078
21.48	66.67149839878348
21.490000000000002	56.53413417671151
21.5	65.74902948273056
21.51	69.24658938841908
21.52	59.91100838315953
21.53	56.91755837924829
21.54	50.01590337711421
21.55	55.88119114706668
21.56	67.27393245180839
21.57	53.555151806735715
21.580000000000002	51.20244576388042
21.59	56.15171412487875
21.6	48.4820742662902
21.61	58.74942419852008
21.62	47.99688384685741
21.63	48.196608377671346
21.64	35.241440850012594
21.650000000000002	30.81353037705919
21.66	22.71668214185669
21.67	26.251102038228385
21.68	18.760115031251093
21.69	27.51051922480126
21.7	27.349907501588447
21.71	18.60221678454376
21.72	43.21574287957487
21.73	37.887819344317535
21.740000000000002	36.440846978434884
21.75	39.44275626209078
21.76	42.45761150510734
21.77	39.35198204778142
21.78	38.28407067441761
21.79	48.75542323298187
21.8	37.581365873530295
21.81	28.651869096258228
21.82	15.146609049040805
21.830000000000002	21.79108377513545
21.84	42.52018959688396
21.85	38.89311882057882
21.86	45.81184681369871
21.87	49.32171345315217
21.88	48.01939902629777
21.89	37.88045217015925
21.900000000000002	37.110088920002255
21.91	16.487264928771822
21.92	5.687399449092278
21.93	16.98773832724162
21.94	23.497957696940453
21.95	32.644690223822884
21.96	51.139944278731846
21.97	59.069212594775486
21.98	61.18525188362885
21.990000000000002	51.4718884045523
22.0	48.48371981721861
22.01	26.973048356168533
22.02	32.21983085759184
22.03	23.057446524704314
22.04	17.92913401617453
22.05	25.052553448100234
22.06	36.42629644943759
22.07	28.06020992849982
22.080000000000002	33.980595827058245
22.09	46.41998730246384
22.1	50.09651881509066
22.11	44.41082786228841
22.12	42.611946409231244
22.13	50.108411348966094
22.14	49.63156284028084
22.150000000000002	57.30143978845936
22.16	53.47039533473233
22.17	59.25939417582712
22.18	56.1147867187635
22.19	53.36415842059724
22.2	58.65777164025
22.21	42.93310005944519
22.22	42.86882397463847
22.23	42.51072947809359
22.240000000000002	39.155363573075995
22.25	49.86360071310203
22.26	52.89877464893982
22.27	56.47747450236603
22.28	50.72526869647694
22.29	43.16451443450516
22.3	34.534651885124774
22.31	29.929724347413774
22.32	21.60648330615991
22.330000000000002	21.12321891831356
22.34	16.09225650581553
22.35	11.270779644271936
22.36	13.148506281886819
22.37	17.832716840955705
22.38	29.210143093869718
22.39	19.772532598226494
22.400000000000002	19.13143627241766
22.41	14.73603906336326
22.42	32.70706296158057
22.43	31.72597085895763
22.44	19.435203645693296
22.45	31.60447120821926
22.46	23.65179964402001
22.47	39.5368600583789
22.48	45.74161136216077
22.490000000000002	44.656114502115486
22.5	57.12977269397982
22.51	50.223278255463164
22.52	49.81266395503175
22.53	57.85830752273516
22.54	46.11276715112788
22.55	50.29583953682102
22.56	58.01449437301958
22.57	55.77878150301786
22.580000000000002	53.70367903156008
22.59	51.529544369756834
22.6	65.04109538340332
22.61	67.02960467727553
22.62	53.539122240312146
22.63	46.155456245412104
22.64	50.63492155546859
22.650000000000002	52.453086073008386
22.66	46.15106245919245
22.67	43.894260822188954
22.68	46.621877911586715
22.69	52.446352001859964
22.7	53.21146246974166
22.71	51.839656496840135
22.72	49.828261620021
22.73	38.84836144890957
22.740000000000002	33.276780257760066
22.75	26.148620088052983
22.76	25.627489147775826
22.77	26.798293546623466
22.78	30.125406373896876
22.79	35.18146904444587
22.8	41.627243130036724
22.81	34.784401847782135
22.82	41.51051719520579
22.830000000000002	45.37025821012641
22.84	50.914464029821204
22.85	36.92009453250911
22.86	28.752469791651276
22.87	33.869998278570584
22.88	49.34900734591688
22.89	38.6803162242014
22.900000000000002	45.67324150952332
22.91	43.004537063850954
22.92	43.30600817907808
22.93	59.303482541398296
22.94	67.22152146202922
22.95	60.50814014556507
22.96	45.23186592791903
22.97	43.677322811069324
22.98	47.822370784661274
22.990000000000002	40.09614534448
23.0	44.620543961180964
23.01	54.11815239541661
23.02	42.54658971573074
23.03	36.59193695995666
23.04	39.062851951589344
23.05	34.2631387062316
23.06	41.80824924453077
23.07	57.36969657951391
23.080000000000002	63.62662935879281
23.09	63.53724584454821
23.1	48.511327820678595
23.11	42.14390037283234
23.12	44.69657737199531
23.13	43.782353965544814
23.14	48.74544212068589
23.150000000000002	52.475130430244576
23.16	44.37816766425819
23.17	46.7143830636252
23.18	23.534823934955906
23.19	23.96744858658015
23.2	30.728908786586825
23.21	39.29162015166851
23.22	33.817277470468625
23.23	41.430217279617615
23.240000000000002	46.29677836886111
23.25	45.206833859340925
23.26	56.32939342046803
23.27	40.29798660219195
23.28	45.01980393588607
23.29	49.83993619085284
23.3	35.240454941698076
23.31	30.977271562642137
23.32	32.3002361756632
23.330000000000002	37.37383492127417
23.34	40.50682745276603
23.35	29.347512121453057
23.36	32.11378300563178
23.37	33.85336737345276
23.38	52.100459821375146
23.39	50.82428991348624
23.400000000000002	43.37543287723844
23.41	52.661647262238
23.42	36.26566242154333
23.43	41.67456019005068
23.44	45.930612943431974
23.45	48.00768027988904
23.46	46.80320281941138
23.47	48.687908251497845
23.48	43.006543347208854
23.490000000000002	36.22396373293465
23.5	34.39150772536206
23.51	43.27007470054698
23.52	42.706496723398345
23.53	41.442121863715236
23.54	39.172230341955576
23.55	47.491811495888484
23.56	53.44005597544951
23.57	54.7185012542672
23.580000000000002	47.37365223678339
23.59	32.88150494162686
23.6	32.52226197371412
23.61	47.11912175151117
23.62	45.93098754367958
23.63	42.26704260569916
23.64	39.31326659971265
23.650000000000002	27.822363122506083
23.66	27.144262666010395
23.67	31.11595773029881
23.68	44.07985025929165
23.69	44.41671403329686
23.7	43.388332132166255
23.71	33.126243090974604
23.72	30.628890514764446
23.73	29.486112751612165
23.740000000000002	37.708064432430525
23.75	39.63561680943419
23.76	43.58115255170046
23.77	52.026739003391036
23.78	42.16992154399594
23.79	31.223938047750277
23.8	44.61867306769321
23.81	48.87434972612175
23.82	48.103353266673764
23.830000000000002	47.19230121585066
23.84	43.89585547192273
23.85	53.68892218468821
23.86	57.691793527564705
23.87	44.21804982587892
23.88	43.83782575520863
23.89	39.96060627956889
23.900000000000002	37.37900143347736
23.91	52.2832175429547
23.92	53.939238244137826
23.93	46.00558975237577
23.94	53.76284242542352
23.95	52.059337588880915
23.96	49.02933183691741
23.97	43.76649771039228
23.98	46.37807334645155
23.990000000000002	45.47451950468848
24.0	37.78921656223635
24.01	33.47996380288662
24.02	39.22969754864965
24.03	49.6094268312884
24.04	53.84227622348332
24.05	62.0745445492612
24.060000000000002	55.258525438394166
24.07	40.056955543126456
24.080000000000002	32.96778094314956
24.09	38.8227445526619
24.1	34.10024424656063
24.11	29.13652620502431
24.12	35.665060391020596
24.13	39.67291449444864
24.14	30.180837621656785
24.150000000000002	43.705523793220294
24.16	40.52367158146137
24.17	27.314952665365396
24.18	38.098286783028385
24.19	43.88243653057821
24.2	40.73234934310258
24.21	46.167672455680155
24.22	42.849289420723856
24.23	28.981939555302006
24.240000000000002	16.797374126991993
24.25	33.500974856852835
24.26	45.166669004854874
24.27	44.20510432924344
24.28	35.61789864497154
24.29	40.41121181538551
24.3	55.69314657198897
24.310000000000002	51.07911038065015
24.32	44.62715196169295
24.330000000000002	54.79373949035296
24.34	49.57354343698109
24.35	44.65807450023443
24.36	37.332706680375715
24.37	45.363549528215884
24.38	47.20800631477076
24.39	42.28012608552357
24.400000000000002	50.187855450974574
24.41	47.672713744538505
24.42	44.64957509598648
24.43	55.88002454794103
24.44	48.636983411015024
24.45	53.63180372973298
24.46	49.14588111467815
24.47	44.899588640912754
24.48	36.17265465969132
24.490000000000002	39.08119427648518
24.5	45.814633062549355
24.51	62.527386153837725
24.52	58.86447280043242
24.53	53.72951629521689
24.54	51.05828275055675
24.55	45.88094065409987
24.560000000000002	49.123336342690166
24.57	50.456012213485074
24.580000000000002	50.9129146006182
24.59	66.4596077503495
24.6	61.510282110190445
24.61	51.37825990555245
24.62	57.34053113660677
24.63	42.99342492145888
24.64	46.810570505859616
24.650000000000002	46.853814655672934
24.66	48.191663973288904
24.67	48.357649766026384
24.68	58.46407876217016
24.69	50.88690057705259
24.7	43.47769896181898
24.71	48.069114317930584
24.72	49.69620126785208
24.73	53.20251550204048
24.740000000000002	51.47033202534957
24.75	56.719528164947
24.76	43.51953066553102
24.77	39.033916675934734
24.78	48.62985236604077
24.79	33.27538939308564
24.8	27.861531383131485
24.810000000000002	18.368180311199577
24.82	30.210259209420208
24.830000000000002	45.65310006654514
24.84	61.0221920607546
24.85	63.66379886477719
24.86	51.98263131484184
24.87	49.38287172308208
24.88	34.719571273911136
24.89	36.49395243662801
24.900000000000002	44.05154707359301
24.91	42.0428594462278
24.92	44.99885599080726
24.93	39.52235828446014
24.94	44.13326464964084
24.95	49.30064715794008
24.96	33.66206582580641
24.97	29.855645823082707
24.98	29.610142250830055
24.990000000000002	26.03064140527173
25.0	41.03302130290309
25.01	45.728332222676016
25.02	51.1933434218878
25.03	50.97947301198175
25.04	53.63004139162148
25.05	58.32187064165631
25.060000000000002	50.310691590483515
25.07	39.71484447675728
25.080000000000002	33.070037226282935
25.09	25.801899849635113
25.1	38.79895796906164
25.11	43.94869836481432
25.12	42.51821416896813
25.13	34.82431743234602
25.14	48.64312297806546
25.150000000000002	53.452916854739016
25.16	57.35899249648813
25.17	53.62739127827161
25.18	58.25537881697102
25.19	51.91357453997475
25.2	48.69207998690928
25.21	59.39840306498721
25.22	46.049906310843795
25.23	46.90355865414064
25.240000000000002	35.1639630042935
25.25	51.2521047985732
25.26	52.4916517748054
25.27	61.67539378544965
25.28	63.00470245201167
25.29	54.38029534906932
25.3	61.33733809664191
25.310000000000002	60.52403514624184
25.32	48.160701285949685
25.330000000000002	56.2635587365504
25.34	51.21103254145253
25.35	57.697071062817955
25.36	58.87666498938324
25.37	53.44907197234634
25.38	52.52223735535463
25.39	53.02655126224845
25.400000000000002	43.82176829723392
25.41	59.76123521864891
25.42	61.010772506930614
25.43	53.71847934182499
25.44	49.628460873996076
25.45	47.78060330545837
25.46	52.195175065073926
25.47	43.305415877675294
25.48	40.71302104857831
25.490000000000002	51.251696125124994
25.5	42.892498620230306
25.51	57.316933993267384
25.52	46.970435175164376
25.53	36.1982813125686
25.54	41.782557176429336
25.55	49.06349958729842
25.560000000000002	52.93736019517822
25.57	46.901918762761746
25.580000000000002	40.67119240223854
25.59	46.615761917802836
25.6	53.48284247741165
25.61	47.489403817615525
25.62	45.94183164821151
25.63	57.01110081980131
25.64	61.17571210778739
25.650000000000002	57.085257206127224
25.66	56.85039840903428
25.67	62.07091902583677
25.68	62.06808364043732
25.69	52.943594989998225
25.7	47.77801379487053
25.71	36.13089383348542
25.72	47.42707908504025
25.73	46.88547592747457
25.740000000000002	54.70878522519599
25.75	39.685064284357416
25.76	45.56379158917387
25.77	47.53682575010254
25.78	50.48122722455266
25.79	51.42547038202453
25.8	47.446999344058234
25.810000000000002	44.44971498729072
25.82	51.34546210318027
25.830000000000002	52.58686254310494
25.84	42.48789942278164
25.85	34.42560629679473
25.86	49.181051140107606
25.87	42.11962518888837
25.88	41.69307822451746
25.89	47.798185220371714
25.900000000000002	69.65168600980685
25.91	66.44045681664028
25.92	59.49659482946952
25.93	65.57856658074859
25.94	53.828801862840926
25.95	66.47457376278005
25.96	54.33193693431274
25.97	45.35301434835569
25.98	49.82625458803354
25.990000000000002	55.85761647081232
26.0	59.14783906215231
26.01	42.21784367201761
26.02	45.52760858436234
26.03	35.40808296385378
26.04	47.90907964125841
26.05	44.9542676379273
26.060000000000002	28.52602865681095
26.07	46.1547716076608
26.080000000000002	51.65096201461251
26.09	34.62335643948156
26.1	27.0382517110031
26.11	33.17903271207628
26.12	39.23678128777727
26.13	31.21264408552647
26.14	34.33949206598175
26.150000000000002	27.450912979488574
26.16	36.02742609838243
26.17	43.95287012048506
26.18	41.11532463911924
26.19	45.682876457536224
26.2	33.1629491233772
26.21	35.10568581488144
26.22	28.008277884386438
26.23	37.486740975037876
26.240000000000002	34.686115870774735
26.25	44.505956100197125
26.26	45.857030646274396
26.27	53.13954873255302
26.28	50.972504391147545
26.29	51.51529323263734
26.3	61.05510153094777
26.310000000000002	52.10457841180184
26.32	53.02426541836221
26.330000000000002	45.92121293195433
26.34	42.201104069536825
26.35	37.19728069005257
26.36	18.976735126088162
26.37	40.66235138797355
26.38	53.90219844283593
26.39	45.355103512224865
26.400000000000002	53.827279260968524
26.41	35.86471157981323
26.42	44.77148351260671
26.43	38.310851005102556
26.44	45.339793634041335
26.45	39.471696022688754
26.46	31.81748957882998
26.47	32.33968400776065
26.48	17.405158535834154
26.490000000000002	31.94835930685405
26.5	40.46369660665807
26.51	49.04391982375896
26.52	39.88703268097436
26.53	60.92110489889031
26.54	51.71118528550882
26.55	48.546466581036356
26.560000000000002	55.252707987451465
26.57	50.27131253175361
26.580000000000002	48.67945287101994
26.59	44.13194947104708
26.6	34.49048352420213
26.61	42.27814279703941
26.62	40.49591973125796
26.63	31.184466242203555
26.64	29.70791107650459
26.650000000000002	37.86371888455095
26.66	34.49234051894356
26.67	42.855029929478924
26.68	47.96630965005986
26.69	46.025614381362814
26.7	42.0087684468041
26.71	44.00170628847705
26.72	30.67092958401739
26.73	27.879183423442072
26.740000000000002	36.867899316418054
26.75	31.93639419790438
26.76	26.843951998528098
26.77	28.74178320599509
26.78	23.597834016804793
26.79	31.82241424843507
26.8	46.98375108561073
26.810000000000002	42.35956640789014
26.82	53.04903062325845
26.830000000000002	55.55518754061956
26.84	54.984655909960125
26.85	55.180247930538606
26.86	46.55486898234851
26.87	51.77062908137645
26.88	43.20542385485
26.89	35.05775728454651
26.900000000000002	42.037853880474685
26.91	35.81575216119604
26.92	8.500256177903289
26.93	24.3593399182202
26.94	27.080302368206922
26.95	50.377489389626646
26.96	39.31685912420058
26.97	27.558749738845595
26.98	25.97696391327817
26.990000000000002	18.19941632268458
27.0	35.60373053655561
27.01	44.800802707420594
27.02	38.3925500808573
27.03	43.83302957233316
27.04	42.301134758262315
27.05	45.10151423469857
27.060000000000002	43.129733232519534
27.07	37.35429279028753
27.080000000000002	42.9801412021684
27.09	56.76492502393268
27.1	54.59247361072288
27.11	54.95453396732563
27.12	62.47741055454356
27.13	52.055566982426335
27.14	36.417055228418064
27.150000000000002	46.5941135514762
27.16	42.99244372387138
27.17	46.24395788920288
27.18	48.79422944595836
27.19	45.84842645279144
27.2	40.743985412380596
27.21	38.911027049589165
27.22	31.535395184209165
27.23	41.764137433161764
27.240000000000002	40.63950452268094
27.25	39.8603266157859
27.26	33.667191653583615
27.27	24.96518601998255
27.28	28.267654696545392
27.29	23.714428202259644
27.3	23.939988081133453
27.310000000000002	31.432590238089382
27.32	38.21054938263248
27.330000000000002	24.33410278799637
27.34	21.911589055640334
27.35	30.236585263126926
27.36	27.55853734621408
27.37	31.72333708180728
27.38	36.78582218051597
27.39	46.48972517548008
27.400000000000002	50.323653397572315
27.41	40.17817738034205
27.42	37.433631285375455
27.43	45.30803946238627
27.44	33.11316612725229
27.45	29.344348755539734
27.46	22.654527586026134
27.47	29.197638346938977
27.48	29.847891170986024
27.490000000000002	23.92718268753078
27.5	38.59223158733146
27.51	36.762974729587754
27.52	39.05743816133265
27.53	48.6072032457322
27.54	45.283888086390384
27.55	37.49082762031901
27.560000000000002	50.561491936896424
27.57	39.592202737843515
27.580000000000002	37.15892821882747
27.59	44.09132253243136
27.6	37.83751842654082
27.61	38.9539609165805
27.62	31.978106573848667
27.63	22.65579203239918
27.64	29.168304684044283
27.650000000000002	16.908925060112452
27.66	29.64243329087523
27.67	31.97502589481107
27.68	31.453081441703233
27.69	43.095230273347504
27.7	40.815848119735804
27.71	38.37991663953501
27.72	37.13070495914035
27.73	42.88949172700365
27.740000000000002	45.176655172575124
27.75	41.7781855311508
27.76	35.059670313835525
27.77	26.586349928804534
27.78	29.691304027541438
27.79	25.32607133832682
27.8	31.452831426837122
27.810000000000002	41.77462195520775
27.82	37.91930034157133
27.830000000000002	39.82922094255731
27.84	43.043670919802004
27.85	38.730628454656504
27.86	46.95371161249692
27.87	48.72823286559012
27.88	50.66615810100109
27.89	45.272484249747194
27.900000000000002	42.692910036062536
27.91	46.30579776568595
27.92	39.36115935320814
27.93	51.22345716469259
27.94	64.6323186666547
27.95	45.622585892793815
27.96	40.01044925073872
27.97	31.73448189680248
27.98	25.55379332295959
27.990000000000002	24.1193053277463
28.0	46.15828111385046
28.01	46.34598179133576
28.02	29.873177189371006
28.03	23.096886739459524
28.04	37.476898592062966
28.05	35.568531037186396
28.060000000000002	43.592525134571396
28.07	37.267749482636255
28.080000000000002	47.40936613506026
28.09	43.28462876430462
28.1	34.040384429019994
28.11	27.5367508500538
28.12	21.958373447602597
28.13	32.66036644071852
28.14	40.7116783795883
28.150000000000002	55.89441414484762
28.16	50.54002338150019
28.17	47.42196122679058
28.18	53.93749931043448
28.19	57.97658776063604
28.2	54.13348387685856
28.21	53.07605250122607
28.22	42.01324639498188
28.23	44.08111809226453
28.240000000000002	35.72260550549956
28.25	36.52139611188024
28.26	29.51621937919615
28.27	49.61803724700586
28.28	44.90966493045165
28.29	34.67839867717723
28.3	40.40042043248039
28.310000000000002	69.02782904276579
28.32	61.192270270401025
28.330000000000002	54.26049476400229
28.34	48.22603409220699
28.35	42.75809606668331
28.36	37.58469329189588
28.37	39.216558672878875
28.38	42.685717260379505
28.39	42.129537981820604
28.400000000000002	40.26497834092099
28.41	38.67503149511445
28.42	61.530783014792654
28.43	53.993192931756475
28.44	48.78929377159332
28.45	43.0458149777771
28.46	58.09206853633946
28.47	44.44798701575234
28.48	30.596970843021023
28.490000000000002	57.247954657148924
28.5	51.13596473679329
28.51	47.532944925754556
28.52	46.042691802862436
28.53	46.34415955121399
28.54	49.58875439064704
28.55	51.74351709403011
28.560000000000002	41.008341740511625
28.57	39.2279097990914
28.580000000000002	45.460686988937674
28.59	46.763158901630156
28.6	35.13954976811754
28.61	46.581521678027066
28.62	61.26519222371881
28.63	54.77632971009144
28.64	48.32031657668536
28.650000000000002	44.10403395331117
28.66	48.76286200201769
28.67	45.37861907540909
28.68	43.797158484303864
28.69	33.63727800367665
28.7	23.47925423560754
28.71	22.416364898940625
28.72	25.795460319398213
28.73	33.40837870414222
28.740000000000002	23.81682979964087
28.75	29.220259328952604
28.76	23.870832248277402
28.77	25.545223402688684
28.78	13.677118949532668
28.79	17.852298455454704
28.8	22.75550105441626
28.810000000000002	36.18465640148586
28.82	31.191068005312392
28.830000000000002	32.93250225637303
28.84	37.10758636757247
28.85	34.48229941997427
28.86	30.02908229027159
28.87	40.21676163295161
28.88	37.58105973806737
28.89	31.256772554372898
28.900000000000002	27.733259148723974
28.91	43.16263956515392
28.92	36.398597337445395
28.93	52.20027787268473
28.94	55.21422168159915
28.95	64.10665643977143
28.96	52.724643783664334
28.97	48.02322145380591
28.98	36.772663089015886
28.990000000000002	32.962392008162844
29.0	46.94153084738734
29.01	42.87104356156945
29.02	44.764162373386405
29.03	46.1718996666049
29.04	42.03135825855953
29.05	36.964154033754525
29.060000000000002	31.24262927450831
29.07	24.977962472571846
29.080000000000002	28.97069156780114
29.09	23.554385497640357
29.1	25.161569792250546
29.11	29.73394918007048
29.12	23.626256713063462
29.13	34.83996904251021
29.14	35.81953525060646
29.150000000000002	27.14366879642614
29.16	34.95275962283103
29.17	50.59965425676829
29.18	47.01544036171051
29.19	37.20228005075431
29.2	24.192068364321077
29.21	41.26120827783999
29.22	36.33867082212863
29.23	37.116583630118875
29.240000000000002	48.107680604088664
29.25	54.21545651625135
29.26	57.070877363981474
29.27	57.06360689881166
29.28	40.78321304286497
29.29	40.3244824911845
29.3	48.75059805985018
29.310000000000002	41.01009151023718
29.32	47.214946829937276
29.330000000000002	51.22562699087609
29.34	47.524163263952985
29.35	38.31054161176563
29.36	42.13380872943436
29.37	33.5197373068412
29.38	41.48529683100557
29.39	36.96861001741823
29.400000000000002	38.624272931345295
29.41	31.51729615878018
29.42	23.93827890505489
29.43	39.269805336027815
29.44	30.522429823896836
29.45	27.80332676496658
29.46	26.185586511057387
29.47	42.06077959764211
29.48	42.12445779639045
29.490000000000002	38.113861006556256
29.5	35.81633553051441
29.51	41.989176698390565
29.52	52.47492346349532
29.53	43.86953591596626
29.54	57.378109814645825
29.55	60.657447308445555
29.560000000000002	42.43361411619324
29.57	40.18926410808812
29.580000000000002	48.60645285636791
29.59	43.46408424049588
29.6	36.05048523379126
29.61	33.85035025622179
29.62	24.002090118349777
29.63	39.38780903406731
29.64	38.88934951920933
29.650000000000002	37.2043780135035
29.66	37.42965816470839
29.67	51.8377496568106
29.68	53.79030138616319
29.69	48.913291866639945
29.7	38.52792167201869
29.71	35.80696531590709
29.72	45.2525506595797
29.73	60.850629103570974
29.740000000000002	55.77273518287302
29.75	47.73684907067672
29.76	27.55333272873968
29.77	31.452619874569624
29.78	32.68640600323256
29.79	22.615274327934333
29.8	30.40617594761925
29.810000000000002	25.51554260344572
29.82	42.96567793280864
29.830000000000002	49.945042829769186
29.84	56.63083435055156
29.85	55.87103242614927
29.86	53.73902146188683
29.87	44.45283837900577
29.88	43.256811863900374
29.89	48.57796031202452
29.900000000000002	48.032278330623654
29.91	51.34297306546263
29.92	47.91511810310469
29.93	27.400280861182743
29.94	31.2742313666208
29.95	33.77361206618145
29.96	47.994886872912204
29.97	47.97020931502305
29.98	42.03141398411512
29.990000000000002	28.509100159090632
30.0	35.92417293441621
30.01	24.83629978777562
30.02	26.933131773357747
30.03	45.76764370537602
30.04	37.562219567879545
30.05	27.829081433007445
30.060000000000002	40.713302617057515
30.07	40.62840926798039
30.080000000000002	38.00678440068507
30.09	34.749275497987576
30.1	32.404511980166724
30.11	39.966549116394205
30.12	39.60480777222737
30.13	30.408048642780116
30.14	38.049902827962256
30.150000000000002	33.810891946930674
30.16	31.63293388785129
30.17	28.369198124844548
30.18	33.25764327574793
30.19	38.00260923043706
30.2	51.13641978941922
30.21	47.728854099307256
30.22	20.12886220051972
30.23	13.97415500046562
30.240000000000002	18.74749720468853
30.25	24.254078524166655
30.26	26.26291790745725
30.27	38.61811536861475
30.28	42.973102239619045
30.29	33.51295643051115
30.3	28.86523467404059
30.310000000000002	25.66270856990019
30.32	24.64215392812
30.330000000000002	28.75711718733997
30.34	33.98489529149337
30.35	30.4588295021482
30.36	26.310949458357
30.37	48.25890169531503
30.38	40.529526838803235
30.39	44.78217077901539
30.400000000000002	48.88633285708587
30.41	41.77881952401462
30.42	28.77625073725601
30.43	32.515127060702056
30.44	28.74635238122935
30.45	24.64363187760904
30.46	28.487947627837894
30.47	42.00135441785677
30.48	45.30149435361895
30.490000000000002	56.17612787759095
30.5	60.67097738894027
30.51	63.98130244189653
30.52	68.68122162485906
30.53	46.758288912962634
30.54	52.2021184431893
30.55	41.78081415375723
30.560000000000002	45.32975201385617
30.57	51.18775621654283
30.580000000000002	49.29570164318126
30.59	38.13976700349135
30.6	31.6080596608091
30.61	41.39716956943729
30.62	41.83370290167843
30.63	49.3579946574669
30.64	33.2790164471674
30.650000000000002	29.92786515195989
30.66	21.22354946984825
30.67	28.333658274600516
30.68	39.29011841508698
30.69	43.790530393322946
30.7	50.3651437617921
30.71	53.63114312733592
30.72	57.712877259708726
30.73	54.607262406814336
30.740000000000002	52.13658039108113
30.75	53.90019573557339
30.76	57.02471053300555
30.77	43.36062545131638
30.78	47.875307854006316
30.79	45.53491644867268
30.8	41.03776582492593
30.810000000000002	40.92106374997937
30.82	33.597843854848676
30.830000000000002	33.94640665872391
30.84	23.96078872706863
30.85	45.451894778991004
30.86	41.41324197736076
30.87	55.61356760896508
30.88	49.75426569647076
30.89	49.6993506664015
30.900000000000002	61.99143925648035
30.91	58.296772658679515
30.92	53.225717334219226
30.93	47.56067145383135
30.94	41.076826346236174
30.95	38.496315970799145
30.96	45.531264510240426
30.970000000000002	32.51472371674539
30.98	20.783062937222073
30.990000000000002	26.686254090282052
31.0	29.713787044687606
31.01	32.66651813397997
31.02	33.20527466276197
31.03	51.72564730194154
31.04	59.245076992729345
31.05	69.17328461214149
31.060000000000002	63.932988519679604
31.07	60.245747058011425
31.080000000000002	61.49122662391976
31.09	53.593332636526235
31.1	47.20891554798089
31.11	61.31377853025231
31.12	56.50913171273592
31.13	47.836812222262154
31.14	59.272874789045524
31.150000000000002	42.900709546662064
31.16	40.89848715531633
31.17	35.18623889795898
31.18	41.31159665395273
31.19	42.89271652377261
31.2	56.500344952826005
31.21	54.764295965706026
31.220000000000002	44.75884899796532
31.23	44.13131247661103
31.240000000000002	52.25828561175668
31.25	54.31859842711191
31.26	56.0764761459797
31.27	49.299865769104045
31.28	44.355202968995634
31.29	33.24591170300672
31.3	66.48638312150781
31.310000000000002	63.09722668264208
31.32	54.717378532377055
31.330000000000002	51.7220841584741
31.34	41.56930450553756
31.35	39.14711378572351
31.36	42.6619325739275
31.37	48.195908235980696
31.38	35.13849887423274
31.39	28.18062218131307
31.400000000000002	24.60743080160393
31.41	43.001036088119335
31.42	35.46497831670277
31.43	24.325152395321176
31.44	14.063284807832513
31.45	32.58014655499286
31.46	39.15489706087286
31.470000000000002	37.79728019622345
31.48	46.419838640488074
31.490000000000002	37.9772717438444
31.5	26.336236434365535
31.51	29.098072366014055
31.52	35.22097915665294
31.53	52.49477720139198
31.54	50.008454045699935
31.55	42.78295782505776
31.560000000000002	44.14010324969887
31.57	43.71993797678813
31.580000000000002	50.59852428581688
31.59	59.11360753791507
31.6	51.29497258783859
31.61	47.63454004172911
31.62	46.562819993641185
31.63	46.227371588330655
31.64	48.45819152681658
31.650000000000002	38.82218534426355
31.66	42.07601413171259
31.67	42.48511856494504
31.68	51.42790485789387
31.69	51.85730408001789
31.7	57.66226553059008
31.71	60.20333304489063
31.720000000000002	63.20625571426441
31.73	67.88472643435877
31.740000000000002	63.09632808227739
31.75	72.92150692624514
31.76	59.78508608127784
31.77	57.147149152655295
31.78	42.966517494841085
31.79	44.644821604385285
31.8	49.58351374135846
31.810000000000002	46.86963546573332
31.82	41.04585865007417
31.830000000000002	40.74382134911917
31.84	45.40837715208127
31.85	54.228540173941816
31.86	40.60416270719047
31.87	45.785217673453005
31.88	48.73263866291336
31.89	58.28519465484317
31.900000000000002	51.721372140391146
31.91	48.77897434317575
31.92	37.79128570227225
31.93	31.129340150474146
31.94	46.91126659196396
31.95	48.86721173606101
31.96	55.21273730439944
31.970000000000002	43.3449304794822
31.98	31.73217722120028
31.990000000000002	36.596518789446264
32.0	64.28123637738807
32.01	60.20631450531426
32.02	46.709612100589865
32.03	53.35038001323434
32.04	39.39364004156109
32.05	27.195937238908495
32.06	29.16275466310611
32.07	26.587594844422625
32.08	38.89657262061922
32.09	39.91694992798567
32.1	40.95175016638087
32.11	36.43862701534724
32.12	31.6865253474906
32.13	22.152335549120973
32.14	39.66906999935791
32.15	19.607645038020515
32.160000000000004	44.51360197418603
32.17	47.11098220612382
32.18	54.59048007341341
32.19	38.13779308389061
32.2	33.379890366103545
32.21	27.287351353242695
32.22	29.18807126476551
32.230000000000004	22.147941136684
32.24	43.7892645124334
32.25	34.781325018094705
32.26	39.345175904389436
32.27	35.122491420411755
32.28	33.38246427956769
32.29	50.410258538660635
32.3	42.577290366774264
32.31	39.44095634529049
32.32	40.15208273294043
32.33	37.39138063337786
32.34	37.35510770961974
32.35	56.47191607163511
32.36	44.16625267380873
32.37	39.231094303983106
32.38	40.98238825756126
32.39	45.28119810791772
32.4	36.996677280176456
32.410000000000004	38.447133999764226
32.42	54.04577628279412
32.43	53.45424232936576
32.44	37.94019024354842
32.45	39.94915132593669
32.46	27.958984924604085
32.47	37.437149900932035
32.480000000000004	38.14360149124104
32.49	49.42976922251668
32.5	44.01822694317987
32.51	39.14696590191733
32.52	47.80108828991235
32.53	53.93433417199198
32.54	45.67920448915282
32.55	45.589966376195335
32.56	33.3821702645511
32.57	35.99973181418238
32.58	34.353169852797535
32.59	35.930713417656925
32.6	52.049609691939594
32.61	53.616606035026756
32.62	61.07750193856318
32.63	46.511729691065256
32.64	33.49578922548229
32.65	41.352506307193416
32.660000000000004	36.97356348547664
32.67	25.17667037082597
32.68	32.757511749225316
32.69	35.621399897412545
32.7	36.23957570575774
32.71	32.43033375274689
32.72	31.429605679922112
32.730000000000004	27.78297843005307
32.74	31.69944338078011
32.75	53.056996207487344
32.76	43.416802649947996
32.77	51.20270573085731
32.78	41.40306664220376
32.79	48.009554928905274
32.8	47.77547000870961
32.81	57.88142833698746
32.82	49.67727760330219
32.83	52.11245757326096
32.84	49.93164951603061
32.85	38.89555491992431
32.86	48.70086098131809
32.87	47.65240780658033
32.88	41.34575363647332
32.89	39.62517961959223
32.9	43.190048654722695
32.910000000000004	40.70964948698149
32.92	37.85466665344854
32.93	31.78779285023124
32.94	21.998841378987546
32.95	14.440001336134511
32.96	31.717196547193385
32.97	42.299685715980964
32.980000000000004	36.097631686047286
32.99	43.30051723861491
33.0	37.26759160563239
33.01	37.9749989958275
33.02	38.73413792741171
33.03	29.109426927899936
33.04	30.497114887841672
33.05	31.479272695754318
33.06	29.288926248345906
33.07	43.00841084205627
33.08	35.765052896831
33.09	34.28078568873658
33.1	21.932949638240046
33.11	31.4609403079392
33.12	21.234175162535433
33.13	24.778225270946578
33.14	37.40194518571525
33.15	47.617252983435
33.160000000000004	45.61541992077224
33.17	48.610581597487126
33.18	62.67459925096397
33.19	62.04177905556654
33.2	54.05112550899834
33.21	52.78227235143392
33.22	60.32645592613802
33.230000000000004	49.607665654185745
33.24	48.344596175233185
33.25	53.14088261469794
33.26	48.17127280091096
33.27	37.01110055382325
33.28	27.622419623860516
33.29	36.14418631969279
33.3	28.095525702087663
33.31	37.59543115828842
33.32	50.51309157036562
33.33	63.18138057632595
33.34	62.82808669997102
33.35	57.64745156078919
33.36	56.5113311283361
33.37	51.24107936161005
33.38	55.60599754682167
33.39	54.731288332894714
33.4	57.25023788403193
33.410000000000004	53.216615607273944
33.42	59.01951780778838
33.43	42.102121520844875
33.44	35.732349587920226
33.45	31.449084149168005
33.46	34.7438535620124
33.47	28.100137008135423
33.480000000000004	28.22629597004922
33.49	40.7717961735231
33.5	33.21252883607726
33.51	40.98491994398939
33.52	41.56214033121813
33.53	50.09209087483477
33.54	46.14613332668277
33.55	39.90320633990943
33.56	53.971699729815064
33.57	46.05943438718942
33.58	42.76648903343747
33.59	45.433157157495195
33.6	45.65194967928396
33.61	64.36847860734342
33.62	58.68296989724376
33.63	55.10126581887446
33.64	52.45880235356872
33.65	42.53300242391564
33.660000000000004	46.99324709440499
33.67	48.04204939779468
33.68	43.85744233077659
33.69	38.79041892763026
33.7	38.77005395351844
33.71	36.80465169220724
33.72	34.40944129645246
33.730000000000004	25.106436351057344
33.74	24.859341219638978
33.75	35.68454226455968
33.76	48.249765631167804
33.77	58.28996024430444
33.78	57.75649984010182
33.79	53.55215282453361
33.8	60.16754561171183
33.81	65.37732476279885
33.82	67.50982726419899
33.83	62.186053918376494
33.84	59.02012664684941
33.85	51.04999095299884
33.86	43.83895138295481
33.87	34.67266722837379
33.88	56.550582914321176
33.89	57.10005401469111
33.9	64.23597822053577
33.910000000000004	60.96101244665692
33.92	52.75055574873268
33.93	38.06191945667072
33.94	25.92300866247191
33.95	22.437288593655488
33.96	22.738023001944004
33.97	29.817073109244834
33.980000000000004	31.67818233668128
33.99	36.88454704049112
34.0	29.036451758840197
34.01	36.95301317329277
34.02	32.98491843861842
34.03	43.383842679923404
34.04	43.258599329052714
34.05	60.53742422326904
34.06	42.789110225864846
34.07	54.89013078704956
34.08	53.904126216030264
34.09	54.44627260403844
34.1	52.06314123879772
34.11	56.10916287100166
34.12	56.27579072210491
34.13	60.43236054313166
34.14	62.565563739294035
34.15	46.68269829257644
34.160000000000004	44.01205001158321
34.17	49.30975005302038
34.18	42.66418775587516
34.19	42.42965876772008
34.2	44.140691016613445
34.21	54.7213844875016
34.22	53.04964409392358
34.230000000000004	45.50102163430953
34.24	44.57830685444289
34.25	39.315653250387925
34.26	37.0900103277139
34.27	30.223632770323185
34.28	37.44568885239943
34.29	36.510340527261654
34.300000000000004	31.50256510461494
34.31	38.99254711028094
34.32	37.87880349857052
34.33	39.34688189342078
34.34	53.213669544878016
34.35	40.040240517242616
34.36	43.021914014639805
34.37	49.7139839650337
34.38	42.59439597567407
34.39	41.663395215385535
34.4	47.11196581007864
34.410000000000004	49.31647000168013
34.42	59.50324922343388
34.43	59.28614744171893
34.44	63.389840646955626
34.45	53.98735229844414
34.46	41.01268333280466
34.47	36.584226982433535
34.480000000000004	51.8793747725686
34.49	62.738175094613254
34.5	46.94359332274589
34.51	48.57214190125074
34.52	42.106954554166016
34.53	29.612451416319942
34.54	35.9799364788143
34.550000000000004	30.88046680841468
34.56	46.68043980357903
34.57	44.85393302211292
34.58	43.62207563401214
34.59	49.393676219092825
34.6	43.92961169248644
34.61	47.15175033684975
34.62	33.01242954470519
34.63	38.8953320290581
34.64	44.593754706659254
34.65	32.18702748362579
34.660000000000004	39.541426306188264
34.67	52.394460040347866
34.68	53.737830203936085
34.69	55.36719140774146
34.7	53.14198344686421
34.71	54.691190587796505
34.72	54.69421556218787
34.730000000000004	51.91646701825698
34.74	41.3539671884054
34.75	42.732331375939545
34.76	35.369061815662796
34.77	51.372893499697916
34.78	31.752652953006397
34.79	42.802238865404874
34.800000000000004	41.27147087715671
34.81	33.75696443817037
34.82	48.84023939039285
34.83	49.02158491485311
34.84	57.66099868701434
34.85	50.27206582648383
34.86	53.644295072761224
34.87	56.30778132143591
34.88	51.11432682221411
34.89	37.77348281449643
34.9	41.520337088650166
34.910000000000004	42.56074980606096
34.92	37.53402431641103
34.93	29.43562071330361
34.94	38.74087712392903
34.95	39.44627466753997
34.96	50.87433036659099
34.97	53.43831293326821
34.980000000000004	47.76383481500928
34.99	53.41106913494061
35.0	44.50824907261423
35.01	39.41178250772679
35.02	39.92330359790794
35.03	34.70996321164219
35.04	49.20854692860414
35.050000000000004	41.32876620710567
35.06	42.813343505129126
35.07	53.0364827205445
35.08	56.34845247378387
35.09	42.961040070155484
35.1	50.645408738660215
35.11	52.20577313497266
35.12	57.859176008778746
35.13	71.6643637089237
35.14	66.15718690708336
35.15	48.585402197554096
35.160000000000004	41.44844252177191
35.17	26.86357965955494
35.18	33.476547639640344
35.19	52.76800534442354
35.2	51.45779845207714
35.21	43.90920581066412
35.22	43.021625374540385
35.230000000000004	41.29092513958034
35.24	41.3021229225391
35.25	41.044069976563925
35.26	41.87422276760907
35.27	42.896069227646656
35.28	62.901404198073465
35.29	53.63950810071111
35.300000000000004	56.107607915448234
35.31	50.17222308264759
35.32	48.69191624426122
35.33	51.47186403219707
35.34	51.159692150861076
35.35	59.12609119097993
35.36	49.1541142021122
35.37	53.8871425540221
35.38	46.2084669242488
35.39	33.02167898715721
35.4	40.046029182366965
35.410000000000004	33.91344119253909
35.42	44.66202642323391
35.43	43.5739611209462
35.44	27.849838127622824
35.45	23.780292707667297
35.46	23.730591668867767
35.47	24.178907665011884
35.480000000000004	28.29932711477574
35.49	33.5541677446811
35.5	38.213245029280266
35.51	54.93102295128892
35.52	50.57196435440045
35.53	50.24927613565463
35.54	58.73935072521736
35.550000000000004	53.909184695624454
35.56	55.40949598407438
35.57	50.34064201109901
35.58	49.59371695080862
35.59	46.49441530788523
35.6	59.50384655860324
35.61	60.200038055558245
35.62	61.68157891506528
35.63	60.4648179896024
35.64	52.0375268983369
35.65	46.17819878132551
35.660000000000004	33.021457455273804
35.67	37.10819009035619
35.68	42.50755412168361
35.69	44.045984722010296
35.7	47.97236244965592
35.71	44.29705256049261
35.72	41.862780636593165
35.730000000000004	35.18860091221987
35.74	36.890573977064726
35.75	30.79877575385315
35.76	42.805091705181
35.77	30.2322908900483
35.78	21.32997275785803
35.79	18.90984629934728
35.800000000000004	11.855490087509326
35.81	7.501163725446836
35.82	12.375859156981376
35.83	30.29513142251136
35.84	31.608922759423592
35.85	33.64567205436813
35.86	37.63871470322245
35.87	29.517546460852493
35.88	43.10869307752693
35.89	54.81737118990414
35.9	44.72457725516009
35.910000000000004	44.296039372576935
35.92	43.145758318256526
35.93	45.64242515497007
35.94	26.901612902675115
35.95	18.79382187019436
35.96	21.98198339095713
35.97	24.1026869320562
35.980000000000004	44.169582072010996
35.99	29.159577539851202
36.0	60.50635061146016
36.01	56.864869282424266
36.02	62.25691581208157
36.03	54.502523215776186
36.04	48.49514808371309
36.050000000000004	33.116502558220695
36.06	35.30768323468342
36.07	35.522567477176004
36.08	47.59120321262422
36.09	42.36108511524108
36.1	41.85477518261137
36.11	34.524586663521134
36.12	46.31857983968212
36.13	53.93486057386594
36.14	46.779731433237465
36.15	56.76842073743153
36.160000000000004	43.65440468822563
36.17	39.79252762475698
36.18	41.262169175174904
36.19	30.280510031012703
36.2	30.521352634865767
36.21	42.878764971638844
36.22	44.85106177510809
36.230000000000004	38.998804863305004
36.24	44.63592816958746
36.25	43.36893241148353
36.26	36.032903963667565
36.27	38.53646572284054
36.28	24.303254397675627
36.29	26.7486883439401
36.300000000000004	20.010744313387722
36.31	13.420860443535219
36.32	35.70712144467717
36.33	44.98300510695597
36.34	50.681268114928926
36.35	50.10375012874021
36.36	52.93211472492725
36.37	49.318878127412084
36.38	42.47351320203753
36.39	44.77928856233807
36.4	42.03559588257184
36.410000000000004	32.91963514000399
36.42	39.579907781523644
36.43	54.35702846808803
36.44	53.96348742228503
36.45	48.327993426534974
36.46	43.76133892834391
36.47	43.76405742720965
36.480000000000004	27.241664027639022
36.49	14.730229222196325
36.5	23.293808912108727
36.51	38.17133037387294
36.52	49.06079574125411
36.53	44.10338518973021
36.54	39.1523782016513
36.550000000000004	32.966623280710955
36.56	33.19487558524957
36.57	29.551779428763705
36.58	41.79800454158451
36.59	41.843968911318896
36.6	34.6821180281843
36.61	28.67244624177559
36.62	42.22602499948714
36.63	39.37879569279762
36.64	40.49765857848713
36.65	39.570154299183024
36.660000000000004	55.98652129524196
36.67	48.818591913404326
36.68	55.960835794753486
36.69	47.57689722407627
36.7	43.5814705338986
36.71	39.28091295316432
36.72	34.99732236517833
36.730000000000004	46.677770451877876
36.74	53.51120917288359
36.75	42.05606173281284
36.76	59.63522106583884
36.77	61.32081152910237
36.78	63.11756983461249
36.79	55.62431576348257
36.800000000000004	49.29960907493898
36.81	52.18386489651829
36.82	59.70057245944342
36.83	49.18492541442002
36.84	37.530485662216776
36.85	42.46245983382595
36.86	49.165333015354065
36.87	46.68089210979524
36.88	40.3835335390021
36.89	47.67442215339276
36.9	39.70301411286989
36.910000000000004	44.656049085691876
36.92	35.553398991534245
36.93	23.615102331930398
36.94	21.96322301938291
36.95	38.629430966245486
36.96	22.92725219464399
36.97	24.35370286741291
36.980000000000004	13.439783443667642
36.99	13.978689506537096
37.0	24.93297127917988
37.01	15.663445389665629
37.02	37.154948331076376
37.03	31.459842503089135
37.04	29.8479592946519
37.050000000000004	44.13938542318713
37.06	52.0513460709886
37.07	54.134653696173864
37.08	52.533090474249704
37.09	44.66361020978198
37.1	48.5719776531649
37.11	54.82561122378217
37.12	53.03832081238142
37.13	39.16952624238844
37.14	50.64096739348966
37.15	42.38897675951707
37.160000000000004	38.17502126188418
37.17	44.26031739728654
37.18	49.36738236536982
37.19	45.88913790443337
37.2	32.14081824514716
37.21	17.017070224811803
37.22	34.99309984466996
37.230000000000004	37.122675514550714
37.24	44.90829967041933
37.25	43.65027297135972
37.26	37.769413401788135
37.27	35.62308514488294
37.28	48.3254909316167
37.29	50.42211232470605
37.300000000000004	44.0683485776526
37.31	42.22370283244653
37.32	57.80360927253791
37.33	54.128120668273006
37.34	49.767134395486764
37.35	48.77928792220423
37.36	41.803487863193126
37.37	57.68908641064363
37.38	54.2326595405367
37.39	45.16199602838247
37.4	46.13182205747889
37.410000000000004	57.080028029564346
37.42	50.40159220171777
37.43	44.616464655624824
37.44	42.34558555342336
37.45	35.44571150717175
37.46	40.57595522334253
37.47	47.937140263353044
37.480000000000004	51.57865448919476
37.49	52.08097898870197
37.5	49.648677485394906
37.51	45.56484471604118
37.52	46.216715920113096
37.53	38.607504643645356
37.54	37.63036190890159
37.550000000000004	31.828792439760818
37.56	22.812491706740513
37.57	33.81946393244142
37.58	45.10142760287169
37.59	36.204629001120146
37.6	28.371843642455104
37.61	21.756947568784348
37.62	23.512327557760916
37.63	40.982145832183924
37.64	40.12643436199329
37.65	32.48174781963983
37.660000000000004	42.19159159260484
37.67	33.62455368393554
37.68	52.43858472253507
37.69	50.24410082280788
37.7	49.57902929746267
37.71	38.57414020459993
37.72	42.467157416698186
37.730000000000004	50.267309198501636
37.74	64.47405486273232
37.75	56.90578994068904
37.76	56.15926315165477
37.77	53.39684690758369
37.78	55.30310863204707
37.79	59.549719696010655
37.800000000000004	52.224272656342116
37.81	50.39197882416037
37.82	64.63289125781672
37.83	52.97259852806088
37.84	53.13325148085373
37.85	47.91403028212571
37.86	45.1284845269854
37.87	39.410982963271586
37.88	31.528852360107233
37.89	20.698757808524185
37.9	34.14843017999253
37.910000000000004	38.25506374955369
37.92	41.864893338032914
37.93	38.37388844689372
37.94	30.181045763604807
37.95	44.60814356085547
37.96	53.173577764750185
37.97	48.93774589118917
37.980000000000004	44.072205801349476
37.99	53.566791806356
38.0	52.147292140253874
38.01	47.63025759606757
38.02	39.41191126831653
38.03	47.330976537124144
38.04	43.33798411298786
38.050000000000004	41.15322592739274
38.06	35.515228782277276
38.07	33.227160627819806
38.08	42.713772668949424
38.09	47.428861524102004
38.1	47.88996798323207
38.11	61.745469172420535
38.12	63.5559329457018
38.13	55.14004318608012
38.14	48.546197059524914
38.15	45.60330428596051
38.160000000000004	43.53376129933418
38.17	28.63722686253649
38.18	36.56146830340125
38.19	44.080462767497984
38.2	35.31074428657184
38.21	47.95062314786417
38.22	33.18299980031938
38.230000000000004	44.32647408611319
38.24	54.34555809073941
38.25	53.318823525688586
38.26	63.741604312637484
38.27	58.792705649043185
38.28	49.7440548036319
38.29	57.47922477255562
38.300000000000004	57.69618340909733
38.31	56.06926604773889
38.32	52.04029919447937
38.33	49.899149051659876
38.34	49.95670398192614
38.35	46.56471437654211
38.36	37.12441726578495
38.37	44.85595519517006
38.38	56.32172375148165
38.39	49.995399257137784
38.4	63.3645056891184
38.410000000000004	63.24784451594098
38.42	50.43011845763785
38.43	47.29824489325125
38.44	39.05385506842005
38.45	36.253726750558165
38.46	51.416909401173854
38.47	57.72888422548076
38.480000000000004	51.68028446085205
38.49	40.780812236189284
38.5	42.95894703944035
38.51	40.36117477309646
38.52	38.260082418397225
38.53	26.950458172339335
38.54	23.54582197472233
38.550000000000004	53.427129250184166
38.56	45.7403475655428
38.57	39.515813098632094
38.58	20.252646298988076
38.59	17.988862252154174
38.6	18.308348687154343
38.61	21.89928270297468
38.62	22.464970892031722
38.63	25.948103024602652
38.64	29.099153972420496
38.65	59.25325364687913
38.660000000000004	55.556452936387565
38.67	52.00036616731946
38.68	39.11331622781864
38.69	44.013369714503774
38.7	34.99902004502741
38.71	35.02742709480535
38.72	44.340456003222144
38.730000000000004	44.02592645916508
38.74	37.28481789881162
38.75	33.9003875210067
38.76	42.344469021879476
38.77	33.2121896166329
38.78	40.42021544864376
38.79	41.298574892055015
38.800000000000004	47.39749804438123
38.81	49.22598440059509
38.82	38.65966565182573
38.83	37.80568793213644
38.84	34.54276388488917
38.85	30.475525497640895
38.86	29.93448195305741
38.87	51.46986418378069
38.88	59.56527871824521
38.89	54.63631426157868
38.9	55.49533432417097
38.910000000000004	50.15357695796605
38.92	39.87830444398922
38.93	39.897784193010125
38.94	39.42404940760488
38.95	46.629066988485874
38.96	46.77226356803524
38.97	43.55325851708931
38.980000000000004	52.141169392533556
38.99	45.95440081033355
39.0	46.41906893985166
39.01	42.25988691756465
39.02	48.92721318029147
39.03	49.71654499348811
39.04	54.510543302398396
39.050000000000004	48.92835795659609
39.06	47.45949366813491
39.07	42.31731095593199
39.08	35.98500613680998
39.09	48.12604573199984
39.1	50.22275914491833
39.11	51.279719983718834
39.12	34.11066410295878
39.13	33.663277399117895
39.14	33.9497507394481
39.15	55.220964534047354
39.160000000000004	36.07348187115546
39.17	26.93619329904473
39.18	32.65654497345858
39.19	41.33286762262644
39.2	41.92826612734017
39.21	44.592447924061844
39.22	51.7225699012798
39.230000000000004	53.87654262166419
39.24	47.77333642168853
39.25	38.08043166936981
39.26	61.711305965991265
39.27	57.87270830882627
39.28	59.01845476217376
39.29	52.54869008070048
39.300000000000004	41.43963251519154
39.31	28.271952242025144
39.32	38.15491896405308
39.33	44.90699673151287
39.34	40.99333388137086
39.35	39.78952246023131
39.36	48.85565559424234
39.37	37.526914615297855
39.38	37.93502044095143
39.39	52.90628142908454
39.4	48.016537439916284
39.410000000000004	55.76519821373267
39.42	60.6199271892481
39.43	59.61958735783414
39.44	68.58103595403671
39.45	58.095842132457435
39.46	56.61558939821108
39.47	46.4236224198111
39.480000000000004	33.28815070476424
39.49	28.648966868224726
39.5	51.495489668537026
39.51	37.277979213962546
39.52	25.928761727660962
39.53	22.00016858733619
39.54	33.90530187913557
39.550000000000004	28.099217801684254
39.56	29.984725205954277
39.57	41.23453542115415
39.58	40.313396976011056
39.59	55.78809793600128
39.6	38.5127963949086
39.61	28.530003673031143
39.62	14.512630554145664
39.63	10.390675597649553
39.64	28.146786565076624
39.65	32.72170777308098
39.660000000000004	34.09240661226534
39.67	38.09681186455455
39.68	39.05286967499489
39.69	44.083958072061556
39.7	48.117774745526994
39.71	38.4200414384201
39.72	35.880048318197844
39.730000000000004	40.96912707050993
39.74	34.672116281636356
39.75	35.82128538014082
39.76	57.9596318694526
39.77	46.84707146585275
39.78	44.601443875995336
39.79	48.75134131167564
39.800000000000004	35.45476174857086
39.81	29.394592628888955
39.82	26.50215977006281
39.83	22.241212803593744
39.84	35.89922525736304
39.85	36.355535113013545
39.86	37.105879092066836
39.87	56.71463460316174
39.88	43.941091496851165
39.89	45.77285731735117
39.9	44.11161698380154
39.910000000000004	41.374442777814146
39.92	39.8812334920555
39.93	40.91835903916259
39.94	49.00203279170083
39.95	43.609456170136674
39.96	33.91498124251019
39.97	41.7057053849518
39.980000000000004	33.58815083422039
39.99	35.92832251163133
40.0	34.54198132147392
40.01	36.79234130350218
40.02	31.758411727913913
40.03	39.84064133722488
40.04	36.32847049378361
40.050000000000004	46.802230728494784
40.06	38.19872799746449
40.07	21.082905551379607
40.08	12.755259951710798
40.09	27.084565961380072
40.1	32.998581645323895
40.11	25.032828740640582
40.12	29.510053179323926
40.13	38.226083921025825
40.14	31.80983100939747
40.15	34.37117108106298
40.160000000000004	45.10600784311627
40.17	44.142263088820926
40.18	37.462684353047536
40.19	45.61197203732944
40.2	40.16977480785461
40.21	45.76100554049716
40.22	61.86870456327243
40.230000000000004	52.000179691210214
40.24	36.491215464442156
40.25	47.55128835298174
40.26	40.75488641063801
40.27	51.83751228238343
40.28	49.81538613480289
40.29	43.398809557794046
40.300000000000004	38.69256210233174
40.31	36.213808564587914
40.32	53.86453930494246
40.33	49.83320546680172
40.34	40.25464426770838
40.35	27.911014796491234
40.36	33.47873842292057
40.37	52.15050970844446
40.38	59.129613793547314
40.39	62.03887928375513
40.4	65.37489795394357
40.410000000000004	66.67602831813066
40.42	61.21148870755756
40.43	52.18326207622145
40.44	49.535996492858004
40.45	36.499868845624725
40.46	50.52581872673036
40.47	48.09157866860172
40.480000000000004	46.285551958052395
40.49	46.12895891892777
40.5	35.44205464747856
40.51	30.835827136158773
40.52	29.88159565083095
40.53	33.21608338035402
40.54	38.9666253935487
40.550000000000004	39.5124715514944
40.56	33.953840589071504
40.57	31.89522234389421
40.58	30.542405763362133
40.59	43.90274388930586
40.6	47.162986183489444
40.61	45.51072892764841
40.62	47.213641298019574
40.63	62.16025231856118
40.64	56.31450150701317
40.65	45.047465050058
40.660000000000004	55.53108307109068
40.67	50.80595375043038
40.68	52.620058559541654
40.69	58.39947809474029
40.7	65.72401097979399
40.71	56.46408020452094
40.72	59.39148183159549
40.730000000000004	57.936017343589484
40.74	54.90272597639423
40.75	44.019911673218
40.76	41.116183185758246
40.77	33.69432584718063
40.78	37.05568286422023
40.79	33.484796294532266
40.800000000000004	27.244465106837037
40.81	35.99991768361698
40.82	37.86401163974608
40.83	34.20208854792194
40.84	42.01183388934965
40.85	46.34958869873376
40.86	49.745960255828585
40.87	44.61632326226761
40.88	41.32382945860186
40.89	49.05279946044313
40.9	32.314359113244926
40.910000000000004	26.24902525837743
40.92	53.13540722714208
40.93	40.4590555094587
40.94	33.05470579032905
40.95	32.85107508483511
40.96	38.262186746823545
40.97	53.852653199829646
40.980000000000004	46.67385252664868
40.99	52.638758275868476
41.0	40.16267549093405
41.01	50.37367782734065
41.02	37.30239519130697
41.03	34.01353812540311
41.04	30.552065216216157
41.050000000000004	36.67487653006343
41.06	36.447432776224296
41.07	32.1850800081259
41.08	34.705643259117295
41.09	49.007789549936895
41.1	31.854756062065736
41.11	38.9470189540638
41.12	51.06526341823293
41.13	40.563968367322204
41.14	45.48102063111595
41.15	40.33590315423736
41.160000000000004	47.741475924468624
41.17	41.77064942078351
41.18	33.208107097340935
41.19	20.1607020030165
41.2	16.138892389186402
41.21	18.071565883257673
41.22	16.09757036711249
41.230000000000004	21.144666882153192
41.24	41.793202098047715
41.25	45.60594688581031
41.26	53.946587569904764
41.27	49.90606289970047
41.28	48.90897081453348
41.29	39.61166890836185
41.300000000000004	34.052015339067424
41.31	26.249707008924833
41.32	24.25549398291182
41.33	22.190995093365295
41.34	18.791861642410808
41.35	36.5395820519999
41.36	29.913553749883782
41.37	41.377048461058706
41.38	45.15304923366963
41.39	33.08122659191462
41.4	32.44696008499187
41.410000000000004	36.877929018126466
41.42	34.15872869049215
41.43	41.677574427764995
41.44	55.807637063670306
41.45	47.11058342160238
41.46	33.591965753523645
41.47	33.03562153499974
41.480000000000004	24.78388862979388
41.49	22.132619390557316
41.5	19.833500205987857
41.51	23.24045734851996
41.52	25.128153787567335
41.53	21.429506342337195
41.54	26.791985885978708
41.550000000000004	35.51905327885983
41.56	59.50145165769853
41.57	65.32439868390726
41.58	56.22231279016613
41.59	54.06710914966683
41.6	52.31609434551441
41.61	43.93738608342926
41.62	58.20387237917089
41.63	43.46979551705203
41.64	41.02907626450168
41.65	46.35476223028019
41.660000000000004	59.0338880170201
41.67	49.69559362224767
41.68	53.48376568316064
41.69	53.18206099417955
41.7	42.773951010645135
41.71	52.12014712312926
41.72	52.273500302324145
41.730000000000004	48.74854934527784
41.74	49.372475618125556
41.75	46.85945862411288
41.76	44.36875081607402
41.77	46.74170984452543
41.78	47.479605546773364
41.79	49.33561236501501
41.800000000000004	39.89696384076711
41.81	48.75283371415892
41.82	52.75339107326666
41.83	47.28596011877904
41.84	47.6613559483242
41.85	44.21216504153109
41.86	41.7930098232162
41.87	58.81145280642936
41.88	48.945352180370726
41.89	41.76399109136597
41.9	39.739953784381235
41.910000000000004	39.62398480465371
41.92	43.79640109851697
41.93	39.80560600488328
41.94	40.899890012144574
41.95	29.89726066139247
41.96	41.412311624378184
41.97	52.940883921794224
41.980000000000004	54.4667577783537
41.99	49.29047049135187
42.0	51.22299576289153
42.01	52.57692659820147
42.02	49.983045280007175
42.03	48.396325708501024
42.04	54.44596587806511
42.050000000000004	43.032336716830144
42.06	54.88853825752459
42.07	54.65249778250821
42.08	44.67715848062512
42.09	47.52831895860189
42.1	33.99637596333929
42.11	31.034743258416402
42.12	46.23947442801252
42.13	38.39996750921309
42.14	44.10362922467169
42.15	54.170424927442426
42.160000000000004	50.071325426830136
42.17	46.97240370518316
42.18	49.90463235816417
42.19	49.54939147151559
42.2	51.988710370793534
42.21	44.62241025467853
42.22	27.88209292707874
42.230000000000004	56.71288999961008
42.24	54.03662841966558
42.25	64.02814113725918
42.26	60.53788967449143
42.27	51.69422102161953
42.28	40.164051059367495
42.29	38.148665473593766
42.300000000000004	51.94285107104722
42.31	43.28867335300904
42.32	46.49065069162127
42.33	57.679698132736846
42.34	47.74567392893686
42.35	53.567664691459996
42.36	52.923114828313636
42.37	43.12852673208523
42.38	36.97350373618387
42.39	53.040740568950696
42.4	57.132844744916596
42.410000000000004	57.946906497571824
42.42	54.52890008097071
42.43	37.08111227510766
42.44	32.895124778750514
42.45	36.438840778432166
42.46	24.56648260930742
42.47	43.102321532363774
42.480000000000004	38.01629100943407
42.49	40.411068251865856
42.5	39.23524605545512
42.51	30.7939654823592
42.52	39.80418222111641
42.53	36.28581425207073
42.54	35.63840729546726
42.550000000000004	56.93429961569788
42.56	52.106166158775466
42.57	55.54695231149535
42.58	58.37898965563482
42.59	50.128544690602745
42.6	47.78826732014055
42.61	44.83817249939311
42.62	29.789063119018714
42.63	38.48230124244546
42.64	29.898364069405762
42.65	31.70256225014018
42.660000000000004	31.672913212791546
42.67	27.911625013827916
42.68	40.08012759663961
42.69	37.14914237810837
42.7	30.88987531444735
42.71	39.49858374173713
42.72	51.49966450414024
42.730000000000004	45.55248757723995
42.74	39.2761199252634
42.75	28.322814521094276
42.76	44.15592694887069
42.77	35.09704108456642
42.78	45.16614628784973
42.79	53.598447763839935
42.800000000000004	48.14142538723375
42.81	56.934085946771575
42.82	51.09459105623403
42.83	45.060136995095625
42.84	59.03221243658459
42.85	56.26669426554543
42.86	47.62427379042935
42.87	52.08932840860189
42.88	57.51776093559992
42.89	54.29220905842743
42.9	57.15229245236692
42.910000000000004	55.07440445123626
42.92	53.408770559362615
42.93	36.442011928784645
42.94	33.22976659358691
42.95	28.593925679270413
42.96	28.441049513449062
42.97	38.34057602132087
42.980000000000004	50.334414786197826
42.99	53.45734793650966
43.0	49.11676021172325
43.01	40.78509885662886
43.02	36.475211531421756
43.03	36.54847448788575
43.04	55.817690860935244
43.050000000000004	44.840075137462
43.06	40.92976483444536
43.07	38.5183928293826
43.08	30.66050845954436
43.09	41.202376052618305
43.1	49.09522235137118
43.11	60.87495720794969
43.12	67.01406733232727
43.13	61.64519843980205
43.14	49.13650192473439
43.15	54.238382945727274
43.160000000000004	51.45536883044887
43.17	50.879177926546504
43.18	36.36293901862704
43.19	29.599466908586564
43.2	31.5923233046651
43.21	22.87060006829231
43.22	32.4673997632903
43.230000000000004	45.3178009653457
43.24	57.590330247306525
43.25	52.7500949610035
43.26	63.19613769672484
43.27	59.89372546833726
43.28	49.98795388759068
43.29	40.20739449872781
43.300000000000004	41.70783495307762
43.31	42.7820151562102
43.32	42.438416452401974
43.33	48.64679893104333
43.34	58.05240293933365
43.35	62.00070839531514
43.36	40.03359955801548
43.37	42.53642562089686
43.38	39.50617342495899
43.39	44.42500755248654
43.4	53.24112653529941
43.410000000000004	51.26614592344914
43.42	52.25159687988052
43.43	47.03428959970492
43.44	61.218174640414375
43.45	57.09034250253115
43.46	59.77726268815768
43.47	54.479622251667344
43.480000000000004	58.704233002549394
43.49	53.27442664848818
43.5	51.48611816662607
43.51	63.838506469158844
43.52	63.36228239398715
43.53	57.68420872885199
43.54	41.497897862193504
43.550000000000004	44.036829044151474
43.56	43.09785303476988
43.57	42.144207511230775
43.58	40.69782392763648
43.59	40.64733195005489
43.6	50.152474060230645
43.61	52.12335102509888
43.62	41.06514707756281
43.63	55.00501333541382
43.64	49.38541906081404
43.65	42.861948580823835
43.660000000000004	38.91770722703247
43.67	51.8872922289891
43.68	47.98722507379269
43.69	37.575980142718706
43.7	30.95108815099801
43.71	30.09482202760848
43.72	34.01137449206023
43.730000000000004	38.137209447334975
43.74	49.05897655775447
43.75	48.260739725659896
43.76	45.35796899339677
43.77	40.19833892533629
43.78	50.658801985697394
43.79	44.94903581460522
43.800000000000004	33.95110783202969
43.81	34.87574430601235
43.82	27.469458516095536
43.83	45.23901800325529
43.84	45.90529626438463
43.85	39.948129792687155
43.86	39.37053537099414
43.87	51.178478666387846
43.88	38.70571857151108
43.89	44.699970422607294
43.9	47.29539585286865
43.910000000000004	48.42517590924026
43.92	44.83556975255179
43.93	49.77776290846839
43.94	37.84371337179923
43.95	46.90156019820878
43.96	46.66746574940378
43.97	44.642640288387476
43.980000000000004	51.338682483811844
43.99	38.98675304567009
44.0	42.29570706922313
44.01	48.84162748327719
44.02	51.999084887596844
44.03	49.674065491693106
44.04	44.33937584943643
44.050000000000004	25.86033746901951
44.06	44.705235873402614
44.07	40.71295515634841
44.08	53.26803412606571
44.09	49.417652001026106
44.1	45.523220156288424
44.11	40.37975580254904
44.12	30.102363901416073
44.13	38.811843825325035
44.14	46.160124079392425
44.15	53.594493817593225
44.160000000000004	48.11624167081576
44.17	41.417654016105125
44.18	43.6257606001407
44.19	47.17416094877666
44.2	44.85375021696443
44.21	44.84003911061226
44.22	37.60866520166625
44.230000000000004	35.11346914130623
44.24	53.97059820113687
44.25	53.162213714805645
44.26	59.1484315478442
44.27	48.737714070977496
44.28	57.206808823406924
44.29	43.55851717158989
44.300000000000004	40.931494620273384
44.31	31.41707755871929
44.32	33.51047014438788
44.33	26.455557187729124
44.34	41.52786916594367
44.35	29.597875034574557
44.36	38.04039743912369
44.37	40.06913864049611
44.38	54.47224663516961
44.39	37.47791259089286
44.4	43.72757645124303
44.410000000000004	48.40771791275174
44.42	41.361447184278255
44.43	43.89003511515801
44.44	38.85372651067459
44.45	36.060394046053034
44.46	27.403190130972828
44.47	24.604165093069728
44.480000000000004	29.794589383253683
44.49	31.760197172019122
44.5	29.27689973747998
44.51	35.884098978157624
44.52	26.44826086667668
44.53	18.666391187531275
44.54	34.48495107587425
44.550000000000004	35.422264814859595
44.56	35.75363812618043
44.57	34.73108924724877
44.58	39.04501211628935
44.59	27.511213525692504
44.6	26.93786192379124
44.61	31.661324496188342
44.62	35.322903762916994
44.63	43.11070089683749
44.64	35.74153593719736
44.65	42.4170846821161
44.660000000000004	32.97720911278943
44.67	31.816502257737444
44.68	36.39333827455692
44.69	46.13745035573609
44.7	62.55496602536453
44.71	57.58063929371289
44.72	59.622335771126835
44.730000000000004	43.040994142464506
44.74	33.18899558363305
44.75	30.486849877661342
44.76	27.219581811355003
44.77	29.917024429271745
44.78	38.562615108636315
44.79	40.122864204433135
44.800000000000004	52.57559099336599
44.81	55.52072221832939
44.82	53.317838034164524
44.83	56.76285502398816
44.84	52.22043664259468
44.85	49.22808888361141
44.86	43.19920446820117
44.87	34.760584607295556
44.88	33.5544449210946
44.89	42.570931085300884
44.9	54.048114871780115
44.910000000000004	54.03872851748117
44.92	46.46012518197605
44.93	34.91849578061526
44.94	42.11140666025458
44.95	51.66732886930121
44.96	53.68942124781267
44.97	51.60234511069551
44.980000000000004	50.85029309472561
44.99	49.05903664465931
45.0	49.33590346311878
45.01	60.675579769663585
45.02	51.53690187370329
45.03	45.81902647502956
45.04	39.947515992383074
45.050000000000004	24.696640863021628
45.06	29.418119697731672
45.07	14.825294033414403
45.08	10.807542117822706
45.09	41.53233788304782
45.1	42.21123444160233
45.11	50.1021848181877
45.12	37.156216600001116
45.13	45.60742019748846
45.14	47.081520111379426
45.15	42.566329561666144
45.160000000000004	38.48971799999154
45.17	53.2943219096744
45.18	52.397687240871925
45.19	51.316888584896326
45.2	49.812086348339434
45.21	42.12935519436436
45.22	47.417498193003006
45.230000000000004	49.707543594476036
45.24	47.66545225094464
45.25	47.592837356573064
45.26	50.030832298086914
45.27	54.463055414189824
45.28	49.266851358248886
45.29	57.749786917435294
45.300000000000004	49.52077471237873
45.31	42.44993727319427
45.32	56.295553806121966
45.33	63.94584970103559
45.34	62.13492579891682
45.35	49.53167721154043
45.36	42.778761437550855
45.37	47.41556532432973
45.38	40.70298660190589
45.39	43.78240846832224
45.4	56.979654824341225
45.410000000000004	50.881463028146264
45.42	46.01375352145313
45.43	46.19418874532813
45.44	43.909938341368246
45.45	49.62666598327779
45.46	45.229282546431975
45.47	44.29933359627038
45.480000000000004	36.955837491659814
45.49	28.945296772855095
45.5	38.262936974529694
45.51	30.376192982183632
45.52	26.894941694603578
45.53	35.71642853134522
45.54	41.13423234133332
45.550000000000004	24.464308314144198
45.56	18.786082248057717
45.57	39.60997480057617
45.58	39.448194562734294
45.59	41.70454426403873
45.6	31.15294222956059
45.61	34.00547551242299
45.62	43.46003399651317
45.63	40.7979137920233
45.64	49.63100649388971
45.65	46.56021539470507
45.660000000000004	57.11812626604744
45.67	51.221319484644155
45.68	52.379847206757745
45.69	49.78532439325111
45.7	60.33542878989989
45.71	59.261835710828336
45.72	51.10567318149037
45.730000000000004	51.03826973201387
45.74	50.4134783912078
45.75	54.817670275001305
45.76	44.15023072202065
45.77	41.96932744686336
45.78	52.40943424017537
45.79	56.18278380753474
45.800000000000004	57.145434036746295
45.81	63.18772196177219
45.82	61.5277584878349
45.83	54.44964549695472
45.84	45.609688861856384
45.85	60.52281163896984
45.86	63.43380543636076
45.87	46.97699543470407
45.88	50.52991579343263
45.89	50.01935718578677
45.9	51.626503903008675
45.910000000000004	42.41129342912731
45.92	50.946046073630534
45.93	60.461058654259645
45.94	63.03156363097214
45.95	63.817361541335664
45.96	56.55379605014946
45.97	51.31073947275813
45.980000000000004	42.47280099369479
45.99	42.6530247874969
46.0	42.298054347675276
46.01	39.59672333550009
46.02	56.79353629606704
46.03	46.491238480020385
46.04	48.243284173778044
46.050000000000004	58.929002155312105
46.06	56.07742144915223
46.07	55.154030448760565
46.08	44.23047790602511
46.09	49.88108208051154
46.1	46.950994926510276
46.11	35.425044069646226
46.12	32.06568360583226
46.13	32.44823464971251
46.14	33.70137251790655
46.15	32.35431426811566
46.160000000000004	29.365082741708914
46.17	42.46227261633951
46.18	43.54911336539713
46.19	53.44919157280847
46.2	56.14620278833709
46.21	60.96512589575546
46.22	49.394357166030545
46.230000000000004	53.33105236373163
46.24	56.1469546779386
46.25	47.63803080091338
46.26	37.146361226198096
46.27	42.38584584311653
46.28	34.83983665875952
46.29	43.572515985047076
46.300000000000004	38.91430899427503
46.31	35.56162664814206
46.32	44.40640451287628
46.33	45.61319216428284
46.34	34.64007160026242
46.35	27.678434132786894
46.36	14.1785397647102
46.37	27.641575550893105
46.38	34.6760756891163
46.39	41.78431241674562
46.4	36.649511760373045
46.410000000000004	31.919539602097885
46.42	24.280613472615666
46.43	25.538529220612762
46.44	20.376123500055684
46.45	43.74483703159443
46.46	45.35674776585092
46.47	37.903071332488786
46.480000000000004	29.63091998465759
46.49	28.07251550562704
46.5	47.459086080579624
46.51	40.502523968197345
46.52	47.89352754831006
46.53	40.47304244366008
46.54	34.50178555761125
46.550000000000004	29.31341566075311
46.56	29.000512168898453
46.57	44.06927880552896
46.58	40.558534448966135
46.59	35.32720571519012
46.6	47.71230587609565
46.61	44.14955968898193
46.62	38.814135334439555
46.63	52.64065269345243
46.64	45.20403563864221
46.65	43.068120938857426
46.660000000000004	56.831269284214855
46.67	68.17609921927584
46.68	57.99806161267108
46.69	59.78467329601247
46.7	55.30132890648146
46.71	46.17744059442208
46.72	40.06139563460438
46.730000000000004	46.551061657315564
46.74	39.48274098587381
46.75	34.39484894284439
46.76	38.42785865552177
46.77	33.51927434248434
46.78	51.556826145446
46.79	52.4421289667231
46.800000000000004	54.17045429925735
46.81	70.5888072283481
46.82	53.10857536972379
46.83	54.67722413266682
46.84	54.62222031911735
46.85	47.849774322295104
46.86	41.63845379189705
46.87	52.86749508310878
46.88	45.57662270476776
46.89	33.39042711971115
46.9	33.340464367540044
46.910000000000004	27.295252486685165
46.92	18.013239559418857
46.93	34.02546770844475
46.94	53.71224451620228
46.95	57.37036156516195
46.96	49.19769278588486
46.97	38.61935536963965
46.980000000000004	26.540579562225833
46.99	35.70393361933387
47.0	39.65736101868945
47.01	39.009370368441196
47.02	42.15926460781498
47.03	46.81873741049714
47.04	48.605487613163994
47.050000000000004	47.374722682204386
47.06	26.914756059130006
47.07	27.66868781180171
47.08	44.672182007425825
47.09	40.02037119030217
47.1	43.84271248416446
47.11	46.59550476103437
47.12	44.65836853044305
47.13	44.7940263573099
47.14	40.46754855327541
47.15	42.443183168670686
47.160000000000004	33.936490242724524
47.17	33.2779865955988
47.18	29.397231002005565
47.19	39.43846020892789
47.2	45.822919952730096
47.21	40.26035567882732
47.22	37.586019047976315
47.230000000000004	39.83325253744679
47.24	47.35829332518177
47.25	60.778690787696
47.26	57.10504562169303
47.27	52.72307065579659
47.28	42.584263321753646
47.29	45.88175544366118
47.300000000000004	45.75433284978171
47.31	32.0587329666731
47.32	52.441014834142976
47.33	42.834659115292354
47.34	55.583962337079754
47.35	60.94858306187829
47.36	50.68376868280295
47.37	46.10658087985727
47.38	46.355818667952946
47.39	50.34360758294964
47.4	44.48483943946757
47.410000000000004	48.01249927941437
47.42	49.11375303383858
47.43	55.12313904559555
47.44	53.1047316745955
47.45	43.38800878861188
47.46	49.251645607106816
47.47	48.26359595300756
47.480000000000004	44.01142666626724
47.49	46.788135460734196
47.5	47.456584750544025
47.51	51.597778529257276
47.52	48.994677866932676
47.53	47.40734540929324
47.54	29.562955904963907
47.550000000000004	37.85324986789952
47.56	31.232192166695008
47.57	30.568249602448617
47.58	45.82140108231543
47.59	40.943333249285686
47.6	40.65672448490464
47.61	38.239502475772845
47.62	39.52565360891462
47.63	36.18740720490289
47.64	52.952722664518966
47.65	57.130184812080145
47.660000000000004	58.18703148969498
47.67	57.823097385745285
47.68	41.33379499497235
47.69	40.56125237021695
47.7	56.840771861099945
47.71	64.61848681622537
47.72	47.78802494680891
47.730000000000004	46.28651861342962
47.74	50.12706884512949
47.75	44.1286672958511
47.76	33.070146774614564
47.77	45.670920706907964
47.78	46.28637434029489
47.79	60.86950915440615
47.800000000000004	56.090011112648284
47.81	57.39799364360849
47.82	37.89242217922464
47.83	28.21395647219053
47.84	34.671847880988594
47.85	56.271815069094316
47.86	51.637488545929024
47.870000000000005	45.39874546953766
47.88	41.748600678460676
47.89	29.80682155864663
47.9	30.417765315704656
47.910000000000004	38.70893672356003
47.92	36.1068456665359
47.93	27.1679523137056
47.94	33.66579621285257
47.95	36.71119405190896
47.96	47.21310985038599
47.97	65.38486780213368
47.980000000000004	52.04959611237353
47.99	57.05145432081319
48.0	40.812654415175544
48.01	33.51472642684688
48.02	50.17467290778357
48.03	44.01787503570603
48.04	48.45407647421669
48.050000000000004	51.06897017847505
48.06	46.07630697459696
48.07	47.0609917393027
48.08	29.19809217988703
48.09	41.54407694420964
48.1	45.78889397945387
48.11	62.21834004821931
48.120000000000005	54.81040333234773
48.13	48.11771939896921
48.14	57.39844209008545
48.15	44.38161337716727
48.160000000000004	41.041215051529704
48.17	50.7951662891115
48.18	46.7955590184424
48.19	33.08711797992151
48.2	34.609712862899805
48.21	34.98097272860077
48.22	31.619027384658043
48.230000000000004	29.382025889009437
48.24	22.20282862461281
48.25	31.882127481667215
48.26	31.16379535933926
48.27	30.387546560581658
48.28	35.50477981106012
48.29	29.82975432615295
48.300000000000004	26.076353977854094
48.31	34.246107342737105
48.32	28.76789452173526
48.33	33.250130474329154
48.34	43.922257959769965
48.35	39.85125294573253
48.36	33.42305255341151
48.370000000000005	24.64674949740058
48.38	30.466995294271406
48.39	37.138384367922185
48.4	50.022671408974176
48.410000000000004	54.07870500970149
48.42	65.25754286940706
48.43	49.89723930825837
48.44	40.823908758647136
48.45	38.91455253593324
48.46	23.85865108911024
48.47	16.048768772903056
48.480000000000004	23.6541294730144
48.49	14.546061417776897
48.5	19.93005377510194
48.51	43.47083955612364
48.52	48.274373049121046
48.53	35.901060624506286
48.54	31.020742746180996
48.550000000000004	44.482889309583925
48.56	30.559002194764684
48.57	43.64848562908412
48.58	32.970501424240354
48.59	37.62729781764508
48.6	38.10295666746287
48.61	39.79742289802768
48.620000000000005	38.672413136653745
48.63	37.02487922238011
48.64	31.131040296773516
48.65	37.23810375296462
48.660000000000004	38.18939589817908
48.67	37.89064488669124
48.68	40.0719351286518
48.69	37.7192349789677
48.7	36.62581087482016
48.71	41.6886508855944
48.72	39.90245084866179
48.730000000000004	54.018357288013775
48.74	56.533013191371836
48.75	54.309092058584845
48.76	62.428585963122984
48.77	59.03329766350725
48.78	56.28451242275105
48.79	55.09819236275911
48.800000000000004	46.09083603768903
48.81	43.40400109936585
48.82	29.812798710584214
48.83	22.933694927306753
48.84	35.83253070150619
48.85	39.82909739398786
48.86	40.32258812904783
48.870000000000005	42.168561602907296
48.88	33.43336952887856
48.89	40.87416162591087
48.9	36.15427983360328
48.910000000000004	27.210736545547906
48.92	27.329568045101894
48.93	35.16106803744979
48.94	31.158534610407866
48.95	40.28047499069562
48.96	43.86540568899843
48.97	28.525655560616876
48.980000000000004	30.791382704458012
48.99	39.88501456093888
49.0	61.216764017852135
49.01	41.91127044378871
49.02	44.65700749992665
49.03	39.42227510562275
49.04	31.3740808232424
49.050000000000004	31.675504043505498
49.06	37.23285848681398
49.07	60.90042917278117
49.08	57.60409758161144
49.09	52.27150074467185
49.1	48.7443090625326
49.11	49.65615068333648
49.120000000000005	54.45529389080258
49.13	47.5736619786193
49.14	47.252290423532195
49.15	46.81648882279764
49.160000000000004	48.66992116338987
49.17	49.14913790564026
49.18	53.82419967579659
49.19	56.40134619727407
49.2	51.96192514289706
49.21	45.92315536801565
49.22	53.93157531130218
49.230000000000004	51.71037722279184
49.24	50.81491888009302
49.25	45.54376957091811
49.26	47.71078197058847
49.27	43.91485322871017
49.28	42.1904619089406
49.29	48.49224572909265
49.300000000000004	50.21817449664473
49.31	50.69859317614022
49.32	47.70114407872815
49.33	45.973838248580115
49.34	32.716981196167865
49.35	30.736952694861795
49.36	25.361446468672597
49.370000000000005	28.774955368252744
49.38	40.72104206390787
49.39	51.55537702257158
49.4	43.10499918931974
49.410000000000004	39.72877079196798
49.42	32.74220580616402
49.43	30.422771281053922
49.44	32.66599772499052
49.45	23.511839929344404
49.46	19.44364465420126
49.47	12.62746850929617
49.480000000000004	17.4014142620151
49.49	26.02081569212717
49.5	54.33229864102661
49.51	58.9542640342287
49.52	51.88834898147211
49.53	61.63407054124276
49.54	59.126223292811545
49.550000000000004	55.59176120644604
49.56	57.41414087472067
49.57	43.88868821041215
49.58	39.075103044726546
49.59	43.324566002167884
49.6	39.93778721780648
49.61	32.80507960950406
49.620000000000005	25.446967224576166
49.63	45.97948854159187
49.64	49.81074647169475
49.65	41.38546012737199
49.660000000000004	40.154053276075416
49.67	56.04185970656537
49.68	64.83673702543496
49.69	56.42711720980307
49.7	58.53582116843726
49.71	64.70576300757877
49.72	61.18661986480008
49.730000000000004	46.629055607744455
49.74	53.07852089165015
49.75	45.42545770248813
49.76	42.98853685090964
49.77	56.460360275917424
49.78	53.425359599806484
49.79	49.55053977473218
49.800000000000004	56.78161084538023
49.81	45.4654493529224
49.82	30.962468816282744
49.83	47.12396190711973
49.84	46.92757351173787
49.85	33.545018488342926
49.86	31.435204775633252
49.870000000000005	31.967808267735354
49.88	58.1771726807297
49.89	54.67733806250168
49.9	50.52138571181399
49.910000000000004	59.51560045135176
49.92	58.07125205663608
49.93	53.37972421131866
49.94	43.6147745156478
49.95	43.32668016341622
49.96	33.69912589993271
49.97	49.98541551752568
49.980000000000004	51.163589017627466
49.99	44.65019342922515
50.0	46.51885640899893
50.01	35.761775159647655
50.02	34.338843502792514
50.03	28.39826225251328
50.04	31.777180218852994
50.050000000000004	39.567360914825976
50.06	47.96087459301476
50.07	49.750316576995054
50.08	39.894726576079464
50.09	31.23279331603051
50.1	48.17029662639604
50.11	34.27802170048925
50.120000000000005	35.04410964286276
50.13	40.48478252591014
50.14	35.75819757865674
50.15	44.3822179878962
50.160000000000004	44.677171287506674
50.17	52.8347536876477
50.18	58.12456924656095
50.19	57.85473138368472
50.2	45.32208987833654
50.21	40.76737309325528
50.22	43.31069328984554
50.230000000000004	43.066536058769934
50.24	55.271073099505
50.25	45.565645083700694
50.26	37.55555104531886
50.27	28.506631617921073
50.28	34.43056847938922
50.29	44.84047051856208
50.300000000000004	46.01072314403412
50.31	45.033874105097524
50.32	34.41629872167631
50.33	27.925660020793373
50.34	46.949997272454894
50.35	56.82044149778731
50.36	54.04436772320759
50.370000000000005	43.79004679848138
50.38	49.58562531485133
50.39	54.02623320266875
50.4	53.82923318782102
50.410000000000004	53.63010095365374
50.42	63.66850803903609
50.43	56.55511311522938
50.44	40.198995669946086
50.45	28.853785338508683
50.46	29.401926918975743
50.47	37.36557219076213
50.480000000000004	17.252023769012585
50.49	14.151036735620718
50.5	33.22382827913292
50.51	35.16124726952685
50.52	41.92498542791772
50.53	42.2517884218059
50.54	38.529203973293605
50.550000000000004	40.24927726402612
50.56	41.50641414095503
50.57	31.403317145890966
50.58	32.661174777135415
50.59	23.733965932277417
50.6	35.90188131505373
50.61	41.36046911482044
50.620000000000005	39.38253180156075
50.63	55.15230016350268
50.64	51.41421914429243
50.65	60.45571067345151
50.660000000000004	56.71792586241442
50.67	61.489441979288614
50.68	48.60828395995771
50.69	51.8353542297203
50.7	43.746687048807445
50.71	43.17837912157066
50.72	48.375001261645124
50.730000000000004	44.10472134718097
50.74	48.39827433754129
50.75	59.53183592649756
50.76	62.59823712100564
50.77	61.80973052643889
50.78	50.34808985563387
50.79	47.01814267496369
50.800000000000004	41.86497827587472
50.81	69.15745604874701
50.82	63.204244578194476
50.83	50.18830916773389
50.84	50.085110743352494
50.85	41.023596167385314
50.86	43.32232564087089
50.870000000000005	39.935728670206686
50.88	39.05539217532438
50.89	26.988153503638937
50.9	23.4660493089996
50.910000000000004	17.595626484008047
50.92	13.200767474298807
50.93	12.143619302543888
50.94	27.581457420595967
50.95	25.531281571637308
50.96	27.714084572343648
50.97	49.37974804880325
50.980000000000004	38.648970372876626
50.99	37.888941344094576
51.0	41.97494688388007
51.01	39.1669624576873
51.02	27.537717871440517
51.03	50.98845292589658
51.04	42.266716767066264
51.050000000000004	32.95709683532197
51.06	27.533939972554233
51.07	11.240532423136703
51.08	15.61589352654717
51.09	12.103766837411516
51.1	21.24678498164002
51.11	36.888153493207724
51.120000000000005	47.3216103829238
51.13	40.3867738504397
51.14	38.592122060094944
51.15	38.961766320095734
51.160000000000004	54.428316688734796
51.17	51.001944726397
51.18	44.36624288779522
51.19	44.506387379903195
51.2	41.780417506116535
51.21	40.554102592895255
51.22	45.486145797955515
51.230000000000004	53.34212261488413
51.24	47.939722481926005
51.25	50.10400537042612
51.26	57.13457654727074
51.27	47.08728506858418
51.28	54.1607690293797
51.29	42.221353864835
51.300000000000004	39.40369050589893
51.31	35.366809756830904
51.32	35.21685137034061
51.33	45.565604067622324
51.34	53.952373288560516
51.35	55.94131768871269
51.36	52.08428241144249
51.370000000000005	45.64976099843644
51.38	40.636484172505085
51.39	42.89460253266102
51.4	37.82105859474484
51.410000000000004	31.84971217576286
51.42	29.03885617987802
51.43	31.47876399542347
51.44	45.24946218265936
51.45	50.903022926134156
51.46	37.375430833182236
51.47	43.62529473952435
51.480000000000004	35.47591722384577
51.49	30.63473106889946
51.5	27.29961871462401
51.51	32.60083998395693
51.52	38.495965840499096
51.53	40.82763165022683
51.54	30.721287122540023
51.550000000000004	38.69355155318643
51.56	39.58544457398537
51.57	39.15962838790321
51.58	45.26758648850388
51.59	61.36634636696873
51.6	50.25763399651365
51.61	48.65281659060246
51.620000000000005	44.65316437301488
51.63	48.050771632417245
51.64	50.10846610646262
51.65	49.96243901169712
51.660000000000004	43.58536427992209
51.67	28.45790363187035
51.68	26.83775436681514
51.69	9.426491598307356
51.7	9.625237855023641
51.71	9.051010246828678
51.72	26.89201360971034
51.730000000000004	28.735829803205842
51.74	32.289766399435884
51.75	20.347275319969103
51.76	29.131237026884556
51.77	38.009715759585696
51.78	46.73387881807006
51.79	39.12255507627328
51.800000000000004	45.387495920055
51.81	54.07801093114539
51.82	48.93602617696492
51.83	50.9762006508783
51.84	48.58142840124488
51.85	36.71295910704933
51.86	35.94939538110113
51.870000000000005	29.848118914922033
51.88	10.692002515335298
51.89	24.06339694509126
51.9	37.99715836174741
51.910000000000004	34.61946526193795
51.92	46.58062470097048
51.93	44.25898776032601
51.94	43.56351981968084
51.95	41.911246571675726
51.96	43.97153970533787
51.97	47.945185917467974
51.980000000000004	48.969222351220026
51.99	41.199168107421634
52.0	28.317790236750543
52.01	30.096276392527084
52.02	23.91211445656318
52.03	23.902086576955266
52.04	12.022214680985456
52.050000000000004	9.819328567883941
52.06	37.974307961829425
52.07	46.28871213389945
52.08	51.681148910015075
52.09	50.67239264743508
52.1	48.16827957793322
52.11	34.504179194767566
52.120000000000005	37.50782358092
52.13	30.9932954807536
52.14	36.71632387543177
52.15	36.48009312726537
52.160000000000004	50.74605096751531
52.17	40.34162813759136
52.18	41.09450747924587
52.19	50.287279573757914
52.2	56.79640701480515
52.21	41.01582506297483
52.22	38.75273085037578
52.230000000000004	44.4464196115539
52.24	48.58219008493365
52.25	46.388412946606785
52.26	57.28678172910609
52.27	49.87115438701916
52.28	39.113883168794274
52.29	30.957578210557926
52.300000000000004	48.176587722701264
52.31	60.52520481347874
52.32	62.22918924299181
52.33	53.606288050535184
52.34	37.23467520176563
52.35	26.158303079660953
52.36	30.981107929615387
52.370000000000005	34.3387361890672
52.38	39.51658851970639
52.39	31.235398787107442
52.4	34.560935759771986
52.410000000000004	26.61301505211266
52.42	23.501791714912954
52.43	22.50987620980491
52.44	21.248629929605826
52.45	40.573249451508474
52.46	49.349102124758446
52.47	34.752497532023646
52.480000000000004	41.16403628784763
52.49	46.796565602776845
52.5	60.85097899433356
52.51	68.44328161105119
52.52	55.18986443539525
52.53	58.01497272605993
52.54	54.05469964393251
52.550000000000004	45.13034082733453
52.56	36.39559507858089
52.57	41.09501977432622
52.58	33.97794556653836
52.59	35.03538330680431
52.6	42.36925699914799
52.61	41.95121203432452
52.620000000000005	47.83819639451756
52.63	38.24434010474231
52.64	27.705816343168102
52.65	32.34963166819336
52.660000000000004	36.00523798447992
52.67	43.334124196931455
52.68	55.96867386394288
52.69	44.11170513391306
52.7	31.518507294774565
52.71	26.49606561083091
52.72	26.237171862145424
52.730000000000004	31.592871041128067
52.74	36.216131494657176
52.75	23.25766556527128
52.76	19.64206333251821
52.77	25.230073468640853
52.78	31.167165535964724
52.79	28.34923143023172
52.800000000000004	21.45474237978366
52.81	25.981330877599255
52.82	29.613183668785517
52.83	22.862202385842885
52.84	29.25896918024057
52.85	41.27331784450714
52.86	46.72925320878903
52.870000000000005	35.08644077367164
52.88	42.51637149124411
52.89	49.5650975755526
52.9	45.54207143530482
52.910000000000004	49.148872761576584
52.92	47.75687735355388
52.93	48.75450286817835
52.94	47.52354294255994
52.95	40.30621171047661
52.96	38.461355296719944
52.97	30.34436098966348
52.980000000000004	56.236494172457384
52.99	54.45122486302696
53.0	62.44576125678057
53.01	57.800973583100664
53.02	69.73523392393591
53.03	57.53133215020558
53.04	44.92514818331232
53.050000000000004	36.43541966339065
53.06	37.8464541534289
53.07	46.0902773401109
53.08	50.45619253830373
53.09	40.85511752713614
53.1	31.35917107517871
53.11	36.06535966957387
53.120000000000005	40.9744927060979
53.13	34.250593857755966
53.14	46.76089252547628
53.15	58.47268385624813
53.160000000000004	49.96200738925376
53.17	49.88479090055707
53.18	51.300939428664584
53.19	41.71893507157566
53.2	33.534425781456136
53.21	22.581921499099902
53.22	31.32283543895087
53.230000000000004	21.370904313193435
53.24	31.506483669841792
53.25	26.52778927931816
53.26	25.393606145018595
53.27	36.01886171479073
53.28	31.82059616656132
53.29	37.278802867844746
53.300000000000004	42.78858263816364
53.31	39.01632835627597
53.32	37.53108219211358
53.33	41.97094387221266
53.34	36.20886803488641
53.35	40.389540508371596
53.36	43.06048810809939
53.370000000000005	33.13061142465966
53.38	31.555942306591852
53.39	34.24365565103596
53.4	58.62591930450162
53.410000000000004	66.40631484191326
53.42	48.25406788727422
53.43	48.12174708368928
53.44	45.639238967974855
53.45	38.89738410140162
53.46	42.84747929385354
53.47	38.437449657018924
53.480000000000004	44.59497456935882
53.49	51.22525852929854
53.5	35.56395497664559
53.51	39.25025720270295
53.52	43.587861675478116
53.53	54.26619438794523
53.54	41.76235805718133
53.550000000000004	32.606163065265314
53.56	35.477216595101076
53.57	31.498126708197926
53.58	30.01366343398916
53.59	32.52226548754096
53.6	48.399985182081835
53.61	53.02001561142486
53.620000000000005	44.76103069093204
53.63	55.08423857848233
53.64	63.28183644116517
53.65	65.20011955729966
53.660000000000004	55.06779956488442
53.67	56.31779725706687
53.68	61.26405359255982
53.69	53.5476895897638
53.7	57.412912472078354
53.71	47.567338681363445
53.72	34.31617037531902
53.730000000000004	34.1128699934544
53.74	37.5943025028923
53.75	32.052143310577144
53.76	32.8187346617776
53.77	29.636491379876293
53.78	32.145625886365956
53.79	23.778815509933285
53.800000000000004	26.472054335789487
53.81	18.114065502784257
53.82	19.26769222032918
53.83	16.402608101365992
53.84	5.650726225523075
53.85	26.39016964518523
53.86	40.0584452092032
53.870000000000005	29.954885832493556
53.88	46.49931724295804
53.89	44.15187693264188
53.9	33.00583595835247
53.910000000000004	48.40188054410409
53.92	56.41116914084962
53.93	44.48289305690618
53.94	47.98975092217388
53.95	61.19562449609611
53.96	54.747339694899715
53.97	47.595999304546105
53.980000000000004	43.99170086758727
53.99	38.209889608229794
54.0	53.19338307534122
54.01	57.13646773296584
54.02	55.514855384447486
54.03	58.689319320686614
54.04	53.61417237716181
54.050000000000004	67.79684072026184
54.06	69.02287035133521
54.07	59.69363609898264
54.08	60.93704569585866
54.09	60.70944846513054
54.1	55.68601607668055
54.11	50.21181663816302
54.120000000000005	58.11815522081838
54.13	49.97252942263455
54.14	38.73261617231829
54.15	31.19139629329665
54.160000000000004	45.83715437637141
54.17	30.12475743820631
54.18	39.301295443857185
54.19	57.85762068199654
54.2	59.041004286848136
54.21	54.119012939078615
54.22	51.49868633659926
54.230000000000004	48.266368296972466
54.24	46.3200895573337
54.25	51.46572028944128
54.26	53.10069133236044
54.27	56.41712362093037
54.28	47.11162970826913
54.29	46.64171081416608
54.300000000000004	41.912114804805704
54.31	36.18560119017886
54.32	23.295643471755213
54.33	29.396171375047683
54.34	36.42612436776542
54.35	50.2601754563771
54.36	50.908317005007866
54.370000000000005	40.04470668432586
54.38	54.13158154716355
54.39	51.0258833553599
54.4	35.57075800355608
54.410000000000004	35.36803658686542
54.42	38.84452230058714
54.43	34.023384436588664
54.44	33.27859344491477
54.45	30.760196487066583
54.46	21.953783514713134
54.47	21.98900023787786
54.480000000000004	14.037556240808316
54.49	15.18233629381484
54.5	8.681556120293669
54.51	28.76146235077712
54.52	43.75188849326026
54.53	36.43393462664979
54.54	27.663048490217555
54.550000000000004	32.21824287411152
54.56	31.084361721629207
54.57	44.898104024336455
54.58	57.411093049668374
54.59	51.66440991427006
54.6	58.35178611419678
54.61	55.467138120277454
54.620000000000005	50.186804794712025
54.63	53.11518405795592
54.64	41.83685706604273
54.65	55.776692890859046
54.660000000000004	43.21205621170822
54.67	40.35571276505068
54.68	45.42956154813146
54.69	43.78292519399102
54.7	37.25657245739539
54.71	40.46593289979831
54.72	32.78978686093574
54.730000000000004	20.25559783794923
54.74	24.48456561248863
54.75	26.228848562963023
54.76	19.36255305575775
54.77	8.022498082699116
54.78	12.178818180770364
54.79	9.046655070362553
54.800000000000004	39.884213803526485
54.81	27.95062056893388
54.82	45.72006166996517
54.83	42.45582862906441
54.84	52.19314169307685
54.85	55.84611914802257
54.86	39.06591189280532
54.870000000000005	35.01329341802293
54.88	42.08502362997421
54.89	46.30553718343176
54.9	44.85799905850121
54.910000000000004	46.203513831774025
54.92	52.024040273987445
54.93	42.76907424229635
54.94	42.315910114067506
54.95	36.8906881917925
54.96	32.60516125414689
54.97	23.057400245170015
54.980000000000004	21.95788663903933
54.99	37.5548912715904
55.0	48.069054087157575
55.01	59.67902621003265
55.02	64.65169126461137
55.03	58.6499083504526
55.04	59.98278827827021
55.050000000000004	52.26613954178879
55.06	44.05916062280945
55.07	47.419059911020085
55.08	43.505902732896516
55.09	33.31485741766329
55.1	43.268567596959706
55.11	52.77887310960785
55.120000000000005	65.72551388095557
55.13	52.440326510434886
55.14	40.245925975548424
55.15	37.322726488243546
55.160000000000004	34.85292934415471
55.17	23.54938473721676
55.18	32.0736922877468
55.19	35.20577127850394
55.2	31.175108728694504
55.21	33.140713608165846
55.22	47.07636230459756
55.230000000000004	43.8310668684139
55.24	35.97029933952967
55.25	46.50047397858823
55.26	49.55736790245689
55.27	35.49383094758161
55.28	46.25082423945476
55.29	53.4810069796949
55.300000000000004	53.8826004268684
55.31	53.32118669851566
55.32	38.846228115966056
55.33	37.88650632822594
55.34	44.98417451423933
55.35	42.77645907830083
55.36	48.58983030695125
55.370000000000005	38.01687642469003
55.38	39.88787448814168
55.39	41.94385127204415
55.4	31.94768149287502
55.410000000000004	35.0515652522499
55.42	49.42678754621113
55.43	38.058993850057824
55.44	28.917680028269146
55.45	27.67708270618494
55.46	49.04950351772775
55.47	49.51683526751303
55.480000000000004	52.47784430970978
55.49	57.84314831220839
55.5	53.65632690916281
55.51	50.73362901262583
55.52	63.3584342451237
55.53	44.457744840028404
55.54	42.08214700810991
55.550000000000004	33.07206007026953
55.56	26.942385789949046
55.57	39.07307323701436
55.58	23.48296113712438
55.59	25.84538606586319
55.6	34.158930028325734
55.61	49.84832514325855
55.620000000000005	43.887232350510715
55.63	42.727288498414055
55.64	42.10179158902934
55.65	37.791354819870506
55.660000000000004	55.75640794766087
55.67	57.6178013212312
55.68	59.698307782078714
55.69	53.87098914075964
55.7	50.104320698951646
55.71	33.01877260835583
55.72	40.8803504606822
55.730000000000004	49.57368230507422
55.74	51.84889667652356
55.75	36.40093099451388
55.76	37.1787001420669
55.77	46.73010379358172
55.78	46.10650733448856
55.79	48.163853545148605
55.800000000000004	49.961915510611284
55.81	49.61220875194215
55.82	57.931354937529
55.83	50.090574918071404
55.84	34.24147625350675
55.85	19.720626340090742
55.86	44.688734215028134
55.870000000000005	60.16121119342677
55.88	53.38041899421778
55.89	54.83266964764121
55.9	47.00330592560091
55.910000000000004	38.94871387824849
55.92	37.7896435068732
55.93	36.29819479832917
55.94	38.538698598612186
55.95	28.337011430917414
55.96	25.883891702589587
55.97	32.44479413362988
55.980000000000004	50.45142653314523
55.99	45.433798545836034
56.0	39.89642301515174
56.01	34.60367067106122
56.02	44.045223666816554
56.03	46.165218801017325
56.04	51.316013563166514
56.050000000000004	42.79907011202811
56.06	49.43883596562659
56.07	45.161200799582765
56.08	49.53842369173032
56.09	46.60581947318618
56.1	49.68183559482777
56.11	48.93630883809047
56.120000000000005	62.808265822743294
56.13	58.071891969356514
56.14	57.921613197521054
56.15	65.6254349668328
56.160000000000004	67.73713971371464
56.17	58.035725403664934
56.18	52.509124672240794
56.19	53.630140804524736
56.2	52.90066315098205
56.21	38.66070306245826
56.22	37.37459693630958
56.230000000000004	40.61780898098627
56.24	37.93092937357697
56.25	37.74421180842289
56.26	34.45738073607367
56.27	44.47214475688771
56.28	48.94802385035969
56.29	64.19465985618629
56.300000000000004	61.43686375284949
56.31	51.480305414423555
56.32	46.59911681328089
56.33	44.63992311129724
56.34	49.05909902207834
56.35	44.48486069313382
56.36	35.96115198964342
56.370000000000005	32.71252144353855
56.38	41.73160495547788
56.39	39.90592159347653
56.4	48.4776560267601
56.410000000000004	40.53173873823327
56.42	33.373385825171596
56.43	31.317387465098456
56.44	33.66015715848329
56.45	48.57953082661783
56.46	37.19147778454919
56.47	47.173857800447756
56.480000000000004	42.283628348968904
56.49	42.27549767096214
56.5	52.38598199623751
56.51	50.102494137126875
56.52	53.81080626432999
56.53	56.485339118012696
56.54	37.97664383084461
56.550000000000004	31.336007539349083
56.56	30.720361133431872
56.57	36.817445934152545
56.58	40.77646975606327
56.59	48.98301999983093
56.6	42.55283582148004
56.61	46.22600527081244
56.620000000000005	58.28691457210178
56.63	61.15108202722945
56.64	47.47159185832227
56.65	53.65276661621505
56.660000000000004	57.65075520013159
56.67	45.77897443338405
56.68	44.377929493005524
56.69	48.6482265374968
56.7	57.036771085492504
56.71	41.59494101773447
56.72	32.83677734009357
56.730000000000004	39.096285488002486
56.74	48.22789448244983
56.75	37.304307498723965
56.76	34.88250244258712
56.77	41.38295687012147
56.78	51.76218682878848
56.79	44.84574056564176
56.800000000000004	43.35394439129618
56.81	27.464922310759018
56.82	16.739057310606803
56.83	24.438975081236443
56.84	38.528627711748335
56.85	42.64913413881889
56.86	46.4466999246008
56.870000000000005	41.30858058950351
56.88	42.00442306340626
56.89	42.21114374427565
56.9	54.162987486802216
56.910000000000004	52.03612536055897
56.92	55.10685158810153
56.93	43.73573864782229
56.94	42.58121640290133
56.95	43.38057923082277
56.96	35.475989671545946
56.97	44.71590844103499
56.980000000000004	35.87794135195564
56.99	44.732468249152646
57.0	41.66552135428549
57.01	27.751938021525266
57.02	31.514841892534722
57.03	36.932290702865814
57.04	32.73849937730179
57.050000000000004	47.217817269603486
57.06	49.00012868942099
57.07	48.96337850626056
57.08	46.55384836669962
57.09	36.44219761743981
57.1	35.88929112666307
57.11	25.48616271060099
57.120000000000005	24.490444714873856
57.13	31.390568356367027
57.14	34.627126967119516
57.15	14.659790455784544
57.160000000000004	16.530932651998526
57.17	28.303485919791864
57.18	39.85349484503295
57.19	43.2965800529499
57.2	42.56030772819269
57.21	27.354167612564037
57.22	27.142421954635356
57.230000000000004	26.95790113900401
57.24	26.12661644176915
57.25	33.03629142699106
57.26	26.54447291739695
57.27	41.08279701588285
57.28	44.244909032460605
57.29	44.66222243836056
57.300000000000004	38.23375976367523
57.31	19.320899449075103
57.32	8.108593449680107
57.33	25.687897766787337
57.34	34.20184500175868
57.35	46.164851755954054
57.36	48.88302856148874
57.370000000000005	65.88407674862215
57.38	55.312107515960946
57.39	43.50377458175477
57.4	38.36757083490973
57.410000000000004	37.178789549446115
57.42	38.92946711308477
57.43	41.38345645335317
57.44	44.306980434480266
57.45	33.43718058013377
57.46	39.19772769749507
57.47	48.47031601224726
57.480000000000004	47.98782867532726
57.49	44.991272428310914
57.5	45.7161904482126
57.51	53.8944469146487
57.52	41.09158199246395
57.53	33.712768580582974
57.54	43.93251535126041
57.550000000000004	35.38300347467976
57.56	41.21662333451307
57.57	41.47205346815532
57.58	44.044352030336114
57.59	48.97064005406806
57.6	61.39788342020294
57.61	57.21611003370891
57.620000000000005	60.93284089996465
57.63	55.00474373251321
57.64	51.89660642133063
57.65	50.28556076713369
57.660000000000004	57.65519356482687
57.67	44.359855959758384
57.68	42.88052435851119
57.69	40.3547467033672
57.7	41.67099358447469
57.71	46.50283802811504
57.72	45.375699875389905
57.730000000000004	44.55268120307979
57.74	46.974224042722774
57.75	59.98522185804717
57.76	54.54219787325383
57.77	60.27117886049588
57.78	53.64611280215591
57.79	45.32246811597853
57.800000000000004	36.81202285252967
57.81	49.44160533873864
57.82	45.51312136181499
57.83	40.225041987611384
57.84	35.3379644869042
57.85	39.48738234732138
57.86	42.22056578618248
57.870000000000005	36.455653077469414
57.88	28.961705164405338
57.89	43.95544758188666
57.9	43.57892468333734
57.910000000000004	36.324960260664675
57.92	34.08366709601776
57.93	42.62994707326006
57.94	63.25997201947007
57.95	40.40647727505751
57.96	49.47875050398908
57.97	54.96045489168742
57.980000000000004	55.87833489449408
57.99	49.31940850525675
58.0	58.30536702423116
58.01	50.75655839950135
58.02	50.7418154894035
58.03	55.358544246875354
58.04	59.07110520980918
58.050000000000004	51.882252962658114
58.06	51.96559077287484
58.07	48.35284925638213
58.08	43.36594899420177
58.09	27.88257490484995
58.1	23.734963603670764
58.11	27.11620669493734
58.120000000000005	12.988274020146635
58.13	30.595986871552515
58.14	45.663482834032216
58.15	37.949298324808936
58.160000000000004	38.64310746029412
58.17	26.522905960764184
58.18	21.052576229816825
58.19	34.81825894285681
58.2	31.962683499666362
58.21	36.43843805419166
58.22	51.134540043378294
58.230000000000004	57.08939721637196
58.24	45.36894052326834
58.25	40.7940018736509
58.26	43.35328797539541
58.27	38.57294014507076
58.28	30.85495971605405
58.29	25.49722033671655
58.300000000000004	37.60567568562978
58.31	30.782693585741228
58.32	37.24835107258111
58.33	34.80180663006401
58.34	45.88519710830262
58.35	34.31104527044553
58.36	30.13975500688884
58.370000000000005	18.90100840005607
58.38	23.274371798152412
58.39	37.488338492405035
58.4	52.767833592540775
58.410000000000004	48.56312322924267
58.42	34.93211426211167
58.43	24.372267701190165
58.44	42.90918663885753
58.45	46.33776405782783
58.46	44.97384556371426
58.47	66.19013896986984
58.480000000000004	51.203769780947745
58.49	41.11059889685008
58.5	44.7375319320524
58.51	53.153294158497665
58.52	49.11367088977496
58.53	43.384661548318974
58.54	37.50298653250956
58.550000000000004	33.2065880145711
58.56	20.718242932289243
58.57	22.524707068342476
58.58	15.301674651202303
58.59	11.766925342109582
58.6	13.240728828493213
58.61	24.99339361664558
58.620000000000005	30.725807481080793
58.63	41.172951336737135
58.64	35.67713336039791
58.65	44.03439432559214
58.660000000000004	28.479146094560658
58.67	33.020081853980585
58.68	31.711987873685924
58.69	26.010974517243763
58.7	34.94408791141218
58.71	36.59199594800739
58.72	58.53348145752762
58.730000000000004	64.53806185010504
58.74	70.21389336955104
58.75	54.26754745569138
58.76	50.89614457451846
58.77	40.58099949986211
58.78	36.89737023563894
58.79	35.285522030774054
58.800000000000004	31.511060542589302
58.81	25.386257745626285
58.82	28.337218715778395
58.83	42.838575570829434
58.84	47.0584412076284
58.85	57.8645602110286
58.86	61.056857159394724
58.870000000000005	52.987374314373334
58.88	56.1851061514101
58.89	45.36322492270288
58.9	49.55673526645664
58.910000000000004	49.10222523480238
58.92	64.22496457849599
58.93	53.97966489940096
58.94	39.73576855581003
58.95	29.15768173548277
58.96	40.16647193368606
58.97	65.41680918591871
58.980000000000004	65.778976067133
58.99	71.9290251960072
59.0	63.73885819955216
59.01	59.235351442008614
59.02	58.074453266346694
59.03	63.79633321067219
59.04	51.5106728576743
59.050000000000004	54.53922408745031
59.06	51.716465158253065
59.07	43.67653152558379
59.08	41.27678933551103
59.09	52.96202357258128
59.1	46.5597097251961
59.11	50.883417326985466
59.120000000000005	54.85561913657831
59.13	48.91848054191376
59.14	50.03964140551262
59.15	46.5561430332056
59.160000000000004	54.7323598861236
59.17	57.508216538741785
59.18	55.200400266049115
59.19	41.97359376972366
59.2	30.816010047212362
59.21	33.442122065660975
59.22	29.95451591876066
59.230000000000004	41.79323083320698
59.24	33.59117092556992
59.25	49.97189327676925
59.26	45.81376549820443
59.27	54.395307877760125
59.28	43.192229642659136
59.29	48.05207814380006
59.300000000000004	50.79114529888471
59.31	48.0363608929797
59.32	43.57477423836505
59.33	49.679122584228274
59.34	53.296931715301284
59.35	44.56846857961422
59.36	45.93922679501691
59.370000000000005	38.942930416753086
59.38	41.08932138037006
59.39	52.15354322259955
59.4	53.25173530758494
59.410000000000004	59.083532428506714
59.42	55.22329707276818
59.43	61.10180630698385
59.44	61.317068388539035
59.45	65.7060949767075
59.46	60.159466219190875
59.47	43.84732048595257
59.480000000000004	42.324245311135755
59.49	50.02844204676855
59.5	62.30328202564156
59.51	54.91125501026755
59.52	60.75087395640444
59.53	60.395086967850354
59.54	56.23221142248604
59.550000000000004	56.704141829158196
59.56	55.313754323765025
59.57	55.88490859029166
59.58	51.41528240881692
59.59	53.66061488438659
59.6	54.831126127372585
59.61	48.25955084038827
59.620000000000005	40.44391817044761
59.63	50.02280938118168
59.64	43.09181251631839
59.65	49.783145193578186
59.660000000000004	37.90473123161775
59.67	31.123440103339963
59.68	31.81406224841305
59.69	36.95277068508948
59.7	27.56305579506112
59.71	39.84317434999494
59.72	43.365585736697184
59.730000000000004	43.13679261354602
59.74	38.48157694397901
59.75	43.563558191395494
59.76	47.247382363447535
59.77	43.00827145388418
59.78	38.29467520207658
59.79	33.915342471893766
59.800000000000004	30.946441694759198
59.81	29.007623309778342
59.82	13.30355241205818
59.83	28.309474831459482
59.84	29.46382006481772
59.85	27.509286709347705
59.86	34.685918266831635
59.870000000000005	56.22349767338933
59.88	48.336807249262954
59.89	47.84042661428122
59.9	37.80758810644622
59.910000000000004	22.25904154931209
59.92	14.375225131035604
59.93	32.75304584779503
59.94	40.86773683821877
59.95	31.76192618393511
59.96	33.788313234602846
59.97	38.72834680892371
59.980000000000004	57.929608770672125
59.99	51.0349256148493
60.0	37.35894668524081
60.01	38.4774833656099
60.02	44.23851531312707
60.03	52.481397813949854
60.04	40.365045005459166
60.050000000000004	40.839767732869795
60.06	45.0372829229305
60.07	50.35436385923471
60.08	48.73315085107684
60.09	52.60938194214677
60.1	44.1567818748561
60.11	37.690077749495146
60.120000000000005	39.92095784061189
60.13	35.753699293796124
60.14	30.033075724930264
60.15	30.035202231587732
60.160000000000004	46.57676093485161
60.17	44.143239024261355
60.18	44.639018164739475
60.19	37.936275101905835
60.2	31.29353218310519
60.21	49.48395357741685
60.22	40.81462636813636
60.230000000000004	48.376920248384934
60.24	39.73284723002997
60.25	42.532219842821526
60.26	50.191045000417695
60.27	59.78193396000939
60.28	60.18222479924647
60.29	55.74004595509348
60.300000000000004	47.36139693603808
60.31	46.86235282512719
60.32	49.02871237818809
60.33	58.37133114006633
60.34	56.19822263496628
60.35	51.93182251643836
60.36	45.343993866823936
60.370000000000005	46.66839389123867
60.38	45.89835006079203
60.39	50.576922290392524
60.4	53.74327988826741
60.410000000000004	53.03867496962653
60.42	63.835827400910986
60.43	59.340767174468226
60.44	72.55034311176411
60.45	60.934634216186645
60.46	53.853376265869265
60.47	52.672313350778865
60.480000000000004	53.162780218626025
60.49	49.34805941850757
60.5	39.63765080697143
60.51	47.23536036253082
60.52	33.0826564616284
60.53	48.487762898167276
60.54	70.95117570182242
60.550000000000004	61.535093042850676
60.56	66.1310328559342
60.57	62.36550936651381
60.58	68.34274064228829
60.59	63.31131103395496
60.6	58.36428323092038
60.61	46.357769577273686
60.620000000000005	50.783827084654135
60.63	41.40877961787738
60.64	55.52934500972625
60.65	58.623743068268965
60.660000000000004	51.71085289713699
60.67	50.94515764474796
60.68	44.14840044546575
60.69	38.31619335135227
60.7	22.718156016865965
60.71	38.11314067517097
60.72	42.53476386304426
60.730000000000004	50.84301447709158
60.74	51.74107374985326
60.75	51.679008406013345
60.76	57.70302717376393
60.77	44.581866324140066
60.78	29.17596619661474
60.79	35.438216369370444
60.800000000000004	39.02022045061408
60.81	54.688140626918994
60.82	50.96583071657052
60.83	50.88901802853491
60.84	42.688490495644714
60.85	45.86778737537418
60.86	40.932536594787365
60.870000000000005	35.95938447432378
60.88	37.42233665650993
60.89	38.27505910829211
60.9	39.450732752311936
60.910000000000004	30.66206217446934
60.92	22.079045785093772
60.93	42.757860208646335
60.94	42.30237860164187
60.95	47.4593322879719
60.96	42.1177709968545
60.97	48.482662968673516
60.980000000000004	63.031360858132544
60.99	59.19414543007538
61.0	57.337946778876294
61.01	57.721077973368175
61.02	52.804438176235394
61.03	45.96595231351324
61.04	37.79788696885577
61.050000000000004	36.985567909204164
61.06	39.23325221079642
61.07	39.90863375449743
61.08	39.14200214848983
61.09	37.349832080594844
61.1	23.814407633936813
61.11	38.237147178743136
61.120000000000005	39.42620393404466
61.13	32.33774015980222
61.14	46.881876581077655
61.15	46.89477565016673
61.160000000000004	64.06377947415685
61.17	60.13778867221189
61.18	62.59556973107634
61.19	50.64273412818758
61.2	50.425327443077805
61.21	45.72820690742925
61.22	38.198416432353895
61.230000000000004	26.949756139289335
61.24	39.02226757818389
61.25	32.51944798086556
61.26	26.195232778602897
61.27	24.20579099268494
61.28	19.59125406864103
61.29	35.52133253673105
61.300000000000004	35.73015833893503
61.31	49.50767568652408
61.32	47.552060499868055
61.33	53.755317344434694
61.34	42.767068713339164
61.35	33.06924671475596
61.36	48.94566470998541
61.370000000000005	39.95539149961641
61.38	33.56219769334055
61.39	50.517561906451206
61.4	59.048864273649826
61.410000000000004	60.684323970370386
61.42	53.011687763941666
61.43	63.67282660231627
61.44	53.78244697535958
61.45	49.85431028838099
61.46	44.303516374559905
61.47	54.39612256283926
61.480000000000004	41.126966713259215
61.49	27.968908495000434
61.5	18.647180253787884
61.51	18.31798572548267
61.52	25.692380568877024
61.53	27.15173835001129
61.54	15.007434422895088
61.550000000000004	8.048492610516071
61.56	9.862353014629294
61.57	5.16513148933769
61.58	3.357927932655691
61.59	-0.05567593942041771
61.6	8.191359375134036
61.61	7.379404675199968
61.620000000000005	5.940993763749938
61.63	5.149735475141007
61.64	28.58410985085557
61.65	32.38519233287945
61.660000000000004	41.258496835141656
61.67	37.76063830351236
61.68	54.51735466355969
61.690000000000005	56.13123089140153
61.7	51.400682120586026
61.71	66.40207110868155
61.72	61.113630647957066
61.730000000000004	49.36495690337706
61.74	57.67184762674871
61.75	60.32231503567653
61.76	72.62296755121945
61.77	67.47441634386604
61.78	65.48413797557849
61.79	61.69459746115745
61.800000000000004	49.96798341652472
61.81	35.983404821092755
61.82	42.17486133275897
61.83	43.19616626123146
61.84	31.40449931516457
61.85	17.229409268456255
61.86	12.8690347508328
61.870000000000005	38.74647257130793
61.88	41.379924542758324
61.89	41.426001660428035
61.9	47.96608511066988
61.910000000000004	41.56043126768661
61.92	38.31632067185186
61.93	47.973046236341006
61.940000000000005	38.742346356405314
61.95	24.918822210670065
61.96	37.8894940322508
61.97	34.26243989127766
61.980000000000004	18.720450256199875
61.99	22.06023155611577
62.0	27.487512306050778
62.01	49.30422860926654
62.02	52.92786454204779
62.03	55.98097611522349
62.04	53.092176877732754
62.050000000000004	46.912751864705285
62.06	46.000974071479845
62.07	55.60993924918233
62.08	48.565102802596066
62.09	53.4736603993929
62.1	41.12069874388058
62.11	30.576407335447822
62.120000000000005	21.267159604983597
62.13	23.58511998574558
62.14	26.110442156045337
62.15	31.664497063714414
62.160000000000004	39.74068638866224
62.17	36.2856095831372
62.18	46.62366583577257
62.190000000000005	46.62605910207623
62.2	54.45208543505303
62.21	48.636480427445335
62.22	47.94545414983793
62.230000000000004	49.30324189155505
62.24	71.63901329658175
62.25	55.29636269142976
62.26	55.70155412359314
62.27	57.06676852833425
62.28	47.92153464233916
62.29	35.54749556673452
62.300000000000004	36.39865662454414
62.31	39.424163703888
62.32	28.86353674728319
62.33	43.16818895503656
62.34	42.895278114028166
62.35	42.97725821202536
62.36	36.110497445281695
62.370000000000005	43.39384662264273
62.38	36.9908993644528
62.39	37.69594401558223
62.4	52.000367896925795
62.410000000000004	55.328153503205
62.42	44.59298908967116
62.43	45.83335507024558
62.440000000000005	45.54780406252663
62.45	49.788812127764295
62.46	40.6202528217262
62.47	36.522522916094374
62.480000000000004	41.30548517798855
62.49	39.69903692044441
62.5	29.744995808408863
62.51	30.41767330582018
62.52	39.27067472036834
62.53	39.2509162533785
62.54	34.91302289469217
62.550000000000004	50.88955829960419
62.56	54.804426688353026
62.57	50.675495453573966
62.58	46.41772403578122
62.59	37.63769041064886
62.6	38.77728316000089
62.61	52.99423898101106
62.620000000000005	46.63296834653851
62.63	38.1396498622928
62.64	52.64158819653631
62.65	52.79204057196633
62.660000000000004	47.30622406409836
62.67	55.81897843240703
62.68	54.16086082467817
62.690000000000005	58.66574984362541
62.7	51.46949364266627
62.71	66.17219011565204
62.72	59.78093532992679
62.730000000000004	56.68855382987774
62.74	51.54548825535057
62.75	55.049475489050906
62.76	46.08929816157445
62.77	46.09830413738009
62.78	48.980805985752866
62.79	54.12579179543281
62.800000000000004	44.59341960391444
62.81	36.057297767534564
62.82	26.546816423289734
62.83	48.249400108547626
62.84	33.55073429376302
62.85	36.17026039256192
62.86	33.449075220034494
62.870000000000005	55.1430373734046
62.88	49.441221882657594
62.89	44.015989914164024
62.9	38.558353220782344
62.910000000000004	22.481770192688252
62.92	25.633830514211187
62.93	38.01383866733303
62.940000000000005	47.38034526088604
62.95	41.37426682448949
62.96	44.178773023174
62.97	40.04213743187903
62.980000000000004	49.150029689663434
62.99	33.43153857947972
63.0	46.189240126256855
63.01	44.699875452055146
63.02	39.134448094142634
63.03	61.36331384622761
63.04	57.29553021765443
63.050000000000004	57.992321656548
63.06	44.88504126811216
63.07	33.802789803502456
63.08	36.73887582564262
63.09	39.040839796362405
63.1	43.811386017052236
63.11	39.74389839133838
63.120000000000005	39.87256425294859
63.13	43.75633302426442
63.14	49.98821804662263
63.15	52.68324679449645
63.160000000000004	37.41232874164517
63.17	25.754314618569406
63.18	36.59758252877511
63.190000000000005	22.3167449938308
63.2	39.579274681369974
63.21	33.36004092992654
63.22	17.940017046227524
63.230000000000004	12.258699903532426
63.24	24.795214696382107
63.25	38.42619263858184
63.26	33.91870735135745
63.27	31.331349148644122
63.28	33.68719485288554
63.29	41.56073617444763
63.300000000000004	46.8805982097711
63.31	43.71912526318265
63.32	46.12834491225398
63.33	53.923252332690396
63.34	41.80989390407309
63.35	53.115507519879415
63.36	51.89733560401697
63.370000000000005	48.45557869091319
63.38	45.97071423146896
63.39	38.30841492331736
63.4	35.11745334911249
63.410000000000004	32.68860361749627
63.42	30.826503751638256
63.43	37.68809679369698
63.440000000000005	40.906149857961836
63.45	45.83772202416391
63.46	53.69144817066538
63.47	41.005368130771586
63.480000000000004	26.8269842331004
63.49	32.231712355256974
63.5	20.433103803898394
63.51	33.80723048451214
63.52	40.45784284049288
63.53	59.27500314565393
63.54	53.650316841602944
63.550000000000004	57.916751881078596
63.56	48.27063731505931
63.57	45.41740531405931
63.58	53.96908195963177
63.59	48.377146321642115
63.6	47.772733741180645
63.61	41.2865128416762
63.620000000000005	43.57485067584012
63.63	39.77735392830817
63.64	26.037789223900738
63.65	28.783082248562334
63.660000000000004	45.01372200982524
63.67	50.867605926070496
63.68	63.29947220474158
63.690000000000005	62.51258585614807
63.7	52.63574032216199
63.71	51.57954839866124
63.72	56.72018493553898
63.730000000000004	55.65759383551463
63.74	51.480980183226194
63.75	48.33529094220581
63.76	40.1819147447
63.77	42.616003579803596
63.78	29.129110594747065
63.79	38.90853411070222
63.800000000000004	57.53647723035973
63.81	56.0198920526872
63.82	48.67001680457621
63.83	41.43462845022925
63.84	25.827986575534823
63.85	23.094736463380453
63.86	29.984942566867755
63.870000000000005	19.57632871872401
63.88	5.7611869314227615
63.89	3.0834811039818257
63.9	1.2817476693827963
63.910000000000004	-11.259864886117052
63.92	-11.595252066321649
63.93	-20.36430523672456
63.940000000000005	-15.662278686468518
63.95	-33.192262241404066
63.96	-36.83273876278246
63.97	-41.185037803738105
63.980000000000004	-52.67502946729935
63.99	-57.415227188730356
64.0	-57.669102173623095
64.01	-57.96618691635491
64.02	-62.751381921687695
64.03	-44.21262314942151
64.04	-40.90098594297877
64.05	-32.13735813928884
64.06	-42.749788561271394
64.07000000000001	-33.669045491681686
64.08	-28.8437626695842
64.09	-44.2247182685513
64.1	-43.64629259318882
64.11	-40.53814811740555
64.12	-34.211168206964416
64.13	-35.348461712134416
64.14	-33.183245950632795
64.15	-32.43842013611078
64.16	-41.18790381511919
64.17	-42.89688890137166
64.18	-33.50973906443598
64.19	-30.522140006769
64.2	-30.04446417216711
64.21000000000001	-31.845535521784942
64.22	-30.12797002348833
64.23	-24.681791128506443
64.24	-33.91217859236291
64.25	-34.986784689983786
64.26	-40.237442484194304
64.27	-44.19215863484577
64.28	-34.85340994756996
64.29	-25.714831078728146
64.3	-11.99081662071122
64.31	-10.553828710192711
64.32000000000001	-16.357358895546774
64.33	-1.6517265683708973
64.34	-0.14243264715039264
64.35	-3.7421710733180564
64.36	-10.83415059861734
64.37	-5.306007058531918
64.38	-18.535748142049474
64.39	-25.831475006563007
64.4	-37.69730343022764
64.41	-33.36247871996566
64.42	-40.0930651283129
64.43	-33.23444192751022
64.44	-22.22001237030264
64.45	-19.734968817451687
64.46000000000001	-15.328089120497454
64.47	-32.492400525655945
64.48	-37.024181635835426
64.49	-41.153490942573384
64.5	-46.216085979278
64.51	-47.04140546709533
64.52	-40.39619196356523
64.53	-33.90451396508306
64.54	-42.151717455961
64.55	-48.105524517245726
64.56	-53.27010674310269
64.57000000000001	-60.002886442406925
64.58	-55.3374362452729
64.59	-44.525878230335515
64.6	-34.62084352726641
64.61	-34.44805323435143
64.62	-19.572500170471777
64.63	-24.58530206061835
64.64	-31.415470539330865
64.65	-60.23050528364964
64.66	-47.79280272410413
64.67	-42.263467107449856
64.68	-29.385381028905798
64.69	-25.639901031121486
64.7	-42.05482361992664
64.71000000000001	-59.16764337966858
64.72	-52.18082151363522
64.73	-60.30077639297873
64.74	-60.088758147089294
64.75	-57.81560855512492
64.76	-44.83403091741648
64.77	-40.49396302753128
64.78	-57.50157861634446
64.79	-54.67040835948069
64.8	-57.46905939801934
64.81	-48.891613899312674
64.82000000000001	-43.5198737344598
64.83	-34.49089219047378
64.84	-34.370338277419265
64.85	-28.512095000345504
64.86	-46.18337213411299
64.87	-47.477854260849455
64.88	-37.40766679700574
64.89	-48.98248720319457
64.9	-55.33372939351068
64.91	-57.32923574994147
64.92	-49.3433340102054
64.93	-42.408642407249474
64.94	-36.610711466535825
64.95	-47.28966020647737
64.96000000000001	-36.06112742880107
64.97	-38.34851718740981
64.98	-33.33349495746766
64.99	-39.62934824051724
65.0	-34.921481836008574
65.01	-33.78850698363703
65.02	-42.285349207506265
65.03	-40.550024405356076
65.04	-54.71503949730452
65.05	-59.94204011442349
65.06	-57.966023234091054
65.07000000000001	-48.40356348486209
65.08	-42.34993172492467
65.09	-46.26457655596563
65.1	-46.639297489650225
65.11	-45.27568160514126
65.12	-55.15937849234871
65.13	-59.116635432913974
65.14	-59.88901849460367
65.15	-43.58210762569385
65.16	-50.44045681120225
65.17	-43.73862405171104
65.18	-35.971949398294164
65.19	-43.92048729703956
65.2	-40.724776470733055
65.21000000000001	-31.8308255629653
65.22	-43.10742429580981
65.23	-56.610387217186315
65.24	-41.418481497066466
65.25	-50.72324197018737
65.26	-44.69353748413594
65.27	-38.520802757626
65.28	-37.11242568403423
65.29	-41.37559674310152
65.3	-40.45079343342095
65.31	-48.0335958994065
65.32000000000001	-46.250740144071735
65.33	-50.29444557261988
65.34	-54.2196520869845
65.35	-43.35119312944424
65.36	-49.024391223345944
65.37	-50.028371071098725
65.38	-48.74437219025903
65.39	-39.43065563186625
65.4	-35.041394949453434
65.41	-36.20461777192992
65.42	-43.23225748987383
65.43	-44.2978463426658
65.44	-48.609340905330875
65.45	-39.952769238144185
65.46000000000001	-45.67041158792424
65.47	-39.15627815676828
65.48	-46.223983673639395
65.49	-38.44265288170054
65.5	-47.227683377446425
65.51	-45.824525545252726
65.52	-39.1357981386207
65.53	-47.21867206081333
65.54	-49.41756157840786
65.55	-47.37402461269133
65.56	-40.197692062236385
65.57000000000001	-41.56169928381309
65.58	-22.074671442996873
65.59	-25.341085812600745
65.6	-35.267904502382294
65.61	-36.19933712977953
65.62	-29.44868872570957
65.63	-41.53473941288769
65.64	-43.12986618826496
65.65	-37.60869036922106
65.66	-45.04690093778699
65.67	-42.68958051006754
65.68	-39.47480191439662
65.69	-29.801546922653788
65.7	-23.8803686124488
65.71000000000001	-17.900398719909195
65.72	-20.743394215933034
65.73	-38.20441422762916
65.74	-36.87075396933425
65.75	-50.41208436905671
65.76	-45.95058397152016
65.77	-43.43639153795484
65.78	-47.74497583503467
65.79	-52.74125519432984
65.8	-52.1066940989839
65.81	-48.365019940799044
65.82000000000001	-31.989989424129035
65.83	-39.66644732428613
65.84	-46.18219418519911
65.85	-45.570589827550386
65.86	-32.71667969078594
65.87	-23.27153747640964
65.88	-14.423012191091548
65.89	-36.46527584104162
65.9	-32.524802679321205
65.91	-30.28932244029339
65.92	-34.06825460674162
65.93	-24.622490840800136
65.94	-28.380429393664738
65.95	-31.356476071318294
65.96000000000001	-45.751721323695975
65.97	-42.75488088270754
65.98	-39.37651978773318
65.99	-45.76819211334761
66.0	-48.54383057899892
66.01	-44.81569576080659
66.02	-44.253878921548626
66.03	-37.85687733096384
66.04	-24.588983144095696
66.05	-20.23228891883747
66.06	-22.032223492806093
66.07000000000001	-24.074298541595876
66.08	-41.61633911210262
66.09	-43.76342595032461
66.1	-41.85190447397372
66.11	-34.527217329551085
66.12	-26.604989722684294
66.13	-27.226649097218615
66.14	-31.91810641728233
66.15	-37.859045430755025
66.16	-42.993542901600755
66.17	-43.7612062953762
66.18	-43.599651139293556
66.19	-49.98269237973039
66.2	-43.33204996797351
66.21000000000001	-39.785855422980006
66.22	-42.04239519251941
66.23	-44.26187765090161
66.24	-46.988681066643004
66.25	-50.83191425575859
66.26	-46.63701621308359
66.27	-46.6557370027098
66.28	-49.80300301994903
66.29	-45.158066448864936
66.3	-44.52277174837979
66.31	-61.827920333169594
66.32000000000001	-48.62986837463534
66.33	-43.34496627634817
66.34	-42.53096052378445
66.35	-42.1330095304511
66.36	-54.25894607683045
66.37	-52.03994948699607
66.38	-38.81029789491619
66.39	-42.146716835846654
66.4	-55.0190751214323
66.41	-58.323879350066726
66.42	-46.65650680683487
66.43	-44.73692835500857
66.44	-48.90081790447222
66.45	-45.69901307096658
66.46000000000001	-57.006221149403935
66.47	-42.33605662494185
66.48	-45.354332638042045
66.49	-42.066502939444305
66.5	-54.03059588384217
66.51	-49.001660089386014
66.52	-56.264574580845455
66.53	-51.35420755036009
66.54	-47.89339534665812
66.55	-44.34407623613766
66.56	-45.52114711452867
66.57000000000001	-39.4747938025332
66.58	-30.239594867296628
66.59	-29.367886808645277
66.6	-46.28074048386498
66.61	-53.107233765486974
66.62	-42.0524363243714
66.63	-35.68270398669867
66.64	-44.71764413068927
66.65	-61.13807883471906
66.66	-43.34298327116459
66.67	-49.13928184613934
66.68	-57.650434635345356
66.69	-54.364949864244146
66.7	-39.84493841226635
66.71000000000001	-44.486483150100156
66.72	-34.823387897860385
66.73	-35.77677891525955
66.74	-38.53619064395955
66.75	-23.82586926132582
66.76	-35.51961924446986
66.77	-34.11028373134085
66.78	-58.146432055637995
66.79	-43.34145826188045
66.8	-32.91538221672293
66.81	-41.29880659431196
66.82000000000001	-49.964295893806046
66.83	-47.67476559044162
66.84	-32.25664105753128
66.85	-12.71304216911248
66.86	-8.696802466667139
66.87	-10.388881361686485
66.88	-21.99077188349727
66.89	-36.57448004554345
66.9	-37.16180609682943
66.91	-61.79990368129665
66.92	-40.34574081151623
66.93	-53.466749672487786
66.94	-73.30768837766958
66.95	-63.37247259559424
66.96000000000001	-47.71994192484488
66.97	-49.32041120644659
66.98	-56.366247254779466
66.99	-56.458420784678516
67.0	-60.57498334231185
67.01	-59.004548027823105
67.02	-49.500143689891885
67.03	-44.4781276736042
67.04	-41.88998939128127
67.05	-39.48309632150058
67.06	-36.97911042462247
67.07000000000001	-23.374499493312566
67.08	-31.54766091957898
67.09	-36.98690043581559
67.1	-57.286587528503865
67.11	-69.91434655444897
67.12	-64.86396829336212
67.13	-53.584213690411396
67.14	-44.92660787755928
67.15	-39.813798078042794
67.16	-35.603247648782734
67.17	-25.69269258074189
67.18	-49.708548321906484
67.19	-42.361136614763225
67.2	-33.88902123464647
67.21000000000001	-46.48323100514333
67.22	-42.01432661406842
67.23	-51.2561537600193
67.24	-45.92162443615136
67.25	-29.0894887240937
67.26	-38.25233434483663
67.27	-23.51329103276249
67.28	-25.714562306174734
67.29	-41.47190758674204
67.3	-44.61034886653291
67.31	-33.728308833130846
67.32000000000001	-33.96510959452578
67.33	-28.543484135737913
67.34	-42.94119009664167
67.35	-37.007768269134644
67.36	-45.31110370635787
67.37	-51.36886116853484
67.38	-51.28778309116676
67.39	-44.902913608046056
67.4	-44.7496969564214
67.41	-53.357019442506505
67.42	-54.472571086565836
67.43	-56.33489629601827
67.44	-68.47811634919476
67.45	-57.601054954415794
67.46000000000001	-57.751249722039454
67.47	-51.24138771811635
67.48	-38.72409376134867
67.49	-41.059405688365906
67.5	-38.56282309829096
67.51	-33.479057047360975
67.52	-33.11739648061137
67.53	-35.055666130516634
67.54	-33.445836289383315
67.55	-36.77687771576258
67.56	-41.092003355073345
67.57000000000001	-37.7257260718407
67.58	-35.71266602044736
67.59	-40.709217851726244
67.6	-48.43819205765837
67.61	-48.83365072484935
67.62	-42.71922817902297
67.63	-38.05991379690515
67.64	-28.202371603108006
67.65	-25.918248654797562
67.66	-43.66890647073814
67.67	-32.8486439959204
67.68	-43.02376689069389
67.69	-48.820049775872455
67.7	-33.869990523499716
67.71000000000001	-53.69546347555825
67.72	-48.32066433044461
67.73	-55.33209891747511
67.74	-49.08718570507554
67.75	-40.479654785205376
67.76	-37.55136860151698
67.77	-47.31573753822345
67.78	-40.45830170620189
67.79	-46.604685608826394
67.8	-38.74486847413302
67.81	-38.33628952540661
67.82000000000001	-49.34347514658271
67.83	-49.126238348204645
67.84	-52.100582601749906
67.85	-40.72914469414275
67.86	-27.483647435906445
67.87	-34.70006553233017
67.88	-31.910963459290517
67.89	-34.254715780094436
67.9	-23.786820710610808
67.91	-25.563783135235784
67.92	-24.638092856026926
67.93	-24.233300964391713
67.94	-29.481618333975252
67.95	-43.39071131089785
67.96000000000001	-23.550267036729913
67.97	-22.6821652036428
67.98	-20.07778095505805
67.99	-31.346784985825366
68.0	-33.55341627815629
68.01	-34.24893136759293
68.02	-26.714898408731138
68.03	-30.642340483780142
68.04	-53.78722682181153
68.05	-56.6603582831171
68.06	-53.25247257543289
68.07000000000001	-42.25817527813103
68.08	-25.88551005642936
68.09	-30.6672606079634
68.1	-30.940824453528787
68.11	-31.500220242358917
68.12	-46.342394648174405
68.13	-44.773070647087025
68.14	-43.806896595021
68.15	-35.14925954788839
68.16	-42.85671758094974
68.17	-53.62442539515801
68.18	-49.66571183394851
68.19	-38.594276829594214
68.2	-44.08343641319284
68.21000000000001	-31.35710132298632
68.22	-25.538167813071844
68.23	-26.10173739240118
68.24	-20.15074774665714
68.25	-29.908313311862894
68.26	-31.83511161591025
68.27	-22.704581406585838
68.28	-31.3914299356994
68.29	-32.73817595931724
68.3	-40.43212805061267
68.31	-45.66846369152688
68.32000000000001	-47.21727450439162
68.33	-50.58061535707467
68.34	-43.78340213601951
68.35000000000001	-62.59862303657838
68.36	-56.29655974261602
68.37	-62.087293651915196
68.38	-49.949085963744174
68.39	-48.62121972844791
68.4	-40.36559514872506
68.41	-36.0735379416837
68.42	-55.25339591192535
68.43	-50.0553605298364
68.44	-58.77452507303894
68.45	-48.44801928821037
68.46000000000001	-39.48141353001411
68.47	-41.14256447797345
68.48	-48.44703376258396
68.49	-37.946191571464986
68.5	-33.466394551383644
68.51	-26.39503403229632
68.52	-20.044316375680786
68.53	-41.04466053276924
68.54	-35.59786184421483
68.55	-39.814899653373494
68.56	-37.59487570930518
68.57000000000001	-45.58395684117162
68.58	-54.82364154861474
68.59	-50.12666935193797
68.60000000000001	-48.19713697274537
68.61	-44.692045437218866
68.62	-47.01681683859963
68.63	-44.07448396837695
68.64	-42.577452438211786
68.65	-52.16317932375714
68.66	-42.52947381603687
68.67	-44.84801975635619
68.68	-59.94602871817149
68.69	-45.84653894244002
68.7	-59.12881166877471
68.71000000000001	-59.20181337968157
68.72	-61.848846330844445
68.73	-57.087264814959156
68.74	-54.50736295777737
68.75	-53.93630442289116
68.76	-56.89506000764799
68.77	-56.86594120734574
68.78	-61.59762462460367
68.79	-57.7316951843539
68.8	-48.452406560673914
68.81	-46.80042324162865
68.82000000000001	-44.54572322159423
68.83	-58.726586844386226
68.84	-52.453958183409384
68.85000000000001	-44.80458697410196
68.86	-47.61939897137263
68.87	-51.62508670742945
68.88	-46.92030419516155
68.89	-40.439643464645684
68.9	-46.826966408451156
68.91	-50.67814795136886
68.92	-36.571716065492375
68.93	-35.78493870627916
68.94	-40.35119423650392
68.95	-37.06445373894187
68.96000000000001	-16.760888655757654
68.97	-12.752469913673975
68.98	-19.31992870298824
68.99	-33.99353039820924
69.0	-38.52443579437867
69.01	-26.964068179592022
69.02	-52.666706666806014
69.03	-41.69685618884697
69.04	-48.15585653311801
69.05	-52.36947834252951
69.06	-42.57519361115299
69.07000000000001	-43.62766679910515
69.08	-32.353858709000505
69.09	-31.156029391377086
69.10000000000001	-20.590123259557174
69.11	-26.312935074111543
69.12	-52.64628358497515
69.13	-56.88293664635016
69.14	-56.1521990394287
69.15	-45.21034809713211
69.16	-35.28538713219641
69.17	-41.2617181830022
69.18	-34.038939336343674
69.19	-31.849443628390553
69.2	-38.78516101428512
69.21000000000001	-35.300798606335356
69.22	-49.84370131911681
69.23	-52.887386817074635
69.24	-59.78537102477141
69.25	-47.523180326443686
69.26	-52.36876254836036
69.27	-60.82563006523206
69.28	-55.28965451304037
69.29	-37.66173811706021
69.3	-36.34127213862468
69.31	-33.96903192113193
69.32000000000001	-34.38864201366022
69.33	-35.15486981932266
69.34	-48.45118732840424
69.35000000000001	-45.61129962960041
69.36	-45.0785572203458
69.37	-53.428079173533916
69.38	-44.31769274649894
69.39	-35.19727882391233
69.4	-30.138895655847804
69.41	-24.93431335358499
69.42	-20.78348124577586
69.43	-15.353401966132173
69.44	-30.511846065503022
69.45	-37.774088503531864
69.46000000000001	-47.1128889106856
69.47	-40.25114882170563
69.48	-36.84818307523613
69.49	-31.886492457219507
69.5	-22.266618291280675
69.51	-16.96825033835426
69.52	-16.483004684942873
69.53	-36.96887160909244
69.54	-41.165264296265285
69.55	-54.550474233727606
69.56	-42.57661383632805
69.57000000000001	-33.12708239024257
69.58	-29.85532723082364
69.59	-33.98724476779869
69.60000000000001	-41.93984557614387
69.61	-25.248342068192304
69.62	-22.865551836837575
69.63	-27.279351055033747
69.64	-23.301149623731966
69.65	-26.76892895818079
69.66	-25.994278916260765
69.67	-32.2884786128068
69.68	-38.973987663661724
69.69	-37.736357958519136
69.7	-60.42199109756882
69.71000000000001	-50.50319393105232
69.72	-44.37604520358794
69.73	-35.090586075663154
69.74	-22.96916326175811
69.75	-26.432420735336503
69.76	-36.76901294347546
69.77	-41.03192515642823
69.78	-39.758899509599004
69.79	-43.743516340009506
69.8	-61.8035948398222
69.81	-55.12736221799692
69.82000000000001	-41.541683037769324
69.83	-46.48855316932057
69.84	-34.535900146328615
69.85000000000001	-41.69319513101529
69.86	-43.68091123293069
69.87	-49.319762760648835
69.88	-47.54557439784801
69.89	-45.35894705043415
69.9	-55.17728557038513
69.91	-50.57567275531974
69.92	-48.68640214419939
69.93	-55.50447843983495
69.94	-51.65435514396866
69.95	-44.102086221685354
69.96000000000001	-53.85280391225611
69.97	-45.63030579002387
69.98	-35.53557720298147
69.99	-36.08369320704079
70.0	-26.25438420277489
70.01	-22.871274295702246
70.02	-25.7978636702588
70.03	-34.9872793411845
70.04	-48.05776051751784
70.05	-53.31885955518588
70.06	-49.01527855441657
70.07000000000001	-49.0196625662746
70.08	-45.49747178887082
70.09	-47.728093597804175
70.10000000000001	-44.47582831579236
70.11	-50.46041593009473
70.12	-56.0845790652351
70.13	-48.01488539755258
70.14	-49.67139160187707
70.15	-44.36654465424196
70.16	-40.362686786252496
70.17	-35.670277620707004
70.18	-42.97297219056257
70.19	-42.60523422167064
70.2	-48.622890467298895
70.21000000000001	-54.83142075512308
70.22	-54.37835803619467
70.23	-47.79329980877553
70.24	-38.71980259487376
70.25	-42.21635697453386
70.26	-35.93010870772886
70.27	-37.73980192634463
70.28	-48.19164227927844
70.29	-40.720887281302616
70.3	-28.47767633940825
70.31	-33.5708130174565
70.32000000000001	-26.542411528164934
70.33	-23.80762363444464
70.34	-33.071732208033794
70.35000000000001	-30.388671052205186
70.36	-26.49697484585099
70.37	-23.570340625739288
70.38	-33.17618536842104
70.39	-32.22088072784332
70.4	-31.923325908296754
70.41	-42.76875405322664
70.42	-42.25714168162246
70.43	-43.110134617272045
70.44	-34.536678406776694
70.45	-49.43621411274531
70.46000000000001	-55.31464606359439
70.47	-64.01036901204297
70.48	-63.610950735560465
70.49	-57.37655454497486
70.5	-54.46603398217844
70.51	-49.54512441079936
70.52	-37.07317221933578
70.53	-37.374163352264006
70.54	-41.72269424272047
70.55	-34.05637764534342
70.56	-46.30661801393014
70.57000000000001	-60.56847107848376
70.58	-48.36582220905995
70.59	-41.78114301756789
70.60000000000001	-37.453327912362475
70.61	-49.282486344892256
70.62	-49.71328523579639
70.63	-45.31128951527992
70.64	-52.063596037199986
70.65	-44.732058011691564
70.66	-41.385047702771075
70.67	-27.814304149997493
70.68	-23.68905735979879
70.69	-38.843544106914855
70.7	-39.82099887861629
70.71000000000001	-39.394885435933766
70.72	-46.98895292640479
70.73	-47.12832476472251
70.74	-39.29518289831271
70.75	-39.97730042107935
70.76	-45.00158643815021
70.77	-39.8329159792545
70.78	-55.00681115710238
70.79	-40.2055586576678
70.8	-41.208485174691646
70.81	-41.849987769869294
70.82000000000001	-46.80070525131405
70.83	-46.034043906166445
70.84	-45.108285802333384
70.85000000000001	-43.175182424409634
70.86	-46.10468782697556
70.87	-38.50262207789562
70.88	-32.14211727951167
70.89	-42.09357705167342
70.9	-43.9667160728345
70.91	-42.60898062150832
70.92	-41.96487497667989
70.93	-51.640846333113615
70.94	-46.02658800079594
70.95	-42.23234488586118
70.96000000000001	-39.339247291904364
70.97	-44.623871733870416
70.98	-46.31230758822121
70.99	-58.638355698990864
71.0	-57.46047075877423
71.01	-50.95960134071895
71.02	-53.019853354040904
71.03	-50.08571476490753
71.04	-51.171153108571005
71.05	-41.74669457095413
71.06	-53.93259966472173
71.07000000000001	-56.3297158971933
71.08	-60.213214595571465
71.09	-54.07382666662464
71.10000000000001	-50.42454134551916
71.11	-51.54616183656188
71.12	-43.1890570468087
71.13	-26.608137055889195
71.14	-32.73151263935047
71.15	-39.04875629912961
71.16	-45.05454210377865
71.17	-50.118372723648456
71.18	-33.07664658249524
71.19	-38.52422681933143
71.2	-56.80967442757155
71.21000000000001	-44.26697825837758
71.22	-42.09841887086151
71.23	-41.32443371366989
71.24	-46.40710684179955
71.25	-31.35511207944103
71.26	-27.75975527455877
71.27	-27.4674877479862
71.28	-20.08632932628848
71.29	-30.956605656502735
71.3	-32.221852748189065
71.31	-30.025180142237836
71.32000000000001	-32.72108131481962
71.33	-40.36952232000338
71.34	-55.66945622656443
71.35000000000001	-53.555751999390125
71.36	-41.313953883625985
71.37	-49.024571953821514
71.38	-44.866539814817656
71.39	-49.30299726213711
71.4	-41.818585184508485
71.41	-29.76926384641535
71.42	-39.56481060848512
71.43	-36.12972823941295
71.44	-28.54225710879714
71.45	-26.948977692607496
71.46000000000001	-31.66029391635232
71.47	-36.59229244995843
71.48	-38.70536608043619
71.49	-36.9515555109989
71.5	-32.046925916763705
71.51	-34.811786867780654
71.52	-44.87148581280915
71.53	-47.278622073637735
71.54	-44.882069728236296
71.55	-34.696805625645396
71.56	-49.4432560723614
71.57000000000001	-54.54897104716126
71.58	-37.96782360871599
71.59	-53.158644607850306
71.60000000000001	-48.974671416379245
71.61	-42.218002225635914
71.62	-35.3031054799222
71.63	-25.706976296724722
71.64	-31.725675860605328
71.65	-34.47514332981059
71.66	-20.54482384624907
71.67	-27.437330527042896
71.68	-43.80842921423531
71.69	-33.348126107618256
71.7	-40.101917692513034
71.71000000000001	-23.97986436676858
71.72	-28.276130737019795
71.73	-49.9233967262584
71.74	-50.6341006827951
71.75	-45.61540328064064
71.76	-63.48354786120813
71.77	-56.46475757287726
71.78	-56.69534168744862
71.79	-54.82385124037697
71.8	-59.074880476943825
71.81	-56.37439562970699
71.82000000000001	-44.85854078924837
71.83	-27.27340574805866
71.84	-23.14936036240169
71.85000000000001	-24.120803214986623
71.86	-28.936554856718928
71.87	-38.697882051545044
71.88	-27.810042883750167
71.89	-38.75663382401972
71.9	-38.174018047881
71.91	-48.6936499540555
71.92	-40.05679554800531
71.93	-37.94029818594657
71.94	-39.35543110802141
71.95	-51.545623842831795
71.96000000000001	-28.837182968324996
71.97	-30.961625563735208
71.98	-43.04070473352431
71.99	-43.58552880789424
72.0	-55.015666487973725
72.01	-45.02559328719308
72.02	-50.11579375946782
72.03	-46.72386513598001
72.04	-55.14267520481513
72.05	-49.74106933859655
72.06	-47.78714510735569
72.07000000000001	-40.656597177836986
72.08	-39.0792401336803
72.09	-29.775428704095802
72.10000000000001	-30.39621558217342
72.11	-27.168853543556995
72.12	-41.19723037665978
72.13	-42.19228610381304
72.14	-38.75886770533385
72.15	-38.77528336317149
72.16	-45.76742595632201
72.17	-36.39408428842844
72.18	-29.65310880045185
72.19	-35.82762434915158
72.2	-23.29729449047104
72.21000000000001	-24.57904344671091
72.22	-30.546604562147355
72.23	-40.40733301332349
72.24	-32.32655505187058
72.25	-36.40862843723307
72.26	-49.60230079680871
72.27	-37.16370520927984
72.28	-45.490853661333695
72.29	-48.91866669689609
72.3	-46.57291034611568
72.31	-39.9173746502835
72.32000000000001	-47.30286910666509
72.33	-34.365180011333635
72.34	-33.20841832764062
72.35000000000001	-24.046866557130215
72.36	-27.68306829183526
72.37	-25.295974984083998
72.38	-35.57058213079218
72.39	-29.925116363352565
72.4	-25.05159597905797
72.41	-40.24818540460541
72.42	-34.49146235981267
72.43	-39.40687526221531
72.44	-51.177662876428236
72.45	-55.30942262191362
72.46000000000001	-42.528189640880235
72.47	-60.314443221318555
72.48	-64.14292454500094
72.49	-56.91696529567053
72.5	-65.42471938826436
72.51	-56.32942906017296
72.52	-49.462212158724896
72.53	-45.3456768339565
72.54	-52.67978622838817
72.55	-43.14919775672892
72.56	-43.88165243680605
72.57000000000001	-35.14519299130812
72.58	-30.003628041272897
72.59	-35.61612741875506
72.60000000000001	-26.17942241288587
72.61	-20.95165839319124
72.62	-9.002120986250436
72.63	-36.03533034371245
72.64	-32.30426396417819
72.65	-20.519951389633473
72.66	-17.327336923029335
72.67	-17.150044812436573
72.68	-23.733175336587212
72.69	-38.57093343419061
72.7	-43.34289927924439
72.71000000000001	-47.26810290866156
72.72	-40.15071645073475
72.73	-35.864052476604606
72.74	-30.371379239569443
72.75	-46.386906495445025
72.76	-45.16007906070085
72.77	-54.953486334134304
72.78	-46.600259499666436
72.79	-60.22454334569421
72.8	-48.611502404375045
72.81	-39.82694453293484
72.82000000000001	-47.38653400853733
72.83	-50.51860209918063
72.84	-45.24160998592052
72.85000000000001	-45.65713903095995
72.86	-43.6385036657016
72.87	-58.644984005360676
72.88	-50.07900804541344
72.89	-50.43740616295462
72.9	-49.71998715827761
72.91	-59.59503171511522
72.92	-56.66670989646548
72.93	-54.95916336880124
72.94	-53.774065071671565
72.95	-45.53809113183759
72.96000000000001	-48.914116538419314
72.97	-33.80443104044583
72.98	-22.982467224184887
72.99	-22.74875926829484
73.0	-36.74891431477455
73.01	-35.232177752407004
73.02	-29.377312132895486
73.03	-18.33417687168142
73.04	-15.347247409749297
73.05	-28.481772413747755
73.06	-28.827206613767146
73.07000000000001	-21.75820518567402
73.08	-21.576861382046086
73.09	-16.432004248561856
73.10000000000001	-39.90294021870367
73.11	-28.885800997212495
73.12	-38.01026014616471
73.13	-41.75319702458516
73.14	-35.765759677457524
73.15	-29.61207992759808
73.16	-25.786832561520885
73.17	-17.726914087614958
73.18	-17.85101043371854
73.19	-39.51015331784112
73.2	-36.07588117280556
73.21000000000001	-37.92161277401587
73.22	-52.90149728873824
73.23	-49.11055810787037
73.24	-57.579774589648444
73.25	-47.50488925491879
73.26	-49.934720240595574
73.27	-57.60306344349302
73.28	-57.81759555930385
73.29	-41.626192828080306
73.3	-42.48913313507752
73.31	-43.884423028333366
73.32000000000001	-44.074611250061
73.33	-31.48609385433291
73.34	-32.03299867743808
73.35000000000001	-36.96670415140862
73.36	-39.86320066408071
73.37	-38.93256404743988
73.38	-36.402380175094706
73.39	-50.52711216944398
73.4	-49.042723873056474
73.41	-61.24000209909427
73.42	-47.78635103603456
73.43	-52.82231935058583
73.44	-47.57695164736589
73.45	-56.78019594928734
73.46000000000001	-48.15824117271458
73.47	-42.55297890884897
73.48	-47.811269823681
73.49	-47.32030235392518
73.5	-51.31889664859734
73.51	-49.58544755321306
73.52	-45.21516971224212
73.53	-34.367995982401894
73.54	-24.71139548685709
73.55	-22.762564205396664
73.56	-28.076244598882234
73.57000000000001	-33.91712681551574
73.58	-32.05513243353451
73.59	-34.20863536447775
73.60000000000001	-33.750471364007176
73.61	-57.36018913946253
73.62	-61.26088944857124
73.63	-54.73065125958669
73.64	-60.38051050887332
73.65	-51.07780950733699
73.66	-42.41765033474578
73.67	-49.45825413138201
73.68	-56.902035453595396
73.69	-56.03036422729343
73.7	-55.341198864651666
73.71000000000001	-56.43647601645263
73.72	-48.92703390985117
73.73	-42.51125535852213
73.74	-34.74843628569051
73.75	-56.48830528140967
73.76	-68.22327725435518
73.77	-49.96105910854573
73.78	-36.59195029850938
73.79	-32.28827907013395
73.8	-29.620700332689864
73.81	-16.812133986100058
73.82000000000001	-27.079724219390023
73.83	-51.58185488776961
73.84	-53.40477039298501
73.85000000000001	-42.02155334478777
73.86	-41.76258860798843
73.87	-34.64049099398577
73.88	-38.60261315568586
73.89	-31.459795080863653
73.9	-45.41566548422259
73.91	-25.98745152906151
73.92	-51.94181643739732
73.93	-37.30562011812915
73.94	-46.9539083594828
73.95	-49.456522093001226
73.96000000000001	-43.788728260763705
73.97	-43.25852222909462
73.98	-40.13391934445324
73.99	-45.918081599887444
74.0	-37.44823108404017
74.01	-31.141003422081024
74.02	-34.975655179168
74.03	-28.51700609843309
74.04	-48.20199681860163
74.05	-37.79781073280343
74.06	-35.863719541344615
74.07000000000001	-34.558105238672866
74.08	-36.66562096082781
74.09	-21.087390800656774
74.10000000000001	-25.148034231435588
74.11	-33.41074751744484
74.12	-41.633659664319104
74.13	-38.67021329137755
74.14	-48.925493749976674
74.15	-40.69446741779567
74.16	-35.95622525343517
74.17	-33.46297692281268
74.18	-36.96458440360488
74.19	-31.045562487688517
74.2	-30.908876213837036
74.21000000000001	-19.19543504838827
74.22	-14.265504725798031
74.23	-17.629350014659117
74.24	-17.575705884113766
74.25	-29.763282155489726
74.26	-35.88051579368962
74.27	-30.92308668714292
74.28	-38.72973501350601
74.29	-50.529264077347804
74.3	-44.38659070405793
74.31	-42.966826363456356
74.32000000000001	-33.63943088510091
74.33	-47.21812078544374
74.34	-54.188430195492124
74.35000000000001	-50.92197215610491
74.36	-49.53095887933909
74.37	-45.53048867376909
74.38	-48.269150862212065
74.39	-35.667501187079225
74.4	-28.795247757231717
74.41	-30.56672875245921
74.42	-34.92036146908636
74.43	-36.758003251429244
74.44	-41.42822080648187
74.45	-49.54612710630956
74.46000000000001	-52.87885119299341
74.47	-68.87586341827665
74.48	-67.53200645063555
74.49	-60.13461182500691
74.5	-61.535855869615695
74.51	-43.90717809040141
74.52	-44.46917643123721
74.53	-25.25858952391998
74.54	-34.185970101460875
74.55	-35.371820605004416
74.56	-42.30866087096711
74.57000000000001	-58.68027098622983
74.58	-52.99399870984972
74.59	-37.1320059616026
74.60000000000001	-36.31284550196136
74.61	-29.5787292008591
74.62	-58.200104092853415
74.63	-50.808665223672755
74.64	-47.78832550549042
74.65	-51.36987683884081
74.66	-53.32788953654184
74.67	-58.72472572950162
74.68	-49.27106278242085
74.69	-47.475290522732735
74.7	-40.08815238408211
74.71000000000001	-39.28701331661448
74.72	-39.78981242225225
74.73	-54.86255034297576
74.74	-56.56494215876058
74.75	-41.99509598591251
74.76	-35.493583137296866
74.77	-36.876702263740896
74.78	-31.19266536134092
74.79	-26.688685290490625
74.8	-30.216097554720083
74.81	-39.05670048326781
74.82000000000001	-48.1056886458561
74.83	-43.49792870732589
74.84	-50.32297172844454
74.85000000000001	-43.006896902499854
74.86	-41.219297840431175
74.87	-37.434948005639
74.88	-49.63411275138985
74.89	-33.53471230531332
74.9	-38.92811274757668
74.91	-36.55133043444147
74.92	-31.987529544338123
74.93	-33.48215560116641
74.94	-36.62884572289743
74.95	-31.740733539687927
74.96000000000001	-35.84545817117113
74.97	-39.089488136446626
74.98	-42.207524094842775
74.99	-46.812861448076625
75.0	-45.2125560387803
75.01	-56.81692290231744
75.02	-49.992051503081846
75.03	-49.34905017983939
75.04	-42.08539466436983
75.05	-50.02128763858666
75.06	-45.2598867772241
75.07000000000001	-42.927477464857866
75.08	-37.97416097541719
75.09	-40.94231103385525
75.10000000000001	-50.8039073828761
75.11	-41.84198173893125
75.12	-48.840882626892764
75.13	-48.955648433860404
75.14	-37.13894347783289
75.15	-34.27778514343922
75.16	-27.043116787341976
75.17	-49.54521431722064
75.18	-56.40908366567648
75.19	-48.943846849270116
75.2	-52.69246867540066
75.21000000000001	-53.81439207890328
75.22	-49.95571593665389
75.23	-53.46699960681741
75.24	-38.707095196831865
75.25	-25.193133517258545
75.26	-9.130004393136256
75.27	-4.522495014542742
75.28	0.48066674033633755
75.29	-4.6656894868531005
75.3	-8.377069695664899
75.31	-25.02359255444602
75.32000000000001	-51.61061445474514
75.33	-52.641648312729316
75.34	-47.306582779303376
75.35000000000001	-45.9778826091601
75.36	-39.47262455266208
75.37	-32.479606170136485
75.38	-46.901095460022866
75.39	-51.03592367176166
75.4	-40.5681630519599
75.41	-37.58488087859574
75.42	-41.37908357891322
75.43	-39.21377487997907
75.44	-39.677742465501225
75.45	-35.95369544485127
75.46000000000001	-31.326315982586664
75.47	-31.934842336501767
75.48	-32.4882619674808
75.49	-35.92892742613204
75.5	-37.61536176240293
75.51	-40.763235092867845
75.52	-35.28583228513298
75.53	-22.813809850116584
75.54	-28.18662304430819
75.55	-39.16090721033734
75.56	-42.59803097825313
75.57000000000001	-49.707774093191055
75.58	-41.01133984888362
75.59	-42.689090611621765
75.60000000000001	-39.02751774511831
75.61	-36.662977967808224
75.62	-38.46732585628725
75.63	-26.524306968466707
75.64	-41.340117290363146
75.65	-30.973012326637786
75.66	-37.999779769751854
75.67	-35.281137842282014
75.68	-40.819565040843344
75.69	-26.770318921542273
75.7	-27.85971289423329
75.71000000000001	-34.73817927276302
75.72	-31.234374255842976
75.73	-29.64894109292179
75.74	-18.515254816306157
75.75	-29.30143783592012
75.76	-33.969545820268095
75.77	-46.29538678989445
75.78	-67.24421034384082
75.79	-48.8936397302739
75.8	-40.31752790728081
75.81	-42.857179326698414
75.82000000000001	-34.36271912260808
75.83	-27.857281244689396
75.84	-39.57170336270251
75.85000000000001	-34.25874591790898
75.86	-33.07424824702592
75.87	-30.87383725374868
75.88	-37.92156940271538
75.89	-39.32020502786657
75.9	-43.292202065970585
75.91	-55.45398737423597
75.92	-52.16437369286507
75.93	-59.337802992176925
75.94	-78.07638957363338
75.95	-65.7388176306589
75.96000000000001	-55.585050187097984
75.97	-54.72275451125784
75.98	-51.2132648741986
75.99	-46.22749696723919
76.0	-30.743997879779783
76.01	-32.14873722018073
76.02	-33.78775077134396
76.03	-28.221288015101702
76.04	-32.27474725514579
76.05	-34.82710607645065
76.06	-25.652219522358624
76.07000000000001	-27.044517738984425
76.08	-42.71836030300501
76.09	-47.37512339606752
76.10000000000001	-52.0848051908697
76.11	-51.003837134969544
76.12	-49.17837102302687
76.13	-52.79968981244027
76.14	-50.2893563987781
76.15	-59.956458438836755
76.16	-64.76249923345559
76.17	-54.15623558539407
76.18	-39.97974344170598
76.19	-52.956181422853895
76.2	-49.46468088661968
76.21000000000001	-43.48876444073397
76.22	-41.163841488313246
76.23	-44.98505251346642
76.24	-54.015219103904236
76.25	-36.09157682300786
76.26	-53.20044559993657
76.27	-45.99840335288814
76.28	-42.444689914106306
76.29	-41.16657617952803
76.3	-41.324322507610894
76.31	-31.358280585715864
76.32000000000001	-36.17498166713041
76.33	-20.851344754532352
76.34	-24.879752267704205
76.35000000000001	-26.944967891512764
76.36	-15.984472075540582
76.37	-38.94713606553462
76.38	-16.392184541096196
76.39	-5.203434465877036
76.4	-6.031168922792584
76.41	-7.082867283206501
76.42	-12.93765754294197
76.43	-39.18823523977452
76.44	-43.890025676642225
76.45	-42.92541434448476
76.46000000000001	-47.57643489982421
76.47	-40.56248451270092
76.48	-44.431591019553
76.49	-27.345733261265906
76.5	-14.766966359804899
76.51	-11.215453366963397
76.52	-30.828014202785333
76.53	-45.59282205663656
76.54	-42.649452779198974
76.55	-51.006935715737306
76.56	-54.038212236340975
76.57000000000001	-57.38653875963024
76.58	-52.468602263101175
76.59	-57.9968269831835
76.60000000000001	-47.62187694094801
76.61	-47.3037914408882
76.62	-40.77973073233399
76.63	-48.59902760724635
76.64	-48.54194464267495
76.65	-50.546389057159
76.66	-49.425485719606044
76.67	-52.876503291646536
76.68	-48.112196738980785
76.69	-44.64354600356575
76.7	-42.6889676386205
76.71000000000001	-43.96025115392137
76.72	-44.6215419246009
76.73	-51.403448859201184
76.74	-56.62272947059822
76.75	-54.49890470519262
76.76	-43.67005577793392
76.77	-43.342687541566775
76.78	-37.72886878900108
76.79	-39.987927306180545
76.8	-38.274698034355715
76.81	-21.501283313645303
76.82000000000001	-21.984562528019552
76.83	-46.19997817801897
76.84	-35.811572459738095
76.85000000000001	-32.558745679844655
76.86	-45.22089967954788
76.87	-44.84093053581189
76.88	-58.439293252442816
76.89	-50.21607311636986
76.9	-51.02158797192364
76.91	-40.27090273789469
76.92	-33.229801572656356
76.93	-45.576328492933605
76.94	-47.047616249877414
76.95	-34.331927497449406
76.96000000000001	-60.18423814558836
76.97	-54.68259516467318
76.98	-54.847262830740746
76.99	-48.119681353127376
77.0	-38.849059169561365
77.01	-37.694921357537275
77.02	-46.05101771293707
77.03	-47.64849556126612
77.04	-53.6097560609246
77.05	-64.66921876059483
77.06	-51.16683691541567
77.07000000000001	-54.040918017213755
77.08	-46.87183846883191
77.09	-65.14896525332809
77.10000000000001	-56.19943363881971
77.11	-50.290021638333066
77.12	-51.72932144351407
77.13	-34.446442097052945
77.14	-29.48703272543651
77.15	-29.362618051317476
77.16	-32.525417182995014
77.17	-35.542758844759994
77.18	-32.37086109288834
77.19	-31.630631430531057
77.2	-17.107443531378223
77.21000000000001	-20.95728048260306
77.22	-25.15171337444785
77.23	-23.335944646223787
77.24	-41.67880103536787
77.25	-48.14607071574899
77.26	-45.99662088287396
77.27	-44.333180221952084
77.28	-40.48376183046634
77.29	-51.74714441637227
77.3	-50.074538508264666
77.31	-52.65651882063245
77.32000000000001	-37.90945549601435
77.33	-35.150858837846336
77.34	-39.28936439515612
77.35000000000001	-48.40038576345813
77.36	-55.02928349785972
77.37	-45.14937597977529
77.38	-42.02726531656124
77.39	-29.269540455345005
77.4	-32.7073877705618
77.41	-34.025148946103556
77.42	-33.453343009330524
77.43	-48.61422968795884
77.44	-44.7565164702408
77.45	-41.302560267032774
77.46000000000001	-40.56285393065464
77.47	-48.58165329826761
77.48	-39.220356997318184
77.49	-59.81416402517608
77.5	-48.64090196002636
77.51	-42.12457382835176
77.52	-43.00818550153548
77.53	-35.47395997908682
77.54	-52.641150904142805
77.55	-61.90055520916986
77.56	-55.46375655576112
77.57000000000001	-52.172119156934784
77.58	-48.287822453687184
77.59	-46.11767098106197
77.60000000000001	-46.537769117211965
77.61	-37.488323830008916
77.62	-31.31967466960714
77.63	-44.077743796680316
77.64	-44.44116621517406
77.65	-50.784196587584944
77.66	-56.162153627703795
77.67	-50.96420328684349
77.68	-46.60953292250901
77.69	-46.18933693053594
77.7	-48.85911026100657
77.71000000000001	-49.694465304705176
77.72	-50.85643776218861
77.73	-33.5154597139593
77.74	-34.68294925497293
77.75	-47.254729889928775
77.76	-45.47721104702087
77.77	-51.894411472240925
77.78	-49.28293642996332
77.79	-32.58811264462914
77.8	-38.03680719971623
77.81	-46.638939838639615
77.82000000000001	-40.99027896743567
77.83	-37.709388539736885
77.84	-28.701502910821404
77.85000000000001	-16.210697152277756
77.86	-8.534607844100563
77.87	-13.951951803977414
77.88	-53.52452912470878
77.89	-48.507563768964346
77.9	-50.35522912531021
77.91	-53.414519100878174
77.92	-40.48500331609834
77.93	-47.62676751888735
77.94	-41.599353521688954
77.95	-35.10085272187959
77.96000000000001	-55.01885551289906
77.97	-54.437283877438425
77.98	-53.77475916496166
77.99	-45.824353220587426
78.0	-39.47849222532751
78.01	-49.253697725216455
78.02	-54.74113494307564
78.03	-42.13285735732705
78.04	-47.65816630368454
78.05	-55.403605088451
78.06	-49.741590674936845
78.07000000000001	-40.777410821387924
78.08	-34.15339098765867
78.09	-36.20675546108983
78.10000000000001	-42.33366023064764
78.11	-38.08382279348582
78.12	-30.13071101187163
78.13	-41.56611289150824
78.14	-43.5449097022689
78.15	-51.156375224347464
78.16	-57.69674635223262
78.17	-50.640935965004765
78.18	-50.019052827550965
78.19	-46.29620402953003
78.2	-51.17344152626719
78.21000000000001	-50.72674470688166
78.22	-52.18236852804495
78.23	-58.26592329609979
78.24	-58.58901548749438
78.25	-55.256999475623154
78.26	-55.753277694766986
78.27	-49.05866726042658
78.28	-43.30354354860299
78.29	-38.27797054878044
78.3	-35.559402760134006
78.31	-35.37470305276831
78.32000000000001	-46.738344736096316
78.33	-39.87745496681135
78.34	-38.39322430753024
78.35000000000001	-38.412323524025325
78.36	-32.160317434499504
78.37	-38.32972983995212
78.38	-39.748153550022494
78.39	-43.49122416084405
78.4	-46.57215968467679
78.41	-61.240935781173405
78.42	-68.08711098666468
78.43	-49.41158291113147
78.44	-47.78857723551721
78.45	-49.595544238141684
78.46000000000001	-53.748736267599355
78.47	-53.943025712633585
78.48	-49.22303316961677
78.49	-45.473679850920725
78.5	-34.26831078939006
78.51	-47.11273369196238
78.52	-49.04201446853338
78.53	-41.723272361022765
78.54	-44.52337333790469
78.55	-39.862380322003276
78.56	-45.847919511623374
78.57000000000001	-44.28337307104871
78.58	-30.312917936016724
78.59	-34.024765811751976
78.60000000000001	-33.919099061623406
78.61	-35.182839370681094
78.62	-58.02067510835823
78.63	-46.572506724580684
78.64	-58.57626143068526
78.65	-48.33834892913139
78.66	-50.853264481791044
78.67	-50.59869434103211
78.68	-55.00199570366846
78.69	-53.14783191224363
78.7	-52.468721424660075
78.71000000000001	-56.96881474703603
78.72	-47.136913379608195
78.73	-50.362330637791445
78.74	-45.692417702770655
78.75	-50.33500554969119
78.76	-48.30265729311305
78.77	-33.448725696595375
78.78	-32.024290898285464
78.79	-34.087246007932656
78.8	-18.888439457947136
78.81	-24.29176838719642
78.82000000000001	-25.550458351551804
78.83	-44.353012934461425
78.84	-38.87267931487381
78.85000000000001	-18.792017276080305
78.86	-21.749286783912133
78.87	-25.111852315985928
78.88	-35.5568605921698
78.89	-56.214692491671435
78.9	-62.276608678661766
78.91	-56.78677483143403
78.92	-58.455834885235845
78.93	-44.29886665817281
78.94	-47.514991202775406
78.95	-35.162136047205315
78.96000000000001	-25.646135907714186
78.97	-22.778364075077484
78.98	-25.617171549855037
78.99	-27.669346035598856
79.0	-39.803223688122934
79.01	-32.89742658958733
79.02	-43.94226466922381
79.03	-54.069466678587595
79.04	-48.56249952006121
79.05	-54.63679172872784
79.06	-56.88219307478832
79.07000000000001	-57.113786636822354
79.08	-41.655816960840234
79.09	-50.02322966613605
79.10000000000001	-50.26880238621728
79.11	-56.562732925537
79.12	-54.12475139596433
79.13	-59.58738044235024
79.14	-44.72187205670338
79.15	-43.04521112750719
79.16	-29.83044542756959
79.17	-44.11146636305125
79.18	-45.02140993817437
79.19	-34.06675567425132
79.2	-41.72286877983785
79.21000000000001	-50.966251340335795
79.22	-59.11268269488919
79.23	-48.8279299053809
79.24	-41.88900885274936
79.25	-39.65233529676994
79.26	-41.79136473733938
79.27	-34.23237379759824
79.28	-45.21691964043932
79.29	-56.65499507819562
79.3	-52.855986902059975
79.31	-40.59674211187243
79.32000000000001	-36.81035710310153
79.33	-41.43789630979787
79.34	-37.14773241819841
79.35000000000001	-48.86265535724371
79.36	-62.11737572677992
79.37	-55.8985705435274
79.38	-47.28981874110098
79.39	-32.01506743885831
79.4	-36.370037406576394
79.41	-45.69711132665329
79.42	-35.00342945173647
79.43	-36.74049289838276
79.44	-30.913847355454838
79.45	-34.977252198201356
79.46000000000001	-41.407843810407286
79.47	-41.00983455972326
79.48	-42.32395243115534
79.49	-40.87868796985549
79.5	-43.471322682460084
79.51	-52.249115934007875
79.52	-43.129990494162946
79.53	-38.255548406906144
79.54	-37.60495523401813
79.55	-41.04429466240041
79.56	-38.51404279348648
79.57000000000001	-37.332213058331405
79.58	-42.40558816589558
79.59	-35.563761734226325
79.60000000000001	-36.17441565367553
79.61	-37.073705226544604
79.62	-32.471930871603256
79.63	-29.53533033502595
79.64	-40.38287192267003
79.65	-28.670262050591244
79.66	-36.51636365821108
79.67	-54.82114114470617
79.68	-53.61376142977855
79.69	-36.42319143072198
79.7	-38.3136492587351
79.71000000000001	-51.75882378049512
79.72	-66.99155578625206
79.73	-55.24705052247807
79.74	-52.62575225474249
79.75	-52.246560435533624
79.76	-47.89129820663611
79.77	-55.27450131969802
79.78	-51.956410676518985
79.79	-47.148453947590106
79.8	-46.07721047963928
79.81	-36.84879998860156
79.82000000000001	-35.5756053460254
79.83	-24.926389236176494
79.84	-46.95225807426335
79.85000000000001	-33.579265553313675
79.86	-41.32130677971656
79.87	-35.828749594815
79.88	-29.261718440514016
79.89	-25.998178009837993
79.9	-17.912258509549208
79.91	-19.71462972670869
79.92	-18.34080980220438
79.93	-48.81956735560227
79.94	-33.13158890880245
79.95	-36.795542561771896
79.96000000000001	-29.808827464965695
79.97	-27.491934196656587
79.98	-22.574145658963605
79.99	-19.74319220589294
80.0	-32.39244985850649
80.01	-27.053440344432026
80.02	-24.113415464970434
80.03	-33.3510033333503
80.04	-38.31961281286535
80.05	-31.449576285914173
80.06	-25.72933807508661
80.07000000000001	-38.369133579766654
80.08	-51.4009472913285
80.09	-49.36060454354583
80.10000000000001	-52.4729372286973
80.11	-50.91537251549346
80.12	-57.82475744755428
80.13	-62.96719227671177
80.14	-61.01727206727203
80.15	-48.97708653545727
80.16	-52.606248802039964
80.17	-51.365319227907776
80.18	-51.523159551853325
80.19	-41.36877707498732
80.2	-49.19754252893998
80.21000000000001	-62.0182403266924
80.22	-50.09380437139824
80.23	-49.10166177567273
80.24	-37.90972363284724
80.25	-30.413980660290804
80.26	-25.81734086728922
80.27	-21.95492924423461
80.28	-24.738856872532846
80.29	-19.544952790532715
80.3	-37.82361136735346
80.31	-48.10133418143658
80.32000000000001	-44.04105230837034
80.33	-49.49651370950118
80.34	-37.25226439539633
80.35000000000001	-42.01788484690899
80.36	-31.696518392855893
80.37	-29.710134590926394
80.38	-43.98204461016487
80.39	-41.90750900422649
80.4	-47.796710644496315
80.41	-42.88659363915799
80.42	-43.78112753188808
80.43	-37.0074251659255
80.44	-36.363004065084525
80.45	-35.74985655512922
80.46000000000001	-39.258997206023984
80.47	-23.476398017611725
80.48	-41.69593602136089
80.49	-38.185598424445644
80.5	-35.23505616662205
80.51	-27.30550988934377
80.52	-33.735369190558025
80.53	-27.01967894517983
80.54	-32.82183624094979
80.55	-47.298047551511644
80.56	-37.50549815845306
80.57000000000001	-37.35610347843577
80.58	-45.08908981152254
80.59	-48.47602679571451
80.60000000000001	-43.11023257443631
80.61	-45.46107416428987
80.62	-36.38843106525426
80.63	-52.31585600201412
80.64	-49.29125989351129
80.65	-49.53151441905154
80.66	-48.71439562270378
80.67	-33.96910020877676
80.68	-45.329719422537565
80.69	-42.74970199370156
80.7	-34.222479892522976
80.71000000000001	-39.64792470723361
80.72	-52.21413019769718
80.73	-45.43561463305398
80.74	-50.48621364043765
80.75	-48.66469570188105
80.76	-52.59031684716569
80.77	-44.85490130917744
80.78	-44.619697329071116
80.79	-52.874136032195224
80.8	-46.40890102487121
80.81	-36.97563060252385
80.82000000000001	-38.71977751011308
80.83	-25.47618066635643
80.84	-41.60533154967787
80.85000000000001	-33.49197248939197
80.86	-28.20701655889262
80.87	-32.02760742548747
80.88	-34.66833076910454
80.89	-49.6237263771455
80.9	-48.26355387710355
80.91	-55.37525476083049
80.92	-50.97373524934629
80.93	-40.314788843316684
80.94	-62.14258802893901
80.95	-54.92745336226172
80.96000000000001	-39.46921548757898
80.97	-52.79473172161553
80.98	-47.03461132882732
80.99	-40.026824992377975
81.0	-54.874756810626586
81.01	-53.17887179947583
81.02	-58.66153325258162
81.03	-51.16202323248332
81.04	-41.6652101371567
81.05	-36.07141864145285
81.06	-26.49234181803641
81.07000000000001	-34.15939007317248
81.08	-24.497256465606046
81.09	-34.44980210256522
81.10000000000001	-33.325989837508224
81.11	-36.5727482162522
81.12	-33.79662891597474
81.13	-39.56187506917832
81.14	-28.08023733644687
81.15	-30.515522983255366
81.16	-39.24630066532715
81.17	-50.50607808312335
81.18	-43.2065448289279
81.19	-52.4176905635205
81.2	-57.49426306613864
81.21000000000001	-61.91906630019118
81.22	-45.66351530454196
81.23	-43.54358567751216
81.24	-54.009366208276
81.25	-43.85797670598123
81.26	-48.735483174543035
81.27	-50.360376215850444
81.28	-44.2909145473876
81.29	-46.688010445332516
81.3	-43.647401334015896
81.31	-34.87770234863296
81.32000000000001	-26.61847274501254
81.33	-39.92095243350194
81.34	-42.68057792444893
81.35000000000001	-30.89519843105989
81.36	-46.52887827095041
81.37	-45.98956213238647
81.38	-41.39116085574577
81.39	-51.76563814733297
81.4	-46.15067148637498
81.41	-62.087758289939714
81.42	-54.21850649527878
81.43	-51.276154413376155
81.44	-61.33763232927511
81.45	-54.02425720861431
81.46000000000001	-61.659575470205425
81.47	-53.79262221750137
81.48	-38.65847606090071
81.49	-51.04411889537461
81.5	-33.22315043483624
81.51	-44.85260950925795
81.52	-50.86296494850625
81.53	-35.84183227496992
81.54	-56.781906318961326
81.55	-50.12913229816397
81.56	-48.53552356889594
81.57000000000001	-46.383348743025344
81.58	-36.94818457121948
81.59	-29.813777025240157
81.60000000000001	-27.286677359344235
81.61	-39.97372841234431
81.62	-42.506627677625644
81.63	-39.25176207026962
81.64	-38.38465605145525
81.65	-30.15159174761916
81.66	-36.590628399267544
81.67	-36.92776941601144
81.68	-40.811393634868296
81.69	-44.64730224451123
81.7	-43.467922777476716
81.71000000000001	-39.115722122596374
81.72	-26.279115099356186
81.73	-22.83383548901908
81.74	-30.16560048601397
81.75	-26.352702311760474
81.76	-33.136316120475854
81.77	-35.16289669737891
81.78	-43.625566184057575
81.79	-43.97578863576572
81.8	-47.08510248759314
81.81	-46.61651969245325
81.82000000000001	-42.29511103269804
81.83	-33.354204995072536
81.84	-19.288392088091392
81.85000000000001	-22.992765112957724
81.86	-24.215432420394443
81.87	-17.70472678522547
81.88	-40.323215112097934
81.89	-42.829458194360264
81.9	-59.16823656497394
81.91	-67.38829493748636
81.92	-54.56496439934295
81.93	-63.83597066543654
81.94	-45.759971194559135
81.95	-52.62647037793905
81.96000000000001	-57.19639098384903
81.97	-49.79903502776255
81.98	-46.32309604040705
81.99	-57.76960651083461
82.0	-59.3563193301681
82.01	-59.67426886176963
82.02	-58.36930719869503
82.03	-60.98802461749842
82.04	-51.87882330001249
82.05	-43.28380300327752
82.06	-40.913287836221976
82.07000000000001	-45.10954619830435
82.08	-42.76728874956059
82.09	-49.59386539012031
82.10000000000001	-59.15324862850519
82.11	-56.878511406875596
82.12	-45.543461506575504
82.13	-35.84137518727965
82.14	-32.16202976729394
82.15	-43.67938599488797
82.16	-38.772476584995175
82.17	-47.898005589186496
82.18	-35.55993742612504
82.19	-40.61187337239954
82.2	-31.48762565200765
82.21000000000001	-42.20562838560595
82.22	-47.15233853740626
82.23	-56.64656431745352
82.24	-52.87858756761028
82.25	-61.27428775919445
82.26	-51.42212858557054
82.27	-45.48810786893969
82.28	-48.36576437733272
82.29	-57.78569774431662
82.3	-60.17536591007357
82.31	-50.31099541999596
82.32000000000001	-51.18359273948446
82.33	-53.78501078670439
82.34	-48.365179771236
82.35000000000001	-67.31935397768974
82.36	-63.62533913572654
82.37	-47.37906851367159
82.38	-41.07115432629051
82.39	-38.93450302068751
82.4	-39.207502103917186
82.41	-46.46244066633384
82.42	-49.375334892877014
82.43	-41.331462369919926
82.44	-28.47664648326514
82.45	-27.830797504461696
82.46000000000001	-25.358849095154877
82.47	-47.4820165070551
82.48	-49.553279782107694
82.49	-64.94521994828551
82.5	-58.850496798490866
82.51	-42.92502080175601
82.52	-34.3348677726302
82.53	-46.33984361524401
82.54	-36.6069900331212
82.55	-41.62336453297679
82.56	-48.748976930355646
82.57000000000001	-39.16254473183758
82.58	-35.28369154955277
82.59	-50.96469229715388
82.60000000000001	-56.02597431660685
82.61	-55.91232806634253
82.62	-41.2310631365864
82.63	-40.837972871764315
82.64	-30.813107409542635
82.65	-22.444464416304502
82.66	-29.00418837358692
82.67	-46.98174409684033
82.68	-39.983652716532944
82.69	-32.986191609455474
82.7	-22.79980947818254
82.71000000000001	-35.89805903466825
82.72	-28.849606826896927
82.73	-28.661499392661774
82.74	-28.59813548387846
82.75	-40.548210473368634
82.76	-33.75249867469389
82.77	-25.699577309913963
82.78	-48.21840254589144
82.79	-44.47515996662196
82.8	-43.90571528578948
82.81	-37.22309614415407
82.82000000000001	-28.678929165510294
82.83	-26.684774646885977
82.84	-36.21727141321725
82.85000000000001	-42.18626816185847
82.86	-55.64983766342144
82.87	-49.29826375835721
82.88	-47.51003355369392
82.89	-36.13552851382831
82.9	-30.913223189546787
82.91	-43.76868650094811
82.92	-44.50952659312541
82.93	-36.1429349526264
82.94	-46.70366505638345
82.95	-49.58922871780205
82.96000000000001	-42.2785375322905
82.97	-45.32739300292505
82.98	-39.53456448702001
82.99	-34.28570149883989
83.0	-49.323273952118996
83.01	-42.02118758961149
83.02	-44.206114503983315
83.03	-37.75427076116631
83.04	-53.7303519758508
83.05	-50.98220459810991
83.06	-59.98405273072965
83.07000000000001	-56.25692578196283
83.08	-46.255691201452485
83.09	-39.96390449480389
83.10000000000001	-34.10356635918861
83.11	-24.561869919961595
83.12	-29.77565447697653
83.13	-46.113613590154976
83.14	-46.14666271707854
83.15	-52.37700887279486
83.16	-47.89546264958399
83.17	-52.187694218805234
83.18	-39.36931861435286
83.19	-34.87277313657008
83.2	-38.80347627091497
83.21000000000001	-45.29764560895676
83.22	-54.841257095731784
83.23	-45.95398876265159
83.24	-30.526014491657907
83.25	-44.01560488982124
83.26	-51.21041072870779
83.27	-38.72205970061954
83.28	-27.916952050478717
83.29	-25.913114929137663
83.3	-20.95666635550131
83.31	-38.20745313394364
83.32000000000001	-51.27017380690546
83.33	-56.80365243095557
83.34	-60.11827805272109
83.35000000000001	-44.870678499333955
83.36	-49.137768268918094
83.37	-48.74138890490338
83.38	-47.53977007591488
83.39	-44.33603099865267
83.4	-49.98650584448721
83.41	-40.13017808221644
83.42	-51.8635260792189
83.43	-54.19930888320022
83.44	-44.53854195005842
83.45	-44.33860733336317
83.46000000000001	-53.874964036624085
83.47	-42.52678745514663
83.48	-37.68739960382483
83.49	-33.88512720761219
83.5	-32.01939659325057
83.51	-32.560251176208226
83.52	-33.21460840556649
83.53	-26.12659922447727
83.54	-30.145679027632173
83.55	-38.52413380718732
83.56	-47.57397410379523
83.57000000000001	-41.657062607903825
83.58	-48.11202415309065
83.59	-44.37058904656908
83.60000000000001	-32.40170996666996
83.61	-38.103964929166295
83.62	-40.72980842992173
83.63	-49.01752253993833
83.64	-46.89369491794528
83.65	-51.03208587363358
83.66	-45.344789381057296
83.67	-38.628322413197196
83.68	-38.02992007296287
83.69	-41.5970815639868
83.7	-43.45663257156809
83.71000000000001	-36.48550222295285
83.72	-30.42492664187881
83.73	-24.088328941770996
83.74	-10.88757001355805
83.75	-27.596392715408168
83.76	-46.52431545362952
83.77	-37.59590762944272
83.78	-47.41902410021517
83.79	-39.30861870550381
83.8	-53.52213962807966
83.81	-57.07310306971562
83.82000000000001	-61.12547674449472
83.83	-56.441921539441694
83.84	-61.332495005144935
83.85000000000001	-43.47887339023847
83.86	-27.3400393611886
83.87	-20.92586583368076
83.88	-11.902836222912244
83.89	-28.150091749918605
83.9	-28.840323678589165
83.91	-44.25914100909038
83.92	-49.870247799364414
83.93	-52.03325172516647
83.94	-39.918226133026415
83.95	-29.257133003074856
83.96000000000001	-33.41236713633485
83.97	-28.866430770593
83.98	-31.224603510784334
83.99	-26.71397064003946
84.0	-22.993042409817484
84.01	-23.9408888704482
84.02	-19.705291571930996
84.03	-29.321987228841074
84.04	-32.36105164081955
84.05	-47.60491781265818
84.06	-50.27912298711693
84.07000000000001	-45.91299343687767
84.08	-39.88508694939159
84.09	-47.22321752315201
84.10000000000001	-48.2880293123104
84.11	-41.941009028890605
84.12	-35.67115871827469
84.13	-33.19545202963388
84.14	-30.578804513664682
84.15	-22.873748042343337
84.16	-21.528594426089033
84.17	-52.42276864304735
84.18	-49.34616062127956
84.19	-47.34758475388843
84.2	-37.96811021558515
84.21000000000001	-36.39947758149911
84.22	-22.415416001675393
84.23	-30.03769755363161
84.24	-32.09852016683087
84.25	-32.600422205330055
84.26	-42.60202977507976
84.27	-40.89123344136203
84.28	-25.512290338973205
84.29	-42.03021299952523
84.3	-43.67571364498913
84.31	-36.04819362945331
84.32000000000001	-44.9444462025596
84.33	-46.722947022377774
84.34	-49.79572614716781
84.35000000000001	-43.52227214365513
84.36	-49.93360040783437
84.37	-46.59542396804772
84.38	-42.74121710213978
84.39	-41.08546297179013
84.4	-33.37729870138539
84.41	-26.446252350253214
84.42	-27.42729253608931
84.43	-29.855981398189893
84.44	-19.374802955611763
84.45	-29.93019753565927
84.46000000000001	-34.38445405434788
84.47	-19.682351487195515
84.48	-27.932603433297523
84.49	-48.85013274728704
84.5	-36.488378271646845
84.51	-47.29292579467489
84.52	-47.755653613581536
84.53	-45.550353534398766
84.54	-47.70846772707418
84.55	-47.89174246652342
84.56	-48.45999025567805
84.57000000000001	-42.42368543212268
84.58	-33.966512496505295
84.59	-45.128338897254174
84.60000000000001	-38.19467637364549
84.61	-35.013865104528975
84.62	-37.866384557568786
84.63	-37.28771103937733
84.64	-48.559500200299944
84.65	-47.837349813244344
84.66	-43.35239339252396
84.67	-45.57603743605508
84.68	-31.529939643368238
84.69	-41.868492634896185
84.7	-45.99484055775708
84.71000000000001	-42.72985423886089
84.72	-31.651236549326182
84.73	-33.84291726065352
84.74	-15.808693888723994
84.75	-30.085613833809525
84.76	-26.366189757276697
84.77	-26.87667110434433
84.78	-12.50803452469413
84.79	-13.548830091717868
84.8	-17.01420639530245
84.81	-21.75272988430559
84.82000000000001	-59.64251348897005
84.83	-46.42743422054154
84.84	-47.70627895997856
84.85000000000001	-42.489540071597325
84.86	-46.19091592950556
84.87	-47.984160559987465
84.88	-49.72532094710733
84.89	-53.82906341705835
84.9	-57.437381402920785
84.91	-45.24392188626792
84.92	-42.413759940702775
84.93	-44.733433924327734
84.94	-48.23634466004863
84.95	-57.450221259546254
84.96000000000001	-59.2976371732842
84.97	-63.52022790837033
84.98	-64.11034792419554
84.99	-54.187254269801905
85.0	-45.04371441337801
85.01	-52.72827283259557
85.02	-50.24530216484349
85.03	-40.10056140596575
85.04	-49.3521468755594
85.05	-34.50381969112203
85.06	-50.7784817574972
85.07000000000001	-49.5352120353277
85.08	-60.7628571197592
85.09	-44.16052117099648
85.10000000000001	-54.758991014630645
85.11	-55.07095569101663
85.12	-46.304967683377626
85.13	-45.52163212588345
85.14	-27.476785352484494
85.15	-50.173892721809764
85.16	-41.108034425846924
85.17	-53.926628817319454
85.18	-58.90508727275421
85.19	-48.919352287688994
85.2	-66.26761174503272
85.21000000000001	-58.15227528503656
85.22	-44.37228354595626
85.23	-40.40178462046265
85.24	-41.04445220190029
85.25	-40.348162011034496
85.26	-46.407062648462265
85.27	-48.01115365623742
85.28	-54.121806743493885
85.29	-49.08685055525794
85.3	-55.21040935541201
85.31	-50.69188886783991
85.32000000000001	-60.75338773984623
85.33	-42.547567885917836
85.34	-45.3445308566255
85.35000000000001	-44.42423906307626
85.36	-55.11991778998057
85.37	-46.7234845439906
85.38	-46.005011765377795
85.39	-51.34464791394699
85.4	-43.908334825203596
85.41	-38.733500049815845
85.42	-23.694219471584102
85.43	-25.24383501381325
85.44	-49.49293131073879
85.45	-43.6790965847041
85.46000000000001	-39.95077204245392
85.47	-32.22191021214502
85.48	-38.565350085296785
85.49	-25.207755582811405
85.5	-36.17436616901606
85.51	-37.83526149309824
85.52	-40.03564214648408
85.53	-34.312459439994626
85.54	-57.146781905178884
85.55	-54.66080382470569
85.56	-47.53801589529224
85.57000000000001	-48.55019816591543
85.58	-54.438165029372534
85.59	-53.607106995638446
85.60000000000001	-48.17719063828546
85.61	-49.66314662246766
85.62	-45.56827144237982
85.63	-48.58003531008036
85.64	-45.432843499756245
85.65	-42.51517481004201
85.66	-39.23647730546433
85.67	-46.45089054504547
85.68	-45.797239834930146
85.69	-69.58417265575963
85.7	-57.379465675228516
85.71000000000001	-53.78144072852289
85.72	-46.897896327468125
85.73	-36.14939035061521
85.74	-26.95562133970417
85.75	-27.923711417543664
85.76	-21.75893121391904
85.77	-28.621617452801026
85.78	-35.35212330732036
85.79	-30.6713176582145
85.8	-33.32759815221216
85.81	-61.5224598205471
85.82000000000001	-57.012841081719166
85.83	-46.828932023794145
85.84	-38.29134123245609
85.85000000000001	-43.88053594181693
85.86	-35.4257379054659
85.87	-23.2151204525388
85.88	-35.711581423259744
85.89	-44.706897013074176
85.9	-42.73288620140542
85.91	-47.790015998281376
85.92	-41.70688472567336
85.93	-40.96513917063087
85.94	-40.13856700183806
85.95	-29.939385126838847
85.96000000000001	-22.20757583677654
85.97	-37.62172011304042
85.98	-30.283162089740884
85.99	-59.363382905728706
86.0	-60.915640625916545
86.01	-54.25752856509814
86.02	-55.548289248775404
86.03	-54.75200326582375
86.04	-61.8170609139703
86.05	-55.65675762610185
86.06	-49.28685188913905
86.07000000000001	-49.64222051482089
86.08	-67.90012828135325
86.09	-69.21051614861994
86.10000000000001	-65.91504619063912
86.11	-61.61824773205897
86.12	-48.27998206370345
86.13	-34.33873904596332
86.14	-24.26432541436316
86.15	-26.98747202624835
86.16	-34.909904504090015
86.17	-32.226394089355956
86.18	-38.78438164407284
86.19	-53.45439527628208
86.2	-51.563989876678505
86.21000000000001	-49.646207522880765
86.22	-51.700039918575484
86.23	-41.67141705623142
86.24	-43.73081639418479
86.25	-31.93815195955899
86.26	-39.83140289973532
86.27	-36.66544659148714
86.28	-39.373389336529286
86.29	-50.925518391297466
86.3	-44.3726862037596
86.31	-43.005756549660084
86.32000000000001	-20.6922948929486
86.33	-41.90248734275791
86.34	-30.75601727485007
86.35000000000001	-27.637774352907915
86.36	-58.53610501573612
86.37	-54.029447526821585
86.38	-62.873053020730296
86.39	-50.99192188132459
86.4	-53.46672785983583
86.41	-49.573195103117065
86.42	-44.5051023833176
86.43	-43.1107117518869
86.44	-52.24616964240865
86.45	-46.60424056197582
86.46000000000001	-35.58265043669654
86.47	-43.17911768130391
86.48	-38.54416424445022
86.49	-48.18347274045163
86.5	-42.09180506157884
86.51	-45.112750862801484
86.52	-46.98604010983282
86.53	-40.30125535910176
86.54	-34.60854764846694
86.55	-28.97824058269875
86.56	-31.590131620514963
86.57000000000001	-30.3151565917914
86.58	-19.051960976426734
86.59	-14.377970833976908
86.60000000000001	-22.406786397783566
86.61	-33.67134852991533
86.62	-36.78972880673135
86.63	-18.326771709823923
86.64	-20.239127853594624
86.65	-15.807308244768665
86.66	-2.126411904973918
86.67	1.5550243025687884
86.68	5.561325171275726
86.69	1.834428317419408
86.7	-0.6320852414936168
86.71000000000001	-8.998922959428954
86.72	-9.950327184909364
86.73	-32.33459627532955
86.74	-34.747381665695656
86.75	-31.113907794040404
86.76	-35.12814964150607
86.77	-33.974421907205134
86.78	-32.38602664387108
86.79	-51.69463322266251
86.8	-52.8001749995217
86.81	-52.6255637672168
86.82000000000001	-39.81030950575892
86.83	-19.861125546242498
86.84	-33.015627199768
86.85000000000001	-54.67793010601933
86.86	-37.336184737310084
86.87	-29.552826609461203
86.88	-36.86533157822215
86.89	-28.172313368193375
86.9	-45.7602441838987
86.91	-40.88039199566081
86.92	-31.12806656703902
86.93	-49.00365505533773
86.94	-43.73244555745275
86.95	-41.98653174144368
86.96000000000001	-48.53891582498139
86.97	-40.09819174952081
86.98	-40.87620266862124
86.99	-46.63995512365781
87.0	-45.68365770501166
87.01	-35.980436553201486
87.02	-36.030294478484635
87.03	-36.79174759918455
87.04	-33.648595159718035
87.05	-35.72566152846699
87.06	-40.07909952260748
87.07000000000001	-52.70081452467402
87.08	-41.70580640047632
87.09	-39.47405462831649
87.10000000000001	-49.345918620515796
87.11	-55.66563340991451
87.12	-47.544118215710895
87.13	-48.31482039965458
87.14	-35.617251540145325
87.15	-47.94334681728214
87.16	-38.19297047600972
87.17	-27.566615363271648
87.18	-48.823392728682855
87.19	-31.86240879690222
87.2	-30.062814509366486
87.21000000000001	-42.364512901533594
87.22	-50.51531094727045
87.23	-49.21687595361176
87.24	-42.64444259955227
87.25	-57.59108303757072
87.26	-44.177883847882406
87.27	-51.427121644145565
87.28	-38.495996363765784
87.29	-49.658138644969355
87.3	-41.74531643406328
87.31	-53.23563163707593
87.32000000000001	-65.69983298281021
87.33	-47.90202937506578
87.34	-47.700748525357106
87.35000000000001	-46.025983645323464
87.36	-50.41703200683199
87.37	-51.89650326697411
87.38	-47.27539030760604
87.39	-53.41017291824233
87.4	-56.737577549137576
87.41	-52.62755940536767
87.42	-47.9139759205541
87.43	-45.343778959264924
87.44	-34.62240542063651
87.45	-36.38079995706325
87.46000000000001	-48.46455688952792
87.47	-43.508846043630534
87.48	-44.680779754163744
87.49	-39.69333055992756
87.5	-28.84537524285653
87.51	-28.94469176115847
87.52	-44.26046764465976
87.53	-48.34386006806976
87.54	-47.206845067055795
87.55	-58.952527487512874
87.56	-51.85003226933255
87.57000000000001	-34.483801334193004
87.58	-30.405636515661616
87.59	-32.346032165670294
87.60000000000001	-35.95906340371459
87.61	-46.730229785520024
87.62	-39.17934019347621
87.63	-46.36870691915537
87.64	-57.39211118175822
87.65	-62.22921750422248
87.66	-54.982994275284604
87.67	-64.61769712610514
87.68	-59.24845755986161
87.69	-53.472109077985856
87.7	-50.10084118956936
87.71000000000001	-50.35451168886395
87.72	-52.412817523533924
87.73	-41.41715047670777
87.74	-59.19364840852496
87.75	-53.295065631689106
87.76	-33.56254698871531
87.77	-54.95441332489485
87.78	-46.5952697436082
87.79	-66.68998983256348
87.8	-55.98441500158729
87.81	-50.32307724461871
87.82000000000001	-53.73068884115514
87.83	-66.01616946764138
87.84	-64.11617221387736
87.85000000000001	-58.26290601907009
87.86	-50.6367130077201
87.87	-52.30341782073431
87.88	-61.21955151460288
87.89	-48.30463825372657
87.9	-45.320088149936794
87.91	-35.89206420903667
87.92	-37.07120388653267
87.93	-38.230287680859426
87.94	-42.48491993941353
87.95	-52.8858999640992
87.96000000000001	-48.22227749176877
87.97	-48.20603664058468
87.98	-41.34994278214931
87.99	-38.200949639381854
88.0	-38.9631441909599
88.01	-55.673873762123975
88.02	-46.16523388985241
88.03	-41.85143795182282
88.04	-41.38198726127943
88.05	-51.39836682623424
88.06	-49.879570036690566
88.07000000000001	-40.68843047958431
88.08	-44.87006570107191
88.09	-50.66992176491126
88.10000000000001	-42.45211676536051
88.11	-39.90354154992544
88.12	-40.056843151635455
88.13	-41.86998497044186
88.14	-39.42577562663811
88.15	-37.82024507640506
88.16	-50.33413304109337
88.17	-40.52327491438086
88.18	-43.03701303463109
88.19	-51.88548644808107
88.2	-49.56132433613339
88.21000000000001	-38.15676851855346
88.22	-37.48378576667775
88.23	-25.7113729826198
88.24	-30.447570660938982
88.25	-31.48402127936829
88.26	-16.149861902740025
88.27	-18.75903025530534
88.28	-32.33324104515137
88.29	-35.02337994979493
88.3	-25.16688443764418
88.31	-35.87961001863913
88.32000000000001	-35.500975163420684
88.33	-52.19148229846723
88.34	-54.13990017718584
88.35000000000001	-57.886642463965
88.36	-52.70732544025002
88.37	-52.155697735555975
88.38	-48.65599923875383
88.39	-52.032826682631246
88.4	-52.405623635839355
88.41	-56.72872953538246
88.42	-46.54980054479226
88.43	-41.21124345698983
88.44	-51.780101299516126
88.45	-56.91285479039132
88.46000000000001	-51.29183941551269
88.47	-54.28997470745219
88.48	-47.077461102694755
88.49	-35.473653820445996
88.5	-35.294358739992866
88.51	-38.438313030802
88.52	-33.48156292827029
88.53	-33.26816459136872
88.54	-30.631824325378368
88.55	-30.81030508740423
88.56	-27.342927172675267
88.57000000000001	-45.67688932083008
88.58	-47.63934482045474
88.59	-53.149471144026286
88.60000000000001	-49.1409551385972
88.61	-53.01324822248825
88.62	-58.93658520873552
88.63	-56.44102754830391
88.64	-52.44314970525634
88.65	-47.17815419687807
88.66	-37.56119947347069
88.67	-36.05464556023578
88.68	-49.32901240904052
88.69	-47.73356402742695
88.7	-53.02408316721042
88.71000000000001	-44.522454984954486
88.72	-32.42260338107126
88.73	-43.64281913412333
88.74	-34.07446906488784
88.75	-32.209780931545005
88.76	-19.391519944996954
88.77	-12.93631686319569
88.78	-26.157889944883287
88.79	-52.524806637666224
88.8	-49.386120046181595
88.81	-36.67881350795713
88.82000000000001	-46.18047040964606
88.83	-43.01717342764689
88.84	-46.35483084988033
88.85000000000001	-36.6866062557278
88.86	-64.237996020843
88.87	-52.977117144579864
88.88	-35.323026721246535
88.89	-27.100760535777134
88.9	-23.945654523565874
88.91	-30.85039405456075
88.92	-29.843996115457916
88.93	-51.878812279754975
88.94	-48.81467932278908
88.95	-47.698570418726874
88.96000000000001	-52.24559749037575
88.97	-47.83319492804821
88.98	-42.9173750875205
88.99	-52.361268109803056
89.0	-48.208733021836814
89.01	-42.04027984757899
89.02	-45.30628639080407
89.03	-42.3779049830901
89.04	-54.775051040832984
89.05	-56.29933531999432
89.06	-61.124018897102516
89.07000000000001	-61.94583277123115
89.08	-63.1189353500034
89.09	-50.561807700666634
89.10000000000001	-46.89773460770816
89.11	-41.42612717084194
89.12	-42.43405132940243
89.13	-36.65204349009005
89.14	-29.448968350907464
89.15	-31.41502652546729
89.16	-24.485846953945607
89.17	-23.447742787389057
89.18	-20.761150227043643
89.19	-35.341440008300594
89.2	-57.504290794676145
89.21000000000001	-55.7874048766452
89.22	-48.97824416101039
89.23	-52.1680931276626
89.24	-61.139381337153324
89.25	-61.29204439877683
89.26	-55.55319008736646
89.27	-46.63203057663831
89.28	-50.356839446360794
89.29	-48.498710499094095
89.3	-51.03116235448005
89.31	-41.75380412956165
89.32000000000001	-41.122152799921686
89.33	-38.39535717041359
89.34	-25.15284469155485
89.35000000000001	-20.20577204541064
89.36	-23.020171901703662
89.37	-22.950042861171347
89.38	-23.60412812814495
89.39	-26.429541196455254
89.4	-23.64604654161902
89.41	-37.840261228028616
89.42	-35.78602726815199
89.43	-26.775153893398862
89.44	-31.073112067470205
89.45	-34.0915055707388
89.46000000000001	-35.05589644867216
89.47	-38.66070626735339
89.48	-40.22072332061537
89.49	-41.35010283053279
89.5	-41.85136910932759
89.51	-51.63952116309377
89.52	-39.34046737054417
89.53	-29.765745795468348
89.54	-27.786578952058587
89.55	-32.98662372597421
89.56	-29.56298432114215
89.57000000000001	-22.55084902170333
89.58	-22.02832830276053
89.59	-36.40710437688397
89.60000000000001	-45.45338754484477
89.61	-52.07734145474346
89.62	-54.8657739240098
89.63	-48.22605415979724
89.64	-50.1109633485622
89.65	-47.834899137404115
89.66	-40.94546434073136
89.67	-46.01963074496612
89.68	-27.464675780756238
89.69	-35.962343041111545
89.7	-29.825680348005186
89.71000000000001	-45.53877074572305
89.72	-49.661440308326085
89.73	-40.41223745889574
89.74	-44.14488100541972
89.75	-46.272855214908134
89.76	-62.101266497845664
89.77	-52.37320286664709
89.78	-52.87903494972874
89.79	-45.094766851853436
89.8	-39.15563009768725
89.81	-33.858816907327125
89.82000000000001	-29.456374705794335
89.83	-41.36891306059423
89.84	-40.70197732115099
89.85000000000001	-38.609001528185516
89.86	-45.59768612824032
89.87	-42.98739719655214
89.88	-54.874882373035376
89.89	-39.993621078955606
89.9	-35.745280338029815
89.91	-36.335223768491815
89.92	-31.76719173295654
89.93	-30.31536554186962
89.94	-29.26724565851258
89.95	-40.5317223363414
89.96000000000001	-43.42061493559668
89.97	-43.28204096515695
89.98	-35.89007972773513
89.99	-42.59958301658648
90.0	-45.36636481461377
90.01	-56.527272964566016
90.02	-48.037788247943546
90.03	-39.546260428149395
90.04	-67.013174541608
90.05	-58.16201647305266
90.06	-67.97180503041368
90.07000000000001	-62.78987392333093
90.08	-50.08272581017323
90.09	-44.59720854462768
90.10000000000001	-43.49401142661015
90.11	-39.93253006184474
90.12	-40.01921020460611
90.13	-49.88467163582693
90.14	-52.15628895491621
90.15	-46.91371852477301
90.16	-51.11751712629236
90.17	-50.29916105576519
90.18	-42.40573275586862
90.19	-29.686611957221146
90.2	-21.339468357467183
90.21000000000001	-25.994589650616998
90.22	-31.565673130191392
90.23	-45.30983238879263
90.24	-44.33037322242763
90.25	-38.90192020515576
90.26	-43.588542655982984
90.27	-54.955164167093734
90.28	-56.17362348130762
90.29	-56.99306213456
90.3	-53.67771323388911
90.31	-52.03224786914577
90.32000000000001	-54.718694167880486
90.33	-57.53577941342703
90.34	-55.074743634253664
90.35000000000001	-40.10401106493595
90.36	-54.919132747195235
90.37	-50.81607464779513
90.38	-39.17580641434831
90.39	-30.247903431131746
90.4	-40.695313271503
90.41	-48.171009558998875
90.42	-57.73461860554096
90.43	-59.45916820388181
90.44	-49.55990825341423
90.45	-55.551935162469384
90.46000000000001	-37.245728634070595
90.47	-31.260009241435018
90.48	-38.057446214968664
90.49	-26.134004208455753
90.5	-26.659102725946404
90.51	-36.44753645428678
90.52	-36.598547346091685
90.53	-41.72162407742001
90.54	-61.65570886964673
90.55	-49.9799900031294
90.56	-43.45727804917072
90.57000000000001	-45.96253158371202
90.58	-46.964609127559115
90.59	-57.0011056114545
90.60000000000001	-47.652249051183695
90.61	-38.28964237008699
90.62	-30.952215566744602
90.63	-25.926371235306352
90.64	-45.874014742527656
90.65	-51.94101663826227
90.66	-53.80394587097695
90.67	-46.87163571385835
90.68	-50.34201665091134
90.69	-49.499138056297134
90.7	-50.99183604848091
90.71000000000001	-49.18185383758976
90.72	-56.14456405323727
90.73	-47.51389056572772
90.74	-45.39425262726942
90.75	-44.222653855256965
90.76	-48.73108679581365
90.77	-43.9942637805288
90.78	-43.74641776783841
90.79	-51.802185582812655
90.8	-43.27725579079416
90.81	-48.060612855273966
90.82000000000001	-44.00356576545146
90.83	-46.38092455773654
90.84	-46.072063147090105
90.85000000000001	-46.273739900995494
90.86	-52.55441342701635
90.87	-44.6185054287113
90.88	-43.72724076534446
90.89	-51.20279994931566
90.9	-57.42331118022527
90.91	-40.226762495950865
90.92	-32.097193703707
90.93	-35.65092758420428
90.94	-33.587981125581194
90.95	-29.107840469619678
90.96000000000001	-45.02056846264804
90.97	-40.7963667402714
90.98	-39.469859760766546
90.99	-38.70339055903953
91.0	-35.304633728656206
91.01	-38.281907487799415
91.02	-31.04830734091798
91.03	-29.20272695877743
91.04	-28.04955162488111
91.05	-43.28780448012926
91.06	-45.93165618922794
91.07000000000001	-47.97839305764062
91.08	-44.58303455344919
91.09	-34.501952889813005
91.10000000000001	-36.97960385755146
91.11	-38.29573806975098
91.12	-34.85952905400402
91.13	-27.442164741015382
91.14	-23.062706768818504
91.15	-25.625767911727277
91.16	-25.19208641859962
91.17	-33.90120574578524
91.18	-34.35391885090315
91.19	-34.92610250458768
91.2	-43.457292408347385
91.21000000000001	-40.29559101836967
91.22	-58.02392237787117
91.23	-48.71701784448709
91.24	-67.05298758279959
91.25	-49.480345975439725
91.26	-32.22591147213524
91.27	-49.94631742205243
91.28	-44.86072952399604
91.29	-37.48553806014356
91.3	-39.55692865536935
91.31	-39.571505484697006
91.32000000000001	-31.041403003698083
91.33	-20.00361933506595
91.34	-19.288946792572617
91.35000000000001	-40.051205648097486
91.36	-47.93131442220012
91.37	-39.94408938778565
91.38	-42.74357214249831
91.39	-31.837312021484212
91.4	-27.666604191291952
91.41	-31.026541030902823
91.42	-23.143112217668723
91.43	-15.587422864866399
91.44	-39.84500836408057
91.45	-46.92955872140864
91.46000000000001	-46.31539139482883
91.47	-39.88562502650959
91.48	-39.04562562039884
91.49	-30.69166324284128
91.5	-27.657145946823317
91.51	-30.675240029853356
91.52	-34.83954774468892
91.53	-35.35944197867812
91.54	-40.75583654790268
91.55	-41.44758662160267
91.56	-36.22134258971515
91.57000000000001	-44.610841017365345
91.58	-44.73700171675673
91.59	-56.1167408799111
91.60000000000001	-57.514213096583234
91.61	-60.62140208809167
91.62	-51.61898199079666
91.63	-47.120848726207775
91.64	-44.32021961329846
91.65	-42.43034706282327
91.66	-49.5787575338646
91.67	-54.94358125431876
91.68	-36.24673481529203
91.69	-26.645084519649753
91.7	-31.84671675447201
91.71000000000001	-37.394060991192724
91.72	-46.51050849179692
91.73	-45.39751104575421
91.74	-50.88886374772638
91.75	-58.027260480928405
91.76	-66.11638835675427
91.77	-45.00844269939934
91.78	-40.8283205303058
91.79	-35.29647067502308
91.8	-34.16882767931074
91.81	-32.706642910074656
91.82000000000001	-24.5811485570404
91.83	-29.564785917942547
91.84	-34.31013188274796
91.85000000000001	-53.676930564316635
91.86	-52.37658847793943
91.87	-38.56876048229646
91.88	-39.8221112821606
91.89	-58.96988731193667
91.9	-56.28360394812467
91.91	-47.93459020858742
91.92	-47.882244085858574
91.93	-44.0038995515093
91.94	-48.70271723037054
91.95	-39.25418558360645
91.96000000000001	-40.627210876699905
91.97	-41.873325418417174
91.98	-50.312096873202925
91.99	-53.27385338235438
92.0	-46.337294035575205
92.01	-44.529841191972345
92.02	-53.40399882330228
92.03	-44.4749880359369
92.04	-43.415583167850144
92.05	-32.495072509439815
92.06	-32.02375435838651
92.07000000000001	-36.8153047050543
92.08	-37.84449232103786
92.09	-43.88514893976556
92.10000000000001	-32.39264988689722
92.11	-34.52312803522812
92.12	-36.6505224350989
92.13	-30.56107709137256
92.14	-41.51981657732071
92.15	-41.60793595342294
92.16	-36.88807950666192
92.17	-36.664039022256205
92.18	-46.766377784095724
92.19	-47.31578912379445
92.2	-46.27731968884284
92.21000000000001	-33.645348879770395
92.22	-32.555388045156754
92.23	-34.13180913109612
92.24	-25.445216141632518
92.25	-55.44179751142999
92.26	-54.64498772374902
92.27	-52.70267544220829
92.28	-52.47987835903846
92.29	-52.9568358816258
92.3	-48.51301247760461
92.31	-55.53816998711814
92.32000000000001	-56.02389679809313
92.33	-61.35391596053834
92.34	-55.2549122376205
92.35000000000001	-42.583901004677735
92.36	-40.64098242218793
92.37	-44.88365027038531
92.38	-38.81952269168254
92.39	-36.90426431811627
92.4	-36.9365223613956
92.41	-37.54651089837119
92.42	-34.32575292818367
92.43	-29.907180435727998
92.44	-24.1907893138358
92.45	-14.422908350978544
92.46000000000001	-22.57686835227354
92.47	-38.05296613391167
92.48	-41.083040910471574
92.49	-39.27706130948456
92.5	-48.841487509062354
92.51	-45.2282167273646
92.52	-55.32364598981293
92.53	-53.12696848871388
92.54	-55.93598441256996
92.55	-62.322061107178975
92.56	-50.78377584616616
92.57000000000001	-39.80329449302486
92.58	-36.41891779633754
92.59	-39.465203206559636
92.60000000000001	-39.974176867877894
92.61	-46.04417258902648
92.62	-43.42850650495656
92.63	-36.46045752611327
92.64	-39.46049702485083
92.65	-36.07459429120669
92.66	-17.180955298871957
92.67	-26.68833564706127
92.68	-35.009501436655995
92.69	-41.20195969046376
92.7	-28.776465165490237
92.71000000000001	-33.47854724601057
92.72	-53.47180861441657
92.73	-40.06656491075722
92.74	-37.822059938250334
92.75	-32.799666698922586
92.76	-44.710494723985725
92.77	-50.91896772480031
92.78	-63.80155430773296
92.79	-51.10567035540054
92.8	-49.63773665256738
92.81	-46.13120199656763
92.82000000000001	-45.24032367383442
92.83	-56.029679808032675
92.84	-51.343015530618736
92.85000000000001	-55.76109105417385
92.86	-51.77865754002643
92.87	-45.180040872975496
92.88	-51.0279434348968
92.89	-49.529796170880495
92.9	-39.63675340537685
92.91	-36.981230508332374
92.92	-32.53776900315999
92.93	-41.8820553170665
92.94	-37.51792101981131
92.95	-43.825710715650075
92.96000000000001	-34.52767256225805
92.97	-37.20420723373632
92.98	-34.242467739949994
92.99	-41.02631166585154
93.0	-38.681928908952194
93.01	-46.51422208254757
93.02	-57.275688042984534
93.03	-55.93143146071806
93.04	-45.013538544628204
93.05	-37.5827966051134
93.06	-31.02963795298449
93.07000000000001	-25.769340855000788
93.08	-50.11340334847744
93.09	-55.1137459549366
93.10000000000001	-44.89276105890808
93.11	-48.26184661826403
93.12	-50.0209176194391
93.13	-46.65432979610812
93.14	-50.064960855961864
93.15	-49.14986073631886
93.16	-52.3121172278015
93.17	-45.93914389435358
93.18	-57.44927974795134
93.19	-57.41081271613919
93.2	-54.505506538933766
93.21000000000001	-48.8473626074948
93.22	-42.80668023495126
93.23	-51.74990278910475
93.24	-38.90218658840255
93.25	-23.934668058769937
93.26	-18.64248824313677
93.27	-23.856928654548188
93.28	-33.53422595736735
93.29	-39.55458071509137
93.3	-59.02900139539859
93.31	-54.056280885366164
93.32000000000001	-57.574597020873135
93.33	-55.32340330082865
93.34	-60.766418204236494
93.35000000000001	-42.96060545292925
93.36	-31.859721693024984
93.37	-39.0546463102929
93.38	-46.583612499118324
93.39	-38.205557905622015
93.4	-41.50082199602276
93.41	-43.6596737458507
93.42	-37.20604824574531
93.43	-47.34798113826881
93.44	-36.571868003330394
93.45	-42.245912269252706
93.46000000000001	-44.156625594773466
93.47	-63.113082236626326
93.48	-57.704453496922696
93.49	-52.91641420452403
93.5	-43.274289478843265
93.51	-48.911801048309854
93.52	-50.13507307508478
93.53	-42.6437639052235
93.54	-39.068397186570365
93.55	-56.05170932418465
93.56	-47.37159445955161
93.57000000000001	-60.48588353208972
93.58	-45.75540327979837
93.59	-45.041949391000095
93.60000000000001	-44.47489670036196
93.61	-47.91915241602891
93.62	-38.06743005180904
93.63	-34.326185058601304
93.64	-28.64519874084932
93.65	-17.295365644207763
93.66	-40.446797034831846
93.67	-36.90065594122879
93.68	-51.45493147806657
93.69	-55.73381022167817
93.7	-47.733571450014566
93.71000000000001	-41.42174458127582
93.72	-48.00536213683802
93.73	-45.101339065541815
93.74	-45.56260657027148
93.75	-49.12917793291386
93.76	-43.51889820140604
93.77	-37.839908352707106
93.78	-24.732017202124524
93.79	-9.884901958415131
93.8	-4.303328503792228
93.81	-19.83512057468308
93.82000000000001	-25.620936643049216
93.83	-37.499829000053836
93.84	-58.82031853854172
93.85000000000001	-65.79004223259795
93.86	-62.37238794952028
93.87	-58.70844359027294
93.88	-64.06504912323105
93.89	-56.942574341124256
93.9	-45.14639465892596
93.91	-51.12321071258144
93.92	-44.63831898137295
93.93	-50.59616095864559
93.94	-41.449693480114846
93.95	-52.897725551187584
93.96000000000001	-54.11125297702899
93.97	-49.53441072457339
93.98	-46.761323977512845
93.99	-39.37402289835292
94.0	-46.81030125007731
94.01	-54.217482756684305
94.02	-48.57662024351286
94.03	-41.253909065514044
94.04	-38.400326599062794
94.05	-28.638841052349783
94.06	-46.81300655620291
94.07000000000001	-42.27589735865648
94.08	-49.44034211566195
94.09	-52.634183093292165
94.10000000000001	-41.22666709350046
94.11	-44.888821092659235
94.12	-32.567316188344975
94.13	-47.35364856218386
94.14	-47.275207873249414
94.15	-44.612855714964404
94.16	-44.623450054681435
94.17	-52.667063384074346
94.18	-37.070551217295005
94.19	-20.308831699779002
94.2	-31.55268943837988
94.21000000000001	-34.30152419358068
94.22	-36.45203172859754
94.23	-39.94569528118787
94.24	-27.90156215217091
94.25	-41.77711886438452
94.26	-40.79996827232196
94.27	-48.75822478708558
94.28	-46.037254437327064
94.29	-56.9792124707317
94.3	-61.3442529288967
94.31	-60.3307604248248
94.32000000000001	-56.23324201490484
94.33	-47.79685159587496
94.34	-47.97724869525195
94.35000000000001	-47.402597981408654
94.36	-49.37943141784162
94.37	-58.21966581285587
94.38	-55.920912458857266
94.39	-54.395989618149166
94.4	-40.00565965664608
94.41	-25.020389066280064
94.42	-15.37780859862092
94.43	-28.73818376692883
94.44	-31.388314393658728
94.45	-40.19540211715276
94.46000000000001	-43.47532125205039
94.47	-52.081713848635275
94.48	-52.408608542732985
94.49	-66.52353472285591
94.5	-52.49515245434231
94.51	-53.697937227031005
94.52	-45.26764308546019
94.53	-40.08975930511367
94.54	-50.368567560173986
94.55	-46.59563449715631
94.56	-39.37185878651247
94.57000000000001	-39.67645904119176
94.58	-46.028663027563155
94.59	-43.858953844429074
94.60000000000001	-40.724627363901824
94.61	-42.47593192059417
94.62	-31.013129203258465
94.63	-32.51476325772028
94.64	-27.305527060876393
94.65	-26.60442078125883
94.66	-52.21966537789888
94.67	-48.80841742945812
94.68	-48.09932523210756
94.69	-48.96376882536551
94.7	-46.02581937254383
94.71000000000001	-32.714344956695996
94.72	-23.721244311609023
94.73	-40.35366664733851
94.74	-39.069483395152496
94.75	-40.8815616868132
94.76	-42.326434092670254
94.77	-50.9955782151553
94.78	-47.52991175686115
94.79	-64.5411253876228
94.8	-62.83723085937516
94.81	-50.63517448705749
94.82000000000001	-59.67534994100737
94.83	-54.71562168207434
94.84	-34.97830568669052
94.85000000000001	-38.04328031069549
94.86	-49.92835389958431
94.87	-49.00839096911255
94.88	-50.925423487541636
94.89	-49.50230413817697
94.9	-38.415536335167474
94.91	-27.000607357343153
94.92	-41.75596771056982
94.93	-46.065750848499945
94.94	-55.580421353127974
94.95	-50.44018019578983
94.96000000000001	-49.71148386429252
94.97	-50.12015258731903
94.98	-47.89233415586958
94.99	-43.07831223527581
95.0	-25.66464606465759
95.01	-17.911523744597936
95.02	-32.42825675218224
95.03	-47.42779422473235
95.04	-52.286635157778676
95.05	-33.149385622912284
95.06	-49.912972081268514
95.07000000000001	-44.37871959825591
95.08	-49.23307605161368
95.09	-63.304799959169465
95.10000000000001	-53.46798224642397
95.11	-54.8048942273582
95.12	-45.713760351026444
95.13	-50.28961677099441
95.14	-52.261650332120944
95.15	-57.439565517050234
95.16	-61.961475228449714
95.17	-57.18773616416593
95.18	-60.59825814305993
95.19	-56.13662886334311
95.2	-49.06033861189449
95.21000000000001	-41.25263858157771
95.22	-53.48644035789327
95.23	-43.38422840908212
95.24	-50.88317189339293
95.25	-33.006397072794314
95.26	-31.857568782631052
95.27	-42.746691933078864
95.28	-45.951143498377185
95.29	-44.71504413155882
95.3	-43.422929563216684
95.31	-33.865264784904966
95.32000000000001	-25.23015534580626
95.33	-29.91901380690657
95.34	-24.063657783096453
95.35000000000001	-40.27355911902892
95.36	-46.10972866027429
95.37	-44.37973938413566
95.38	-34.555251166064366
95.39	-30.874343136030422
95.4	-35.85663226915555
95.41	-30.518555731480767
95.42	-37.80608116520201
95.43	-35.31436525276183
95.44	-43.697574661837486
95.45	-38.20662576144382
95.46000000000001	-21.229273606115893
95.47	-9.684862855255346
95.48	-29.751721662524062
95.49	-37.13860259808488
95.5	-41.17942824908861
95.51	-31.170217407663237
95.52	-31.83162149800764
95.53	-42.687408492459085
95.54	-36.21004215445677
95.55	-36.77388594617823
95.56	-46.12910219119538
95.57000000000001	-49.54172194739684
95.58	-43.178222535205215
95.59	-29.955995863209413
95.60000000000001	-19.500393633555998
95.61	-45.085449336693245
95.62	-30.44913492462548
95.63	-48.32972795016045
95.64	-57.38399838723653
95.65	-40.748368046669285
95.66	-45.93727697481765
95.67	-43.53877432987743
95.68	-44.06343765853931
95.69	-40.10142928765085
95.7	-50.96750502226014
95.71000000000001	-53.91119445561855
95.72	-67.09420981778108
95.73	-54.62794407162948
95.74000000000001	-57.802562784727705
95.75	-49.1594267790227
95.76	-43.4003116745463
95.77	-37.5739640545801
95.78	-47.515185918043485
95.79	-53.96561651356046
95.8	-55.14250196065217
95.81	-40.85754350933632
95.82000000000001	-45.784382374575316
95.83	-50.9885251442979
95.84	-43.79598997822007
95.85000000000001	-45.87087993112856
95.86	-45.22955552802926
95.87	-36.29119002747857
95.88	-48.430884894020366
95.89	-59.96990140234959
95.9	-54.65285527812832
95.91	-51.99260916324865
95.92	-49.16288300603367
95.93	-52.38374362592096
95.94	-39.03488930186506
95.95	-47.8373042245732
95.96000000000001	-45.66811625353237
95.97	-34.30670675778393
95.98	-28.36061215793745
95.99000000000001	-28.942164465008666
96.0	-36.2733251623341
96.01	-32.31193964089631
96.02	-23.073286251934004
96.03	-6.491980465316074
96.04	-27.472280495043293
96.05	-26.394733498417697
96.06	-27.86981096477535
96.07000000000001	-37.01680404154778
96.08	-35.24486111144652
96.09	-39.05133046734733
96.10000000000001	-42.56347476003238
96.11	-30.881608686307565
96.12	-29.910795204467625
96.13	-37.094403979316944
96.14	-57.61217381779773
96.15	-40.21633714224254
96.16	-43.03092805429913
96.17	-39.904839598736885
96.18	-46.35323222467751
96.19	-39.73061075265133
96.2	-44.36624903251336
96.21000000000001	-42.39057782151302
96.22	-46.2408500267696
96.23	-35.222077282158416
96.24000000000001	-22.36315103914761
96.25	-21.461255750219898
96.26	-31.59764326954187
96.27	-38.03736530259536
96.28	-40.45537998312907
96.29	-27.58493175105647
96.3	-28.79444047260722
96.31	-29.621116887074173
96.32000000000001	-19.84597386009148
96.33	-40.866269414144
96.34	-45.1439404787271
96.35000000000001	-42.352589001387045
96.36	-34.39553861364658
96.37	-28.778532869532253
96.38	-41.76234372303715
96.39	-38.96508377001551
96.4	-39.27067522616083
96.41	-28.524679478433786
96.42	-36.15446643262684
96.43	-46.67163363327865
96.44	-48.268840559687256
96.45	-45.144176699396894
96.46000000000001	-43.663447888742674
96.47	-60.90186621391957
96.48	-45.58044321332315
96.49000000000001	-32.964722633946124
96.5	-37.40527818471531
96.51	-33.02429123164126
96.52	-25.306715118492612
96.53	-33.48490748316138
96.54	-39.91640766555664
96.55	-42.21341830508553
96.56	-51.5792859372341
96.57000000000001	-40.82683945776745
96.58	-45.05760162531971
96.59	-51.21310225629486
96.60000000000001	-21.320035703497233
96.61	-30.921571109157263
96.62	-30.839636454708327
96.63	-42.0297037256305
96.64	-35.81798579313714
96.65	-49.802308375328636
96.66	-43.46467344463942
96.67	-57.302862830006354
96.68	-43.396194607943585
96.69	-39.2148662646642
96.7	-41.131957223132986
96.71000000000001	-34.45649576449755
96.72	-47.16194176161656
96.73	-41.404845643203814
96.74000000000001	-38.21681890446331
96.75	-29.945051884140614
96.76	-33.440563933816186
96.77	-41.70584817650835
96.78	-41.95664822471267
96.79	-41.37482498029704
96.8	-48.042196045626234
96.81	-47.82303791228403
96.82000000000001	-43.65344860516617
96.83	-40.11860913007937
96.84	-48.0329611614414
96.85000000000001	-39.97394439071393
96.86	-39.28862367401703
96.87	-62.43146196698627
96.88	-42.81761402254026
96.89	-55.037068355423735
96.9	-46.90946734918198
96.91	-36.934062417979916
96.92	-37.05914165821938
96.93	-53.56205190856462
96.94	-56.181310828305556
96.95	-49.982976452446835
96.96000000000001	-44.739820951434766
96.97	-31.79482432362563
96.98	-31.770607073780386
96.99000000000001	-24.063607405941198
97.0	-33.91721560918583
97.01	-35.06998576576853
97.02	-19.052126119795023
97.03	-31.636980927145643
97.04	-45.15018844535058
97.05	-37.377947267821206
97.06	-49.407831387943496
97.07000000000001	-42.986462627049086
97.08	-38.35118399933286
97.09	-39.88512551333936
97.10000000000001	-54.176475354255096
97.11	-48.17455289004077
97.12	-44.87125871317336
97.13	-42.85447147374568
97.14	-47.456377307339054
97.15	-51.5298738413874
97.16	-64.43089247248997
97.17	-52.65141635046325
97.18	-38.85757717264271
97.19	-42.464414074598096
97.2	-41.994172310100545
97.21000000000001	-30.347965643104338
97.22	-33.62121574896378
97.23	-32.917294183020616
97.24000000000001	-44.52881234452498
97.25	-43.346961681160884
97.26	-53.87692095480875
97.27	-45.24972734503671
97.28	-53.01508104340317
97.29	-59.63244471595372
97.3	-59.78407189356528
97.31	-53.64884427064451
97.32000000000001	-50.88367701498218
97.33	-46.54885559281671
97.34	-34.88908627435205
97.35000000000001	-25.53239448134144
97.36	-18.742084842580987
97.37	-24.151830668709874
97.38	-26.28298248544695
97.39	-20.212392279577386
97.4	-20.23518161521493
97.41	-14.18467964630357
97.42	-18.640819633732686
97.43	-28.5984268560527
97.44	-49.012002577520164
97.45	-41.68659454396617
97.46000000000001	-57.406789765822076
97.47	-54.27434218567573
97.48	-54.771191096821106
97.49000000000001	-66.37981531234503
97.5	-58.98376126619672
97.51	-56.70303550121563
97.52	-53.00997073308892
97.53	-33.333510603622
97.54	-34.77725887018405
97.55	-32.89558174884821
97.56	-53.13803865344977
97.57000000000001	-42.294255610256535
97.58	-43.92149434024807
97.59	-48.409922795043826
97.60000000000001	-46.99625388651533
97.61	-40.338213545670705
97.62	-43.58259357818634
97.63	-22.64459063864726
97.64	-28.403104198666963
97.65	-37.604891394803126
97.66	-37.3248145354774
97.67	-33.726418936580345
97.68	-52.646124896876174
97.69	-47.9291340700691
97.7	-60.656281109081576
97.71000000000001	-45.998545097844286
97.72	-45.764702401720385
97.73	-67.63353440925619
97.74000000000001	-53.51162800080852
97.75	-43.2825812552319
97.76	-53.897447643935116
97.77	-45.632619040500366
97.78	-58.21762402867953
97.79	-57.528339499803856
97.8	-52.103769977145014
97.81	-47.22893394943545
97.82000000000001	-60.24755413058087
97.83	-48.73656251264665
97.84	-57.069339879914665
97.85000000000001	-43.09554131138024
97.86	-34.90495462402694
97.87	-33.26189224390271
97.88	-34.5445950085005
97.89	-30.144754634417716
97.9	-15.072957584132448
97.91	-18.138145390449914
97.92	-47.22931240215683
97.93	-52.58056749987165
97.94	-51.33749713684156
97.95	-49.325588038459344
97.96000000000001	-58.79997760774301
97.97	-46.11581611963794
97.98	-35.5226222484777
97.99000000000001	-54.62231010339903
98.0	-46.31748380366563
98.01	-55.650788235988685
98.02	-54.60044921910359
98.03	-55.99999642923383
98.04	-57.667833322279385
98.05	-48.33909331684103
98.06	-31.816069316158107
98.07000000000001	-30.776222653563824
98.08	-39.21346639322725
98.09	-62.114012718061005
98.10000000000001	-57.000363088918604
98.11	-55.50730689168989
98.12	-45.462645103050754
98.13	-38.21716155655266
98.14	-31.163398865389595
98.15	-25.5219475064182
98.16	-18.807275655192548
98.17	-22.542254862485244
98.18	-28.192878794639338
98.19	-27.06531818221664
98.2	-24.334084684501608
98.21000000000001	-35.18474206451556
98.22	-26.453888486634607
98.23	-41.97944558248326
98.24000000000001	-46.5517843986724
98.25	-50.32415128308655
98.26	-56.54824581386869
98.27	-43.47010667225641
98.28	-57.638649034852
98.29	-46.677154604246674
98.3	-46.11072570235911
98.31	-53.83180522619136
98.32000000000001	-46.944579112371784
98.33	-52.78251700157651
98.34	-54.14555551516157
98.35000000000001	-45.61484456690235
98.36	-50.94938383507506
98.37	-52.2776958345882
98.38	-55.958589864344056
98.39	-49.27521584299009
98.4	-53.71179226116966
98.41	-49.06074104344923
98.42	-45.807947600907404
98.43	-33.5935161395678
98.44	-22.186768099630896
98.45	-22.264597158606662
98.46000000000001	-21.468462577968594
98.47	-43.82042512795145
98.48	-46.584131547851754
98.49000000000001	-55.573816548422855
98.5	-51.515110444599394
98.51	-58.46261311475953
98.52	-61.01711925667806
98.53	-58.84773898430221
98.54	-52.69482661691446
98.55	-43.320876384788704
98.56	-31.37079278635617
98.57000000000001	-37.48930441661454
98.58	-45.479721543970946
98.59	-53.80511733192846
98.60000000000001	-64.2527838174571
98.61	-57.7367370524334
98.62	-60.31006089138041
98.63	-40.81083348421272
98.64	-48.544758988765956
98.65	-63.639230454158486
98.66	-47.79081045431235
98.67	-31.15253688439516
98.68	-47.808553835394356
98.69	-40.5226284263511
98.7	-32.520004678481534
98.71000000000001	-44.513738172472436
98.72	-53.12546516033632
98.73	-42.44594225463725
98.74000000000001	-33.71565649987586
98.75	-43.486205673768026
98.76	-54.29918305231523
98.77	-51.45073227303663
98.78	-51.66552905441313
98.79	-44.85891139314388
98.8	-60.07227358586479
98.81	-54.09918705011785
98.82000000000001	-50.978702355307696
98.83	-39.88202944174107
98.84	-34.55448370821015
98.85000000000001	-29.57835473050379
98.86	-35.52441494467747
98.87	-43.438676517132514
98.88	-55.987380551103
98.89	-56.30592083744371
98.9	-53.69631421537704
98.91	-53.49014118284208
98.92	-49.835578670966754
98.93	-46.71529417718951
98.94	-64.89943464244372
98.95	-62.12837884135324
98.96000000000001	-58.086730007595015
98.97	-61.36105477206649
98.98	-49.48109834042433
98.99000000000001	-53.068190103813585
99.0	-50.88314931069477
99.01	-65.15122378933397
99.02	-65.98532933055786
99.03	-48.52581831650784
99.04	-56.21704734877884
99.05	-66.60961643590086
99.06	-62.11300428734643
99.07000000000001	-60.91773075293033
99.08	-51.118956725359695
99.09	-56.556883605626574
99.10000000000001	-54.09843393104009
99.11	-54.33271273789274
99.12	-47.075074217755585
99.13	-41.29534333295164
99.14	-29.75747797730713
99.15	-28.027980923089025
99.16	-25.418780330280242
99.17	-27.60176815175194
99.18	-41.871926102281876
99.19	-35.96499422908122
99.2	-49.893066250081176
99.21000000000001	-52.75540596652694
99.22	-49.14110418851576
99.23	-40.400225895627464
99.24000000000001	-30.32797197108596
99.25	-25.804876558864944
99.26	-39.80435112284163
99.27	-53.76334057189488
99.28	-40.24835562635918
99.29	-46.85602202358352
99.3	-44.037245912070304
99.31	-33.751283505729596
99.32000000000001	-34.0676803422334
99.33	-40.67170987716598
99.34	-36.14406392811616
99.35000000000001	-46.013947391758215
99.36	-63.861741319806654
99.37	-49.684699674252215
99.38	-35.62118976203842
99.39	-27.656453383308797
99.4	-44.77139640291024
99.41	-31.20376501057577
99.42	-21.66474937675676
99.43	-51.57677727861361
99.44	-40.094435271590974
99.45	-41.38544965727995
99.46000000000001	-42.8251707126552
99.47	-54.596121930250824
99.48	-48.53190124774824
99.49000000000001	-66.62642412117185
99.5	-55.97454711301036
99.51	-42.962592754864474
99.52	-41.26801423803981
99.53	-30.905996978544362
99.54	-42.39127480376309
99.55	-33.473280622500965
99.56	-25.62594138870674
99.57000000000001	-14.238782405136348
99.58	-25.737503873336497
99.59	-34.813238215421165
99.60000000000001	-38.784247030852015
99.61	-29.008078882077804
99.62	-33.313042074152165
99.63	-25.119946585123454
99.64	-18.566253692855835
99.65	-11.812357582577748
99.66	-18.13833978132622
99.67	-20.186469463673767
99.68	-43.570346750116556
99.69	-42.533440917445176
99.7	-46.30259374226106
99.71000000000001	-32.26675815608751
99.72	-25.858552286181652
99.73	-25.04271409991889
99.74000000000001	-30.164947095673636
99.75	-32.535418709165484
99.76	-47.29163603321148
99.77	-45.19339789579234
99.78	-42.898937942592376
99.79	-42.863965363197444
99.8	-36.861129478325324
99.81	-54.49556797776346
99.82000000000001	-49.02965169632363
99.83	-42.02470007311772
99.84	-59.59071250041093
99.85000000000001	-48.043585935939845
99.86	-46.57197621399225
99.87	-51.41183207743939
99.88	-55.676049416654955
99.89	-52.40649140098067
99.9	-46.198508980077904
99.91	-64.28662479319057
99.92	-55.02867264560369
99.93	-55.164410569120705
99.94	-36.45571780215016
99.95	-49.16946082471534
99.96000000000001	-56.339051841846825
99.97	-48.539094900957785
99.98	-54.90174394509667
99.99000000000001	-58.87827645694437
100.0	-45.746192265404424
100.01	-28.601917136371043
100.02	-38.61714301394682
100.03	-37.913561573482696
100.04	-43.76699900954973
100.05	-40.08102604839207
100.06	-39.4660617038236
100.07000000000001	-28.1200265910088
100.08	-39.436502311216614
100.09	-46.08406441529799
100.10000000000001	-51.84322138650482
100.11	-48.4571526482961
100.12	-56.350174687946065
100.13	-57.79457310635935
100.14	-45.97419747980173
100.15	-44.3957093992632
100.16	-46.243115616909606
100.17	-38.81202160117507
100.18	-35.928432936275
100.19	-22.68866923220881
100.2	-37.72914810572288
100.21000000000001	-44.81344772166847
100.22	-44.36882914689725
100.23	-44.248222184018545
100.24000000000001	-43.960539163227565
100.25	-38.5968069269006
100.26	-38.48530670531298
100.27	-38.92168364724826
100.28	-27.501046104400668
100.29	-39.30627247526396
100.3	-38.413622727844114
100.31	-37.82344993824006
100.32000000000001	-45.42959250179639
100.33	-51.498839393428604
100.34	-40.11843184623249
100.35000000000001	-32.49171788845598
100.36	-27.72629238021277
100.37	-35.19858153644859
100.38	-29.20874878977846
100.39	-39.537045028388
100.4	-48.164718625845055
100.41	-51.58048423955101
100.42	-54.023924785556986
100.43	-48.84174674311495
100.44	-43.361189053741754
100.45	-47.00652075751633
100.46000000000001	-44.748786441878536
100.47	-48.13810868430318
100.48	-44.82051063560233
100.49000000000001	-53.19836477018813
100.5	-48.87242770080655
100.51	-26.943324935700815
100.52	-34.34855649998258
100.53	-36.03468498209012
100.54	-44.58159590716118
100.55	-50.56693904021217
100.56	-44.955153361416414
100.57000000000001	-37.9479817129359
100.58	-37.13025740227429
100.59	-35.69749086142137
100.60000000000001	-25.925928624049813
100.61	-34.785045679030844
100.62	-34.64357994904159
100.63	-26.924331713288513
100.64	-37.76254209754961
100.65	-48.64418525551839
100.66	-36.088663672511835
100.67	-41.69238660520253
100.68	-45.303833424983225
100.69	-37.66437933903716
100.7	-32.02869395135641
100.71000000000001	-36.958754410202
100.72	-36.08644726909521
100.73	-42.13900427342968
100.74000000000001	-31.86742276009803
100.75	-33.05269502016845
100.76	-26.33484261860073
100.77	-25.54102189790329
100.78	-31.95056996620906
100.79	-32.01163096016049
100.8	-30.062456027105107
100.81	-24.096801937278276
100.82000000000001	-19.75791608894069
100.83	-21.575703759763705
100.84	-23.44073832873974
100.85000000000001	-42.13709155788006
100.86	-44.54804830919325
100.87	-46.5392552510971
100.88	-51.579235713301514
100.89	-44.56299490721665
100.9	-32.16016818824363
100.91	-48.57730405400048
100.92	-51.43754344289354
100.93	-37.25680033905557
100.94	-59.394440170881246
100.95	-52.101390419152665
100.96000000000001	-50.75113021808161
100.97	-54.99222567325296
100.98	-50.705227868858806
100.99000000000001	-45.290334505254194
101.0	-42.778188614600346
101.01	-48.59987977029606
101.02	-53.992706609933855
101.03	-41.25501843022053
101.04	-44.314591451474904
101.05	-57.769913969557436
101.06	-55.21317325168225
101.07000000000001	-48.62369194902418
101.08	-39.39103867528961
101.09	-36.40927762867784
101.10000000000001	-46.63783217739433
101.11	-48.837516631560725
101.12	-40.28338545424082
101.13	-35.08875333199338
101.14	-42.30304498548681
101.15	-47.1713011839844
101.16	-54.32073042835653
101.17	-48.91668671973503
101.18	-50.39210089661328
101.19	-39.61274542022622
101.2	-40.65943774374062
101.21000000000001	-38.97740512248781
101.22	-28.080793682169613
101.23	-16.83669927344981
101.24000000000001	-31.26711468785061
101.25	-47.94321419425053
101.26	-53.89373003084226
101.27	-52.631898772639474
101.28	-44.56821116352431
101.29	-48.445305834606216
101.3	-48.618454304694936
101.31	-46.68383526683965
101.32000000000001	-38.92193591987504
101.33	-37.933103883012926
101.34	-41.72513087708535
101.35000000000001	-39.20318764432601
101.36	-51.39088618815112
101.37	-46.48991727235251
101.38	-52.26269218576501
101.39	-65.81232074549985
101.4	-48.28346326307463
101.41	-52.13054973628187
101.42	-41.29240599152142
101.43	-36.095947179807
101.44	-26.75242693686222
101.45	-8.477677891476768
101.46000000000001	-17.96610997562273
101.47	-15.15766571341396
101.48	-48.65583212859287
101.49000000000001	-41.181273069681275
101.5	-42.45669946990028
101.51	-33.93479893790697
101.52	-44.11176066698407
101.53	-37.96255187860357
101.54	-42.860836467007395
101.55	-34.527431322452195
101.56	-34.27781297757581
101.57000000000001	-38.182494962634074
101.58	-41.35196895613186
101.59	-29.5201785407616
101.60000000000001	-45.96886202312988
101.61	-47.235035146012265
101.62	-40.652465038233736
101.63	-32.66367614156705
101.64	-32.08430951189916
101.65	-37.3518182800597
101.66	-39.84526889338145
101.67	-59.55386005030317
101.68	-54.21281046003702
101.69	-44.076805965906324
101.7	-45.410603892080175
101.71000000000001	-35.73813211014801
101.72	-39.817347339168705
101.73	-34.144534668510175
101.74000000000001	-28.600375566867605
101.75	-51.91773245044845
101.76	-60.352349361103165
101.77	-55.744878327264104
101.78	-48.41030210619251
101.79	-59.14471812345151
101.8	-56.9457843249057
101.81	-52.208016548296214
101.82000000000001	-53.40783966779249
101.83	-52.94476398896664
101.84	-57.123386404380305
101.85000000000001	-61.86194883325069
101.86	-49.938191388786976
101.87	-45.229180990731514
101.88	-53.577229250899144
101.89	-67.84099460982942
101.9	-68.12620369427803
101.91	-49.78888391158516
101.92	-64.02792689038631
101.93	-53.30516688684542
101.94	-45.49606344918198
101.95	-45.08263183993806
101.96000000000001	-50.4258280802046
101.97	-46.33001319218047
101.98	-50.83280430492882
101.99000000000001	-45.493844200187006
102.0	-39.21538410391747
102.01	-39.15486310671533
102.02	-43.91520159520896
102.03	-37.622608900499536
102.04	-28.27109170902882
102.05	-29.203602637741767
102.06	-26.99449333502067
102.07000000000001	-41.8381085844068
102.08	-37.95071531793772
102.09	-48.232817614940686
102.10000000000001	-47.340426878763445
102.11	-39.10532997677488
102.12	-32.94783473049499
102.13	-46.155706549167746
102.14	-52.908348739008545
102.15	-36.04929788833493
102.16	-31.354048680773598
102.17	-21.279907478478343
102.18	-36.469430321389645
102.19	-55.290518676912114
102.2	-40.44362793462359
102.21000000000001	-35.29719301506775
102.22	-43.53388469864175
102.23	-33.03791678586976
102.24000000000001	-39.025525051933066
102.25	-43.36632632405472
102.26	-42.87170628668702
102.27	-35.41711690633069
102.28	-40.8255239572515
102.29	-37.61893747354622
102.3	-29.28426989595922
102.31	-31.37860707836247
102.32000000000001	-41.316953091495506
102.33	-41.554428645327086
102.34	-37.98219992659755
102.35000000000001	-35.076457711520526
102.36	-32.74165634898418
102.37	-34.94310549683177
102.38	-54.01343834344544
102.39	-51.12749424523361
102.4	-42.27450004705962
102.41	-57.43784030872023
102.42	-51.07395145789227
102.43	-52.59851991517112
102.44	-48.690472729699984
102.45	-42.03889051599643
102.46000000000001	-38.81466598001865
102.47	-48.41664958550333
102.48	-49.53688390501934
102.49000000000001	-36.09958314716508
102.5	-35.12396229097756
102.51	-52.12846223241639
102.52	-62.859156155019704
102.53	-52.778326602105395
102.54	-39.414381618983676
102.55	-43.77632375255333
102.56	-30.128660844860438
102.57000000000001	-47.67622807121593
102.58	-51.15226690488154
102.59	-53.914801598433634
102.60000000000001	-43.08756286895221
102.61	-43.76248664338977
102.62	-37.74101809136298
102.63	-26.6731189391722
102.64	-31.117836658091882
102.65	-49.94871064969886
102.66	-38.428283285723246
102.67	-47.23864521707239
102.68	-45.149514213004
102.69	-30.31661669467732
102.7	-40.517799681638174
102.71000000000001	-51.22748779728249
102.72	-51.629871166174674
102.73	-50.489731062436384
102.74000000000001	-50.54337508083083
102.75	-55.398029338570595
102.76	-54.70226904499241
102.77	-47.63640716577244
102.78	-56.34745342534796
102.79	-51.484680480932205
102.8	-55.550790321514306
102.81	-51.50035018186656
102.82000000000001	-54.34926359722726
102.83	-57.225717908511804
102.84	-55.682095406157224
102.85000000000001	-47.561634156884665
102.86	-42.34122954725774
102.87	-42.03115073037317
102.88	-60.92845404572048
102.89	-55.51355084827118
102.9	-50.25468601455586
102.91	-55.95741562896574
102.92	-57.11968334097194
102.93	-48.279123520192044
102.94	-51.317038127330946
102.95	-48.84849699689069
102.96000000000001	-43.08163138775315
102.97	-44.027171256697734
102.98	-70.77510377042266
102.99000000000001	-52.715767127907974
103.0	-43.54756801417085
103.01	-34.186853122510726
103.02	-38.897346075706224
103.03	-53.82776559128577
103.04	-46.86155832263502
103.05	-45.165885742153165
103.06	-45.85188097233081
103.07000000000001	-48.7055089540585
103.08	-44.745706411762356
103.09	-30.88437012965329
103.10000000000001	-46.18313048878888
103.11	-48.0457000822412
103.12	-56.152128129050936
103.13	-46.815040467928476
103.14	-47.76893107951779
103.15	-42.65820507542357
103.16	-39.34584853988773
103.17	-39.7878641642219
103.18	-36.3558401454123
103.19	-32.22708299936041
103.2	-38.46389828654127
103.21000000000001	-37.56868239235883
103.22	-24.730992513119297
103.23	-30.94788907901069
103.24000000000001	-37.24617534563012
103.25	-49.47870298994589
103.26	-48.92199928122846
103.27	-53.28973529981851
103.28	-62.42191049401799
103.29	-58.72493815307116
103.3	-54.89170163283427
103.31	-45.23780921991835
103.32000000000001	-42.34689777579485
103.33	-40.6665884777181
103.34	-38.3573908149824
103.35000000000001	-53.03994242212165
103.36	-46.21076625825818
103.37	-41.34339546417401
103.38	-39.329676142400764
103.39	-42.469807977646774
103.4	-24.771707506025663
103.41	-32.81761321628435
103.42	-46.06308336480301
103.43	-56.98436261082294
103.44	-49.36390114573091
103.45	-48.72994100123098
103.46000000000001	-46.79879909024706
103.47	-46.78776350450773
103.48	-55.15121437593511
103.49000000000001	-55.812570364870446
103.5	-49.20500241704513
103.51	-31.746900652093302
103.52	-26.16624120585203
103.53	-34.448765718318825
103.54	-26.678275669042595
103.55	-41.46926716194361
103.56	-29.719879437599833
103.57000000000001	-40.034868612706894
103.58	-38.02210288886456
103.59	-39.7888979291326
103.60000000000001	-47.66591135721571
103.61	-35.33141376714011
103.62	-33.009656065484954
103.63	-35.68847797151682
103.64	-42.9521029521446
103.65	-48.99799646689938
103.66	-43.859818798356216
103.67	-37.94321780768007
103.68	-47.28980072103101
103.69	-55.06367247512824
103.7	-43.47779914888458
103.71000000000001	-32.0908052682955
103.72	-32.135795400465405
103.73	-32.20641962651398
103.74000000000001	-29.581321916621786
103.75	-34.94350835225801
103.76	-39.1127433543442
103.77	-41.89653332961904
103.78	-35.111362020418035
103.79	-27.520366570616815
103.8	-29.26986656680722
103.81	-45.56145090087342
103.82000000000001	-40.00176013435125
103.83	-34.445335994116256
103.84	-23.7737912822643
103.85000000000001	-24.470998292235574
103.86	-16.713878723937643
103.87	-33.24308271883268
103.88	-36.25218173684694
103.89	-25.42032486488489
103.9	-16.42229640160817
103.91	-9.434564896763709
103.92	-23.36323621838536
103.93	-27.75827573687362
103.94	-36.354641388364364
103.95	-61.70339587954575
103.96000000000001	-57.166504776508795
103.97	-43.38881391049405
103.98	-47.122583737144424
103.99000000000001	-46.667592307929226
104.0	-41.70534769302393
104.01	-36.213154789408996
104.02	-34.546906781507175
104.03	-59.67006288141333
104.04	-46.25345381814477
104.05	-42.12831076359463
104.06	-41.02219217385691
104.07000000000001	-44.71308614353188
104.08	-51.63011925258588
104.09	-52.017178832943735
104.10000000000001	-43.42784396157215
104.11	-52.12379540566873
104.12	-45.30301965387383
104.13	-48.79342001780184
104.14	-40.18388955126439
104.15	-38.20635930257451
104.16	-53.68303748463723
104.17	-46.40901884724415
104.18	-47.3085767185086
104.19	-54.22170849137939
104.2	-53.540559926696496
104.21000000000001	-40.43679982657169
104.22	-33.51450908161233
104.23	-45.14874316469067
104.24000000000001	-37.9773527838001
104.25	-39.09037728680429
104.26	-42.30777577551278
104.27	-43.16518328704975
104.28	-42.853747234674806
104.29	-50.959030172363526
104.3	-56.98072236287788
104.31	-58.031650329093715
104.32000000000001	-45.657630311530596
104.33	-41.9398492327401
104.34	-33.550351042039125
104.35000000000001	-31.322874000057272
104.36	-30.18428098927878
104.37	-45.3308362998423
104.38	-49.73970751996202
104.39	-55.076076080322586
104.4	-66.697777163599
104.41	-64.39174225073917
104.42	-51.63498991891894
104.43	-53.79057848602367
104.44	-48.7929078298486
104.45	-56.27395284501247
104.46000000000001	-49.95045438409588
104.47	-40.65658400207067
104.48	-47.82692783132061
104.49000000000001	-67.74393951759515
104.5	-60.586432175460786
104.51	-54.08725758312653
104.52	-50.38663806506276
104.53	-46.675357658201236
104.54	-43.118591097368224
104.55	-39.756387091633584
104.56	-40.65750799153244
104.57000000000001	-35.14232307853911
104.58	-31.14866795116882
104.59	-24.97386189340358
104.60000000000001	-18.268765632554313
104.61	-17.972022941926515
104.62	-35.53482870625185
104.63	-44.31932121731281
104.64	-45.110017806384626
104.65	-53.27905226688605
104.66	-55.88207738074071
104.67	-55.089276622141725
104.68	-45.63863506369406
104.69	-40.803691904619704
104.7	-57.61675036390291
104.71000000000001	-52.09636957896934
104.72	-49.55414783774264
104.73	-37.28986163161704
104.74000000000001	-41.51355455241328
104.75	-37.753135630505454
104.76	-30.841751144047105
104.77	-33.452869079678386
104.78	-45.353624427548475
104.79	-60.190252613018444
104.8	-48.65013128174033
104.81	-49.85677953655458
104.82000000000001	-48.499937492158374
104.83	-51.3498412112892
104.84	-61.47151494247971
104.85000000000001	-64.50908871080811
104.86	-45.85133978644162
104.87	-39.06311027686399
104.88	-29.385031695887736
104.89	-26.370822575147937
104.9	-31.49239176985005
104.91	-48.014674009256794
104.92	-46.71498508371204
104.93	-47.153439838721354
104.94	-33.20843993990639
104.95	-43.442961049232615
104.96000000000001	-31.385500501767776
104.97	-40.62123665568338
104.98	-50.03013793573357
104.99000000000001	-48.41159063866371
105.0	-37.854485697888116
105.01	-51.96273656478233
105.02	-42.00684975515422
105.03	-29.49937518734033
105.04	-32.00366878387636
105.05	-36.04067968228814
105.06	-54.79754137850623
105.07000000000001	-71.60477837240083
105.08	-52.365961366489266
105.09	-65.19302475072028
105.10000000000001	-63.32600317744547
105.11	-57.29835936812392
105.12	-49.18166868477877
105.13	-52.0229668323096
105.14	-47.06957607708328
105.15	-39.94003102029437
105.16	-42.605551406621395
105.17	-34.21695333162023
105.18	-22.389385618791266
105.19	-13.085741639134477
105.2	-16.232690406791637
105.21000000000001	-43.02973059636539
105.22	-39.437162792047516
105.23	-39.1501092810969
105.24000000000001	-45.80119486337128
105.25	-54.719132358488594
105.26	-52.193307655031276
105.27	-45.1555441322367
105.28	-44.32167323617542
105.29	-39.201765377890304
105.3	-34.65974175251089
105.31	-37.01655307317576
105.32000000000001	-34.892171527893076
105.33	-28.068065801180907
105.34	-35.706051328119784
105.35000000000001	-32.903612239343225
105.36	-36.720601012017624
105.37	-36.8902135755162
105.38	-23.611473958182007
105.39	-22.884146047080147
105.4	-20.15498908354398
105.41	-17.702604555214183
105.42	-41.03235168964225
105.43	-44.50086491388309
105.44	-42.83556423932197
105.45	-47.02819375483053
105.46000000000001	-50.4522629181147
105.47	-42.7203895567614
105.48	-47.73189479501868
105.49000000000001	-32.3387717407785
105.5	-39.93984848777125
105.51	-33.49200910622281
105.52	-14.826934432216133
105.53	-25.76826868582637
105.54	-30.660604920712373
105.55	-37.87707635509884
105.56	-29.837995201376536
105.57000000000001	-43.946974333919435
105.58	-38.37041844389831
105.59	-24.052894562246045
105.60000000000001	-42.56881890274763
105.61	-38.2379960634869
105.62	-34.99115276604007
105.63	-45.09623683844909
105.64	-42.98540158053913
105.65	-39.87966156920477
105.66	-43.44612299551388
105.67	-44.884486898773204
105.68	-48.51823989556299
105.69	-46.89695981865758
105.7	-37.329755681146466
105.71000000000001	-43.58481921849805
105.72	-45.90532450501067
105.73	-55.82607734424428
105.74000000000001	-45.10712566521982
105.75	-40.01397597948292
105.76	-48.51783532370691
105.77	-29.349320480018275
105.78	-43.26818658019329
105.79	-30.841381120495107
105.8	-24.679420420909622
105.81	-28.944027169221165
105.82000000000001	-20.54301979830663
105.83	-32.50142358631459
105.84	-59.56208525466351
105.85000000000001	-50.11324187128552
105.86	-42.962022737981826
105.87	-41.070533922862346
105.88	-51.286109340150226
105.89	-47.085069350930965
105.9	-37.157511641637704
105.91	-37.28873919669319
105.92	-42.860618551659115
105.93	-33.065894883010024
105.94	-34.817738493545406
105.95	-26.781066183695426
105.96000000000001	-42.628276069185674
105.97	-33.62067362181515
105.98	-35.61851531803208
105.99000000000001	-36.19890620993715
106.0	-50.203971535524765
106.01	-39.75008183287126
106.02	-40.29530984673629
106.03	-47.931822544792844
106.04	-45.5009662404441
106.05	-46.305948742698334
106.06	-50.745121252882726
106.07000000000001	-53.90983587122971
106.08	-54.12926644292075
106.09	-47.15296010506618
106.10000000000001	-35.74191498284221
106.11	-36.59342102732717
106.12	-42.32728067356285
106.13	-37.82743542999432
106.14	-41.634369383037146
106.15	-41.75578240007701
106.16	-36.305700005566486
106.17	-35.634045198853094
106.18	-37.34591230369849
106.19	-53.51098510374004
106.2	-53.56587048718333
106.21000000000001	-55.25726117853493
106.22	-45.148409421433634
106.23	-27.594448665944807
106.24000000000001	-41.98478438437113
106.25	-33.44653511276844
106.26	-28.853844946458256
106.27	-53.75540369986924
106.28	-47.40441588570147
106.29	-42.98407776662273
106.3	-56.94971638979608
106.31	-56.54682986841388
106.32000000000001	-44.65758587558995
106.33	-46.27387375431409
106.34	-39.6099697237629
106.35000000000001	-37.481159640170034
106.36	-41.76613138216188
106.37	-45.24158305928316
106.38	-40.46173246933741
106.39	-31.897788926522054
106.4	-25.19051784330114
106.41	-29.615831722193185
106.42	-58.65059009658243
106.43	-59.225969986071924
106.44	-49.60209208158066
106.45	-46.48343990180619
106.46000000000001	-46.86887557393236
106.47	-38.986080659344
106.48	-31.878395739507646
106.49000000000001	-26.36366942915821
106.5	-14.572795261757594
106.51	-26.06679336499214
106.52	-37.50981156482803
106.53	-37.66367188901858
106.54	-35.480996745881924
106.55	-37.62076139337504
106.56	-36.85211419265139
106.57000000000001	-28.022897447076254
106.58	-45.69544004775547
106.59	-46.37527758576433
106.60000000000001	-56.84274779007784
106.61	-55.948417707267296
106.62	-65.05712955835695
106.63	-54.41010683002431
106.64	-50.94250589332967
106.65	-57.66261174235612
106.66	-68.32564592546154
106.67	-56.95435554447041
106.68	-47.848108239415964
106.69	-56.49863613174531
106.7	-53.59652774035357
106.71000000000001	-49.53471268203252
106.72	-48.827873338083464
106.73	-48.5570361445948
106.74000000000001	-52.00958603094008
106.75	-60.262763332399594
106.76	-45.23330830349278
106.77	-43.3418470937279
106.78	-36.87048540560709
106.79	-48.979994367879236
106.8	-40.87904481043009
106.81	-55.30160907950577
106.82000000000001	-59.52785910282683
106.83	-45.203593041961
106.84	-41.75299778332931
106.85000000000001	-50.1329008933313
106.86	-44.341199086423146
106.87	-53.89339408123223
106.88	-46.46914625330657
106.89	-47.23560167440782
106.9	-57.7444436672637
106.91	-46.84942192956342
106.92	-57.917056413653214
106.93	-61.450223773730265
106.94	-60.81485843034003
106.95	-53.3940030682603
106.96000000000001	-51.493338549295274
106.97	-57.686467164347185
106.98	-53.780521404590736
106.99000000000001	-59.7930538624374
107.0	-52.61836418880798
107.01	-44.169687479785665
107.02	-43.15164525598323
107.03	-46.74619214743557
107.04	-40.73009992349858
107.05	-40.930086516154205
107.06	-36.18704634441865
107.07000000000001	-39.98494594181601
107.08	-31.64985542327612
107.09	-22.09630950632707
107.10000000000001	-28.839803874194196
107.11	-17.356933325175113
107.12	-33.03657614745002
107.13	-47.54007675082647
107.14	-39.69614109709308
107.15	-42.91313233895014
107.16	-34.82218353878819
107.17	-48.22808291727635
107.18	-50.72020306661124
107.19	-44.02850412046149
107.2	-50.992182723251126
107.21000000000001	-55.17161705423528
107.22	-41.386867313709104
107.23	-40.12248309772314
107.24000000000001	-43.815020130027435
107.25	-49.04530831734296
107.26	-41.80138739767235
107.27	-44.19673888061487
107.28	-52.04263738490872
107.29	-45.56803243705993
107.3	-39.04429438356807
107.31	-48.32802551709253
107.32000000000001	-46.34454967658017
107.33	-42.48384220123191
107.34	-29.218354530850625
107.35000000000001	-39.52262706453493
107.36	-40.365102663725615
107.37	-52.766868042317476
107.38	-47.48977421131953
107.39	-40.29513176801755
107.4	-53.39911966880073
107.41	-50.244081678659825
107.42	-51.97038822634944
107.43	-43.00641582416683
107.44	-35.50299540327255
107.45	-26.45546725963931
107.46000000000001	-39.16674168673225
107.47	-54.55850952230152
107.48	-48.79751571175888
107.49000000000001	-35.91972743890902
107.5	-49.66320569940611
107.51	-42.436726000963866
107.52	-33.78108483118126
107.53	-38.60181447542482
107.54	-53.00048510121284
107.55	-63.20433233223847
107.56	-60.89542810887035
107.57000000000001	-53.28340506234559
107.58	-44.946277297757575
107.59	-38.27259207529644
107.60000000000001	-46.14171639880841
107.61	-41.69464144925478
107.62	-39.943395592613314
107.63	-50.23836041486592
107.64	-37.58781262175289
107.65	-27.20917677237355
107.66	-20.588855150324413
107.67	-12.851080331678425
107.68	-5.480750924019829
107.69	-3.0288564191151304
107.7	-0.6864730816823685
107.71000000000001	-18.992523145028272
107.72	-34.82695854999416
107.73	-26.801276950166567
107.74000000000001	-46.08689478687544
107.75	-46.51995748506234
107.76	-47.73899977290097
107.77	-51.00737326512859
107.78	-46.09830765718917
107.79	-42.74220114373646
107.8	-27.369942632040853
107.81	-29.732630193262914
107.82000000000001	-47.045331632724746
107.83	-67.9364517227562
107.84	-60.29560465067371
107.85000000000001	-54.233384436511585
107.86	-41.96727494771502
107.87	-45.42036804209293
107.88	-52.313731453179564
107.89	-55.34197970619944
107.9	-41.07547000709084
107.91	-41.96970801614238
107.92	-47.776065231187246
107.93	-51.39330119876999
107.94	-53.378947182367085
107.95	-46.01689026486204
107.96000000000001	-43.25897600657709
107.97	-26.048530618534123
107.98	-32.91541038921022
107.99000000000001	-43.47980606028447
108.0	-40.21122838705105
108.01	-42.93877773058033
108.02	-31.766606612647905
108.03	-24.042451827054144
108.04	-36.996971961562856
108.05	-30.696046618198363
108.06	-44.23091843170768
108.07000000000001	-27.606841497067844
108.08	-29.0752352712088
108.09	-31.489915930625525
108.10000000000001	-46.99685555926604
108.11	-48.89148198338165
108.12	-30.282930183775107
108.13	-15.98485132023007
108.14	-23.023039781760467
108.15	-34.030869735009475
108.16	-39.232156257571965
108.17	-31.45230560784141
108.18	-42.585135639293036
108.19	-40.21589074375219
108.2	-47.81350376502621
108.21000000000001	-52.082522279500026
108.22	-50.135186681128886
108.23	-48.04041016900579
108.24000000000001	-46.419735385906435
108.25	-40.42792742634002
108.26	-36.46942407720843
108.27	-35.06368976885401
108.28	-39.766676249395424
108.29	-36.50739068357308
108.3	-32.31468391903062
108.31	-38.6708392390342
108.32000000000001	-46.356536708565265
108.33	-39.755343433188834
108.34	-37.5641890114909
108.35000000000001	-26.374998657342847
108.36	-23.50336492026869
108.37	-53.76409633948943
108.38	-50.554716714363856
108.39	-41.67599845813267
108.4	-43.666556880131694
108.41	-40.866869854906945
108.42	-55.634487983409294
108.43	-52.48020429179026
108.44	-40.61205568071595
108.45	-17.562813424365526
108.46000000000001	-26.117336357401662
108.47	-28.665890975622514
108.48	-39.883481945409116
108.49000000000001	-33.77747585443515
108.5	-35.500465465636196
108.51	-31.6395471295587
108.52	-40.63000643171486
108.53	-40.95580146934256
108.54	-42.2652238084145
108.55	-42.36509577210353
108.56	-40.06281508631096
108.57000000000001	-37.68899885437898
108.58	-48.54861085722766
108.59	-44.53175460643216
108.60000000000001	-41.445696502037535
108.61	-34.049813042535675
108.62	-42.14182851295437
108.63	-44.73487889693526
108.64	-61.88767433365266
108.65	-51.34750383579922
108.66	-56.96528425467496
108.67	-57.03367417931649
108.68	-51.895911117403564
108.69	-39.2165885674092
108.7	-43.69969373478616
108.71000000000001	-35.505058233691756
108.72	-43.0640478511985
108.73	-54.908522181453
108.74000000000001	-54.60330955388716
108.75	-55.439574767395136
108.76	-47.64239854344209
108.77	-47.608420957957314
108.78	-48.6968575856762
108.79	-37.86498102753366
108.8	-51.1931926810039
108.81	-50.62048703813643
108.82000000000001	-44.209167907954864
108.83	-32.308485398147724
108.84	-41.49625820630031
108.85000000000001	-42.65673204296176
108.86	-45.321631393077745
108.87	-54.149906709132665
108.88	-58.59215235991716
108.89	-59.77828974728906
108.9	-50.81857350014477
108.91	-60.81467914538583
108.92	-72.71430392225449
108.93	-57.18948043774715
108.94	-62.29688266641884
108.95	-60.9181284593284
108.96000000000001	-65.49163929855689
108.97	-52.77912386183238
108.98	-48.12358042521442
108.99000000000001	-51.957860745593855
109.0	-36.67982678458774
109.01	-34.60647989877113
109.02	-54.24992647343534
109.03	-59.11646853708042
109.04	-54.32968519939957
109.05	-70.44075154519132
109.06	-54.90136247034884
109.07000000000001	-51.554316168141504
109.08	-48.094571789152575
109.09	-56.883452776134746
109.10000000000001	-59.26320645864969
109.11	-58.11665423945451
109.12	-65.7098776763856
109.13	-57.74253203442792
109.14	-60.34345811731064
109.15	-43.31898982635974
109.16	-49.00415628370721
109.17	-51.81918210664896
109.18	-45.815346000718165
109.19	-31.58797505844333
109.2	-20.280105662319787
109.21000000000001	-20.17151959115081
109.22	-42.14644938979674
109.23	-32.83208306142833
109.24000000000001	-31.773759680450993
109.25	-33.20257212926254
109.26	-27.386158111846143
109.27	-22.57463359333834
109.28	-40.40804346978242
109.29	-39.058434756545694
109.3	-38.80425108533429
109.31	-30.007496860915303
109.32000000000001	-29.18275300496113
109.33	-46.26517167396731
109.34	-35.99597754422551
109.35000000000001	-41.34635090319832
109.36	-44.168660227345946
109.37	-34.231242734826694
109.38	-52.13720975104441
109.39	-46.72196348550557
109.4	-57.27795552911512
109.41	-48.79763444908336
109.42	-28.533478539460404
109.43	-49.95057270048261
109.44	-34.930878255133145
109.45	-45.251722434853434
109.46000000000001	-44.91580045599781
109.47	-45.04442866249668
109.48	-54.17723655221021
109.49000000000001	-41.15078629825712
109.5	-44.77051986413442
109.51	-39.333457872038004
109.52	-30.678105487186652
109.53	-35.10710291183869
109.54	-34.458186100927534
109.55	-48.88404249433213
109.56	-46.43603893070234
109.57000000000001	-44.367900630325245
109.58	-28.692502935951328
109.59	-13.71925088364307
109.60000000000001	-22.7192959769183
109.61	-25.27481736363869
109.62	-34.826836710795924
109.63	-42.50463953249438
109.64	-32.233005365485745
109.65	-40.2721431664111
109.66	-37.0110399976402
109.67	-44.30234900789782
109.68	-44.20906523389125
109.69	-61.052169524233435
109.7	-64.70138293343967
109.71000000000001	-61.19005899789624
109.72	-48.963176757441154
109.73	-58.04228234697525
109.74000000000001	-44.333758359020635
109.75	-54.76003792840486
109.76	-41.52943919341981
109.77	-48.64024539369509
109.78	-38.96103712424807
109.79	-47.27678117779875
109.8	-48.59820863869851
109.81	-53.5540940574306
109.82000000000001	-47.36186003485313
109.83	-42.27824985752756
109.84	-40.47531835677348
109.85000000000001	-36.57636218769874
109.86	-31.399979008327886
109.87	-32.752682735736265
109.88	-36.89582105369217
109.89	-37.78117605549796
109.9	-56.12281178735731
109.91	-52.5567055943281
109.92	-42.58248086685714
109.93	-52.39761048831909
109.94	-53.62598844427284
109.95	-59.188710051540866
109.96000000000001	-46.76056382500612
109.97	-37.51184473021261
109.98	-35.87600032699691
109.99000000000001	-47.050771736673994
110.0	-50.60202385342012
110.01	-51.01498772543283
110.02	-48.14886753242787
110.03	-42.76432309115894
110.04	-38.349721138161655
110.05	-44.38375894360531
110.06	-40.95823788865966
110.07000000000001	-50.470819637273465
110.08	-40.74815625832459
110.09	-51.001061532148526
110.10000000000001	-46.29656707962812
110.11	-46.219775186485734
110.12	-59.30457985427323
110.13	-48.3191036105956
110.14	-41.13932585201366
110.15	-37.982567947631104
110.16	-33.693321250715506
110.17	-36.435132244468775
110.18	-37.74145403051534
110.19	-44.8684782079476
110.2	-47.47422303797961
110.21000000000001	-49.07678704131755
110.22	-43.17561747287795
110.23	-50.03779905294413
110.24000000000001	-64.72620580957256
110.25	-53.172750906607675
110.26	-39.04525393154955
110.27	-29.346666722179982
110.28	-23.091670515013423
110.29	-25.968853290884248
110.3	-52.317034658444456
110.31	-42.16965287644067
110.32000000000001	-32.467546824409304
110.33	-34.44991353001695
110.34	-45.631636160569336
110.35000000000001	-43.1580391813796
110.36	-47.149192521072635
110.37	-49.83377431792118
110.38	-51.24395094586338
110.39	-46.81778750462617
110.4	-41.92163166474917
110.41	-46.51432716332214
110.42	-42.3508318996734
110.43	-46.99736137774775
110.44	-51.347338588062705
110.45	-42.5490013008726
110.46000000000001	-49.852118424085674
110.47	-38.17745930754721
110.48	-45.0898768176709
110.49000000000001	-48.133706167284
110.5	-37.030462248530085
110.51	-41.994917109610824
110.52	-38.41698859895601
110.53	-40.57263378467466
110.54	-27.890315184703606
110.55	-22.563535752603155
110.56	-33.379442513880846
110.57000000000001	-37.26644752142379
110.58	-37.446564421560474
110.59	-34.90770689136341
110.60000000000001	-33.956218476872046
110.61	-48.63074926671946
110.62	-49.4428868932017
110.63	-39.65137879354069
110.64	-37.24291316893191
110.65	-27.29488795060551
110.66	-13.205026812546535
110.67	-9.14411641581231
110.68	-4.79683761891169
110.69	-9.168693764371577
110.7	-20.07909041154191
110.71000000000001	-26.67713010272557
110.72	-28.111141713646656
110.73	-37.10931829994053
110.74000000000001	-37.93653360017713
110.75	-42.867467161061484
110.76	-40.9620393211482
110.77	-37.170837656933585
110.78	-36.6834473937741
110.79	-43.03621713944577
110.8	-55.56442265746929
110.81	-52.59051708208719
110.82000000000001	-55.082069782933914
110.83	-49.160061877966356
110.84	-43.78776000552817
110.85000000000001	-37.648932685254145
110.86	-40.96733260761046
110.87	-40.37266771010499
110.88	-43.45137083730936
110.89	-39.26260007857635
110.9	-44.74990061561699
110.91	-38.87586192844803
110.92	-46.14450465001949
110.93	-44.11211936576923
110.94	-39.12454701733455
110.95	-43.02337584840236
110.96000000000001	-31.66361254062289
110.97	-24.828036800783565
110.98	-16.73823591751024
110.99000000000001	-22.29947740060927
111.0	-30.89469541670008
111.01	-34.92877033034483
111.02	-27.157477959842648
111.03	-32.514804464122925
111.04	-23.78098994560136
111.05	-20.478210257752085
111.06	-12.67001491117101
111.07000000000001	-26.10223787133887
111.08	-29.764805684925772
111.09	-49.89339311680179
111.10000000000001	-40.22072444460412
111.11	-48.24090836922453
111.12	-36.36904437876678
111.13	-32.858739987323524
111.14	-30.596357686326503
111.15	-30.316864667384138
111.16	-34.96147219616259
111.17	-27.76533467045129
111.18	-24.048398972860838
111.19	-17.386753695590613
111.2	-22.159760895570084
111.21000000000001	-24.041468675829773
111.22	-31.047038117814395
111.23	-38.657028604946284
111.24000000000001	-47.381993447677395
111.25	-36.59680483679852
111.26	-45.15930302625048
111.27	-44.01544101370129
111.28	-60.48179321790874
111.29	-57.1135922175084
111.3	-40.4834831660469
111.31	-44.229212936698005
111.32000000000001	-42.19783320011869
111.33	-42.560869504710894
111.34	-35.114726759787914
111.35000000000001	-24.782332131328083
111.36	-16.23300977683921
111.37	-24.613879924758102
111.38	-19.016989956106666
111.39	-35.70216080850677
111.4	-17.31248790585097
111.41	-20.018982688322982
111.42	-8.363713036669544
111.43	-12.387968191728055
111.44	-22.533651081588715
111.45	-39.319314720024636
111.46000000000001	-51.78211815723871
111.47	-48.02966011604057
111.48	-44.00456100587643
111.49000000000001	-45.94515279782833
111.5	-47.0493989731936
111.51	-54.306423009710024
111.52	-56.82137455308233
111.53	-59.42458532846708
111.54	-54.52215380846552
111.55	-42.89749369682285
111.56	-32.62984687166846
111.57000000000001	-24.555345625453395
111.58	-48.48607285708898
111.59	-40.660668556598644
111.60000000000001	-40.02408329628144
111.61	-43.22598289724672
111.62	-31.55016529568691
111.63	-35.75204890461105
111.64	-32.8950050515337
111.65	-46.449557214505795
111.66	-34.48522547871223
111.67	-52.75128533053741
111.68	-59.70335508432488
111.69	-52.70984767717277
111.7	-58.92508186863731
111.71000000000001	-59.54826508104191
111.72	-64.09613755759788
111.73	-62.75877783584268
111.74000000000001	-61.861060577810264
111.75	-57.89885219541354
111.76	-43.4625693638958
111.77	-45.64375945656098
111.78	-50.69916800485812
111.79	-60.88749973178136
111.8	-55.143088405989154
111.81	-39.458779103392125
111.82000000000001	-42.145098764278906
111.83	-59.69112354308243
111.84	-66.00962157898421
111.85000000000001	-56.766092440252685
111.86	-60.45251505779688
111.87	-55.20813758325939
111.88	-50.60307944277039
111.89	-45.55009474862183
111.9	-32.42058602191865
111.91	-35.22786366991572
111.92	-41.8254528959914
111.93	-44.128835788720686
111.94	-51.16332169035999
111.95	-53.07198495107851
111.96000000000001	-49.96683539910242
111.97	-36.01340370337268
111.98	-42.52934482296578
111.99000000000001	-49.83201568447058
112.0	-52.35106909819657
112.01	-52.519870457650235
112.02	-60.808118526338546
112.03	-48.16683154573795
112.04	-43.643216354750535
112.05	-31.161064121073476
112.06	-29.252846430017073
112.07000000000001	-40.71775536009014
112.08	-48.17608563517021
112.09	-40.51893943620083
112.10000000000001	-36.51837242591723
112.11	-39.87453481356975
112.12	-31.818054336358422
112.13	-40.770829926369686
112.14	-43.70139135399871
112.15	-45.91323241264861
112.16	-32.88484318340277
112.17	-49.64306068430143
112.18	-44.549174598424244
112.19	-40.556865887851295
112.2	-51.426382558218236
112.21000000000001	-39.16345593734398
112.22	-29.43292507061564
112.23	-28.481430199177627
112.24000000000001	-39.93665414631497
112.25	-40.13629113525238
112.26	-42.04072438130718
112.27	-54.24211755486557
112.28	-45.757517183761344
112.29	-43.711265245985466
112.3	-50.13677287215034
112.31	-48.681392340799974
112.32000000000001	-44.959328730998706
112.33	-52.8617678562073
112.34	-59.41162604272606
112.35000000000001	-50.571513167264726
112.36	-52.394432056613134
112.37	-46.763024926605766
112.38	-52.41324781447252
112.39	-36.36762857214908
112.4	-34.806036107051
112.41	-40.88249571795346
112.42	-34.96010329870556
112.43	-52.25228144768872
112.44	-50.2582431491118
112.45	-32.25940648146016
112.46000000000001	-35.664306625493204
112.47	-46.80663582432916
112.48	-55.934230453632196
112.49000000000001	-58.94477213440578
112.5	-47.481085827502405
112.51	-43.92942332616364
112.52	-45.35936194720688
112.53	-60.04108460037633
112.54	-54.90777834292873
112.55	-49.06314264180752
112.56	-46.65879613282878
112.57000000000001	-40.94281472482976
112.58	-29.0635419084656
112.59	-39.703372262897815
112.60000000000001	-31.635284942957764
112.61	-37.369204693149044
112.62	-42.821301078592626
112.63	-33.538674335866475
112.64	-47.63678427866456
112.65	-43.244542874464244
112.66	-40.364494741044716
112.67	-44.010370426167434
112.68	-27.82421751437464
112.69	-25.57585330585847
112.7	-51.7704491509646
112.71000000000001	-66.83802683421798
112.72	-65.94420588168033
112.73	-62.65131762420732
112.74000000000001	-59.3788994827771
112.75	-57.16647213647471
112.76	-53.84240436019675
112.77	-61.65681326867923
112.78	-67.47358395249042
112.79	-58.54985889696836
112.8	-47.402316254161995
112.81	-47.27422669988855
112.82000000000001	-44.38761322606907
112.83	-53.37716127765411
112.84	-50.401875413209495
112.85000000000001	-56.30740027277712
112.86	-60.552998449704006
112.87	-54.86428425181988
112.88	-58.6445421123058
112.89	-55.61257399272512
112.9	-55.134222775093654
112.91	-47.56625159021646
112.92	-31.79499860643646
112.93	-33.62929592168971
112.94	-42.89272320705143
112.95	-68.7803390919662
112.96000000000001	-61.615080202127736
112.97	-65.46244975258806
112.98	-59.643383398561056
112.99000000000001	-50.998679076721515
113.0	-49.80128163403381
113.01	-44.94140274491042
113.02	-49.419100979768686
113.03	-60.915928340156405
113.04	-41.31001396753441
113.05	-31.575840280835834
113.06	-41.60921712823189
113.07000000000001	-31.59572546725613
113.08	-40.237020732307805
113.09	-29.299073160230904
113.10000000000001	-37.26972073341158
113.11	-37.72120942024436
113.12	-40.77023290900536
113.13	-48.5768046084463
113.14	-43.8925306928903
113.15	-35.96666228380586
113.16	-25.57063573987343
113.17	-20.93614337553954
113.18	-26.909354852690196
113.19	-38.452009415835896
113.2	-38.82586991052378
113.21000000000001	-32.08477238547876
113.22	-24.19253884495622
113.23	-21.32063899680112
113.24000000000001	-29.275602278610805
113.25	-17.948246919077107
113.26	-25.40054386996066
113.27	-24.896656222340635
113.28	-26.676499347798686
113.29	-19.480796077464525
113.3	-42.3264253677751
113.31	-37.87351054661743
113.32000000000001	-35.8999033651522
113.33	-36.768414705096056
113.34	-38.2071747280291
113.35000000000001	-52.587629284555106
113.36	-46.504487264818984
113.37	-44.67486572176905
113.38	-31.7943618226804
113.39	-23.836461003804985
113.4	-23.751261939476162
113.41	-38.558340192177255
113.42	-39.47940256734606
113.43	-40.90332249292166
113.44	-29.803247803148338
113.45	-49.42700247378351
113.46000000000001	-47.621618304527196
113.47	-47.68780652397522
113.48	-40.041798250721236
113.49000000000001	-33.143293879985215
113.5	-25.937890735323876
113.51	-15.117987894537855
113.52	-37.34543067744201
113.53	-34.208130709387234
113.54	-44.76855049513163
113.55	-43.149118855824675
113.56	-57.01565983779642
113.57000000000001	-67.76147108826753
113.58	-63.920555861714156
113.59	-54.52128361694524
113.60000000000001	-54.47315100107597
113.61	-39.84692942684563
113.62	-38.87333709235574
113.63	-43.336439499986156
113.64	-37.2939564558095
113.65	-32.390044308151545
113.66	-36.89357602953793
113.67	-38.25320517289587
113.68	-36.77235420221582
113.69	-40.877286541804516
113.7	-32.907706223927
113.71000000000001	-49.92256940414157
113.72	-53.35937930718453
113.73	-58.30139991047934
113.74000000000001	-59.693094687768166
113.75	-53.24388185706033
113.76	-64.75844086671077
113.77	-55.743722120016095
113.78	-45.469759472209866
113.79	-41.26451544551136
113.8	-45.79156972944935
113.81	-59.04547528991406
113.82000000000001	-55.22870124631938
113.83	-47.40664185738443
113.84	-52.67576625315943
113.85000000000001	-71.9255140897407
113.86	-67.11103334944325
113.87	-49.75777812213757
113.88	-55.07452752556192
113.89	-49.38319188839381
113.9	-62.462499884647386
113.91	-69.4850533155636
113.92	-67.74922222475341
113.93	-58.268391134935236
113.94	-57.350435528203114
113.95	-59.145120044330326
113.96000000000001	-63.475826826691204
113.97	-52.56702752877647
113.98	-41.10423848219548
113.99000000000001	-38.46857578317651
114.0	-33.5214715989873
114.01	-31.815347791769838
114.02	-47.13903283935226
114.03	-39.077477761858866
114.04	-47.91732439779502
114.05	-51.90790868561074
114.06	-54.124159262088156
114.07000000000001	-51.94171724394991
114.08	-51.60534602652708
114.09	-35.81685509919344
114.10000000000001	-46.87739795390829
114.11	-35.67425929085243
114.12	-30.05229762271812
114.13	-28.417005408469603
114.14	-32.407051661079095
114.15	-43.562116388633115
114.16	-38.22935242416646
114.17	-46.01735613042408
114.18	-57.547028091760794
114.19	-62.657245881964776
114.2	-55.73236035306423
114.21000000000001	-46.50560142733721
114.22	-42.137069230959526
114.23	-46.17082080831216
114.24000000000001	-58.85748775547454
114.25	-56.44513953826151
114.26	-53.07445050054286
114.27	-62.56309508116189
114.28	-59.651580313428056
114.29	-44.56179480725391
114.3	-42.173383199018346
114.31	-32.606041465906245
114.32000000000001	-38.60291542339068
114.33	-30.19583431223641
114.34	-41.975023204305984
114.35000000000001	-47.32085653916093
114.36	-37.822778398951286
114.37	-38.03443358739258
114.38	-49.99996607863887
114.39	-63.033418568677064
114.4	-57.73574931805232
114.41	-56.47017904049624
114.42	-39.59932605946493
114.43	-29.364864415479673
114.44	-17.15921694625553
114.45	-7.2208658132251085
114.46000000000001	1.0648628040262949
114.47	9.510646191581587
114.48	3.8795180487085865
114.49000000000001	4.258453739107179
114.5	13.833864980652233
114.51	21.28255614644689
114.52	40.55404687471366
114.53	37.21460798898494
114.54	33.00374646428462
114.55	57.64734405024928
114.56	61.41238978242525
114.57000000000001	64.07887741802185
114.58	61.40148209626378
114.59	59.53721643006229
114.60000000000001	57.1384039109072
114.61	61.237630851935734
114.62	69.60180462178755
114.63	66.33682535345127
114.64	58.246039389062105
114.65	52.69497702804568
114.66	53.729423438269016
114.67	53.55410082751961
114.68	61.918214838077965
114.69	58.74936451915457
114.7	44.53281965665801
114.71000000000001	35.443249753982336
114.72	32.31557867197513
114.73	22.107714817729345
114.74000000000001	12.763097590831125
114.75	22.560960193780723
114.76	22.8112403227207
114.77	38.270804586169234
114.78	32.35461331337043
114.79	37.504173348413836
114.8	38.87025987518026
114.81	43.041538060312604
114.82000000000001	46.197221238955
114.83	43.30730647546563
114.84	52.28337381386508
114.85000000000001	50.43911550091877
114.86	42.50411964390694
114.87	39.80325117275125
114.88	38.35428199051855
114.89	46.969299657546635
114.9	50.86922341247952
114.91	51.31067134887295
114.92	43.977249960395326
114.93	50.150419253401964
114.94	44.166179729653976
114.95	55.738291931893805
114.96000000000001	48.86559258864584
114.97	33.212299466866185
114.98	40.348535754241695
114.99000000000001	46.60039727232004
115.0	49.208883372486035
115.01	36.19334963908292
115.02	39.48409396699515
115.03	30.629297987179083
115.04	50.45714784728963
115.05	46.041316924850136
115.06	48.53915889245586
115.07000000000001	44.284686518110846
115.08	42.11166624355242
115.09	39.05062890308112
115.10000000000001	39.40220484804942
115.11	39.350707380254526
115.12	56.68637271784692
115.13	46.543586835163076
115.14	58.06126150496133
115.15	49.81189306478006
115.16	54.5686432404439
115.17	49.79275779617758
115.18	43.51348910498323
115.19	44.8620918153213
115.2	37.60230978576447
115.21000000000001	24.710043710844072
115.22	31.283165867983456
115.23	41.849823479921724
115.24000000000001	35.85144489595859
115.25	35.01690046192167
115.26	42.88977465156255
115.27	52.39165407217479
115.28	46.20943779028763
115.29	67.1629193946497
115.3	66.95445150279816
115.31	64.03288344296824
115.32000000000001	54.960445319242424
115.33	54.5476964720638
115.34	59.33456046331497
115.35000000000001	55.03712121535026
115.36	53.997988305057135
115.37	52.14852156434465
115.38	69.2601579980431
115.39	54.342764041260544
115.4	39.37432495081294
115.41	32.06684589961289
115.42	23.90306517440552
115.43	26.915895685199118
115.44	35.700562758391044
115.45	36.730620303785486
115.46000000000001	25.091122960497724
115.47	30.009650904682747
115.48	37.45848680532252
115.49000000000001	54.07728544219026
115.5	46.32357008026041
115.51	61.87970651028152
115.52	55.892725545095516
115.53	49.268621243830054
115.54	44.0333081152375
115.55	49.1890449084653
115.56	36.806728988246775
115.57000000000001	25.490994203682884
115.58	27.728254464237622
115.59	14.575022431588339
115.60000000000001	10.55042299651466
115.61	37.35886116252557
115.62	42.98178740173361
115.63	43.04674186238229
115.64	39.71364783187392
115.65	45.23800561867522
115.66	44.121151252286296
115.67	32.65568619224225
115.68	29.147113968468858
115.69	22.731261433078622
115.7	24.74427935928305
115.71000000000001	55.39680758508801
115.72	49.51966188152792
115.73	45.39528021517506
115.74000000000001	38.93104532895287
115.75	38.50781296768247
115.76	46.486780373848426
115.77	45.45667222152473
115.78	43.20593622218638
115.79	41.496281088648004
115.8	43.61802241960262
115.81	39.63904365571789
115.82000000000001	56.471597575878135
115.83	54.36958848433446
115.84	61.0478241072325
115.85000000000001	51.53484116936987
115.86	45.13013435145541
115.87	50.80672878364038
115.88	42.31328990898997
115.89	46.43320989894025
115.9	33.778395080814825
115.91	43.99832862544087
115.92	39.909494657483755
115.93	37.916897769959036
115.94	33.123629157719776
115.95	33.812817346147256
115.96000000000001	36.30592958401793
115.97	32.66477747266698
115.98	37.3022191930061
115.99000000000001	48.77705322152004
116.0	53.33106239348881
116.01	52.33539868671386
116.02	50.12794861422311
116.03	44.43984265566686
116.04	50.0980586210693
116.05	49.71446614578177
116.06	62.24500972428686
116.07000000000001	63.297387092587556
116.08	55.96898714567666
116.09	40.28730432763126
116.10000000000001	34.31625783634826
116.11	46.10462458824241
116.12	33.079222571489915
116.13	40.32636046546312
116.14	35.22714744080379
116.15	34.66679120637024
116.16	38.97437255146372
116.17	42.831443343089475
116.18	34.61075916829392
116.19	45.38442797311883
116.2	40.6446736775903
116.21000000000001	33.115668048959556
116.22	24.95710167893186
116.23	31.764061163606424
116.24000000000001	11.933627533795358
116.25	5.590303943656103
116.26	53.043102610956446
116.27	57.89714180865466
116.28	50.127628058169556
116.29	56.372839358433446
116.3	49.43930515601377
116.31	47.30410537112681
116.32000000000001	46.059402143683954
116.33	56.72934773064595
116.34	60.18410360355235
116.35000000000001	51.60994882517263
116.36	56.888190337733874
116.37	57.32783851669502
116.38	48.335961220124155
116.39	56.77039705126828
116.4	46.71525269585759
116.41	50.659357244041736
116.42	55.83814029678411
116.43	49.16804490657428
116.44	39.65630509468396
116.45	49.14366992154404
116.46000000000001	51.43095634977537
116.47	54.96093846366899
116.48	47.60140380802219
116.49000000000001	49.09707033457394
116.5	36.95001750649409
116.51	52.69927968774028
116.52	45.92547021878298
116.53	57.52450304891702
116.54	51.15596737991237
116.55	48.19142474158899
116.56	49.153768901111775
116.57000000000001	55.08064376570357
116.58	48.092640380206504
116.59	46.46881217008827
116.60000000000001	35.84314790908919
116.61	52.39176451791341
116.62	41.83272696313973
116.63	33.991791124417105
116.64	48.214967632954206
116.65	59.45897023439392
116.66	51.21566278922288
116.67	44.375010615851174
116.68	44.67793388133472
116.69	45.097416998404015
116.7	41.78553351221834
116.71000000000001	40.90932588474921
116.72	37.55339396154865
116.73	35.770172807132404
116.74000000000001	40.27061639194932
116.75	36.31055218525077
116.76	34.302702289381806
116.77	38.49004289719308
116.78	42.145998892671265
116.79	50.946277972878626
116.8	53.92035172011643
116.81	59.23215319798224
116.82000000000001	51.0577299569215
116.83	38.63825877250704
116.84	28.73465339226866
116.85000000000001	35.052459770470136
116.86	62.36845506158104
116.87	52.145030096750666
116.88	51.246215508512726
116.89	55.922788652382735
116.9	54.44962134769326
116.91	45.39713139090765
116.92	48.9928095102842
116.93	42.43123088513135
116.94	42.664102845131886
116.95	38.301858425060885
116.96000000000001	33.855242779984124
116.97	30.83040781084096
116.98	40.55777048815154
116.99000000000001	34.088519184129
117.0	37.54549435140947
117.01	52.34988477698601
117.02	43.90048581256628
117.03	35.78071574659328
117.04	46.16638063323162
117.05	37.589999183876756
117.06	55.01466067097102
117.07000000000001	48.651679315196866
117.08	46.85648678449091
117.09	52.1221924466139
117.10000000000001	46.864497904233495
117.11	43.45753019448421
117.12	31.947681237880794
117.13	31.00376359307034
117.14	21.581262659512188
117.15	55.34089097405513
117.16	56.87152471963335
117.17	56.535706764436654
117.18	58.355080332122554
117.19	61.99972244340516
117.2	70.8413950375293
117.21000000000001	60.47535738401909
117.22	50.87371931911347
117.23	50.29811292716386
117.24000000000001	61.536627520366416
117.25	57.06006172433974
117.26	51.92084631637683
117.27	43.722335479086894
117.28	54.270581297623316
117.29	64.8756316474718
117.3	51.37125215813111
117.31	40.55290460278297
117.32000000000001	36.976858527662536
117.33	34.863531943582046
117.34	45.13446424964396
117.35000000000001	42.5065925814621
117.36	41.93640854395226
117.37	39.860713297294964
117.38	33.70086773499785
117.39	29.159696234380025
117.4	46.93379878935283
117.41	38.34376739663359
117.42	39.520390510518276
117.43	45.53880628030702
117.44	39.790687721495296
117.45	41.72052282344626
117.46000000000001	34.69610016025365
117.47	45.20816883616111
117.48	39.356143245675476
117.49000000000001	40.405809044649295
117.5	57.72710539795467
117.51	48.86050847628695
117.52	48.52119708177618
117.53	40.42555984340224
117.54	35.83754558821822
117.55	33.17215859276642
117.56	41.623770907634274
117.57000000000001	46.06785322888697
117.58	39.43782196707679
117.59	28.279246744095577
117.60000000000001	23.683884238848808
117.61	36.08223892481149
117.62	45.2005905463275
117.63	49.10250523498096
117.64	52.87181519943828
117.65	52.34051295089501
117.66	38.99268604016704
117.67	45.01144184192108
117.68	49.70228917422734
117.69	45.71765385024662
117.7	39.402736748442216
117.71000000000001	44.52087675478899
117.72	40.94578670315325
117.73	45.21633543731998
117.74000000000001	46.169236417151595
117.75	41.9056645188272
117.76	49.33357942578188
117.77	35.8707130906877
117.78	54.07419888755729
117.79	61.144648619885714
117.8	55.78786392258667
117.81	71.80244703882785
117.82000000000001	72.60393091582664
117.83	55.67111527129175
117.84	45.69997151501391
117.85000000000001	62.10207141559632
117.86	49.918275543700396
117.87	52.482777250793525
117.88	51.239289319019946
117.89	49.2248268476394
117.9	53.514245551998165
117.91	59.314627892751396
117.92	50.47987780077421
117.93	48.93097561339225
117.94	49.75767470807763
117.95	63.20593868394041
117.96000000000001	59.31863237875986
117.97	55.570768687378916
117.98	45.04574987763223
117.99000000000001	52.396303929051555
118.0	50.25438291920813
118.01	51.9060484564899
118.02	49.020832074282986
118.03	47.0091277098739
118.04	45.53816979028317
118.05	45.89458810708987
118.06	45.8232291353352
118.07000000000001	43.46241494486585
118.08	35.52393783689369
118.09	32.39476262505317
118.10000000000001	32.963477782298604
118.11	29.18492724256097
118.12	36.80600441120972
118.13	32.51477065627845
118.14	34.648700463890044
118.15	45.558523497997925
118.16	29.546779765403926
118.17	14.25081855797816
118.18	33.1581421903983
118.19	32.65618324967913
118.2	51.179776166715556
118.21000000000001	34.93171224656192
118.22	45.95782207326236
118.23	38.013826119700866
118.24000000000001	46.28684507054606
118.25	45.814138171627896
118.26	46.33709910579392
118.27	54.50439896860691
118.28	54.296515831807874
118.29	49.979858743629975
118.3	49.03047194455953
118.31	44.97805192796103
118.32000000000001	61.21766538240215
118.33	54.45019459959248
118.34	63.879220872156665
118.35000000000001	61.39319004574605
118.36	53.68741007815911
118.37	45.678244385305256
118.38	49.17266931187018
118.39	38.287399597398725
118.4	37.64556935627208
118.41	41.78034032645391
118.42	43.36800338169101
118.43	49.96065105405997
118.44	50.211373013904996
118.45	51.798173155956206
118.46000000000001	57.32510376394345
118.47	54.17066489673873
118.48	48.21007730572066
118.49000000000001	39.934016930812945
118.5	45.83668795430725
118.51	26.367289908287415
118.52	53.54826078200497
118.53	48.97117306836835
118.54	43.74271718900371
118.55	45.171016906033216
118.56	50.571509765939254
118.57000000000001	38.39428003589666
118.58	43.6787096851629
118.59	54.24658951264664
118.60000000000001	53.691414673986856
118.61	44.80008147044768
118.62	42.65048609500463
118.63	52.956323173276644
118.64	58.99982520235951
118.65	46.237242094520646
118.66	51.79507181653722
118.67	40.46214238790201
118.68	29.276545306854143
118.69	23.65647274234866
118.7	36.35606881688873
118.71000000000001	48.01888543673945
118.72	44.993342916766316
118.73	40.31084826959025
118.74000000000001	44.1860420344446
118.75	59.95663970500464
118.76	69.38051354332197
118.77	57.56221544090488
118.78	50.72926471632763
118.79	45.400256772139
118.8	32.438855530765835
118.81	32.35836667407372
118.82000000000001	28.339062527892263
118.83	38.31381436512256
118.84	38.73489332066881
118.85000000000001	44.35568039405025
118.86	42.36390267603476
118.87	35.7303740997597
118.88	44.71883165474408
118.89	40.69557753367969
118.9	37.123345187111426
118.91	34.98777784615313
118.92	38.57229699098436
118.93	55.0391277305059
118.94	39.68664469717787
118.95	45.860803242357896
118.96000000000001	42.40901728509996
118.97	41.13305241496981
118.98	48.56840926527051
118.99000000000001	43.48860653355466
119.0	43.42142929488265
119.01	36.97373459594659
119.02	25.12332545559626
119.03	47.696184670956626
119.04	52.98186722626741
119.05	52.03929207630358
119.06	55.818747161414684
119.07000000000001	55.74140104287417
119.08	47.94964785534482
119.09	44.35758379914302
119.10000000000001	57.540501782843194
119.11	48.384467818569966
119.12	42.01982158006981
119.13	47.23682893943308
119.14	41.88699208863765
119.15	52.2769285519828
119.16	49.57910538069384
119.17	45.47824773698353
119.18	36.73364592139447
119.19	22.166436836403193
119.2	33.26372598795113
119.21000000000001	44.13084499250476
119.22	44.432832098186715
119.23	43.96125737425231
119.24000000000001	39.78124351122831
119.25	33.824014262119995
119.26	32.75713870671798
119.27	25.33497945905375
119.28	34.67872482916174
119.29	44.63471256758078
119.3	33.34984145038195
119.31	29.71135450368827
119.32000000000001	28.663430442977276
119.33	31.578588161757263
119.34	39.685248236804924
119.35000000000001	34.672219796688665
119.36	27.241425857786734
119.37	18.965660273014382
119.38	20.72830832879342
119.39	32.45414386131006
119.4	32.2513795184278
119.41	49.418215772465814
119.42	48.90576709341581
119.43	44.129220168490235
119.44	30.72875524413873
119.45	41.1185682440799
119.46000000000001	38.25654011961218
119.47	32.84567516203156
119.48	42.110719990178836
119.49000000000001	54.35915119805234
119.5	47.66477081230226
119.51	44.70450903717801
119.52	66.59251456432905
119.53	64.79969526847421
119.54	54.16311263602887
119.55	48.27590961127225
119.56	52.65987743848805
119.57000000000001	51.91837228864644
119.58	47.05287561021689
119.59	58.860977940948516
119.60000000000001	61.22518129557081
119.61	58.98569895475443
119.62	54.194372555377456
119.63	48.58655465008651
119.64	38.265171328500166
119.65	29.568401254038744
119.66	36.60083687477927
119.67	33.92039367077323
119.68	30.782776611044657
119.69	47.728365234992644
119.7	58.1717356715487
119.71000000000001	56.68553172351134
119.72	55.998614279451495
119.73	52.83186594160218
119.74000000000001	48.883357729930154
119.75	55.468319479764375
119.76	53.75894804131913
119.77	48.63246601682582
119.78	46.817549288250184
119.79	53.11727643309986
119.8	44.40991271110731
119.81	35.561442753040346
119.82000000000001	36.032882230357224
119.83	32.915936405781096
119.84	48.29578266120171
119.85000000000001	60.8106615870115
119.86	49.99145835594852
119.87	54.57387273349783
119.88	54.86223255387351
119.89	63.16867446001085
119.9	49.15803568927098
119.91	55.982258949570486
119.92	55.861941475765455
119.93	55.71845837165094
119.94	46.29971985789391
119.95	51.1895280881847
119.96000000000001	49.35668586001413
119.97	44.613068767271756
119.98	58.329209573494104
119.99000000000001	56.93996446988168
120.0	53.6441759987687
120.01	37.97414378507024
120.02	29.2686566942916
120.03	38.842631435790736
120.04	43.673199872090194
120.05	31.90226242718873
120.06	30.192048442700447
120.07000000000001	29.259661915537574
120.08	27.723152291818163
120.09	33.20583942541234
120.10000000000001	45.47186264175949
120.11	56.606740735928014
120.12	55.38849924754869
120.13	52.50309627911092
120.14	62.15855029270456
120.15	51.22904116872404
120.16	49.759647401767324
120.17	46.135309532087064
120.18	46.11232497126629
120.19	48.61225642250831
120.2	45.66086006094346
120.21000000000001	47.247884559837715
120.22	49.53837268308328
120.23	40.53670543779404
120.24000000000001	29.601899187491565
120.25	31.84656729828841
120.26	53.00096042984739
120.27	36.94882174478456
120.28	37.636150850905906
120.29	36.14532452649402
120.3	49.53084863976378
120.31	60.15255205855927
120.32000000000001	61.48644677439751
120.33	57.76339617358873
120.34	43.102750469220524
120.35000000000001	42.955499498666825
120.36	42.491771436115265
120.37	30.775790367380534
120.38	30.208492433086352
120.39	37.672144125098924
120.4	44.71200500274608
120.41	43.13941939652555
120.42	42.003839637569946
120.43	44.938257133150756
120.44	34.10337487315622
120.45	43.470389297255245
120.46000000000001	51.34023967068461
120.47	50.19757756592295
120.48	52.46636009904697
120.49000000000001	47.05812095627544
120.5	54.09638006739389
120.51	41.49395802686918
120.52	39.17024271907992
120.53	50.08228384516965
120.54	42.08750782619719
120.55	53.34975227898773
120.56	53.78673362712082
120.57000000000001	42.35360036296526
120.58	43.76223715701728
120.59	46.24822841953757
120.60000000000001	55.50611376641534
120.61	59.187869714695076
120.62	58.143862609402156
120.63	50.74260304327443
120.64	36.89277529351819
120.65	41.668217812759146
120.66	55.01501546234973
120.67	49.096113604606984
120.68	39.73314307111906
120.69	41.10879828142115
120.7	61.72682852567604
120.71000000000001	52.795099991138315
120.72	41.48510435635148
120.73	57.42156254049586
120.74000000000001	58.64969385145877
120.75	59.86474880433198
120.76	59.76970308342779
120.77	52.09252831198463
120.78	57.67078496320789
120.79	43.20478725879629
120.8	43.994000138670806
120.81	55.61169751412857
120.82000000000001	54.54602005988735
120.83	43.791902686667584
120.84	38.84922267487904
120.85000000000001	46.65234092719837
120.86	59.04301089926936
120.87	52.35596738280518
120.88	52.11378958122538
120.89	38.75219826899795
120.9	37.51025781107351
120.91	40.01959767721949
120.92	43.23845287964985
120.93	34.70421463893422
120.94	35.348529121754005
120.95	36.96232811014163
120.96000000000001	35.47799229274584
120.97	45.057041097213826
120.98	37.3366384799471
120.99000000000001	30.97225058362859
121.0	22.3462500476893
121.01	38.846160554740955
121.02	49.48089849324535
121.03	52.50893818428949
121.04	54.33390919539745
121.05	44.22765364545769
121.06	33.36867824352979
121.07000000000001	19.85106247502641
121.08	31.56104010247807
121.09	36.842883476752235
121.10000000000001	42.86563565248271
121.11	50.48387427494177
121.12	58.44642280631125
121.13	54.08631681817545
121.14	36.80553385220705
121.15	41.63007996033073
121.16	35.28328999571918
121.17	37.16729582971736
121.18	37.52881993395726
121.19	43.355937743897876
121.2	26.775954459539502
121.21000000000001	22.84328556275986
121.22	35.632995095242734
121.23	40.21460519411259
121.24000000000001	34.09134319485295
121.25	31.03343798048934
121.26	47.29752009772217
121.27	48.523528353119424
121.28	52.00942712687094
121.29	46.17763669786444
121.3	47.01549633343598
121.31	61.44894689890842
121.32000000000001	67.57002736602519
121.33	58.28113939598642
121.34	50.427261268126635
121.35000000000001	47.897356997125684
121.36	35.789246179892864
121.37	43.772068436218305
121.38	48.30151641801468
121.39	48.30833726166938
121.4	48.42883783877004
121.41	41.29583765105401
121.42	46.50321095826414
121.43	38.69794319700477
121.44	50.16806001457979
121.45	51.99203286085293
121.46000000000001	59.31735600126241
121.47	63.454799573324884
121.48	55.199153016178904
121.49000000000001	49.745782901388395
121.5	57.10464462121627
121.51	52.91332910492803
121.52	47.81701360171035
121.53	40.31622350169223
121.54	20.549246073876343
121.55	20.949665453847484
121.56	13.606022888121347
121.57000000000001	23.5067379135254
121.58	32.428998771014484
121.59	21.667962717734287
121.60000000000001	30.36713178718294
121.61	28.924853975308324
121.62	23.51061604873375
121.63	21.665350103499357
121.64	35.04656752298742
121.65	37.21152190640584
121.66	43.11025521946224
121.67	50.51532990705332
121.68	29.569769079672792
121.69	38.075482858926264
121.7	26.324181589084972
121.71000000000001	41.68029594284842
121.72	32.978126325443505
121.73	51.57684320299564
121.74000000000001	55.1984886266326
121.75	44.69046833783924
121.76	40.94900058395009
121.77	50.14665288317967
121.78	64.10118829468685
121.79	68.34777171641966
121.8	66.0965607258491
121.81	52.21762855865457
121.82000000000001	38.63355705831592
121.83	55.49177214592213
121.84	37.607835710456364
121.85000000000001	40.1504333133746
121.86	27.126303214389694
121.87	29.27552639623402
121.88	30.55625096322209
121.89	44.28264317433764
121.9	37.24285866103231
121.91	32.95424820828924
121.92	39.038479289646936
121.93	26.546595281555263
121.94	31.709124751685515
121.95	27.496222496148427
121.96000000000001	44.62414780571811
121.97	34.86481065382938
121.98	22.880193200086346
121.99000000000001	53.26124657642104
122.0	60.756884433351175
122.01	57.128890291875585
122.02	55.85022915685222
122.03	50.206025853639225
122.04	49.35297387591529
122.05	56.9912478720143
122.06	58.196434520462375
122.07000000000001	47.898229127283344
122.08	48.49394284734232
122.09	60.92478562631768
122.10000000000001	57.56764945112206
122.11	55.073258965157024
122.12	48.389923930804635
122.13	43.52125483894171
122.14	48.602991636209644
122.15	46.04127724808014
122.16	38.65865765677792
122.17	49.144125735235626
122.18	54.78875859665723
122.19	45.212130658493436
122.2	52.8118668554656
122.21000000000001	49.07070871330345
122.22	36.72221317673267
122.23	47.02121163431805
122.24000000000001	44.632519531746446
122.25	36.09483967951474
122.26	38.82688647587993
122.27	40.03154329281246
122.28	36.535066348957685
122.29	28.499708443982414
122.3	26.74556361877688
122.31	26.185732293952743
122.32000000000001	21.450827220776915
122.33	40.641828891998905
122.34	50.10110260280249
122.35000000000001	46.55740489087861
122.36	57.79894510536983
122.37	53.717173348259934
122.38	45.69967794656382
122.39	46.7183529288734
122.4	57.24781370299641
122.41	56.12055043128119
122.42	54.46335736403861
122.43	47.006986564356104
122.44	44.21200951156105
122.45	36.56221288841177
122.46000000000001	27.57374541954084
122.47	38.16957116974761
122.48	33.67555864501468
122.49000000000001	30.107159274264667
122.5	24.67594898480416
122.51	25.583724235848603
122.52	33.00921329284154
122.53	31.29276028430801
122.54	26.075784546339207
122.55	54.70450886466643
122.56	60.36102924186661
122.57000000000001	52.91510043462345
122.58	33.73168627822423
122.59	33.33258042337035
122.60000000000001	39.46137998860288
122.61	56.377767980544895
122.62	52.19730322996542
122.63	34.66901342542769
122.64	30.61211287415924
122.65	29.175446145393817
122.66	45.52116659272318
122.67	32.97085746677066
122.68	36.51630965419352
122.69	42.07594648953176
122.7	28.288074523080894
122.71000000000001	36.408643684426316
122.72	37.205145155943
122.73	45.89819269293671
122.74000000000001	35.52964828998809
122.75	37.62487132252217
122.76	31.799257563478424
122.77	24.58588625288012
122.78	31.744168465009146
122.79	28.01209197645808
122.8	45.015496724713344
122.81	48.0580204994968
122.82000000000001	48.709456064087455
122.83	53.569899195357856
122.84	51.11982642472358
122.85000000000001	39.28478775625617
122.86	34.668777805467435
122.87	42.62075942626953
122.88	33.10320629349789
122.89	25.1309078558958
122.9	17.32110722815958
122.91	37.058435548743546
122.92	39.598989988243055
122.93	35.83319748717152
122.94	45.84865328133204
122.95	35.466806895411246
122.96000000000001	33.02781619204766
122.97	36.18522751242733
122.98	40.298369783975296
122.99000000000001	40.61685772532441
123.0	37.0193568762168
123.01	44.02587577708079
123.02	49.04505249130416
123.03	51.249136530191464
123.04	39.16911205195689
123.05	40.046788257760284
123.06	42.16261739000325
123.07000000000001	60.11957701728921
123.08	56.490545186373915
123.09	58.066381707630946
123.10000000000001	45.5567176403911
123.11	43.46525534949772
123.12	51.861136085108996
123.13000000000001	56.50416879624818
123.14	57.67337003300971
123.15	46.38306439607508
123.16	43.603269347442875
123.17	47.48928118751363
123.18	50.019744911667146
123.19	44.167863312299765
123.2	47.95312465024233
123.21000000000001	38.17976212395369
123.22	37.33817806988945
123.23	37.1824115823163
123.24000000000001	27.126725932127588
123.25	27.930417671084086
123.26	45.63172407143158
123.27	42.19101283365257
123.28	26.564067906544366
123.29	43.676245629399915
123.3	46.64438185828262
123.31	50.670380249503154
123.32000000000001	34.230348508460885
123.33	40.8021380306724
123.34	39.93742216600687
123.35000000000001	38.33104657249297
123.36	44.089065736740196
123.37	47.896913653893485
123.38000000000001	39.0823516346558
123.39	36.962206765042765
123.4	44.4230909890175
123.41	53.748162152388375
123.42	49.647029684015735
123.43	36.97446247572326
123.44	37.46298579723955
123.45	45.083580158565404
123.46000000000001	44.986186330333275
123.47	33.10442153054456
123.48	31.04969231309193
123.49000000000001	24.10841602873108
123.5	36.85276548099921
123.51	32.39050215265566
123.52	36.683667952251405
123.53	43.644272888945544
123.54	41.02367669737326
123.55	44.94295568039007
123.56	65.33072601753925
123.57000000000001	52.77549531250902
123.58	52.98534757266116
123.59	62.07075993135227
123.60000000000001	62.89450246197806
123.61	48.92609683129576
123.62	32.290617213683845
123.63000000000001	27.23053983798974
123.64	24.564680196693992
123.65	18.15565041373541
123.66	24.519643749143217
123.67	30.83723207569159
123.68	38.90227885730057
123.69	46.6639577102644
123.7	56.50950697458129
123.71000000000001	56.89187650425455
123.72	47.11570311977104
123.73	53.84576671154685
123.74000000000001	53.262216856246106
123.75	59.64795825343514
123.76	34.20786644201966
123.77	30.728639297953137
123.78	38.19850403263589
123.79	46.04649362515082
123.8	46.76351542996085
123.81	36.048959244478596
123.82000000000001	36.72610443669716
123.83	38.84193202397526
123.84	52.16173789063541
123.85000000000001	54.387212806927295
123.86	59.90807602291979
123.87	47.68850622905703
123.88000000000001	42.708078697496504
123.89	38.733509342981165
123.9	33.715098937606875
123.91	46.063330604043315
123.92	49.49735435564913
123.93	50.011870890776976
123.94	34.71771346547493
123.95	25.54882242618085
123.96000000000001	20.598828542437897
123.97	29.075611123224117
123.98	38.375933304561805
123.99000000000001	36.408075159380545
124.0	41.95660050579909
124.01	48.717190193308866
124.02	39.299130657158706
124.03	46.584335055146084
124.04	36.142348193269356
124.05	31.09298096558776
124.06	45.50048703624953
124.07000000000001	48.38972331641097
124.08	41.12577342799278
124.09	45.37215552146329
124.10000000000001	51.935668082440046
124.11	50.62560304417001
124.12	61.49065332646687
124.13000000000001	50.26716510517309
124.14	39.95803592373254
124.15	29.232449567354816
124.16	30.599951195148982
124.17	22.411671089447218
124.18	20.459959631157794
124.19	27.78637035310339
124.2	52.20940698703198
124.21000000000001	50.81654308173266
124.22	50.59226990753945
124.23	46.13504336193813
124.24000000000001	44.487410319398734
124.25	47.03682799656969
124.26	47.38765359179452
124.27	54.778023272629156
124.28	51.19560122547
124.29	46.03586402268186
124.3	41.39066905701938
124.31	39.304327864625826
124.32000000000001	43.48728423925133
124.33	45.03647998618787
124.34	44.998813762404076
124.35000000000001	43.31183521697313
124.36	46.176583532159796
124.37	34.2916728822175
124.38000000000001	38.42580259540711
124.39	37.242378797785015
124.4	25.16494568748289
124.41	33.57918122756444
124.42	29.44144654383417
124.43	44.02302791215246
124.44	48.897405122283836
124.45	37.53835776656287
124.46000000000001	33.776401966548086
124.47	29.50371717939473
124.48	36.18109455652072
124.49000000000001	44.90701678194166
124.5	51.141571075748985
124.51	45.768431255792386
124.52	57.667382485485795
124.53	56.81908179179467
124.54	47.183115212823296
124.55	37.679565768157644
124.56	37.568429655674734
124.57000000000001	32.78754609600751
124.58	35.111208189147895
124.59	34.403120989982334
124.60000000000001	38.75258843498862
124.61	29.546010606137365
124.62	42.09682381087799
124.63000000000001	35.01382192339477
124.64	33.01677724901485
124.65	33.14107465897613
124.66	25.609024101195782
124.67	37.65670734696019
124.68	38.585114815231265
124.69	42.37408745363526
124.7	38.17025092520533
124.71000000000001	39.69566568306801
124.72	41.53209943186493
124.73	48.98017355291414
124.74000000000001	52.72127432586946
124.75	50.52798277707961
124.76	63.41490312630757
124.77	55.99976386031893
124.78	44.33062864485625
124.79	49.42936160583769
124.8	50.787495555062044
124.81	45.69416795704571
124.82000000000001	41.626959201823496
124.83	44.388573301803916
124.84	37.06327909233099
124.85000000000001	45.76455692372136
124.86	50.232749918072265
124.87	61.03149789069048
124.88000000000001	51.53632759310364
124.89	48.95660371220147
124.9	45.31309039035975
124.91	44.78708831796546
124.92	43.02320195679356
124.93	47.267935114488395
124.94	48.47613024348806
124.95	54.44089446563973
124.96000000000001	47.68449583979804
124.97	60.83253160408995
124.98	59.32635837843036
124.99000000000001	51.317848896581985
125.0	39.509528523017295
125.01	34.33020239375443
125.02	45.78038875171926
125.03	35.95688324952404
125.04	36.48577317549273
125.05	37.15565273686597
125.06	47.9151193363976
125.07000000000001	47.54839978950414
125.08	45.39680869934111
125.09	52.75341486687389
125.10000000000001	56.109505622135146
125.11	52.55187197746701
125.12	47.85389055388822
125.13000000000001	38.26179820439236
125.14	55.64393076012108
125.15	56.24339014310844
125.16	52.243239865368366
125.17	38.341507117266694
125.18	49.48984355742696
125.19	51.654688077433235
125.2	56.3106566049154
125.21000000000001	46.541232398539265
125.22	39.69527414251082
125.23	33.98169178083267
125.24000000000001	21.613543820910113
125.25	28.91166629524554
125.26	45.9632264280961
125.27	51.751709182377795
125.28	40.83896172033821
125.29	42.49588377927785
125.3	29.65722673751149
125.31	38.44429071531462
125.32000000000001	35.13096117780807
125.33	32.09692874469669
125.34	40.17394635242655
125.35000000000001	37.08404111606983
125.36	37.85891893424688
125.37	26.0601168437614
125.38000000000001	44.628247300694625
125.39	47.7510749064486
125.4	45.02155769063902
125.41	38.47457926250033
125.42	38.640232703881395
125.43	42.89731846459774
125.44	31.221594299840554
125.45	36.6116324583021
125.46000000000001	54.792494761214556
125.47	53.967752036654744
125.48	45.49801557688334
125.49000000000001	42.03883875236485
125.5	50.16972401993865
125.51	44.35734065657778
125.52	55.95784437800342
125.53	69.07154776932643
125.54	72.66542123478025
125.55	70.18207646767182
125.56	58.83388578572164
125.57000000000001	43.27979896764042
125.58	35.28332347364128
125.59	35.3873282372005
125.60000000000001	28.16577116090124
125.61	42.10178785627263
125.62	39.55471140442362
125.63000000000001	45.0619933406002
125.64	44.67137045722405
125.65	46.21954014653019
125.66	48.63581191727048
125.67	52.49140132751392
125.68	53.24652694829451
125.69	55.1987559906781
125.7	64.75469193793366
125.71000000000001	51.97465777402574
125.72	52.440875602456934
125.73	45.8149648121949
125.74000000000001	57.925155469778936
125.75	57.26364277412589
125.76	54.281110060427345
125.77	53.38264141237263
125.78	50.032750118852604
125.79	48.73381280134349
125.8	46.23916546893716
125.81	42.523601138201805
125.82000000000001	30.249079151651088
125.83	27.11553512828711
125.84	15.822462777196293
125.85000000000001	25.997940526297597
125.86	31.47870367429935
125.87	42.78877256423749
125.88000000000001	43.80300224304833
125.89	47.54616416712111
125.9	40.882393997289526
125.91	31.10971267055578
125.92	43.35071975816308
125.93	25.85386824867817
125.94	16.0505652548158
125.95	25.488060553090115
125.96000000000001	45.74612538332038
125.97	33.77184746185172
125.98	39.62796090150477
125.99000000000001	41.78014985154314
126.0	43.228893869121485
126.01	46.990199851400156
126.02	37.01559441624487
126.03	20.368456822896274
126.04	25.900558921490948
126.05	40.75600287095893
126.06	43.11155570362032
126.07000000000001	41.342949067552844
126.08	36.46796061071552
126.09	34.4545788978132
126.10000000000001	37.24938980938205
126.11	37.31676567439581
126.12	31.55184306890513
126.13000000000001	33.2881390877906
126.14	38.63518218851045
126.15	27.566476339992143
126.16	12.905502339076442
126.17	39.07597066319625
126.18	46.683618493308884
126.19	40.178143703749946
126.2	40.98918772566128
126.21000000000001	35.36690278779703
126.22	49.23679149398205
126.23	62.38850358688255
126.24000000000001	62.875482247221335
126.25	56.96388732214463
126.26	53.52373880403476
126.27	57.29542817248872
126.28	60.01330822369982
126.29	50.938532089074634
126.3	43.53343366904499
126.31	33.181284705777074
126.32000000000001	34.63847999606934
126.33	31.440698438568457
126.34	33.605696576186354
126.35000000000001	33.84477681284786
126.36	36.84569306464544
126.37	32.119100463285164
126.38000000000001	35.00734122108544
126.39	47.04103855988022
126.4	41.234864965813586
126.41	40.53494174554803
126.42	40.84583735765725
126.43	30.753799390537626
126.44	32.98685471260237
126.45	27.594499821156873
126.46000000000001	44.70059907705862
126.47	24.439128125506457
126.48	24.416609486390325
126.49000000000001	46.67024591122082
126.5	44.83036752443882
126.51	38.35296343054242
126.52	53.53292464961193
126.53	49.186958812317556
126.54	42.578450454518375
126.55	35.60269824891597
126.56	45.924946919612594
126.57000000000001	39.98866720392317
126.58	45.758255644619176
126.59	37.43149588388062
126.60000000000001	33.96232936889051
126.61	26.674071280232678
126.62	48.46677467073587
126.63000000000001	42.97237229314947
126.64	30.205964960474503
126.65	58.09935805057974
126.66	68.01670706221822
126.67	66.31996222162898
126.68	67.1182734659227
126.69	53.465848979095064
126.7	46.12001360805942
126.71000000000001	32.00968408579795
126.72	40.06962506443017
126.73	36.38541966252483
126.74000000000001	38.255473636622966
126.75	40.7222218921319
126.76	34.25303039540427
126.77	32.347348421450135
126.78	25.727659348854637
126.79	36.834342957745704
126.8	37.8809931434223
126.81	46.790021498097325
126.82000000000001	44.928236339294806
126.83	42.12556463608549
126.84	48.74989698107033
126.85000000000001	51.06871665365424
126.86	49.2218909307596
126.87	42.81686702267673
126.88000000000001	37.64116058635486
126.89	51.11185259590888
126.9	53.257047694717706
126.91	43.419546445748786
126.92	50.76432053626641
126.93	51.364501094837536
126.94	40.31224370430955
126.95	26.283048445119363
126.96000000000001	35.91366165117153
126.97	45.16864378599902
126.98	43.64282717927041
126.99000000000001	47.46255896943332
127.0	41.2601261371172
127.01	22.663913369025916
127.02	34.12890803967486
127.03	40.21322780427868
127.04	27.483594526587382
127.05	26.139398335799378
127.06	40.62886233808166
127.07000000000001	49.770516806176325
127.08	44.00162924628628
127.09	66.40440238685112
127.10000000000001	65.01700257504349
127.11	65.06626659408013
127.12	60.939321787999255
127.13000000000001	47.748730659622304
127.14	45.13027215120051
127.15	52.20659103983018
127.16	53.98478064525928
127.17	54.765534811486276
127.18	46.71664209613353
127.19	49.85758838156454
127.2	51.57330987083312
127.21000000000001	48.604425280745026
127.22	44.616242681336495
127.23	43.79358445651502
127.24000000000001	44.12228839403539
127.25	41.69870970232227
127.26	47.67984368761056
127.27	58.525575331673195
127.28	58.29452368922242
127.29	50.770312665871025
127.3	58.5826818989833
127.31	48.99301624266371
127.32000000000001	46.23276810430568
127.33	45.752053433144546
127.34	40.97054229499722
127.35000000000001	35.21727242825913
127.36	27.481266539781405
127.37	19.50128783558878
127.38000000000001	19.408661801928922
127.39	5.225365016618468
127.4	7.744835237281537
127.41	12.06163481240377
127.42	32.125039050233326
127.43	22.775762277864622
127.44	48.430107051417686
127.45	59.05866375297924
127.46000000000001	43.26948560110698
127.47	56.69438228797528
127.48	53.507887272554335
127.49000000000001	49.75281224164907
127.5	45.574216324717
127.51	43.71662773002724
127.52	41.54710068042973
127.53	33.995746402206464
127.54	40.43373932449147
127.55	47.26430440489474
127.56	43.9046194401256
127.57000000000001	39.280683206863976
127.58	44.721713377509225
127.59	37.50258429708309
127.60000000000001	38.55090644034837
127.61	35.98967534714279
127.62	35.54054259545336
127.63000000000001	35.62905947813197
127.64	39.51431384166431
127.65	53.24901745707134
127.66	44.781982250319906
127.67	42.31647542232404
127.68	53.90463832285887
127.69	54.90834095098748
127.7	43.58802280310628
127.71000000000001	33.682371221970506
127.72	43.73529215969141
127.73	40.16064160510588
127.74000000000001	34.41643672553838
127.75	54.470875299551736
127.76	51.58348989338354
127.77	43.555844433554824
127.78	38.12850689398345
127.79	44.07307025227244
127.8	36.47137976499905
127.81	31.389228523731983
127.82000000000001	36.43505185375056
127.83	47.95444839979081
127.84	54.07457167458892
127.85000000000001	48.03811359002492
127.86	36.081831379798416
127.87	50.37010806248808
127.88000000000001	47.40147358921176
127.89	48.23059958321879
127.9	49.593625877629464
127.91	57.56851501318533
127.92	42.662632680048226
127.93	48.92777039742456
127.94	32.06292000643696
127.95	28.57633345307991
127.96000000000001	31.811563938221422
127.97	23.311110459942647
127.98	40.71270012529295
127.99000000000001	38.12680643093335
128.0	36.900838467271164
128.01	42.58479740750434
128.02	48.40148599158025
128.03	35.37971164819286
128.04	34.40235759978347
128.05	19.639482940858116
128.06	16.468177159286395
128.07	18.961359196054495
128.08	40.536704558743516
128.09	38.312219489439954
128.1	28.659444942165884
128.11	30.104893017491445
128.12	29.00730058779922
128.13	31.89379138005301
128.14000000000001	40.16554254837841
128.15	54.721544035624355
128.16	47.57587812509887
128.17000000000002	48.459237774069905
128.18	41.75869358462688
128.19	54.629636657025564
128.2	50.677508645562604
128.21	45.724402133772166
128.22	63.42989789566744
128.23	52.258103480690544
128.24	47.30800493543718
128.25	40.000962963035356
128.26	29.508989260619632
128.27	42.898008946486144
128.28	52.035541840821985
128.29	59.35131416833103
128.3	60.643870592834965
128.31	60.775662358930205
128.32	49.327192830764126
128.33	34.7881841645216
128.34	31.869894688158666
128.35	22.953880514180735
128.36	31.591811389648953
128.37	52.66866268106667
128.38	67.44311521392441
128.39000000000001	62.14405864184246
128.4	49.62704549726157
128.41	57.77203761914042
128.42000000000002	53.39165771519994
128.43	54.17243147346995
128.44	59.816729128816206
128.45	54.25154954877277
128.46	45.974236738295915
128.47	43.5817860394573
128.48	70.96960818080609
128.49	65.27943557783315
128.5	49.260336797514036
128.51	48.96165696053584
128.52	53.05591948931635
128.53	45.55107353670482
128.54	47.73337453970584
128.55	38.896176714774
128.56	29.20215521520827
128.57	21.3355243269121
128.58	21.20116083821162
128.59	13.858112355362506
128.6	22.570660471014442
128.61	25.147204556497496
128.62	38.992241649834845
128.63	40.66037870602281
128.64000000000001	41.272396549712646
128.65	45.2308468186821
128.66	45.928018348739954
128.67000000000002	48.423488384997306
128.68	39.59925813026899
128.69	36.408201900239376
128.7	58.04543306680694
128.71	52.148749774102
128.72	28.532584099366105
128.73	36.958799628500714
128.74	42.180993552191715
128.75	43.485054120290556
128.76	39.476846855491246
128.77	38.105037843102586
128.78	29.87668325185006
128.79	30.15854935798473
128.8	33.7494387481153
128.81	22.259226225966415
128.82	40.32945482781013
128.83	36.663748663512045
128.84	38.38862281213613
128.85	38.40896159089365
128.86	33.282132019641224
128.87	40.72373908790242
128.88	38.56376897573924
128.89000000000001	39.224604486098684
128.9	33.12452316670669
128.91	37.50247351281149
128.92000000000002	49.76053446769766
128.93	54.683772781901524
128.94	44.00049832614234
128.95	49.79945044169737
128.96	41.36257726374087
128.97	31.89929368213526
128.98	27.672608682465388
128.99	32.340643434500876
129.0	35.13613989732112
129.01	38.25991827819178
129.02	32.18126405295063
129.03	48.496076366383114
129.04	43.770969110025256
129.05	54.02088721267305
129.06	49.09667167347288
129.07	59.794338228252634
129.08	52.986727985570134
129.09	52.34283443573168
129.1	39.815943638416464
129.11	44.23801322676864
129.12	42.37175630462351
129.13	40.824475591231874
129.14000000000001	48.14230168813095
129.15	50.05861567969164
129.16	53.544565406741235
129.17000000000002	48.71559745242705
129.18	37.460265579833454
129.19	47.5599974815458
129.2	55.78019537437303
129.21	45.94485602911573
129.22	47.39245690583868
129.23	52.45329511522572
129.24	44.33141278727326
129.25	49.12740346867719
129.26	40.41094244867686
129.27	38.06918089380754
129.28	32.901345855862274
129.29	36.783947647239806
129.3	39.51140210613907
129.31	42.39887680797778
129.32	46.86586308741414
129.33	43.191818685409885
129.34	55.15396359741016
129.35	46.97972613735251
129.36	40.20707395083314
129.37	44.63611105923159
129.38	45.745042670802526
129.39000000000001	44.25047531532354
129.4	39.79234251007842
129.41	40.631257349575606
129.42000000000002	41.8221280763199
129.43	53.66936583051929
129.44	52.52531977103764
129.45	43.22728800381285
129.46	42.36844015655043
129.47	40.415599380883265
129.48	49.62217417087937
129.49	44.863567290285836
129.5	38.945913672851034
129.51	54.10878476285371
129.52	38.91391791668795
129.53	43.87039177557948
129.54	60.01156732855654
129.55	56.056997196164446
129.56	46.85770380710707
129.57	54.11377510257601
129.58	48.41077242719981
129.59	40.09262429903901
129.6	36.89847275908739
129.61	36.61217025273702
129.62	33.963825160086614
129.63	38.33654936057018
129.64000000000001	40.558209935218514
129.65	44.99258088965768
129.66	42.14362990691413
129.67000000000002	43.41893962245151
129.68	45.46202309608218
129.69	47.878004108616445
129.7	46.631173426944464
129.71	49.33791080854465
129.72	48.18975671365244
129.73	49.584054506897665
129.74	39.96045133904584
129.75	25.239759949033377
129.76	37.59494132487517
129.77	38.39948874074767
129.78	48.873914486628735
129.79	51.87428510441861
129.8	40.1731064921211
129.81	37.894217874583894
129.82	34.73685399951464
129.83	33.23438478867635
129.84	52.79275195126152
129.85	53.51189465918485
129.86	51.04773588630195
129.87	54.28896315224247
129.88	48.66925158347364
129.89000000000001	44.17952104011422
129.9	43.806955581938375
129.91	39.88908371060849
129.92000000000002	33.427905539165586
129.93	16.426515880115346
129.94	26.641314191629533
129.95	37.02118753551283
129.96	32.81287836040658
129.97	39.71156171920579
129.98	38.08638489657617
129.99	37.998952332666185
130.0	38.18379653261692
130.01	41.45463951391323
130.02	49.0142301857277
130.03	48.12713423966532
130.04	50.28205249299731
130.05	42.78657943779916
130.06	53.40038700260295
130.07	59.37006597337341
130.08	61.87175674718849
130.09	44.61159257659436
130.1	38.56790887791268
130.11	37.73042622327206
130.12	60.17705975572974
130.13	39.79028117337595
130.14000000000001	25.910652628223083
130.15	37.976747859900364
130.16	32.03429992085251
130.17000000000002	24.683564398358946
130.18	12.361235861081683
130.19	22.809394724332762
130.2	37.50367039492032
130.21	47.69857373510959
130.22	43.32716946176382
130.23	34.41502032982994
130.24	33.12079529503695
130.25	39.22827270125947
130.26	46.63400850938185
130.27	48.0168921803196
130.28	45.36597544825474
130.29	47.71126319233439
130.3	55.79231515470429
130.31	54.82875052595775
130.32	42.90644717290906
130.33	54.28437962428512
130.34	55.99476579534207
130.35	55.28889761811608
130.36	59.563339473531386
130.37	57.58866447253079
130.38	49.494695460373805
130.39000000000001	43.129317558886875
130.4	33.81876346453968
130.41	41.92986334373841
130.42000000000002	47.79554410847231
130.43	66.99153339940153
130.44	65.18908229224795
130.45	63.664029488430735
130.46	51.578631132111596
130.47	44.356615580819685
130.48	46.50511730589276
130.49	51.50664418943293
130.5	44.15022424442061
130.51	37.912025729087226
130.52	28.393857067179344
130.53	20.715721890748117
130.54	38.76077232101661
130.55	34.302848699834094
130.56	42.69415464745669
130.57	44.75745579235748
130.58	35.18115055847037
130.59	31.622388275387802
130.6	31.39990356328485
130.61	24.247191792986275
130.62	30.193997886709695
130.63	42.86525724771251
130.64000000000001	57.662131759057864
130.65	49.1150090120699
130.66	46.43513663900792
130.67000000000002	47.95200622617282
130.68	51.02977844872568
130.69	47.118390421506895
130.7	47.74980207914265
130.71	60.446517128381274
130.72	63.510038287583015
130.73	51.77007845052139
130.74	51.702332766075145
130.75	52.73306168510433
130.76	61.19627979590335
130.77	53.01879901316515
130.78	41.7479899102657
130.79	49.30994133222752
130.8	42.89580634072373
130.81	45.2696516288742
130.82	62.41894557480361
130.83	53.76569216398995
130.84	48.233546383177774
130.85	53.65977369869212
130.86	59.256473189041614
130.87	60.356664656170075
130.88	54.29861735672677
130.89000000000001	26.84593256930223
130.9	28.517007966590615
130.91	31.241288917750552
130.92000000000002	25.96555936883555
130.93	30.471358278253017
130.94	30.9018095285436
130.95	29.898767749968343
130.96	27.654211279826107
130.97	31.14391813456229
130.98	45.9275380065698
130.99	52.03472070372389
131.0	45.51744581797375
131.01	47.50921810639323
131.02	50.69546060942615
131.03	48.06911158835275
131.04	34.492153062530775
131.05	35.401708421582605
131.06	46.447648468302134
131.07	49.024306859237164
131.08	38.1425478645936
131.09	47.36065776468237
131.1	51.84002326559084
131.11	54.057583505795705
131.12	59.05660608521176
131.13	50.68602911712219
131.14000000000001	41.277177581967145
131.15	38.02320714776931
131.16	27.41472135398004
131.17000000000002	16.137423043479732
131.18	17.003012853072097
131.19	24.737057940439456
131.2	38.15567014922059
131.21	28.300308706270076
131.22	20.62437732564556
131.23	39.52425493924852
131.24	43.09708207298
131.25	50.616405870252784
131.26	51.01229780673054
131.27	48.30303754863596
131.28	33.91757949488425
131.29	13.282659576600766
131.3	25.43312730671658
131.31	29.84336685067596
131.32	37.6332468698937
131.33	47.19726656546333
131.34	51.45154061471715
131.35	34.760537551426566
131.36	34.06810355228595
131.37	46.54629541606515
131.38	37.30650873511841
131.39000000000001	46.94950271450524
131.4	46.36319206611706
131.41	33.65605653401521
131.42000000000002	33.26758182212382
131.43	31.94854753084656
131.44	35.72826200524208
131.45	57.43122507568625
131.46	44.61812812209991
131.47	49.55877663791038
131.48	50.72256333136194
131.49	46.93653105561805
131.5	45.02580832376575
131.51	39.753270782046314
131.52	34.005544221063744
131.53	40.042852432824716
131.54	40.79537400585189
131.55	22.299828930636476
131.56	26.53814297510752
131.57	35.43384289800132
131.58	34.3195483043334
131.59	52.00669091713129
131.6	48.87269545007715
131.61	43.33716064755829
131.62	56.31236558134771
131.63	55.76526507475882
131.64000000000001	49.53192843305427
131.65	67.50563239091096
131.66	60.87285147275745
131.67000000000002	57.77428361858007
131.68	62.71155226288513
131.69	52.187458057606555
131.7	55.013483544984695
131.71	52.066196819444244
131.72	49.59747501468471
131.73	61.57968107314607
131.74	61.86119891223553
131.75	61.02987838781334
131.76	49.276477328037736
131.77	44.61976080663918
131.78	44.58048842628472
131.79	44.63463588505373
131.8	41.743326471997875
131.81	42.61419005244093
131.82	37.90701162941994
131.83	45.476400514434395
131.84	45.44151079688739
131.85	52.91470815037577
131.86	73.41710559098001
131.87	65.88472878001052
131.88	52.13249272466798
131.89000000000001	49.66005342434143
131.9	44.984311243241
131.91	37.79388695608798
131.92000000000002	34.05116064177625
131.93	25.575045662181505
131.94	31.02900575843594
131.95	34.33658846066463
131.96	35.76410304593459
131.97	16.454362984144105
131.98	34.472987751890464
131.99	27.31490137898092
132.0	35.45221535750515
132.01	33.002094784523834
132.02	15.841656728258462
132.03	25.44087731678556
132.04	15.472327951544607
132.05	22.220325198896237
132.06	29.395017908361556
132.07	30.4238995914334
132.08	35.58047415975975
132.09	45.05069832931002
132.1	35.27652528286414
132.11	40.272735326777976
132.12	55.1241728311663
132.13	45.586708319640024
132.14000000000001	40.8731012477006
132.15	40.615202755562784
132.16	48.73464227386298
132.17000000000002	43.61940957738128
132.18	43.064227293883164
132.19	39.59197789035581
132.2	33.11609664499481
132.21	35.91182377261052
132.22	39.20901633037711
132.23	48.92561419034728
132.24	43.61565672870846
132.25	35.107321365119354
132.26	52.71409099679155
132.27	54.7541197269988
132.28	51.8904176648293
132.29	37.01182916486448
132.3	61.58648446703744
132.31	44.92957320619763
132.32	56.29994947109535
132.33	59.72346309183517
132.34	49.51232934700956
132.35	47.70178524037116
132.36	50.31287813409428
132.37	37.918989092973
132.38	40.94513478322272
132.39000000000001	30.99019965858222
132.4	41.508572614037746
132.41	30.180675782761263
132.42000000000002	39.14365131890967
132.43	44.143170383133494
132.44	35.820033098958426
132.45	35.35051888032173
132.46	26.056414907532105
132.47	32.72851004676313
132.48	23.63279450536561
132.49	48.61884859068837
132.5	54.14695020748766
132.51	67.74359040706453
132.52	56.28701676874059
132.53	53.68358667859991
132.54	52.76394673044347
132.55	47.272669360574724
132.56	57.21487450135263
132.57	58.77794953688456
132.58	51.62869880970001
132.59	39.559323705711584
132.6	33.539042639224014
132.61	53.02727680725106
132.62	59.60978564676105
132.63	56.42491878917705
132.64000000000001	61.245048041919304
132.65	42.72915013825249
132.66	39.70886003537717
132.67000000000002	34.40988420181081
132.68	34.71147594081366
132.69	27.48923404239012
132.7	30.788267479458202
132.71	39.17490505132395
132.72	56.25903535344355
132.73	49.89612406132305
132.74	52.65577339566216
132.75	42.0012728248625
132.76	40.27656703130519
132.77	36.24614107110625
132.78	38.26447900185026
132.79	41.49970922120027
132.8	50.26939103485541
132.81	39.512106932095975
132.82	48.05160796219667
132.83	44.09020026017729
132.84	53.55168127690302
132.85	57.46502760236167
132.86	50.341193019833696
132.87	48.204244221959804
132.88	43.92447802517103
132.89000000000001	38.38050190015795
132.9	44.787078809524736
132.91	40.842137749522706
132.92000000000002	38.66691505453844
132.93	48.51892103869023
132.94	45.59865385457467
132.95	50.22101773184534
132.96	42.35462545187528
132.97	48.001659304961564
132.98	36.43889842660401
132.99	37.633838352181606
133.0	42.67096967821804
133.01	56.46403625426765
133.02	69.35868593366477
133.03	58.668674590988964
133.04	46.569186906843996
133.05	41.04888546206991
133.06	36.00437394787499
133.07	38.783821897779
133.08	36.1772755803841
133.09	18.843828219975773
133.1	21.71410535983296
133.11	33.01680670621374
133.12	34.543531590730296
133.13	28.998389998400206
133.14000000000001	42.35314026477406
133.15	37.099934064404025
133.16	40.58425416198277
133.17000000000002	40.554716789378
133.18	49.72078514801354
133.19	40.44431814357724
133.2	38.76434940181835
133.21	39.27344139393061
133.22	51.45362398044483
133.23	42.603855341555914
133.24	38.989342256980514
133.25	41.585906278805865
133.26	42.771289163528486
133.27	36.37293530579593
133.28	30.177181708473277
133.29	30.742917711795165
133.3	38.42401049456073
133.31	35.93155796935494
133.32	28.3598202422952
133.33	26.20853887182416
133.34	31.79221693155356
133.35	26.100662233950576
133.36	15.966043821676944
133.37	38.41368180308807
133.38	37.2985250418924
133.39000000000001	32.79518128698103
133.4	36.7478458107531
133.41	24.011797341691235
133.42000000000002	38.469991806902875
133.43	42.94862196950269
133.44	34.4469029750178
133.45	27.21746071495703
133.46	24.867027049378542
133.47	33.089484740254115
133.48	26.783806411499054
133.49	35.20034929288873
133.5	34.33764511428272
133.51	43.0597077109003
133.52	39.31468607596673
133.53	50.49565607403298
133.54	51.93047651154905
133.55	60.24934896005131
133.56	53.30821189733793
133.57	40.459418562951505
133.58	29.42635828516615
133.59	42.71177080757843
133.6	39.82217970588513
133.61	33.463788387712626
133.62	40.301062803626216
133.63	36.47608116946766
133.64000000000001	35.5572651784775
133.65	38.78857938546232
133.66	45.68572757574297
133.67000000000002	38.37155804903254
133.68	39.26235290365285
133.69	67.04608580012638
133.7	49.03492519703294
133.71	45.69283182226009
133.72	43.21947573798569
133.73	33.799574539851406
133.74	46.675335077722345
133.75	42.32468886255828
133.76	33.15025394663877
133.77	24.657983915263262
133.78	39.333660182462474
133.79	37.57269084262797
133.8	28.845171719414488
133.81	42.42737935062362
133.82	51.78428546359792
133.83	47.52085996106293
133.84	57.59336853442175
133.85	44.37913953559507
133.86	52.925045296749694
133.87	48.00695112831407
133.88	51.01298026159718
133.89000000000001	44.62701322699517
133.9	52.266722336984124
133.91	45.04903817050917
133.92000000000002	38.80426853959646
133.93	51.079933472951026
133.94	54.93504798519335
133.95	56.180914829234275
133.96	42.84446915692563
133.97	47.69651773259121
133.98	45.607051589973445
133.99	41.05034095004611
134.0	47.096409631009024
134.01	47.368075212678
134.02	56.3511917891823
134.03	44.23414557659322
134.04	41.42988804131432
134.05	36.148891308449734
134.06	34.60653324522738
134.07	40.330956311206705
134.08	34.032325330467046
134.09	38.45102896718182
134.1	35.96484910534814
134.11	38.400408553009086
134.12	49.99778474081849
134.13	51.42519553303419
134.14000000000001	35.926262106680035
134.15	38.710248230399415
134.16	45.22546588281599
134.17000000000002	42.51306222310382
134.18	46.954345092173625
134.19	45.033910144534644
134.2	35.347489269409664
134.21	31.767152788736663
134.22	33.01787759825786
134.23	31.841684201458133
134.24	25.1098996711242
134.25	20.392448628451756
134.26	32.77768206591875
134.27	28.40977476482243
134.28	33.61066893589284
134.29	51.55426491784367
134.3	39.103383181006436
134.31	53.017683484642745
134.32	50.020293250409445
134.33	51.70518805858058
134.34	52.88505571369443
134.35	51.56922402895187
134.36	49.090580356467186
134.37	45.01539125792736
134.38	49.19247609375397
134.39000000000001	40.37949791374308
134.4	26.376161131635044
134.41	31.522852673926366
134.42000000000002	37.546092472860174
134.43	30.223174983949303
134.44	37.779098466482736
134.45	42.719897051752056
134.46	51.20056122922171
134.47	49.338014348376426
134.48	50.560979335304204
134.49	48.541022698781546
134.5	31.696563422865594
134.51	43.78756875144532
134.52	40.47309653037792
134.53	44.869571120435495
134.54	39.393861288165205
134.55	26.738565517163746
134.56	14.86830006893558
134.57	8.525705461347044
134.58	20.63936884929864
134.59	22.78360777725902
134.6	21.948621431536107
134.61	36.60478478809488
134.62	38.82079899436334
134.63	51.882594993260604
134.64000000000001	47.97138469101806
134.65	40.95799722237806
134.66	29.451565794876426
134.67000000000002	25.267218315564975
134.68	25.591650919719363
134.69	41.203294323906555
134.7	41.65285751968588
134.71	46.665426161046405
134.72	44.595688764565246
134.73	46.02448625931726
134.74	35.899519325235325
134.75	49.14133076037052
134.76	40.563722980358776
134.77	40.2797445819918
134.78	48.42137472813251
134.79	61.607831882134136
134.8	58.29767601909738
134.81	61.26150172983217
134.82	59.44526175693324
134.83	50.09960086072542
134.84	49.59438882721449
134.85	43.10772044925976
134.86	50.12494014230973
134.87	59.54503787078367
134.88	66.38713112078241
134.89000000000001	55.99629705873433
134.9	54.308093808001125
134.91	50.93211933514994
134.92000000000002	41.487613554333095
134.93	37.517501446978336
134.94	25.43378991513414
134.95	26.54752572010095
134.96	25.070955426846318
134.97	27.611921300497475
134.98	39.486095894492784
134.99	29.646051788137502
135.0	31.552226564150164
135.01	31.17855383524918
135.02	56.53194477238342
135.03	49.802644098984075
135.04	54.64937721673266
135.05	57.30355184010806
135.06	65.68418967047742
135.07	64.81325642984596
135.08	48.99902722919244
135.09	38.01628445849589
135.1	31.008895090630038
135.11	26.29745181953982
135.12	30.76899180812813
135.13	46.926791734751426
135.14000000000001	52.97544231416333
135.15	51.48771626013679
135.16	51.219584272988804
135.17000000000002	50.12447702410171
135.18	53.40686503841325
135.19	59.97032894182314
135.2	44.78787585507772
135.21	51.6516456223798
135.22	49.110994081941655
135.23	46.465451776278485
135.24	44.96732584375239
135.25	43.957942115527544
135.26	40.081236269000065
135.27	41.9514437359209
135.28	35.476800677474536
135.29	50.99138747243609
135.3	51.254838459584214
135.31	46.61592197358639
135.32	51.61428107594516
135.33	49.49805878019849
135.34	40.91042479447256
135.35	35.191552787086906
135.36	32.66197509945721
135.37	57.676586171287475
135.38	66.71099985848998
135.39000000000001	47.7776790378855
135.4	43.80117523238798
135.41	57.78658370944119
135.42000000000002	44.02640951202909
135.43	48.5923446944601
135.44	51.200533155817105
135.45	42.64815534027675
135.46	56.23140246180574
135.47	56.97397929767702
135.48	60.896537010249325
135.49	68.97562894853645
135.5	66.50817269183406
135.51	64.72193193365395
135.52	54.18870834376339
135.53	49.415554681505206
135.54	61.60912709061658
135.55	57.81683677579676
135.56	55.79239217883205
135.57	49.060368844489666
135.58	36.04094430873386
135.59	31.4141935555221
135.6	22.090141516041722
135.61	17.78841707055096
135.62	34.546895867138936
135.63	31.352065745257384
135.64000000000001	29.136193537607866
135.65	38.734072027573454
135.66	51.443030079124554
135.67000000000002	53.06903954805705
135.68	55.87047033593528
135.69	48.59490523330191
135.7	35.812700199883835
135.71	47.97011676625774
135.72	43.19382177991409
135.73	47.08101149961573
135.74	30.094448314128265
135.75	18.064623028699803
135.76	21.110912587942387
135.77	28.35237221386686
135.78	40.717258921071256
135.79	60.48715545215012
135.8	54.99868599556556
135.81	45.35687724074328
135.82	42.540136711193234
135.83	38.97556411890445
135.84	54.68229183054017
135.85	57.99631905603376
135.86	55.68529454581567
135.87	51.080574618214904
135.88	42.3687889047751
135.89000000000001	32.36500385760767
135.9	44.83583764715651
135.91	22.871926889376862
135.92000000000002	18.510105485546973
135.93	17.448461701184296
135.94	27.506183370176696
135.95	33.178683153997696
135.96	30.35521491974898
135.97	45.90427784674073
135.98	57.15588689946126
135.99	49.29504096669544
136.0	55.33632085149183
136.01	50.761220907454145
136.02	55.613058100947796
136.03	56.492844191084764
136.04	60.92813968893905
136.05	62.716178261073345
136.06	45.01865974856315
136.07	40.1457364004444
136.08	48.58498245056956
136.09	38.08306615521254
136.1	21.881411463618537
136.11	53.31761089832571
136.12	41.98016863483938
136.13	42.22565045289899
136.14000000000001	42.04403820557862
136.15	42.33203693974249
136.16	33.793417223144054
136.17000000000002	40.56637053417388
136.18	37.278880404210845
136.19	48.72099930140762
136.2	49.1159130559848
136.21	48.14519869543486
136.22	41.95094649978831
136.23	34.11189461829982
136.24	24.781737134720274
136.25	38.794187275968206
136.26	35.66398877985312
136.27	35.01026228246957
136.28	20.994031104670622
136.29	17.091094142441772
136.3	19.79163266263426
136.31	17.02777899968781
136.32	12.828920564521443
136.33	15.004294011335357
136.34	14.060397132611131
136.35	12.41305338625783
136.36	20.707573800990147
136.37	26.412239105849867
136.38	38.13447016506939
136.39000000000001	46.77860297703313
136.4	38.965837583523864
136.41	44.30427963433871
136.42000000000002	46.121803185836725
136.43	42.69233679887143
136.44	56.003241965609135
136.45	54.42092405706067
136.46	44.9518448465369
136.47	53.298434400342046
136.48	54.25279793132875
136.49	42.789309350004785
136.5	48.2012897684534
136.51	46.29276943647877
136.52	58.19425742438035
136.53	52.179568464342466
136.54	53.54651295343468
136.55	36.83657739282338
136.56	33.488431986898746
136.57	30.833069625343022
136.58	32.1019986109195
136.59	21.84088352651132
136.6	7.577994878634704
136.61	8.000706500311882
136.62	41.391319787987065
136.63	47.66872566732503
136.64000000000001	50.793896989188994
136.65	43.49163766391588
136.66	41.633405066198186
136.67000000000002	48.486474372505725
136.68	47.97658216772528
136.69	46.502598081551035
136.70000000000002	35.07243113631803
136.71	48.18285832203209
136.72	52.65822053451316
136.73	36.800338710629816
136.74	27.161440370884943
136.75	27.74165286525367
136.76	25.080490524931985
136.77	26.713010236021002
136.78	22.090196996299717
136.79	28.70515760050168
136.8	25.789780346402917
136.81	29.05661677542129
136.82	38.94124771274952
136.83	36.19450005869563
136.84	49.41660038295406
136.85	43.391018797794665
136.86	29.62483632804394
136.87	38.78758661103272
136.88	50.48970348079214
136.89000000000001	44.228315530627306
136.9	40.8192043876348
136.91	49.993513817298016
136.92000000000002	49.381044336824104
136.93	45.2600235350234
136.94	52.48623332028557
136.95000000000002	50.01163163523776
136.96	39.54175235243401
136.97	52.024383133431
136.98	54.539007792874735
136.99	39.07880861032753
137.0	33.379387343274736
137.01	41.13571776352515
137.02	39.95392519515233
137.03	41.627802610105505
137.04	36.8228113269433
137.05	58.83623551138892
137.06	76.27378836530448
137.07	56.439025689156615
137.08	62.29172365864326
137.09	57.11824095688744
137.1	61.92400821082349
137.11	45.06764710667802
137.12	43.44388038083975
137.13	46.654420242347186
137.14000000000001	53.35078381057301
137.15	39.596742432137404
137.16	43.37979532469009
137.17000000000002	55.2944040431401
137.18	46.66218237519501
137.19	48.46566632837901
137.20000000000002	54.90031691935696
137.21	45.15426378448094
137.22	40.47111921683654
137.23	46.64999588228636
137.24	56.85768926405165
137.25	58.88140812357384
137.26	57.899038703064875
137.27	51.725989116137285
137.28	45.748850765063466
137.29	62.61560890717342
137.3	55.700968431105935
137.31	50.35548233836692
137.32	40.530333259019145
137.33	55.90012681661822
137.34	62.824767143102484
137.35	41.04399405274151
137.36	46.86391411192421
137.37	38.70990073131944
137.38	42.677370553485744
137.39000000000001	36.68528200106054
137.4	57.447862938927194
137.41	67.40877970770075
137.42000000000002	61.298166725448425
137.43	54.52481317763891
137.44	53.989368604773624
137.45000000000002	41.60516355129508
137.46	52.15565439793379
137.47	53.950112973718646
137.48	51.31698078502125
137.49	43.58520983528572
137.5	48.92923021557214
137.51	42.38088209125953
137.52	27.814819394002754
137.53	49.86212096954855
137.54	39.34885111059398
137.55	33.67703221688101
137.56	41.32915848482631
137.57	39.89520392078405
137.58	35.676984806416584
137.59	38.88139463611532
137.6	39.10842029409746
137.61	40.23562299508439
137.62	43.013898944904334
137.63	32.008196966006636
137.64000000000001	41.0842501598153
137.65	44.30889315656717
137.66	32.2518690377938
137.67000000000002	21.511577930793525
137.68	31.147695809350164
137.69	35.80270813254952
137.70000000000002	36.92283764480881
137.71	32.58602036243602
137.72	42.26999323962577
137.73	42.68291724605391
137.74	38.205858680022764
137.75	36.026236109964856
137.76	47.02009479880474
137.77	44.00990445444841
137.78	50.4457427393538
137.79	33.83883184787758
137.8	38.61987489064488
137.81	36.814927864030665
137.82	16.354655179240627
137.83	28.80108461122017
137.84	33.4325541158397
137.85	24.996899267870923
137.86	18.43660927837343
137.87	29.625683038870566
137.88	21.116357423045585
137.89000000000001	36.16007791980334
137.9	32.865190636781506
137.91	35.880848655924666
137.92000000000002	44.48836289022758
137.93	38.583484315304055
137.94	39.35391484857408
137.95000000000002	46.061120335711536
137.96	49.398680874913225
137.97	51.732418363835286
137.98	59.06792388395217
137.99	50.80977303044673
138.0	49.8036394368302
138.01	51.15279130135288
138.02	47.67864348957771
138.03	46.77224910614043
138.04	44.662582010682726
138.05	38.20701022265908
138.06	31.836572312418735
138.07	24.635503180588884
138.08	42.47081725833649
138.09	39.82333009129014
138.1	47.50674163455617
138.11	43.9867963753384
138.12	52.40171550234999
138.13	57.339015910503065
138.14000000000001	44.69462742017854
138.15	49.19260034769493
138.16	36.74225661036845
138.17000000000002	44.95909342340467
138.18	49.71853571034844
138.19	45.31020308711143
138.20000000000002	42.54396494414787
138.21	44.1346095625366
138.22	52.25578896327832
138.23	50.11103387554765
138.24	56.176245865244205
138.25	47.247058524095614
138.26	50.88467112772747
138.27	46.22380960263034
138.28	41.934617742735185
138.29	42.77006823440545
138.3	46.24755084524934
138.31	41.03923860352978
138.32	50.00871203703971
138.33	53.2487202095491
138.34	46.88791806526106
138.35	41.206725003569275
138.36	39.08739100364656
138.37	44.65309014536926
138.38	45.26983264504694
138.39000000000001	41.82034690369285
138.4	36.18533747125367
138.41	27.041976866383944
138.42000000000002	20.952461654764218
138.43	35.73340805927834
138.44	30.30682049015987
138.45000000000002	23.25815599845718
138.46	39.76822119963881
138.47	33.481790397690695
138.48	25.48454154715718
138.49	30.99099634540694
138.5	28.88926285659833
138.51	41.92853433356752
138.52	45.934607646557645
138.53	46.86800259774727
138.54	54.70819811830594
138.55	61.20211435349071
138.56	56.49225130467428
138.57	60.51999693169314
138.58	58.18451057258015
138.59	66.12773665107542
138.6	63.43452095955462
138.61	59.48882936808069
138.62	51.67830353966735
138.63	55.83315842909053
138.64000000000001	67.84063322974824
138.65	61.823729905776126
138.66	67.71033880234188
138.67000000000002	56.081600506198626
138.68	64.14297171871648
138.69	59.62028898227973
138.70000000000002	59.97545185383446
138.71	43.806407201597146
138.72	50.170066551847334
138.73	43.82623208098025
138.74	46.24538760615767
138.75	43.45016150970658
138.76	35.557512377437305
138.77	41.86712195326666
138.78	44.281349878059686
138.79	46.63834525680912
138.8	43.45825013713868
138.81	46.762078460969676
138.82	46.192241586706906
138.83	42.6867227827915
138.84	41.371940093570906
138.85	58.10700187946338
138.86	59.492474780319036
138.87	52.210989540068745
138.88	45.67392457277656
138.89000000000001	31.58051314753629
138.9	37.132853427440565
138.91	29.96800867617865
138.92000000000002	30.549963928565937
138.93	33.95973314093338
138.94	23.874973269952605
138.95000000000002	42.75094181546269
138.96	37.33810886999649
138.97	36.944718479107635
138.98	24.829023263701416
138.99	25.053664258842502
139.0	26.117083701893634
139.01	38.63997991186335
139.02	32.11966724182154
139.03	25.77155234179334
139.04	34.6764018122096
139.05	27.79266375103025
139.06	36.04598979933069
139.07	53.75411655978214
139.08	60.4390997811185
139.09	58.71291170296997
139.1	53.343113909336815
139.11	42.58404490630782
139.12	33.84737151238587
139.13	36.881957127792376
139.14000000000001	45.49822547220731
139.15	37.99782766969218
139.16	44.946274742766406
139.17000000000002	47.01428142908528
139.18	37.7307562953184
139.19	50.183175620447784
139.20000000000002	50.655708669795914
139.21	53.76938324534388
139.22	40.525348506222024
139.23	40.615031742478116
139.24	34.89058542949331
139.25	25.321716351865415
139.26	41.644065685427044
139.27	40.127875848664374
139.28	52.91204409237082
139.29	53.20373088504236
139.3	42.92901680180075
139.31	46.80219793681564
139.32	45.962565167527224
139.33	48.24957305130877
139.34	55.08405180441656
139.35	59.12030864657663
139.36	55.27968524861056
139.37	47.78602700702558
139.38	47.40079507245258
139.39000000000001	39.647647434266496
139.4	39.857061020763226
139.41	31.62630920896635
139.42000000000002	31.58676814466837
139.43	41.1048032816314
139.44	53.489059950091665
139.45000000000002	52.79534408371975
139.46	55.983653786005824
139.47	53.1634971438982
139.48	46.02043455855404
139.49	42.66441040204165
139.5	33.80726882573894
139.51	40.91512476646111
139.52	55.29166254647039
139.53	49.0187217585872
139.54	45.170136091151676
139.55	41.8279920996862
139.56	27.76606738955942
139.57	9.851062501705401
139.58	22.883599974271995
139.59	29.0348226829365
139.6	30.223474796725007
139.61	27.802120421703417
139.62	48.20024064004501
139.63	43.26513479594991
139.64000000000001	44.91902258164785
139.65	48.858178368050275
139.66	42.22116646001283
139.67000000000002	40.52336085077876
139.68	54.441517574944136
139.69	51.795030529508686
139.70000000000002	58.40570614966236
139.71	54.752939451812715
139.72	50.716117992245
139.73	54.15041158181027
139.74	52.29926428922143
139.75	57.395646140494286
139.76	62.10396992139255
139.77	49.10860252194133
139.78	36.13936841863411
139.79	22.933129173059154
139.8	19.47016659639524
139.81	23.658362541498644
139.82	23.858086074139162
139.83	19.89659849844148
139.84	19.10351694916332
139.85	17.676585027069713
139.86	22.92012182887985
139.87	30.799029830408436
139.88	48.83215965032292
139.89000000000001	39.86253012764798
139.9	32.72892364827894
139.91	39.71689565535059
139.92000000000002	36.93065024194398
139.93	44.26420340421065
139.94	46.918377765151426
139.95000000000002	44.252151192504726
139.96	44.56316478713668
139.97	40.2575389054525
139.98	42.07683024036113
139.99	29.378547551918764
140.0	25.42785044088258
140.01	43.857471870997045
140.02	50.60504696854532
140.03	34.66277181515408
140.04	35.54013456390738
140.05	42.244108179852596
140.06	62.77809517039132
140.07	58.38717687259312
140.08	50.46563060918891
140.09	52.42921532284173
140.1	38.75950682921919
140.11	16.620612842422876
140.12	51.414442985617
140.13	40.766003463759375
140.14000000000001	52.14945163168859
140.15	51.393367039908746
140.16	53.47655354439551
140.17000000000002	54.2432596596721
140.18	47.18266697708132
140.19	49.27584442508613
140.20000000000002	40.261370144340674
140.21	35.38534487278701
140.22	29.67548090061936
140.23	28.330314664294416
140.24	26.02308796086178
140.25	27.035335111445686
140.26	36.30050611036527
140.27	38.09430983926802
140.28	50.4014617155845
140.29	38.47780740705964
140.3	33.78730809426697
140.31	24.572624622115544
140.32	37.848175363689286
140.33	35.69652599938986
140.34	22.193208886771544
140.35	15.483122064041465
140.36	16.5474354657321
140.37	9.622762876550862
140.38	4.4661968792712905
140.39000000000001	1.8823748372707134
140.4	-3.6223331730299573
140.41	-13.437544171486527
140.42000000000002	-22.012823723874092
140.43	-24.520810314653954
140.44	-36.63591685389627
140.45000000000002	-29.554944454226085
140.46	-27.90541871864829
140.47	-33.7319780195702
140.48	-42.86467348636867
140.49	-37.70408605532541
140.5	-41.161245220494465
140.51	-49.51085830930768
140.52	-44.61508055634128
140.53	-37.47275667372559
140.54	-28.028165468802275
140.55	-37.29439407244145
140.56	-30.942773524382247
140.57	-36.69383570718522
140.58	-44.96799908566245
140.59	-55.1802481419624
140.6	-56.44707254714904
140.61	-50.635362148292984
140.62	-61.25255927926008
140.63	-52.56047522149982
140.64000000000001	-44.51785218815666
140.65	-47.83267686120317
140.66	-52.277237325045085
140.67000000000002	-47.93314871808698
140.68	-54.56642475492671
140.69	-39.80368093397707
140.70000000000002	-50.40588808431198
140.71	-46.6705584635008
140.72	-39.50482641601219
140.73	-42.79116818708781
140.74	-27.937885342029762
140.75	-28.959521132175624
140.76	-31.57630210817216
140.77	-25.788147759540216
140.78	-45.56517034627929
140.79	-43.664287811526975
140.8	-34.26030428252264
140.81	-37.45590016585248
140.82	-35.48779012574484
140.83	-34.00962276864895
140.84	-38.234900882543585
140.85	-49.72132015323661
140.86	-45.01114262436381
140.87	-52.51645020139793
140.88	-60.2843886237248
140.89000000000001	-53.69937231829445
140.9	-54.506256210321034
140.91	-51.0006439464247
140.92000000000002	-52.404073319488155
140.93	-49.18186707385392
140.94	-37.165935749511426
140.95000000000002	-41.57032481060456
140.96	-47.62336907201192
140.97	-49.712021244169094
140.98	-44.16369266788826
140.99	-45.29498135893956
141.0	-31.992162728197428
141.01	-35.346848192374146
141.02	-36.0249008766129
141.03	-36.66877650847502
141.04	-28.732476311559456
141.05	-15.732337755772797
141.06	-26.494232061548303
141.07	-16.834087264308447
141.08	-23.31803121651653
141.09	-36.94893919156827
141.1	-40.43620854317315
141.11	-28.187777306388142
141.12	-43.30462595161203
141.13	-63.27021798785758
141.14000000000001	-56.1094372604524
141.15	-44.90723042318698
141.16	-44.45982197252665
141.17000000000002	-65.92793546086679
141.18	-46.85013577641114
141.19	-40.7026696574664
141.20000000000002	-36.33923357965716
141.21	-46.40582576776958
141.22	-45.04847680014369
141.23	-34.107621404237605
141.24	-46.94072238784301
141.25	-44.2155385951193
141.26	-37.12986004732737
141.27	-36.983621548314005
141.28	-32.88028203047927
141.29	-36.624084941152844
141.3	-27.820390232258585
141.31	-15.887719144504544
141.32	-15.231127701967349
141.33	-43.08428113118334
141.34	-46.986478957408615
141.35	-35.54254041781692
141.36	-43.1257912314805
141.37	-45.70725564224287
141.38	-56.67678361556618
141.39000000000001	-57.42907139005961
141.4	-53.35896291470474
141.41	-48.253708965635475
141.42000000000002	-55.247070839648565
141.43	-48.08553537983136
141.44	-52.35895177579923
141.45000000000002	-51.82227275937245
141.46	-44.41758940858883
141.47	-46.39603620048644
141.48	-47.48217640708937
141.49	-54.04315477510337
141.5	-54.945035741392076
141.51	-61.92445064537814
141.52	-51.818851814326
141.53	-65.28941677306258
141.54	-55.06175303091037
141.55	-49.892833062385236
141.56	-56.67668092538552
141.57	-45.679718739625244
141.58	-55.2820065479667
141.59	-49.24685980504279
141.6	-40.84472400932114
141.61	-36.55469543759814
141.62	-29.592164079432955
141.63	-33.915400799131376
141.64000000000001	-29.868860488080173
141.65	-24.74007481085804
141.66	-32.23268963832579
141.67000000000002	-41.475234948697256
141.68	-49.67083337667001
141.69	-45.52249396214419
141.70000000000002	-53.23387459924124
141.71	-51.517327694890696
141.72	-51.60626237714509
141.73	-42.20250462228073
141.74	-32.84128579561763
141.75	-31.315834127460125
141.76	-61.97629194285612
141.77	-57.04502581783132
141.78	-49.02432405681309
141.79	-41.46004641605681
141.8	-34.554788455094034
141.81	-48.10427718670768
141.82	-48.11861529774043
141.83	-53.97391778468532
141.84	-59.00083485260675
141.85	-66.70054211917824
141.86	-53.09916865604586
141.87	-52.10760489441296
141.88	-42.20417223562779
141.89000000000001	-55.14097168627725
141.9	-59.366449944915196
141.91	-61.00833456015143
141.92000000000002	-62.389172509977605
141.93	-44.71861465827462
141.94	-48.69211225309826
141.95000000000002	-50.01969280644189
141.96	-41.42587773827879
141.97	-38.956573999506325
141.98	-26.67305109683969
141.99	-33.429246688969286
142.0	-32.75759540820447
142.01	-26.641231430408308
142.02	-42.49073000282544
142.03	-34.50202862689512
142.04	-36.15161784269884
142.05	-43.971840977478905
142.06	-33.65617153835192
142.07	-38.154304097384845
142.08	-45.45550686313072
142.09	-51.01815971331112
142.1	-41.994550128332854
142.11	-48.62712523854401
142.12	-50.8397315125329
142.13	-65.79632963837012
142.14000000000001	-56.36070924992349
142.15	-44.964800691944696
142.16	-43.04637474139054
142.17000000000002	-38.27056983616124
142.18	-39.66061745487793
142.19	-39.230663331294814
142.20000000000002	-33.50661677378052
142.21	-36.74603840348851
142.22	-30.74404999056343
142.23	-40.29092424239362
142.24	-39.27855977758031
142.25	-39.747013643433306
142.26	-46.86151784117965
142.27	-43.774741561701184
142.28	-42.737826565995576
142.29	-38.14711678144216
142.3	-46.59193123795508
142.31	-60.08681368317206
142.32	-53.75108342478652
142.33	-42.89797882813232
142.34	-56.32409568034531
142.35	-49.43983979237811
142.36	-44.95146140725774
142.37	-42.03486978941199
142.38	-54.49355509610078
142.39000000000001	-50.61017131229731
142.4	-41.31508143751985
142.41	-31.429496463234944
142.42000000000002	-43.26074542832794
142.43	-38.28467839590227
142.44	-34.442165207347024
142.45000000000002	-30.9214665386257
142.46	-33.867431934564166
142.47	-55.69670969018029
142.48	-45.26833260555764
142.49	-51.141692839834725
142.5	-55.32054067091803
142.51	-63.3729421955746
142.52	-54.633998904668076
142.53	-53.873422213988675
142.54	-63.26069005263523
142.55	-55.690651666353055
142.56	-45.045962961017224
142.57	-50.36681134796579
142.58	-54.875550153789
142.59	-44.97512635186099
142.6	-37.45872231958047
142.61	-39.74531478803664
142.62	-25.31684197897689
142.63	-48.181514650621615
142.64000000000001	-49.36798723687963
142.65	-66.73133083936976
142.66	-57.72537216106822
142.67000000000002	-47.99060017562789
142.68	-43.92273534312836
142.69	-34.14703302884686
142.70000000000002	-38.037036858404775
142.71	-48.308769133542945
142.72	-44.955547183039855
142.73	-29.63700915083049
142.74	-41.129442415299096
142.75	-55.851224591601486
142.76	-42.67487317130006
142.77	-55.97488353580281
142.78	-36.92595343526586
142.79	-36.778887182271035
142.8	-33.55120856751729
142.81	-28.53844346685133
142.82	-24.98991548073135
142.83	-53.91189016406117
142.84	-48.53295051193913
142.85	-43.76589287559183
142.86	-46.55528666860247
142.87	-53.74877217987179
142.88	-39.71918680422403
142.89000000000001	-38.79434191131033
142.9	-40.70784373265402
142.91	-29.513075106470218
142.92000000000002	-33.84467735637534
142.93	-47.44168437239697
142.94	-53.20918103678764
142.95000000000002	-58.142872418809745
142.96	-52.48420616230832
142.97	-42.20775084789347
142.98	-37.61374753830628
142.99	-32.03181875927891
143.0	-33.98103378283984
143.01	-34.997017027985244
143.02	-30.499320292253955
143.03	-41.49664845946199
143.04	-38.731015916818585
143.05	-38.607165970245156
143.06	-38.28274021404879
143.07	-49.39349134530405
143.08	-47.48230968942026
143.09	-46.9914260133797
143.1	-44.33358497294754
143.11	-47.59976275192572
143.12	-39.95345496638292
143.13	-28.52751873711838
143.14000000000001	-51.063652372578126
143.15	-43.100682782013266
143.16	-60.52372347485015
143.17000000000002	-51.836823757939605
143.18	-40.952143549693766
143.19	-65.63182156161368
143.20000000000002	-57.29856824956869
143.21	-44.588474041494294
143.22	-51.22275362916594
143.23	-50.03938965575507
143.24	-43.28635932526301
143.25	-40.25727539692218
143.26	-33.49042678822572
143.27	-27.910886167445856
143.28	-39.45251405963384
143.29	-38.17622976166358
143.3	-35.807768678012444
143.31	-42.30310619249423
143.32	-37.5529010804822
143.33	-39.28688592324701
143.34	-26.209345910947324
143.35	-21.686599282874628
143.36	-30.371711921734544
143.37	-32.443637470051094
143.38	-32.51989591260353
143.39000000000001	-41.910521434213386
143.4	-44.27042111138057
143.41	-30.660986409293393
143.42000000000002	-41.31188399960642
143.43	-39.13757691269751
143.44	-36.98344870872139
143.45000000000002	-42.99403958618217
143.46	-55.10648815266439
143.47	-47.76457226819516
143.48	-62.79434388204084
143.49	-43.55931625743318
143.5	-46.283139233251816
143.51	-53.42155296434356
143.52	-55.91655495578041
143.53	-49.07672814723375
143.54	-39.597534434849365
143.55	-39.024755792475226
143.56	-45.32535014686325
143.57	-51.13468614166471
143.58	-63.55251212205793
143.59	-52.72344701368794
143.6	-47.181389905087556
143.61	-42.481619906920116
143.62	-25.33472233885827
143.63	-26.468322119009112
143.64000000000001	-26.545163893334458
143.65	-41.82398417963372
143.66	-38.69863961989859
143.67000000000002	-36.35778541020152
143.68	-44.171998075547144
143.69	-46.797712331185956
143.70000000000002	-43.43517252066389
143.71	-43.879738960937466
143.72	-56.53190431975094
143.73	-52.89273001738393
143.74	-45.303223031593724
143.75	-35.90616909267335
143.76	-43.006882969731585
143.77	-33.22981965871665
143.78	-40.61353354511465
143.79	-36.40049249418161
143.8	-51.30831079789393
143.81	-44.51768485661074
143.82	-40.65920303803932
143.83	-45.10712564732707
143.84	-36.626340621380976
143.85	-36.41564468577421
143.86	-56.32923441996171
143.87	-42.479091282380175
143.88	-29.44683345046782
143.89000000000001	-31.08737026793488
143.9	-39.543871630393966
143.91	-34.53746929760079
143.92000000000002	-41.66095879631315
143.93	-39.0526867395767
143.94	-35.14482929939579
143.95000000000002	-33.83764879052981
143.96	-38.2550706258001
143.97	-43.28116341987336
143.98	-34.78016216005652
143.99	-33.42857879465528
144.0	-48.25624160490249
144.01	-44.88724009776272
144.02	-53.186152117515135
144.03	-59.50703346930056
144.04	-64.81753472485005
144.05	-59.67464367608517
144.06	-53.30449763829204
144.07	-68.21144698079213
144.08	-54.86011344884868
144.09	-58.78392514472407
144.1	-51.834647634989594
144.11	-51.50683563920419
144.12	-51.30862352805783
144.13	-43.05770815445093
144.14000000000001	-44.42618941359194
144.15	-53.34632999779594
144.16	-49.30645028810794
144.17000000000002	-47.73635012234302
144.18	-47.81000531689282
144.19	-62.5761687617919
144.20000000000002	-71.735342951001
144.21	-60.132813557505834
144.22	-56.333544569825996
144.23	-48.902392060482576
144.24	-50.14428074045404
144.25	-41.73731229852508
144.26	-37.01767204921842
144.27	-63.07021032671686
144.28	-57.302371112373514
144.29	-52.03618230099854
144.3	-54.58497730117864
144.31	-57.716367388405864
144.32	-54.752487927820496
144.33	-45.55480990689009
144.34	-40.62179502030486
144.35	-42.685988097278404
144.36	-41.2504260999673
144.37	-42.82866498243222
144.38	-40.34481864241067
144.39000000000001	-41.584704428019165
144.4	-54.54234105979967
144.41	-50.48481215196823
144.42000000000002	-64.76396174950483
144.43	-55.18847433032717
144.44	-49.66558573362488
144.45000000000002	-50.594731028145226
144.46	-32.86523384467114
144.47	-47.22803839312062
144.48	-64.10567543850489
144.49	-53.62395626060955
144.5	-51.60986356616454
144.51	-48.682485506589515
144.52	-34.07111950808887
144.53	-13.687495218573595
144.54	-12.15577648801064
144.55	-25.656998232819873
144.56	-33.023066807249094
144.57	-27.869471592813138
144.58	-36.61415764644311
144.59	-45.857251236343586
144.6	-43.58380814438829
144.61	-48.903533275008044
144.62	-41.12782351277551
144.63	-50.85410417579528
144.64000000000001	-51.446322124151
144.65	-46.47861071978409
144.66	-41.68444103950335
144.67000000000002	-46.1286671288821
144.68	-50.02135519768313
144.69	-43.45889104591416
144.70000000000002	-46.68876802880181
144.71	-50.62574352142456
144.72	-55.590173485486794
144.73	-48.373284301054554
144.74	-53.22681654901448
144.75	-51.96702091913903
144.76	-48.112251104174575
144.77	-46.35104866974721
144.78	-48.030947772664796
144.79	-50.768522323036386
144.8	-64.54097665518651
144.81	-52.00840964845749
144.82	-73.28543851935144
144.83	-69.23289238676551
144.84	-63.94593759921487
144.85	-51.14039901710933
144.86	-43.56989433878457
144.87	-48.05247431545753
144.88	-41.608244505940654
144.89000000000001	-24.1310643031483
144.9	-45.08876724053923
144.91	-48.61263470187722
144.92000000000002	-40.85455515237323
144.93	-30.852293587315586
144.94	-27.624380420377726
144.95000000000002	-33.1328689600769
144.96	-31.24276313404054
144.97	-30.49566158242243
144.98	-26.736131884021017
144.99	-41.269261792273475
145.0	-46.344147919166076
145.01	-37.50134430734494
145.02	-49.441208324930635
145.03	-44.503114631027366
145.04	-49.13626920753199
145.05	-42.0199704595608
145.06	-52.04251239649855
145.07	-49.9414517862349
145.08	-49.133602465885396
145.09	-40.300752089940254
145.1	-38.40657867979401
145.11	-39.1458429621642
145.12	-28.32317637321988
145.13	-54.49924747419007
145.14000000000001	-43.38352338714804
145.15	-35.69521650806492
145.16	-42.91381775541065
145.17000000000002	-46.95444231655392
145.18	-33.77283990864465
145.19	-28.94204474660263
145.20000000000002	-48.557308859109064
145.21	-33.60169206166593
145.22	-37.74063909853686
145.23	-33.081021988720266
145.24	-31.399597559077932
145.25	-28.091817226406057
145.26	-44.52920026660579
145.27	-41.80158214158972
145.28	-48.56794154694232
145.29	-45.10600984743611
145.3	-44.554934718289104
145.31	-45.25248865754235
145.32	-45.08736395814821
145.33	-47.865485475920586
145.34	-36.254009935633356
145.35	-29.164592153762193
145.36	-35.54959871989959
145.37	-40.82735983553921
145.38	-44.83812719155318
145.39000000000001	-34.080864945568116
145.4	-35.19985484652266
145.41	-50.41887670131321
145.42000000000002	-53.03758648664311
145.43	-47.93861699879555
145.44	-39.972677639092474
145.45000000000002	-42.19172865815945
145.46	-37.18214812418965
145.47	-45.28697356016229
145.48	-43.01097657958034
145.49	-51.5619761577391
145.5	-32.04821053442359
145.51	-37.87930666052799
145.52	-34.79274004906523
145.53	-39.67969727615101
145.54	-34.50859653152075
145.55	-24.220168807814876
145.56	-17.301789459966294
145.57	-7.3201795274063794
145.58	-38.389521833475946
145.59	-36.58923847775977
145.6	-33.93221453772372
145.61	-36.19056337727693
145.62	-33.643088558035025
145.63	-50.881275054083325
145.64000000000001	-43.113739226238096
145.65	-51.68768171825934
145.66	-42.85645016708006
145.67000000000002	-44.87034827816544
145.68	-45.04141389777054
145.69	-44.11102817703728
145.70000000000002	-40.847518823200964
145.71	-35.709352973322474
145.72	-39.16194785492819
145.73	-31.569573034657346
145.74	-34.050926719979856
145.75	-35.31555342095446
145.76	-36.48129577558913
145.77	-48.0409294692123
145.78	-46.34334275177742
145.79	-54.04759772028
145.8	-49.930300089146805
145.81	-51.80159888660346
145.82	-59.41774912097895
145.83	-56.22084114750393
145.84	-49.95442047701242
145.85	-47.96620946407927
145.86	-50.189756912163226
145.87	-47.33354250602293
145.88	-38.90643267237527
145.89000000000001	-46.78283318243974
145.9	-47.170012100621044
145.91	-29.302443285299237
145.92000000000002	-31.461349539210296
145.93	-42.836282060513945
145.94	-36.19132075451454
145.95000000000002	-50.396623429222494
145.96	-51.1861311171606
145.97	-53.577620871401436
145.98	-57.27035123092986
145.99	-53.445726388509826
146.0	-60.661967348027304
146.01	-54.20880220969253
146.02	-54.82408249112881
146.03	-58.72272090848888
146.04	-55.396496303097685
146.05	-50.889884076710004
146.06	-50.804628320476354
146.07	-40.041235983531166
146.08	-34.12450335134045
146.09	-26.919990528876003
146.1	-21.261503402262264
146.11	-23.110371749397462
146.12	-17.003532906895593
146.13	-21.47539666528481
146.14000000000001	-10.890283349672515
146.15	-13.540900573365276
146.16	-19.573527068735675
146.17000000000002	-51.86474754146232
146.18	-50.018642493743485
146.19	-48.316113725632185
146.20000000000002	-53.379437551943184
146.21	-42.263338139420924
146.22	-36.80769272985984
146.23	-44.20655783082984
146.24	-38.6640360943335
146.25	-32.599076357633436
146.26	-36.34108465222945
146.27	-27.647905761494588
146.28	-28.85856771932033
146.29	-38.98674863781557
146.3	-33.48692434779656
146.31	-49.032570341329205
146.32	-50.91918501633173
146.33	-48.655597500569556
146.34	-36.08003714671095
146.35	-33.5943259213581
146.36	-36.7175900745354
146.37	-34.375103016442175
146.38	-47.68169890589078
146.39000000000001	-37.36787284838856
146.4	-37.347664509978564
146.41	-45.48932246120487
146.42000000000002	-39.86417618383117
146.43	-43.42181369742071
146.44	-43.08514614968547
146.45000000000002	-39.05785792070011
146.46	-36.934892524918894
146.47	-38.8057635371719
146.48	-38.790755963621635
146.49	-26.29104562133526
146.5	-9.9777371362991
146.51	-14.025624650932738
146.52	-27.965637893150227
146.53	-37.770750165175954
146.54	-25.680704442306396
146.55	-25.71873955851512
146.56	-33.91578652078128
146.57	-46.99610457953599
146.58	-40.601709012434775
146.59	-34.64712476960712
146.6	-43.82195862930317
146.61	-35.270450560004065
146.62	-51.1818522318402
146.63	-43.87647942441579
146.64000000000001	-38.09018138563165
146.65	-60.368046242722734
146.66	-63.28747889470253
146.67000000000002	-58.973066989912574
146.68	-53.88689959320076
146.69	-48.80907818562862
146.70000000000002	-34.281691827215774
146.71	-22.849261980021662
146.72	-44.531649987301506
146.73	-43.464371543837366
146.74	-42.65715833039694
146.75	-51.343906247692125
146.76	-47.46297933643246
146.77	-44.15735407059062
146.78	-39.07763123370805
146.79	-28.763646251087042
146.8	-34.06945405800317
146.81	-40.181234107725984
146.82	-52.23615694999798
146.83	-52.26596246700021
146.84	-47.69694426843545
146.85	-51.55578601445175
146.86	-51.975112044900825
146.87	-54.09817084305545
146.88	-45.881205926674916
146.89000000000001	-44.29633070199895
146.9	-31.794826510061522
146.91	-41.42353943627959
146.92000000000002	-43.16277919084738
146.93	-39.19983636698541
146.94	-35.77683436043279
146.95000000000002	-46.8269149017348
146.96	-53.782334991635594
146.97	-36.59345581547946
146.98	-36.636240663401516
146.99	-19.587977488874223
147.0	-42.84680627967723
147.01	-43.80614133973866
147.02	-33.89107073798054
147.03	-12.750239119714749
147.04	-10.674904566882164
147.05	-21.806224705223144
147.06	-23.465635698418907
147.07	-19.469537636544054
147.08	-41.66872917104472
147.09	-46.913536414392304
147.1	-50.188059164399846
147.11	-39.66737129837252
147.12	-30.4006118983237
147.13	-36.10901625499162
147.14000000000001	-42.41314223969263
147.15	-27.562968231339518
147.16	-38.68634261633008
147.17000000000002	-34.20704120102633
147.18	-45.71694946960604
147.19	-51.36816348430491
147.20000000000002	-42.403930748383786
147.21	-45.74255891254776
147.22	-37.98014810951614
147.23	-35.822380642021095
147.24	-36.28064370750885
147.25	-38.37097789709906
147.26	-29.958578029081938
147.27	-35.90906760776681
147.28	-41.55239867841171
147.29	-32.65227385354538
147.3	-36.562886298564855
147.31	-44.44965942821602
147.32	-49.34850390251882
147.33	-38.980648588580635
147.34	-44.16684021298153
147.35	-44.43151219429376
147.36	-41.45666106962016
147.37	-38.23548694858288
147.38	-30.366736289045825
147.39000000000001	-37.83579254455556
147.4	-35.557370006796106
147.41	-42.72413132759458
147.42000000000002	-33.378908836349055
147.43	-69.603481401074
147.44	-58.34316189212087
147.45000000000002	-63.9031110096039
147.46	-60.49032084840174
147.47	-59.17122834493489
147.48	-55.75226708679624
147.49	-52.18347750227488
147.5	-48.3221913259929
147.51	-48.93280972460964
147.52	-53.58717077586517
147.53	-52.737808530518926
147.54	-52.64318180549479
147.55	-51.353879754303804
147.56	-43.48762778980048
147.57	-33.99736928319625
147.58	-27.22003414780564
147.59	-32.505115442794185
147.6	-31.29513638519867
147.61	-26.3685091741847
147.62	-27.529130264801704
147.63	-33.15545122166303
147.64000000000001	-40.84527049884999
147.65	-38.30573383488566
147.66	-36.802293549168986
147.67000000000002	-36.7553556466697
147.68	-38.42367031368617
147.69	-31.41338346159131
147.70000000000002	-39.7362343073941
147.71	-37.2555602044916
147.72	-30.745210276017264
147.73	-56.984441351147574
147.74	-48.41136494899128
147.75	-45.48510222178386
147.76	-40.303805797242546
147.77	-35.20820370929935
147.78	-38.65672380404061
147.79	-40.26678992341496
147.8	-41.59180003991574
147.81	-49.31786752468579
147.82	-59.97612636769976
147.83	-62.52014323758849
147.84	-57.979236715967915
147.85	-57.94014567160748
147.86	-38.74703073312355
147.87	-42.383332704059164
147.88	-36.29845988488714
147.89000000000001	-34.138717112943716
147.9	-37.96658584550955
147.91	-28.059130536565718
147.92000000000002	-39.93042398554604
147.93	-42.71155247170596
147.94	-40.853278032158244
147.95000000000002	-42.32481704336365
147.96	-53.942558139776025
147.97	-52.01905158401994
147.98	-48.477973218195565
147.99	-46.97782372796035
148.0	-53.77893104842605
148.01	-48.950147177585364
148.02	-48.754456438825386
148.03	-46.97378675945518
148.04	-46.54740859142635
148.05	-49.27945466544102
148.06	-51.28209717148663
148.07	-50.46730846227881
148.08	-49.62925854404312
148.09	-48.61225647697877
148.1	-51.967576730301815
148.11	-54.23017687637692
148.12	-51.91241952452432
148.13	-47.65525952550889
148.14000000000001	-54.11148669842556
148.15	-48.42285062005399
148.16	-54.8658770641285
148.17000000000002	-45.91706977008202
148.18	-50.23618257816542
148.19	-48.409717022650746
148.20000000000002	-48.820664998808994
148.21	-37.435306582073906
148.22	-36.428007601097946
148.23	-47.60075400299687
148.24	-37.96349534114197
148.25	-30.408243382274435
148.26	-28.333140770790276
148.27	-50.9813386908724
148.28	-47.74905305552013
148.29	-36.06486298160597
148.3	-45.08022166067812
148.31	-39.1116185792565
148.32	-46.033536708799076
148.33	-49.547008910662285
148.34	-56.88067823794044
148.35	-44.90374244473653
148.36	-40.553346465454595
148.37	-29.235598915066358
148.38	-21.97092891466989
148.39000000000001	-19.85754258764208
148.4	-45.85011260117659
148.41	-34.34928395598751
148.42000000000002	-46.287482697018454
148.43	-23.41920945439077
148.44	-37.26011660826088
148.45000000000002	-40.72226082481899
148.46	-44.86332909328563
148.47	-34.36029624856489
148.48	-49.174975594365
148.49	-46.19485263731262
148.5	-27.59679577067629
148.51	-29.62215927713768
148.52	-41.75138813053349
148.53	-51.47011371342589
148.54	-63.957297273939226
148.55	-56.607844143416315
148.56	-46.9727299693067
148.57	-42.37791802627243
148.58	-39.8325130524273
148.59	-56.0680336694255
148.6	-60.78574545568511
148.61	-49.63700028115513
148.62	-37.319011116467394
148.63	-41.924812890333435
148.64000000000001	-48.00836019350578
148.65	-32.26318444801954
148.66	-31.98655872846331
148.67000000000002	-35.87122212505094
148.68	-28.010538770377924
148.69	-35.94087543348683
148.70000000000002	-35.806727138596436
148.71	-41.372814762275375
148.72	-49.962794339323985
148.73	-44.98733821784915
148.74	-42.153041200502344
148.75	-42.109596035323015
148.76	-56.05559604448692
148.77	-54.61869209682519
148.78	-53.45574830599128
148.79	-49.28996838951289
148.8	-42.799200659238025
148.81	-50.192852883348685
148.82	-41.59566400094334
148.83	-35.572388007181935
148.84	-41.89738519083356
148.85	-35.64208462911926
148.86	-47.6792232985748
148.87	-54.846836527674505
148.88	-65.91778100825839
148.89000000000001	-50.14419685826037
148.9	-42.34951784479467
148.91	-29.59714126675893
148.92000000000002	-37.099560475442935
148.93	-32.52358833900084
148.94	-39.12879290709734
148.95000000000002	-53.057748089968484
148.96	-46.59800543744543
148.97	-50.76324369789717
148.98	-40.89349179411818
148.99	-40.5951707396563
149.0	-33.280169595301714
149.01	-39.22727081681159
149.02	-37.538721648385426
149.03	-38.775534648884104
149.04	-47.831310199085664
149.05	-42.426103272608394
149.06	-57.92037992190782
149.07	-53.59127278814255
149.08	-53.604597283011024
149.09	-42.84274598274054
149.1	-47.218655043130276
149.11	-50.086891938265985
149.12	-46.406563851048446
149.13	-68.44841021803579
149.14000000000001	-63.22657499465528
149.15	-68.70389199858178
149.16	-61.22316094622913
149.17000000000002	-68.72254073894099
149.18	-55.592991322406824
149.19	-55.544549594790446
149.20000000000002	-61.50802236987607
149.21	-55.618642317083875
149.22	-54.29392189690948
149.23	-42.03127746789828
149.24	-34.22234524224241
149.25	-32.99813706907932
149.26	-28.51863887319524
149.27	-25.34986212555526
149.28	-45.16343855086974
149.29	-39.557367072944935
149.3	-23.574849933878372
149.31	-19.618399343517456
149.32	-49.03391328693451
149.33	-45.906221411875215
149.34	-39.603803238644005
149.35	-38.03767710345951
149.36	-31.78467063502721
149.37	-26.186714523381298
149.38	-20.4816582474716
149.39000000000001	-34.71737721296258
149.4	-18.80806983406078
149.41	-24.397527595204036
149.42000000000002	-27.341317858553374
149.43	-18.364908686564547
149.44	-20.980048594685467
149.45000000000002	-24.408874055259872
149.46	-24.700376700618918
149.47	-33.66945650028688
149.48	-45.76986231949609
149.49	-47.67668188839755
149.5	-42.68892572808264
149.51	-43.930245991043094
149.52	-50.862888605296725
149.53	-60.20058983424988
149.54	-62.55111588196683
149.55	-56.594098977979804
149.56	-45.83843564866917
149.57	-36.39594827535217
149.58	-51.57798627927783
149.59	-46.226088000467065
149.6	-46.739694608959276
149.61	-40.35098470860163
149.62	-28.199678760996346
149.63	-20.56140825095313
149.64000000000001	-20.955485731966245
149.65	-29.253720894380695
149.66	-19.310922800786958
149.67000000000002	-42.78021505025083
149.68	-55.0502569718376
149.69	-51.45850799224075
149.70000000000002	-51.68932699046009
149.71	-61.42511700454798
149.72	-58.658622522274854
149.73	-55.63345292800487
149.74	-52.86514638534573
149.75	-38.44403650912285
149.76	-35.485637270271845
149.77	-32.48534104949699
149.78	-32.1620649698734
149.79	-51.96636316830324
149.8	-55.22917444381108
149.81	-51.79198202109876
149.82	-48.796621254919465
149.83	-54.75666757640856
149.84	-60.81763919224443
149.85	-50.268526742226385
149.86	-42.175288724216635
149.87	-41.358783869266134
149.88	-39.10704547205297
149.89000000000001	-40.311780329503314
149.9	-49.32746457912015
149.91	-50.03059869075045
149.92000000000002	-43.81908306889862
149.93	-44.86338368000748
149.94	-54.99800342180116
149.95000000000002	-49.40372170261465
149.96	-37.661965414293654
149.97	-24.925442903577004
149.98	-32.569544578671625
149.99	-32.869748016416985
150.0	-21.50788524385313
150.01	-20.383989652116814
150.02	-53.04137357285289
150.03	-53.98677758700279
150.04	-42.88825023046862
150.05	-39.70493794437836
150.06	-45.003030098971834
150.07	-36.86088855013084
150.08	-37.58010030350003
150.09	-33.36513630542233
150.1	-44.915729931409786
150.11	-42.98182590217717
150.12	-30.412686458237197
150.13	-20.028843830466393
150.14000000000001	-34.75474066458994
150.15	-47.92401074917162
150.16	-50.62909956113904
150.17000000000002	-37.82731715062528
150.18	-30.353979323831524
150.19	-41.49426795537463
150.20000000000002	-36.30670913483558
150.21	-25.95822825773088
150.22	-24.427101335063213
150.23	-33.514937130358156
150.24	-48.544268919507346
150.25	-59.32909874629524
150.26	-64.9689991015986
150.27	-67.17557426658381
150.28	-57.00718531777716
150.29	-55.29890116652063
150.3	-51.4369008243631
150.31	-46.67109241962094
150.32	-39.39134579700346
150.33	-34.62274074260638
150.34	-28.65143443320401
150.35	-36.49714596521507
150.36	-41.6534192271696
150.37	-59.47228895388566
150.38	-55.018976558662736
150.39000000000001	-49.870704250570604
150.4	-43.85763109205271
150.41	-30.594356669664567
150.42000000000002	-32.314748791374015
150.43	-34.5978563042016
150.44	-50.37292950263818
150.45000000000002	-55.16502453595527
150.46	-61.76201924992613
150.47	-54.09056697481885
150.48	-53.97239553606098
150.49	-51.02771683849932
150.5	-47.79362432773789
150.51	-51.49380214817187
150.52	-42.38858324029095
150.53	-42.16484571446312
150.54	-38.85226310292957
150.55	-51.32471411072364
150.56	-41.14163511194234
150.57	-31.084375449784247
150.58	-44.84719834561966
150.59	-39.72270638335895
150.6	-49.72254582669737
150.61	-43.904792573214756
150.62	-53.119562204804616
150.63	-47.3309927343709
150.64000000000001	-36.31296884977715
150.65	-19.499472557490535
150.66	-33.13176619593077
150.67000000000002	-27.37335883534422
150.68	-39.70021596981772
150.69	-47.74599922674898
150.70000000000002	-40.594617937199125
150.71	-30.305818735915032
150.72	-46.797522629478166
150.73	-61.277436932033474
150.74	-59.24868340873306
150.75	-71.255629974268
150.76	-55.01735985253146
150.77	-48.0765708539128
150.78	-41.112971622740424
150.79	-37.457472273976734
150.8	-39.45961663353322
150.81	-46.56147235347384
150.82	-46.047576546843125
150.83	-44.78813165056932
150.84	-37.619068921334325
150.85	-47.58602863988537
150.86	-48.25165426410816
150.87	-57.22840335493529
150.88	-47.38500347888673
150.89000000000001	-42.21365285452437
150.9	-53.89414221023393
150.91	-60.93798687997805
150.92000000000002	-54.18280311056133
150.93	-45.194785951957954
150.94	-34.521579676110655
150.95000000000002	-22.31532162972255
150.96	-23.019567369370264
150.97	-50.85896598610075
150.98	-43.57248427720716
150.99	-37.259362753928045
151.0	-43.96627169143404
151.01	-40.92295990306265
151.02	-50.82686281303091
151.03	-59.878595515491064
151.04	-55.83355108195811
151.05	-59.53260430670076
151.06	-61.11477480283952
151.07	-58.896138238408014
151.08	-65.13857882249951
151.09	-50.52311642486002
151.1	-59.22513026152045
151.11	-43.56483047936765
151.12	-37.98951413789733
151.13	-42.90183040949781
151.14000000000001	-54.27116447972963
151.15	-46.912309268514235
151.16	-43.52221089359924
151.17000000000002	-44.72221001935743
151.18	-50.915195886471906
151.19	-53.098378039769344
151.20000000000002	-53.25259287338415
151.21	-50.14520367743805
151.22	-39.4155121885245
151.23	-36.62408746023362
151.24	-41.319869684668696
151.25	-30.84127799847208
151.26	-37.98267737349314
151.27	-41.95185692797883
151.28	-52.44042693122485
151.29	-44.01791427583543
151.3	-42.8827930451434
151.31	-24.638447108430377
151.32	-48.03886723127153
151.33	-60.90249623327515
151.34	-53.5126453492353
151.35	-39.485113509562815
151.36	-46.7702035909536
151.37	-42.55190286290316
151.38	-41.4819275733719
151.39000000000001	-40.80236110875006
151.4	-49.979385083061985
151.41	-50.30325559176899
151.42000000000002	-49.151079605133155
151.43	-52.57017985094944
151.44	-43.91588041699607
151.45000000000002	-40.439889283850064
151.46	-32.420426631738096
151.47	-48.06518944519495
151.48	-52.33563672844324
151.49	-61.56623400387161
151.5	-59.60812768445703
151.51	-51.04348451371717
151.52	-36.38976053759112
151.53	-30.428725645693618
151.54	-28.771093341048893
151.55	-28.001853001226383
151.56	-43.92471185859932
151.57	-50.40454458988346
151.58	-39.49870900122023
151.59	-48.477185403262055
151.6	-54.51374883046584
151.61	-47.745750775382675
151.62	-48.97279985612191
151.63	-35.8650223036823
151.64000000000001	-41.30674494476033
151.65	-49.755476708033676
151.66	-56.42896236723193
151.67000000000002	-50.94961629331045
151.68	-40.73121189313083
151.69	-27.000837436583797
151.70000000000002	-33.338059378098386
151.71	-39.056342094452255
151.72	-39.391463188114464
151.73	-39.4170831161774
151.74	-36.66438795403519
151.75	-35.6219294096818
151.76	-36.194801115359056
151.77	-24.040617082445802
151.78	-24.361890602127822
151.79	-12.955484212196838
151.8	-39.98749862180928
151.81	-43.3650513056392
151.82	-35.582496610796326
151.83	-41.654546865175305
151.84	-53.275175090264455
151.85	-52.35152803943143
151.86	-50.155577182823045
151.87	-54.00179001965919
151.88	-62.87634634545336
151.89000000000001	-61.79011140595399
151.9	-63.2683109119554
151.91	-58.436839134051084
151.92000000000002	-65.36758025637229
151.93	-58.70174151184147
151.94	-52.208910067695996
151.95000000000002	-43.82665185473455
151.96	-40.99157767279733
151.97	-42.827329948994006
151.98	-45.830089501744986
151.99	-56.31948625754301
152.0	-53.90624793410908
152.01	-46.58091304447578
152.02	-59.88334542363827
152.03	-50.771627311577824
152.04	-51.69562051399803
152.05	-58.46234183088628
152.06	-50.847233190821186
152.07	-37.26727263058606
152.08	-46.71346375133027
152.09	-43.666869794410204
152.1	-41.51015360433899
152.11	-35.656164692369636
152.12	-36.52688797859066
152.13	-49.19414846579648
152.14000000000001	-39.808692070926945
152.15	-60.05319256325047
152.16	-48.63621866648118
152.17000000000002	-40.604930323721966
152.18	-35.58565458655071
152.19	-34.816095320240045
152.20000000000002	-39.68973734785602
152.21	-33.867876326951325
152.22	-44.0971358197405
152.23	-42.44856108380006
152.24	-34.36019297370231
152.25	-36.97196257557035
152.26	-46.87739796259338
152.27	-59.021239350552214
152.28	-50.266874317467085
152.29	-46.182764617451745
152.3	-50.33585123823636
152.31	-50.809400212825324
152.32	-39.706306881150134
152.33	-42.23254743639288
152.34	-41.131278489036134
152.35	-57.46784514544985
152.36	-59.78795265161708
152.37	-57.978815542513445
152.38	-55.39391884250975
152.39000000000001	-53.5923292458757
152.4	-43.642025885262555
152.41	-37.11478606811336
152.42000000000002	-42.29984036125452
152.43	-33.83187910263642
152.44	-36.442163079734954
152.45000000000002	-37.99973789453145
152.46	-56.54908070533149
152.47	-49.75838588499706
152.48	-41.501061395562694
152.49	-35.72472183294245
152.5	-21.482664187133174
152.51	-13.463590137816228
152.52	-5.168722762870129
152.53	-14.782282834362036
152.54	-24.04749641789243
152.55	-16.05048864101716
152.56	-36.52120884137666
152.57	-23.885632552453366
152.58	-23.9617076708601
152.59	-17.7173051406558
152.6	-26.037797843410072
152.61	-34.880977008762585
152.62	-46.419509772822934
152.63	-52.909841867823076
152.64000000000001	-44.23249747256874
152.65	-39.87960578491171
152.66	-38.57714838343348
152.67000000000002	-61.13479008592198
152.68	-52.40960146314175
152.69	-50.210338351323415
152.70000000000002	-57.98110376857885
152.71	-45.030950133182415
152.72	-47.38197490526974
152.73	-44.01433324019653
152.74	-49.249420581249545
152.75	-37.473630321073166
152.76	-32.31850958984384
152.77	-45.20972423257245
152.78	-42.86883600391425
152.79	-45.309516029280324
152.8	-41.94488741657765
152.81	-39.52903266968775
152.82	-35.685303006652525
152.83	-34.424841128333185
152.84	-40.2207382438471
152.85	-41.84424638612773
152.86	-47.513953914363995
152.87	-54.18184496491784
152.88	-59.853655953472625
152.89000000000001	-52.133152072199195
152.9	-46.08313720653291
152.91	-62.803315614615784
152.92000000000002	-66.30512241299296
152.93	-83.54747251823058
152.94	-61.218974802257705
152.95000000000002	-49.78574155259263
152.96	-47.35710930614357
152.97	-39.69104042715959
152.98	-50.676040727807774
152.99	-53.01733742110565
153.0	-57.206794404716945
153.01	-49.36034646528916
153.02	-54.088602988123135
153.03	-56.0276897012179
153.04	-53.04315302175399
153.05	-47.54032815731008
153.06	-46.617640940516814
153.07	-44.21508687948439
153.08	-28.53404287515967
153.09	-36.29828151506685
153.1	-31.74180669889393
153.11	-31.031458657738526
153.12	-37.09476933491392
153.13	-38.543158092616785
153.14000000000001	-42.52981881143782
153.15	-37.45465223100256
153.16	-39.28563319012408
153.17000000000002	-40.3120411737823
153.18	-32.17928636478039
153.19	-29.317913906547346
153.20000000000002	-51.68408115819641
153.21	-45.17267867873168
153.22	-47.41717140243943
153.23	-51.9953917800824
153.24	-45.18220459418302
153.25	-58.671487852434424
153.26	-59.263292357586835
153.27	-51.269149510360414
153.28	-37.32500369743157
153.29	-45.97368860342012
153.3	-37.92635508421966
153.31	-46.38196478587062
153.32	-31.914999015511672
153.33	-18.62472222940511
153.34	-34.78406257102525
153.35	-22.879035073911062
153.36	-35.11915348027379
153.37	-41.69193566919604
153.38	-39.52257012151806
153.39000000000001	-42.981550773153444
153.4	-33.02884971052954
153.41	-33.85035101987231
153.42000000000002	-34.12336736954154
153.43	-41.94635202723353
153.44	-48.33199858154346
153.45000000000002	-52.24506809474443
153.46	-49.537408959306326
153.47	-47.118326825485454
153.48	-35.66904493475752
153.49	-47.33397666984025
153.5	-27.35801174659034
153.51	-32.67870824215355
153.52	-37.62369760265184
153.53	-36.06921946898361
153.54	-37.451243376050776
153.55	-47.28522087726363
153.56	-52.13077343423228
153.57	-56.61733630596144
153.58	-52.80539837710155
153.59	-49.86410664653269
153.6	-55.842787326923734
153.61	-50.973338431302565
153.62	-49.19546091855965
153.63	-45.20061888674458
153.64000000000001	-35.6441657623559
153.65	-40.831526060555184
153.66	-16.745421392764733
153.67000000000002	-31.50547924732507
153.68	-47.047438923673184
153.69	-49.51545934667791
153.70000000000002	-48.53878860859151
153.71	-51.509278568833956
153.72	-41.11114621877724
153.73	-40.4522215309793
153.74	-37.961285537255016
153.75	-41.126917136366366
153.76	-34.820054105267296
153.77	-31.9929087962061
153.78	-29.324844027614425
153.79	-45.29679172113537
153.8	-39.30010499875064
153.81	-28.222334736629335
153.82	-29.895971390327812
153.83	-38.05288945313143
153.84	-42.194422749509286
153.85	-36.93201946778588
153.86	-44.867635818061295
153.87	-45.34018805335504
153.88	-37.7491703282175
153.89000000000001	-44.61864691821473
153.9	-39.724917877659934
153.91	-32.50054803243021
153.92000000000002	-26.027323986987746
153.93	-33.15833831944155
153.94	-23.07128381781062
153.95000000000002	-31.20775950152382
153.96	-41.24946232369276
153.97	-33.403768241542735
153.98	-31.64602229644141
153.99	-51.606738059087
154.0	-49.9489950254105
154.01	-41.225381628021154
154.02	-43.0759291460322
154.03	-47.440314029904165
154.04	-45.2331669032059
154.05	-31.252311690521815
154.06	-28.54236528763133
154.07	-26.71276381956391
154.08	-17.84850749958021
154.09	-30.09536331715134
154.1	-53.80317894387352
154.11	-46.66843359979335
154.12	-43.26550316941921
154.13	-53.10112453132737
154.14000000000001	-55.57275737263448
154.15	-49.8600109393808
154.16	-43.34697338348506
154.17000000000002	-42.85046273154203
154.18	-38.66945606021083
154.19	-32.73814075718303
154.20000000000002	-40.59928171919579
154.21	-53.691357289100544
154.22	-38.176649597925255
154.23	-41.00563403854522
154.24	-28.559164760115006
154.25	-38.13657733488491
154.26	-46.321492373722016
154.27	-41.30411711770564
154.28	-48.23429613668352
154.29	-42.86456015143976
154.3	-48.9624136603971
154.31	-37.891177327127735
154.32	-40.46373096947893
154.33	-30.493417070640696
154.34	-43.753302088493854
154.35	-41.81649888261074
154.36	-45.78291273695631
154.37	-51.592136129026535
154.38	-47.215280319172955
154.39000000000001	-41.88458738200203
154.4	-47.809453851724044
154.41	-57.334844423608324
154.42000000000002	-47.83714693130392
154.43	-44.80903121245291
154.44	-41.9403609485511
154.45000000000002	-53.94599917116498
154.46	-43.317420914008196
154.47	-48.59925036578549
154.48	-38.89131432490973
154.49	-35.73134402420022
154.5	-43.59894042002513
154.51	-41.48458581885787
154.52	-33.944163367477124
154.53	-45.511159539626206
154.54	-44.73675508251675
154.55	-47.414162944347204
154.56	-41.01308698226519
154.57	-37.36596478687326
154.58	-36.77754703176786
154.59	-53.56180429740271
154.6	-50.42262563776389
154.61	-60.367613791295234
154.62	-63.882525104854956
154.63	-53.095736054415276
154.64000000000001	-46.40643214552251
154.65	-50.078435994229295
154.66	-51.46954042049183
154.67000000000002	-52.68341048399774
154.68	-47.140376886924365
154.69	-47.10811613524012
154.70000000000002	-48.905150135194646
154.71	-50.44972185612182
154.72	-50.45582214925886
154.73	-49.868210430624735
154.74	-39.503380457779514
154.75	-37.970402774587484
154.76	-43.59344986355303
154.77	-43.142067265102995
154.78	-57.88798889431148
154.79	-59.72040783254695
154.8	-65.2634940383888
154.81	-57.2908693518167
154.82	-54.18427074888895
154.83	-46.18022466697705
154.84	-45.15840968948327
154.85	-53.229385029545554
154.86	-48.3258524670888
154.87	-40.967879485537765
154.88	-30.557478148492127
154.89000000000001	-28.42769797996768
154.9	-34.699804899834376
154.91	-55.44558423366307
154.92000000000002	-44.54928152411983
154.93	-49.671667529815906
154.94	-43.71249085236699
154.95000000000002	-36.99485479764825
154.96	-35.27896605689724
154.97	-27.136770875479854
154.98	-32.17579776151154
154.99	-25.27114280502548
155.0	-15.645867896234572
155.01	-15.325323084918423
155.02	-30.64602035175471
155.03	-46.46130278870451
155.04	-42.494902931514424
155.05	-44.25197528864412
155.06	-55.77934447426751
155.07	-49.62937312548679
155.08	-58.271015885081084
155.09	-56.42491588932564
155.1	-52.36109448281294
155.11	-42.98268375864944
155.12	-55.980809226693886
155.13	-61.161506404256684
155.14000000000001	-55.32465851459634
155.15	-60.58067105403334
155.16	-66.63878062498486
155.17000000000002	-58.73606459135832
155.18	-57.78074901655788
155.19	-72.96444736904647
155.20000000000002	-53.814161870732434
155.21	-34.68840765464404
155.22	-41.55936442793666
155.23	-48.840408032429416
155.24	-60.65844049096709
155.25	-47.36683814511134
155.26	-46.66119610178815
155.27	-33.16487268211276
155.28	-34.27109448823384
155.29	-56.214506969506424
155.3	-67.33812304687828
155.31	-58.84445258335364
155.32	-42.51830285961367
155.33	-33.950502228038296
155.34	-30.10294454637204
155.35	-37.16995974881483
155.36	-24.538612821790142
155.37	-37.10950582300808
155.38	-42.55901896289179
155.39000000000001	-39.77249626778948
155.4	-51.75317001317047
155.41	-47.24476111454671
155.42000000000002	-47.22049433126474
155.43	-30.214472457746552
155.44	-47.985998591991766
155.45000000000002	-55.98582574362769
155.46	-51.84024934542712
155.47	-45.11039663276072
155.48	-44.76173031313904
155.49	-38.868692677815744
155.5	-36.02935216265935
155.51	-47.63256779366495
155.52	-50.01562667496319
155.53	-50.62921828329884
155.54	-60.390863596122394
155.55	-65.30280368933612
155.56	-65.312147401083
155.57	-59.375774725468624
155.58	-42.16989317752482
155.59	-30.12637864940104
155.6	-60.768662030519884
155.61	-51.5345666131368
155.62	-36.64489613915476
155.63	-33.3203993145476
155.64000000000001	-28.876627968049647
155.65	-38.14147842732122
155.66	-34.86360492133306
155.67000000000002	-44.27576639164717
155.68	-35.30010800052728
155.69	-37.115378298699284
155.70000000000002	-37.00338814696943
155.71	-36.13009723359744
155.72	-32.40720271101393
155.73	-43.72852893340059
155.74	-46.114866876523315
155.75	-43.088874385229566
155.76	-41.5150035070305
155.77	-43.89949318467826
155.78	-33.45936992588353
155.79	-37.95324680651546
155.8	-32.411702868298136
155.81	-27.646739896564327
155.82	-34.843613627332196
155.83	-34.28109927393935
155.84	-33.356345862999945
155.85	-37.929897568852056
155.86	-56.491950696052456
155.87	-62.00008886168977
155.88	-44.43764977687821
155.89000000000001	-35.96996434402455
155.9	-40.47213067631668
155.91	-43.267209316011524
155.92000000000002	-52.03317826658905
155.93	-39.39144900208248
155.94	-34.8020241673507
155.95000000000002	-47.40244759228353
155.96	-52.411561199222625
155.97	-54.171773174429724
155.98	-52.44679027143614
155.99	-66.24971112696643
156.0	-53.71954852199398
156.01	-52.96760713838015
156.02	-46.64640840831768
156.03	-51.71835816595711
156.04	-48.79416616018091
156.05	-46.79012999366333
156.06	-41.01428357016638
156.07	-45.04456929838697
156.08	-45.55673431577129
156.09	-41.70472195799841
156.1	-49.35836299239379
156.11	-50.845474691249464
156.12	-56.367060774848966
156.13	-46.63291854432351
156.14000000000001	-49.56797661432903
156.15	-55.29525071464253
156.16	-52.25333342767385
156.17000000000002	-62.79644733967565
156.18	-63.86860160550437
156.19	-47.734534935100974
156.20000000000002	-44.74743511375736
156.21	-41.00500961894451
156.22	-32.13639379626868
156.23	-51.02239244035036
156.24	-59.74771756298582
156.25	-68.69922527168161
156.26	-60.455094683974146
156.27	-52.58448481718965
156.28	-55.75165959074896
156.29	-56.36079739447297
156.3	-48.46119177978316
156.31	-62.740975434631096
156.32	-61.11423331408882
156.33	-54.311408991363216
156.34	-40.86973737129737
156.35	-34.457095045262285
156.36	-31.890884572068625
156.37	-26.78395078618775
156.38	-39.462489809510465
156.39000000000001	-44.759829780211284
156.4	-33.78612050369165
156.41	-42.61494277891977
156.42000000000002	-36.102529225952104
156.43	-32.056806401507764
156.44	-34.69777987690068
156.45000000000002	-34.491862646121064
156.46	-24.931010973959474
156.47	-14.699024027148424
156.48	-10.622509183714278
156.49	-20.37575325081385
156.5	-34.05824629622983
156.51	-36.5330970515675
156.52	-39.60670129816436
156.53	-46.92761484713785
156.54	-40.881465042752865
156.55	-44.414601398311106
156.56	-49.209997086519145
156.57	-51.52217213609257
156.58	-53.09034710428413
156.59	-42.74990663205894
156.6	-50.30163007617872
156.61	-56.00429067797834
156.62	-49.075653486062905
156.63	-37.29056094230685
156.64000000000001	-23.177336916095463
156.65	-17.869679614183326
156.66	-11.480718653369884
156.67000000000002	-37.8083180492358
156.68	-39.99761114044333
156.69	-34.308967581783826
156.70000000000002	-31.97930152438806
156.71	-30.021539358942512
156.72	-39.571577066135625
156.73	-39.197022249396795
156.74	-44.41350117616207
156.75	-28.857218790284886
156.76	-49.1439715144952
156.77	-45.80083867689633
156.78	-48.411027131431474
156.79	-39.30437313371409
156.8	-46.26399563527458
156.81	-35.30651430423135
156.82	-31.250990400700438
156.83	-21.701498983886815
156.84	-31.10828760128075
156.85	-42.85057492541453
156.86	-43.54859094431391
156.87	-46.019837835053124
156.88	-47.64076125603853
156.89000000000001	-46.861418857408864
156.9	-51.96330977796113
156.91	-56.77869165779409
156.92000000000002	-64.09045111869965
156.93	-49.179896144196825
156.94	-47.91409186422903
156.95000000000002	-33.29045223073573
156.96	-49.01251641145855
156.97	-33.91289809987519
156.98	-53.487705001472605
156.99	-46.12840119063326
157.0	-41.16729244013198
157.01	-37.975414948457086
157.02	-45.70498447817839
157.03	-46.78977044953168
157.04	-50.86909899739923
157.05	-43.36053620948017
157.06	-56.72892245392483
157.07	-55.211771137905224
157.08	-61.81813891423043
157.09	-53.80429932709979
157.1	-52.941703581229376
157.11	-45.5786444009242
157.12	-52.24909184699537
157.13	-36.50632183195242
157.14000000000001	-40.24761650002726
157.15	-38.968407074752626
157.16	-44.73414933130376
157.17000000000002	-52.88126529593891
157.18	-40.46367616509022
157.19	-33.744059456996865
157.20000000000002	-43.973340653783694
157.21	-47.493035507142146
157.22	-32.479821533232574
157.23	-49.22119178532286
157.24	-54.49306068665298
157.25	-64.5295451218156
157.26	-55.037478096391226
157.27	-44.88757306321783
157.28	-53.63524052335662
157.29	-47.38131950001558
157.3	-44.088862381232076
157.31	-43.398709787290606
157.32	-33.374921502643005
157.33	-37.07795337543649
157.34	-53.94343492551947
157.35	-39.058319203314724
157.36	-42.27118917138709
157.37	-32.7275612152789
157.38	-29.6580890970518
157.39000000000001	-48.06721392177814
157.4	-38.007660396558116
157.41	-41.06102366314823
157.42000000000002	-51.742485150410744
157.43	-51.346385358680784
157.44	-47.587743470626684
157.45000000000002	-42.15626575196356
157.46	-35.22828545846489
157.47	-42.854743069750214
157.48	-46.979539420418945
157.49	-63.603493958821055
157.5	-50.36468039273114
157.51	-37.920081919897044
157.52	-31.02410665441311
157.53	-11.1528742659846
157.54	-17.968926251770355
157.55	-13.844394816135132
157.56	-6.265015531646998
157.57	-6.372045678671602
157.58	-6.697918205923442
157.59	-3.5321511029627732
157.6	-6.332229161840738
157.61	-1.808813211036427
157.62	-4.7866428900734
157.63	-2.127530263970607
157.64000000000001	-3.065866464499003
157.65	0.39490460655168125
157.66	-10.147120280680493
157.67000000000002	-25.500766683155803
157.68	-31.92637244200697
157.69	-30.507316072115472
157.70000000000002	-32.80620370674872
157.71	-22.385769050575895
157.72	-18.501582153591354
157.73	-12.63888123586037
157.74	-11.520093522935024
157.75	-20.35748215526626
157.76	-23.01911050940663
157.77	-27.79233253690598
157.78	-30.75179408889043
157.79	-37.96177465311607
157.8	-44.26785060434458
157.81	-36.54548426994568
157.82	-37.71926983826399
157.83	-38.008084120954884
157.84	-43.232490762564524
157.85	-33.80356047899414
157.86	-44.37665666677898
157.87	-52.752409418948474
157.88	-56.49850880466914
157.89000000000001	-51.05402462723539
157.9	-64.71246710554074
157.91	-49.55695155145286
157.92000000000002	-45.61089736522914
157.93	-51.56346665148547
157.94	-51.95493489514108
157.95000000000002	-46.48949966974876
157.96	-46.31147651779134
157.97	-39.121979083935734
157.98	-35.120483909191535
157.99	-46.06014261376674
158.0	-45.657658486499436
158.01	-50.768178052954504
158.02	-47.86390592877057
158.03	-34.704649158798254
158.04	-26.096477993084516
158.05	-25.458265471383
158.06	-38.33906870065507
158.07	-30.288959540395492
158.08	-22.777235362938985
158.09	-18.964214746427327
158.1	-36.43300879193232
158.11	-53.05929366508989
158.12	-52.59336694124878
158.13	-39.64936404648443
158.14000000000001	-38.687045096976426
158.15	-31.811812884623883
158.16	-27.68115064362373
158.17000000000002	-39.399516543828604
158.18	-34.38323505079099
158.19	-51.082881732619114
158.20000000000002	-43.850456644449785
158.21	-40.07001794489399
158.22	-42.65814615234098
158.23	-61.0017424518923
158.24	-51.60095514057801
158.25	-42.998782279293145
158.26	-55.924013492461164
158.27	-52.05101002615427
158.28	-55.90033885493035
158.29	-50.97076859577075
158.3	-41.18647110825169
158.31	-49.86330072340535
158.32	-48.29094861607672
158.33	-40.868202052968954
158.34	-43.97176634530965
158.35	-41.45886923292283
158.36	-38.938406675537905
158.37	-36.8872370559792
158.38	-28.934272102603558
158.39000000000001	-43.593964387272074
158.4	-58.889968993111395
158.41	-59.29787202661796
158.42000000000002	-60.517734129069716
158.43	-45.457462675712286
158.44	-49.65235770131578
158.45000000000002	-53.60611293808888
158.46	-45.76817550966447
158.47	-39.99463575247648
158.48	-41.28976244242298
158.49	-37.43497419816686
158.5	-25.338263343777776
158.51	-28.594967457465184
158.52	-22.405681096731527
158.53	-20.889960262044685
158.54	-30.701108730087817
158.55	-42.96232878571867
158.56	-52.6739697524315
158.57	-45.97479873341253
158.58	-40.01265137953371
158.59	-43.06192105536499
158.6	-39.33524643996425
158.61	-41.5348888357478
158.62	-29.659019418403222
158.63	-24.929242568242543
158.64000000000001	-26.611634691490767
158.65	-37.64010866930223
158.66	-43.77564923036014
158.67000000000002	-39.245001281177686
158.68	-32.33643702329608
158.69	-56.407883951197114
158.70000000000002	-48.31636327572466
158.71	-48.84445307904545
158.72	-46.967172265702544
158.73	-40.96250351875577
158.74	-38.00488332640645
158.75	-44.16953874936559
158.76	-35.68877242317224
158.77	-32.92882094069688
158.78	-28.881173689521667
158.79	-40.555197873159024
158.8	-29.451065297425977
158.81	-39.11128112914149
158.82	-48.78580016582169
158.83	-58.09359117681341
158.84	-48.549019571209605
158.85	-39.34938246562173
158.86	-33.46521884274019
158.87	-35.59529280039728
158.88	-30.210116658860606
158.89000000000001	-32.96617194863237
158.9	-32.63672093901125
158.91	-46.89764487527226
158.92000000000002	-37.39993362218483
158.93	-31.512610466661744
158.94	-55.926693141678555
158.95000000000002	-49.31842037492635
158.96	-46.05923108749658
158.97	-62.723793825201156
158.98	-59.16837224027808
158.99	-56.44670723431283
159.0	-61.55230699170503
159.01	-63.30220710565048
159.02	-45.44547760794855
159.03	-48.176843465298106
159.04	-50.8298779587354
159.05	-41.38213389982521
159.06	-28.118720805655098
159.07	-15.58742630926063
159.08	-26.406674395753296
159.09	-53.68773672518518
159.1	-44.61427594739411
159.11	-35.24933066316557
159.12	-34.009641218523264
159.13	-35.30132387732115
159.14000000000001	-35.41705970533337
159.15	-31.134543725534552
159.16	-35.66189873607777
159.17000000000002	-46.7955838865072
159.18	-49.77517164580953
159.19	-38.95963638396947
159.20000000000002	-38.16026549114371
159.21	-36.39134076972566
159.22	-23.543360078462253
159.23	-24.328417798699476
159.24	-29.69103341930699
159.25	-33.03237518812105
159.26	-23.494257406466637
159.27	-17.94234003142646
159.28	-23.16992270501957
159.29	-39.85990303540899
159.3	-37.313016418868045
159.31	-35.34298250415502
159.32	-30.84042987463316
159.33	-18.518581910611847
159.34	-28.762504856308983
159.35	-34.630319177505555
159.36	-39.259861880450885
159.37	-44.95570068508309
159.38	-53.46942153595476
159.39000000000001	-43.40894177055007
159.4	-48.66693142269629
159.41	-34.27736615764234
159.42000000000002	-42.645987987066405
159.43	-32.67302051626806
159.44	-22.563154705974487
159.45000000000002	-23.3446857760559
159.46	-22.042542864633504
159.47	-48.32968987527087
159.48	-46.369739485788855
159.49	-49.0328419006993
159.5	-40.31146659247814
159.51	-48.94513359655626
159.52	-49.73606836338759
159.53	-44.204934765356455
159.54	-41.155419678511215
159.55	-38.319419906528566
159.56	-41.75258496647232
159.57	-45.500132013630214
159.58	-40.62152423945002
159.59	-35.55024315323691
159.6	-42.26928541404275
159.61	-38.72206807884438
159.62	-43.33135590089322
159.63	-42.42243731399962
159.64000000000001	-47.87510741678737
159.65	-56.55097872742866
159.66	-44.32568572195454
159.67000000000002	-50.47199556996001
159.68	-45.16941726332249
159.69	-54.42790818682711
159.70000000000002	-61.045532710041535
159.71	-47.838709677151634
159.72	-45.581511592024704
159.73	-49.420986478651166
159.74	-49.890007565779136
159.75	-43.95983315344151
159.76	-43.08703638992386
159.77	-47.47672570008833
159.78	-47.56490969838879
159.79	-45.38069786022253
159.8	-42.16157947912674
159.81	-48.46335615609194
159.82	-42.53122565017569
159.83	-46.24405260437178
159.84	-36.288920835648945
159.85	-46.09780709794589
159.86	-45.257200402416146
159.87	-38.69887740870242
159.88	-39.003943156082734
159.89000000000001	-42.55403983501391
159.9	-40.89383979467287
159.91	-38.21281510508268
159.92000000000002	-32.77620640546978
159.93	-34.18036811069548
159.94	-36.5555952060685
159.95000000000002	-31.746952820783655
159.96	-36.037246645309295
159.97	-47.91229238706121
159.98	-48.18971643784973
159.99	-34.352844131027894
160.0	-18.234858627061023
160.01	-27.920239594510324
160.02	-27.72780960232457
160.03	-28.80367418091708
160.04	-34.88397223441954
160.05	-37.09201673040215
160.06	-46.24269788950689
160.07	-51.19994654289065
160.08	-52.38845023216753
160.09	-42.589980304552604
160.1	-40.66923225527953
160.11	-37.43079566539046
160.12	-52.94545305198648
160.13	-73.2788300053549
160.14000000000001	-60.83378128753586
160.15	-55.5565084410287
160.16	-59.14461531152438
160.17000000000002	-59.439702220825524
160.18	-50.53470731627724
160.19	-41.310220898447135
160.20000000000002	-65.011835977168
160.21	-62.960464743945415
160.22	-51.70612901908044
160.23	-48.37630613410524
160.24	-40.093042523634594
160.25	-42.51770504457314
160.26	-32.372208617223215
160.27	-25.70826905247794
160.28	-39.30603404876461
160.29	-47.54089181719687
160.3	-58.34092184218268
160.31	-52.46196855202421
160.32	-44.339201512173894
160.33	-47.53262098642013
160.34	-55.286418368777056
160.35	-48.2958792602604
160.36	-45.4101363489611
160.37	-36.76637645932539
160.38	-43.615516417315845
160.39000000000001	-45.99050065337721
160.4	-41.359654543931356
160.41	-45.95831690914996
160.42000000000002	-49.14672943107503
160.43	-36.58768423581064
160.44	-28.16549875716244
160.45000000000002	-42.41322798564119
160.46	-40.721221587208085
160.47	-39.101778142397336
160.48	-40.97972471471394
160.49	-36.19466231218989
160.5	-59.14725686560004
160.51	-66.83943526319273
160.52	-66.80808121314152
160.53	-54.36279899910516
160.54	-53.19282530772617
160.55	-57.50752538921285
160.56	-53.64691232710827
160.57	-36.33958086480326
160.58	-22.52147258517011
160.59	-17.063594503738067
160.6	-10.481729090423656
160.61	-17.55067250171308
160.62	-42.39409574688509
160.63	-35.63637795930697
160.64000000000001	-34.89102802232897
160.65	-29.98486667016531
160.66	-34.43005742751876
160.67000000000002	-54.715601364448545
160.68	-44.004451639024126
160.69	-53.52260936409359
160.70000000000002	-55.15221763886463
160.71	-52.55869192191991
160.72	-47.61564475788117
160.73	-45.14696838826181
160.74	-43.97507377682527
160.75	-33.01365635392002
160.76	-42.52639700191908
160.77	-54.28870483292915
160.78	-44.11816458944961
160.79	-49.822165152638235
160.8	-35.14629326304287
160.81	-38.64772155445889
160.82	-43.66389147286435
160.83	-40.07420604114907
160.84	-51.447438533723705
160.85	-48.556126291836755
160.86	-51.63551231457504
160.87	-39.89306635604951
160.88	-36.10956528639767
160.89000000000001	-24.82712030517497
160.9	-37.555568075837755
160.91	-32.49490363873562
160.92000000000002	-43.77019724604894
160.93	-35.359297106890104
160.94	-33.60307692125381
160.95000000000002	-30.962111793564517
160.96	-59.52549031434655
160.97	-46.37173783564428
160.98	-37.59112648294263
160.99	-49.673909848565835
161.0	-39.76385811225036
161.01	-45.017919936611946
161.02	-46.484270183807595
161.03	-48.291109860508556
161.04	-48.557245125667635
161.05	-50.830644897256256
161.06	-56.639942656542416
161.07	-43.035722247353355
161.08	-41.739763664513
161.09	-39.03568904815296
161.1	-36.803834875235296
161.11	-42.94043772485792
161.12	-38.583685429310115
161.13	-32.82945775819312
161.14000000000001	-26.592224732598254
161.15	-22.05756251041016
161.16	-36.4421244060196
161.17000000000002	-37.22453858278435
161.18	-39.37192274008
161.19	-41.20931313743993
161.20000000000002	-33.905513377059094
161.21	-55.94323476315124
161.22	-54.30633340996205
161.23	-40.185701020603524
161.24	-36.86158643745828
161.25	-45.30626727169216
161.26	-51.56912589756001
161.27	-55.09685284570162
161.28	-45.41041707473358
161.29	-48.80372146710599
161.3	-42.71555764851162
161.31	-35.02879580480211
161.32	-40.74314108933535
161.33	-36.9678453449409
161.34	-49.606355325189675
161.35	-45.16960195299434
161.36	-40.92606763083541
161.37	-45.41058280396079
161.38	-49.40157451610042
161.39000000000001	-39.12669478614592
161.4	-32.04020543316303
161.41	-35.67181073875841
161.42000000000002	-33.27974512596345
161.43	-45.95439256009636
161.44	-36.1509980806305
161.45000000000002	-40.2741343585215
161.46	-49.575839297959625
161.47	-42.7608536442994
161.48	-46.947641353651505
161.49	-43.368576230469465
161.5	-38.236065590739116
161.51	-26.066816004337188
161.52	-18.33166208098674
161.53	-24.73573246391557
161.54	-38.993591076756736
161.55	-46.33815389989926
161.56	-40.730681308275535
161.57	-27.45346167609175
161.58	-14.892763846281005
161.59	-31.3861425010209
161.6	-29.625676177443154
161.61	-29.82456681322464
161.62	-46.62486388494403
161.63	-32.4723672165378
161.64000000000001	-33.59984117737563
161.65	-28.951108877331077
161.66	-39.73181212302636
161.67000000000002	-40.008274053270206
161.68	-43.73735663101824
161.69	-30.445455158894
161.70000000000002	-47.2629033155129
161.71	-37.79421363768487
161.72	-41.154507071756655
161.73	-38.697554645055035
161.74	-43.24789970525364
161.75	-58.06120953231381
161.76	-55.706397247721924
161.77	-47.29691155057085
161.78	-44.51914024485171
161.79	-32.00051635245639
161.8	-32.625528836255775
161.81	-31.040778254743337
161.82	-40.87563304782752
161.83	-52.35119149973261
161.84	-54.0922105817377
161.85	-64.67999760236839
161.86	-63.087563360766026
161.87	-52.03664222116585
161.88	-42.30617553464973
161.89000000000001	-39.642324844718225
161.9	-36.68780049457755
161.91	-44.069795306705
161.92000000000002	-53.12594218181352
161.93	-43.852824899529026
161.94	-48.19409753315451
161.95000000000002	-44.80244995384925
161.96	-33.89487416421651
161.97	-55.92954103375065
161.98	-52.431238514397215
161.99	-50.549602244822566
162.0	-43.50469012785706
162.01	-36.03472558755487
162.02	-44.4644263611441
162.03	-47.98574723504437
162.04	-46.6415782003589
162.05	-46.18766197367853
162.06	-47.360119237240426
162.07	-42.448215229285005
162.08	-44.28360518171898
162.09	-44.21874014290145
162.1	-45.15340065978117
162.11	-35.067917949959714
162.12	-34.967218740362036
162.13	-44.98923854910074
162.14000000000001	-46.62046557580532
162.15	-37.34101966153749
162.16	-41.30326290863543
162.17000000000002	-43.757605029264894
162.18	-37.89516945145649
162.19	-32.435871087853805
162.20000000000002	-28.46928347841879
162.21	-34.6768124788223
162.22	-51.62329572141579
162.23	-44.1843009429013
162.24	-36.77767114064683
162.25	-26.536968014419358
162.26	-24.671580471511263
162.27	-24.401457515104028
162.28	-41.65576203561841
162.29	-25.345125288396492
162.3	-28.667835065133563
162.31	-46.75797164599126
162.32	-37.59555872442832
162.33	-39.17891506614116
162.34	-36.5489026499903
162.35	-42.41887957577709
162.36	-38.795035532009024
162.37	-28.78434565132504
162.38	-29.413050532943164
162.39000000000001	-25.181318427347232
162.4	-42.62871594877416
162.41	-41.29647726783699
162.42000000000002	-58.371525460140695
162.43	-55.518031538256686
162.44	-45.08199560518902
162.45000000000002	-46.16943720018438
162.46	-38.00824969216617
162.47	-58.32706579963261
162.48	-46.770485171149566
162.49	-49.50092468292327
162.5	-47.654654612901055
162.51	-33.42782768024557
162.52	-24.993315635947503
162.53	-34.44055243299002
162.54	-29.007661145547477
162.55	-35.4021530215977
162.56	-40.96926100414786
162.57	-35.80794092954482
162.58	-42.1183918655157
162.59	-29.627176160215292
162.6	-17.465400317512643
162.61	-10.884979844648786
162.62	-37.36072208856627
162.63	-28.417112964053437
162.64000000000001	-16.88867419433543
162.65	-15.407206799023042
162.66	-28.50202945508736
162.67000000000002	-21.765661564358563
162.68	-36.570369531199944
162.69	-33.08443131309978
162.70000000000002	-57.11716547111386
162.71	-42.59518961062751
162.72	-40.47437919939248
162.73	-38.164595343863766
162.74	-43.80838520409197
162.75	-38.9307072637557
162.76	-34.98020125668558
162.77	-27.272030077990472
162.78	-19.067118469024212
162.79	-20.090492727323728
162.8	-35.26538565485779
162.81	-46.43726878027797
162.82	-53.49477238747002
162.83	-57.467477054161584
162.84	-44.68977148259238
162.85	-55.077600759115576
162.86	-47.45957644707016
162.87	-54.88826881326166
162.88	-51.17775161076971
162.89000000000001	-41.843266165584865
162.9	-48.793047890054915
162.91	-48.03926827062948
162.92000000000002	-48.209066420812356
162.93	-40.798759745076616
162.94	-26.997953173856992
162.95000000000002	-13.396854514767654
162.96	-14.84392208899723
162.97	-25.014320597624206
162.98	-47.49836800067828
162.99	-54.874792488409284
163.0	-50.48391279104886
163.01	-43.911280283479
163.02	-37.98051675200191
163.03	-46.3851666110184
163.04	-40.26390785102365
163.05	-52.51784991241322
163.06	-50.81726619773047
163.07	-44.45554329046529
163.08	-39.39163595858593
163.09	-53.00687435129676
163.1	-58.57446224769029
163.11	-56.49569980978208
163.12	-51.19521606353172
163.13	-48.88412868058085
163.14000000000001	-38.64694473770589
163.15	-36.00216085007033
163.16	-44.90866425107105
163.17000000000002	-50.306944464353904
163.18	-39.982724478260046
163.19	-52.991858709052295
163.20000000000002	-52.01688835521697
163.21	-52.465633416720294
163.22	-44.974613563008056
163.23	-66.60687849743273
163.24	-58.464930814309554
163.25	-54.451330897577684
163.26	-48.47129681862334
163.27	-46.206798422462505
163.28	-52.871896636947675
163.29	-47.52854923431073
163.3	-36.65750306516364
163.31	-33.4409933473089
163.32	-37.34512330660134
163.33	-39.23051646779441
163.34	-27.91287787185375
163.35	-36.66924465961578
163.36	-28.869728618040575
163.37	-30.15553105850391
163.38	-51.37229488955361
163.39000000000001	-37.338370298951865
163.4	-36.255914437629585
163.41	-27.118095929133023
163.42000000000002	-30.016035849994758
163.43	-27.519581263329304
163.44	-35.10910336945848
163.45000000000002	-28.746886118924106
163.46	-33.29182224006798
163.47	-34.365503375443964
163.48	-62.97961832876591
163.49	-53.49502226109045
163.5	-66.95234246290657
163.51	-56.53266233243746
163.52	-53.26588781490901
163.53	-53.511905017414556
163.54	-49.086828887369165
163.55	-49.9090648983855
163.56	-56.62462238083145
163.57	-46.40459255493891
163.58	-45.86923494977053
163.59	-47.14137381037322
163.6	-36.658578431658306
163.61	-43.607716980720674
163.62	-33.764172781911036
163.63	-45.67279742569512
163.64000000000001	-56.13684319495288
163.65	-60.98394985913213
163.66	-56.254486475380425
163.67000000000002	-45.47469589279892
163.68	-53.84683055437064
163.69	-40.735681150369324
163.70000000000002	-36.27519990249958
163.71	-40.02783726449702
163.72	-45.89162678019933
163.73	-39.77860903030545
163.74	-44.057621813190096
163.75	-53.29324303285194
163.76	-55.95704692587635
163.77	-56.18714741083337
163.78	-52.54473919699252
163.79	-48.470750721854394
163.8	-48.01801017751924
163.81	-37.777406433138786
163.82	-53.204327955132506
163.83	-52.67169611430635
163.84	-38.04182160354655
163.85	-36.681458613390845
163.86	-30.96811745201216
163.87	-20.132752113197125
163.88	-25.61646457360938
163.89000000000001	-9.853176855059067
163.9	2.7177056363134495
163.91	5.099196970280032
163.92000000000002	5.326267009232027
163.93	12.288136066864391
163.94	41.306473447536725
163.95000000000002	48.737195466994045
163.96	53.646657966254395
163.97	66.34814103667014
163.98	56.7641836598463
163.99	57.27722789846538
164.0	52.065897846520556
164.01	49.87234723975375
164.02	46.32500497105848
164.03	39.34210180363284
164.04	39.658987272021
164.05	46.98334450977004
164.06	47.56600851184314
164.07	58.69992445016976
164.08	49.20234279521652
164.09	43.90366811552987
164.1	50.36830716550942
164.11	47.56639275750109
164.12	42.707700315665676
164.13	34.91982137536299
164.14000000000001	31.352566786350724
164.15	23.869952483501866
164.16	16.125779893852698
164.17000000000002	33.938368858716956
164.18	25.074437505767243
164.19	30.036885607618668
164.20000000000002	30.38749633778263
164.21	14.916112779072208
164.22	25.68833950264167
164.23	18.72832402511603
164.24	28.83898913197936
164.25	38.68806172181296
164.26	44.13124239214151
164.27	39.99745331668319
164.28	42.324704028820854
164.29	43.54449974128373
164.3	33.63688375377705
164.31	42.07639808997198
164.32	46.24639373161304
164.33	43.674465339550046
164.34	45.02983433505205
164.35	54.168598870134886
164.36	52.43093287052085
164.37	57.32067316853372
164.38	58.02338250064099
164.39000000000001	45.323331670888294
164.4	46.88574210951117
164.41	40.42393142182143
164.42000000000002	38.699591913307664
164.43	53.13923831490211
164.44	50.27789516171408
164.45000000000002	54.79556309744677
164.46	65.40753707455387
164.47	54.421996643579085
164.48	62.222410872778454
164.49	50.024192257647385
164.5	47.91759095678944
164.51	50.253820791164664
164.52	33.54335896254981
164.53	43.409923223939835
164.54	39.8168164132529
164.55	57.206023811584664
164.56	52.27752999649152
164.57	55.26098869524436
164.58	52.601576553361944
164.59	51.55715332390085
164.6	48.1796897340048
164.61	34.29974404688446
164.62	22.75821619590307
164.63	35.030808786910534
164.64000000000001	48.65958794148964
164.65	38.8529948115511
164.66	33.29035637558184
164.67000000000002	37.54193579247834
164.68	41.8768449788497
164.69	39.01412003196413
164.70000000000002	31.11785025176317
164.71	29.23714673014847
164.72	33.372022299516445
164.73	33.963490252982766
164.74	28.05101248196103
164.75	28.791173085932808
164.76	26.584168937617076
164.77	38.99617821840717
164.78	35.253605664651275
164.79	42.674890212314345
164.8	58.89706317607081
164.81	49.53545552283739
164.82	40.688035371599426
164.83	53.47578999952242
164.84	53.38957752623971
164.85	40.253391653482474
164.86	37.227017787261175
164.87	37.85729079411517
164.88	39.40291377448973
164.89000000000001	29.980225009390796
164.9	38.498254108964616
164.91	54.43853002724904
164.92000000000002	61.6376428293767
164.93	53.75407231173948
164.94	53.10534435330425
164.95000000000002	45.412442112973864
164.96	45.97247585906932
164.97	51.0555976886727
164.98	44.82210174255622
164.99	32.76605529511422
165.0	44.542104297980565
165.01	48.85516813699932
165.02	53.43033654378933
165.03	51.292842151143596
165.04	59.74871133886115
165.05	54.54508204373823
165.06	40.356951559125754
165.07	27.577019946760245
165.08	36.53115406902637
165.09	35.77493278961227
165.1	25.057508974701317
165.11	25.575163269494873
165.12	41.946231364461596
165.13	44.95586410345941
165.14000000000001	57.47598658774579
165.15	49.10226953957453
165.16	46.11019904832667
165.17000000000002	48.71735511966226
165.18	55.461993266074764
165.19	46.281147502181376
165.20000000000002	47.2854169495035
165.21	42.87097147184035
165.22	54.16280812233311
165.23	49.3522770875896
165.24	49.361625841082045
165.25	57.81556045758241
165.26	50.86594145728282
165.27	42.371588780131205
165.28	38.550444165587415
165.29	37.65066510660244
165.3	35.16767312632422
165.31	34.163222708093194
165.32	36.03721957341322
165.33	26.075510587533103
165.34	52.36864097953533
165.35	57.357053896209834
165.36	47.32228693205303
165.37	40.11463198034774
165.38	41.57536558918716
165.39000000000001	48.03900863916383
165.4	42.788495880437786
165.41	43.500889691458184
165.42000000000002	42.32949243064079
165.43	30.116227283325664
165.44	38.10068695519886
165.45000000000002	27.89152087413891
165.46	25.512330449304574
165.47	44.21252279507567
165.48	39.27021531393109
165.49	36.0674358363283
165.5	37.69410825429029
165.51	34.81886096724129
165.52	29.26519008844672
165.53	28.41257632244162
165.54	18.988965459860932
165.55	13.140670058066648
165.56	45.50658583935129
165.57	35.60296754402108
165.58	41.58060000604682
165.59	46.26364984019147
165.6	61.71357868311099
165.61	48.17619311690547
165.62	55.07014914957665
165.63	53.28937338648331
165.64000000000001	45.85589154238479
165.65	34.561638759549254
165.66	30.551462093868228
165.67000000000002	37.84334245486826
165.68	46.04090373474057
165.69	43.958545713872795
165.70000000000002	42.71541903161003
165.71	46.70434672303158
165.72	39.30335607095258
165.73	36.48422563931832
165.74	33.40879080625046
165.75	36.66455572271309
165.76	46.778008699296116
165.77	48.93569454226084
165.78	37.58529199016189
165.79	41.400322754468974
165.8	47.923967269606244
165.81	40.04540236031093
165.82	44.359610166005666
165.83	36.852814770645885
165.84	44.6332878307754
165.85	22.019677958644078
165.86	25.00249521169641
165.87	22.655583606867104
165.88	26.445959111579846
165.89000000000001	38.49894833175523
165.9	26.003993766194615
165.91	42.02488425915883
165.92000000000002	45.5447356316363
165.93	36.88001858389084
165.94	34.13332880593262
165.95000000000002	36.51068034406567
165.96	28.62669994391978
165.97	28.447955782625495
165.98	22.654288517383627
165.99	34.88614238865765
166.0	38.0809193649167
166.01	35.453611215453805
166.02	42.69422129417411
166.03	42.27244624956592
166.04	47.19020489735472
166.05	47.84602972988683
166.06	31.357367542955384
166.07	45.06516683719749
166.08	35.140328521625264
166.09	46.01766499104953
166.1	40.98954583408474
166.11	49.47556656058164
166.12	32.74465321229975
166.13	43.677780165702764
166.14000000000001	35.272265554651284
166.15	36.35963683261896
166.16	37.024317300395715
166.17000000000002	48.92297932192917
166.18	38.09382388749176
166.19	53.47854049863434
166.20000000000002	42.66268629789254
166.21	41.81327844310487
166.22	21.474773332931463
166.23	28.54450884011353
166.24	29.73867174019906
166.25	44.551624003583306
166.26	59.32606897107407
166.27	53.974597499854
166.28	51.96945145769492
166.29	46.61086355884911
166.3	44.42643918884886
166.31	47.13370536165417
166.32	40.52577705908257
166.33	46.620858776600826
166.34	43.46529515795322
166.35	60.23996437425202
166.36	54.20190315460675
166.37	40.544879544677045
166.38	52.27883016799542
166.39000000000001	56.59637629542121
166.4	49.34889715562667
166.41	38.83693159666588
166.42000000000002	24.990374927590207
166.43	39.98801910625189
166.44	41.79412949806241
166.45000000000002	38.513867906704014
166.46	50.03651569694918
166.47	54.25496729635565
166.48	57.90312165323166
166.49	53.976592782270544
166.5	53.1877087907764
166.51	55.95555782517303
166.52	49.259067713365184
166.53	72.85513281270796
166.54	63.36476257839496
166.55	51.405250099483474
166.56	51.927180357899026
166.57	56.18796205964859
166.58	51.30169649986704
166.59	40.767794621730495
166.6	35.66640670348996
166.61	38.094103390748174
166.62	43.73437278539978
166.63	57.31626911043966
166.64000000000001	46.456683822639505
166.65	44.15246871024659
166.66	44.46365869890942
166.67000000000002	47.572012150041154
166.68	57.95264280021091
166.69	52.055803711962774
166.70000000000002	58.11243185083625
166.71	45.7792551112771
166.72	45.67144719973711
166.73	47.68661723189193
166.74	38.96197409142485
166.75	25.1911733157109
166.76	38.97212475860098
166.77	28.02220148552043
166.78	30.780885896559724
166.79	35.762393385510165
166.8	36.392479512157465
166.81	38.10577507689605
166.82	52.59056667252191
166.83	45.85610875015815
166.84	40.38674940139839
166.85	40.966335471056134
166.86	35.25991203408046
166.87	30.548836813649427
166.88	26.43959664590236
166.89000000000001	25.658691072538417
166.9	24.99037280728265
166.91	27.10385231268818
166.92000000000002	30.64614439177837
166.93	37.49534538346122
166.94	44.207244899536605
166.95000000000002	44.185191237211555
166.96	57.22559686493848
166.97	56.661020247322114
166.98	50.69748492108404
166.99	45.52141460015816
167.0	51.30988481723153
167.01	43.80981084445609
167.02	44.90759450817503
167.03	52.50236629899546
167.04	42.597388491884445
167.05	50.524391167906415
167.06	49.37705407715941
167.07	61.03275515434735
167.08	63.722997013378595
167.09	47.54304135554078
167.1	39.215757890815986
167.11	40.83054747538516
167.12	28.729378291135337
167.13	26.213973273657377
167.14000000000001	24.248010787767242
167.15	30.954404860554764
167.16	23.68819776419555
167.17000000000002	19.373188398621256
167.18	23.46199165338397
167.19	12.481141111745547
167.20000000000002	16.568591606271426
167.21	30.698712561229858
167.22	32.56824656630348
167.23	23.01999747466248
167.24	32.45125118091884
167.25	52.24300848992264
167.26	45.052418279204296
167.27	54.071431987757585
167.28	51.64691102135555
167.29	55.308621311857685
167.3	40.8091472710223
167.31	44.819657842501215
167.32	41.18859425486334
167.33	52.38755653567599
167.34	58.72259624483738
167.35	60.488462187103934
167.36	59.40843688982535
167.37	49.95841146945234
167.38	35.3619887129784
167.39000000000001	54.65718478474264
167.4	57.95611932397757
167.41	48.628729492184085
167.42000000000002	45.74725018044795
167.43	48.49947408508345
167.44	47.97862607780699
167.45000000000002	44.206110856062814
167.46	34.68272834085341
167.47	34.116464555980386
167.48	41.53053780951691
167.49	34.87185271002858
167.5	29.5404266362056
167.51	35.45625916116184
167.52	46.39143095397893
167.53	36.83873312062672
167.54	28.898070442401263
167.55	35.30719203688553
167.56	36.63117673411948
167.57	51.3926125185156
167.58	58.29447168105889
167.59	51.99959645254474
167.6	42.42880613492202
167.61	47.840516633498794
167.62	59.92373081851946
167.63	57.41037930595402
167.64000000000001	41.08774181283679
167.65	54.355706358360635
167.66	59.68647108014338
167.67000000000002	68.56469788680798
167.68	63.09669161056068
167.69	53.722399167206
167.70000000000002	45.61288795443176
167.71	40.46290761617255
167.72	57.63460043808718
167.73	53.75780446484173
167.74	57.52525625944238
167.75	48.25894391733272
167.76	37.31788427863362
167.77	34.49533447262911
167.78	37.237997372337844
167.79	37.25302909443201
167.8	49.9195207418673
167.81	52.01408908681087
167.82	50.24675137464984
167.83	43.95481339602123
167.84	51.59339577218712
167.85	41.622959665089596
167.86	54.200431117460994
167.87	53.683454183472065
167.88	58.972211383731185
167.89000000000001	54.01560968742814
167.9	55.10052629411745
167.91	49.511103509884336
167.92000000000002	45.796332361736056
167.93	37.97953092947475
167.94	38.78349510018466
167.95000000000002	41.36782503615817
167.96	42.4513066929066
167.97	57.68621823013699
167.98	43.49860765370675
167.99	43.09735540333496
168.0	35.470105804476155
168.01	37.851239248287214
168.02	28.40337819690922
168.03	22.373135608162162
168.04	12.396480075402067
168.05	18.396136741830432
168.06	25.404174152537305
168.07	42.61195337633686
168.08	37.98847534568072
168.09	36.51063792974476
168.1	36.00686465222364
168.11	32.70169071164061
168.12	33.869790030049224
168.13	45.47408522717037
168.14000000000001	43.49403350707686
168.15	41.43450975322392
168.16	44.99699077196057
168.17000000000002	49.39249841667324
168.18	63.71717396355214
168.19	62.100009459354744
168.20000000000002	59.80604616513813
168.21	59.91668654826101
168.22	48.27338561768752
168.23	52.42056095381356
168.24	55.96556076979034
168.25	54.25702008592113
168.26	41.09603757892364
168.27	37.53520114336426
168.28	34.524674880750766
168.29	38.019990297173216
168.3	29.810697182353714
168.31	27.399432002417456
168.32	25.597911955071986
168.33	28.110266664570034
168.34	27.66312744238421
168.35	31.806822010964208
168.36	23.701854558970027
168.37	38.308262232091835
168.38	40.20977525916683
168.39000000000001	35.58872308627245
168.4	38.183771175411586
168.41	35.6482832732302
168.42000000000002	19.184840602402716
168.43	22.194351008357472
168.44	33.45949974450683
168.45000000000002	38.62232516615675
168.46	49.3275665106662
168.47	66.63500348466788
168.48	60.119385996430424
168.49	45.82782641571109
168.5	59.34296273845385
168.51	59.768111497100904
168.52	50.546870898067965
168.53	39.51619799099985
168.54	34.802286880674274
168.55	37.64686585781921
168.56	49.20787763872118
168.57	40.90361541922779
168.58	44.423875222823334
168.59	38.89836352899862
168.6	48.47601379374365
168.61	56.59124302115141
168.62	64.05483678190964
168.63	61.555748983858635
168.64000000000001	50.94621094261211
168.65	46.44942693187374
168.66	42.724219839389235
168.67000000000002	34.87933918013085
168.68	36.79861085879061
168.69	47.69726276326383
168.70000000000002	34.690209287555675
168.71	43.09379778527846
168.72	46.862904007326186
168.73	39.35174614548718
168.74	26.572444308399543
168.75	28.93728564859198
168.76	33.34851358188707
168.77	29.416027211207602
168.78	31.178964677222115
168.79	33.94178431850234
168.8	44.324073385430566
168.81	51.59477683205488
168.82	58.58263647619132
168.83	51.6272650412867
168.84	38.07601494021901
168.85	39.534434024429714
168.86	33.542494092619854
168.87	41.38616127486484
168.88	53.34914413133247
168.89000000000001	50.002921215909694
168.9	70.24880672251346
168.91	59.671550171898204
168.92000000000002	49.878267750919115
168.93	45.85083325949753
168.94	59.95165203260986
168.95000000000002	54.317844299397954
168.96	44.82592091642638
168.97	49.910048414522265
168.98	40.80267569757326
168.99	49.022993908677904
169.0	41.83361690987428
169.01	42.86825603092215
169.02	54.50481089108904
169.03	52.847192676788886
169.04	56.213949794213306
169.05	61.32220040568318
169.06	61.69016385848523
169.07	55.5310466020534
169.08	40.180596124798406
169.09	51.33553637277022
169.1	53.84790747220143
169.11	55.63427803148075
169.12	59.37267384710472
169.13	57.88317434713414
169.14000000000001	58.343934286289844
169.15	60.28457108805161
169.16	51.21608231766991
169.17000000000002	56.22849670423427
169.18	57.12280517756022
169.19	45.20098395030892
169.20000000000002	49.109608488627096
169.21	61.41710015715619
169.22	55.49783990329436
169.23	47.68563943226287
169.24	54.84743792801256
169.25	52.93221765694446
169.26	50.9722591888941
169.27	42.44549400056895
169.28	54.65568692160301
169.29	54.103845689015145
169.3	42.022009604359354
169.31	46.27271107397426
169.32	48.79501034194827
169.33	48.18697530128236
169.34	45.662787727533306
169.35	52.30219341943821
169.36	45.678893346055645
169.37	52.946310435966524
169.38	40.34283409948132
169.39000000000001	53.024336019757015
169.4	50.12278190826809
169.41	43.31126681940075
169.42000000000002	38.461343887828576
169.43	39.246167772764615
169.44	41.02467676006051
169.45000000000002	52.83715660598165
169.46	58.63470192138248
169.47	56.111020800935066
169.48	56.74154784177865
169.49	41.319541043382024
169.5	39.844711186969334
169.51	60.15619364309994
169.52	55.86686612979202
169.53	47.18652073378997
169.54	42.984952971292834
169.55	31.857268038463737
169.56	49.50290604017459
169.57	46.08886903984607
169.58	48.785302765242314
169.59	57.41621818842741
169.6	58.388413009892005
169.61	60.32998840897148
169.62	48.90474651246913
169.63	43.56693467541633
169.64000000000001	43.00970237637606
169.65	35.88354061485619
169.66	35.14468724358699
169.67000000000002	56.59004341447769
169.68	57.18565816562023
169.69	54.564658862743045
169.70000000000002	59.70983146870928
169.71	58.244382195374996
169.72	44.30405653071651
169.73	31.93254299942507
169.74	37.43573313398797
169.75	42.630531712928644
169.76	37.01436477675364
169.77	35.92640039569255
169.78	42.02115400952475
169.79	46.78314691895071
169.8	49.37155997273307
169.81	41.952257452492006
169.82	46.42913990179804
169.83	32.63261068333161
169.84	37.05047903019257
169.85	18.3106396173158
169.86	17.31050058922507
169.87	29.376931031924585
169.88	39.625116574811514
169.89000000000001	45.61351185358529
169.9	45.91135397542222
169.91	52.62737899835277
169.92000000000002	33.64802847988355
169.93	39.76996951376782
169.94	50.88396166967507
169.95000000000002	47.59412444185077
169.96	40.83030904501004
169.97	38.77760611397177
169.98	55.57159459432194
169.99	43.454634713752526
170.0	43.31210852653054
170.01	35.25475726727793
170.02	37.96780786394123
170.03	26.560245120808904
170.04	26.578329660068707
170.05	29.566780423278157
170.06	28.642998548920524
170.07	36.11227579752297
170.08	41.66084464910222
170.09	31.73167339451786
170.1	42.40488015235487
170.11	51.00276782437355
170.12	48.909152134037384
170.13	45.91066222183743
170.14000000000001	34.41419421254974
170.15	31.990324385138532
170.16	35.28813917645959
170.17000000000002	39.23014717419517
170.18	21.49474121206102
170.19	25.37359013725108
170.20000000000002	13.129943566020009
170.21	30.512566229488254
170.22	39.18636675578261
170.23	38.905581968696794
170.24	41.03105678843091
170.25	26.520265915517754
170.26	22.997847937160643
170.27	41.388018531540915
170.28	40.218795388410115
170.29	52.32024039120646
170.3	42.52741916437821
170.31	35.53805733672581
170.32	34.00036929491493
170.33	36.883358340522
170.34	40.2737563805331
170.35	38.53914756754179
170.36	47.13551608279188
170.37	49.7330243151465
170.38	58.87226469220903
170.39000000000001	45.491107439180624
170.4	44.0142877148368
170.41	41.302548783917416
170.42000000000002	35.538428212071665
170.43	35.61395160980885
170.44	26.866889777631794
170.45000000000002	35.89486455496766
170.46	32.436530676430664
170.47	34.680726407057804
170.48	38.24687704423171
170.49	44.664941703596256
170.5	49.37564126512942
170.51	46.54355684234914
170.52	37.9096330296643
170.53	42.12270307589754
170.54	30.006853208565683
170.55	36.6953835274152
170.56	40.56776278246475
170.57	44.1084941387247
170.58	46.82307284224853
170.59	37.364250982534955
170.6	38.491927298132
170.61	38.75743990556509
170.62	40.03580391286252
170.63	50.2930012190911
170.64000000000001	34.925176968023166
170.65	39.49858368286288
170.66	48.6933755018105
170.67000000000002	48.012076993418724
170.68	56.61601665944171
170.69	45.71209024182302
170.70000000000002	43.75243852693907
170.71	44.51744332727202
170.72	30.74245585590127
170.73	38.195083902548
170.74	49.90076353683055
170.75	39.59100499533701
170.76	33.784455497251145
170.77	35.039474359337504
170.78	46.8786705781447
170.79	51.95198859451969
170.8	30.709550771682874
170.81	24.30092961703249
170.82	30.32079552101566
170.83	33.729151976148835
170.84	39.72899237359264
170.85	52.34075557966712
170.86	52.712774469545465
170.87	55.10367551599099
170.88	44.06903958849598
170.89000000000001	40.051872032281736
170.9	33.81429989342225
170.91	28.356678371258955
170.92000000000002	41.48496414705115
170.93	44.785557184941
170.94	41.1505966827782
170.95000000000002	59.812019231198995
170.96	57.269823860553146
170.97	53.38567744033371
170.98	46.39589742431985
170.99	37.0204728608995
171.0	41.42683594694969
171.01	26.922524097360622
171.02	35.73694396001376
171.03	45.40339706684273
171.04	39.9981757467076
171.05	47.46698458439069
171.06	63.13597256264448
171.07	66.68949911091245
171.08	57.54711091712002
171.09	51.257248334637644
171.1	40.850681573794795
171.11	42.44154526872882
171.12	45.1579164072139
171.13	33.33092426821392
171.14000000000001	32.584340784729655
171.15	44.99776358962999
171.16	47.8053407967301
171.17000000000002	58.02906649346872
171.18	48.19731224717197
171.19	53.250678241497006
171.20000000000002	52.902500847702655
171.21	44.32189946716071
171.22	39.44433863231421
171.23	41.2061649595478
171.24	49.41696421609177
171.25	44.514522776205865
171.26	42.46933598470226
171.27	40.70579075781149
171.28	41.48607749610805
171.29	36.96225592346065
171.3	37.098026963608376
171.31	36.912925681558946
171.32	28.69371218312536
171.33	30.42587277827116
171.34	45.75278875344185
171.35	34.06394174732053
171.36	26.843236906972564
171.37	38.56599455312265
171.38	43.320828914427345
171.39000000000001	44.053753890979586
171.4	48.24741814333061
171.41	42.6912429855306
171.42000000000002	39.7181329816249
171.43	35.47459742859565
171.44	43.725769848312545
171.45000000000002	40.45640932909275
171.46	49.26768793851009
171.47	39.7686799974918
171.48	32.47813675907725
171.49	35.04058160045259
171.5	54.942377507282764
171.51	54.808183875023836
171.52	52.693351125744385
171.53	45.83832680399856
171.54	38.24485073931076
171.55	50.728978259688915
171.56	36.66692278545492
171.57	40.02192951124411
171.58	42.09730269336988
171.59	43.56578343490822
171.6	38.41834444347561
171.61	42.34755922888092
171.62	35.763335365190535
171.63	38.082211188836034
171.64000000000001	34.77401144251708
171.65	35.81690921409797
171.66	41.29657522558949
171.67000000000002	50.83674221367642
171.68	69.32846926939047
171.69	59.38582913088533
171.70000000000002	61.15132105923976
171.71	47.81780290849441
171.72	53.52181245131631
171.73	52.28262088482073
171.74	51.66000993448969
171.75	54.35870760774718
171.76	56.17761981316781
171.77	46.79904453540919
171.78	42.90712356107543
171.79	53.720986301650655
171.8	36.11969056395365
171.81	48.81631332800143
171.82	42.07335245879496
171.83	41.018090560109286
171.84	56.25680840748972
171.85	54.90175854033451
171.86	43.969555326441075
171.87	44.940101612944204
171.88	37.49378460827716
171.89000000000001	38.564054753245244
171.9	37.36733664564941
171.91	41.30299380846402
171.92000000000002	69.92597900482978
171.93	69.19104170234591
171.94	58.51717690045646
171.95000000000002	51.42049258609692
171.96	51.16497925800441
171.97	53.97579934816132
171.98	56.553555123889694
171.99	41.75901312200005
172.0	24.98863324166626
172.01	23.669830292794796
172.02	28.061740815567493
172.03	31.726962895688896
172.04	50.164640242187744
172.05	43.555697043752055
172.06	51.561280944877375
172.07	57.46536165107528
172.08	48.962642255782676
172.09	45.29293959454203
172.1	54.807181550791
172.11	53.42861577326561
172.12	51.446252114094214
172.13	49.078952369674894
172.14000000000001	39.26926748039251
172.15	32.13025085698904
172.16	33.87935405093717
172.17000000000002	28.795437705660554
172.18	43.09413400181755
172.19	29.295133708252333
172.20000000000002	19.69129190613686
172.21	29.75426388974407
172.22	27.23254348525004
172.23	42.94514383909054
172.24	45.621663799886655
172.25	45.014864206127776
172.26	61.99426354828039
172.27	55.55722971139386
172.28	70.91500660684719
172.29	65.96424753570535
172.3	65.6493271752427
172.31	66.85826473083121
172.32	63.0053535344416
172.33	50.019830107698276
172.34	57.430326274790346
172.35	44.494655189206426
172.36	48.718205410545096
172.37	50.777333345354414
172.38	44.852468753455845
172.39000000000001	50.39786119897615
172.4	44.49351935478598
172.41	42.93471769909397
172.42000000000002	49.957123360081425
172.43	45.088572723186715
172.44	43.92946324116049
172.45000000000002	43.32499048540125
172.46	45.815438227744444
172.47	51.357924446005825
172.48	43.49256536298746
172.49	47.64362115607463
172.5	51.64998934531027
172.51	61.54906006930065
172.52	53.02808767944133
172.53	35.89278199279645
172.54	47.40378349410076
172.55	43.836215794823204
172.56	40.27188836596441
172.57	32.107464012076456
172.58	33.79492686074503
172.59	27.973757850565995
172.6	24.2309960082853
172.61	22.264955145810788
172.62	24.940512457276316
172.63	35.789997451901314
172.64000000000001	35.82097002868703
172.65	36.479927322674605
172.66	32.00500353262571
172.67000000000002	45.33109882296973
172.68	48.080358701724776
172.69	40.82218633652123
172.70000000000002	39.406567139798135
172.71	41.30375900304688
172.72	38.70645209264561
172.73	41.81632054764338
172.74	45.01121926078234
172.75	51.90531846726046
172.76	52.483466437984646
172.77	42.164200850931564
172.78	48.86037160012453
172.79	50.96530001282945
172.8	75.8023412949171
172.81	69.901462911098
172.82	57.3091301693277
172.83	49.72131092936564
172.84	53.4125250764098
172.85	45.80595118257176
172.86	38.46976753597277
172.87	26.70868247961672
172.88	26.169084400275977
172.89000000000001	23.15158507068481
172.9	21.08471436475665
172.91	47.307916168905656
172.92000000000002	47.56442715958726
172.93	44.308899073958024
172.94	56.416438113930134
172.95000000000002	51.74019342696179
172.96	42.69926243422801
172.97	40.90811717274971
172.98	39.385944633534734
172.99	40.658246390436965
173.0	41.98701736138036
173.01	43.04619755625908
173.02	38.3854247185432
173.03	50.65506896221071
173.04	48.03734035525816
173.05	42.47032039958142
173.06	45.68811104010623
173.07	36.28343075637237
173.08	40.13246199366093
173.09	32.056729011538344
173.1	26.817574676414345
173.11	18.613915365322775
173.12	27.9528488117523
173.13	29.72242709090077
173.14000000000001	37.7281785954677
173.15	37.23308867018566
173.16	31.382933497805027
173.17000000000002	27.366281191249552
173.18	29.584066113179276
173.19	36.040955586995295
173.20000000000002	49.227751355948186
173.21	46.443099890039655
173.22	35.0744833162827
173.23	37.43191143446763
173.24	55.81998418829706
173.25	53.572097184817075
173.26	50.693764098531126
173.27	45.00833688408561
173.28	38.3333384633763
173.29	26.611850669137304
173.3	35.607656598888234
173.31	38.7438049393886
173.32	46.997831419233144
173.33	42.86663292773876
173.34	44.825667328367075
173.35	35.170353976076775
173.36	43.22561314633648
173.37	36.09728580090093
173.38	31.223070049096545
173.39000000000001	27.909295679373937
173.4	41.59452344356322
173.41	50.88742592407198
173.42000000000002	44.70657822565962
173.43	65.5873011014225
173.44	57.66163292351864
173.45000000000002	43.90413482866329
173.46	39.08000393924737
173.47	36.331423498836855
173.48	47.76647553563805
173.49	38.15983104448628
173.5	40.20358094696053
173.51	47.18379205764811
173.52	49.34377406083023
173.53	37.24099473176094
173.54	26.171166550126646
173.55	49.03292193161919
173.56	54.81506104193831
173.57	39.14415136436228
173.58	38.6268500119405
173.59	48.81392154033955
173.6	43.93865739676247
173.61	50.52609352256929
173.62	42.31628493572922
173.63	39.41114586014193
173.64000000000001	33.33375757012396
173.65	43.75761760115206
173.66	40.2961053678877
173.67000000000002	42.99698429497244
173.68	51.03767772391778
173.69	51.0214924845643
173.70000000000002	56.544395394403764
173.71	44.97406526454526
173.72	39.80696786231834
173.73	43.762186303267335
173.74	30.360753149097505
173.75	43.411068994900475
173.76	46.59128226775851
173.77	29.88753980816805
173.78	43.0612941875816
173.79	40.372542083204635
173.8	58.70832787134337
173.81	60.596798796465535
173.82	53.0712333506075
173.83	34.598615077372244
173.84	31.833513512586958
173.85	33.58597592033211
173.86	41.53978513146667
173.87	39.45532569152461
173.88	31.788509653111017
173.89000000000001	47.80083993331601
173.9	40.690091526347494
173.91	44.823843223558676
173.92000000000002	33.34194745844202
173.93	50.45283652181249
173.94	48.398237519805306
173.95000000000002	56.07875375083057
173.96	44.88511320467031
173.97	44.049133962520926
173.98	41.84509816421803
173.99	45.28271281457214
174.0	49.513591626163766
174.01	41.5708305348746
174.02	41.94833537264973
174.03	52.91601382224099
174.04	58.953743733442984
174.05	43.241099906990755
174.06	45.57828119993702
174.07	50.39387254736062
174.08	53.8266719015121
174.09	51.78537807830331
174.1	62.49777619081913
174.11	59.812161523846335
174.12	67.72971931524411
174.13	62.24354510244042
174.14000000000001	44.74337571648749
174.15	42.7966287012378
174.16	36.15694528538285
174.17000000000002	42.07353048291832
174.18	37.62012423939733
174.19	39.01096091040699
174.20000000000002	34.626342029875715
174.21	29.443611305311336
174.22	13.771007602804081
174.23	25.218755813468174
174.24	18.329369097083298
174.25	22.377075772523362
174.26	21.590436701777744
174.27	31.651297709409093
174.28	29.633607550438857
174.29	31.045156516885395
174.3	39.4831967566431
174.31	35.7999674654563
174.32	43.36523343455872
174.33	37.240080482559925
174.34	40.01187541260543
174.35	55.54903698802868
174.36	51.55785050126064
174.37	43.2182217954314
174.38	39.55823131303005
174.39000000000001	40.88520378030941
174.4	41.592265122659896
174.41	44.92630364071458
174.42000000000002	50.20928938835199
174.43	59.68095649973354
174.44	65.17706601061599
174.45000000000002	51.50910300514063
174.46	53.512411062772394
174.47	41.333352812684964
174.48	38.75149984072186
174.49	39.97596717617025
174.5	27.552395034405333
174.51	43.251433794770215
174.52	32.62504260288717
174.53	34.803420953606526
174.54	33.63954513343891
174.55	42.85517020243062
174.56	39.55631520799383
174.57	20.073207742508686
174.58	21.36040067071331
174.59	33.13578986042789
174.6	27.221963543234168
174.61	29.732941160415848
174.62	16.819800210497966
174.63	35.599878302657636
174.64000000000001	31.784761020341843
174.65	29.299763569926032
174.66	37.10033687493402
174.67000000000002	49.06436433160062
174.68	53.884552926921415
174.69	56.072068870865934
174.70000000000002	56.2574895020038
174.71	57.80072525125299
174.72	50.28108545230993
174.73	44.32185923622429
174.74	34.08139228438329
174.75	30.53209555341478
174.76	24.53222990254131
174.77	15.34814673513429
174.78	25.07863971278549
174.79	24.028407153795158
174.8	30.02285930505995
174.81	22.539097619507807
174.82	28.239931009579152
174.83	23.922947575806603
174.84	23.699888311792254
174.85	22.786284415946287
174.86	31.838913786418722
174.87	35.26841520651836
174.88	37.37334792647501
174.89000000000001	51.11214755522323
174.9	53.860605978195544
174.91	35.73165469530599
174.92000000000002	41.05251042586743
174.93	38.832789383312125
174.94	38.14405545239214
174.95000000000002	31.64327526430602
174.96	26.51401539712201
174.97	35.129624694115186
174.98	35.03221748853381
174.99	25.304811802886036
175.0	24.339371414395185
175.01	25.54754301331098
175.02	37.215264271824296
175.03	40.311709350655
175.04	41.6943056417278
175.05	40.85511518249036
175.06	45.86316728013991
175.07	41.28625631020302
175.08	56.78812756670011
175.09	54.49928496941282
175.1	47.620524883668175
175.11	41.29114708184134
175.12	45.235491662571675
175.13	49.584404723860054
175.14000000000001	55.900113114248285
175.15	57.56657304013392
175.16	50.12393413789359
175.17000000000002	50.85601404583849
175.18	65.46131667051472
175.19	57.37235131402232
175.20000000000002	48.88955512745089
175.21	56.29931121261659
175.22	44.51386967270818
175.23	54.061918355381856
175.24	44.278707136114875
175.25	30.94049258685846
175.26	26.5180546628661
175.27	30.26448862095208
175.28	31.65130142561484
175.29	39.243094815495795
175.3	44.713922719234326
175.31	59.915986391936634
175.32	55.71859831612688
175.33	60.22413078375352
175.34	47.76882490483657
175.35	53.29265131042965
175.36	51.43138841304365
175.37	43.975544717104235
175.38	42.29580159306114
175.39000000000001	48.26075651232879
175.4	45.429180195775935
175.41	48.26016293875696
175.42000000000002	51.2025930282825
175.43	50.44556668097265
175.44	41.97550609687308
175.45000000000002	49.239909160576005
175.46	35.16458774681271
175.47	25.237895352472542
175.48	28.38189195512967
175.49	24.44109530575812
175.5	37.15838538585103
175.51	35.1574763514795
175.52	41.782423271208536
175.53	37.00708699811045
175.54	46.74841122989468
175.55	37.41921881450111
175.56	41.5019702014041
175.57	40.56074809271474
175.58	32.44296169742176
