{"lower age limit": 20, "upper age limit": 30, "mean": 5.632014596206895, "std": 2.5856290640614215, "Reversal rate": 3.8}