{"lower age limit": 50, "upper age limit": 60, "mean": 5.733954156333333, "std": 2.279097259092468, "Reversal rate": 1.4}