{"lower age limit": 30, "upper age limit": 40, "mean": 3.833555938722892, "std": 2.376172583056214, "Reversal rate": 1.8}