{"lower age limit": 40, "upper age limit": 50, "mean": 3.006617052, "std": 1.4142951387439369, "Reversal rate": 0.8}