{"lower age limit": 60, "upper age limit": 70, "mean": 4.179011472297296, "std": 2.452996649393843, "Reversal rate": 1.0}