{"lower age limit": 10, "upper age limit": 20, "mean": 3.744329052707183, "std": 2.2376651631689373, "Reversal rate": 3.4}