{"lower age limit": 70, "upper age limit": 80, "mean": 3.6670000000000007, "std": 1.3031228763126026, "Reversal rate": 0.8}