{"lower age limit": 10, "upper age limit": 84, "mean": 4.056524364099568, "std": 2.3727838750413675, "Reversal rate": 1.837837837837838}