0.0	19.333313320921366
0.01	24.728721412931286
0.02	22.43668173727525
0.03	24.695895557415437
0.04	35.28932964182263
0.05	31.694231985416124
0.06	33.631799585245886
0.07	36.80262408398696
0.08	38.07386815408365
0.09	27.95952727282776
0.1	29.377807986729824
0.11	15.551876486940275
0.12	32.898523587694044
0.13	51.515830195342474
0.14	48.45421847237498
0.15	35.13475939711442
0.16	24.27848886441019
0.17	54.1854154936725
0.18	54.189310555542626
0.19	52.357600954830545
0.2	47.98989697611763
0.21	47.87499838543728
0.22	39.255618754786674
0.23	31.88159429898704
0.24	35.4573512085074
0.25	54.050703676557895
0.26	47.48331904387624
0.27	36.607934039550045
0.28	31.575906986446928
0.29	38.27072605153151
0.3	33.73481129443774
0.31	20.992168337321107
0.32	12.675764153612688
0.33	33.41090050493882
0.34	50.65725068558943
0.35000000000000003	35.972896231335866
0.36	33.89435260331692
0.37	51.63904061618836
0.38	53.50512360834554
0.39	50.54487459461084
0.4	51.61237654392154
0.41000000000000003	42.21124952404839
0.42	28.934570978084324
0.43	44.76016269028755
0.44	36.17619687144856
0.45	25.372578881928487
0.46	33.88404663127688
0.47000000000000003	35.54235593774259
0.48	39.81237831426192
0.49	38.93863755558654
0.5	33.96550164091246
0.51	36.810459900102934
0.52	38.59281058399048
0.53	43.82040900155756
0.54	42.017600511493754
0.55	32.42600260730041
0.56	54.46807409786325
0.5700000000000001	57.459754235378256
0.58	60.98304231385993
0.59	47.45377853189615
0.6	54.327510603745644
0.61	52.730982227626264
0.62	62.63840796460993
0.63	60.47280335780929
0.64	58.55956529287279
0.65	51.66081747844662
0.66	46.147326346261046
0.67	44.90577349110457
0.68	56.20316835819127
0.6900000000000001	37.11354858287
0.7000000000000001	33.67571254475705
0.71	27.56061000449882
0.72	21.699954184522557
0.73	42.94465588142167
0.74	40.24490818245326
0.75	46.23743957582161
0.76	66.99501842549758
0.77	65.52252327841616
0.78	71.03724402510284
0.79	63.598190955490566
0.8	57.883650115444375
0.81	60.27981840182143
0.8200000000000001	52.13639902430677
0.8300000000000001	41.31917407376007
0.84	42.52959921991504
0.85	34.0901048037381
0.86	47.190422044542366
0.87	40.13420539042208
0.88	42.27712251952415
0.89	42.004279426764185
0.9	41.39184301113455
0.91	38.559939948966814
0.92	39.33810232767249
0.93	39.26012754943535
0.9400000000000001	41.09123441415458
0.9500000000000001	34.47821794992355
0.96	34.99128212590523
0.97	42.04403515967437
0.98	33.31301570521476
0.99	24.91569026050836
1.0	19.527168744355347
1.01	24.85994928121692
1.02	28.061489241266727
1.03	36.753716655326855
1.04	56.24653455168862
1.05	39.96286643064927
1.06	34.21127503404024
1.07	26.470482296577096
1.08	17.04595385037978
1.09	24.942977428160837
1.1	23.95321046507955
1.11	46.29024123596433
1.12	46.547322361499745
1.1300000000000001	49.32022096034703
1.1400000000000001	47.34003865014616
1.1500000000000001	39.45210573488739
1.16	51.13858072132353
1.17	40.24596875354138
1.18	21.907648750898115
1.19	33.04439717071304
1.2	50.21488903378928
1.21	53.88783621370757
1.22	59.476878338175354
1.23	50.825436382244824
1.24	40.603327420541255
1.25	22.633066495456998
1.26	15.830551975844951
1.27	33.614227467925836
1.28	55.16336551008222
1.29	63.537205667041
1.3	52.90359724902197
1.31	59.59854249981812
1.32	53.8667258095006
1.33	37.947288578350566
1.34	35.81898525470286
1.35	42.92672255502667
1.36	41.193360612133404
1.37	39.7293617595861
1.3800000000000001	35.50671049196737
1.3900000000000001	40.964866608041774
1.4000000000000001	52.857018533834434
1.41	44.58443756425353
1.42	45.71077778632284
1.43	54.014547559710905
1.44	42.87372016395106
1.45	44.24908717681674
1.46	53.33226621784827
1.47	46.84499084015641
1.48	36.63344659502536
1.49	39.49331133032392
1.5	35.91091970420056
1.51	23.79560420548132
1.52	28.559784589677648
1.53	36.694474533809945
1.54	32.418128995187125
1.55	22.063618079619715
1.56	46.13856724009509
1.57	47.37187172642113
1.58	49.24346083380126
1.59	50.603940757519645
1.6	40.48109844291905
1.61	41.29004529519443
1.62	50.29123182320789
1.6300000000000001	48.10845734213157
1.6400000000000001	36.932754548618576
1.6500000000000001	40.69396750239594
1.6600000000000001	40.242573487893694
1.67	36.18190040151818
1.68	41.99748462807435
1.69	35.07663075581955
1.7	59.527251806913455
1.71	52.051490773090116
1.72	52.195666556199825
1.73	43.85074036158523
1.74	47.437068868213
1.75	45.23039281006209
1.76	40.208470680053345
1.77	40.12860471305636
1.78	43.237592303054605
1.79	53.8407643479876
1.8	48.97145601938189
1.81	33.75216813963143
1.82	26.893150468956584
1.83	32.74375283890355
1.84	44.10656950728222
1.85	53.6578681546101
1.86	52.483993621490676
1.87	45.48391362696092
1.8800000000000001	52.46722754945023
1.8900000000000001	53.46357274296689
1.9000000000000001	47.46438122403715
1.9100000000000001	46.78630916172627
1.92	46.06813655594184
1.93	34.40835138751431
1.94	51.179597261311486
1.95	47.8320322490257
1.96	42.595998385674044
1.97	50.06093933139007
1.98	48.91323935766617
1.99	53.91703026518456
2.0	47.43251562502581
2.0100000000000002	72.78118961257371
2.02	62.25496815179261
2.0300000000000002	51.78891005805812
2.04	51.67554045482029
2.05	41.98899083940477
2.06	33.802703515409036
2.07	54.23738642752052
2.08	47.52256011024216
2.09	43.453761449474676
2.1	42.11142771062408
2.11	42.732330990093665
2.12	34.066528388769385
2.13	35.96634730453082
2.14	47.97059883870964
2.15	45.57477969342792
2.16	33.68251407373642
2.17	25.259630315280898
2.18	40.138100273280706
2.19	41.30142792790836
2.2	48.13783559935169
2.21	47.245268822690136
2.22	37.318942601188795
2.23	34.76785771559367
2.24	36.24888603343392
2.25	50.29117248797312
2.2600000000000002	42.011750270119805
2.27	39.77710889617845
2.2800000000000002	45.304551422864414
2.29	50.33682618389486
2.3000000000000003	43.7042996815878
2.31	46.72833164569836
2.32	47.64719717663661
2.33	34.962085813515465
2.34	32.81932802056468
2.35	33.766654219235654
2.36	39.23676953194185
2.37	34.04055939296481
2.38	16.864799675709214
2.39	12.289502187710973
2.4	18.32298206739007
2.41	14.328276284609805
2.42	32.44819635484701
2.43	27.309742296040376
2.44	38.04092842004338
2.45	51.44342696071588
2.46	52.01111480640824
2.47	46.22404326400586
2.48	46.23452091073679
2.49	45.45087431740987
2.5	52.518183838469
2.5100000000000002	42.107024644504584
2.52	45.53760403573717
2.5300000000000002	31.400239071468715
2.54	40.33009412577863
2.5500000000000003	48.01297887033694
2.56	43.51374263729136
2.57	40.52569877387462
2.58	49.45320159683424
2.59	55.70854224693292
2.6	52.65344679659192
2.61	44.51801900761613
2.62	34.345379168118775
2.63	24.08460645666353
2.64	43.309606242568
2.65	42.08620137417029
2.66	43.89427373937172
2.67	52.78959784954262
2.68	58.74640379863172
2.69	51.2975178399603
2.7	56.10220068985973
2.71	62.37020395600973
2.72	49.376084787556024
2.73	45.35763344873823
2.74	37.681206417085306
2.75	33.72116105783983
2.7600000000000002	49.67447420581072
2.77	39.83894684314083
2.7800000000000002	36.62387988342191
2.79	27.769161995967437
2.8000000000000003	14.281479872769204
2.81	21.391834802114428
2.82	22.725525071563087
2.83	12.394237208661927
2.84	25.88066626823646
2.85	60.879766009067616
2.86	52.621456825309544
2.87	50.373767873975076
2.88	62.077463383174205
2.89	48.92154025888952
2.9	49.58024071365999
2.91	47.63540846626981
2.92	41.01780562734352
2.93	29.266880994245305
2.94	37.367482846672864
2.95	36.05070851932209
2.96	38.104943197817946
2.97	41.4724689264702
2.98	37.189831084462575
2.99	28.171845645791944
3.0	38.22940563698966
3.0100000000000002	30.285091400702935
3.02	27.985755060158784
3.0300000000000002	26.69407227307435
3.04	22.33769755542054
3.0500000000000003	30.238467512050452
3.06	42.505701879992806
3.0700000000000003	40.68291500784987
3.08	49.00574882367711
3.09	49.01790152866016
3.1	41.307401540698294
3.11	32.094091811854064
3.12	35.91318652055114
3.13	42.36049774469321
3.14	40.55311535956184
3.15	45.234625287671
3.16	43.768307038050025
3.17	40.999947685689456
3.18	38.19461425223131
3.19	40.073086309004424
3.2	38.12696818731451
3.21	39.136295029893034
3.22	48.71880559936648
3.23	55.64384413280923
3.24	50.533470056351526
3.25	56.63392618862801
3.2600000000000002	52.64910529421114
3.27	47.45362509446594
3.2800000000000002	43.79927556441464
3.29	44.718865580924096
3.3000000000000003	49.09363411415961
3.31	34.98931160545283
3.3200000000000003	32.35356773392122
3.33	29.634330064775117
3.34	23.620045552628238
3.35	52.775464193052215
3.36	52.55002586415891
3.37	66.37845645196101
3.38	62.00618069581311
3.39	63.5960056847471
3.4	58.54204012604946
3.41	51.34191434333749
3.42	54.856906233128925
3.43	48.095962837741716
3.44	58.704929688843315
3.45	42.02575037405846
3.46	42.08071187576809
3.47	54.242369341149754
3.48	52.791464420497874
3.49	42.32055434486344
3.5	37.98208911787033
3.5100000000000002	51.62932515001698
3.52	53.670749348287536
3.5300000000000002	55.85973650101979
3.54	59.821678381859954
3.5500000000000003	66.43435602158381
3.56	62.72381102185227
3.5700000000000003	49.91576409320863
3.58	35.15226340118764
3.59	40.415045373092575
3.6	44.439892115088874
3.61	40.76121698727477
3.62	39.386055082372685
3.63	35.67486829565476
3.64	34.83685094034031
3.65	38.14386602685147
3.66	40.60009067753814
3.67	28.159215478769983
3.68	21.393167989866633
3.69	24.254526628798757
3.7	28.757425556927963
3.71	31.57548090968736
3.72	35.967872467673175
3.73	25.99890221330858
3.74	34.87588910780012
3.75	35.58926449350849
3.7600000000000002	40.01948286843391
3.77	48.649236688696966
3.7800000000000002	45.06067702509878
3.79	36.66408562586907
3.8000000000000003	27.356889659148326
3.81	27.14273949854681
3.8200000000000003	51.816138122887516
3.83	40.67578689281336
3.84	34.83863339434153
3.85	29.3548009306526
3.86	40.75928099937323
3.87	50.266038594804634
3.88	45.25661496249772
3.89	38.68457186897192
3.9	54.964158876699614
3.91	49.53820601614193
3.92	47.98089863941059
3.93	36.845345913038344
3.94	41.46109712705569
3.95	56.55561968995572
3.96	44.92786363440605
3.97	31.188792786270625
3.98	36.03728694767235
3.99	32.83474856973856
4.0	38.6606339975626
4.01	44.5542652403998
4.0200000000000005	40.64091123606076
4.03	46.407615247511636
4.04	51.014115346458716
4.05	62.64558616854438
4.0600000000000005	49.39659447978647
4.07	45.28277347672112
4.08	37.08101920259881
4.09	32.54652687359756
4.1	27.13595130130244
4.11	29.677050161842534
4.12	34.90497109612125
4.13	36.01924126818842
4.14	32.676726345719075
4.15	18.597526699285496
4.16	24.9873138598109
4.17	25.74265891461252
4.18	31.523072289738934
4.19	20.025642583907384
4.2	31.757000613186154
4.21	28.686196796095125
4.22	21.62804255686906
4.23	25.14482845286173
4.24	16.82077316039253
4.25	22.856688907747614
4.26	39.12013980975666
4.2700000000000005	46.89874532610686
4.28	40.31187232213939
4.29	38.995245754303454
4.3	33.55527826435255
4.3100000000000005	27.926933931900006
4.32	16.962606882110105
4.33	14.988894290624728
4.34	21.58584545559207
4.3500000000000005	39.23025399357263
4.36	29.66046343839204
4.37	37.29608372655765
4.38	45.05983387037345
4.39	36.31303882781043
4.4	43.331019229396716
4.41	35.29525505072644
4.42	41.74281437148773
4.43	33.88044954373287
4.44	42.46915368938089
4.45	36.02845581456613
4.46	34.55627912140194
4.47	32.42142690699131
4.48	49.766991104048
4.49	51.42654174122947
4.5	38.29326295238789
4.51	44.59011634848012
4.5200000000000005	39.93006795252782
4.53	42.928962441094356
4.54	45.806351853130266
4.55	41.2085058329021
4.5600000000000005	31.71960073087157
4.57	40.82912220966176
4.58	49.363366697908745
4.59	39.09056447295497
4.6000000000000005	36.97162849123899
4.61	58.08244842576031
4.62	53.41603238648279
4.63	54.64378871721595
4.64	64.92508771724151
4.65	52.60195172420435
4.66	66.38359641291565
4.67	55.76137680679382
4.68	45.72868376568121
4.69	49.644101047462314
4.7	40.99434829115309
4.71	36.21444224691502
4.72	35.406724224448205
4.73	23.217112038250402
4.74	29.839436205201142
4.75	25.3906149550961
4.76	36.6311635220609
4.7700000000000005	35.248074437930484
4.78	46.153594463407586
4.79	29.65091484857287
4.8	36.562677971235665
4.8100000000000005	35.979543719925296
4.82	29.413478145528206
4.83	29.578559128576938
4.84	16.253409082403326
4.8500000000000005	23.404278312092305
4.86	29.135705586527276
4.87	34.0831477183585
4.88	40.117899877330665
4.89	50.32363026765607
4.9	38.67425569525159
4.91	34.235545003704544
4.92	42.36769761543393
4.93	44.56060184926351
4.94	53.61069612310273
4.95	48.501595876477516
4.96	60.36809072100161
4.97	66.86243965260007
4.98	64.88330996126052
4.99	55.07078592730254
5.0	56.43749557625264
5.01	56.11875333702659
5.0200000000000005	57.65147085477917
5.03	45.52108346795875
5.04	61.775998136714904
5.05	55.84167040269476
5.0600000000000005	40.6302989935339
5.07	49.029657330487574
5.08	63.780945368406336
5.09	47.44183537613628
5.1000000000000005	35.45698336243173
5.11	28.64680468061031
5.12	33.5130954322035
5.13	50.555304870671755
5.14	52.44182073568583
5.15	52.39991819921047
5.16	36.73337740098561
5.17	42.492565371864686
5.18	43.50463153617089
5.19	54.102873859810025
5.2	50.366815931307464
5.21	41.103702704954344
5.22	41.27834710662841
5.23	38.180433107620686
5.24	40.50018413577832
5.25	55.03040071806697
5.26	39.01887012292268
5.2700000000000005	29.644387620029498
5.28	52.735109116997464
5.29	51.27167267492754
5.3	46.934669466009346
5.3100000000000005	40.852998193103815
5.32	37.829447574371876
5.33	51.185129422539184
5.34	38.09637896501233
5.3500000000000005	34.83828020886442
5.36	34.55366007813719
5.37	41.60816749085752
5.38	45.05639123486409
5.39	45.225359317109884
5.4	48.32290573845802
5.41	32.912587226594326
5.42	39.98294099985399
5.43	52.8200834068272
5.44	45.19618355062134
5.45	50.78042400220797
5.46	44.02758916588666
5.47	52.27843733289705
5.48	37.56164030298325
5.49	27.00215983354253
5.5	15.825211385881305
5.51	11.256185458655853
5.5200000000000005	24.653931646619554
5.53	38.3893962004273
5.54	49.90678483683811
5.55	53.92440356426646
5.5600000000000005	54.09227548026241
5.57	54.7290535491562
5.58	57.301883084780236
5.59	59.48769053338576
5.6000000000000005	43.31513666256364
5.61	44.081813369521974
5.62	51.932848386151186
5.63	53.05378554534962
5.64	46.92560975803858
5.65	51.28055976182803
5.66	48.471580270067626
5.67	49.17516150072844
5.68	51.21711110104794
5.69	58.912431676860216
5.7	58.00656511975928
5.71	54.71901244604162
5.72	46.80011122368063
5.73	56.198053282125365
5.74	44.55843224690981
5.75	37.86812600322466
5.76	33.52378786632052
5.7700000000000005	25.764278801812573
5.78	35.21527059414217
5.79	27.355664220728713
5.8	28.32182837311865
5.8100000000000005	37.910118044661274
5.82	31.106436508142107
5.83	40.899522931314934
5.84	44.731012972036936
5.8500000000000005	37.3631194666431
5.86	37.99186147920147
5.87	52.19843577973568
5.88	35.932975904858424
5.89	44.80224627159639
5.9	48.02105605067865
5.91	46.69971174478914
5.92	42.08555158392277
5.93	44.87093013589546
5.94	30.88035774774447
5.95	47.17158399962901
5.96	41.02903203401037
5.97	45.949308935025805
5.98	33.24619638370789
5.99	31.40910040660188
6.0	33.498849763759345
6.01	39.88575469149673
6.0200000000000005	47.55027388886029
6.03	55.63781569660409
6.04	53.64199509453219
6.05	50.58958991111366
6.0600000000000005	46.59846980918701
6.07	51.840221191869766
6.08	42.628089478570026
6.09	32.470410473013146
6.1000000000000005	36.99211879077642
6.11	37.881528049316785
6.12	46.65507194289855
6.13	49.98081389587707
6.140000000000001	40.35462497055849
6.15	40.68929522111053
6.16	36.86557808097296
6.17	34.376841002968185
6.18	39.102689963481716
6.19	41.00108789257869
6.2	33.901543052120225
6.21	37.94608463908553
6.22	31.485524681712278
6.23	30.372821752627853
6.24	38.350942396363486
6.25	54.89599222852117
6.26	52.29150277655521
6.2700000000000005	56.28013229935391
6.28	50.69563019971876
6.29	43.12862827069295
6.3	36.110822990285264
6.3100000000000005	48.24485162698129
6.32	61.620914855485026
6.33	66.87279302339907
6.34	65.30036273026609
6.3500000000000005	60.19696563121611
6.36	63.787183251676915
6.37	62.73358591188782
6.38	58.915957518597544
6.390000000000001	48.387162467860485
6.4	35.28574130819091
6.41	37.01527224008381
6.42	41.68636545617157
6.43	36.29119608745348
6.44	37.01134942018719
6.45	36.519214733523626
6.46	44.486815856419746
6.47	41.41775887408186
6.48	54.259682332330065
6.49	50.569286450160526
6.5	52.9261387198987
6.51	50.11367300840284
6.5200000000000005	45.598144069059394
6.53	49.04926226285416
6.54	44.332822176691515
6.55	39.69998032643155
6.5600000000000005	43.11741616558351
6.57	43.52742812341705
6.58	37.07528971204061
6.59	62.947191020551706
6.6000000000000005	59.973040252220756
6.61	51.075520160422364
6.62	37.111461642084805
6.63	54.74324056803765
6.640000000000001	64.98767776970661
6.65	52.19235749850722
6.66	41.365965431568945
6.67	46.220696181890055
6.68	47.81432806100319
6.69	56.09398615661586
6.7	51.74179899372374
6.71	41.675539817752
6.72	34.00327501000093
6.73	48.15031229444717
6.74	60.867750316838155
6.75	44.54576938378832
6.76	46.57404526797418
6.7700000000000005	54.4667712749709
6.78	52.601575474911776
6.79	43.21493472212788
6.8	41.28285669461953
6.8100000000000005	55.27479470498531
6.82	49.22884242400927
6.83	49.65722381363359
6.84	43.12825672842742
6.8500000000000005	44.70277822589054
6.86	59.391929385738045
6.87	63.44214201551391
6.88	60.24440364258257
6.890000000000001	63.66781336886846
6.9	47.75957366584856
6.91	55.33099258978149
6.92	56.61073151335728
6.93	53.30556543808138
6.94	47.15707944687958
6.95	42.015720368765216
6.96	39.568554506683505
6.97	57.02471136286646
6.98	50.66279514844157
6.99	47.42153134985095
7.0	49.43424777569782
7.01	41.21776460620854
7.0200000000000005	38.99384351859041
7.03	29.412158576637893
7.04	36.6625544556783
7.05	30.658700900907075
7.0600000000000005	40.355037307161034
7.07	38.61863504547506
7.08	43.53985967182582
7.09	48.95403559486268
7.1000000000000005	41.87136082945162
7.11	45.013216068246614
7.12	38.329166419489425
7.13	45.688577648436976
7.140000000000001	43.41123234126379
7.15	35.51504723354843
7.16	33.40269889389688
7.17	41.250947953109375
7.18	45.20298187513623
7.19	47.88486649499371
7.2	49.94621157636924
7.21	41.24862787606181
7.22	40.70415427630261
7.23	30.996914869758733
7.24	48.12435766298868
7.25	53.25476177821686
7.26	68.65129153099517
7.2700000000000005	57.40105541345681
7.28	42.8002280592359
7.29	39.56739653739555
7.3	34.38419872745409
7.3100000000000005	36.385989057533706
7.32	43.99581497153534
7.33	46.958419668507055
7.34	43.59055269314017
7.3500000000000005	31.365461934200276
7.36	43.07755455122747
7.37	27.482908978360783
7.38	38.87466281942349
7.390000000000001	34.377503297174286
7.4	37.696161742532304
7.41	27.50667296404298
7.42	51.15307272696042
7.43	54.1324926047035
7.44	54.62740045320392
7.45	51.36448513137701
7.46	45.51442179001232
7.47	47.767039121784336
7.48	31.09629600356726
7.49	29.41130162533809
7.5	38.89683647353691
7.51	52.11943740631465
7.5200000000000005	42.406009905414535
7.53	48.26365895299254
7.54	40.81660760164805
7.55	39.27932113129278
7.5600000000000005	40.943118305038965
7.57	35.65463645934964
7.58	39.903706107952985
7.59	40.02733669199508
7.6000000000000005	37.07323739750005
7.61	25.677008991888016
7.62	32.05595918136813
7.63	30.52052854197106
7.640000000000001	50.88862329398432
7.65	52.39254012336903
7.66	46.78413708200119
7.67	43.930755719476
7.68	43.72992029767721
7.69	50.741968323384604
7.7	49.229091078283574
7.71	58.52989424637912
7.72	51.88472411109296
7.73	49.48588783565108
7.74	42.893070928168655
7.75	44.70282028901908
7.76	37.86513729778677
7.7700000000000005	49.20565233904509
7.78	47.48262708886578
7.79	41.51923415694956
7.8	40.84742188176554
7.8100000000000005	31.584529443890204
7.82	35.85278421965667
7.83	32.635937065747214
7.84	50.043580930053245
7.8500000000000005	54.051396945553236
7.86	41.576745357530875
7.87	42.18431828839955
7.88	37.68254507886095
7.890000000000001	31.572225890291378
7.9	41.821156056667725
7.91	33.28827996955461
7.92	33.9393985293134
7.930000000000001	41.35731031586743
7.94	36.647174195178735
7.95	36.91999358826039
7.96	37.77859306653301
7.97	49.15816646911945
7.98	48.739125325457465
7.99	43.81598669339449
8.0	48.4370854242562
8.01	66.6732997967851
8.02	62.64539184633356
8.03	51.73276379544715
8.040000000000001	55.19267140008989
8.05	54.97040302485247
8.06	51.26395476063352
8.07	48.738798750589446
8.08	43.01665074144534
8.09	35.97371087622948
8.1	29.815635546096196
8.11	39.38683163964965
8.120000000000001	43.05561953881725
8.13	39.094524810876486
8.14	44.021404097410475
8.15	46.89480205161389
8.16	36.379695841317094
8.17	33.49455780060572
8.18	38.56050831847694
8.19	32.97314442100131
8.2	34.035398872167605
8.21	47.0665564737266
8.22	43.47040732220737
8.23	39.25528403563488
8.24	46.919881237657734
8.25	46.70881666160153
8.26	38.317909539389646
8.27	28.942147932245966
8.28	13.58548308181962
8.290000000000001	49.574156264629146
8.3	50.98663225855094
8.31	38.398906407535634
8.32	29.179842090113414
8.33	35.31828000777582
8.34	47.87030755246362
8.35	44.04297882635896
8.36	39.95522258573174
8.370000000000001	35.54414813011616
8.38	43.24983637241186
8.39	42.80314551898524
8.4	45.945331481934815
8.41	56.11051861962453
8.42	52.55015534744745
8.43	51.6142286215217
8.44	45.38046349145527
8.45	53.753772544131735
8.46	52.894565971148616
8.47	43.00632608600571
8.48	43.32422378923832
8.49	38.0833668926406
8.5	39.655198608593416
8.51	51.640170726358896
8.52	39.486074598420814
8.53	47.357248099542346
8.540000000000001	58.85627743427946
8.55	54.38099563769258
8.56	48.72211353944501
8.57	44.37772319459381
8.58	51.377303033176624
8.59	62.089399734217345
8.6	56.58347632876499
8.61	57.926702091839765
8.620000000000001	50.3846884759542
8.63	56.30647047091301
8.64	56.37489569400211
8.65	43.12551682142405
8.66	54.010784357251836
8.67	41.16465711649852
8.68	32.35704551723808
8.69	50.828227287742656
8.700000000000001	47.462392090156875
8.71	34.996703982565485
8.72	26.53808731963018
8.73	32.5362311296055
8.74	37.67016152358841
8.75	56.05307098197306
8.76	38.0244749471792
8.77	29.74086979249284
8.78	34.202526283389965
8.790000000000001	43.255100362855394
8.8	41.463285703774
8.81	35.51978546985287
8.82	37.984269077017345
8.83	26.81620068516644
8.84	22.80581704292681
8.85	16.245267498966587
8.86	21.955433998491912
8.870000000000001	37.33185304896026
8.88	33.79053609531184
8.89	23.558243838430393
8.9	46.11711048533508
8.91	54.74088551650031
8.92	54.602867807748964
8.93	41.32821615674911
8.94	43.52105446759595
8.950000000000001	44.2462608055787
8.96	40.06983493938157
8.97	32.941538579074994
8.98	26.634319115416886
8.99	27.5601466226627
9.0	23.695543405630904
9.01	44.01965536440572
9.02	41.703794985632335
9.03	31.94326160150916
9.040000000000001	26.45844862063479
9.05	35.064112841705
9.06	31.55272551904214
9.07	35.70884602123148
9.08	24.248803235740507
9.09	29.589207937990885
9.1	43.71010560297754
9.11	50.6333356263839
9.120000000000001	42.58699588754273
9.13	49.11218299480994
9.14	42.05584986787087
9.15	40.931686246954236
9.16	42.885734209102786
9.17	49.2616082660406
9.18	46.64018660096487
9.19	42.990147739720555
9.200000000000001	34.58455033422864
9.21	34.28028062524369
9.22	57.77408475976964
9.23	48.64348569451454
9.24	36.923162484937144
9.25	35.84728724208425
9.26	49.12625640186565
9.27	49.6989841640939
9.28	62.33137783368511
9.290000000000001	59.996254581774224
9.3	52.24596931517047
9.31	54.271891217511914
9.32	48.65706762218186
9.33	42.266523747553215
9.34	35.619922920196615
9.35	32.3253261622755
9.36	51.87943189110437
9.370000000000001	57.31475471007084
9.38	53.206771597696076
9.39	50.81647493687418
9.4	52.246369865515575
9.41	53.82697979239878
9.42	50.61667821478955
9.43	50.85768321522998
9.44	48.95478941379969
9.450000000000001	60.19432375051437
9.46	50.786816218255375
9.47	36.428792589711655
9.48	53.45877679000275
9.49	44.34845057753269
9.5	44.823448252861844
9.51	48.95399314231243
9.52	44.812858973858305
9.53	42.70181930967935
9.540000000000001	39.65495526995664
9.55	46.62635799116409
9.56	53.78278981999054
9.57	62.85879989773575
9.58	69.28831704614927
9.59	53.550645182640004
9.6	56.02384749178597
9.61	55.560940733020644
9.620000000000001	39.393208844557584
9.63	33.50886388642209
9.64	41.24363765695076
9.65	51.274982419872984
9.66	36.88641282582463
9.67	44.33481506780683
9.68	30.136698849235614
9.69	21.07958668549243
9.700000000000001	35.19046470879499
9.71	37.63409770398108
9.72	36.96987594844772
9.73	37.59282940114928
9.74	52.61931266310921
9.75	58.69735250156844
9.76	53.25023029396744
9.77	45.26240793002621
9.78	43.351985360323255
9.790000000000001	38.54065069299533
9.8	50.00613817291028
9.81	48.572890448867945
9.82	37.34955815090199
9.83	45.99122386920252
9.84	54.627842604648
9.85	46.04974386865539
9.86	39.02186113037019
9.870000000000001	39.407885166926945
9.88	40.10993423616976
9.89	36.05159939897962
9.9	29.25869223308474
9.91	47.94604226668345
9.92	58.98795609906325
9.93	60.698186409526166
9.94	63.02642399069302
9.950000000000001	57.28931645962278
9.96	47.679069673215395
9.97	41.55360919024865
9.98	54.03256341211508
9.99	61.02213284373259
10.0	63.96340531343058
10.01	66.52036011035048
10.02	62.04851532090193
10.03	54.778710836176536
10.040000000000001	43.01560874771822
10.05	39.710845639275846
10.06	39.1606234659272
10.07	44.218732597795785
10.08	45.97627257754393
10.09	43.575085065807066
10.1	51.17752989383126
10.11	64.21959620973954
10.120000000000001	56.06447301594229
10.13	56.84419258264403
10.14	45.99803311179159
10.15	47.20475473867484
10.16	49.81890525000979
10.17	53.629571322793474
10.18	61.81629624751285
10.19	53.08651208285711
10.200000000000001	37.191759010972255
10.21	41.41779444824858
10.22	43.31000176803544
10.23	35.74788091673793
10.24	36.169363457254946
10.25	44.765333459060436
10.26	41.068624305630756
10.27	31.829222385751837
10.28	32.47224401398069
10.290000000000001	29.614629494233462
10.3	35.4385380904557
10.31	40.65759335084358
10.32	49.79213088702825
10.33	48.88219937932704
10.34	40.98621020213557
10.35	33.26489757525094
10.36	30.36107609973959
10.370000000000001	41.269773963878364
10.38	45.40128496000341
10.39	35.823053535744485
10.4	45.77616135440281
10.41	45.370573363060906
10.42	47.4731525091717
10.43	62.85219051791473
10.44	56.4944937341863
10.450000000000001	48.528798374112206
10.46	33.94737649221694
10.47	48.09913936474905
10.48	54.04558891049062
10.49	54.09459287442577
10.5	52.005523351148256
10.51	42.20987253070565
10.52	41.54297236853717
10.53	37.272043006672384
10.540000000000001	38.33006339687398
10.55	41.63911986320406
10.56	43.790533350541
10.57	42.011230217253
10.58	39.12244137909285
10.59	39.83176894528517
10.6	47.243488107785524
10.61	45.60062011115475
10.620000000000001	62.59499725060577
10.63	53.14500315451545
10.64	38.70757252541078
10.65	42.82645876400604
10.66	25.609247386905547
10.67	39.70423764976549
10.68	41.69507692359199
10.69	43.6071499751615
10.700000000000001	36.5638292268172
10.71	35.93274677929746
10.72	26.984893779928207
10.73	34.314301317097566
10.74	32.817308364293204
10.75	51.78856212172097
10.76	51.59107596594421
10.77	55.53584234241148
10.78	44.92701443734233
10.790000000000001	37.68396405201431
10.8	43.96030377425175
10.81	31.714106496278703
10.82	37.86633680001951
10.83	42.11238622856201
10.84	44.575789558830145
10.85	35.78348890611066
10.86	55.781218035546914
10.870000000000001	56.99030916512272
10.88	54.87330260429943
10.89	53.16165016169399
10.9	58.28034040112613
10.91	65.04838327044543
10.92	65.02361837756092
10.93	50.917534325443405
10.94	50.7641020409176
10.950000000000001	49.269230798467454
10.96	34.144536631983854
10.97	50.36116142318458
10.98	47.336248554082275
10.99	59.54271905402156
11.0	55.02565362845867
11.01	49.54410539966673
11.02	58.67502676477712
11.03	55.49122427735829
11.040000000000001	56.19814668779849
11.05	52.56650653443697
11.06	49.63898128961889
11.07	47.39207066184621
11.08	43.658689136327936
11.09	30.987346585431226
11.1	37.32452107034663
11.11	42.2822794953779
11.120000000000001	35.723465971797566
11.13	25.095054226370404
11.14	54.3187834254601
11.15	52.74874895503379
11.16	53.91112427809279
11.17	60.87139665394659
11.18	56.687491150994575
11.19	53.726183454974944
11.200000000000001	63.14336201362593
11.21	48.77030035285662
11.22	50.346435233637514
11.23	43.28342751588175
11.24	36.03725277355229
11.25	35.70365236600879
11.26	30.36694210076064
11.27	31.27715810635119
11.28	39.422630116973615
11.290000000000001	35.79140801560986
11.3	48.42972754039105
11.31	36.94441206575803
11.32	49.600983100496784
11.33	48.842536202281764
11.34	38.38905207304053
11.35	55.522301749158665
11.36	54.3710029283573
11.370000000000001	46.99091495998463
11.38	54.85028236051677
11.39	44.564758204605
11.4	34.82604160802751
11.41	22.285544521755824
11.42	43.021769482383576
11.43	56.416978372231995
11.44	40.995541739923326
11.450000000000001	34.26189152218096
11.46	33.372275114053615
11.47	23.039076729688002
11.48	28.5300835651534
11.49	34.858750366536576
11.5	26.086513101483384
11.51	37.54577466889059
11.52	28.921892040315683
11.53	40.472429407012484
11.540000000000001	23.745501008427304
11.55	39.84725263103221
11.56	34.06200190545321
11.57	27.828420364956564
11.58	49.717890387878626
11.59	40.32175831542922
11.6	41.32870427183426
11.61	39.18103667026551
11.620000000000001	36.595995181192656
11.63	48.1811747810544
11.64	57.11481765116343
11.65	55.86800191072163
11.66	47.10054511559441
11.67	46.60597779513679
11.68	64.98005664870942
11.69	55.69502245859186
11.700000000000001	46.64104283204823
11.71	39.808040659973116
11.72	27.29411765986424
11.73	38.43609121111193
11.74	35.0080709824557
11.75	24.41820754578451
11.76	39.28144764703216
11.77	34.14547000716823
11.78	39.9300964278427
11.790000000000001	39.74485930879597
11.8	32.02323758094135
11.81	37.59805437546705
11.82	33.395750295383884
11.83	33.30895639627447
11.84	29.376209564722767
11.85	39.11966158646602
11.86	54.1520703851072
11.870000000000001	66.49641518098944
11.88	66.62451352412354
11.89	55.161917240533306
11.9	50.85006138882884
11.91	43.6046574297892
11.92	49.89990358041865
11.93	52.39207456693972
11.94	40.26476468708928
11.950000000000001	39.7647660156044
11.96	35.29889893125817
11.97	43.59371364784697
11.98	41.58996354694855
11.99	24.959271860554008
12.0	35.68151410006928
12.01	36.61232738319547
12.02	33.9646599559304
12.030000000000001	29.59744589692446
12.040000000000001	48.65450594882713
12.05	43.880706647145956
12.06	31.97038297423946
12.07	37.6948683436775
12.08	34.88587472726171
12.09	24.237568589053932
12.1	29.65163338628315
12.11	24.212597114371235
12.120000000000001	40.66087622161327
12.13	52.0762277497474
12.14	41.56427228854937
12.15	39.345712146651664
12.16	42.68059790729477
12.17	38.73405814668022
12.18	53.77990275087537
12.19	49.557610042522235
12.200000000000001	51.30181589617658
12.21	44.75701034992026
12.22	45.855318423195435
12.23	35.842383847091
12.24	35.308042691420084
12.25	33.7717106419913
12.26	42.56340475418966
12.27	36.46289095175518
12.280000000000001	32.59773453671699
12.290000000000001	31.57233576021969
12.3	41.58643619075552
12.31	29.02463849554958
12.32	17.79433569083555
12.33	34.86205765732443
12.34	37.296652766626025
12.35	44.68678912678465
12.36	44.42968538727393
12.370000000000001	36.058517314540595
12.38	35.52896079866011
12.39	43.627850583195986
12.4	39.6122141120237
12.41	24.747802941006714
12.42	37.964730182780364
12.43	30.334939406347793
12.44	41.68574798528124
12.450000000000001	55.07564592267796
12.46	41.32201948387042
12.47	39.855402657282795
12.48	33.30395131861032
12.49	31.988702153094565
12.5	35.43796618034347
12.51	54.37795800803963
12.52	60.18248634445283
12.530000000000001	46.604113854654045
12.540000000000001	42.85788230092859
12.55	34.13162355254919
12.56	29.808387130335884
12.57	29.940854431422032
12.58	25.23066122867409
12.59	12.873828000306332
12.6	24.1894476775907
12.61	53.345330647291796
12.620000000000001	53.00828372812276
12.63	61.03313468284663
12.64	48.40620062353673
12.65	34.83508100437397
12.66	35.48005884324263
12.67	45.3119148043954
12.68	35.63185271961974
12.69	49.914855482634465
12.700000000000001	39.66186847427851
12.71	47.80668666153049
12.72	40.31799385650816
12.73	39.82987642382096
12.74	38.66478162916226
12.75	39.37469747872627
12.76	50.60487033380379
12.77	52.829801146600715
12.780000000000001	56.03252083272099
12.790000000000001	38.689582971582304
12.8	35.69664866502917
12.81	42.33881469436139
12.82	54.08820093726382
12.83	48.701504148989635
12.84	40.27042989427936
12.85	32.332650976714106
12.86	48.98565654414681
12.870000000000001	59.588696854500945
12.88	52.1384306657089
12.89	47.90922800937526
12.9	45.55278732955769
12.91	41.80402407270849
12.92	46.906457686406696
12.93	35.58457985700072
12.94	35.4998811810803
12.950000000000001	43.64324688499516
12.96	43.04498506237689
12.97	48.73393252397955
12.98	48.393452365727825
12.99	43.127508570733355
13.0	32.170875022250506
13.01	33.56760141196275
13.02	29.096880867337397
13.030000000000001	33.28056009677739
13.040000000000001	25.57663945071224
13.05	42.55124484865626
13.06	36.736487329536295
13.07	30.14832352213711
13.08	44.48752996458892
13.09	49.82915984967589
13.1	49.35086720390402
13.11	38.91584778534569
13.120000000000001	50.6389786114073
13.13	61.94416177038868
13.14	51.46365607417908
13.15	47.44663863624427
13.16	41.43739620001575
13.17	27.44353743603558
13.18	28.764786945533256
13.19	37.318866559616815
13.200000000000001	20.459646685367748
13.21	54.41601243089588
13.22	35.96869831002551
13.23	37.07918663365568
13.24	40.898735206741776
13.25	52.112948151521174
13.26	50.81627604442472
13.27	51.78603542996162
13.280000000000001	56.725357007327844
13.290000000000001	54.19335870614153
13.3	44.82705041989749
13.31	43.55774722230907
13.32	43.71863620331651
13.33	46.419396455137274
13.34	55.23548501387984
13.35	45.855605529873635
13.36	41.428572479147604
13.370000000000001	40.01564585698003
13.38	49.59435879144927
13.39	49.51451771880555
13.4	47.57499020617777
13.41	45.605203248478716
13.42	47.264549531201205
13.43	45.223863197029914
13.44	54.79998818230036
13.450000000000001	49.70823088332282
13.46	38.51135523852252
13.47	35.30723968948777
13.48	55.40259800232916
13.49	65.78988798646328
13.5	50.921260205218616
13.51	42.57038679660307
13.52	43.7460192913506
13.530000000000001	36.87284741769718
13.540000000000001	16.565279420457276
13.55	38.22185112745977
13.56	46.44893939084501
13.57	48.84313419293689
13.58	37.89194889496579
13.59	31.824658176918597
13.6	19.547587951156356
13.61	33.574977774208534
13.620000000000001	25.320727029857963
13.63	25.608220150927355
13.64	39.301952715474776
13.65	42.347395426778824
13.66	43.66999853356494
13.67	51.98054989826347
13.68	58.48196106953867
13.69	48.760406907415934
13.700000000000001	55.910007615479884
13.71	61.04263583307001
13.72	57.63015094339018
13.73	51.18462448117473
13.74	48.9622884305705
13.75	51.921296354143486
13.76	48.951932760697304
13.77	45.12327415528426
13.780000000000001	48.19702847567417
13.790000000000001	36.38510567472145
13.8	46.374116544568125
13.81	37.506644640051725
13.82	45.18321916751252
13.83	40.248059364188975
13.84	50.37892699708113
13.85	44.923973426478796
13.86	63.32357617002707
13.870000000000001	56.33946634888328
13.88	48.875875525630626
13.89	38.74229441667822
13.9	42.53098600843587
13.91	46.11637149595344
13.92	49.290982789811984
13.93	52.202485790014265
13.94	50.939390002686636
13.950000000000001	43.818275783960424
13.96	52.18788250310144
13.97	42.74444816398537
13.98	32.80635470142447
13.99	31.894380811153827
14.0	16.749186301569896
14.01	12.427596199966775
14.02	28.093695968030758
14.030000000000001	35.58495853344502
14.040000000000001	50.39118382414398
14.05	50.69160211389054
14.06	52.93846481715303
14.07	73.09729013910815
14.08	73.04788078191588
14.09	67.15740256930769
14.1	64.5111070837456
14.11	59.8990071802635
14.120000000000001	63.41090874975197
14.13	55.58419865113227
14.14	57.86699398708549
14.15	45.59147994927004
14.16	50.32020488662439
14.17	59.15760659766921
14.18	53.81288662196748
14.19	50.15756866972564
14.200000000000001	66.786040807233
14.21	59.40211139518999
14.22	49.895664273556264
14.23	33.996849815932336
14.24	53.24983502603975
14.25	46.6532111605449
14.26	42.568097653088074
14.27	35.527897861921126
14.280000000000001	30.224928813424604
14.290000000000001	47.578523652261126
14.3	45.5808730129918
14.31	41.48282052577498
14.32	46.80495972495445
14.33	43.381065133533625
14.34	37.152621637744794
14.35	35.98081189170006
14.36	39.12388893484794
14.370000000000001	39.80916644272379
14.38	57.91085126496286
14.39	44.22260174605168
14.4	32.14965212118144
14.41	31.879668595661673
14.42	43.9500825832756
14.43	37.015354179715146
14.44	26.536444961850126
14.450000000000001	18.77560180671669
14.46	23.70319404170073
14.47	34.29774487353863
14.48	41.1064177668208
14.49	51.36004206998539
14.5	38.88402812976453
14.51	53.6904261971421
14.52	51.027598034041134
14.530000000000001	47.33007018357235
14.540000000000001	41.61369415261585
14.55	43.50989207541246
14.56	30.878764131274387
14.57	48.421948364516886
14.58	42.62596685498228
14.59	44.224288423019075
14.6	48.81665586750142
14.61	48.22390928431074
14.620000000000001	52.340295615368845
14.63	44.4942954430428
14.64	46.79877593860052
14.65	61.66583524450445
14.66	64.39225424905855
14.67	47.120443523491325
14.68	36.32219836529488
14.69	14.023976096998902
14.700000000000001	15.678779627041285
14.71	15.166667586902316
14.72	30.47168607194303
14.73	37.04055177376931
14.74	31.992602666766015
14.75	42.42895961199868
14.76	42.73771668198295
14.77	31.984146941364827
14.780000000000001	29.843965892441528
14.790000000000001	28.301281685791462
14.8	39.57233112713637
14.81	38.181960307438565
14.82	36.49559089332924
14.83	36.5991520684254
14.84	29.533897933366315
14.85	31.619826358276732
14.86	45.29877558094396
14.870000000000001	44.32667473275215
14.88	46.53834567978304
14.89	48.81046477405644
14.9	40.831439410422526
14.91	36.12665425192393
14.92	40.36648448754094
14.93	61.374659642123106
14.94	54.237593969863894
14.950000000000001	45.552999886450635
14.96	34.52095149592458
14.97	28.61097691214448
14.98	46.41867788710603
14.99	62.000596170438484
15.0	62.09640489181732
15.01	60.94581598064073
15.02	57.24339268739658
15.030000000000001	49.94625209088269
15.040000000000001	43.15553579039954
15.05	44.24086795052434
15.06	48.15038157253028
15.07	50.422430437707966
15.08	50.294835253354144
15.09	42.7264621456928
15.1	46.20626803344019
15.11	49.75708454690783
15.120000000000001	47.042946083122175
15.13	40.461708482376544
15.14	48.60851817146002
15.15	45.155357445263874
15.16	47.28738703111819
15.17	49.87820425823074
15.18	36.30972399164558
15.19	30.660201890221536
15.200000000000001	33.82122368799754
15.21	56.82817241270936
15.22	41.505195558273584
15.23	50.276316639506256
15.24	37.89831005872035
15.25	43.257974076831886
15.26	36.571142375993105
15.27	47.63681869495893
15.280000000000001	47.09484576412884
15.290000000000001	41.10964260048862
15.3	51.06221952717707
15.31	46.838198777271934
15.32	40.11197542988703
15.33	45.161631201724795
15.34	42.11051680431394
15.35	39.44305252129144
15.36	25.28959121735989
15.370000000000001	37.53973519887152
15.38	34.16618878787208
15.39	26.372345461518965
15.4	17.5463699257403
15.41	18.164380949001043
15.42	20.870325079213583
15.43	36.40629088972336
15.44	45.44178001025531
15.450000000000001	41.197025259508344
15.46	39.25458965975911
15.47	25.1485236604983
15.48	34.26063873529449
15.49	40.031102337699835
15.5	40.12438666975372
15.51	58.96150901318466
15.52	58.42152551705537
15.530000000000001	64.58371189540863
15.540000000000001	44.40070759969539
15.55	39.737095923001604
15.56	42.160224474195694
15.57	43.55360411148384
15.58	53.77319061728835
15.59	55.56959446751713
15.6	53.544826307530094
15.610000000000001	51.14647409560634
15.620000000000001	47.650405534646715
15.63	56.84663551384229
15.64	53.951227084097695
15.65	48.79008665641242
15.66	52.3858962902457
15.67	41.617718723187565
15.68	31.091278861579138
15.69	14.265296487586511
15.700000000000001	7.508488240000814
15.71	27.5117882840458
15.72	44.98595053834885
15.73	42.37281646019913
15.74	37.45580847043849
15.75	46.31841231588791
15.76	39.07580754808094
15.77	39.70266837680233
15.780000000000001	40.91526291985599
15.790000000000001	46.755150058009676
15.8	37.57114811820159
15.81	38.07876706602357
15.82	45.65951073864188
15.83	63.18327752155451
15.84	54.31635018039082
15.85	57.68156258857009
15.860000000000001	45.248353026857416
15.870000000000001	40.194102865083615
15.88	42.37024579101163
15.89	37.97797520101627
15.9	34.69905669280093
15.91	38.18699966186231
15.92	40.854538685015726
15.93	46.48947138437306
15.94	36.57158030229823
15.950000000000001	24.07765629807584
15.96	31.9516031387129
15.97	44.23069733107623
15.98	37.14462785474326
15.99	29.67396654124734
16.0	21.000362442184315
16.01	38.23246449673838
16.02	36.00912492019274
16.03	63.74556738515333
16.04	53.439056523561476
16.05	48.04310203851438
16.06	46.845180599431956
16.07	47.93533134144145
16.080000000000002	43.6478261601483
16.09	55.09219192707689
16.1	51.14014661598337
16.11	52.2173039562492
16.12	44.619885076370004
16.13	46.05675753688043
16.14	52.49924747175314
16.15	52.87036119203439
16.16	35.87188713254271
16.17	32.53178272345883
16.18	51.28041518161795
16.19	41.01202198469316
16.2	39.846565792970615
16.21	54.88020072133412
16.22	45.114071926368176
16.23	42.70785152963257
16.240000000000002	49.514084622837615
16.25	39.648343210236796
16.26	25.76520158721095
16.27	23.66361461509221
16.28	21.05831650396321
16.29	27.074593718626705
16.3	28.957102785825164
16.31	32.6830648558598
16.32	32.279653268347865
16.330000000000002	29.03908787175516
16.34	49.079280582206735
16.35	44.70595532250011
16.36	40.78924016226589
16.37	31.394482399290982
16.38	41.58718757972369
16.39	35.29212837323658
16.4	54.73488831937395
16.41	52.03398109805168
16.42	39.50744729114842
16.43	41.93060603219181
16.44	41.72325757016065
16.45	44.12130206751871
16.46	40.347985374838586
16.47	37.06307594280458
16.48	39.48576955571674
16.490000000000002	44.95353663112509
16.5	54.28446182591167
16.51	39.98728826720484
16.52	31.832757422770165
16.53	42.124555313775026
16.54	48.291551886378095
16.55	60.5123266374694
16.56	57.37653369169111
16.57	63.30431906327652
16.580000000000002	63.647176631020606
16.59	46.82108970625136
16.6	46.00829233286253
16.61	47.79759275351887
16.62	47.955170057507885
16.63	51.4624290247347
16.64	50.614163899619484
16.65	49.967409441139125
16.66	55.177445127303315
16.67	44.97280519040066
16.68	37.89232035430821
16.69	27.279039826989298
16.7	21.610868089927298
16.71	40.83815863669067
16.72	43.7873453053953
16.73	40.32118558917941
16.740000000000002	50.189616468764235
16.75	39.67512871937211
16.76	42.81362822256732
16.77	27.72703592254906
16.78	14.15282419737709
16.79	29.913378976558764
16.8	40.22998398905396
16.81	56.102080467515314
16.82	46.3516267056188
16.830000000000002	47.93855631102762
16.84	47.24013095930883
16.85	39.23047480923185
16.86	40.9467538745022
16.87	55.93134888503654
16.88	49.586504092369346
16.89	46.92560436486313
16.9	48.362419611561094
16.91	50.226930033369406
16.92	43.8677249932957
16.93	48.35683825779762
16.94	50.43494266432232
16.95	40.870840043607465
16.96	40.3925232983935
16.97	31.440085990476938
16.98	35.78560286606244
16.990000000000002	43.33433122735493
17.0	37.96952070636644
17.01	26.112024297727448
17.02	28.29442381092111
17.03	33.665928521412646
17.04	27.22158696940382
17.05	41.44758607153488
17.06	45.71228453751553
17.07	38.61357256380097
17.080000000000002	40.30620220722062
17.09	38.064882201676085
17.1	38.97608741050133
17.11	39.142173870111364
17.12	42.425788294468106
17.13	51.17379102728467
17.14	55.5403451731232
17.150000000000002	56.812108688280716
17.16	50.86963841268054
17.17	58.36053352397277
17.18	52.00324579926724
17.19	46.059215758578574
17.2	57.83391746327964
17.21	65.8513391820172
17.22	60.139069286073514
17.23	53.89229635548588
17.240000000000002	53.2412494305249
17.25	49.73899386355211
17.26	50.84648643683249
17.27	51.57237022017595
17.28	41.64569443724784
17.29	36.563400143519374
17.3	34.221995946807255
17.31	39.93263771534993
17.32	57.61080797225982
17.330000000000002	35.067176023864995
17.34	35.08241088147891
17.35	31.867925381111228
17.36	40.07408237600635
17.37	41.05728173964852
17.38	30.446274647562895
17.39	32.488187971177354
17.400000000000002	30.310840377787212
17.41	33.908074433307846
17.42	36.18515602502234
17.43	52.042514558719624
17.44	39.93377659322
17.45	38.11723161977389
17.46	39.065115372971675
17.47	47.259711667184696
17.48	37.06214503012077
17.490000000000002	46.73924222046503
17.5	37.50474705462244
17.51	38.733071839422585
17.52	39.54687903857584
17.53	43.84516340331066
17.54	35.9583085344827
17.55	38.418345230221654
17.56	23.455352337984017
17.57	14.419213989186504
17.580000000000002	10.808610085641059
17.59	15.104090701720521
17.6	17.652589370001124
17.61	25.864768580417156
17.62	21.79982555991402
17.63	30.89476154407006
17.64	35.04023293974056
17.650000000000002	24.749144750479847
17.66	36.20897756790761
17.67	37.158682827987505
17.68	34.846012897755564
17.69	39.43069793888938
17.7	34.60819581396716
17.71	37.1962355164013
17.72	32.563745956242144
17.73	38.845470996874866
17.740000000000002	37.81060084545058
17.75	34.12690594321913
17.76	29.773402321844653
17.77	39.11447780700017
17.78	42.29319008595276
17.79	40.29344177177198
17.8	43.14232227589522
17.81	53.908185513999506
17.82	44.299209731263005
17.830000000000002	51.48149947866434
17.84	42.20872214762506
17.85	37.835897731422975
17.86	40.1052723261242
17.87	37.23388996452154
17.88	25.283166154338033
17.89	46.691138027126904
17.900000000000002	43.13911386907706
17.91	30.847482411639678
17.92	20.917847164918477
17.93	28.559097262505375
17.94	17.654928255939524
17.95	10.364673835379865
17.96	52.86762496670804
17.97	53.343770897004035
17.98	43.67414670299137
17.990000000000002	44.545198338222015
18.0	41.10650488848758
18.01	54.50429279427909
18.02	50.80428403844985
18.03	42.68002082991951
18.04	35.98034452850103
18.05	34.501912438880815
18.06	62.64594060930695
18.07	55.805979007619804
18.080000000000002	53.81927843036203
18.09	44.76720670965034
18.1	39.71862358533411
18.11	42.20293069297351
18.12	33.755440491577396
18.13	22.183532156583784
18.14	12.341699803608634
18.150000000000002	4.5380044732851985
18.16	0.4629301172088704
18.17	-0.20541429719508103
18.18	-4.0253850177987935
18.19	-2.1650030633070574
18.2	-0.14855547488992332
18.21	-0.4824658041889171
18.22	-8.423383247606763
18.23	-3.7998566122637802
18.240000000000002	-2.3951610901414018
18.25	1.2293379451440511
18.26	24.865680303724268
18.27	33.42265425821303
18.28	40.543112379720164
18.29	27.126423735154777
18.3	33.4988022712508
18.31	27.696673255829484
18.32	26.771035348958602
18.330000000000002	17.493370332970443
18.34	27.2972151770041
18.35	32.46546209030723
18.36	53.54714154990111
18.37	42.87456903382172
18.38	43.27399879106967
18.39	60.84788907041401
18.400000000000002	49.01395823677514
18.41	64.54678432801128
18.42	49.62344790324753
18.43	49.580312759491584
18.44	54.32860794014838
18.45	56.61879150524956
18.46	50.76558903844082
18.47	62.521333910503174
18.48	51.20860825364876
18.490000000000002	53.215281384607174
18.5	52.17030184718
18.51	48.894736129233074
18.52	45.239475934162975
18.53	41.674724742022654
18.54	32.70907862876561
18.55	30.78515380773483
18.56	41.3171264944818
18.57	58.75768782581132
18.580000000000002	54.26865729664838
18.59	52.210284122386334
18.6	43.97211061208115
18.61	44.1727377218918
18.62	59.01761708271887
18.63	56.59782822453143
18.64	54.61433065882365
18.650000000000002	60.398776054797054
18.66	46.69554028677116
18.67	44.07625538197099
18.68	38.07047669615952
18.69	35.81403960661738
18.7	48.06555308559179
18.71	46.48149045180164
18.72	55.483197501504314
18.73	38.46892938919696
18.740000000000002	42.48775632926794
18.75	49.26868919799257
18.76	40.4835925781783
18.77	44.46252083825421
18.78	32.14907334921683
18.79	46.5746257809899
18.8	38.96677606657337
18.81	36.025470358268095
18.82	42.496290982835056
18.830000000000002	34.885625573897634
18.84	48.23388698904394
18.85	58.00435821830271
18.86	47.21089963437757
18.87	47.291677996068785
18.88	52.67658830887867
18.89	62.60328683011017
18.900000000000002	56.79939518500894
18.91	39.78074581918996
18.92	40.390456957825656
18.93	43.11483622266636
18.94	53.759688014215236
18.95	56.89086430029536
18.96	59.656644633376665
18.97	50.289483133067776
18.98	45.35838519614918
18.990000000000002	40.45932013681934
19.0	34.21012535693972
19.01	42.0068590993981
19.02	38.93112277274341
19.03	52.98599675393568
19.04	54.898829626973814
19.05	46.11429996887083
19.06	58.423628869974806
19.07	48.091084928395055
19.080000000000002	42.01156968534232
19.09	41.71441260676892
19.1	41.48623892641787
19.11	56.19822839267769
19.12	47.08410342922422
19.13	50.497676030655775
19.14	42.08611683560454
19.150000000000002	37.801883722345
19.16	46.1649580289757
19.17	47.13151899710137
19.18	42.25739041353123
19.19	33.673101154182504
19.2	42.73660053755094
19.21	50.34774460732674
19.22	41.33201933056464
19.23	47.471195501599595
19.240000000000002	50.93723561706018
19.25	55.19268795715733
19.26	52.04339237509761
19.27	42.95151875784767
19.28	42.02977120882975
19.29	35.936907404214125
19.3	25.305239549709878
19.31	34.746512386769766
19.32	39.602257335381786
19.330000000000002	35.45800492288775
19.34	48.66258970760054
19.35	38.32656077251239
19.36	34.64640220032554
19.37	32.008741816270735
19.38	33.865260979090124
19.39	23.938335662683397
19.400000000000002	5.56163659319191
19.41	10.692665112106184
19.42	16.496909461662447
19.43	23.36312303203535
19.44	34.500962600407924
19.45	44.69901840972029
19.46	31.340696695396783
19.47	19.86112392159294
19.48	16.370931018183846
19.490000000000002	25.635727942054324
19.5	37.87329791348133
19.51	38.70972572521712
19.52	49.236472624104586
19.53	57.45792122613808
19.54	67.25552039536589
19.55	60.221870136378655
19.56	48.49011189579677
19.57	44.41740927140875
19.580000000000002	50.15225011175717
19.59	47.2084696992752
19.6	44.61102325073963
19.61	35.216703478755676
19.62	22.090689439017517
19.63	34.949662542060715
19.64	42.55265688742512
19.650000000000002	48.74390547265144
19.66	42.30036281684726
19.67	33.238867913370065
19.68	34.85703656199644
19.69	55.114725963679795
19.7	41.23196462726196
19.71	45.97289604177061
19.72	31.608724803801607
19.73	30.74989714538208
19.740000000000002	9.343941011129473
19.75	31.75922355632831
19.76	25.819492529956005
19.77	13.291488416805707
19.78	8.527344913502693
19.79	8.649582780115995
19.8	23.93839332530476
19.81	25.06096460177565
19.82	8.34190610363425
19.830000000000002	33.77748346768269
19.84	46.8529420111553
19.85	40.861345033007794
19.86	40.92901951148864
19.87	33.56099770433872
19.88	32.3284882877346
19.89	27.70357662001519
19.900000000000002	30.01037019607119
19.91	30.534693343945797
19.92	46.23264213287725
19.93	41.528294448433634
19.94	36.11165519491989
19.95	28.095144562794882
19.96	48.24389290191314
19.97	50.528998828301575
19.98	42.5929393215076
19.990000000000002	42.77632566826921
20.0	34.58159204751621
20.01	40.636109637197706
20.02	44.06359314628474
20.03	39.50799256568555
20.04	36.56968556847256
20.05	38.89876952494694
20.06	34.50475464476344
20.07	35.89472803708343
20.080000000000002	48.456377114011154
20.09	47.64472931069496
20.1	43.452266217139936
20.11	26.534207001747266
20.12	24.074133278082666
20.13	27.49959524513655
20.14	28.65821544166131
20.150000000000002	31.73221168081448
20.16	33.03063073010883
20.17	47.484885933802886
20.18	43.36692479829004
20.19	39.8873992198058
20.2	32.232393636854006
20.21	22.387530747672262
20.22	27.619633288877022
20.23	27.9585996273814
20.240000000000002	24.055282404887688
20.25	17.697080287950833
20.26	11.13635909122923
20.27	25.55475781905573
20.28	33.96254954057444
20.29	49.12004132911733
20.3	40.87644654388845
20.31	38.370815560761265
20.32	36.042383305313415
20.330000000000002	49.24891318354637
20.34	46.39834973773341
20.35	36.105284597005166
20.36	40.44087915732704
20.37	41.841907286282044
20.38	43.241662403426275
20.39	50.539951493308
20.400000000000002	55.221124251390705
20.41	57.90929715133706
20.42	46.10273863903895
20.43	47.804306449801075
20.44	44.00200793366009
20.45	51.04752948641486
20.46	48.038797111850656
20.47	45.1834459830324
20.48	44.41674130436073
20.490000000000002	42.58319608389955
20.5	50.66078651581604
20.51	49.537337915135495
20.52	36.22185743049566
20.53	38.85518886410884
20.54	35.23300700490968
20.55	44.61398319967412
20.56	42.51885891730244
20.57	46.61997521010364
20.580000000000002	33.23101299307796
20.59	21.562366544288082
20.6	34.27291295522179
20.61	20.6565382295825
20.62	29.137092854583056
20.63	14.247444448840575
20.64	8.555380885887518
20.650000000000002	17.544242428543143
20.66	29.07856972662453
20.67	54.65801925641344
20.68	47.377156700294776
20.69	53.830743079595145
20.7	54.37372394821738
20.71	52.71753226729288
20.72	53.10929672190898
20.73	61.48845119965051
20.740000000000002	61.93031129323789
20.75	60.45176045137036
20.76	51.99517976981305
20.77	60.52555830343669
20.78	61.32881165990402
20.79	53.55741035439935
20.8	42.700305926605296
20.81	41.77922171388353
20.82	38.1199987912062
20.830000000000002	33.139452811626015
20.84	45.03448402699291
20.85	60.10669237557722
20.86	47.47772426468261
20.87	68.06096008305349
20.88	63.67015970469899
20.89	60.85169929234276
20.900000000000002	63.98492469063567
20.91	64.8273072772563
20.92	65.3804416595542
20.93	50.97794316477383
20.94	46.4274585600522
20.95	54.01571075695032
20.96	43.84480592252078
20.97	36.3353745261508
20.98	42.80826210387032
20.990000000000002	48.64913178460947
21.0	41.120683528581054
21.01	33.7827299427234
21.02	27.03523327744101
21.03	30.067237286447686
21.04	24.51866851145083
21.05	13.997214477340263
21.06	11.42382735766306
21.07	8.702324604153981
21.080000000000002	0.8522433665068785
21.09	2.3960223231178213
21.1	0.06177483291739436
21.11	4.670556453651174
21.12	6.236342340291087
21.13	8.421275939129236
21.14	13.66589767246527
21.150000000000002	9.157083592269212
21.16	14.536134248816996
21.17	22.85956834443777
21.18	29.500485978915034
21.19	29.31521187975251
21.2	38.30216699237984
21.21	30.8200821501815
21.22	37.082313984696505
21.23	34.54729176766775
21.240000000000002	19.617904956876533
21.25	27.153736817856256
21.26	34.8580208817075
21.27	41.583732124416635
21.28	43.05834340082916
21.29	35.61948217048574
21.3	23.3179948926548
21.31	34.91563823794656
21.32	30.831780963949527
21.330000000000002	27.931014868194104
21.34	40.05951221120644
21.35	31.041717800808467
21.36	40.31234177296323
21.37	36.048259175214824
21.38	42.586582570277486
21.39	41.11631647599086
21.400000000000002	52.14284152254896
21.41	55.26616400841268
21.42	52.05892036644776
21.43	31.29897445189617
21.44	30.415804306881093
21.45	38.56703734329573
21.46	29.622920889425476
21.47	34.11334120030203
21.48	36.19460948065421
21.490000000000002	26.04266031267022
21.5	32.76686871932578
21.51	52.36912490132365
21.52	55.54421904579062
21.53	55.46018657559885
21.54	51.943547045717544
21.55	44.50192392588428
21.56	61.36967058745179
21.57	54.38885750622173
21.580000000000002	53.08814672312565
21.59	42.82365927863025
21.6	54.04379569758754
21.61	52.31188876097765
21.62	54.60016381549954
21.63	50.00376903167138
21.64	39.73730830798582
21.650000000000002	41.017775298010804
21.66	41.137866404519514
21.67	49.305943518958735
21.68	58.53531898446097
21.69	44.91971278178326
21.7	47.21114604292718
21.71	39.11209409838673
21.72	43.15314300335476
21.73	30.88796148749738
21.740000000000002	19.409582383798433
21.75	6.731125355732567
21.76	17.42912213907916
21.77	22.822799085929145
21.78	13.68668020712813
21.79	36.47901090144666
21.8	30.97057428180918
21.81	28.38417478114133
21.82	39.79960179692213
21.830000000000002	37.53146104632121
21.84	44.1045801479625
21.85	55.74414863959043
21.86	64.60924949289158
21.87	52.3261484829213
21.88	66.882750810693
21.89	52.59439277784352
21.900000000000002	54.862916197275446
21.91	49.58363485102771
21.92	46.548847886709254
21.93	33.263903690292956
21.94	36.14358379378704
21.95	27.26757304514695
21.96	33.59426090399286
21.97	59.59838227096807
21.98	57.923131061049354
21.990000000000002	57.72877921595222
22.0	45.99453374335696
22.01	39.0708302534305
22.02	47.58485999670314
22.03	55.35388284630962
22.04	47.43058837354478
22.05	59.68346962341147
22.06	54.136655644690464
22.07	58.0854433544105
22.080000000000002	46.54000879020994
22.09	34.435801573326636
22.1	46.46664596529896
22.11	38.77602092583156
22.12	43.5063753630248
22.13	33.21580014469243
22.14	45.8077943742904
22.150000000000002	45.077428852663196
22.16	53.37454030792644
22.17	48.218572075835276
22.18	61.5864390594619
22.19	59.87732054868788
22.2	60.12818078801137
22.21	50.87697264375942
22.22	46.163656202330316
22.23	47.862119047059984
22.240000000000002	39.897419817828286
22.25	38.99474331924053
22.26	28.65556156550174
22.27	21.25326576975497
22.28	30.067906385969962
22.29	38.253210360575245
22.3	56.82868577453938
22.31	44.54108571626365
22.32	37.50408717041552
22.330000000000002	39.999647751640545
22.34	48.05301733829941
22.35	35.141831972132415
22.36	25.043578171529493
22.37	41.73158534760952
22.38	38.36176989380373
22.39	37.81787771717248
22.400000000000002	38.25378149417554
22.41	47.19577336855043
22.42	56.91238206805582
22.43	57.30458903723373
22.44	58.48926583260415
22.45	58.60616439013797
22.46	44.81898934113205
22.47	36.25613141575196
22.48	21.7210867422229
22.490000000000002	16.815758109162008
22.5	5.922464245435061
22.51	11.576890984294502
22.52	40.63373735245979
22.53	47.2082573187268
22.54	41.82523204832708
22.55	50.20606860685467
22.56	44.647862581694326
22.57	39.781133734278995
22.580000000000002	50.99616100772066
22.59	54.59686478919504
22.6	51.45959226737263
22.61	51.787737613568346
22.62	52.658360476552154
22.63	49.53954430682101
22.64	52.58218656951766
22.650000000000002	44.81063846730618
22.66	43.03688031413961
22.67	38.13207547956616
22.68	51.294398690189986
22.69	62.399316330885924
22.7	61.73612293245101
22.71	53.996874723549915
22.72	45.408184475729655
22.73	56.653783283563385
22.740000000000002	51.049753316881386
22.75	59.45675232212652
22.76	52.38743320207344
22.77	54.38819790419464
22.78	42.04374623957042
22.79	32.13698765536859
22.8	39.52641609594008
22.81	26.239635512756777
22.82	37.73301654987614
22.830000000000002	31.507989741548446
22.84	30.131858606357998
22.85	12.614329081806122
22.86	32.318750669662215
22.87	28.77644580024209
22.88	37.627243130100496
22.89	32.89345013125748
22.900000000000002	26.402074653868596
22.91	31.849513313818473
22.92	36.01951836704207
22.93	51.482031117959735
22.94	48.81745285280647
22.95	46.39957596421185
22.96	53.40958060387476
22.97	40.09875290217251
22.98	36.66894116734213
22.990000000000002	47.33841090762189
23.0	40.43971093354081
23.01	45.19383654613417
23.02	50.15423868272763
23.03	47.78361473442401
23.04	40.11478589730046
23.05	29.83912757997763
23.06	34.40040586126621
23.07	21.409769742664775
23.080000000000002	42.17611059739137
23.09	41.959656453248364
23.1	31.735175866343813
23.11	47.634997267061145
23.12	39.112107263790286
23.13	29.95216963484833
23.14	45.06218182187474
23.150000000000002	34.396760108678016
23.16	49.64774166964594
23.17	47.569764206653936
23.18	40.64202075584345
23.19	24.97913628307529
23.2	29.649097609469887
23.21	30.722662916404165
23.22	46.424941734381676
23.23	39.089626386456
23.240000000000002	31.820487733608488
23.25	20.99340365752022
23.26	47.17712365455979
23.27	55.49980853606842
23.28	48.77107272580242
23.29	38.881984735911196
23.3	31.625440609464878
23.31	24.090397506366617
23.32	8.921501121323058
23.330000000000002	19.556894772625895
23.34	22.539809038926105
23.35	30.664185577676616
23.36	33.75881253860182
23.37	25.759046797172257
23.38	34.60517677985715
23.39	51.506769192653785
23.400000000000002	50.026617626305224
23.41	57.8135850288761
23.42	60.18612335516708
23.43	59.676431078319524
23.44	61.43073730083787
23.45	64.20393954040921
23.46	62.58319318648662
23.47	48.45162027692039
23.48	38.778184612739594
23.490000000000002	57.96212210669916
23.5	62.03628653729964
23.51	47.90389479595406
23.52	38.65137861584444
23.53	43.746027492204476
23.54	46.54148707123211
23.55	41.46678689630188
23.56	34.63799251299174
23.57	35.76477013996304
23.580000000000002	16.46729018363647
23.59	32.89760943490707
23.6	44.109298654667256
23.61	32.612988565594584
23.62	41.14911629260298
23.63	32.350102920002705
23.64	42.782840331996184
23.650000000000002	43.46459462313009
23.66	48.66047070908482
23.67	46.90515413816156
23.68	40.738843030447235
23.69	34.132047055117766
23.7	37.311819105947876
23.71	51.01479750969227
23.72	53.97650814241656
23.73	70.96299724636062
23.740000000000002	76.32862651657854
23.75	68.3421120835004
23.76	55.39825202263688
23.77	39.361913787788986
23.78	55.70289048081302
23.79	63.034435013255056
23.8	54.399825469749906
23.81	48.23812322532501
23.82	50.92678324035936
23.830000000000002	36.568474941332305
23.84	45.265262730748596
23.85	45.467626129857166
23.86	44.24413929938025
23.87	48.40145874311534
23.88	55.73974583941886
23.89	51.48836140822378
23.900000000000002	51.78612183359423
23.91	41.56368831479637
23.92	43.370917660400224
23.93	35.86180159310679
23.94	35.6986614382084
23.95	44.310597443430034
23.96	46.78051121496503
23.97	42.234179375727656
23.98	37.8255250196144
23.990000000000002	23.30274857885045
24.0	25.486022836168146
24.01	29.2281057672652
24.02	38.35186132047019
24.03	31.646242071083037
24.04	24.15383381162816
24.05	27.12337589601808
24.060000000000002	20.477235274871607
24.07	20.693593381265206
24.080000000000002	28.118560881018702
24.09	25.19549719880302
24.1	46.87220694060053
24.11	40.44630757951739
24.12	45.43751853633992
24.13	50.968426030744844
24.14	52.365687823393145
24.150000000000002	61.91118853903667
24.16	48.17472108900818
24.17	39.85820718727789
24.18	49.17364538909276
24.19	51.65413098186128
24.2	55.51133403342551
24.21	46.60115479205289
24.22	50.577837458821236
24.23	37.75438973513951
24.240000000000002	40.36758768565586
24.25	53.85684880497761
24.26	56.772804310753905
24.27	57.82711781130303
24.28	52.75158524113653
24.29	55.08984974308638
24.3	54.54904331350397
24.310000000000002	46.53664363189704
24.32	43.410622172881084
24.330000000000002	30.503167610870925
24.34	48.40633056542162
24.35	49.555384133156274
24.36	41.82118157558129
24.37	38.99476363699512
24.38	34.24436122094187
24.39	18.305058210909884
24.400000000000002	20.56299150405272
24.41	20.67527408675363
24.42	31.36080159771364
24.43	33.89954360993585
24.44	46.516482626562656
24.45	52.60411821680477
24.46	43.034001487107034
24.47	41.10120332058927
24.48	36.654212437021684
24.490000000000002	35.09821327903564
24.5	44.858587399743094
24.51	44.813933152138496
24.52	40.36660991400644
24.53	40.90335674407378
24.54	33.58154001521968
24.55	37.01028693555971
24.560000000000002	45.17803649071883
24.57	41.28915645739595
24.580000000000002	50.20086349365214
24.59	58.73261734198449
24.6	58.695050527054015
24.61	58.27807378649521
24.62	53.646859978318005
24.63	46.23326011516799
24.64	33.57764224906627
24.650000000000002	42.075756074225254
24.66	52.39972725206352
24.67	48.7386384148064
24.68	47.30574578365963
24.69	39.78163771129651
24.7	27.972866747475354
24.71	28.875141352346613
24.72	31.89008192958431
24.73	39.56833679928309
24.740000000000002	32.168637943968214
24.75	32.07678999003673
24.76	37.80427195417743
24.77	35.59640286798744
24.78	36.25296076340107
24.79	39.25144474193881
24.8	26.55347527251497
24.810000000000002	30.768375760036633
24.82	35.92622909613217
24.830000000000002	38.132982207375626
24.84	32.48885402142333
24.85	39.71547251472248
24.86	40.71722730086629
24.87	37.45956841011011
24.88	52.98315233609887
24.89	39.26254157386292
24.900000000000002	47.966897426890746
24.91	49.32305193361188
24.92	43.880755082659284
24.93	31.217927007947175
24.94	30.689665711913705
24.95	34.84484414301826
24.96	24.189399145574274
24.97	30.122571212703456
24.98	44.55714294041117
24.990000000000002	41.343249762820854
25.0	45.00262398913415
25.01	47.624323266797795
25.02	39.076331707417296
25.03	30.683892784172297
25.04	54.453586861644865
25.05	53.58404263606265
25.060000000000002	49.08338194138773
25.07	45.74692857877761
25.080000000000002	48.786842213134214
25.09	39.508030829091354
25.1	29.187112147703452
25.11	33.57101790384831
25.12	46.294499454373124
25.13	31.416416046153373
25.14	35.633729342973176
25.150000000000002	52.20015959733784
25.16	51.29488231123292
25.17	44.43544607532918
25.18	40.46845990808338
25.19	53.43549118595373
25.2	44.89629953050548
25.21	43.2004946676085
25.22	45.66570405156866
25.23	48.189535503017225
25.240000000000002	60.12006372623973
25.25	54.21905042343221
25.26	51.22983754340889
25.27	60.23478615183163
25.28	60.47886868912335
25.29	47.00239816430255
25.3	44.175098414981626
25.310000000000002	52.905424057125465
25.32	44.03810175410187
25.330000000000002	46.66247429752894
25.34	54.46240428611999
25.35	45.06345756759627
25.36	32.320278994650806
25.37	18.509138952215473
25.38	10.367090148512824
25.39	17.319031845972
25.400000000000002	40.14623965493997
25.41	37.46465314399762
25.42	46.746388617955475
25.43	50.0113994959624
25.44	49.06425007645594
25.45	57.806569451851146
25.46	54.155766385081876
25.47	52.71716329462485
25.48	50.785988815019955
25.490000000000002	53.48297437826094
25.5	54.90203193874002
25.51	53.223456556619674
25.52	45.09540786854658
25.53	36.419030474834585
25.54	34.16771945523373
25.55	37.92415971279988
25.560000000000002	28.167458535646947
25.57	27.8268814213236
25.580000000000002	31.096862896251036
25.59	48.58192471155113
25.6	53.79988054211205
25.61	56.527741465526496
25.62	56.94423131864868
25.63	64.39198921945423
25.64	58.08304808689721
25.650000000000002	49.66218549279777
25.66	50.805003838500745
25.67	27.112754129646742
25.68	18.35322906740386
25.69	36.01790808301105
25.7	25.045045519019894
25.71	35.675332708554734
25.72	25.527973372474914
25.73	23.21916667483269
25.740000000000002	37.892295809692364
25.75	46.232949291099786
25.76	42.345821494980854
25.77	39.078076083037615
25.78	33.223003191578385
25.79	23.43380631775417
25.8	24.84546335576314
25.810000000000002	21.45810504496681
25.82	14.396190558266456
25.830000000000002	29.710269029423475
25.84	38.31363751881895
25.85	40.851244418543274
25.86	37.44542350108728
25.87	45.49813545328718
25.88	38.360521176142676
25.89	37.20373515943522
25.900000000000002	55.43105169809983
25.91	52.685395949360554
25.92	59.10491029062979
25.93	46.69095575309747
25.94	55.17275989193649
25.95	55.45951472905293
25.96	39.90703449193194
25.97	26.021822185415203
25.98	28.557419808653457
25.990000000000002	26.046385954959472
26.0	36.66868870724389
26.01	33.506664307655655
26.02	26.80532574329232
26.03	28.421204396889497
26.04	30.434707620724147
26.05	38.9299355269761
26.060000000000002	26.80842340490104
26.07	19.373669812307163
26.080000000000002	16.15764532602317
26.09	7.444165520360835
26.1	20.876296186448318
26.11	28.932199046319127
26.12	30.723508307142385
26.13	44.13110183217413
26.14	48.924418713241465
26.150000000000002	50.07226464487201
26.16	47.221808934997384
26.17	53.74962875292795
26.18	52.16476206707041
26.19	41.18374356568171
26.2	37.74970817659769
26.21	32.33746019372064
26.22	45.14046377148848
26.23	44.46373484220596
26.240000000000002	41.80152411562186
26.25	37.34866840334511
26.26	34.15103925678394
26.27	35.170786414249314
26.28	27.709927705962805
26.29	30.351297559227557
26.3	28.916107360228906
26.310000000000002	28.837607397976978
26.32	25.38052468706558
26.330000000000002	34.72777255682139
26.34	48.712025225137545
26.35	38.618368865705335
26.36	35.55664138408842
26.37	56.254639849591385
26.38	50.083160490867236
26.39	50.85228752309646
26.400000000000002	48.84040070947301
26.41	43.85183890610465
26.42	30.211583454948997
26.43	32.62918436596152
26.44	43.667434742579125
26.45	46.23145288069969
26.46	44.48350993053551
26.47	50.4534923914912
26.48	47.60782384124522
26.490000000000002	58.66296385615919
26.5	58.635036355435936
26.51	51.09392004403519
26.52	53.84241695481934
26.53	51.257699649086845
26.54	45.400082463220855
26.55	31.905820906934842
26.560000000000002	37.795752659998676
26.57	35.521215276185615
26.580000000000002	52.93305157482911
26.59	65.8034574602743
26.6	63.641015735955
26.61	57.90351336761999
26.62	42.076769902630765
26.63	36.844065862165024
26.64	29.549921749886703
26.650000000000002	44.32390004031907
26.66	41.33421098361102
26.67	36.55581790597968
26.68	41.808387139649405
26.69	37.04903230303413
26.7	33.43320705841609
26.71	44.81886751252747
26.72	44.60069576496714
26.73	44.404813409055805
26.740000000000002	41.75219900655738
26.75	44.912891391889566
26.76	28.714671810775144
26.77	27.352301922726088
26.78	43.26828336026223
26.79	39.22844901833802
26.8	29.686512513117034
26.810000000000002	27.150298516252604
26.82	27.24057127619049
26.830000000000002	38.12925377773755
26.84	46.32900935578956
26.85	34.66890370547917
26.86	37.579199412869315
26.87	35.69029103459355
26.88	33.645487573252325
26.89	45.971235624522855
26.900000000000002	41.40545869639121
26.91	45.16454432448219
26.92	36.09659788054508
26.93	36.45410876987303
26.94	39.243540436151946
26.95	46.4912103765914
26.96	41.41200386574728
26.97	48.39445506159387
26.98	49.158817702973636
26.990000000000002	37.883520738972315
27.0	31.25495193813926
27.01	40.4613572094455
27.02	42.76065770306337
27.03	42.16771670117547
27.04	40.858642045301096
27.05	29.005380069519248
27.060000000000002	42.477589541453504
27.07	54.413825957773405
27.080000000000002	65.40069253444479
27.09	73.26947138386406
27.1	62.616004973035935
27.11	60.23478871899059
27.12	57.52174600314932
27.13	52.71612382541751
27.14	56.087300966254716
27.150000000000002	55.658174840515855
27.16	53.29188082832065
27.17	42.98947549153009
27.18	43.03545076669809
27.19	36.49084935810431
27.2	44.52205767620965
27.21	31.831921550701587
27.22	18.139699607284914
27.23	25.97265024442803
27.240000000000002	45.51784483063371
27.25	37.160773634512054
27.26	33.84291453111268
27.27	42.14726004672312
27.28	36.51913005804526
27.29	38.804851282299346
27.3	40.73363869031974
27.310000000000002	52.47606494597954
27.32	51.72375649292135
27.330000000000002	52.614307767911995
27.34	57.70755559602345
27.35	61.85973939305867
27.36	56.175307807855916
27.37	48.74659951800952
27.38	45.517944927854856
27.39	38.326332389542664
27.400000000000002	49.393578344415964
27.41	39.95967344501005
27.42	44.161182878820036
27.43	40.972668685849364
27.44	58.76832362370682
27.45	51.8426735149591
27.46	49.318608915995135
27.47	29.67292962043202
27.48	20.458368332064847
27.490000000000002	12.131730071679982
27.5	3.5889853563965763
27.51	3.3950206657762334
27.52	1.4880591286492801
27.53	3.947602862754789
27.54	8.172915444863595
27.55	3.954243755037647
27.560000000000002	7.985539284191338
27.57	4.985526886315291
27.580000000000002	7.2260221526429
27.59	5.341331877621788
27.6	13.06372640988044
27.61	30.926877989782348
27.62	30.931146156669897
27.63	19.601444188487267
27.64	23.227533951507944
27.650000000000002	28.301864498494577
27.66	30.606076890044488
27.67	31.455256283912327
27.68	31.78036624507488
27.69	24.607577380875888
27.7	28.579482083009196
27.71	41.4627161717463
27.72	31.02531960716663
27.73	26.623866008026898
27.740000000000002	46.22764379864139
27.75	57.64012821777579
27.76	52.89198970424543
27.77	59.21537369922629
27.78	57.85102307121027
27.79	48.657685674868574
27.8	51.803022241079674
27.810000000000002	44.411384223603086
27.82	51.81133281152387
27.830000000000002	45.31438357312025
27.84	51.7671470867726
27.85	45.10213119756992
27.86	39.14161580525845
27.87	48.2913148629202
27.88	42.9243479131552
27.89	43.0855857661243
27.900000000000002	32.84479737482892
27.91	44.07845185648405
27.92	47.87286996814698
27.93	44.48178722291312
27.94	45.54870344929361
27.95	54.62872469751532
27.96	41.32526706949565
27.97	31.129350632933935
27.98	18.082225083970567
27.990000000000002	25.922738304680887
28.0	50.25195826550945
28.01	43.13116512386784
28.02	42.88801501094645
28.03	47.65257817020459
28.04	41.883068420654396
28.05	41.17955281601259
28.060000000000002	45.38413802072311
28.07	50.976743125872865
28.080000000000002	48.49821454695964
28.09	43.98194370350333
28.1	48.66786879675079
28.11	35.93297223490164
28.12	36.11680690746768
28.13	30.075985157842155
28.14	32.298923648588215
28.150000000000002	46.455632519865894
28.16	47.9094734267718
28.17	48.5379114554563
28.18	29.0815109589308
28.19	45.14693256409022
28.2	41.8481521461749
28.21	55.424480487029975
28.22	61.07175498441975
28.23	50.27474796057984
28.240000000000002	41.028743289933836
28.25	37.646264038911156
28.26	49.30990527163293
28.27	36.49438818456899
28.28	40.63007432632133
28.29	39.918407325553034
28.3	41.80091286408061
28.310000000000002	47.54575690899794
28.32	51.583463604623276
28.330000000000002	52.1065687839962
28.34	34.405742405242684
28.35	31.61694487763866
28.36	52.91583487747981
28.37	57.885782601274855
28.38	54.35168049601855
28.39	49.164419210092625
28.400000000000002	47.999190025168176
28.41	47.85422070095558
28.42	46.498991786891786
28.43	45.507409250202834
28.44	35.12065035107883
28.45	40.76447611301047
28.46	39.16401934336717
28.47	31.635128213531573
28.48	37.71502195122251
28.490000000000002	41.179393188304495
28.5	53.07091482016364
28.51	61.692431411671485
28.52	43.426976592429114
28.53	49.47887016279109
28.54	41.23442326984689
28.55	43.943727876648786
28.560000000000002	52.23718979514713
28.57	51.8384114495843
28.580000000000002	48.943220547734015
28.59	49.335048035964164
28.6	47.914380954008365
28.61	41.69408451491303
28.62	29.127266665373895
28.63	38.09769341583441
28.64	34.19890353669404
28.650000000000002	43.40378728306849
28.66	54.35265799303938
28.67	36.65902182410633
28.68	45.172311382350834
28.69	41.82438488364442
28.7	48.476905149372854
28.71	48.800819018299286
28.72	40.275641176254865
28.73	40.562467201588305
28.740000000000002	46.615805996568916
28.75	40.61812328420618
28.76	33.373941736832485
28.77	18.868834955338013
28.78	13.786804333596379
28.79	24.373301066054132
28.8	27.58564605599704
28.810000000000002	22.123163825353586
28.82	12.788427525591038
28.830000000000002	20.681078091068493
28.84	30.967565168534914
28.85	41.1672013610825
28.86	42.541524128627046
28.87	47.14732418280263
28.88	40.19659738907514
28.89	43.50952424020742
28.900000000000002	32.335939399203106
28.91	47.96665018742362
28.92	50.59951227862997
28.93	51.908128280259156
28.94	53.40412619211793
28.95	47.872675684316604
28.96	52.375364844183906
28.97	53.07856165117251
28.98	44.23807680707241
28.990000000000002	40.209115173487206
29.0	42.413973432889634
29.01	44.36761067631318
29.02	34.824047765175884
29.03	29.717169684718375
29.04	47.9690743431742
29.05	39.26897279890561
29.060000000000002	31.120867832557032
29.07	25.34238837036142
29.080000000000002	59.673665364670676
29.09	40.724412427661974
29.1	33.07746216794026
29.11	32.78206566534783
29.12	33.44205300800392
29.13	34.58348675097349
29.14	36.706435699310546
29.150000000000002	48.196292854901344
29.16	44.72617300633541
29.17	37.27855098782121
29.18	40.510505591645476
29.19	46.81437768601344
29.2	51.56346923020474
29.21	48.60032814468522
29.22	41.38139149254037
29.23	44.946687535339294
29.240000000000002	47.34748839944303
29.25	34.52016141479228
29.26	18.160803700975574
29.27	21.757322989725143
29.28	47.28636579494563
29.29	46.144295958084335
29.3	56.34909497688478
29.310000000000002	50.07111749367768
29.32	57.062413703483735
29.330000000000002	63.968232521616066
29.34	56.80873695749325
29.35	55.693807870168094
29.36	57.75526218461353
29.37	52.516262479941744
29.38	41.34039594282334
29.39	39.29166817278397
29.400000000000002	36.965514191539114
29.41	38.42838608520119
29.42	50.15359447100273
29.43	49.53723191323441
29.44	49.37233847716881
29.45	51.15896676083207
29.46	46.40074906197791
29.47	55.54545761700238
29.48	45.98298440334695
29.490000000000002	36.24607519321892
29.5	23.872161461456255
29.51	19.883748304514597
29.52	37.424523045956995
29.53	42.158930174447455
29.54	53.40730802711592
29.55	48.827512264777084
29.560000000000002	40.245213478228735
29.57	26.750858962270375
29.580000000000002	29.364781741398623
29.59	30.01185982334525
29.6	42.04093134285701
29.61	43.64761354474644
29.62	49.551084197763664
29.63	47.84342149616243
29.64	47.26941295494217
29.650000000000002	35.81297983426402
29.66	28.173793245460413
29.67	37.819222545181724
29.68	37.140720351406195
29.69	30.96583122303911
29.7	18.449442432938948
29.71	26.083395306296435
29.72	33.331270677720894
29.73	38.995959255891144
29.740000000000002	46.664473936672486
29.75	42.728950963455844
29.76	53.61688439495984
29.77	44.93981217278445
29.78	35.68724915748019
29.79	41.20027646425406
29.8	60.15796233678658
29.810000000000002	56.005243795702526
29.82	53.05901071906465
29.830000000000002	52.95154380906829
29.84	40.13816613400108
29.85	60.323084609617425
29.86	46.50724662291761
29.87	57.059185471135606
29.88	48.75457980663164
29.89	47.36123906859713
29.900000000000002	50.09580715359745
29.91	47.98102046762709
29.92	42.59557553539959
29.93	40.90321762397964
29.94	44.90209218481741
29.95	31.704285299497737
29.96	35.485119981294055
29.97	44.3401945408541
29.98	47.38059156057373
29.990000000000002	39.43600014603222
30.0	47.26294635704611
30.01	33.63804105474051
30.02	47.92671296336942
30.03	53.65263557107693
30.04	47.647715193631406
30.05	48.414102645978566
30.060000000000002	35.96400409030147
30.07	41.03832176224996
30.080000000000002	42.85885879236914
30.09	47.01706318294461
30.1	52.38121044105527
30.11	64.27932195586233
30.12	56.882205074657136
30.13	57.79853365545614
30.14	36.589778634316644
30.150000000000002	41.479458308514815
30.16	35.32642555370278
30.17	43.77446402468074
30.18	41.49534904988007
30.19	44.99105712526699
30.2	43.14120004183828
30.21	47.54326886776405
30.22	52.889383296369765
30.23	43.196378636433394
30.240000000000002	45.38370331223497
30.25	55.85336192470775
30.26	66.8398840384419
30.27	70.18021326975325
30.28	65.90511235634021
30.29	54.21070350524089
30.3	61.85396309596044
30.310000000000002	51.99769777408099
30.32	46.30595257449959
30.330000000000002	53.52195677450885
30.34	60.122257583439286
30.35	60.85921413808708
30.36	46.66865273834409
30.37	42.626518936531454
30.38	46.96219236281195
30.39	43.88848752619068
30.400000000000002	41.71796565241987
30.41	49.3006804305915
30.42	39.603296969852195
30.43	27.661980633799864
30.44	37.44753877803855
30.45	47.71727621325317
30.46	52.836788282897224
30.47	52.13558604041105
30.48	59.84017303394962
30.490000000000002	53.8265425745159
30.5	59.360404177930484
30.51	59.819693936222315
30.52	41.73148846184176
30.53	59.61792974347494
30.54	54.31348006622778
30.55	42.48969422203899
30.560000000000002	45.08787511508718
30.57	56.18178400798761
30.580000000000002	40.05407148000058
30.59	42.072674952072084
30.6	49.421259518230585
30.61	52.88752277746302
30.62	45.44904409862711
30.63	49.54056383449338
30.64	54.363073487001714
30.650000000000002	58.468634273514056
30.66	59.47549881654915
30.67	55.395769030267466
30.68	47.9299041779363
30.69	59.245313658452154
30.7	52.00308976923942
30.71	53.013762417893005
30.72	42.06434186185706
30.73	45.92775642335866
30.740000000000002	39.23618841032333
30.75	32.6948110789592
30.76	40.88150340369731
30.77	39.89246813804332
30.78	44.22226846270317
30.79	54.433558320499436
30.8	55.70723105082457
30.810000000000002	45.821436595741304
30.82	41.606420923587926
30.830000000000002	30.82592360334064
30.84	36.59188738189006
30.85	37.487408779076006
30.86	36.312478579230785
30.87	37.602199010672166
30.88	44.99192687836163
30.89	41.876731357660205
30.900000000000002	34.34556668658355
30.91	31.158348312387805
30.92	42.67477747441196
30.93	51.66125301095918
30.94	43.71641708369983
30.95	35.99426819952663
30.96	34.94948791271627
30.970000000000002	49.016940207449196
30.98	51.44888160417344
30.990000000000002	37.21902146356253
31.0	35.0475610241859
31.01	36.949213982606935
31.02	31.773080634692075
31.03	49.80681284884305
31.04	44.893704577111045
31.05	42.0984494652535
31.060000000000002	54.64923608408958
31.07	63.18641083769434
31.080000000000002	60.713078882118175
31.09	64.83510696531103
31.1	66.98747629904534
31.11	64.72517052765815
31.12	54.31471043872114
31.13	48.964036268427435
31.14	46.49794759295301
31.150000000000002	50.71897441976023
31.16	46.62638279730554
31.17	43.08075811821837
31.18	50.180010038997736
31.19	42.117015944656536
31.2	33.58601520571402
31.21	31.382148302340298
31.220000000000002	26.68236091524928
31.23	13.620270872674292
31.240000000000002	33.24196319475536
31.25	38.81515181420495
31.26	34.32618487669175
31.27	29.851169931634868
31.28	40.07056417088413
31.29	42.52186380324027
31.3	42.922933440496756
31.310000000000002	51.27240187061519
31.32	43.263597596475186
31.330000000000002	44.439152277171914
31.34	46.131124750137026
31.35	39.67721854641498
31.36	55.69119134456367
31.37	65.22027966022385
31.38	62.978993252304605
31.39	58.497104326105486
31.400000000000002	46.566132502304214
31.41	44.923232752518025
31.42	44.518318864936404
31.43	42.01483276839661
31.44	45.381451445087606
31.45	45.50858561142015
31.46	39.573082781299966
31.470000000000002	28.905496410388274
31.48	29.609671233747388
31.490000000000002	43.28023973386346
31.5	50.041760272459385
31.51	54.70102990516197
31.52	52.89903964461793
31.53	53.749592483876356
31.54	56.735153058964244
31.55	49.731902830076606
31.560000000000002	76.29923273321165
31.57	60.314210423182594
31.580000000000002	58.12301904525785
31.59	42.0080312756283
31.6	34.88236988009283
31.61	36.13466397796822
31.62	37.07497539791955
31.63	46.20667754994273
31.64	48.12451448246975
31.650000000000002	49.63626631709724
31.66	51.1744287677498
31.67	44.56587111952148
31.68	40.58359369486696
31.69	47.4923901524596
31.7	52.97971459077681
31.71	48.56569555484192
31.720000000000002	37.84638933299464
31.73	37.59433724520564
31.740000000000002	41.483595009582885
31.75	46.2674466673506
31.76	39.795309356484424
31.77	38.92176444334772
31.78	45.82320102214538
31.79	43.5546871103235
31.8	48.02186651877704
31.810000000000002	50.69064344080729
31.82	51.21852215281353
31.830000000000002	42.33462922191538
31.84	48.126572630772564
31.85	39.85594064128444
31.86	53.27165542880113
31.87	44.34755343615192
31.88	29.988904736068804
31.89	35.703566773863514
31.900000000000002	44.3766336884966
31.91	36.90635329738126
31.92	41.409928455350055
31.93	37.635259229472794
31.94	32.412472213353276
31.95	33.75310504350647
31.96	32.66472817022535
31.970000000000002	49.58306548353276
31.98	49.79316134708827
31.990000000000002	52.34083378113554
32.0	42.770399990883554
32.01	45.374217931851014
32.02	41.174560721864296
32.03	48.34346666172622
32.04	46.84749133719823
32.05	62.54977831740586
32.06	54.38781926416892
32.07	54.90003772024252
32.08	53.82254951168056
32.09	54.769166256672385
32.1	52.828748872025784
32.11	55.042341546770714
32.12	42.34917163185725
32.13	31.105064773936075
32.14	23.616585440845967
32.15	23.881582040590512
32.160000000000004	20.164774406720117
32.17	19.60890248718211
32.18	17.584817549733245
32.19	32.174148061900155
32.2	29.805988224430163
32.21	21.691366680940916
32.22	19.357362235881507
32.230000000000004	24.069201208033654
32.24	30.767395090526254
32.25	23.507825788311273
32.26	38.29145665299768
32.27	42.89068812238162
32.28	42.76036268384516
32.29	43.21457092573661
32.3	44.54265919228132
32.31	43.85054667535029
32.32	53.89920701812626
32.33	51.574283565325885
32.34	60.73238952762449
32.35	48.82806967212702
32.36	51.33614381535054
32.37	62.3434432773161
32.38	49.124150662273614
32.39	54.754634247494174
32.4	45.79508114317466
32.410000000000004	44.91162571163527
32.42	32.493914583404816
32.43	39.632536136757984
32.44	45.79496680174037
32.45	50.57491348256111
32.46	51.50016864846052
32.47	41.42159701196826
32.480000000000004	45.100688236621046
32.49	34.71343566480566
32.5	44.74691929430858
32.51	46.75197599607263
32.52	60.7939721645607
32.53	50.751517958947176
32.54	43.7577622117455
32.55	46.781301226114635
32.56	41.39645984748702
32.57	51.67482071167094
32.58	57.178367237361954
32.59	57.513487053228225
32.6	53.01337469053975
32.61	64.50476167646006
32.62	59.3665719639024
32.63	55.24625793364035
32.64	41.547620628886015
32.65	33.73337460803977
32.660000000000004	35.15817165743694
32.67	35.365768410774486
32.68	42.25453519195981
32.69	40.428129091216164
32.7	43.17705052280949
32.71	42.27030135861935
32.72	52.662850004273416
32.730000000000004	38.3579765350049
32.74	20.908917994455035
32.75	16.27222915453934
32.76	32.449543344593344
32.77	42.66147071980351
32.78	59.28298397949753
32.79	40.40297776971835
32.8	29.14371093678249
32.81	24.121095793130664
32.82	41.033792907916556
32.83	59.03362275902416
32.84	52.946932893616754
32.85	45.45175908191289
32.86	50.01231419033619
32.87	48.95564862980152
32.88	33.27971982526847
32.89	38.80538544536718
32.9	33.72344877107819
32.910000000000004	36.2997159149676
32.92	35.6169195930852
32.93	40.04035681366701
32.94	31.64622523411329
32.95	32.43623088057928
32.96	45.11649322154291
32.97	48.471229340963646
32.980000000000004	46.48953863988688
32.99	50.842505898227415
33.0	42.89535168323827
33.01	47.47982306864758
33.02	53.482010619646225
33.03	42.22331017635538
33.04	29.837071146430663
33.05	26.463657199659764
33.06	27.842566437347482
33.07	33.2837114643704
33.08	43.928367011897706
33.09	40.14113854302449
33.1	28.396479964569682
33.11	36.02520104604899
33.12	37.359498763081326
33.13	37.709336803754425
33.14	25.259292916343117
33.15	23.649875790000912
33.160000000000004	33.3494542451462
33.17	30.295663821466675
33.18	43.58381694010271
33.19	45.29099944273378
33.2	43.59709718791373
33.21	44.53916475809748
33.22	31.34256669097885
33.230000000000004	25.183840650609383
33.24	24.40112452119336
33.25	21.363164900532883
33.26	36.51349114708248
33.27	40.55979083993012
33.28	44.26562396069675
33.29	37.63560521363649
33.3	43.917991848683585
33.31	50.097412720063524
33.32	51.227006007973586
33.33	46.5528020503376
33.34	33.600945431490786
33.35	37.752527732677855
33.36	30.72460937104846
33.37	28.79645627743869
33.38	23.81247260074441
33.39	27.447704155291994
33.4	22.180200070797504
33.410000000000004	27.83653302370274
33.42	22.54539735135611
33.43	42.088266908863424
33.44	54.38227476973273
33.45	57.89709375610864
33.46	46.25727054221077
33.47	32.398163695654404
33.480000000000004	35.82203441732331
33.49	36.04495598099577
33.5	44.094740724855384
33.51	50.86395752583881
33.52	32.70038707855091
33.53	33.854886441572944
33.54	36.77851294085959
33.55	43.21862958138991
33.56	40.761274928352464
33.57	46.03536015125808
33.58	46.52045643192794
33.59	47.817948071992596
33.6	41.24984560817985
33.61	36.25752640274176
33.62	42.56734783893498
33.63	35.6695318552927
33.64	44.692688319980164
33.65	53.73487161625012
33.660000000000004	46.14293701059355
33.67	51.07525779934845
33.68	49.28272418267447
33.69	54.32323030718426
33.7	47.57987479149171
33.71	49.45011398647073
33.72	39.66035403796171
33.730000000000004	52.04188062014589
33.74	62.30434592892771
33.75	50.406369661618896
33.76	36.73207761328911
33.77	27.211745052261687
33.78	30.584356539859442
33.79	43.97537865688902
33.8	51.214337179710604
33.81	43.52879734002909
33.82	36.30458513137273
33.83	36.372307465274794
33.84	45.04571913070574
33.85	31.847373905998754
33.86	23.781151125298603
33.87	33.90038122607353
33.88	38.52304361875958
33.89	32.186460391937544
33.9	37.10940635657588
33.910000000000004	31.545974153637086
33.92	40.565844025702944
33.93	51.02547239945958
33.94	52.649114323591725
33.95	45.74960799506049
33.96	58.82476987266667
33.97	46.190618910004126
33.980000000000004	51.895182533979686
33.99	44.84947889147132
34.0	40.1431443168939
34.01	31.821650975555002
34.02	24.834995288461638
34.03	28.67443208675653
34.04	27.804867601161995
34.05	40.68271202997774
34.06	31.61100307922016
34.07	35.30268772451893
34.08	31.543071123885007
34.09	26.627616624608244
34.1	39.71880931642074
34.11	55.11731721509635
34.12	55.47334026627942
34.13	46.679812611323385
34.14	53.641080689807296
34.15	49.96552760619876
34.160000000000004	45.85894703240242
34.17	39.07441852276088
34.18	27.757017214413633
34.19	32.50437445347944
34.2	45.90540391124037
34.21	44.755700316444816
34.22	38.91377944004538
34.230000000000004	43.50624727437576
34.24	48.07040624205536
34.25	34.486851350915764
34.26	23.645927455049673
34.27	36.947776722785
34.28	44.29471207629994
34.29	57.62361427543829
34.300000000000004	46.12241155532635
34.31	50.016884041418855
34.32	46.5661091040174
34.33	43.080325648669444
34.34	41.86915975458995
34.35	32.077125742213425
34.36	40.789562571200186
34.37	40.038896494970345
34.38	39.739315818094695
34.39	35.379519363918334
34.4	37.30222883963375
34.410000000000004	32.50505125630548
34.42	44.92125497107829
34.43	34.11785749744135
34.44	47.07295648288257
34.45	47.88009529497496
34.46	46.31856979248881
34.47	31.448565312342513
34.480000000000004	36.29621130210633
34.49	30.687822495889723
34.5	48.607879604969405
34.51	59.82796718541085
34.52	53.19768145649962
34.53	37.73469253572101
34.54	49.62001779919105
34.550000000000004	50.90818235426972
34.56	50.51983180257939
34.57	54.75171696289508
34.58	42.49982016792427
34.59	35.4205251882618
34.6	35.33907931007189
34.61	37.290939296197934
34.62	33.341595559243196
34.63	29.606839259387943
34.64	29.28830984121764
34.65	31.21971893307333
34.660000000000004	50.12629816877468
34.67	47.81779105198511
34.68	52.70801652578464
34.69	58.32718120611304
34.7	67.06025217920264
34.71	56.14289589539682
34.72	57.866984237580375
34.730000000000004	46.72102930699396
34.74	40.28651528222682
34.75	52.47271409800565
34.76	49.31618818136756
34.77	27.749351747155735
34.78	44.94370844747689
34.79	54.60788381987637
34.800000000000004	56.676751072350584
34.81	47.50943854783656
34.82	34.58233407087319
34.83	34.77143936263726
34.84	42.73218115696202
34.85	40.72988014737796
34.86	37.677651697705755
34.87	48.90996049847587
34.88	51.092285644905814
34.89	47.70713196224692
34.9	69.35042138617612
34.910000000000004	53.54702983518341
34.92	46.448044338289016
34.93	31.25641784268872
34.94	37.1593910918234
34.95	43.47050131149534
34.96	42.92111801271338
34.97	57.85988023524023
34.980000000000004	60.467659177449534
34.99	67.48031352786519
35.0	64.66625882212907
35.01	59.5774585259437
35.02	53.23945612624774
35.03	55.804312561008466
35.04	49.09114615288512
35.050000000000004	45.55338276808915
35.06	54.03341746967911
35.07	55.0257836451097
35.08	60.28041840681793
35.09	46.95130036721162
35.1	42.099287291296044
35.11	31.186668513896187
35.12	31.256843562829065
35.13	46.941795058432
35.14	53.72561637129326
35.15	48.58591430001886
35.160000000000004	29.842203140840105
35.17	40.85812083453123
35.18	24.928690255148528
35.19	25.78551082314049
35.2	35.008005261978134
35.21	32.65621272689078
35.22	39.962606185404134
35.230000000000004	31.278271271756502
35.24	33.0761779613265
35.25	29.660632797109812
35.26	23.402518184769548
35.27	22.469939414613215
35.28	28.90237642699334
35.29	39.69679520761813
35.300000000000004	34.103940186877324
35.31	49.009150104590454
35.32	44.46258932963554
35.33	43.76849560481259
35.34	36.284047874307184
35.35	26.962131157961593
35.36	17.870456237070727
35.37	18.999031882628277
35.38	21.216214751350044
35.39	18.039620089308045
35.4	33.84233784222808
35.410000000000004	35.810110193717485
35.42	33.4511745718157
35.43	34.48241287436488
35.44	50.82037217772969
35.45	49.162683304848805
35.46	43.68134063149222
35.47	49.45971412411693
35.480000000000004	46.58902449831626
35.49	46.96789424119078
35.5	40.63164161639293
35.51	39.10694614197859
35.52	59.90259630804274
35.53	53.22465781122935
35.54	43.13972177207737
35.550000000000004	46.06948051359794
35.56	41.93409004113584
35.57	38.70916368274096
35.58	31.334641943107485
35.59	19.235884402616534
35.6	23.525139670831102
35.61	37.10468589464912
35.62	40.02446725321871
35.63	37.71776060308086
35.64	54.150698323175696
35.65	41.239872560281114
35.660000000000004	35.517663877176176
35.67	45.3392805924804
35.68	41.57795084079672
35.69	36.222460602657385
35.7	29.23166600626605
35.71	44.229923432174715
35.72	34.45495578500011
35.730000000000004	29.946245780674435
35.74	38.2549848003688
35.75	38.6538210642871
35.76	32.99921601960608
35.77	28.20251457731089
35.78	19.793461488500785
35.79	14.121593067231359
35.800000000000004	16.583436977713866
35.81	17.314464207734275
35.82	37.108030352329415
35.83	61.84058703019282
35.84	56.793694174416586
35.85	61.17413847141496
35.86	61.458361850533564
35.87	59.469707238789084
35.88	55.42774992656631
35.89	59.34891845009326
35.9	56.29940145026043
35.910000000000004	54.91084267309898
35.92	51.16092204115266
35.93	60.29447111800873
35.94	53.48486970388789
35.95	54.16198925513672
35.96	52.89267485778792
35.97	58.816529537421744
35.980000000000004	59.33322883332565
35.99	44.947700975888395
36.0	55.69206300414435
36.01	53.93581408969038
36.02	56.33932450131532
36.03	48.3535023775707
36.04	61.33565960643046
36.050000000000004	56.5332494886302
36.06	44.777944073561294
36.07	42.41735154288754
36.08	34.3297338446153
36.09	36.07936397140815
36.1	31.79325788208917
36.11	36.14786193964303
36.12	56.36074426233844
36.13	50.393309603502075
36.14	51.80196573874159
36.15	56.502516636789004
36.160000000000004	54.3964284777673
36.17	46.63287837299479
36.18	55.16120173797855
36.19	75.85894276446707
36.2	61.41687221586619
36.21	57.2050757623136
36.22	49.102100271610226
36.230000000000004	47.68016674159735
36.24	40.03011446420519
36.25	40.5463824313781
36.26	42.21237085415045
36.27	45.71197329210717
36.28	48.67822861130013
36.29	51.903792203248614
36.300000000000004	44.813987131007984
36.31	44.544994614427885
36.32	45.456255026187286
36.33	52.40289209646938
36.34	51.34387908005331
36.35	49.13116711764594
36.36	48.50992541322873
36.37	48.73525185035519
36.38	40.253208506463984
36.39	37.71094063379629
36.4	30.93049474103873
36.410000000000004	33.59859636067524
36.42	53.25612102900019
36.43	40.54147609800244
36.44	37.462567036290864
36.45	40.37907502673459
36.46	46.05421779752877
36.47	46.87737683457814
36.480000000000004	48.14082777705876
36.49	43.17264892617047
36.5	37.67915402458315
36.51	59.23887874330065
36.52	44.33537169734644
36.53	29.399093024192535
36.54	4.693401214109439
36.550000000000004	32.34029333870015
36.56	14.784074438256853
36.57	26.187722740656227
36.58	26.555539823069275
36.59	17.74875909940655
36.6	19.60118572169095
36.61	35.205344186577314
36.62	23.89965042246759
36.63	21.01807758084934
36.64	22.747582938607657
36.65	34.53958724765914
36.660000000000004	34.43684359479932
36.67	49.425015603476695
36.68	48.45328284392584
36.69	51.3931438702045
36.7	44.806928121737876
36.71	43.61612102369482
36.72	49.94011970270753
36.730000000000004	40.71282703939004
36.74	50.75240745895153
36.75	49.29319898529159
36.76	53.53507428510584
36.77	51.83222779449627
36.78	49.979032403954214
36.79	53.27891300308918
36.800000000000004	52.422069978194806
36.81	41.74636614194335
36.82	30.994824556740706
36.83	19.35427116285815
36.84	33.181226647198756
36.85	38.96386802866087
36.86	49.94076037103582
36.87	60.7954183171168
36.88	49.860793129067694
36.89	40.861992302641646
36.9	33.410157208455985
36.910000000000004	36.75910699145892
36.92	36.658406971357536
36.93	42.40366980834131
36.94	61.54560593197301
36.95	60.233907222060864
36.96	45.855930888584645
36.97	54.447128862759165
36.980000000000004	47.15318039103911
36.99	42.88787737088686
37.0	46.52811402958653
37.01	49.36956243956489
37.02	52.47864504263685
37.03	48.50909735682937
37.04	44.90327840472231
37.050000000000004	54.02682779217358
37.06	54.306503745900585
37.07	46.6856485781612
37.08	38.803603370766595
37.09	47.27205752620189
37.1	53.9376444024788
37.11	48.2870974823187
37.12	46.73366769348587
37.13	34.390760165099316
37.14	34.7991069755612
37.15	48.35570910934436
37.160000000000004	51.20509654474199
37.17	46.3799792784114
37.18	53.25546096174405
37.19	46.69694005482952
37.2	53.0176619106591
37.21	51.57191452039634
37.22	44.27425095114267
37.230000000000004	44.542353013817
37.24	45.81443054058416
37.25	59.158525764342926
37.26	55.29901413544866
37.27	43.90617865040746
37.28	42.299435332051374
37.29	37.214495342149135
37.300000000000004	26.514416745499933
37.31	41.56800845516499
37.32	37.670410616651196
37.33	43.22147918835067
37.34	40.31842373156592
37.35	43.76792971892569
37.36	31.7870915640757
37.37	31.400357348269537
37.38	46.6093135014676
37.39	54.11806335582055
37.4	56.00119608682996
37.410000000000004	54.51085639903271
37.42	50.95280218790021
37.43	59.34242120195654
37.44	59.588504519843546
37.45	48.10141881041613
37.46	50.335306195058806
37.47	49.00574139887722
37.480000000000004	45.010844068338635
37.49	30.38725843493901
37.5	34.26655185976919
37.51	32.68012381607737
37.52	45.78796092268974
37.53	52.707676035998084
37.54	49.1950597688709
37.550000000000004	31.76839400205702
37.56	43.43720957544905
37.57	40.744137313616626
37.58	27.25230169440864
37.59	27.962997132932802
37.6	38.07986537370932
37.61	34.46799259353866
37.62	43.511080082452914
37.63	43.29545833107343
37.64	37.19064349620708
37.65	44.441862953391315
37.660000000000004	38.68018715956104
37.67	51.402321839020125
37.68	54.672506261496515
37.69	48.11700987930453
37.7	38.938606297335795
37.71	36.25556316071903
37.72	41.146629315755185
37.730000000000004	43.86156375378971
37.74	44.25629724184701
37.75	37.15356992928478
37.76	29.017342688910418
37.77	27.474523301578756
37.78	39.746273004381
37.79	40.84173293333928
37.800000000000004	25.471022834198315
37.81	34.173053562068475
37.82	31.142214169320944
37.83	41.62364829672669
37.84	56.17348865550739
37.85	49.70659026716664
37.86	40.60285663714367
37.87	33.21816664821836
37.88	40.72324861164315
37.89	43.25664771340744
37.9	40.16690146286282
37.910000000000004	30.456356809996752
37.92	27.98257827957196
37.93	28.836116834491794
37.94	34.57427123666323
37.95	28.33007547217776
37.96	15.459333690158308
37.97	15.012472012847821
37.980000000000004	34.1632441349815
37.99	27.273487036958567
38.0	29.91071142230925
38.01	19.016426389906297
38.02	26.041870695763848
38.03	21.23829200493328
38.04	38.09851234443486
38.050000000000004	40.99976005764887
38.06	39.317884324700316
38.07	35.571765501304355
38.08	27.560777066270063
38.09	28.894792442964945
38.1	30.150038868019585
38.11	13.883587478083923
38.12	12.22502410788977
38.13	8.412536523756993
38.14	41.83734755316993
38.15	36.26254378481011
38.160000000000004	37.283833461135316
38.17	46.21906678930855
38.18	54.58123641224317
38.19	36.08415215555103
38.2	44.54796653179656
38.21	38.894369662389146
38.22	47.69044308203063
38.230000000000004	32.28519148779754
38.24	35.12690537408074
38.25	30.635919470299644
38.26	32.204321198352176
38.27	43.598396556058375
38.28	35.053560739973555
38.29	24.751839301976407
38.300000000000004	21.188662988012474
38.31	40.275723263455355
38.32	35.87707877506597
38.33	28.293292286656474
38.34	24.85043367867398
38.35	22.7308882466015
38.36	44.62267456630645
38.37	31.076172384346286
38.38	16.529929684581155
38.39	17.23384664350994
38.4	8.15965613955316
38.410000000000004	33.62338488427416
38.42	27.668540816955637
38.43	30.299500194205145
38.44	22.507657063719073
38.45	30.535785749863855
38.46	38.386639016720665
38.47	47.94369288159847
38.480000000000004	46.212037737833185
38.49	52.75489682139146
38.5	38.906249809780554
38.51	40.07020702495289
38.52	38.35460701049817
38.53	32.5346669031063
38.54	32.37733837225522
38.550000000000004	46.95144152738883
38.56	47.907088994814835
38.57	43.86948514891038
38.58	37.7703620132729
38.59	44.94582475934213
38.6	47.61348231918044
38.61	41.643378233219785
38.62	34.665862325500825
38.63	36.4115651345327
38.64	34.55190790233927
38.65	21.44315287832016
38.660000000000004	27.36014816509172
38.67	23.87037923650759
38.68	30.158880258957584
38.69	25.42951872526367
38.7	31.36627875880742
38.71	49.0155323390451
38.72	43.100346326081294
38.730000000000004	59.91460905895875
38.74	53.96840244161617
38.75	60.22976140969605
38.76	61.110879205548876
38.77	56.46870472756185
38.78	50.744860829194806
38.79	54.71455844576314
38.800000000000004	52.43806781757429
38.81	63.223054353177154
38.82	50.13481905441934
38.83	32.93577366704871
38.84	32.540133316376654
38.85	37.407981428644106
38.86	52.22567729413796
38.87	49.19887627222383
38.88	48.54765403028465
38.89	38.76051535015869
38.9	29.53552695843653
38.910000000000004	22.025900795632893
38.92	14.629646552197325
38.93	9.7158641681927
38.94	28.484310020768838
38.95	25.28751480797034
38.96	37.51535215983642
38.97	35.01626423057797
38.980000000000004	45.96279063543633
38.99	47.048527165189
39.0	38.8982622243844
39.01	37.175645219498925
39.02	46.04143228677116
39.03	40.086321920485865
39.04	47.2600683720968
39.050000000000004	52.20564345893501
39.06	49.44474893475341
39.07	48.61426776445578
39.08	57.418519315413526
39.09	65.0844106358665
39.1	60.277860520920584
39.11	62.34596488261371
39.12	64.90248176029208
39.13	53.233284190914276
39.14	51.168575990499896
39.15	51.95108389505544
39.160000000000004	39.47682836876019
39.17	38.071489273931974
39.18	29.97582088897015
39.19	27.906004956376215
39.2	29.547575469719437
39.21	34.27627544790514
39.22	34.23368301465161
39.230000000000004	37.77269002781436
39.24	35.63422763107893
39.25	31.256172970963664
39.26	39.21560309742729
39.27	33.5395640966408
39.28	25.14075054912925
39.29	44.840350369510034
39.300000000000004	51.98463573424683
39.31	51.969835465876365
39.32	40.79441192263907
39.33	45.00692444170888
39.34	46.083960272021955
39.35	35.60556837878633
39.36	21.390879278276255
39.37	44.43429038584324
39.38	42.43265003814078
39.39	43.0208108976982
39.4	38.24792142087264
39.410000000000004	46.98217304165693
39.42	60.78902530851439
39.43	47.65475696571078
39.44	42.31264817299111
39.45	54.47789393842094
39.46	58.87814780169188
39.47	61.080793582290994
39.480000000000004	59.00449452518288
39.49	43.859104531943295
39.5	49.34095436946383
39.51	44.9793250923684
39.52	41.67998359430518
39.53	40.391861127095986
39.54	35.24677240451937
39.550000000000004	42.688889522012175
39.56	30.823676588918882
39.57	19.117588337774215
39.58	33.42499070169284
39.59	28.88306897281887
39.6	39.71026135413254
39.61	56.97077592786539
39.62	48.77950938306543
39.63	46.19087579511092
39.64	32.030792167019484
39.65	24.97887041711577
39.660000000000004	18.148766140720337
39.67	25.206079846568578
39.68	42.77231053744599
39.69	47.049911650373815
39.7	41.367865588380276
39.71	33.95167797697765
39.72	20.012620088466853
39.730000000000004	15.587217230440253
39.74	14.197938407813051
39.75	30.939939967848602
39.76	37.50122290633606
39.77	28.11240998647105
39.78	46.54795055489931
39.79	47.675496802151
39.800000000000004	63.65510555324072
39.81	51.915863418613235
39.82	59.63800973622493
39.83	54.11214069185863
39.84	48.57394148440062
39.85	43.83641750197346
39.86	49.96602158422862
39.87	37.259839456316065
39.88	50.59678287842811
39.89	63.98350259406618
39.9	53.69678405537205
39.910000000000004	42.62175662316471
39.92	42.74678656879833
39.93	31.501206441693537
39.94	22.523766543168815
39.95	28.46004705218092
39.96	21.897716218987522
39.97	34.093297312548266
39.980000000000004	41.440087375455896
39.99	41.1319131237527
40.0	60.27500794775431
40.01	61.72087872834005
40.02	43.29174364014026
40.03	50.07709480394196
40.04	38.5273953739196
40.050000000000004	28.296546898386097
40.06	27.064255150231585
40.07	58.60737584124507
40.08	53.259972998094106
40.09	52.8722787677888
40.1	41.10102278227342
40.11	23.96304395372794
40.12	25.946989222068993
40.13	24.073519245106453
40.14	41.75655221569947
40.15	37.611590430410565
40.160000000000004	29.753886895939434
40.17	45.892098347525305
40.18	46.44484117979048
40.19	48.52373364820237
40.2	40.33212493485296
40.21	36.6036798219374
40.22	37.89637292252397
40.230000000000004	42.80604110465641
40.24	40.198590366282424
40.25	48.68972728632111
40.26	34.760134801760636
40.27	37.55665144389972
40.28	32.31379724625218
40.29	30.8852918281165
40.300000000000004	24.29975331249652
40.31	38.444857829766484
40.32	43.885744070331874
40.33	36.55076959146527
40.34	35.74227028680994
40.35	55.69074614285024
40.36	54.916880219495994
40.37	46.19880051873139
40.38	37.651294556065864
40.39	39.12606032786643
40.4	42.4287980748183
40.410000000000004	57.08434873750584
40.42	72.79947495142154
40.43	75.07797605126089
40.44	60.12494761366709
40.45	54.32439580451872
40.46	45.559318874502715
40.47	47.40638078461626
40.480000000000004	37.81324896817663
40.49	37.63954185562856
40.5	36.57598843977373
40.51	41.12927541350904
40.52	36.316285442135275
40.53	26.242975739389205
40.54	36.97567875067956
40.550000000000004	42.74813098083969
40.56	44.426610127470624
40.57	40.11623781045544
40.58	39.65124578631739
40.59	43.95029933278065
40.6	48.73724273289396
40.61	44.765634004029735
40.62	63.28429232294515
40.63	53.35501706494566
40.64	46.87294897923524
40.65	44.18759362042597
40.660000000000004	41.64807047084133
40.67	31.096808533067318
40.68	56.17933114288702
40.69	57.99938333509368
40.7	58.35087188351459
40.71	48.81643468210676
40.72	53.39205324727837
40.730000000000004	44.18184131969717
40.74	40.405778565446084
40.75	48.265998032802216
40.76	50.88574540706994
40.77	45.72287092606896
40.78	48.91363357198669
40.79	38.671065363893106
40.800000000000004	48.66280027729685
40.81	38.44910669415112
40.82	43.088099086053305
40.83	53.525751459352485
40.84	36.70460565582908
40.85	27.776766495681173
40.86	34.339563772176746
40.87	35.427876106482834
40.88	36.73467761836202
40.89	33.0060411674171
40.9	44.03696083330847
40.910000000000004	35.45033595992351
40.92	30.133044502433307
40.93	41.10139314175545
40.94	40.72894459069638
40.95	33.74611147430532
40.96	37.49656600312462
40.97	56.12926711015313
40.980000000000004	46.14689399317422
40.99	54.76194641208668
41.0	56.745478830002305
41.01	46.41180805191896
41.02	40.310613070492536
41.03	34.03245613200632
41.04	40.51885171975934
41.050000000000004	60.23918006099125
41.06	43.57607364087052
41.07	33.6184777299303
41.08	40.134747392077124
41.09	37.764789792973204
41.1	49.90248333644282
41.11	54.06293954498233
41.12	41.30851848791638
41.13	46.32656624383734
41.14	50.28509332424901
41.15	59.28685907579036
41.160000000000004	57.11472929787262
41.17	50.659406684985875
41.18	43.28255154609894
41.19	42.76388579186415
41.2	47.07226906610013
41.21	52.79648615189099
41.22	43.93766351558326
41.230000000000004	43.95500077888331
41.24	36.72509001650648
41.25	23.48749052314075
41.26	27.853355017666587
41.27	34.95286729032839
41.28	38.09229329509347
41.29	35.563525257365555
41.300000000000004	48.960958020531564
41.31	63.60472741533175
41.32	59.33513717582726
41.33	52.55629230758939
41.34	52.93166147781324
41.35	47.36618388389245
41.36	39.979243278815545
41.37	46.092015228650766
41.38	34.55877336823459
41.39	28.87825316789993
41.4	27.914078905242526
41.410000000000004	37.43940854364701
41.42	39.07459224942966
41.43	30.72157982768181
41.44	31.53839616678841
41.45	54.070611246141304
41.46	56.977511249462886
41.47	46.91159351162618
41.480000000000004	53.463498916536075
41.49	41.45317554777222
41.5	41.24223299877062
41.51	40.378591201307074
41.52	47.022018241459634
41.53	43.50062897524261
41.54	35.833577354796624
41.550000000000004	48.201386675318574
41.56	44.18858117193447
41.57	51.1016914764595
41.58	40.5589195057375
41.59	45.01624227860377
41.6	43.805121108050535
41.61	43.82795510100474
41.62	51.693761957951224
41.63	48.64707922201915
41.64	42.887168585760776
41.65	49.90950959656892
41.660000000000004	63.285084213187574
41.67	68.50326435139992
41.68	61.367318044289945
41.69	43.97748169679625
41.7	50.30350261177174
41.71	52.58707686755695
41.72	54.571098261507466
41.730000000000004	44.6446315186085
41.74	46.52823250835066
41.75	42.976969148487456
41.76	42.48611071676175
41.77	34.374039321409434
41.78	38.42139972028476
41.79	29.66796042115683
41.800000000000004	39.92518197360391
41.81	52.789364597063035
41.82	53.541977787054826
41.83	46.127056999398484
41.84	43.18501770988739
41.85	59.056535034002785
41.86	54.33610501785451
41.87	48.586865469108325
41.88	40.3561435975204
41.89	44.55733253216738
41.9	43.68281953613243
41.910000000000004	57.610210504462685
41.92	51.026469577805884
41.93	45.73889858315978
41.94	40.30079130153987
41.95	34.729684865316095
41.96	58.613963246735736
41.97	55.09010079648341
41.980000000000004	46.23506338390587
41.99	52.091502440872695
42.0	45.750039722931575
42.01	45.32182234032567
42.02	51.585799781861965
42.03	49.11525625853153
42.04	50.097947714468425
42.050000000000004	53.1473267313318
42.06	46.36814890376815
42.07	49.75015162766169
42.08	45.63763207169748
42.09	55.40520898439714
42.1	48.32133834718403
42.11	52.45245058345921
42.12	44.49622298781248
42.13	47.016002405377435
42.14	58.6635315709611
42.15	44.81913284187226
42.160000000000004	36.57976248862962
42.17	25.83261143714975
42.18	34.39945850327645
42.19	52.01230271125804
42.2	41.03980337188073
42.21	36.61085483933109
42.22	28.08872499724919
42.230000000000004	52.656879264763134
42.24	56.10023364608428
42.25	59.79045481623833
42.26	61.57474605935727
42.27	56.81605759715828
42.28	37.18638899001921
42.29	43.44062123229163
42.300000000000004	52.87857922190632
42.31	50.18714334935036
42.32	49.62330952415059
42.33	43.629728995318956
42.34	50.3050354714213
42.35	37.99422476017835
42.36	48.217215959799645
42.37	46.7030615973408
42.38	50.74391510147754
42.39	37.49561653559939
42.4	28.061314761349465
42.410000000000004	21.39250412155594
42.42	39.999624963698224
42.43	55.905759853669345
42.44	55.168082674135476
42.45	54.30443110150482
42.46	50.53610042930522
42.47	47.092792265056204
42.480000000000004	38.54115081712592
42.49	41.7881284510724
42.5	40.96878376613346
42.51	29.833877501228418
42.52	31.694719383430368
42.53	26.763414129138162
42.54	47.36468751820289
42.550000000000004	47.89775458079981
42.56	53.85855049071858
42.57	47.35998823504062
42.58	60.64345114518002
42.59	53.02828896405356
42.6	40.74226145926416
42.61	22.85127337594834
42.62	14.433423330031582
42.63	23.85885880987815
42.64	39.19275103917834
42.65	35.884363987969444
42.660000000000004	29.693025765338454
42.67	28.104993320831753
42.68	57.7490401763537
42.69	48.73305291353472
42.7	49.42596341732976
42.71	54.10588242905124
42.72	52.00659906574915
42.730000000000004	49.10843061618456
42.74	44.11501740078973
42.75	43.08731254478317
42.76	42.84743581800612
42.77	41.0016186269576
42.78	42.80911153387932
42.79	36.72820674357549
42.800000000000004	39.365082313932504
42.81	32.16088015405458
42.82	48.189507149783296
42.83	43.8307904237436
42.84	65.458416850207
42.85	64.03335052430016
42.86	52.95895272738675
42.87	49.18454936291404
42.88	30.832990029975594
42.89	34.861924687993124
42.9	17.316991649392122
42.910000000000004	26.063744710354943
42.92	37.35956958922851
42.93	32.887354938003796
42.94	31.829449461424822
42.95	30.330012245680116
42.96	38.216134559060315
42.97	34.22506775649269
42.980000000000004	41.72476537270459
42.99	42.27682436914835
43.0	35.74616929777813
43.01	43.531251099565274
43.02	41.945059102589845
43.03	49.21321850824023
43.04	54.29251272210361
43.050000000000004	48.32150566100645
43.06	50.09392864663572
43.07	40.57067624233357
43.08	41.90403736807122
43.09	52.67369709435818
43.1	53.51526603834846
43.11	55.80593327353794
43.12	51.079500761387834
43.13	54.733513106977966
43.14	58.193522671633524
43.15	60.92956489033843
43.160000000000004	49.25885699518495
43.17	44.061721495203926
43.18	33.69194775750343
43.19	45.54872712699235
43.2	46.559583045014065
43.21	54.02893802775154
43.22	46.52552288913925
43.230000000000004	47.97261390667275
43.24	46.22567384611162
43.25	40.516790149211154
43.26	46.12239315506753
43.27	36.47826199560836
43.28	25.32854516610303
43.29	28.73047190021936
43.300000000000004	20.809011157770655
43.31	41.265149893075474
43.32	49.390612350828015
43.33	61.1319085290215
43.34	51.66145733234498
43.35	56.521760591610295
43.36	50.614427224663736
43.37	38.501227590361424
43.38	32.37580037054172
43.39	45.058814203652005
43.4	45.36962057270871
43.410000000000004	46.48971880503689
43.42	34.93326495648877
43.43	36.704826668526536
43.44	32.725742216675016
43.45	41.4424802035514
43.46	51.70366392454655
43.47	54.855336920020775
43.480000000000004	62.22082907480543
43.49	61.14164681683984
43.5	51.37899907656006
43.51	45.763995799371564
43.52	42.04549277019673
43.53	48.332513447442444
43.54	39.742138675160795
43.550000000000004	44.406281017540294
43.56	45.719603588345294
43.57	51.92610879772348
43.58	44.09924612589864
43.59	60.57356063004025
43.6	51.2282909281413
43.61	45.13612723224202
43.62	50.9833257256609
43.63	45.97516093165944
43.64	46.03338376999569
43.65	29.08400520773599
43.660000000000004	44.34824871077006
43.67	39.14180476952145
43.68	26.515874939485467
43.69	19.42071626132917
43.7	23.16391804854018
43.71	18.92122186202905
43.72	32.28275626474709
43.730000000000004	26.098026986133043
43.74	26.826537083055573
43.75	30.02360206487989
43.76	54.20898410728963
43.77	39.786351551449556
43.78	26.21346815569108
43.79	37.90353390591452
43.800000000000004	44.43989413013772
43.81	47.0393287363164
43.82	45.492790902176566
43.83	43.86036892950766
43.84	61.305555775916346
43.85	47.4788042602165
43.86	35.59761214010992
43.87	53.873710243914545
43.88	44.14345572148838
43.89	51.955573040778745
43.9	40.41243563937876
43.910000000000004	38.40146115117124
43.92	32.88603404881348
43.93	25.44784690180629
43.94	35.78276103399021
43.95	50.74290488845661
43.96	54.14189657566806
43.97	53.07704553938561
43.980000000000004	51.800839829536436
43.99	51.9972853872815
44.0	51.51704865086143
44.01	55.644318388228555
44.02	52.28369316881837
44.03	59.7276688834472
44.04	50.365205529283486
44.050000000000004	36.8532821590561
44.06	18.83890647130222
44.07	14.250008515397251
44.08	6.189489777525247
44.09	11.772204135372593
44.1	18.870895777439582
44.11	50.166514690018154
44.12	50.14760061214714
44.13	39.767920819172076
44.14	49.68832925807752
44.15	37.339521288802516
44.160000000000004	38.21096791118492
44.17	40.37418978268184
44.18	43.5268013116729
44.19	38.10627468377675
44.2	28.880627899610193
44.21	46.02074465748909
44.22	63.101418881781115
44.230000000000004	69.93646578476582
44.24	53.51782907090692
44.25	42.41105066109639
44.26	48.64513468380141
44.27	50.02289569442795
44.28	34.72833355909435
44.29	28.137605774513542
44.300000000000004	31.217396990538685
44.31	39.07488986553609
44.32	40.423088514748684
44.33	46.78427708527199
44.34	52.95879156460371
44.35	39.757306314441344
44.36	47.10765763463746
44.37	44.23016205019945
44.38	43.50782842740716
44.39	34.39975860540704
44.4	39.29001353235012
44.410000000000004	43.114910318691145
44.42	44.264560434666755
44.43	38.46559545867679
44.44	31.590437461063104
44.45	46.256390183668984
44.46	41.37854077868322
44.47	18.28719978558449
44.480000000000004	36.612231419358885
44.49	24.025887100224967
44.5	40.83656815671281
44.51	28.92648928250189
44.52	43.801932591029846
44.53	46.07744221312242
44.54	50.29973420332557
44.550000000000004	61.75244873889674
44.56	65.39703206059535
44.57	55.4268842096963
44.58	47.96302531340033
44.59	53.5173131118924
44.6	58.18213932860518
44.61	63.97994325715231
44.62	63.96830819640681
44.63	46.423099688742745
44.64	49.17146058572557
44.65	36.231181847115906
44.660000000000004	42.604246736714025
44.67	48.19448819040932
44.68	51.71046229463915
44.69	51.21057030396847
44.7	49.19450566656601
44.71	43.39514572399432
44.72	38.3696159177868
44.730000000000004	42.14165242579545
44.74	37.12319625678226
44.75	54.34468276416955
44.76	42.60169205846491
44.77	51.70595277850896
44.78	47.87413959341828
44.79	41.667525754667444
44.800000000000004	47.20913530813857
44.81	48.64400380212083
44.82	41.60813665104579
44.83	44.81756816110645
44.84	35.0601355984672
44.85	17.632568963419885
44.86	33.56094220101287
44.87	27.069401018479336
44.88	47.30769932220706
44.89	47.24583352950133
44.9	33.37666022490239
44.910000000000004	37.778131747555534
44.92	54.118038316572175
44.93	60.69745073745564
44.94	53.40975554098682
44.95	51.238067784093516
44.96	42.91587735928722
44.97	38.25980600674482
44.980000000000004	38.62187198080366
44.99	45.62417388515634
45.0	37.425003509325855
45.01	36.320937163415785
45.02	46.112697655675326
45.03	50.967506820584425
45.04	46.23080956753749
45.050000000000004	48.958602198939275
45.06	43.03700971031117
45.07	39.340889755653194
45.08	51.38543949220746
45.09	49.93106327844617
45.1	48.65503943939014
45.11	40.972523480578246
45.12	43.09529217942548
45.13	51.356670098521306
45.14	44.43213548307481
45.15	47.41996292613293
45.160000000000004	41.12151905696529
45.17	62.45861374480799
45.18	55.553537488886676
45.19	44.51175430103967
45.2	53.84736883451045
45.21	43.79611103749983
45.22	32.2093833169423
45.230000000000004	29.01370832724471
45.24	41.86476035176626
45.25	35.592964517194034
45.26	28.059523639968962
45.27	22.36757506527795
45.28	30.294605848503323
45.29	42.408077964792554
45.300000000000004	47.26162289254042
45.31	48.46606059058443
45.32	49.02422700572202
45.33	52.35880200781332
45.34	56.52964339834396
45.35	55.220109352308256
45.36	57.15311242571882
45.37	60.60392722504462
45.38	53.003244351468574
45.39	44.17896349283734
45.4	45.49115889435815
45.410000000000004	36.42565356395019
45.42	26.676752569843213
45.43	28.254696297863006
45.44	34.118534658646226
45.45	42.46010501296096
45.46	36.73456540370411
45.47	39.3704459471192
45.480000000000004	45.41053214026387
45.49	50.76410805637701
45.5	38.70858794853508
45.51	32.63349306671877
45.52	39.067258565535305
45.53	48.51491345946358
45.54	51.760126407957756
45.550000000000004	59.36751804124882
45.56	51.46765134163034
45.57	46.5023771790595
45.58	39.39647933094016
45.59	41.21819602572053
45.6	42.965655720467566
45.61	68.66476440944905
45.62	57.737966844928415
45.63	64.17117358678985
45.64	55.01664746644642
45.65	47.56603689382631
45.660000000000004	42.41552749768108
45.67	46.743589385451926
45.68	48.335332157716
45.69	45.15545554242106
45.7	37.15295786516931
45.71	20.87306288072528
45.72	11.45635840923366
45.730000000000004	7.336684241613682
45.74	2.574530113679674
45.75	12.694426093587477
45.76	19.90408247915066
45.77	33.591622915506186
45.78	29.15507561739235
45.79	44.22138598808872
45.800000000000004	32.587036819152225
45.81	28.15966888268777
45.82	32.10460505538891
45.83	36.06794545976235
45.84	42.5062928594157
45.85	32.73567518200243
45.86	36.75580141514199
45.87	38.87456011650045
45.88	48.740187988487406
45.89	52.32850405114467
45.9	42.804659462688285
45.910000000000004	43.461074821225814
45.92	35.0499072206078
45.93	35.25771293884242
45.94	43.76484609534811
45.95	37.33563619156956
45.96	39.735865192574344
45.97	32.37710963873201
45.980000000000004	43.81690084133715
45.99	47.492581549826596
46.0	45.14893032695611
46.01	38.71350218690084
46.02	41.15496132901634
46.03	44.46513991807516
46.04	62.06887969037568
46.050000000000004	55.81684186339531
46.06	62.15584620215303
46.07	57.15813175027511
46.08	49.85928049257794
46.09	38.81395782442589
46.1	28.23997624282244
46.11	26.389836959918284
46.12	31.919884392962167
46.13	29.192334749504305
46.14	41.79050111924401
46.15	48.62031018100289
46.160000000000004	51.84451739067637
46.17	52.23599710694277
46.18	49.66178334633129
46.19	40.57075382686626
46.2	47.521414042473204
46.21	44.897637864272696
46.22	50.27729446061765
46.230000000000004	50.89862805689585
46.24	42.76978403334746
46.25	57.86093836793976
46.26	59.460393946695675
46.27	46.914788693851115
46.28	41.890168450969284
46.29	25.063135368301793
46.300000000000004	33.5178844261842
46.31	50.53444470352164
46.32	36.36829245366547
46.33	47.776827491127236
46.34	37.84885465592271
46.35	38.450557817486256
46.36	46.17999605776594
46.37	49.34728120498882
46.38	59.55570691124015
46.39	48.78147185544237
46.4	38.65353722014405
46.410000000000004	39.52470243643618
46.42	52.87254281340932
46.43	52.124193314842366
46.44	46.632603442814045
46.45	41.11053516070604
46.46	30.339847666796544
46.47	44.32955690569698
46.480000000000004	57.09721287810693
46.49	46.25156022215295
46.5	38.7495345055381
46.51	33.38719374185254
46.52	34.50952759335819
46.53	42.64875836148677
46.54	41.59610413959095
46.550000000000004	31.907648364130957
46.56	23.691991765839038
46.57	27.346646348939284
46.58	44.93966859159654
46.59	48.247710472689796
46.6	48.18621415819009
46.61	45.22879828216214
46.62	43.975471379261386
46.63	36.24840770019246
46.64	45.88218287928934
46.65	53.39545039200652
46.660000000000004	58.229722118281714
46.67	55.41097561752754
46.68	47.872747134451224
46.69	38.40485303407888
46.7	32.53389680949953
46.71	27.04917175667433
46.72	38.39215532471539
46.730000000000004	32.92399963137388
46.74	36.14586750610764
46.75	31.526247269921257
46.76	19.485573944722013
46.77	26.024824264527275
46.78	24.103495558499805
46.79	32.20523695219984
46.800000000000004	32.063194369870736
46.81	34.31980960766159
46.82	42.941279560547805
46.83	53.72522100545408
46.84	55.90729458808719
46.85	52.72631611151592
46.86	46.9746237519882
46.87	41.92579985830209
46.88	50.23994788928516
46.89	41.78893815540944
46.9	47.305503964584595
46.910000000000004	40.305260262929906
46.92	33.1224770081677
46.93	34.76562142479543
46.94	31.857252699099842
46.95	33.828350391650524
46.96	29.273056180622884
46.97	41.11814423885754
46.980000000000004	46.2781978443595
46.99	41.99139875922058
47.0	43.27124738419601
47.01	40.61219449837513
47.02	38.67320566249581
47.03	28.04616624794753
47.04	38.85005558033067
47.050000000000004	32.95819973070468
47.06	33.82653281040023
47.07	28.880305504498157
47.08	13.645044550689352
47.09	20.660032333527123
47.1	42.433033161525984
47.11	50.46137180541284
47.12	45.54465276946598
47.13	42.47069578400128
47.14	39.638372845855606
47.15	54.42989037705064
47.160000000000004	51.31608020959843
47.17	52.28704735573078
47.18	50.2201650183332
47.19	41.675547715425914
47.2	48.77956746060506
47.21	41.63593350349015
47.22	33.46323134924247
47.230000000000004	47.84222956305047
47.24	57.72824555566464
47.25	60.002480588413555
47.26	57.535686663974566
47.27	55.22482805481724
47.28	45.019288869774996
47.29	45.45183161851696
47.300000000000004	44.86565534144685
47.31	56.40060938526875
47.32	57.30494834770763
47.33	48.11674803560858
47.34	44.3039369924549
47.35	34.45078217883287
47.36	36.86022449254371
47.37	30.93257405980247
47.38	29.96389922772571
47.39	30.624673377303857
47.4	23.00858383228955
47.410000000000004	38.97074796815325
47.42	51.51154566108947
47.43	57.22053094551879
47.44	52.55725149733517
47.45	43.84833670607413
47.46	51.46443902109392
47.47	55.98098767536765
47.480000000000004	53.86787773384579
47.49	55.65948893096451
47.5	44.984420601713744
47.51	36.79388760553408
47.52	39.24835649233836
47.53	58.56071088260522
47.54	41.52737822687411
47.550000000000004	33.089678150205884
47.56	52.68712068813212
47.57	58.53088999897364
47.58	38.71753988889331
47.59	42.73205833459789
47.6	34.69602272579363
47.61	32.599512701863134
47.62	40.05531187526033
47.63	52.74298624311922
47.64	46.969397705607484
47.65	34.98899463143193
47.660000000000004	18.544297129818258
47.67	23.02448953327278
47.68	35.84304251191828
47.69	23.908156217352705
47.7	35.6960601457985
47.71	48.16449336275147
47.72	37.673559189806845
47.730000000000004	38.91823583031934
47.74	49.34816015033769
47.75	46.0424140863491
47.76	55.15640037681877
47.77	49.060309343895256
47.78	51.67166972910082
47.79	41.91544757669036
47.800000000000004	34.908848782801144
47.81	51.20620462437103
47.82	60.50628249505881
47.83	49.4397343917844
47.84	58.940365138289756
47.85	70.11336793696566
47.86	67.22475073555307
47.870000000000005	64.76045769448416
47.88	57.62134591939668
47.89	44.5565733030205
47.9	53.8508404617511
47.910000000000004	40.76613473487313
47.92	40.13658659146909
47.93	34.34651418063843
47.94	40.55541225720332
47.95	39.93073054027775
47.96	48.24775145174833
47.97	54.642751239132686
47.980000000000004	59.48205056698908
47.99	53.16147836361263
48.0	43.347791843853365
48.01	42.47269436414383
48.02	51.348950898246414
48.03	36.82057395696131
48.04	34.17956792862188
48.050000000000004	48.64731372153401
48.06	42.18874094695629
48.07	37.49697894133495
48.08	42.53774239665407
48.09	45.193156093430986
48.1	45.588750171446684
48.11	45.49008758594445
48.120000000000005	49.76233300904583
48.13	44.947789113553604
48.14	38.91947033199901
48.15	33.54522977828671
48.160000000000004	38.14978147681145
48.17	39.62297951320764
48.18	35.103892187402074
48.19	31.044365007623252
48.2	31.795645582351767
48.21	45.35711234778142
48.22	44.581986989717684
48.230000000000004	49.79038293372648
48.24	49.80393753632529
48.25	42.050885301128254
48.26	41.02774407259909
48.27	44.335829164394006
48.28	49.77470017459896
48.29	51.29433718297223
48.300000000000004	54.85436759117335
48.31	53.21018013631787
48.32	46.47322714363642
48.33	44.19578502283814
48.34	45.4716203543242
48.35	52.606468317731434
48.36	56.39809106423436
48.370000000000005	57.3501222680284
48.38	52.108035414642565
48.39	42.290310539404096
48.4	39.078166771974004
48.410000000000004	42.306786135756056
48.42	44.32441103963947
48.43	37.573895583505035
48.44	20.863351365208086
48.45	30.9017919993035
48.46	48.054266504532
48.47	35.75878797771911
48.480000000000004	37.142810100001334
48.49	46.55965657151538
48.5	39.58095079171469
48.51	52.10917998433101
48.52	51.87842356603663
48.53	47.00538083719249
48.54	54.14589137847053
48.550000000000004	51.00585684090767
48.56	43.984208442274834
48.57	43.16154364373109
48.58	46.772085071845055
48.59	53.82375775507086
48.6	38.097055880845026
48.61	39.04874900519077
48.620000000000005	44.42584468505884
48.63	40.313779869517624
48.64	28.188666231287563
48.65	42.335641200824064
48.660000000000004	43.561477568592196
48.67	36.44409258184369
48.68	47.77737587718517
48.69	52.0527620280135
48.7	55.42119961872682
48.71	48.88607324116017
48.72	38.47297129058687
48.730000000000004	54.21582735914435
48.74	50.94441381217521
48.75	49.27058273058515
48.76	47.08114286790623
48.77	39.41936246042189
48.78	46.96800477592022
48.79	45.64876473754218
48.800000000000004	42.43178720837792
48.81	43.84171653669076
48.82	52.59820202702266
48.83	59.43077588196447
48.84	63.49827612338638
48.85	51.92631923436809
48.86	52.032129217926325
48.870000000000005	41.64695661933751
48.88	38.14023584726774
48.89	47.84968003234238
48.9	42.274006216641546
48.910000000000004	37.30705831104357
48.92	35.89596415529329
48.93	44.985866578163346
48.94	37.8346834035594
48.95	53.8160568324844
48.96	48.37427195181678
48.97	47.990781687175904
48.980000000000004	38.8585118335552
48.99	40.132193188534664
49.0	24.21841269775645
49.01	11.141360804615125
49.02	7.335960033423912
49.03	5.143190898574104
49.04	6.192214039552186
49.050000000000004	25.878581501736143
49.06	31.834131199414973
49.07	28.78838664724116
49.08	28.609220316223674
49.09	34.42112370175797
49.1	37.57468994101255
49.11	44.96361319159602
49.120000000000005	38.1097896480658
49.13	29.945392103891947
49.14	48.179180801396875
49.15	42.45947862540426
49.160000000000004	35.97748587808376
49.17	31.35746885612339
49.18	45.19551415348178
49.19	40.782448197602925
49.2	46.75999083246777
49.21	50.85255543032652
49.22	42.29059125274766
49.230000000000004	46.121789045418744
49.24	56.112907226736716
49.25	48.63210127756342
49.26	42.789714939763314
49.27	27.70558344132577
49.28	27.398859030512657
49.29	30.60448048645452
49.300000000000004	27.80762104213519
49.31	33.495793248398485
49.32	19.434665378517547
49.33	23.954583122982747
49.34	21.32964217463523
49.35	30.27131327513927
49.36	33.60480099495583
49.370000000000005	35.7220154472177
49.38	47.70404089208084
49.39	41.85226328989284
49.4	53.20817659761132
49.410000000000004	51.00168552937151
49.42	53.597490910013555
49.43	54.09623584770473
49.44	48.85569489841774
49.45	56.0858832250065
49.46	39.1366190822938
49.47	27.427233636536172
49.480000000000004	30.663864526094507
49.49	28.278009116388805
49.5	31.18380268480219
49.51	32.357893916197774
49.52	37.49524097733506
49.53	45.4716176444486
49.54	54.53758581165506
49.550000000000004	59.95631596388068
49.56	67.4663647340369
49.57	56.80773957455765
49.58	55.871982401795904
49.59	41.03444734515935
49.6	34.5101734554036
49.61	57.16677108436312
49.620000000000005	54.11685511216162
49.63	50.46601590646444
49.64	41.606958392368604
49.65	30.898702277655584
49.660000000000004	42.61010335708022
49.67	35.24780088486716
49.68	24.793136615101286
49.69	46.94419955063747
49.7	39.144980698705496
49.71	48.96250701279395
49.72	43.515512181880496
49.730000000000004	41.00975834311359
49.74	35.17952151148436
49.75	35.34382338117779
49.76	52.292183191939365
49.77	43.00639369443476
49.78	42.154454467947794
49.79	38.88899610742476
49.800000000000004	31.681121349405537
49.81	30.89953853518683
49.82	37.98365602714188
49.83	34.04437144598539
49.84	36.75208791303956
49.85	38.567113440501174
49.86	58.676749142892945
49.870000000000005	55.56694010979076
49.88	48.72318394375206
49.89	54.119706847928825
49.9	47.546840639078994
49.910000000000004	44.359412167842954
49.92	48.73090971165391
49.93	40.87108319256497
49.94	33.55305308803856
49.95	32.42356865713269
49.96	26.448788412514435
49.97	22.1439656556403
49.980000000000004	27.72652279576545
49.99	42.72359308444589
50.0	32.66835533093121
50.01	49.231667081674736
50.02	57.34614186260294
50.03	53.66029124758676
50.04	57.85943571524854
50.050000000000004	48.17289040946105
50.06	39.05227380743044
50.07	29.81222935324373
50.08	24.883850807514804
50.09	34.79989853632047
50.1	49.946153438175784
50.11	46.04007645278536
50.120000000000005	47.947072920539696
50.13	44.347375472040696
50.14	41.86742654500371
50.15	27.286538815757073
50.160000000000004	54.223812824283826
50.17	52.519326380797395
50.18	50.953504833519844
50.19	50.14644550831151
50.2	38.81091415856061
50.21	50.81913220542919
50.22	46.82499295677659
50.230000000000004	34.0099090149246
50.24	32.322847482840444
50.25	30.9871479887732
50.26	31.52891935691336
50.27	34.49974553801741
50.28	27.05577796441878
50.29	41.00756886849014
50.300000000000004	45.95605552697977
50.31	38.15640524988011
50.32	34.40836213787468
50.33	31.933154035771896
50.34	34.35159593279396
50.35	51.069055577687436
50.36	54.728415349556634
50.370000000000005	50.392639823793495
50.38	42.669971316574845
50.39	40.77994928514391
50.4	37.05870158792293
50.410000000000004	42.2104304187845
50.42	40.84729359494233
50.43	38.391100060322266
50.44	34.06036898599721
50.45	28.01036530243832
50.46	40.34077146004823
50.47	40.59438357344702
50.480000000000004	38.681838894347656
50.49	39.27425329340168
50.5	30.18833507053571
50.51	20.649019056327994
50.52	21.833104237033655
50.53	20.377057339751797
50.54	24.24620262391556
50.550000000000004	27.858454055586346
50.56	28.70092298947733
50.57	44.130499104577424
50.58	48.633858661071116
50.59	47.035180569864615
50.6	44.10394504630341
50.61	45.697560770842045
50.620000000000005	41.722969801406904
50.63	43.928764873184846
50.64	39.08391395660654
50.65	30.88720087667397
50.660000000000004	22.455786060259275
50.67	21.333327195721964
50.68	25.54147999294013
50.69	15.484584805542102
50.7	13.301933555668894
50.71	4.914835927755602
50.72	17.423181234169796
50.730000000000004	23.875729439510454
50.74	31.12367156398099
50.75	55.08287559841975
50.76	35.61430779211564
50.77	45.377431882023124
50.78	47.19231231570306
50.79	37.255059466971545
50.800000000000004	50.05652607857335
50.81	47.30927187276116
50.82	41.06564800250067
50.83	39.26635157266521
50.84	38.78946967746707
50.85	43.559716215343435
50.86	65.7720917548988
50.870000000000005	65.57077974594289
50.88	69.48644938293916
50.89	57.10315423961911
50.9	50.91169029666062
50.910000000000004	48.35742635119111
50.92	50.31527396650771
50.93	32.57385094129871
50.94	29.637106423137492
50.95	32.2709285061897
50.96	35.646582072591094
50.97	33.863040425076775
50.980000000000004	36.021583295314855
50.99	32.466264280486755
51.0	43.24335689230494
51.01	46.349619836398496
51.02	55.90976438839464
51.03	50.63261491277481
51.04	60.03925700164381
51.050000000000004	53.38900159941648
51.06	40.15559722706001
51.07	33.690415991401544
51.08	32.31675824805552
51.09	37.502854275887785
51.1	53.37771856393615
51.11	49.90743374878344
51.120000000000005	45.346572203265836
51.13	42.65673845433583
51.14	50.693289322034246
51.15	45.97656834097761
51.160000000000004	52.29801746216567
51.17	62.31467584927151
51.18	47.167988995884
51.19	47.43667659094683
51.2	42.34620986325942
51.21	51.17446248628898
51.22	64.11442724206205
51.230000000000004	47.08257075211419
51.24	41.711798772273276
51.25	49.93455338534578
51.26	42.407538078151255
51.27	39.43648082836827
51.28	46.69738025301471
51.29	42.50133235377662
51.300000000000004	26.508195897105647
51.31	36.55986554956085
51.32	29.48006253150697
51.33	27.072255579324093
51.34	30.168999743919915
51.35	56.23489224676551
51.36	54.823733492816196
51.370000000000005	57.876977314584785
51.38	55.60392779207998
51.39	45.56488820263406
51.4	33.63218923066955
51.410000000000004	29.387358386323182
51.42	52.308383240923355
51.43	47.60450990693733
51.44	35.630736428705355
51.45	42.53802087259691
51.46	47.80307525969176
51.47	45.8686316990188
51.480000000000004	47.31707901841093
51.49	47.74264310130521
51.5	44.423178902007905
51.51	43.078321021963994
51.52	35.0391112068746
51.53	39.07940545704889
51.54	43.81097094788358
51.550000000000004	46.50560098362534
51.56	51.278042433854175
51.57	38.55349878814243
51.58	26.79731988331982
51.59	43.12069422900574
51.6	46.10979819966002
51.61	46.15055086031714
51.620000000000005	45.76878510453038
51.63	42.153158796463345
51.64	36.049325010840775
51.65	32.89337231601149
51.660000000000004	46.59943775183935
51.67	54.14229256290969
51.68	48.88586574381563
51.69	52.01217277349551
51.7	55.61391395906696
51.71	55.96122000152014
51.72	58.466037807764266
51.730000000000004	60.855416842004324
51.74	56.94360869854159
51.75	48.60791453687605
51.76	33.347896427440226
51.77	54.336988513678754
51.78	53.19253398841009
51.79	48.12668461744666
51.800000000000004	65.2343923845796
51.81	56.22962441627365
51.82	43.36840727916001
51.83	35.37024998978008
51.84	42.20905965311374
51.85	49.90878209931167
51.86	50.35094396112492
51.870000000000005	53.14996248238932
51.88	50.904160126345026
51.89	42.30545495661466
51.9	36.62460928390966
51.910000000000004	42.42801572023745
51.92	38.06092441192686
51.93	43.4465992878123
51.94	42.385037322309195
51.95	37.49815527016279
51.96	26.374890053728915
51.97	37.043934611297594
51.980000000000004	39.69016688736173
51.99	35.96227432245686
52.0	31.023610998812856
52.01	41.19482186472739
52.02	31.2802424151111
52.03	31.30256816222821
52.04	35.52475069566731
52.050000000000004	45.828482091039334
52.06	47.013393606221754
52.07	43.02505742309879
52.08	53.346806206420766
52.09	47.85533916083505
52.1	36.62617239921332
52.11	33.94992743609659
52.120000000000005	32.7811898420789
52.13	29.952092397160257
52.14	32.80498796903998
52.15	24.923638715253144
52.160000000000004	36.007157892780484
52.17	35.55965357262673
52.18	34.46129693825869
52.19	33.71735831385169
52.2	25.65903294470515
52.21	18.302578914309397
52.22	20.14373137755188
52.230000000000004	11.769352077938734
52.24	28.903441468574925
52.25	33.103014793275406
52.26	50.7486177173481
52.27	44.88900024445635
52.28	39.02783086200649
52.29	41.76426080749438
52.300000000000004	44.333195163135
52.31	31.950479167608016
52.32	29.910460604617764
52.33	19.58875636345915
52.34	10.92855360185122
52.35	5.527895157389273
52.36	-0.0604015787266206
52.370000000000005	-3.712684460055599
52.38	-8.373330162794874
52.39	-28.78847985996641
52.4	-19.512283174464766
52.410000000000004	-11.738997716989134
52.42	-34.66839051992559
52.43	-36.853674463371696
52.44	-39.8961693571515
52.45	-41.07118671125778
52.46	-44.21263845016243
52.47	-47.03564832796375
52.480000000000004	-54.681828251215855
52.49	-49.31932533614005
52.5	-40.85508201543267
52.51	-40.72540115603349
52.52	-37.91830476239115
52.53	-48.56778330615234
52.54	-45.881600461171416
52.550000000000004	-49.29166526503643
52.56	-42.75644343469831
52.57	-41.697279853427275
52.58	-31.08384383811628
52.59	-38.68841129804177
52.6	-32.41126214281649
52.61	-27.18916854756437
52.620000000000005	-30.01850622776435
52.63	-38.49088934011564
52.64	-36.75659362640664
52.65	-22.76090439314294
52.660000000000004	-43.30864699270468
52.67	-44.74528082141343
52.68	-37.97173977701328
52.69	-42.20548085786562
52.7	-42.534541624854995
52.71	-57.11076786734325
52.72	-54.72508643154175
52.730000000000004	-60.06094211417876
52.74	-61.89295956185468
52.75	-56.718397685848544
52.76	-49.442704954055515
52.77	-55.90452895530499
52.78	-43.5080862753499
52.79	-40.40096826730051
52.800000000000004	-44.86265444793076
52.81	-45.2630268836003
52.82	-41.911869987451816
52.83	-53.44447850457834
52.84	-46.674084009612244
52.85	-39.443329314745085
52.86	-56.287541119426166
52.870000000000005	-43.687708059401054
52.88	-54.196348911522705
52.89	-42.31041265843535
52.9	-49.48875898343046
52.910000000000004	-44.135201847326066
52.92	-31.927838456831154
52.93	-41.00360187396574
52.94	-53.19358509424951
52.95	-58.593576702123976
52.96	-53.53502455818082
52.97	-41.0105473709195
52.980000000000004	-28.87539938249704
52.99	-24.973685308532644
53.0	-28.553651199809277
53.01	-25.293223842809432
53.02	-30.522670863709294
53.03	-35.22716730814094
53.04	-42.298732259656326
53.050000000000004	-48.93523074058904
53.06	-44.399595712014325
53.07	-47.39942663465644
53.08	-54.83288496496106
53.09	-51.6240506892589
53.1	-49.82152357962234
53.11	-59.76140490828541
53.120000000000005	-48.429425630898926
53.13	-58.673650014834095
53.14	-61.4123613600259
53.15	-54.32203296167087
53.160000000000004	-65.43500291304967
53.17	-52.528352230287744
53.18	-57.042785291160854
53.19	-54.796942764819136
53.2	-54.77612104876315
53.21	-58.378566754749066
53.22	-56.44238918669079
53.230000000000004	-48.4283277287849
53.24	-33.10529330574082
53.25	-27.686237204053498
53.26	-34.562468189087106
53.27	-24.178300563160057
53.28	-31.98089922991199
53.29	-28.940347708349055
53.300000000000004	-18.678694802346318
53.31	-20.133293532099707
53.32	-24.982197119376032
53.33	-19.530415663900463
53.34	-40.643917101440174
53.35	-35.9903586868885
53.36	-41.56133690064528
53.370000000000005	-39.09481948073897
53.38	-32.08676488568323
53.39	-23.994082932257864
53.4	-37.667661095136886
53.410000000000004	-33.233897149833375
53.42	-25.68719562328181
53.43	-43.07140064382854
53.44	-47.65297637568751
53.45	-38.202093640507975
53.46	-35.972194135221585
53.47	-30.82679578096391
53.480000000000004	-28.070176221228998
53.49	-26.061330660736722
53.5	-19.110391289933656
53.51	-24.8413450724385
53.52	-11.769862795886914
53.53	-14.81090036206065
53.54	-28.237626660763908
53.550000000000004	-49.00793980629559
53.56	-41.54307670577923
53.57	-50.05043399493511
53.58	-41.71523246179811
53.59	-46.70662810822527
53.6	-33.42813905562535
53.61	-20.35221492851155
53.620000000000005	-7.231150524230537
53.63	-15.363388792288571
53.64	-31.281277938676965
53.65	-17.57803795566402
53.660000000000004	-19.577780027657052
53.67	-35.37057457199665
53.68	-47.940742033147004
53.69	-44.103690741941435
53.7	-31.20797673321885
53.71	-41.63825929789736
53.72	-59.72325212840353
53.730000000000004	-42.6760946282984
53.74	-52.92545710507772
53.75	-53.30793763966046
53.76	-54.16402658892075
53.77	-54.358805385361
53.78	-47.572293529191
53.79	-63.745582570959634
53.800000000000004	-58.12584287728866
53.81	-47.27303426313801
53.82	-48.00584787988671
53.83	-43.08282191164494
53.84	-47.14790602101008
53.85	-43.14120482137556
53.86	-42.985984691237974
53.870000000000005	-45.113228311694954
53.88	-56.11137851076154
53.89	-51.587020772341155
53.9	-62.46616430342679
53.910000000000004	-55.79658151982485
53.92	-66.0159421398525
53.93	-58.899123395100276
53.94	-50.6243295608543
53.95	-37.09247795861948
53.96	-37.00020866584747
53.97	-49.03171543098691
53.980000000000004	-52.67619052100541
53.99	-32.06470621796167
54.0	-28.165305237164866
54.01	-24.7600048409048
54.02	-18.39293106895873
54.03	-6.229635110306052
54.04	-16.385163850713695
54.050000000000004	-22.3563387506421
54.06	-18.592310166742124
54.07	-34.0180458801066
54.08	-46.481280278619494
54.09	-45.842240044663896
54.1	-45.86518557323221
54.11	-35.1793974529809
54.120000000000005	-48.035053869068925
54.13	-38.45431779646702
54.14	-57.966216511402806
54.15	-60.83472906973193
54.160000000000004	-67.75877035296357
54.17	-55.93315732139262
54.18	-48.44953299063159
54.19	-31.75397338122889
54.2	-29.87569545950162
54.21	-36.27763540438214
54.22	-50.059464362200714
54.230000000000004	-54.275505397176346
54.24	-52.81517378175653
54.25	-57.855307652521454
54.26	-47.23796696298827
54.27	-59.62328090838096
54.28	-55.14289612658174
54.29	-41.72989052521439
54.300000000000004	-47.970921254167905
54.31	-43.250580927094425
54.32	-46.016685331863435
54.33	-45.02570453521976
54.34	-45.48531236859444
54.35	-49.83676872350719
54.36	-40.11706396530821
54.370000000000005	-42.286076825340686
54.38	-57.308267237399065
54.39	-56.589629461106455
54.4	-49.029938914457816
54.410000000000004	-42.1588055777208
54.42	-35.39480992766191
54.43	-29.713955905046586
54.44	-21.141023730432885
54.45	-43.124717415518724
54.46	-39.84882721213426
54.47	-36.67288298928952
54.480000000000004	-37.20447901538522
54.49	-39.695706466971316
54.5	-28.611761626060144
54.51	-29.14538435502336
54.52	-23.541734214354
54.53	-40.92536594638446
54.54	-39.32124909655046
54.550000000000004	-29.275872254715427
54.56	-56.53293404270166
54.57	-64.75375055252916
54.58	-61.59646785360564
54.59	-55.34536979625214
54.6	-39.777236173185706
54.61	-44.8407399542348
54.620000000000005	-44.638349125373125
54.63	-56.294194785549415
54.64	-63.420829150691915
54.65	-54.19193308705802
54.660000000000004	-50.48608138629555
54.67	-46.83904986469812
54.68	-41.21906558851793
54.69	-43.95598396149375
54.7	-45.07628125206598
54.71	-42.72770491332314
54.72	-37.2115886312358
54.730000000000004	-44.59082950671194
54.74	-53.7422969411495
54.75	-44.22357719016975
54.76	-41.967480874193924
54.77	-22.349927737001003
54.78	-27.706354722231968
54.79	-29.34949341061261
54.800000000000004	-25.48186914122452
54.81	-26.250770899143173
54.82	-35.33411319704821
54.83	-34.48950943681661
54.84	-36.00451633968128
54.85	-43.97059992468072
54.86	-47.04649896232888
54.870000000000005	-54.911841442433705
54.88	-59.364194532582594
54.89	-59.76955264752317
54.9	-62.55232153773324
54.910000000000004	-55.60686600307967
54.92	-50.13197097989564
54.93	-42.783149807530705
54.94	-39.040363810681164
54.95	-36.59077594914706
54.96	-53.19726930785215
54.97	-50.91772174554872
54.980000000000004	-50.143086668793785
54.99	-39.89426758963692
55.0	-33.97505173366441
55.01	-47.74210229985246
55.02	-43.86138113518275
55.03	-35.01580032992891
55.04	-36.79780002499819
55.050000000000004	-45.6092240319828
55.06	-37.87332912913436
55.07	-50.7352896049038
55.08	-53.87487301113889
55.09	-41.12325200794894
55.1	-36.20671087798303
55.11	-45.580444735011895
55.120000000000005	-39.01521048118506
55.13	-32.600383085385054
55.14	-60.83198010139892
55.15	-58.976071480271195
55.160000000000004	-51.04787492147595
55.17	-45.77959192276195
55.18	-47.425869445500524
55.19	-42.56454474781455
55.2	-34.881165073478485
55.21	-46.58448317971672
55.22	-51.252252946032186
55.230000000000004	-39.55266165291832
55.24	-27.325453503615933
55.25	-33.73921795296759
55.26	-26.53802273470899
55.27	-17.358429714059998
55.28	-21.41282051963339
55.29	-43.367838134959186
55.300000000000004	-57.23038515154288
55.31	-56.049599278414284
55.32	-59.4574050916611
55.33	-48.36932939337593
55.34	-41.76635799664007
55.35	-46.869248538681354
55.36	-39.012415359924724
55.370000000000005	-29.445021371370025
55.38	-43.56885775470634
55.39	-46.18021147380811
55.4	-55.05528173806529
55.410000000000004	-59.87214130305724
55.42	-51.21192990951172
55.43	-39.62454368185265
55.44	-48.7587760252543
55.45	-48.0117352076946
55.46	-36.73677050843316
55.47	-48.8694081104165
55.480000000000004	-40.7417608497056
55.49	-44.19754109988654
55.5	-55.93790539332097
55.51	-42.3773515051766
55.52	-41.405004473427695
55.53	-47.843311090421054
55.54	-44.09919159774912
55.550000000000004	-44.5107749431562
55.56	-31.048481938212955
55.57	-35.19649218276656
55.58	-29.55358750416219
55.59	-35.630233223195006
55.6	-36.815182826711634
55.61	-43.364556141190654
55.620000000000005	-54.31320589648379
55.63	-50.04071565802096
55.64	-47.01649557159105
55.65	-44.894182198893596
55.660000000000004	-35.96468971038758
55.67	-28.409038565650903
55.68	-33.95412352988195
55.69	-37.109977496848856
55.7	-51.95219773756891
55.71	-55.30864301269696
55.72	-47.85245755438291
55.730000000000004	-39.230541419334884
55.74	-42.00784653855987
55.75	-49.20948824974877
55.76	-42.077869990083215
55.77	-55.483720460002736
55.78	-66.95741448776579
55.79	-57.629695748618744
55.800000000000004	-49.805620300611245
55.81	-45.16933938382917
55.82	-49.381433743577745
55.83	-53.291336575909334
55.84	-52.959588515494985
55.85	-61.330637682788975
55.86	-64.60353351986791
55.870000000000005	-62.18748983065515
55.88	-66.01308616728092
55.89	-52.60257821048216
55.9	-43.96916902817039
55.910000000000004	-30.40293375945723
55.92	-36.05012949926161
55.93	-47.10299980014045
55.94	-43.99458000382069
55.95	-42.847575219437786
55.96	-37.06350248787443
55.97	-37.635468542183204
55.980000000000004	-42.49589077245604
55.99	-34.12395805285651
56.0	-46.09030921132618
56.01	-51.423040124340844
56.02	-54.516099142868825
56.03	-41.85193885755302
56.04	-30.231654231796178
56.050000000000004	-42.24603654844914
56.06	-51.97556995901696
56.07	-58.036051950792405
56.08	-67.97750898710132
56.09	-59.885113353098404
56.1	-60.79642588850107
56.11	-45.997224301212896
56.120000000000005	-43.15421403473201
56.13	-36.13708651977837
56.14	-34.492591034903356
56.15	-38.75241486315592
56.160000000000004	-39.24600860058879
56.17	-48.16668631988546
56.18	-47.33823420698315
56.19	-47.30168007311902
56.2	-44.564833865323514
56.21	-53.71194896508289
56.22	-66.42604866411334
56.230000000000004	-55.38360838712264
56.24	-65.21884998936049
56.25	-55.77892506183972
56.26	-53.95609241309031
56.27	-47.59231130112403
56.28	-40.88724566600495
56.29	-29.25393849494134
56.300000000000004	-19.341046479495954
56.31	-21.561509586171614
56.32	-17.985170755475853
56.33	-8.83899885147218
56.34	-24.39406009248427
56.35	-26.15190817719151
56.36	-28.570651085649953
56.370000000000005	-30.676627271081433
56.38	-34.82180391505079
56.39	-31.002185619596062
56.4	-27.368922070329592
56.410000000000004	-33.953144471975016
56.42	-21.495274390121363
56.43	-51.32257540014455
56.44	-46.11601049864611
56.45	-43.10494598578632
56.46	-37.376608881067334
56.47	-20.322882265994718
56.480000000000004	-11.062415308448195
56.49	-20.898847953898557
56.5	-40.93101262887529
56.51	-37.92698399721284
56.52	-31.679559249745058
56.53	-47.04642785337976
56.54	-24.257355464347082
56.550000000000004	-26.663267023409855
56.56	-47.50089294434511
56.57	-37.98831086146696
56.58	-39.77268868491893
56.59	-40.15254274651189
56.6	-48.53981287120532
56.61	-52.50585639670382
56.620000000000005	-43.48978655277873
56.63	-30.513481485224858
56.64	-56.32292601564
56.65	-59.361362235640335
56.660000000000004	-48.06750791370821
56.67	-43.14303001300388
56.68	-36.288654645044325
56.69	-28.967108981940704
56.7	-31.07937285583374
56.71	-34.94666265333533
56.72	-28.57189001566875
56.730000000000004	-40.78090932584338
56.74	-34.458658696690996
56.75	-44.57696389077787
56.76	-42.1080049286528
56.77	-49.118778786249884
56.78	-54.80640135081815
56.79	-62.19044656639203
56.800000000000004	-50.62407969746142
56.81	-42.1520411388809
56.82	-47.20244764848422
56.83	-39.137423770490585
56.84	-43.882572934780704
56.85	-59.24565291860917
56.86	-43.45291648558926
56.870000000000005	-42.616989937983924
56.88	-37.744255668163284
56.89	-49.64663809062101
56.9	-38.05846082534989
56.910000000000004	-51.777853502651716
56.92	-40.87528988602433
56.93	-30.77569651596654
56.94	-32.190901723322675
56.95	-42.405481191963716
56.96	-47.11636125555785
56.97	-45.46535821327135
56.980000000000004	-46.07632547442254
56.99	-39.09364055365002
57.0	-14.586104305000815
57.01	-34.295086414859604
57.02	-32.78180310648139
57.03	-21.401823465263973
57.04	-31.88697741831785
57.050000000000004	-51.436407996463075
57.06	-43.99830165296272
57.07	-54.1197165809636
57.08	-57.818194807294816
57.09	-44.94323627053152
57.1	-48.45605441591362
57.11	-46.24453657503585
57.120000000000005	-53.41257650258541
57.13	-48.03245177515813
57.14	-48.52858324826359
57.15	-50.39939407296727
57.160000000000004	-44.997435603678525
57.17	-43.92037101311819
57.18	-52.57604263594147
57.19	-44.83325387614354
57.2	-50.30604695501685
57.21	-58.073187934952095
57.22	-47.39475039613224
57.230000000000004	-45.48339053772889
57.24	-51.343268409137096
57.25	-48.54091177319333
57.26	-37.598616712364965
57.27	-43.25263845205302
57.28	-44.65094639739073
57.29	-48.91223972212105
57.300000000000004	-42.43851650151805
57.31	-45.43717087746067
57.32	-51.55285765977274
57.33	-45.708443811645694
57.34	-32.016780169908664
57.35	-19.66568946482192
57.36	-8.504004675465106
57.370000000000005	-5.41273744364439
57.38	-8.850806569251297
57.39	-40.33694214611937
57.4	-38.76866842192223
57.410000000000004	-48.01293459008704
57.42	-39.28981175291675
57.43	-49.3999863182823
57.44	-38.534745842541746
57.45	-39.543799417726916
57.46	-32.560349380464224
57.47	-52.987897853668755
57.480000000000004	-50.57045463821546
57.49	-49.72151758203429
57.5	-44.7964460867237
57.51	-45.57968015607489
57.52	-47.898428742605546
57.53	-44.868146680041974
57.54	-39.35801592738061
57.550000000000004	-37.46737541544116
57.56	-57.3546250231035
57.57	-55.567840965834506
57.58	-40.22294969155894
57.59	-33.984878633744806
57.6	-40.29889802330594
57.61	-41.60357320223958
57.620000000000005	-50.02701672741484
57.63	-47.65944975309069
57.64	-54.41975156746587
57.65	-50.060388754947134
57.660000000000004	-46.141086265470314
57.67	-47.4597609589107
57.68	-45.15553548565862
57.69	-50.01312398682864
57.7	-42.20478129264156
57.71	-42.88020163377426
57.72	-42.21866848830346
57.730000000000004	-45.214209628916635
57.74	-41.088796327051476
57.75	-39.46423216189544
57.76	-26.837869364072674
57.77	-34.615202726504286
57.78	-31.52315779876434
57.79	-35.088826455647485
57.800000000000004	-34.21063063471585
57.81	-31.275488454530027
57.82	-30.89131543738262
57.83	-34.70291554340714
57.84	-35.308596524517824
57.85	-32.04943153104918
57.86	-22.682721761201137
57.870000000000005	-32.89067683861071
57.88	-36.767610309559075
57.89	-32.04978194673128
57.9	-31.971744451598425
57.910000000000004	-29.732547947421413
57.92	-33.395515024424135
57.93	-22.249744875228316
57.94	-9.921650657861397
57.95	-23.840112523650415
57.96	-39.68459916120417
57.97	-51.41995032011239
57.980000000000004	-46.749391284131455
57.99	-35.020271939208484
58.0	-38.80841417945699
58.01	-42.29928842666143
58.02	-43.15221882230943
58.03	-43.41519089348521
58.04	-34.673610572466615
58.050000000000004	-38.53004599835825
58.06	-29.117750763311495
58.07	-46.98056846902127
58.08	-44.5390869688896
58.09	-53.381686359970885
58.1	-50.07081925470185
58.11	-50.749108150218035
58.120000000000005	-51.02852425805573
58.13	-41.37043782750888
58.14	-47.62397551362946
58.15	-50.57800420679966
58.160000000000004	-45.59910891107552
58.17	-42.72463658336572
58.18	-41.35925640767706
58.19	-27.635598774155397
58.2	-35.60654132940371
58.21	-25.10033779546305
58.22	-19.674794441366643
58.230000000000004	-36.176088794093666
58.24	-41.00421150155551
58.25	-48.40025861500153
58.26	-50.20498056579463
58.27	-45.53881895114766
58.28	-42.19857592727782
58.29	-52.93936893996364
58.300000000000004	-55.78063917457613
58.31	-50.543989958129266
58.32	-54.91116784790625
58.33	-64.20365968486429
58.34	-58.474968799438344
58.35	-47.281292617566095
58.36	-36.584756507828395
58.370000000000005	-30.964729907268197
58.38	-29.529626628402383
58.39	-26.618805382641575
58.4	-33.0821965652065
58.410000000000004	-41.78043217907492
58.42	-35.898489566274016
58.43	-20.77637227245541
58.44	-30.713358014995066
58.45	-46.04079080642818
58.46	-51.248888782109965
58.47	-34.98427381358667
58.480000000000004	-40.69201533409892
58.49	-24.56199694662657
58.5	-28.9915550816442
58.51	-29.042948659114717
58.52	-30.297552791707393
58.53	-24.26972584612689
58.54	-20.26984219868968
58.550000000000004	-14.405742354938571
58.56	-23.701540999254238
58.57	-26.38841831359656
58.58	-24.66004696387748
58.59	-28.269282466674568
58.6	-35.58659390345639
58.61	-26.86809009161785
58.620000000000005	-44.51127037398693
58.63	-42.70717577562737
58.64	-30.271563483134063
58.65	-26.168706825499314
58.660000000000004	-38.58333682588455
58.67	-46.60095230659673
58.68	-53.989978947068096
58.69	-48.57907560275455
58.7	-44.402273092126535
58.71	-37.329496048532015
58.72	-37.82596557622945
58.730000000000004	-29.06291533900632
58.74	-26.033148155961232
58.75	-39.55524494794408
58.76	-42.01688274296466
58.77	-36.31610646593776
58.78	-31.562196479260365
58.79	-25.085126895836616
58.800000000000004	-22.849269957626095
58.81	-30.397886147990057
58.82	-30.004472169179845
58.83	-34.80077360228983
58.84	-36.30445416367081
58.85	-41.26559102394848
58.86	-64.55416483558564
58.870000000000005	-57.36361415001957
58.88	-46.66137422072719
58.89	-38.32231729628824
58.9	-35.63920165991058
58.910000000000004	-37.252799453734355
58.92	-42.607671340714944
58.93	-38.60724110360124
58.94	-26.866044694315477
58.95	-23.060828977884956
58.96	-32.88785356634807
58.97	-41.149655912588365
58.980000000000004	-28.64525643043934
58.99	-49.55208117598502
59.0	-62.907157651258004
59.01	-61.09575085074157
59.02	-62.0364585056385
59.03	-55.618755273756285
59.04	-53.75054907415706
59.050000000000004	-54.561627774509276
59.06	-50.387306117545535
59.07	-34.40430821625456
59.08	-27.208176646315934
59.09	-13.345733057968456
59.1	-39.84321081069519
59.11	-33.53693306134105
59.120000000000005	-39.86761615185604
59.13	-49.93427260670081
59.14	-39.95173070238606
59.15	-53.201911708326676
59.160000000000004	-63.049572084716594
59.17	-58.92823934637293
59.18	-56.473073387160944
59.19	-52.05110544209798
59.2	-53.78000174883038
59.21	-69.37943401923232
59.22	-53.30103847811611
59.230000000000004	-52.65729932733756
59.24	-46.47016558941901
59.25	-57.032752279064376
59.26	-49.252061229652796
59.27	-41.53388240263234
59.28	-44.00416881656795
59.29	-32.50755293655583
59.300000000000004	-23.43900007289255
59.31	-47.161973541916126
59.32	-24.288801355043216
59.33	-30.521730812415143
59.34	-21.81838021385171
59.35	-22.907125522307336
59.36	-43.893884093913194
59.370000000000005	-38.89989707128084
59.38	-46.19526429007264
59.39	-45.32518692139995
59.4	-48.93179312857984
59.410000000000004	-65.13240143456974
59.42	-49.707379979750286
59.43	-49.363692115685645
59.44	-55.93844421515536
59.45	-61.93963448257388
59.46	-59.4561478320169
59.47	-56.76800891664205
59.480000000000004	-55.33952994247755
59.49	-49.40083309303903
59.5	-41.659678871233425
59.51	-37.62539700248923
59.52	-34.927699954276775
59.53	-42.486749086492125
59.54	-39.49231674926905
59.550000000000004	-31.329290708293616
59.56	-29.692594039970043
59.57	-42.69334151628045
59.58	-43.85367104921543
59.59	-42.90321512146134
59.6	-46.21916693628288
59.61	-51.13107133953173
59.620000000000005	-46.38923163340288
59.63	-41.96904555630687
59.64	-38.88097156583457
59.65	-37.76733216394324
59.660000000000004	-37.75721973357571
59.67	-50.15356670808023
59.68	-68.37717801586919
59.69	-58.60410466933795
59.7	-48.91592249208045
59.71	-59.95732463274876
59.72	-53.221812809799744
59.730000000000004	-49.20742277865291
59.74	-66.94676220840975
59.75	-56.687597590838415
59.76	-60.18360886232565
59.77	-40.58335616088262
59.78	-36.90467817275404
59.79	-32.415140305299204
59.800000000000004	-25.56025961565832
59.81	-26.999317013614704
59.82	-35.34715948734782
59.83	-32.506047624496105
59.84	-50.46270420093668
59.85	-48.39729024783912
59.86	-51.633279517623166
59.870000000000005	-43.36273438500051
59.88	-60.5231330849285
59.89	-66.48586489703139
59.9	-58.468681200804895
59.910000000000004	-53.929204692702605
59.92	-55.152774600070195
59.93	-44.18907569338615
59.94	-34.996175902874235
59.95	-55.15095882964769
59.96	-53.185946903219495
59.97	-59.31570347639085
59.980000000000004	-50.63202881694003
59.99	-57.67688094263113
60.0	-53.771361523986535
60.01	-49.55114577602231
60.02	-49.50113091997636
60.03	-44.50034063366331
60.04	-55.207722095356765
60.050000000000004	-54.509652120866534
60.06	-47.89646472451356
60.07	-52.149842446702486
60.08	-57.19019341358728
60.09	-63.736299235465985
60.1	-56.04301810668931
60.11	-52.276604697469196
60.120000000000005	-41.705054542831945
60.13	-40.78867588691112
60.14	-46.28374152693696
60.15	-46.33587211649462
60.160000000000004	-44.60245569698281
60.17	-30.39680814372951
60.18	-32.54430837188455
60.19	-21.024511539274492
60.2	-38.00589980149869
60.21	-36.621392000306265
60.22	-49.16726262015631
60.230000000000004	-48.51436964786541
60.24	-40.90450646461533
60.25	-43.775223528625475
60.26	-55.96934639488278
60.27	-63.32683591863025
60.28	-57.99989538214003
60.29	-56.426028812829884
60.300000000000004	-53.242399970641365
60.31	-50.69107190541229
60.32	-48.96442539467001
60.33	-49.816103141735454
60.34	-52.42782427871389
60.35	-57.869949224414114
60.36	-51.38548520204457
60.370000000000005	-53.19374990665633
60.38	-53.40240905832357
60.39	-48.87854266668402
60.4	-45.79279403793278
60.410000000000004	-49.23110124239469
60.42	-55.32689286339609
60.43	-61.921542590459374
60.44	-61.20632798049102
60.45	-56.55576497417213
60.46	-50.079228990060436
60.47	-44.02187355800176
60.480000000000004	-34.14222006637402
60.49	-40.9827420191359
60.5	-46.201506637038676
60.51	-36.04041863755668
60.52	-44.922690222915406
60.53	-36.21727416912466
60.54	-43.6898162966279
60.550000000000004	-38.85925615357137
60.56	-32.192480853944986
60.57	-44.6830318996852
60.58	-56.475468370892976
60.59	-51.75363612104528
60.6	-49.75248793095059
60.61	-63.27141748907465
60.620000000000005	-45.232252363051295
60.63	-34.796166613692385
60.64	-34.83362456016184
60.65	-38.20625473780418
60.660000000000004	-30.871709134531805
60.67	-29.591444255093627
60.68	-40.36593392333871
60.69	-32.366558075213945
60.7	-31.923401023314163
60.71	-35.73648542541725
60.72	-34.9237442521269
60.730000000000004	-23.979578294697966
60.74	-29.687311746714133
60.75	-42.89258772279234
60.76	-35.88691116775286
60.77	-32.97018287974587
60.78	-32.94108335785841
60.79	-28.463547064471587
60.800000000000004	-23.296477587767235
60.81	-44.75935819415034
60.82	-39.952341622663
60.83	-30.580234841036038
60.84	-39.35651026960159
60.85	-49.35881174334823
60.86	-35.17385672902021
60.870000000000005	-15.279322753112696
60.88	-26.900911942079713
60.89	-35.38789257370003
60.9	-37.63895276094093
60.910000000000004	-40.453566601737734
60.92	-31.149728558257205
60.93	-29.922187664761932
60.94	-32.49335850638211
60.95	-39.54078657194433
60.96	-57.23761609519704
60.97	-57.874876641802075
60.980000000000004	-51.73738848099581
60.99	-43.1449517813089
61.0	-43.33159128998177
61.01	-37.910730241981895
61.02	-34.11802626816993
61.03	-35.27721963666797
61.04	-37.10406404251422
61.050000000000004	-42.41246017392539
61.06	-42.09990409941178
61.07	-29.457394236484486
61.08	-17.713342052707855
61.09	-25.19120485971057
61.1	-35.269871507050624
61.11	-48.19109515757048
61.120000000000005	-39.05219278136555
61.13	-26.724135727269775
61.14	-26.98137373780275
61.15	-33.47721010365326
61.160000000000004	-28.313801401359964
61.17	-49.27558554066823
61.18	-54.136615016990774
61.19	-53.97928047822192
61.2	-50.995712771406154
61.21	-43.69215060620696
61.22	-29.836719572855795
61.230000000000004	-23.959825961122203
61.24	-45.67242955624737
61.25	-41.31105933342343
61.26	-37.95326921023282
61.27	-19.16179997689644
61.28	-29.649389250901468
61.29	-42.10407125532199
61.300000000000004	-37.17841204890875
61.31	-35.03373590519888
61.32	-36.93910842513605
61.33	-30.234918204542197
61.34	-19.009610488856037
61.35	-43.65843778871898
61.36	-35.70355783602662
61.370000000000005	-38.37441124402383
61.38	-29.365484579261864
61.39	-45.51639262472574
61.4	-33.050113830681305
61.410000000000004	-47.75777523782321
61.42	-40.61203729211797
61.43	-39.169118136867375
61.44	-52.68621306386774
61.45	-39.931241887029344
61.46	-38.70823288225676
61.47	-47.83972844023167
61.480000000000004	-44.940822297316636
61.49	-29.96103804857
61.5	-29.71529435520354
61.51	-47.513438358853
61.52	-50.13386960442178
61.53	-46.19379572458469
61.54	-44.8421025872656
61.550000000000004	-49.859484074966964
61.56	-41.00049792884894
61.57	-50.260514387353766
61.58	-49.87171144686014
61.59	-52.63813884904855
61.6	-57.03941157706172
61.61	-59.74680198674048
61.620000000000005	-47.51611682550742
61.63	-42.64446500930676
61.64	-37.84275497171329
61.65	-29.36825022732796
61.660000000000004	-32.68303932303084
61.67	-45.003793309202266
61.68	-35.97591942175358
61.690000000000005	-37.854294882903794
61.7	-42.06717167634506
61.71	-45.23812024686653
61.72	-30.498159380906742
61.730000000000004	-23.235404641833814
61.74	-34.509834931348315
61.75	-34.738112464803685
61.76	-34.16305272131251
61.77	-28.46414331882301
61.78	-22.671974028877617
61.79	-28.12086193022223
61.800000000000004	-41.946189365115636
61.81	-44.4921250143067
61.82	-51.11508465667008
61.83	-51.7256728938386
61.84	-42.595175447714944
61.85	-39.04174656786416
61.86	-45.75227958305781
61.870000000000005	-52.889714309832875
61.88	-39.967805676078775
61.89	-41.61009848449789
61.9	-44.50080705289541
61.910000000000004	-31.274399099412534
61.92	-17.752066052095692
61.93	-14.306438404538062
61.940000000000005	-28.680803616341684
61.95	-21.96207275455212
61.96	-29.349958251247546
61.97	-29.43608109935946
61.980000000000004	-16.882112565997687
61.99	-30.972201528515548
62.0	-32.59030325387149
62.01	-35.12991214392902
62.02	-33.79056881491518
62.03	-36.15601724073476
62.04	-40.50233157737613
62.050000000000004	-49.592091144078815
62.06	-43.195690307537504
62.07	-37.978983700450115
62.08	-30.190877037417142
62.09	-23.292433399573113
62.1	-42.77549487207362
62.11	-20.254660174602567
62.120000000000005	-34.09382643021813
62.13	-39.68262789716224
62.14	-47.0935599210122
62.15	-49.43060099561075
62.160000000000004	-41.035418808950965
62.17	-42.21990540436553
62.18	-43.60547208741667
62.190000000000005	-36.29141851864579
62.2	-32.23296046157784
62.21	-50.57155856652724
62.22	-51.02635641315657
62.230000000000004	-43.87105242714829
62.24	-38.98624635144209
62.25	-32.85818247135343
62.26	-42.90563378212221
62.27	-47.275432510751244
62.28	-59.12119557319892
62.29	-54.79388231372124
62.300000000000004	-70.15282478963925
62.31	-60.23056731419882
62.32	-53.30112536826964
62.33	-56.88307675986962
62.34	-49.88601655641089
62.35	-54.13357052845363
62.36	-46.354180070344036
62.370000000000005	-40.69111143228307
62.38	-51.80688043444039
62.39	-65.42687241841185
62.4	-53.3906331706575
62.410000000000004	-53.23436104903451
62.42	-54.19532706035527
62.43	-45.6996394742513
62.440000000000005	-58.81592160920263
62.45	-53.579350903755845
62.46	-48.110568874746136
62.47	-45.01636977939666
62.480000000000004	-46.61675468910411
62.49	-38.63728346099574
62.5	-47.98366627632
62.51	-43.56571951583758
62.52	-61.1484190370398
62.53	-44.68537019039842
62.54	-41.63796158052549
62.550000000000004	-60.19249722167766
62.56	-55.62224527346723
62.57	-62.43201056088211
62.58	-53.21130081448389
62.59	-42.629978502060396
62.6	-39.40161140959412
62.61	-35.32630019911898
62.620000000000005	-47.49915586634264
62.63	-65.00784692433982
62.64	-64.25142955228672
62.65	-59.77925888892656
62.660000000000004	-53.11632480556485
62.67	-54.58883368815124
62.68	-45.87516391675353
62.690000000000005	-52.75464616110554
62.7	-42.33744689852547
62.71	-41.993098086815365
62.72	-40.74972384883744
62.730000000000004	-23.240402342607766
62.74	-40.01591703331432
62.75	-33.439115458549466
62.76	-39.66413239851114
62.77	-39.110587413886975
62.78	-51.39615610064175
62.79	-43.714436689055496
62.800000000000004	-48.9729953948627
62.81	-45.5467029501802
62.82	-54.71085387649226
62.83	-52.86781617082659
62.84	-47.251579388749775
62.85	-46.04735869994842
62.86	-49.98451140219375
62.870000000000005	-46.251034170898514
62.88	-50.13180899360415
62.89	-50.67989979670527
62.9	-31.820022004389497
62.910000000000004	-41.520309781569026
62.92	-56.650787978307136
62.93	-45.80100903073281
62.940000000000005	-39.57224076829454
62.95	-39.38073457979157
62.96	-40.704378545586195
62.97	-34.1986128534696
62.980000000000004	-22.89427248391947
62.99	-46.64501058808674
63.0	-51.463315866482205
63.01	-49.838710815446696
63.02	-47.49728424748247
63.03	-38.89565818992173
63.04	-43.65114644425664
63.050000000000004	-41.20227853545319
63.06	-40.735415595631906
63.07	-39.613530611052695
63.08	-59.81891970381889
63.09	-60.03603470960937
63.1	-59.451609261875525
63.11	-45.6104234839095
63.120000000000005	-54.6661084734153
63.13	-50.02400701489103
63.14	-54.34140553617945
63.15	-45.868743508146906
63.160000000000004	-30.69298974609376
63.17	-40.040939405605464
63.18	-41.44328810996645
63.190000000000005	-32.32007978606386
63.2	-30.524243884098418
63.21	-31.115982941958578
63.22	-26.36003974595677
63.230000000000004	-21.8769794108756
63.24	-34.565951488210544
63.25	-44.18473632522637
63.26	-40.42785487094088
63.27	-46.49133150255048
63.28	-56.12793833969602
63.29	-62.76673492850933
63.300000000000004	-54.28242538896236
63.31	-54.08566931039464
63.32	-57.36143685270993
63.33	-63.466240260388425
63.34	-56.88889825276705
63.35	-52.42988857985785
63.36	-47.45212903087217
63.370000000000005	-46.33107241888222
63.38	-60.55056110430951
63.39	-50.645400487036845
63.4	-54.17756206765296
63.410000000000004	-47.01017327827394
63.42	-37.65837942303694
63.43	-27.347361214572544
63.440000000000005	-45.48126407676995
63.45	-52.678352020953085
63.46	-53.04102050290205
63.47	-65.55966860432379
63.480000000000004	-50.79782656946756
63.49	-42.52090109548937
63.5	-64.8230800049875
63.51	-57.193299365655555
63.52	-51.51702700066189
63.53	-60.089659417189374
63.54	-54.36229526910874
63.550000000000004	-52.34964077780989
63.56	-55.37335891354654
63.57	-58.418361150051126
63.58	-54.434856494794694
63.59	-51.271865090832385
63.6	-53.51103000781292
63.61	-54.634018337586056
63.620000000000005	-41.94914841108639
63.63	-30.80733204190558
63.64	-37.218026522127
63.65	-43.97850355742603
63.660000000000004	-35.48695769763971
63.67	-29.591549654722492
63.68	-23.918932525013382
63.690000000000005	-29.349097756354794
63.7	-42.22918872033156
63.71	-50.95450528472703
63.72	-45.327374028192935
63.730000000000004	-44.69336320633404
63.74	-36.326907890051615
63.75	-51.97952364580418
63.76	-38.488281008809125
63.77	-37.766871131074005
63.78	-23.693550778848465
63.79	-19.85281402163427
63.800000000000004	-16.311598275564723
63.81	-13.911079938942628
63.82	-10.626883463830112
63.83	-7.971656087514867
63.84	-19.192903482698064
63.85	-20.641161475106813
63.86	-22.07489735615918
63.870000000000005	-31.437497862186614
63.88	-51.97439416635505
63.89	-52.27170616777193
63.9	-46.382465357909496
63.910000000000004	-41.65447676996477
63.92	-48.46988507761864
63.93	-41.53808535964401
63.940000000000005	-44.05959885483965
63.95	-42.21034908979476
63.96	-35.73897649344813
63.97	-55.37540753196673
63.980000000000004	-52.22673960879226
63.99	-36.51217195920085
64.0	-52.42506231957885
64.01	-39.678540163357184
64.02	-38.74662268535929
64.03	-42.24566665239404
64.04	-41.576039311680454
64.05	-61.33373453981605
64.06	-59.77573451730267
64.07000000000001	-49.575115356974706
64.08	-50.982755639653725
64.09	-52.610623403097556
64.1	-58.84542511386061
64.11	-42.872183921221556
64.12	-41.479316369765634
64.13	-41.23420235608381
64.14	-38.35077249832406
64.15	-39.96189347037897
64.16	-34.126084332388466
64.17	-48.31872525624752
64.18	-41.636596151760294
64.19	-46.63658557628843
64.2	-45.6785300653963
64.21000000000001	-40.354586872910836
64.22	-40.45749426714837
64.23	-44.33845177907241
64.24	-38.76546622691234
64.25	-39.5531994206631
64.26	-38.75202340942517
64.27	-30.625216841092946
64.28	-25.113698807529932
64.29	-24.288120844174653
64.3	-32.256071713275496
64.31	-42.2309657257348
64.32000000000001	-40.747912469617425
64.33	-33.2718334719134
64.34	-36.62231004269725
64.35	-44.182975535389396
64.36	-31.936210990028712
64.37	-36.30135906228207
64.38	-50.78088165331326
64.39	-41.61457315843856
64.4	-38.429297344537304
64.41	-33.990953960731815
64.42	-49.75360980948559
64.43	-48.53054003979353
64.44	-41.550583197997675
64.45	-54.41616917108138
64.46000000000001	-38.5972048965427
64.47	-34.91448489363031
64.48	-43.78154390830464
64.49	-41.44153729843782
64.5	-38.24908409645408
64.51	-35.99925213220292
64.52	-25.48897659514872
64.53	-21.931964634544446
64.54	-22.547647480808404
64.55	-35.897228538231765
64.56	-29.141198773234496
64.57000000000001	-29.87034772408003
64.58	-20.668001966799647
64.59	-28.740225539243045
64.6	-22.63926816076215
64.61	-23.5996930873009
64.62	-23.346913669396013
64.63	-42.82836299313536
64.64	-39.16368618748847
64.65	-52.95821507090472
64.66	-51.55909975154164
64.67	-54.70956780493082
64.68	-42.262582222369424
64.69	-42.659490451129926
64.7	-56.03904997394206
64.71000000000001	-52.247044648863145
64.72	-49.80961563239994
64.73	-50.61982130179088
64.74	-40.2289128533853
64.75	-33.712583397011834
64.76	-22.834842113867918
64.77	-29.831997223912953
64.78	-34.26227857659024
64.79	-23.704954132633898
64.8	-30.571867004746434
64.81	-40.30001894915549
64.82000000000001	-41.517976562313
64.83	-28.701830845045823
64.84	-38.43409154622949
64.85	-42.890487791307656
64.86	-43.549242927331136
64.87	-39.69618304483457
64.88	-42.36078128558588
64.89	-37.37488200876679
64.9	-37.54755677511654
64.91	-40.845441380361784
64.92	-40.04479248014405
64.93	-28.295528756899447
64.94	-22.342152591763693
64.95	-33.264847899265945
64.96000000000001	-37.30138683947377
64.97	-39.906375023407385
64.98	-43.65293709287678
64.99	-43.363517395801495
65.0	-55.32070586149863
65.01	-44.49593760415102
65.02	-34.58524176575507
65.03	-29.541334279841866
65.04	-37.36082969723239
65.05	-27.997686049965075
65.06	-21.680913374660953
65.07000000000001	-18.901548701493102
65.08	-6.3601659523599725
65.09	-13.36851997949455
65.1	-20.540309687069193
65.11	-14.094212671109693
65.12	-7.74149805098695
65.13	-28.54619438498933
65.14	-34.974836402448084
65.15	-38.99958646656515
65.16	-41.76484121808467
65.17	-37.93869681292087
65.18	-47.90009795895963
65.19	-51.65718561236348
65.2	-53.82794875028443
65.21000000000001	-45.120924983609974
65.22	-41.70373498768705
65.23	-34.42324381918636
65.24	-51.656617011938835
65.25	-45.06815094508143
65.26	-33.56689495672379
65.27	-24.141185675811816
65.28	-30.808402820631336
65.29	-24.20303861586467
65.3	-34.634696439083605
65.31	-31.136018344419316
65.32000000000001	-46.146525548948794
65.33	-46.24396155450684
65.34	-45.159170124419035
65.35	-33.418488856357364
65.36	-42.81960451919841
65.37	-46.68833015741258
65.38	-38.65866303550686
65.39	-41.108051905937444
65.4	-50.58924667052401
65.41	-54.02390692920259
65.42	-44.09626537756134
65.43	-45.10326970993294
65.44	-52.21612072843495
65.45	-43.62337863321118
65.46000000000001	-39.649722688137196
65.47	-29.054440923753077
65.48	-26.986639536975726
65.49	-31.679246424711778
65.5	-47.43037808673485
65.51	-36.5651153785818
65.52	-48.763977739200655
65.53	-45.67247841102095
65.54	-43.37485746205125
65.55	-34.54630741793268
65.56	-38.13152180622717
65.57000000000001	-44.26123318505719
65.58	-44.913567243982655
65.59	-47.68340016736009
65.6	-56.927344344928855
65.61	-39.70767863693089
65.62	-38.64967806904326
65.63	-39.40355818430156
65.64	-37.22681514136225
65.65	-49.1617970346061
65.66	-62.98560255235939
65.67	-49.11200838136058
65.68	-32.283647585211156
65.69	-39.90126524978283
65.7	-46.482515304911516
65.71000000000001	-45.22953898805756
65.72	-36.4355355015712
65.73	-28.81755920897855
65.74	-39.926748848583436
65.75	-42.07738770970819
65.76	-49.30371065673708
65.77	-40.18242150687271
65.78	-37.7526242569125
65.79	-41.36283259035928
65.8	-50.06872313864154
65.81	-53.79729000889021
65.82000000000001	-52.05849571203556
65.83	-36.73933564433032
65.84	-34.2584189530761
65.85	-35.21207118133175
65.86	-26.38923438446955
65.87	-51.67944866262775
65.88	-57.43530771051966
65.89	-43.056242082313645
65.9	-41.79409537660975
65.91	-40.55128473989975
65.92	-37.432783801959964
65.93	-32.78290251102688
65.94	-18.55964810268483
65.95	-17.26362012341563
65.96000000000001	-29.234352960103926
65.97	-36.251623386607704
65.98	-44.272576991311
65.99	-50.1482765760075
66.0	-68.51614466833648
66.01	-54.03993353897043
66.02	-52.559517174378286
66.03	-37.31013235848524
66.04	-49.391638363345166
66.05	-55.30762631934829
66.06	-49.14136003882304
66.07000000000001	-41.10661088959452
66.08	-55.47586103342332
66.09	-48.3231125285389
66.1	-52.197041300847786
66.11	-45.773352665468266
66.12	-44.3814742298806
66.13	-44.98474685547558
66.14	-28.227767810229807
66.15	-47.688273663758785
66.16	-55.2292368453514
66.17	-47.71134581664854
66.18	-53.27808954502509
66.19	-50.94726931455418
66.2	-45.02128400387821
66.21000000000001	-56.13543391285065
66.22	-64.17985850637307
66.23	-61.03902370936827
66.24	-48.634677643940265
66.25	-43.718155077191874
66.26	-42.3773825412197
66.27	-44.69735267105989
66.28	-45.809459895991154
66.29	-45.940394908136554
66.3	-37.8127189076318
66.31	-25.01821528943373
66.32000000000001	-16.588534697019725
66.33	-37.61111572395228
66.34	-63.44555129646708
66.35	-51.98263395365253
66.36	-55.52815710703558
66.37	-50.13852878698918
66.38	-52.84958791125883
66.39	-51.37858529431948
66.4	-51.983390161281555
66.41	-50.66112669385296
66.42	-55.30503199160018
66.43	-57.545189028800415
66.44	-60.15968522690944
66.45	-60.038455964819505
66.46000000000001	-49.87992575354751
66.47	-51.14594129857912
66.48	-39.78109487659315
66.49	-27.425852881846502
66.5	-29.125546585925584
66.51	-30.572036135741865
66.52	-24.86581919430118
66.53	-41.23696348107706
66.54	-30.35142794490061
66.55	-28.38416551255001
66.56	-37.5319074082007
66.57000000000001	-36.499793629196944
66.58	-45.908397557239844
66.59	-30.834279966758054
66.6	-42.20824413245207
66.61	-40.11865630405811
66.62	-38.5248089599838
66.63	-35.187855862091745
66.64	-32.55329411006298
66.65	-43.63148761890947
66.66	-40.43588002602962
66.67	-39.23488069151091
66.68	-51.24958192924375
66.69	-47.88817178340601
66.7	-42.985522458587255
66.71000000000001	-40.37443591156556
66.72	-46.9923944380978
66.73	-42.43389865866973
66.74	-31.716700323337765
66.75	-29.995543612111565
66.76	-30.63362410446596
66.77	-42.75353098562938
66.78	-36.68108247951108
66.79	-33.60213821641443
66.8	-23.774149513740724
66.81	-32.10415985624439
66.82000000000001	-31.541652725363353
66.83	-30.25780964033069
66.84	-36.01504727297515
66.85	-37.27533324555353
66.86	-30.030531232710786
66.87	-37.109355826421634
66.88	-23.2384018225827
66.89	-23.858210661312118
66.9	-42.747399359326465
66.91	-43.526098394319824
66.92	-46.19892211101945
66.93	-39.32981583317213
66.94	-42.18904522673315
66.95	-39.45800074067799
66.96000000000001	-23.128038787529658
66.97	-36.678657319567456
66.98	-45.67735058549309
66.99	-41.807364390592674
67.0	-39.65240673043951
67.01	-55.64614416810092
67.02	-52.876126057480924
67.03	-42.39958847753254
67.04	-45.331846688957796
67.05	-49.911259255007586
67.06	-57.86476760113584
67.07000000000001	-49.25447728660415
67.08	-45.80249655820757
67.09	-58.476092925074056
67.1	-48.72672995861243
67.11	-34.84119517958474
67.12	-43.06551780115081
67.13	-38.926894679934016
67.14	-57.956142815501195
67.15	-61.259829735192845
67.16	-53.852512420828845
67.17	-41.895498540782036
67.18	-47.39165673214536
67.19	-54.05028131049747
67.2	-39.75217682171976
67.21000000000001	-22.274563349026966
67.22	-29.369173486661314
67.23	-38.851058647484365
67.24	-31.931914464973726
67.25	-30.259292304416455
67.26	-26.741548903297147
67.27	-51.89698702829968
67.28	-56.89711807386677
67.29	-45.722574265839796
67.3	-37.51906204301502
67.31	-42.37687524710202
67.32000000000001	-46.567489560681295
67.33	-37.706091020047594
67.34	-31.390410730555416
67.35	-16.60567827789132
67.36	-20.668377772358763
67.37	-30.797775226346843
67.38	-39.919292604913466
67.39	-44.23161432447409
67.4	-51.41847357217063
67.41	-68.50046019308029
67.42	-57.04986121450725
67.43	-51.13583568383829
67.44	-55.09625461384178
67.45	-45.526793409236284
67.46000000000001	-40.336507922027565
67.47	-43.52378349697049
67.48	-48.12981550999804
67.49	-48.98477875354052
67.5	-44.668920232380664
67.51	-42.935623766026175
67.52	-50.002614331659046
67.53	-47.536599820059294
67.54	-53.51063329193772
67.55	-56.053419174246855
67.56	-47.92187379849173
67.57000000000001	-41.2793342037971
67.58	-52.2754335987155
67.59	-47.07353128909775
67.6	-46.49039890195474
67.61	-45.23431010530171
67.62	-47.44557944493767
67.63	-44.53590118739302
67.64	-48.16409785773877
67.65	-41.90247351569036
67.66	-39.69682290831038
67.67	-31.084601306326817
67.68	-39.727198451189366
67.69	-42.04208659250495
67.7	-39.63336318642537
67.71000000000001	-40.699847837531685
67.72	-37.867639776504
67.73	-46.34348500682105
67.74	-44.38910808714029
67.75	-32.201243298429546
67.76	-51.29984268481729
67.77	-49.60898473481813
67.78	-48.44144634413198
67.79	-48.62915877577153
67.8	-39.390248170245165
67.81	-34.55878696273826
67.82000000000001	-37.15126004000613
67.83	-24.641136543151745
67.84	-37.68239909540214
67.85	-40.81906314763089
67.86	-31.205531862868693
67.87	-37.347213491411885
67.88	-44.46968290370292
67.89	-36.283672698605784
67.9	-43.95577416842407
67.91	-54.21868784461226
67.92	-56.9172791754535
67.93	-57.089396108267835
67.94	-64.80126299915257
67.95	-65.10484834974676
67.96000000000001	-56.017404036909646
67.97	-53.0123617767051
67.98	-36.15451550634453
67.99	-40.58420662060448
68.0	-43.65058538781891
68.01	-43.890068659744315
68.02	-41.79944142730829
68.03	-39.87211758091406
68.04	-36.235601235396175
68.05	-37.280960046620365
68.06	-41.57920849384911
68.07000000000001	-45.91309284080486
68.08	-50.49901630606067
68.09	-54.33777191937121
68.1	-51.08184880808137
68.11	-55.06328032551179
68.12	-52.90083399671957
68.13	-61.91446359325748
68.14	-52.688169639942814
68.15	-47.41272058281973
68.16	-38.308789437895015
68.17	-56.664262729812584
68.18	-44.611252948629826
68.19	-39.4477955166903
68.2	-37.72357969881773
68.21000000000001	-43.813201097910024
68.22	-41.7622614435954
68.23	-36.55155734393871
68.24	-22.60918539989862
68.25	-27.06177441055932
68.26	-24.183729382038383
68.27	-19.012842101281215
68.28	-35.536192861625935
68.29	-29.70163018176247
68.3	-38.42305239073543
68.31	-33.22407697931406
68.32000000000001	-36.5234998101413
68.33	-35.90465121802742
68.34	-40.7495959944863
68.35000000000001	-58.08785356024406
68.36	-49.56381392588186
68.37	-44.34650308784077
68.38	-44.15855908056516
68.39	-37.53308055060096
68.4	-36.84101948892083
68.41	-26.09701635984428
68.42	-25.196311247606587
68.43	-29.257608385437468
68.44	-37.90473303125097
68.45	-34.911175687354714
68.46000000000001	-47.01829908935267
68.47	-48.73262541523598
68.48	-40.53982097787062
68.49	-36.20143317867543
68.5	-38.79614390864377
68.51	-32.59644218888411
68.52	-40.15648111033161
68.53	-29.40231826484565
68.54	-17.569459003370753
68.55	-16.702563443630442
68.56	-22.371312872994377
68.57000000000001	-16.413774474315385
68.58	-26.458946177602648
68.59	-16.50139948117438
68.60000000000001	-19.856841176019998
68.61	-24.346624072561852
68.62	-40.09155031409151
68.63	-31.386938879155228
68.64	-18.488211977988385
68.65	-28.96622697650991
68.66	-47.691297492451184
68.67	-44.93854347105068
68.68	-43.80582760604381
68.69	-43.615718160865256
68.7	-44.55152149326518
68.71000000000001	-53.86078107769464
68.72	-47.34885249531495
68.73	-50.94063701221911
68.74	-47.409182467796214
68.75	-47.35431797995318
68.76	-49.23602890728461
68.77	-37.71346777897955
68.78	-37.478131930356305
68.79	-43.998450114787815
68.8	-49.285115951229365
68.81	-59.87548688094705
68.82000000000001	-66.93119363132168
68.83	-56.050170105849624
68.84	-55.31534577596258
68.85000000000001	-58.49780804787767
68.86	-50.482729791589264
68.87	-34.33180249126096
68.88	-54.58503117002118
68.89	-63.98790611252701
68.9	-67.74731925772376
68.91	-58.32112226716137
68.92	-51.29540905216057
68.93	-45.82178245466521
68.94	-39.70259151208045
68.95	-43.84539428543439
68.96000000000001	-33.45431474730178
68.97	-53.918082343865414
68.98	-51.636538562001206
68.99	-38.697997880714794
69.0	-38.00391155576376
69.01	-38.53691215249585
69.02	-44.33121038806724
69.03	-42.96644953717626
69.04	-35.24559086937403
69.05	-47.8060275199849
69.06	-40.17787238166549
69.07000000000001	-43.81618702066011
69.08	-43.777664383376134
69.09	-32.09116366480927
69.10000000000001	-38.97656412518459
69.11	-40.31566533606577
69.12	-57.438447480581516
69.13	-48.81821707290059
69.14	-50.307004068963856
69.15	-46.2565634330713
69.16	-38.1759826850844
69.17	-32.18736336388172
69.18	-36.3978882345372
69.19	-45.695162720514055
69.2	-44.5342306993838
69.21000000000001	-45.813537264878576
69.22	-31.213606196534336
69.23	-28.74103244873623
69.24	-29.345492258009273
69.25	-33.44279895773215
69.26	-48.26096022711228
69.27	-59.11732771689292
69.28	-60.777001172821635
69.29	-62.13811688937347
69.3	-51.60260403822651
69.31	-47.87879279735106
69.32000000000001	-53.764788455311184
69.33	-49.80487937811603
69.34	-46.181639669785866
69.35000000000001	-49.38130347066718
69.36	-30.88578125811975
69.37	-25.756205341441742
69.38	-45.056965415528694
69.39	-44.50431765039318
69.4	-37.441928652777605
69.41	-41.80336113949756
69.42	-53.18853737832581
69.43	-61.580702473920226
69.44	-52.47248647606311
69.45	-58.727772370416616
69.46000000000001	-57.96103971711212
69.47	-52.95724900716973
69.48	-46.22755017277123
69.49	-38.7440443927546
69.5	-33.20089171367583
69.51	-27.125738551909148
69.52	-23.019578707070565
69.53	-49.70823529745753
69.54	-56.45084051330993
69.55	-54.32405162611566
69.56	-52.2562303829814
69.57000000000001	-44.46552410910166
69.58	-47.37611498209817
69.59	-43.25554571916535
69.60000000000001	-47.20880288290556
69.61	-35.11044982655184
69.62	-35.689487318658855
69.63	-58.883691472884806
69.64	-51.19892889611789
69.65	-55.15664934903432
69.66	-47.73764938817633
69.67	-45.03012926639193
69.68	-48.05439645983938
69.69	-61.706093328025396
69.7	-45.514298924118926
69.71000000000001	-33.33353167066458
69.72	-36.26709334061921
69.73	-30.683139671524216
69.74	-34.50101922008062
69.75	-35.59371296850177
69.76	-52.890768738667525
69.77	-53.32460397745735
69.78	-45.46043798676841
69.79	-37.69330129049828
69.8	-41.8361318768604
69.81	-37.29541472992371
69.82000000000001	-39.37028218714723
69.83	-40.128156343495846
69.84	-43.8301787940812
69.85000000000001	-43.25589638309385
69.86	-48.63799774412383
69.87	-43.05335863449459
69.88	-40.57011126531528
69.89	-52.56886833830442
69.9	-62.3702776182459
69.91	-61.56448227326447
69.92	-47.25118434294618
69.93	-44.576393946224194
69.94	-50.82600180173727
69.95	-53.408188030711734
69.96000000000001	-46.928608958967025
69.97	-46.48043222868362
69.98	-57.089617580758436
69.99	-49.62606608367669
70.0	-39.93067200677156
70.01	-43.16766519600405
70.02	-39.006878578426566
70.03	-42.331159034383056
70.04	-45.168604481467
70.05	-44.20305159312029
70.06	-46.80488158005495
70.07000000000001	-30.602885073521684
70.08	-39.889177996276096
70.09	-35.19107410771981
70.10000000000001	-24.510993272454655
70.11	-39.918888459746896
70.12	-42.73529944737785
70.13	-39.1192809846318
70.14	-24.56090775187813
70.15	-28.197575947752753
70.16	-31.98441996287974
70.17	-47.26127076201453
70.18	-37.03925403693006
70.19	-31.448881308858642
70.2	-33.903625961983316
70.21000000000001	-44.927582357398336
70.22	-42.11028359739121
70.23	-37.206555213860085
70.24	-39.13859664491906
70.25	-43.70179613234108
70.26	-52.31457202844966
70.27	-59.656113903047284
70.28	-65.55384676964945
70.29	-63.242673668320606
70.3	-58.692127442739505
70.31	-60.668188818812226
70.32000000000001	-53.80677372177521
70.33	-49.69346453519371
70.34	-47.65900588203636
70.35000000000001	-43.168749100495134
70.36	-47.016648620544444
70.37	-46.415592394278185
70.38	-33.691104298418914
70.39	-34.101798424351855
70.4	-25.117754348198627
70.41	-29.283182146880144
70.42	-25.692807515205896
70.43	-54.31596589120262
70.44	-42.45728513208567
70.45	-30.391400954241714
70.46000000000001	-57.66540039955314
70.47	-44.833445694357486
70.48	-45.119562301835096
70.49	-37.91075495608201
70.5	-48.381078675287135
70.51	-43.74307949428834
70.52	-49.48258448628308
70.53	-43.68801106708932
70.54	-31.524907948836475
70.55	-35.90877980065659
70.56	-32.67521448607136
70.57000000000001	-47.89165165389583
70.58	-55.52094634419871
70.59	-50.31716692198497
70.60000000000001	-54.27770740908169
70.61	-60.9489717250781
70.62	-54.281640042392134
70.63	-59.84936296592436
70.64	-45.46434950007349
70.65	-44.46895546960202
70.66	-55.703632269818534
70.67	-57.92469209434652
70.68	-68.7198459709008
70.69	-58.97355956105531
70.7	-57.21636560739348
70.71000000000001	-47.59425229295461
70.72	-49.61055017377588
70.73	-47.601712594812746
70.74	-48.808389841258766
70.75	-52.12600782260734
70.76	-53.704462076095126
70.77	-37.30145968697906
70.78	-47.552934020674144
70.79	-42.31336350926935
70.8	-48.17427461825202
70.81	-56.9447909790697
70.82000000000001	-54.15027055944736
70.83	-54.551058300344806
70.84	-45.673225419834694
70.85000000000001	-42.7307386748022
70.86	-42.106920663587516
70.87	-47.332114152388385
70.88	-46.31824522844783
70.89	-42.71507124275726
70.9	-45.457221977299135
70.91	-42.24606264026705
70.92	-51.670347245679174
70.93	-42.886386236008924
70.94	-45.881254122551425
70.95	-62.68653124927621
70.96000000000001	-62.599911571810566
70.97	-63.59287185136878
70.98	-57.484493844192045
70.99	-51.40751483029138
71.0	-45.52185864301681
71.01	-34.81989475417595
71.02	-31.012438867574275
71.03	-28.573725995454573
71.04	-60.09418506442784
71.05	-49.126568322702305
71.06	-47.78215568629317
71.07000000000001	-42.20157753980644
71.08	-37.98742322267584
71.09	-23.973917605647703
71.10000000000001	-31.648810744234083
71.11	-39.35546767467082
71.12	-29.18625231540397
71.13	-37.201816930297475
71.14	-36.37278527365967
71.15	-31.289097995791643
71.16	-43.44859004770903
71.17	-46.06564286246957
71.18	-45.451050072151155
71.19	-44.55582510699665
71.2	-41.40476094710193
71.21000000000001	-43.45346647425441
71.22	-44.84018558535904
71.23	-48.63634345804587
71.24	-53.73222397657213
71.25	-48.339001470087965
71.26	-32.134638240673475
71.27	-11.449344309632181
71.28	-28.309467463282072
71.29	-18.145051584077194
71.3	-20.620444197299086
71.31	-34.62258079403302
71.32000000000001	-29.978044220871745
71.33	-20.26516629379684
71.34	-30.87951021973315
71.35000000000001	-47.97269473518785
71.36	-56.53852597491457
71.37	-64.66857726296286
71.38	-61.209668144254636
71.39	-53.795345931502254
71.4	-49.2994499408353
71.41	-45.86460362776374
71.42	-51.313919187313196
71.43	-43.12342669761742
71.44	-29.966668399503533
71.45	-24.088106971315472
71.46000000000001	-21.126689609606167
71.47	-22.43132520808048
71.48	-18.150505085295656
71.49	-23.170414724656073
71.5	-22.09787668350066
71.51	-32.94040917236173
71.52	-38.4694478441805
71.53	-43.706298708342416
71.54	-44.310805089848984
71.55	-35.409245787977724
71.56	-33.776718172912496
71.57000000000001	-23.583911619352055
71.58	-16.0593410672903
71.59	-12.04223255445277
71.60000000000001	-7.877215928054706
71.61	-23.00391807575038
71.62	-42.58928512685958
71.63	-57.333888435415716
71.64	-54.24858314690107
71.65	-64.3322080217834
71.66	-49.92300711717174
71.67	-39.77852332071548
71.68	-50.472733634277766
71.69	-40.42149215730924
71.7	-31.68119931838892
71.71000000000001	-40.59827382004236
71.72	-36.77130899830513
71.73	-45.14073935931838
71.74	-46.19866218411331
71.75	-51.39117485153154
71.76	-40.35333270228946
71.77	-34.2408550683079
71.78	-29.03884082957771
71.79	-32.568865473272766
71.8	-44.941701367102404
71.81	-49.742960834598414
71.82000000000001	-34.82733900316522
71.83	-33.633769501437676
71.84	-33.390420605851716
71.85000000000001	-36.41161139115673
71.86	-40.05925923490922
71.87	-40.67707977432025
71.88	-46.12791163612459
71.89	-43.02593494173969
71.9	-43.79594069084042
71.91	-29.63915845298519
71.92	-41.918023898531196
71.93	-41.05083516231483
71.94	-44.52257346292573
71.95	-34.45040203936176
71.96000000000001	-24.943139342028864
71.97	-38.379455360586796
71.98	-39.516449318048
71.99	-34.6596625681189
72.0	-41.23826458534551
72.01	-46.38775542731078
72.02	-46.38471929365675
72.03	-40.50992035988384
72.04	-39.767242560352365
72.05	-38.15166798085337
72.06	-35.42871677489239
72.07000000000001	-35.22693810673838
72.08	-42.07428847345693
72.09	-47.61789141834656
72.10000000000001	-47.50447356186507
72.11	-46.23102812843551
72.12	-55.13482473158506
72.13	-63.932605368258315
72.14	-57.1977664548997
72.15	-57.242197627510585
72.16	-55.2391787315471
72.17	-53.202896176606714
72.18	-48.70753094578195
72.19	-38.53890147483645
72.2	-45.07629356834308
72.21000000000001	-45.23567400297738
72.22	-35.51828129803418
72.23	-30.426603800258906
72.24	-41.8181930027991
72.25	-48.76685181006681
72.26	-41.14661285645105
72.27	-37.78662065626952
72.28	-42.1304793485907
72.29	-56.39379765602859
72.3	-57.23840331186853
72.31	-45.467973858461164
72.32000000000001	-48.68480184739654
72.33	-62.136838070816985
72.34	-55.29452847548418
72.35000000000001	-43.96516290140047
72.36	-37.76355227931931
72.37	-20.40584224352113
72.38	-26.12329033872984
72.39	-18.407814550881426
72.4	-31.090595982503714
72.41	-39.35386935178751
72.42	-27.260838442863395
72.43	-20.464660810480407
72.44	-24.036200222872964
72.45	-24.6339516424361
72.46000000000001	-24.621102272146413
72.47	-33.87257821710824
72.48	-29.946220704982586
72.49	-17.023586492415617
72.5	-13.218380822670415
72.51	-11.871210744502498
72.52	-3.9607201609764804
72.53	-9.38305917359137
72.54	-28.753548651698576
72.55	-31.710663793986722
72.56	-32.44806054448892
72.57000000000001	-24.58753370044892
72.58	-42.98894291852943
72.59	-57.748948235008164
72.60000000000001	-51.776764124331855
72.61	-51.055306198298744
72.62	-56.11766986725595
72.63	-48.739089564413185
72.64	-40.38777049933372
72.65	-31.632178876314658
72.66	-27.242089402537644
72.67	-25.155220186598264
72.68	-24.965813397353532
72.69	-20.517725230462528
72.7	-48.76994783502727
72.71000000000001	-56.04581965428883
72.72	-53.31337329563685
72.73	-48.757548678926256
72.74	-43.82848674208117
72.75	-48.135601577112894
72.76	-48.2333853375178
72.77	-44.89345055041968
72.78	-39.34474929320605
72.79	-23.18796302033274
72.8	-29.602307625540067
72.81	-45.04324157032356
72.82000000000001	-42.125084049730155
72.83	-37.66946337143795
72.84	-31.974653838218323
72.85000000000001	-39.615335131390545
72.86	-52.36692146660961
72.87	-58.5616122938517
72.88	-64.78708286241307
72.89	-67.01157088002907
72.9	-53.043089942018305
72.91	-41.96710029362055
72.92	-44.20926101916859
72.93	-45.30316423651146
72.94	-36.14121090272461
72.95	-44.30096748178779
72.96000000000001	-37.8551762763135
72.97	-40.01497608185548
72.98	-38.119987108106486
72.99	-37.545909451221064
73.0	-48.475574147654136
73.01	-47.6829085653529
73.02	-42.186481276586775
73.03	-33.061295575009524
73.04	-33.120085780289486
73.05	-33.22487107480903
73.06	-39.18572741984815
73.07000000000001	-35.564764656693605
73.08	-31.931644209912097
73.09	-49.264199633355574
73.10000000000001	-41.868730857727975
73.11	-33.00646401840575
73.12	-45.74245811620477
73.13	-41.29415765636601
73.14	-36.76120456981347
73.15	-39.190376086680686
73.16	-53.50751107146694
73.17	-43.98394282805183
73.18	-57.97490340651536
73.19	-48.63505887004849
73.2	-43.19097416063988
73.21000000000001	-50.617551884738816
73.22	-39.09762528347546
73.23	-34.10258865603958
73.24	-31.303975695934803
73.25	-52.19793194212323
73.26	-31.989755893601213
73.27	-27.31256664096253
73.28	-51.62235861922327
73.29	-54.302993809293326
73.3	-44.87568506348515
73.31	-47.61910913221771
73.32000000000001	-41.59137893197558
73.33	-37.341630443488064
73.34	-38.06365548852777
73.35000000000001	-46.155926449628474
73.36	-59.725144446809296
73.37	-59.548328102558585
73.38	-46.44885881967303
73.39	-40.11980530826656
73.4	-28.063449905542928
73.41	-44.420954672151325
73.42	-37.92993219364693
73.43	-27.012152843579507
73.44	-24.1743374433093
73.45	-36.015747001168556
73.46000000000001	-45.45795367713956
73.47	-53.04736544407744
73.48	-50.765315764999336
73.49	-51.336550154554764
73.5	-54.192344271055795
73.51	-52.19797957514024
73.52	-42.89883599853091
73.53	-47.565727046439555
73.54	-45.77918051478687
73.55	-54.50141346076902
73.56	-53.2429953228791
73.57000000000001	-37.96331610286267
73.58	-29.448558419246098
73.59	-44.46948595848321
73.60000000000001	-34.95406555133497
73.61	-36.95730264690138
73.62	-39.14129398948213
73.63	-40.78702618250684
73.64	-44.627001292355395
73.65	-54.812075538025965
73.66	-45.83326819936192
73.67	-49.77624359582135
73.68	-43.33898836345191
73.69	-36.02602069088764
73.7	-29.185744095005603
73.71000000000001	-26.394941116106573
73.72	-29.043077929634578
73.73	-37.724368105116184
73.74	-40.88884821369802
73.75	-46.36086453032143
73.76	-43.09490003777074
73.77	-50.923372828089526
73.78	-48.596174196831385
73.79	-48.027353279671864
73.8	-39.047403308099355
73.81	-44.71324822800061
73.82000000000001	-32.3119144042184
73.83	-22.51456727620873
73.84	-24.443361629036904
73.85000000000001	-17.179214084955483
73.86	-20.19530897514426
73.87	-27.38356348322282
73.88	-37.07957044248021
73.89	-50.891660580295536
73.9	-40.81226049986185
73.91	-41.68359987124709
73.92	-51.37312243621933
73.93	-50.6669476744647
73.94	-45.5070526161832
73.95	-43.29736223418791
73.96000000000001	-43.11015557592236
73.97	-46.791244990579585
73.98	-30.741794434359257
73.99	-20.624455385079248
74.0	-13.319643304394713
74.01	-13.050349775250808
74.02	-34.41581899343903
74.03	-25.654519000372726
74.04	-22.614632446784707
74.05	-36.09280318773911
74.06	-36.29118562306369
74.07000000000001	-65.46126854252184
74.08	-54.96764210310682
74.09	-53.26839316240411
74.10000000000001	-50.10726648312809
74.11	-44.104916558453844
74.12	-37.94424729916123
74.13	-36.67603922299168
74.14	-49.17308915031864
74.15	-60.90395450271414
74.16	-53.64666369160373
74.17	-47.07528934727107
74.18	-33.99496743220555
74.19	-22.663509138945635
74.2	-31.974697160809857
74.21000000000001	-30.918260228835962
74.22	-42.31856127520046
74.23	-44.78245901059292
74.24	-45.50338735532212
74.25	-38.991013978503624
74.26	-35.273039819600356
74.27	-59.770481596049024
74.28	-58.89330807748946
74.29	-44.90843194891
74.3	-42.42660269651615
74.31	-33.16939914666009
74.32000000000001	-32.536154197175364
74.33	-27.534131170601146
74.34	-28.254504565995763
74.35000000000001	-29.492842657981434
74.36	-26.742952293483587
74.37	-30.10719711227863
74.38	-51.764450718195974
74.39	-53.46433318966905
74.4	-59.40908578939203
74.41	-48.98376165816692
74.42	-42.56711770900053
74.43	-47.483160963587345
74.44	-36.97749725747378
74.45	-24.069766009916965
74.46000000000001	-28.133757611448218
74.47	-45.67025084935991
74.48	-55.5901905252491
74.49	-55.23440950667234
74.5	-65.85237419141306
74.51	-56.902894136525674
74.52	-42.94737358037284
74.53	-38.97196381050269
74.54	-36.729047239659835
74.55	-36.197236324898924
74.56	-41.2297942859359
74.57000000000001	-40.761318894005726
74.58	-55.69390049197954
74.59	-57.14744185260613
74.60000000000001	-71.31805336952968
74.61	-62.407140814539176
74.62	-54.81187381935738
74.63	-50.053100890679836
74.64	-41.75959683427665
74.65	-42.55019360226533
74.66	-48.18619730779787
74.67	-50.942941326685094
74.68	-46.698212352396254
74.69	-48.02641648841259
74.7	-41.0918306133321
74.71000000000001	-48.147325635780824
74.72	-47.63122713695707
74.73	-41.04048372974414
74.74	-66.38185868944191
74.75	-54.24874202242583
74.76	-52.08446623024971
74.77	-51.22811424771767
74.78	-46.92282371447799
74.79	-39.227921032554384
74.8	-48.29934433813914
74.81	-45.91736851133292
74.82000000000001	-34.56152260194997
74.83	-33.74292478079495
74.84	-51.36523303614808
74.85000000000001	-54.385190975341736
74.86	-52.236810964473264
74.87	-48.27019569412962
74.88	-42.129892381074065
74.89	-45.38964470734174
74.9	-32.84512057563796
74.91	-32.35482424311586
74.92	-36.969420692854314
74.93	-28.725463807369238
74.94	-24.607955596030912
74.95	-43.38225189074121
74.96000000000001	-41.45374593870061
74.97	-47.121663366403695
74.98	-43.889568746910285
74.99	-35.774723059775155
75.0	-40.177107151672004
75.01	-38.497406394799754
75.02	-34.027390196666026
75.03	-37.407476054865214
75.04	-47.21474660185286
75.05	-32.37708627194339
75.06	-35.47842959202997
75.07000000000001	-41.839399661373385
75.08	-29.542465628364525
75.09	-35.07270575481733
75.10000000000001	-27.252069341801366
75.11	-19.01011589415181
75.12	-25.472796312536573
75.13	-29.787185335024677
75.14	-32.9771492513463
75.15	-32.93122071395692
75.16	-27.687576798438716
75.17	-35.07800933382535
75.18	-50.89108836832671
75.19	-39.72367304802957
75.2	-42.03938453196713
75.21000000000001	-57.52933152584108
75.22	-49.75855392215845
75.23	-41.06855984372961
75.24	-50.53393249751462
75.25	-49.00064529228082
75.26	-52.34428010412633
75.27	-54.69838775135136
75.28	-51.410511003337746
75.29	-43.7570834976513
75.3	-35.1588754081813
75.31	-31.27889231655299
75.32000000000001	-48.93391417693533
75.33	-34.20467958139648
75.34	-31.916663933673107
75.35000000000001	-21.565264883781598
75.36	-31.458638517725884
75.37	-15.892148429335093
75.38	-29.898080165234273
75.39	-35.37771801387557
75.4	-34.67336836148646
75.41	-35.97421140929379
75.42	-25.79914185003681
75.43	-24.311702156359875
75.44	-24.65150058572989
75.45	-33.10977008717648
75.46000000000001	-37.459671855831886
75.47	-34.266045262307365
75.48	-29.03255182433385
75.49	-29.78505924196701
75.5	-31.89955237504195
75.51	-38.717358146434634
75.52	-38.81541702106126
75.53	-36.07347926996013
75.54	-44.573013080011414
75.55	-58.473805206041675
75.56	-47.85490643144044
75.57000000000001	-41.830704951303176
75.58	-37.34849002252433
75.59	-39.72204667016888
75.60000000000001	-33.833891665809794
75.61	-29.421492159540648
75.62	-32.79798271690862
75.63	-23.664367465519693
75.64	-24.598105203293297
75.65	-24.981228139164575
75.66	-33.82281843574886
75.67	-39.260255256812584
75.68	-33.153563129464686
75.69	-40.08826826375539
75.7	-39.37538596277792
75.71000000000001	-59.80011221325551
75.72	-65.51976995645742
75.73	-63.76111088929854
75.74	-60.82116016114994
75.75	-58.05968180175296
75.76	-55.1660325156215
75.77	-57.360600413380254
75.78	-51.52878675764228
75.79	-57.26239521472167
75.8	-59.783330150560445
75.81	-45.173253904391814
75.82000000000001	-40.67753975101263
75.83	-51.11147843714365
75.84	-45.68632069956376
75.85000000000001	-36.225349543811596
75.86	-29.862089468034487
75.87	-31.2205573031775
75.88	-41.44614780963673
75.89	-52.21916545458187
75.9	-50.06570478169063
75.91	-49.11524020483289
75.92	-45.64260378063752
75.93	-36.26349556972952
75.94	-41.563494066867555
75.95	-48.817745323551605
75.96000000000001	-37.623287281258385
75.97	-51.45770139958867
75.98	-57.79915787617429
75.99	-62.95207976538065
76.0	-61.43555277318772
76.01	-55.20728022828664
76.02	-43.39264891804112
76.03	-38.868127841328565
76.04	-47.16856663248224
76.05	-34.736053324972424
76.06	-36.777204841998945
76.07000000000001	-27.061676578827484
76.08	-26.37132365771273
76.09	-28.551911402195515
76.10000000000001	-25.66944627800288
76.11	-37.43929878781473
76.12	-44.03677893783789
76.13	-48.722500843617304
76.14	-55.09849802753244
76.15	-52.97445473652222
76.16	-51.11712730863743
76.17	-40.21483624577874
76.18	-34.255013921735184
76.19	-24.98527961836936
76.2	-45.99682888904595
76.21000000000001	-49.95945542786454
76.22	-50.88953266692285
76.23	-50.248308664324156
76.24	-51.09600127815543
76.25	-57.28279768281968
76.26	-48.518539994913944
76.27	-48.99638016736073
76.28	-52.09374989847502
76.29	-56.7378646468474
76.3	-54.233615410360905
76.31	-35.55832438254876
76.32000000000001	-37.7461590461468
76.33	-40.05463389944226
76.34	-38.67460281800415
76.35000000000001	-46.945909579691474
76.36	-41.77917078724385
76.37	-56.882383840286536
76.38	-66.34812971678677
76.39	-59.12759328539971
76.4	-55.83962805734007
76.41	-54.16438967320454
76.42	-54.398471088565266
76.43	-47.347130820210204
76.44	-55.26822901808357
76.45	-45.56328391940472
76.46000000000001	-44.35817936327383
76.47	-33.820931742837566
76.48	-38.73099837419005
76.49	-48.55635459618242
76.5	-53.11544192413064
76.51	-47.0113868512095
76.52	-32.99609241785788
76.53	-37.74214047919565
76.54	-46.84966811571285
76.55	-42.51419371297504
76.56	-43.152562801319235
76.57000000000001	-55.01492389489454
76.58	-43.63930110580522
76.59	-44.26373349485288
76.60000000000001	-47.048389770564036
76.61	-48.23316908637581
76.62	-38.226660943408746
76.63	-46.09708120935903
76.64	-35.8622752335044
76.65	-30.953259857481214
76.66	-22.89200008545564
76.67	-26.36994925937309
76.68	-31.808898546789035
76.69	-24.66829558754656
76.7	-45.639369086139396
76.71000000000001	-32.295140685515555
76.72	-44.90117730297234
76.73	-39.52562294503877
76.74	-37.80275782801263
76.75	-53.64055007617265
76.76	-50.36242132060816
76.77	-50.44562588715897
76.78	-52.37330238374286
76.79	-54.27839747244572
76.8	-52.068907685274375
76.81	-56.70987345198717
76.82000000000001	-57.857108079801215
76.83	-56.64667536246168
76.84	-45.88027960631367
76.85000000000001	-40.90876308253422
76.86	-48.29401576820247
76.87	-39.018529749476
76.88	-30.94290443600545
76.89	-34.272560624023846
76.9	-37.72413228929153
76.91	-33.01273265993193
76.92	-26.6039470114517
76.93	-44.89469862755572
76.94	-48.24337771892763
76.95	-41.93524912209657
76.96000000000001	-51.04772158217456
76.97	-76.49056600376615
76.98	-60.151668355219236
76.99	-58.66212317535113
77.0	-52.176791300017484
77.01	-51.68170154158625
77.02	-57.17850143592481
77.03	-49.79784306332476
77.04	-39.71880033701779
77.05	-49.34288374337109
77.06	-40.668722113999436
77.07000000000001	-40.61250856397796
77.08	-34.59522308657574
77.09	-31.86352424689903
77.10000000000001	-26.321838479689166
77.11	-30.990001240154626
77.12	-38.03458387253347
77.13	-39.05938709810738
77.14	-39.758089659033004
77.15	-32.89984467428838
77.16	-22.83747637666671
77.17	-28.976767992402156
77.18	-26.89046680260637
77.19	-40.49541331527325
77.2	-33.25278392757568
77.21000000000001	-36.330234829049054
77.22	-30.74059789470747
77.23	-48.76662813410399
77.24	-42.29047241962433
77.25	-45.51657605771864
77.26	-38.55777868931315
77.27	-32.779741204345555
77.28	-52.524177821899364
77.29	-51.38912257067515
77.3	-43.09363730631685
77.31	-30.91600508051641
77.32000000000001	-28.906029286849552
77.33	-25.98375461750538
77.34	-44.878285951662676
77.35000000000001	-34.34747722622018
77.36	-26.75736631394882
77.37	-37.99312665049631
77.38	-38.30848348953186
77.39	-47.24714440470743
77.4	-38.18137479786054
77.41	-36.03487708767946
77.42	-43.77768484167081
77.43	-53.996913315007006
77.44	-50.370800910566906
77.45	-43.15037192348652
77.46000000000001	-44.20640048685894
77.47	-47.44027467565788
77.48	-32.555878027802805
77.49	-43.536461066898966
77.5	-46.92004852847798
77.51	-53.97451617983733
77.52	-45.735317144219024
77.53	-44.802865788721945
77.54	-48.275381846061606
77.55	-47.382998697847135
77.56	-41.746308589607274
77.57000000000001	-44.91482720388979
77.58	-35.49215253793124
77.59	-22.94113963408519
77.60000000000001	-16.458221846099914
77.61	-14.220215234300548
77.62	-23.301770024829924
77.63	-26.127884610287968
77.64	-26.74570163533446
77.65	-38.49482960186628
77.66	-45.545186032595566
77.67	-52.259574806765656
77.68	-44.04303636072864
77.69	-54.5635227208353
77.7	-47.03244641529741
77.71000000000001	-44.384420724470694
77.72	-44.788276113969914
77.73	-33.71608435661448
77.74	-33.863544924180445
77.75	-39.16495740258655
77.76	-43.236891352267875
77.77	-39.06567290056214
77.78	-37.5514171231562
77.79	-41.557996856985156
77.8	-33.973726274485855
77.81	-45.408085607836576
77.82000000000001	-38.25283208169848
77.83	-30.60504295150269
77.84	-37.6541123763309
77.85000000000001	-34.13176606072088
77.86	-27.505447276109976
77.87	-40.717634471886704
77.88	-21.600947423238793
77.89	-48.581737201205534
77.9	-46.8872291811757
77.91	-40.13439532554957
77.92	-58.46614710065917
77.93	-55.461380033461296
77.94	-40.436595390375025
77.95	-33.56341644285131
77.96000000000001	-29.601219220897047
77.97	-25.549496556879753
77.98	-27.815406066079458
77.99	-54.36681113817695
78.0	-60.443941786313204
78.01	-58.55371339894049
78.02	-49.43449371463173
78.03	-43.72101851065545
78.04	-46.314088482689634
78.05	-46.87686350508525
78.06	-46.43225321622017
78.07000000000001	-46.24490403138343
78.08	-47.06864748729879
78.09	-55.32748770603324
78.10000000000001	-48.50549617908826
78.11	-43.101746315399474
78.12	-33.569644897737724
78.13	-33.172148780637755
78.14	-35.742428177398494
78.15	-45.42799920738093
78.16	-48.477575945442005
78.17	-50.02782206390212
78.18	-55.50321793734895
78.19	-51.16239174957676
78.2	-50.93461338621995
78.21000000000001	-46.59262356487569
78.22	-55.02824811166235
78.23	-43.27925924174544
78.24	-40.35717823742739
78.25	-45.13774073093493
78.26	-51.92730311271707
78.27	-56.91132204695563
78.28	-61.03620940980859
78.29	-68.10907565852244
78.3	-54.84587931683873
78.31	-48.02346208604056
78.32000000000001	-52.35582218506515
78.33	-45.29134354759903
78.34	-52.46443682725169
78.35000000000001	-34.35272991921991
78.36	-42.889602813248736
78.37	-52.52987717604386
78.38	-41.92171607926098
78.39	-43.80286976736506
78.4	-35.353629709854026
78.41	-50.91790471292081
78.42	-47.290889932331964
78.43	-28.863544732699342
78.44	-44.06724931676715
78.45	-33.711044879351384
78.46000000000001	-34.7429451702356
78.47	-33.339644206423934
78.48	-27.115397130339925
78.49	-25.67389574153956
78.5	-25.920171234721437
78.51	-46.74229815130895
78.52	-46.771824402135955
78.53	-48.905228206959116
78.54	-39.93562957975658
78.55	-39.15239713517463
78.56	-34.39677001987944
78.57000000000001	-47.8390361721169
78.58	-45.341412704134655
78.59	-43.59430007629914
78.60000000000001	-28.86912820060923
78.61	-45.533310876782764
78.62	-57.46781401870521
78.63	-49.18585688316942
78.64	-46.23783826088601
78.65	-39.45465266564526
78.66	-37.762200028767516
78.67	-42.902187109528555
78.68	-48.7479376370014
78.69	-44.08609318787814
78.7	-31.128006255864342
78.71000000000001	-34.78848270453153
78.72	-35.98495152795116
78.73	-45.760364596037434
78.74	-50.65764137797953
78.75	-47.32378192667317
78.76	-56.00973996929976
78.77	-47.833843448243734
78.78	-40.897328082065364
78.79	-31.05941136152015
78.8	-30.155261802009658
78.81	-29.770551707709235
78.82000000000001	-49.69579736787333
78.83	-41.01543514381514
78.84	-42.88766448104356
78.85000000000001	-44.777970368765075
78.86	-45.8537896248106
78.87	-39.18188366784161
78.88	-43.25782503001265
78.89	-39.59744686426402
78.9	-36.29812958048275
78.91	-37.23103580782
78.92	-27.497712219128317
78.93	-18.195020741605187
78.94	-26.324944071582745
78.95	-38.8575453981746
78.96000000000001	-40.24184047291749
78.97	-40.08588547094579
78.98	-40.78237998632006
78.99	-33.5925724945481
79.0	-53.73334406774821
79.01	-43.12452684795019
79.02	-54.940399728320415
79.03	-62.26661542839114
79.04	-58.531632750285254
79.05	-59.85299632127824
79.06	-53.63228452242398
79.07000000000001	-56.74334897825878
79.08	-44.89759160713272
79.09	-46.66778635761985
79.10000000000001	-33.44718776256346
79.11	-39.13381022135693
79.12	-41.25742861111882
79.13	-39.70824388982048
79.14	-39.29749217632038
79.15	-39.65689303702461
79.16	-23.61309581668746
79.17	-23.982720998716406
79.18	-35.286294450239815
79.19	-29.83701757116666
79.2	-33.39886095626326
79.21000000000001	-31.15578300257037
79.22	-33.758864694771326
79.23	-27.974655293114036
79.24	-35.396602303020885
79.25	-31.76639167750856
79.26	-30.6474515252247
79.27	-36.55636469406209
79.28	-45.00390965551034
79.29	-49.38541919280835
79.3	-55.845747808778945
79.31	-49.47780744108762
79.32000000000001	-49.68655926136254
79.33	-35.53615864358279
79.34	-36.61311042912706
79.35000000000001	-39.47883895741702
79.36	-32.04165098028576
79.37	-33.09980062724068
79.38	-52.6599808693641
79.39	-51.42255580685102
79.4	-44.048011311277214
79.41	-39.82122490992063
79.42	-38.6095688346121
79.43	-37.26374303924454
79.44	-33.143283870710015
79.45	-30.59317637082975
79.46000000000001	-39.622886160183505
79.47	-45.62948045997724
79.48	-46.05939778910737
79.49	-43.61561033326692
79.5	-41.420358556957346
79.51	-42.1305287263432
79.52	-45.06265903246673
79.53	-42.48365719043317
79.54	-42.75251004440204
79.55	-42.32722994275971
79.56	-54.350050428918195
79.57000000000001	-59.12812234237853
79.58	-44.91311293011528
79.59	-45.9360239825983
79.60000000000001	-49.76071877151431
79.61	-58.906529064774304
79.62	-43.71763528662959
79.63	-41.90179072301575
79.64	-46.97176074091873
79.65	-41.08042701251483
79.66	-38.359958344880106
79.67	-35.73391819062734
79.68	-30.7177737749669
79.69	-33.126623208296486
79.7	-27.395748484404752
79.71000000000001	-34.038308982184454
79.72	-46.49704365613179
79.73	-45.62854879448111
79.74	-49.68518171498307
79.75	-44.61769586113535
79.76	-35.016808444438034
79.77	-24.870875621717854
79.78	-13.962255631721074
79.79	-19.512900666419494
79.8	-22.39420641915858
79.81	-26.450037015097166
79.82000000000001	-28.943365527704035
79.83	-33.167375657498155
79.84	-30.44019200796706
79.85000000000001	-33.9655962941398
79.86	-39.94715188433797
79.87	-43.186632969339016
79.88	-43.48255314053607
79.89	-37.248788108865725
79.9	-30.99001417958089
79.91	-45.463758023424326
79.92	-46.43102148242124
79.93	-34.3257973479664
79.94	-34.31809592318516
79.95	-30.655648346185764
79.96000000000001	-42.90586188853422
79.97	-39.925717818373634
79.98	-35.33327110717238
79.99	-26.706278296952622
80.0	-36.29726225014749
80.01	-42.494792709301066
80.02	-54.10176765932471
80.03	-61.26250090200383
80.04	-55.994729373002244
80.05	-56.99153988726955
80.06	-51.411413094628486
80.07000000000001	-49.00250539212871
80.08	-34.29077735814455
80.09	-21.77332263637614
80.10000000000001	-21.193471211045644
80.11	-20.925186938567673
80.12	-38.04549636561149
80.13	-42.09949897757803
80.14	-38.2284843384051
80.15	-44.688143939293525
80.16	-34.62638898682363
80.17	-36.49010530761948
80.18	-33.31115063773102
80.19	-46.25820263245994
80.2	-40.81420766735478
80.21000000000001	-50.54651860302641
80.22	-52.01377475430515
80.23	-66.33242771142424
80.24	-50.82652627337733
80.25	-44.838186109611826
80.26	-31.914003047577218
80.27	-42.25683482669083
80.28	-43.08778406379951
80.29	-45.41402157588809
80.3	-42.3786334399754
80.31	-50.905864243831026
80.32000000000001	-53.455752735073474
80.33	-48.808222672356
80.34	-49.78832952235208
80.35000000000001	-58.22960293406352
80.36	-55.55062563025728
80.37	-47.29728666596949
80.38	-50.23095751438576
80.39	-50.6844718262687
80.4	-49.02261371289076
80.41	-46.12061185750414
80.42	-39.27655829094715
80.43	-27.42122798663119
80.44	-20.014450980490054
80.45	-28.030754718311037
80.46000000000001	-21.54465290167843
80.47	-28.861375873599595
80.48	-28.26442817173214
80.49	-37.64133009834729
80.5	-40.583174692296495
80.51	-31.431216563541113
80.52	-37.204278135645986
80.53	-39.78746508616664
80.54	-40.60124171453079
80.55	-42.12777528159571
80.56	-39.95695337103697
80.57000000000001	-32.75797758793836
80.58	-39.164560329241226
80.59	-38.98878049303392
80.60000000000001	-31.3684885314833
80.61	-45.34717804658403
80.62	-58.051638491396446
80.63	-49.85402736868445
80.64	-53.37231023216556
80.65	-49.59503316501267
80.66	-40.329453307398964
80.67	-34.92242475106246
80.68	-24.950074108219336
80.69	-26.609986455413633
80.7	-32.47067424685311
80.71000000000001	-36.536597151425624
80.72	-30.277691053427507
80.73	-28.32376048396429
80.74	-24.211786875566844
80.75	-36.25410573558965
80.76	-39.30873378520075
80.77	-40.65608250335488
80.78	-47.72857026448659
80.79	-36.39176707229321
80.8	-38.10123354291252
80.81	-47.256227827124654
80.82000000000001	-44.59556761488309
80.83	-35.47437380327066
80.84	-55.29038745414842
80.85000000000001	-51.65439429136649
80.86	-46.93324860411986
80.87	-45.16298500951235
80.88	-37.36548068953532
80.89	-40.666971305911645
80.9	-51.31431767941722
80.91	-39.31448146584837
80.92	-42.96246954812063
80.93	-32.45310691208133
80.94	-29.548702230396874
80.95	-28.49131141847001
80.96000000000001	-39.77994847539723
80.97	-56.76553096042394
80.98	-45.19270053353704
80.99	-42.442821467109624
81.0	-61.995820693339056
81.01	-58.10674134996707
81.02	-64.40628850168898
81.03	-63.693290942226085
81.04	-67.55382028863487
81.05	-64.2181521776212
81.06	-62.017433024042795
81.07000000000001	-61.47119590273386
81.08	-58.29289705490382
81.09	-62.80043472776726
81.10000000000001	-56.02902922639709
81.11	-60.43914721381567
81.12	-60.93715697936708
81.13	-49.098386690269805
81.14	-45.733170071218424
81.15	-56.100630532765884
81.16	-45.75656800711851
81.17	-41.08748991586536
81.18	-53.51151368340009
81.19	-47.48088872893816
81.2	-48.949861108703004
81.21000000000001	-45.48967110342061
81.22	-46.648359980792186
81.23	-65.03568991974488
81.24	-64.68735812617265
81.25	-64.66536579353401
81.26	-59.97402729665391
81.27	-66.23125867869147
81.28	-54.620011559749855
81.29	-37.30911264417508
81.3	-37.77463278958366
81.31	-44.56286789538425
81.32000000000001	-49.56390882005159
81.33	-58.473056365319316
81.34	-42.920783109847505
81.35000000000001	-37.98031506996415
81.36	-31.404445779988592
81.37	-44.3324784622029
81.38	-27.07083662257596
81.39	-43.17275802546457
81.4	-34.50225855420171
81.41	-51.56480055762147
81.42	-59.311099839774535
81.43	-51.95158628333386
81.44	-49.57762708870186
81.45	-46.588153690589074
81.46000000000001	-45.89149942558706
81.47	-50.70573029145204
81.48	-46.24259896766739
81.49	-43.162274999287376
81.5	-55.080226676051566
81.51	-40.37363357855852
81.52	-43.199236869239
81.53	-48.45333192464749
81.54	-52.80450086267144
81.55	-49.50027361954615
81.56	-40.33351538016398
81.57000000000001	-44.088836228774134
81.58	-39.69271711030189
81.59	-30.678129937090098
81.60000000000001	-36.43606526668739
81.61	-42.89455878453223
81.62	-44.79891223602289
81.63	-59.313898605858995
81.64	-54.11496377551753
81.65	-57.76411873235381
81.66	-60.61322321863918
81.67	-59.98490499509835
81.68	-43.07529556924966
81.69	-40.08457375068209
81.7	-35.095798216497926
81.71000000000001	-34.11098033055629
81.72	-24.382560662040312
81.73	-24.049560208401854
81.74	-39.25906550128336
81.75	-51.38881478893849
81.76	-54.18648552300727
81.77	-56.96101017309106
81.78	-55.38190134443278
81.79	-57.693911503650575
81.8	-50.80386626999535
81.81	-35.58818269457605
81.82000000000001	-26.660292619732257
81.83	-28.321367262669902
81.84	-26.50656094044498
81.85000000000001	-31.59901486386675
81.86	-27.502680816797618
81.87	-30.744365362123688
81.88	-22.06804429305993
81.89	-20.193639701211055
81.9	-11.26474015199581
81.91	-16.246388899642284
81.92	-13.978734031050813
81.93	-35.97169029664123
81.94	-36.59593411114162
81.95	-32.56757347558821
81.96000000000001	-54.73533242571579
81.97	-56.121822539890644
81.98	-48.99363756932883
81.99	-45.366229108101194
82.0	-42.555284232572575
82.01	-44.7859560174526
82.02	-49.38858520323378
82.03	-36.69990848300191
82.04	-37.23154524191264
82.05	-36.75888092536372
82.06	-44.238821740476894
82.07000000000001	-40.690334652108525
82.08	-48.817621754568044
82.09	-53.67592909877703
82.10000000000001	-39.64992394126644
82.11	-43.3174094929685
82.12	-56.0493264798332
82.13	-60.474578363135755
82.14	-55.62626980358061
82.15	-58.708840226356564
82.16	-51.031185256704205
82.17	-40.989051170681776
82.18	-25.613158456096436
82.19	-22.406598946995842
82.2	-25.107593917040695
82.21000000000001	-14.428073167645454
82.22	-10.661193448427188
82.23	-34.00343367900745
82.24	-22.006222604841305
82.25	-16.294105075622472
82.26	-21.860547564480036
82.27	-25.33667724088799
82.28	-31.26731530510002
82.29	-43.170990673133474
82.3	-30.817547314471202
82.31	-16.007457180199136
82.32000000000001	-35.316869030787345
82.33	-46.75124971140859
82.34	-46.57995658177649
82.35000000000001	-42.37380494470097
82.36	-48.063689888338004
82.37	-34.202291259707124
82.38	-32.93197949240027
82.39	-46.370753861625204
82.4	-49.76021218184361
82.41	-46.1106652657369
82.42	-58.452401916375585
82.43	-47.96325256767989
82.44	-36.734313620172436
82.45	-48.32067297176509
82.46000000000001	-34.83889517411987
82.47	-41.71126819164663
82.48	-41.39460018147983
82.49	-38.32781158259663
82.5	-40.935639099552965
82.51	-36.67022683737398
82.52	-48.751526135597665
82.53	-55.67652324716104
82.54	-54.21179283238637
82.55	-38.958434892211784
82.56	-23.426943939869272
82.57000000000001	-11.435589082561378
82.58	-15.836616398317897
82.59	-22.151458638113592
82.60000000000001	-41.07427318361088
82.61	-30.71808824286637
82.62	-40.5466094573371
82.63	-41.62939313004965
82.64	-53.77416962752773
82.65	-62.286088759687146
82.66	-49.12713678642326
82.67	-40.812326743264315
82.68	-26.86815570325704
82.69	-13.82984508578078
82.7	-26.720109250932204
82.71000000000001	-27.656324011601658
82.72	-29.987050309800395
82.73	-55.284383709140265
82.74	-50.2452320011253
82.75	-56.77182810016519
82.76	-59.66530657486311
82.77	-45.26651576732129
82.78	-38.93580984564821
82.79	-35.57938312445276
82.8	-45.171064282225615
82.81	-64.08478597750022
82.82000000000001	-50.90456103941363
82.83	-47.78511173353924
82.84	-37.87046335151906
82.85000000000001	-39.673526737631065
82.86	-46.12063802193231
82.87	-46.76378293063477
82.88	-48.777602231504126
82.89	-56.578615705885234
82.9	-54.02604739536594
82.91	-62.25355489371668
82.92	-47.40767602814173
82.93	-55.67910378437765
82.94	-46.60709922763325
82.95	-51.33291763845835
82.96000000000001	-39.11793141629953
82.97	-39.00250058166812
82.98	-43.43933614071628
82.99	-42.39209520589307
83.0	-47.65561671376292
83.01	-36.30386638584621
83.02	-35.46303338173111
83.03	-46.61290897549605
83.04	-41.453041938982906
83.05	-40.13307871650628
83.06	-19.392448939381946
83.07000000000001	-29.319506481323117
83.08	-50.101608184927294
83.09	-52.36089161420173
83.10000000000001	-42.09013349553179
83.11	-41.277191920010054
83.12	-33.60369079285157
83.13	-33.68020778213933
83.14	-38.72448259134656
83.15	-35.13366161434462
83.16	-34.4447936180947
83.17	-25.368538657948363
83.18	-14.443250367731837
83.19	-29.339347183516782
83.2	-27.621794222458057
83.21000000000001	-31.733695761892154
83.22	-23.413224830650226
83.23	-25.962385076821988
83.24	-17.448240520892192
83.25	-35.06555982770582
83.26	-30.99611339901216
83.27	-39.34029178568353
83.28	-36.9877325245475
83.29	-41.357777801824945
83.3	-56.594152066046576
83.31	-47.85859891712931
83.32000000000001	-40.84735393796225
83.33	-51.27577919777118
83.34	-43.746304041597654
83.35000000000001	-43.407311055718765
83.36	-48.635744769875515
83.37	-55.64788815249177
83.38	-50.428255266397585
83.39	-40.834229199622705
83.4	-32.69048455121728
83.41	-35.11137251594494
83.42	-26.0004743718738
83.43	-24.726864308620673
83.44	-30.447950618092236
83.45	-61.31743769613919
83.46000000000001	-60.63195926216561
83.47	-57.83972472960101
83.48	-51.26055262711326
83.49	-42.54184044357381
83.5	-37.96571911738096
83.51	-35.065150781706926
83.52	-34.794952317176715
83.53	-41.497129527845324
83.54	-55.1018697108187
83.55	-42.377546826975426
83.56	-49.906754714863276
83.57000000000001	-41.18644142929316
83.58	-39.38202045642268
83.59	-45.92945903569251
83.60000000000001	-38.85205265098223
83.61	-35.026816173043784
83.62	-37.276824866815105
83.63	-49.73575439597475
83.64	-36.36337757654076
83.65	-46.61291356091079
83.66	-42.50735682527575
83.67	-32.77231898308211
83.68	-35.72669602567795
83.69	-37.82924654202516
83.7	-50.581454766125134
83.71000000000001	-46.295393765163844
83.72	-44.06177500659216
83.73	-52.47408511524271
83.74	-42.788978838911184
83.75	-27.755522474815432
83.76	-19.620960350961013
83.77	-12.854166540312539
83.78	-17.431535322615748
83.79	-30.946013967505237
83.8	-27.766673058718926
83.81	-22.262036734902825
83.82000000000001	-27.13548460007746
83.83	-55.69083652283911
83.84	-47.939531094963506
83.85000000000001	-49.96627589109107
83.86	-38.199961678961465
83.87	-46.17899554190883
83.88	-61.71721140013933
83.89	-55.79203419524137
83.9	-51.69545489779937
83.91	-54.76437201387904
83.92	-44.16979018936781
83.93	-41.853663110805094
83.94	-42.61171091029185
83.95	-44.47800016730367
83.96000000000001	-39.50344458541746
83.97	-35.754816734170866
83.98	-31.299619976579418
83.99	-44.50260824330917
84.0	-53.8674987010184
84.01	-53.03788979709025
84.02	-66.648957395041
84.03	-80.47639755852869
84.04	-71.20796894338332
84.05	-55.911648553966806
84.06	-49.01872423016554
84.07000000000001	-52.545275581572874
84.08	-47.60636485068324
84.09	-44.72731550980435
84.10000000000001	-38.74488634707192
84.11	-34.69784281973779
84.12	-53.53133340387502
84.13	-54.04457370261313
84.14	-43.7806380603668
84.15	-53.2025395239078
84.16	-51.16213245923397
84.17	-53.0523683330483
84.18	-46.70710995137765
84.19	-50.25152781592506
84.2	-46.75472997040268
84.21000000000001	-46.1911390700558
84.22	-47.70480083373108
84.23	-48.82699863807783
84.24	-43.165966335109665
84.25	-45.767962716749636
84.26	-43.45960954224358
84.27	-51.082109862149714
84.28	-45.819172923811614
84.29	-42.5365156500888
84.3	-40.99247127274938
84.31	-38.35480406772216
84.32000000000001	-34.54224371042625
84.33	-53.63077162333963
84.34	-52.72979278899063
84.35000000000001	-63.959620014881374
84.36	-61.146495671411465
84.37	-46.47322329015257
84.38	-54.747889791660924
84.39	-53.542472586577645
84.4	-44.53828300991552
84.41	-41.00299658946758
84.42	-32.45280733249009
84.43	-28.87480269352975
84.44	-25.46268280483119
84.45	-14.20576226996652
84.46000000000001	-13.766137409537825
84.47	-20.427702976005673
84.48	-40.091078994662595
84.49	-31.295849049091768
84.5	-50.001038543102204
84.51	-35.994009757658624
84.52	-41.00032154733254
84.53	-43.02800378883942
84.54	-43.181773154149944
84.55	-31.754105716551916
84.56	-26.800001623569425
84.57000000000001	-14.684753472745514
84.58	-10.054755379354532
84.59	-13.890496807792204
84.60000000000001	-15.382096635783725
84.61	-46.0481377585727
84.62	-30.9272485921203
84.63	-25.190792813555174
84.64	-19.646443203957883
84.65	-38.48662073554436
84.66	-33.35371182138303
84.67	-35.14823956700618
84.68	-50.94720030637107
84.69	-43.99982701176345
84.7	-49.725803950892164
84.71000000000001	-56.14019677708703
84.72	-52.37582255470799
84.73	-50.56582768119
84.74	-43.15659067306417
84.75	-53.30452763019437
84.76	-52.24361377112101
84.77	-48.22842613932564
84.78	-39.367086058436804
84.79	-41.744716997275184
84.8	-29.920612939532976
84.81	-24.60691205872913
84.82000000000001	-30.621259122551713
84.83	-35.109073307502406
84.84	-44.21133016991763
84.85000000000001	-49.87040907484979
84.86	-43.04507775558874
84.87	-51.23880245158531
84.88	-67.22252738465461
84.89	-55.89503318690367
84.9	-42.99064167838392
84.91	-41.930922393271025
84.92	-35.82101785604536
84.93	-33.992459027396876
84.94	-36.3238101675451
84.95	-43.72500451272169
84.96000000000001	-44.48811872486997
84.97	-43.482498002192656
84.98	-40.014740875275024
84.99	-36.538678809478206
85.0	-43.40297182943066
85.01	-47.42854911214345
85.02	-42.67475819842417
85.03	-46.88833138519962
85.04	-53.546367448366766
85.05	-53.24477095525574
85.06	-59.99809043349162
85.07000000000001	-54.9321830730697
85.08	-42.28856460346164
85.09	-43.83773288038102
85.10000000000001	-54.95120742360531
85.11	-62.08139861722536
85.12	-63.68632977364947
85.13	-62.16646832016363
85.14	-54.097679634564145
85.15	-47.672531828605685
85.16	-47.93761769604017
85.17	-39.112215937336266
85.18	-26.910684469638745
85.19	-19.874586097163174
85.2	-19.821241463734324
85.21000000000001	-22.139630029562312
85.22	-34.36060551441066
85.23	-33.42943291919856
85.24	-46.78549156959435
85.25	-62.164957491609435
85.26	-48.012393420899826
85.27	-31.832798509451447
85.28	-39.64966712397454
85.29	-42.88269876035399
85.3	-61.15695140791162
85.31	-60.40908460405064
85.32000000000001	-69.8146010747548
85.33	-58.9429368586867
85.34	-48.268366188238794
85.35000000000001	-48.68526968682443
85.36	-36.75919732151771
85.37	-45.668158986112395
85.38	-47.17996082139399
85.39	-46.07661685024016
85.4	-40.86826531704787
85.41	-32.866264245416986
85.42	-47.03389304386996
85.43	-29.496660462093967
85.44	-31.161852537781144
85.45	-50.16475552248553
85.46000000000001	-37.135981691525416
85.47	-53.52520609052317
85.48	-49.41150331693165
85.49	-45.83483910573417
85.5	-43.71822433736748
85.51	-48.52569610978068
85.52	-49.19514876974473
85.53	-46.932554808719196
85.54	-68.2824424611856
85.55	-51.060349624652396
85.56	-45.92047380238615
85.57000000000001	-41.76249758358901
85.58	-54.40407079072342
85.59	-47.43395510065926
85.60000000000001	-43.91948716737143
85.61	-45.280315001375136
85.62	-43.63311138970383
85.63	-42.961089130854354
85.64	-40.3296086858686
85.65	-34.52650234413378
85.66	-23.575344053421645
85.67	-44.698107513209266
85.68	-52.0176085834919
85.69	-50.7267876968727
85.7	-26.33431973044907
85.71000000000001	-24.29242905384671
85.72	-45.43974803502003
85.73	-48.65016846722183
85.74	-57.34812731174512
85.75	-55.84935914311218
85.76	-63.484237033737074
85.77	-60.632567791691564
85.78	-54.205534524625186
85.79	-47.38731204897649
85.8	-58.87688162127844
85.81	-55.01609711828952
85.82000000000001	-58.128928817067006
85.83	-56.19978784303264
85.84	-43.89192536794912
85.85000000000001	-69.02334891826976
85.86	-56.374482677999126
85.87	-50.825498080070325
85.88	-52.493672381032134
85.89	-53.826430920200295
85.9	-47.12857428075658
85.91	-37.27313808018823
85.92	-45.56481040574247
85.93	-51.48628516275254
85.94	-41.15263131243617
85.95	-50.32063455441465
85.96000000000001	-37.87117290577608
85.97	-42.966208465286165
85.98	-34.04990101135296
85.99	-25.942404493647352
86.0	-23.430002747585316
86.01	-13.607711597495012
86.02	-7.08938300109966
86.03	-29.02371971942129
86.04	-24.609781037345538
86.05	-34.21636809254926
86.06	-37.79345706518881
86.07000000000001	-44.851218844308114
86.08	-31.38462154506862
86.09	-30.312363930484768
86.10000000000001	-52.071937620108606
86.11	-35.973946115532215
86.12	-45.351295821777256
86.13	-47.30360263483296
86.14	-48.1433221726778
86.15	-46.68593872147515
86.16	-54.6981736582152
86.17	-45.39371106728121
86.18	-47.65814066438734
86.19	-48.52751806115149
86.2	-42.797974012656496
86.21000000000001	-32.159684956090125
86.22	-30.75080028546429
86.23	-33.797290286650465
86.24	-17.994717178904295
86.25	-19.500379625665122
86.26	-32.28921255714443
86.27	-41.934352143333506
86.28	-44.48222810823155
86.29	-42.92355167428043
86.3	-30.812148818347268
86.31	-26.04320337372256
86.32000000000001	-36.71664241581286
86.33	-35.74434103827167
86.34	-30.56286942136022
86.35000000000001	-32.84533231872411
86.36	-33.69744125309382
86.37	-54.03786881800463
86.38	-48.74014507372923
86.39	-36.819332242005196
86.4	-32.95388547798236
86.41	-41.78158850437533
86.42	-51.54496338107158
86.43	-34.89858593653843
86.44	-43.94109261040337
86.45	-49.044849490542774
86.46000000000001	-42.59991567824948
86.47	-29.288740743875383
86.48	-28.632587572465013
86.49	-31.651152461945216
86.5	-36.17959473818825
86.51	-31.839037297781758
86.52	-28.42539498721939
86.53	-24.847013703366063
86.54	-15.107671689973525
86.55	-32.4224008406534
86.56	-46.43005059235722
86.57000000000001	-42.02287951909522
86.58	-29.541673039647257
86.59	-26.29634068827342
86.60000000000001	-50.47616346708166
86.61	-59.457523033816855
86.62	-52.20898019080986
86.63	-40.75379814085303
86.64	-36.89624336348023
86.65	-39.35974942285108
86.66	-36.273507587473425
86.67	-18.889552667848108
86.68	-26.34778177399844
86.69	-41.94420898545959
86.7	-38.572650671280414
86.71000000000001	-50.950457687193925
86.72	-43.41733312547508
86.73	-52.67818746326338
86.74	-42.63879796687374
86.75	-54.710016880021875
86.76	-47.2810245946877
86.77	-36.343970087184296
86.78	-26.041838430080283
86.79	-35.620208818661794
86.8	-34.62587576277435
86.81	-33.29981891004757
86.82000000000001	-28.512413106400903
86.83	-20.908740363693298
86.84	-27.270625805366574
86.85000000000001	-20.027984079992216
86.86	-12.996329221977966
86.87	-20.01632686207905
86.88	-33.116680451087284
86.89	-40.4395233438206
86.9	-61.48770156527215
86.91	-55.432515698751494
86.92	-48.97778511474021
86.93	-52.99452712124901
86.94	-55.08360999373666
86.95	-44.803000286473655
86.96000000000001	-42.40019196795639
86.97	-35.310562765819924
86.98	-34.04570206713077
86.99	-35.47384499276239
87.0	-47.880940000103294
87.01	-41.12384746892127
87.02	-37.06319268546397
87.03	-41.5901063087096
87.04	-33.03359425084082
87.05	-23.004944492009262
87.06	-42.458657881741686
87.07000000000001	-29.769545770931007
87.08	-31.044016102834416
87.09	-35.72194562206092
87.10000000000001	-41.72295308825786
87.11	-48.67711146698839
87.12	-40.707768452263174
87.13	-32.66261395571523
87.14	-39.87181390526516
87.15	-51.455370515157796
87.16	-40.686942934133775
87.17	-31.68735504311942
87.18	-33.39446945126999
87.19	-48.333879952273264
87.2	-46.359388622679376
87.21000000000001	-61.247881207984136
87.22	-64.92224502057769
87.23	-51.49089270074993
87.24	-44.04689292710601
87.25	-53.09551319868938
87.26	-49.75657174597009
87.27	-58.32837388244259
87.28	-49.541234242093864
87.29	-56.97963865132178
87.3	-52.39197091916383
87.31	-48.559588672303306
87.32000000000001	-45.45915601736709
87.33	-45.44893551197114
87.34	-48.474518399084474
87.35000000000001	-38.23881572596958
87.36	-45.29662835276011
87.37	-48.04789989380335
87.38	-50.31708290556688
87.39	-49.21280422780402
87.4	-55.63809417903536
87.41	-42.43399313585701
87.42	-43.29425631212645
87.43	-46.610906845525925
87.44	-50.91126901622263
87.45	-49.6555776899116
87.46000000000001	-45.48349264092684
87.47	-58.44255389411433
87.48	-42.89182540469171
87.49	-39.730580406661986
87.5	-36.20054541418636
87.51	-44.350722375915225
87.52	-53.02871038872541
87.53	-52.03277445018805
87.54	-56.23049005554143
87.55	-48.81203757887327
87.56	-42.229790769745186
87.57000000000001	-49.86109368143677
87.58	-53.02901238175667
87.59	-53.11804410335298
87.60000000000001	-51.00067957637726
87.61	-56.01844921052604
87.62	-58.28835707207955
87.63	-49.59993471036694
87.64	-41.17693407720536
87.65	-30.11661373198076
87.66	-20.823225425951076
87.67	-37.87302905053702
87.68	-41.296773147113036
87.69	-47.3982826674461
87.7	-34.96082702911574
87.71000000000001	-43.48261789668919
87.72	-30.863440905933793
87.73	-36.00690549500452
87.74	-34.07299156221331
87.75	-32.79728184702668
87.76	-37.51605539468922
87.77	-36.83077615055723
87.78	-48.600109597092015
87.79	-46.74896414830531
87.8	-42.73129525524311
87.81	-43.591839881145475
87.82000000000001	-41.68822734649036
87.83	-35.00373735935665
87.84	-25.54169694021429
87.85000000000001	-34.24744618891518
87.86	-43.5912372568096
87.87	-34.22744922193106
87.88	-32.4156562740354
87.89	-39.600362247109416
87.9	-41.53629105054848
87.91	-43.948254434997395
87.92	-45.617477549264144
87.93	-42.305773305436745
87.94	-33.677093276712164
87.95	-56.4837129397628
87.96000000000001	-51.29502628281342
87.97	-40.36147227825345
87.98	-32.85177159994553
87.99	-36.485488591847776
88.0	-24.226946848450687
88.01	-25.691462124092435
88.02	-19.793605458938778
88.03	-36.2098373142314
88.04	-31.00622678645611
88.05	-32.89480764198939
88.06	-49.01365062073116
88.07000000000001	-48.719178215043584
88.08	-43.079205998366426
88.09	-45.20014012192421
88.10000000000001	-47.6412702067522
88.11	-44.9113315674865
88.12	-57.54608815506915
88.13	-53.36219031319202
88.14	-48.9778839395149
88.15	-33.36028458882692
88.16	-48.968622795397074
88.17	-46.272569842016054
88.18	-51.04503452895902
88.19	-36.33174371884456
88.2	-53.501561370141346
88.21000000000001	-43.88280453137309
88.22	-35.49603666240481
88.23	-33.441806875270224
88.24	-39.484980596345586
88.25	-40.13846527789161
88.26	-41.91475086374927
88.27	-38.22376949814483
88.28	-43.609398613823835
88.29	-44.48660516640651
88.3	-39.96103234260467
88.31	-40.88041624003806
88.32000000000001	-33.92760557955004
88.33	-28.178734134285264
88.34	-31.656388353649703
88.35000000000001	-25.70062601821702
88.36	-38.0184529086907
88.37	-36.48331498969985
88.38	-36.82463634328254
88.39	-32.2731806950721
88.4	-32.34039729270998
88.41	-28.498528736579583
88.42	-46.41533078789693
88.43	-44.145767662852144
88.44	-62.22292235904934
88.45	-56.635520951422265
88.46000000000001	-50.714624196540406
88.47	-49.8148408723955
88.48	-37.78254684688839
88.49	-37.4059332838381
88.5	-44.0462394997854
88.51	-41.341550425496024
88.52	-39.922519588706805
88.53	-43.333716768821695
88.54	-44.15953579121514
88.55	-33.593700666635314
88.56	-33.36989068728766
88.57000000000001	-39.54925180986415
88.58	-33.35482151249686
88.59	-47.276886266476716
88.60000000000001	-30.468622413006226
88.61	-25.220936583469644
88.62	-26.15475322279825
88.63	-43.43067596624673
88.64	-41.33091936902998
88.65	-58.79492880118606
88.66	-61.32743420808243
88.67	-63.573554016790936
88.68	-56.845796234332894
88.69	-35.37683104459418
88.7	-41.74078911767811
88.71000000000001	-57.871056595211435
88.72	-42.151290045568345
88.73	-48.50735683536224
88.74	-44.0850070470208
88.75	-40.94980727748299
88.76	-34.3093202339755
88.77	-36.174096407246346
88.78	-30.265030872608147
88.79	-49.41840978330876
88.8	-61.58926580922201
88.81	-58.06163603556049
88.82000000000001	-45.05443432525218
88.83	-51.31073886857426
88.84	-45.94134405682211
88.85000000000001	-37.41825497388385
88.86	-41.045091342916514
88.87	-32.75850849318661
88.88	-43.88487129785218
88.89	-54.918968112423755
88.9	-60.405963570653284
88.91	-47.1395745276703
88.92	-31.940297152472493
88.93	-23.221217876589325
88.94	-28.35443698190519
88.95	-36.39368826232364
88.96000000000001	-35.14475208905783
88.97	-44.25026091934432
88.98	-56.80861788673398
88.99	-57.77259272508421
89.0	-54.982868838399796
89.01	-52.08677597874493
89.02	-45.721878517209795
89.03	-44.40800123923542
89.04	-51.29339572456542
89.05	-36.24833484675483
89.06	-27.400775887991884
89.07000000000001	-46.37218032368383
89.08	-35.26876531297032
89.09	-36.37429206698953
89.10000000000001	-44.671909036003676
89.11	-39.24290723963314
89.12	-36.46587015077051
89.13	-49.4829665511002
89.14	-61.04137448635032
89.15	-54.7291643387894
89.16	-56.02772461177697
89.17	-48.61805213324008
89.18	-35.937951998209584
89.19	-34.22747896555573
89.2	-24.772746794706293
89.21000000000001	-26.754270262859546
89.22	-32.424393528509526
89.23	-38.37813706875188
89.24	-35.211929620099276
89.25	-24.62648173654653
89.26	-55.5294277395728
89.27	-48.02295584932633
89.28	-45.3564137922812
89.29	-36.284489671718354
89.3	-47.306514454172735
89.31	-48.12065456570939
89.32000000000001	-44.15299990464226
89.33	-49.07303968841222
89.34	-55.2552411432056
89.35000000000001	-65.19884263853294
89.36	-65.67946446017301
89.37	-58.051558492491424
89.38	-52.79449144225948
89.39	-48.16902771651141
89.4	-38.156480453002324
89.41	-33.237406016329984
89.42	-34.49977152581222
89.43	-36.620325510520985
89.44	-33.813892097867914
89.45	-28.924323891438604
89.46000000000001	-18.443421689523955
89.47	-26.816449947808273
89.48	-39.420736906228804
89.49	-38.37615650694601
89.5	-52.19752358206635
89.51	-42.93042731271273
89.52	-33.53178329364371
89.53	-40.919272174233086
89.54	-30.563733378164265
89.55	-28.181110620828736
89.56	-36.297435818852115
89.57000000000001	-33.55315513533036
89.58	-31.209831714551097
89.59	-39.1725221787702
89.60000000000001	-46.339673484955014
89.61	-41.09698715454053
89.62	-47.718618299201445
89.63	-40.85102852364135
89.64	-25.0164686284152
89.65	-21.451143441676468
89.66	-27.15747216407414
89.67	-42.209898933783336
89.68	-41.40771620528477
89.69	-42.462612893967126
89.7	-43.891435173644844
89.71000000000001	-41.6300434944001
89.72	-39.275447419338974
89.73	-30.836462229054295
89.74	-37.367588772887835
89.75	-45.2079084074044
89.76	-48.26661649684022
89.77	-39.985267574429095
89.78	-33.68981884404124
89.79	-29.890315308285334
89.8	-15.025213336150761
89.81	-14.237102219738576
89.82000000000001	-19.609264341952144
89.83	-18.272268198383237
89.84	-30.758826184299107
89.85000000000001	-28.54545768630142
89.86	-33.63165262670758
89.87	-30.232494633034094
89.88	-37.62593853945399
89.89	-50.843864162152855
89.9	-56.241380742155094
89.91	-59.09866235529289
89.92	-53.18197728894668
89.93	-48.60782511927547
89.94	-45.67512655711496
89.95	-51.08148108425214
89.96000000000001	-53.20218902771436
89.97	-56.73233420329739
89.98	-53.59111258123488
89.99	-34.06159746078784
90.0	-36.50761493255748
90.01	-32.35081522530017
90.02	-34.129005660548636
90.03	-44.5291667896259
90.04	-51.280756883799015
90.05	-44.06764604586421
90.06	-36.03169761914172
90.07000000000001	-37.63739535979757
90.08	-29.798067487305136
90.09	-30.092358796452864
90.10000000000001	-41.36037064739966
90.11	-37.48091304534048
90.12	-54.52355466411858
90.13	-50.498692638462714
90.14	-49.917861523405364
90.15	-41.362870460876906
90.16	-37.2930824173232
90.17	-29.34078381556308
90.18	-33.65763652716629
90.19	-31.368792464737076
90.2	-43.001943325887716
90.21000000000001	-38.59610980073422
90.22	-42.1584724577398
90.23	-38.375716724745786
90.24	-35.33139205825477
90.25	-29.330852865448122
90.26	-18.6728757557641
90.27	-24.830957694783674
90.28	-35.05714278305375
90.29	-33.126173707293454
90.3	-42.666326226580026
90.31	-47.76334145695151
90.32000000000001	-53.728121109941284
90.33	-50.26389893961804
90.34	-39.846881482714906
90.35000000000001	-49.22498477752858
90.36	-49.12448721779939
90.37	-48.507224425572296
90.38	-49.766781501519844
90.39	-44.992736461066656
90.4	-33.35985771484067
90.41	-54.8271331999874
90.42	-47.47255328228952
90.43	-37.55307025348165
90.44	-33.74898538212238
90.45	-45.394798746348386
90.46000000000001	-45.176063320081624
90.47	-49.916232065271345
90.48	-41.73255259245919
90.49	-40.966047481796906
90.5	-42.72769416353533
90.51	-41.00950396443784
90.52	-33.420250987469636
90.53	-41.522301959440185
90.54	-50.31456339829288
90.55	-54.81624792219062
90.56	-58.03651815201024
90.57000000000001	-41.27279466626859
90.58	-32.87988898172487
90.59	-26.395077797100267
90.60000000000001	-22.89490860581444
90.61	-39.468078001668175
90.62	-37.601247273100746
90.63	-42.57421124287372
90.64	-46.03969456188258
90.65	-44.15081772555188
90.66	-34.84410633804902
90.67	-56.8300958297145
90.68	-57.92917717018683
90.69	-57.087971290059535
90.7	-56.75382608677255
90.71000000000001	-66.81391389624575
90.72	-48.8077919260186
90.73	-36.72985073397112
90.74	-39.70968564206359
90.75	-57.800407643419085
90.76	-45.60519504378413
90.77	-52.340031608488765
90.78	-41.82127000986664
90.79	-44.78571584306371
90.8	-38.77608234861112
90.81	-22.552682344569398
90.82000000000001	-30.60011174565203
90.83	-25.629306681000784
90.84	-36.71326125948414
90.85000000000001	-38.606535713930505
90.86	-57.16670050804555
90.87	-56.74822131647032
90.88	-42.82643345297865
90.89	-48.158635220021225
90.9	-47.430812984262424
90.91	-44.4122637023774
90.92	-52.52441383161713
90.93	-50.128295964764405
90.94	-48.76805089014539
90.95	-45.35036189230537
90.96000000000001	-46.977264780382725
90.97	-50.77316668113947
90.98	-50.77549068880848
90.99	-42.66995745239544
91.0	-31.96307540249588
91.01	-32.429780599513926
91.02	-42.78795867110039
91.03	-44.24782889923581
91.04	-47.171588813300154
91.05	-47.47138672319067
91.06	-39.065373116288754
91.07000000000001	-55.56921930600708
91.08	-42.47430135436512
91.09	-41.14773632084924
91.10000000000001	-42.89917738239985
91.11	-46.21535837434163
91.12	-45.97653712655265
91.13	-51.19263408863186
91.14	-51.162027335604215
91.15	-53.2397055247745
91.16	-45.087688461680685
91.17	-49.33471071073119
91.18	-41.14718512713085
91.19	-30.130348934943193
91.2	-19.433660882798428
91.21000000000001	-20.132030776597663
91.22	-31.790634872191838
91.23	-39.99578837653386
91.24	-47.491290678471806
91.25	-50.25435507453484
91.26	-47.79192033376084
91.27	-57.84718417770938
91.28	-57.58845289032942
91.29	-59.44475731901814
91.3	-64.1016015017883
91.31	-50.31897381034997
91.32000000000001	-28.04764597334595
91.33	-14.584125268965215
91.34	-7.55399529798622
91.35000000000001	-16.522925827518275
91.36	-28.04411619019508
91.37	-35.83147040750131
91.38	-44.456617994189834
91.39	-40.40730763004277
91.4	-35.48044768737475
91.41	-49.075524815106
91.42	-28.122445852682212
91.43	-28.388241602110682
91.44	-30.865415925683966
91.45	-36.99440384974161
91.46000000000001	-34.660059650202854
91.47	-42.22604397956116
91.48	-44.91376500739588
91.49	-53.163497573559255
91.5	-47.6089568861687
91.51	-39.116465345453825
91.52	-40.31476245790734
91.53	-42.84259781156952
91.54	-36.08350002869981
91.55	-48.254973115219244
91.56	-53.01857640953167
91.57000000000001	-52.788426020183636
91.58	-40.154583267527315
91.59	-42.83630911368043
91.60000000000001	-31.071542553686168
91.61	-24.897920004464975
91.62	-32.20467274378849
91.63	-22.47479479268556
91.64	-46.39181701835646
91.65	-51.61788783586525
91.66	-41.70988888782655
91.67	-41.81441332025834
91.68	-27.420617177076746
91.69	-24.97129202525045
91.7	-36.230202135955444
91.71000000000001	-40.97332603453175
91.72	-39.87072157161385
91.73	-51.04671336743029
91.74	-45.81815085986446
91.75	-41.34221578732615
91.76	-28.947700529837174
91.77	-42.95095837564813
91.78	-51.35356938451618
91.79	-54.445265669434576
91.8	-43.65191541317665
91.81	-44.17440735922625
91.82000000000001	-53.13796002000426
91.83	-54.29631367895381
91.84	-47.62739392064724
91.85000000000001	-44.271061559557985
91.86	-40.764837769003286
91.87	-30.91320472529796
91.88	-32.25924924922269
91.89	-31.432518713650044
91.9	-24.201992663328703
91.91	-30.03538502075181
91.92	-40.941304986601516
91.93	-28.895356434222116
91.94	-30.523734082493114
91.95	-25.33823193900254
91.96000000000001	-25.883449713342262
91.97	-36.87931285699063
91.98	-55.042529347136956
91.99	-51.19645807603506
92.0	-57.72379767551971
92.01	-51.20247462908528
92.02	-46.65793306924133
92.03	-46.14534757024095
92.04	-48.827797773992394
92.05	-46.02305562437384
92.06	-34.63010258768701
92.07000000000001	-22.406139711867233
92.08	-30.52642343986246
92.09	-49.83091392330377
92.10000000000001	-47.5139415112487
92.11	-54.41514742129232
92.12	-63.47112744763726
92.13	-59.148703352103
92.14	-53.58996844821447
92.15	-35.310076307930586
92.16	-49.10585788459892
92.17	-54.27508187377308
92.18	-42.4070438949542
92.19	-34.07166299727913
92.2	-17.413558739235757
92.21000000000001	-38.32098230854672
92.22	-39.966257228234824
92.23	-52.56212754438744
92.24	-49.48597455069227
92.25	-43.19200139957133
92.26	-45.71064748034138
92.27	-43.0218294544947
92.28	-44.2288262030844
92.29	-56.73349028521142
92.3	-57.8147503947351
92.31	-50.050928657886324
92.32000000000001	-54.401085618848754
92.33	-45.38114882240785
92.34	-33.48535874193021
92.35000000000001	-29.42643730859166
92.36	-43.38779813568762
92.37	-51.765808826867634
92.38	-44.4581319489865
92.39	-44.08667721626924
92.4	-55.613609263165536
92.41	-57.38704826757083
92.42	-52.08338022654464
92.43	-57.03405952214146
92.44	-51.581896250082664
92.45	-43.77146581063962
92.46000000000001	-44.162807574422295
92.47	-57.30362284851846
92.48	-53.29748272422852
92.49	-48.363708727091755
92.5	-37.45339329648833
92.51	-39.539004297026125
92.52	-41.88942707320543
92.53	-50.83471282009855
92.54	-51.41799139224723
92.55	-35.83156348105818
92.56	-31.076357790450476
92.57000000000001	-43.33922326358342
92.58	-25.319051751961467
92.59	-19.43750290108696
92.60000000000001	-29.944719576561695
92.61	-29.456298358538007
92.62	-33.47100562478199
92.63	-28.034667893675508
92.64	-20.897448028827853
92.65	-32.913703930988405
92.66	-54.21978558154235
92.67	-44.12218829969141
92.68	-44.12580018348957
92.69	-53.56697491308629
92.7	-47.30480613979768
92.71000000000001	-40.83550244596259
92.72	-42.784936856634225
92.73	-43.45341070649603
92.74	-41.31460633376437
92.75	-38.368600572754936
92.76	-41.579101852250105
92.77	-44.13196118824533
92.78	-45.63381163596583
92.79	-49.41389802920549
92.8	-43.77812901286648
92.81	-34.691280704636824
92.82000000000001	-35.5181584228097
92.83	-36.024739442448706
92.84	-15.041059896108829
92.85000000000001	-31.450274748948775
92.86	-43.289789244108405
92.87	-44.39693661411433
92.88	-52.44366465993447
92.89	-55.235200438010324
92.9	-40.55703153484942
92.91	-43.64817870776867
92.92	-50.9153907507391
92.93	-57.254054844218714
92.94	-56.46940679462733
92.95	-51.52628835145511
92.96000000000001	-52.818381299604766
92.97	-48.663894782852466
92.98	-46.67237450983203
92.99	-39.512516125196385
93.0	-40.484404183039985
93.01	-54.98400108890457
93.02	-60.83973793399492
93.03	-58.32307892175903
93.04	-43.05933471883983
93.05	-46.86341412888218
93.06	-56.67269080686088
93.07000000000001	-57.194693233931375
93.08	-63.571755693360906
93.09	-60.61215929650922
93.10000000000001	-54.30520631667878
93.11	-50.645011641266336
93.12	-46.77552573291352
93.13	-44.558251670421456
93.14	-50.43731638118996
93.15	-46.52924740178859
93.16	-41.702982985614845
93.17	-42.431694122489326
93.18	-55.07731518683699
93.19	-50.40406218127747
93.2	-48.23225206928118
93.21000000000001	-38.7044571270155
93.22	-43.14130487701561
93.23	-30.511765298647074
93.24	-13.716540432538125
93.25	-15.860956813663355
93.26	-17.36883731264469
93.27	-31.84785012798912
93.28	-24.03196745096346
93.29	-31.24462739145649
93.3	-36.75589058244663
93.31	-42.417405686539794
93.32000000000001	-47.75538180082143
93.33	-57.98619992930429
93.34	-52.28139606979446
93.35000000000001	-50.79992633335651
93.36	-62.08146380619757
93.37	-57.696454524441265
93.38	-66.00257950940637
93.39	-55.41213718737969
93.4	-52.19840843797133
93.41	-49.356861503464266
93.42	-47.946193604102106
93.43	-61.48439554955979
93.44	-58.67904196579261
93.45	-55.744399853052556
93.46000000000001	-50.78698894899221
93.47	-41.341957761550674
93.48	-34.16221545894925
93.49	-49.225391336062934
93.5	-34.867827926236
93.51	-47.84448805444309
93.52	-44.66639499691767
93.53	-41.09410476279088
93.54	-47.95525038421287
93.55	-44.65844038330008
93.56	-45.99999439677897
93.57000000000001	-35.518307282649864
93.58	-42.02267288256491
93.59	-38.373401021386464
93.60000000000001	-50.17166455596507
93.61	-48.34478618694664
93.62	-40.3465323803145
93.63	-31.36664576444296
93.64	-41.21547916315715
93.65	-47.591834665384354
93.66	-41.70047041298509
93.67	-56.09843335659218
93.68	-56.13039869794603
93.69	-43.10875522630807
93.7	-45.34384107566114
93.71000000000001	-40.29664377381108
93.72	-44.688687360431366
93.73	-35.203320481816014
93.74	-35.29803254411107
93.75	-42.68561604100472
93.76	-44.75365554189016
93.77	-27.615722690396154
93.78	-40.37294393431234
93.79	-46.701310107190885
93.8	-49.845433313462706
93.81	-45.74095325710954
93.82000000000001	-55.98087217915002
93.83	-56.59142073548192
93.84	-59.4945565413066
93.85000000000001	-65.40888197681431
93.86	-53.54978420855157
93.87	-38.23844946162478
93.88	-49.996534905332744
93.89	-53.16725604523771
93.9	-53.970840244281945
93.91	-60.10444765632432
93.92	-51.14773580566961
93.93	-39.05933508078493
93.94	-53.92123009481923
93.95	-37.729292236777496
93.96000000000001	-27.310557112910075
93.97	-24.191938541325563
93.98	-20.153207837243453
93.99	-35.837425998249884
94.0	-39.971876644581535
94.01	-51.570496954569826
94.02	-43.21185552894487
94.03	-33.109701095639515
94.04	-38.48299844114803
94.05	-55.683488996463765
94.06	-60.56838135116012
94.07000000000001	-60.50643128675767
94.08	-52.17610917520978
94.09	-61.22643995994109
94.10000000000001	-55.567469409167096
94.11	-51.44401125216071
94.12	-43.25525988308161
94.13	-41.96513180599224
94.14	-33.62840467418255
94.15	-28.579890953376452
94.16	-34.84322969092166
94.17	-39.50701455341705
94.18	-50.94551390728976
94.19	-47.09751168558911
94.2	-54.85567706241269
94.21000000000001	-47.40796425672399
94.22	-48.69088368623597
94.23	-42.439712465537504
94.24	-51.617117568902714
94.25	-37.522347028839235
94.26	-46.48152277825888
94.27	-39.75119819845374
94.28	-49.63308420336366
94.29	-52.807740116298945
94.3	-45.973435848480904
94.31	-49.326947423267015
94.32000000000001	-48.92537316781605
94.33	-48.777747981944025
94.34	-60.528222073701365
94.35000000000001	-65.17234479194026
94.36	-50.4970238863157
94.37	-47.518638466688984
94.38	-52.81607589029628
94.39	-54.16730983908199
94.4	-57.89497032417008
94.41	-43.22952004389643
94.42	-32.40721904172283
94.43	-34.76568990654735
94.44	-20.553126500448357
94.45	-29.65783274309612
94.46000000000001	-34.5666353094493
94.47	-39.27585773234741
94.48	-43.88814740979247
94.49	-38.61830324515655
94.5	-40.08165055228314
94.51	-42.56090295333021
94.52	-60.0398740437209
94.53	-44.60820634625512
94.54	-41.40066333627363
94.55	-47.27000373869476
94.56	-56.34577121991615
94.57000000000001	-63.420455147822736
94.58	-62.565004778890945
94.59	-60.4508080822225
94.60000000000001	-67.16395669426637
94.61	-54.510141112568924
94.62	-57.154987669611735
94.63	-54.67147845627338
94.64	-53.61432578427529
94.65	-50.62803958554536
94.66	-49.930489433940814
94.67	-37.781109425221906
94.68	-37.445427934538166
94.69	-50.00439963321645
94.7	-52.47025552657763
94.71000000000001	-42.790635911648025
94.72	-48.57681449395152
94.73	-46.803218308305944
94.74	-36.82101920857868
94.75	-42.39039962619564
94.76	-47.020217300430204
94.77	-38.96530046586436
94.78	-39.78314541417486
94.79	-48.854438121443636
94.8	-42.49056492046612
94.81	-49.544778576281374
94.82000000000001	-51.69213436659713
94.83	-52.82746149290772
94.84	-36.04660691831044
94.85000000000001	-35.337312883789394
94.86	-45.95150341009993
94.87	-51.046326261904106
94.88	-40.02520565123675
94.89	-35.341724521207716
94.9	-48.093656777142314
94.91	-52.18658901348115
94.92	-46.863264729161195
94.93	-43.564028085974726
94.94	-33.699510519250516
94.95	-32.72255269473813
94.96000000000001	-48.39191741710204
94.97	-51.13679831469331
94.98	-52.69180405614486
94.99	-53.917732802782
95.0	-54.830372733588604
95.01	-57.37550304426356
95.02	-44.85421864382997
95.03	-36.49866756199956
95.04	-49.24621354917461
95.05	-38.718350693429834
95.06	-38.26567995972624
95.07000000000001	-30.875296227481638
95.08	-34.854150357351806
95.09	-31.645666726431735
95.10000000000001	-43.91905308289729
95.11	-43.77594246038609
95.12	-40.41660997737599
95.13	-43.40255061407918
95.14	-51.86860259562596
95.15	-48.42875653823896
95.16	-46.69151226604857
95.17	-34.85237041525112
95.18	-45.50062610111753
95.19	-36.79541331223021
95.2	-42.12532064273058
95.21000000000001	-35.528685374396915
95.22	-39.81268661385572
95.23	-37.26202310952443
95.24	-23.091347661694392
95.25	-29.74967978416555
95.26	-55.71940383413986
95.27	-40.6911656993807
95.28	-34.11726142158245
95.29	-39.03690664680059
95.3	-37.66768833245108
95.31	-41.65702400530535
95.32000000000001	-40.70167728324537
95.33	-34.030423662308
95.34	-29.457020541252355
95.35000000000001	-34.82675265102147
95.36	-38.33785481813464
95.37	-45.53374151254964
95.38	-44.85061260205588
95.39	-47.96651727592792
95.4	-47.258155348212966
95.41	-49.96864864143428
95.42	-30.435039061765433
95.43	-49.05654622194135
95.44	-42.9483501396856
95.45	-34.93154001297486
95.46000000000001	-42.90975585033561
95.47	-33.01533611888254
95.48	-32.086689487326716
95.49	-28.06224968625512
95.5	-22.98382563070573
95.51	-26.710052407745327
95.52	-30.568521256530964
95.53	-31.923246892009807
95.54	-23.42481418758504
95.55	-20.210015779982232
95.56	-18.03695220025709
95.57000000000001	-31.634628195522836
95.58	-45.11188158937051
95.59	-52.36324026420397
95.60000000000001	-49.09712009617814
95.61	-52.316005732522314
95.62	-48.22301978462486
95.63	-42.517616284350446
95.64	-49.73651863378498
95.65	-38.92048414395555
95.66	-31.882904546010973
95.67	-29.802832993013595
95.68	-36.03207673102004
95.69	-53.3862659149411
95.7	-49.487975118904075
95.71000000000001	-50.07536185840374
95.72	-54.49386468499734
95.73	-46.69153638768624
95.74000000000001	-59.649790339125815
95.75	-44.01423871243237
95.76	-32.53376313345724
95.77	-37.615242423349805
95.78	-56.2663056682576
95.79	-43.56210367391654
95.8	-55.03858505287272
95.81	-53.589324266596414
95.82000000000001	-48.317501847401495
95.83	-46.5937352254998
95.84	-40.50697321983804
95.85000000000001	-28.34435965037007
95.86	-30.190559431125052
95.87	-45.14163890755021
95.88	-53.403585136175195
95.89	-51.02928659052711
95.9	-49.34272487688563
95.91	-43.87311413484786
95.92	-50.158415625281684
95.93	-48.67628677365806
95.94	-51.14920520184857
95.95	-46.840898598759445
95.96000000000001	-36.71544577239459
95.97	-45.712308157628094
95.98	-61.55166387610297
95.99000000000001	-65.47193432259122
96.0	-61.51080021145398
96.01	-52.82609356702324
96.02	-47.394674932049824
96.03	-49.517352569131745
96.04	-43.69279991118428
96.05	-42.00745917313831
96.06	-42.574838115715124
96.07000000000001	-30.0605909236181
96.08	-25.013909233747395
96.09	-35.38769224012058
96.10000000000001	-21.489767452596816
96.11	-17.482072764080286
96.12	-18.8884256844253
96.13	-19.617167634086908
96.14	-29.448276418237693
96.15	-22.5912669173271
96.16	-41.04352395929555
96.17	-46.5788360631037
96.18	-39.603039898718954
96.19	-32.42342525889921
96.2	-36.27507977647666
96.21000000000001	-51.41452674627707
96.22	-54.79243572281301
96.23	-45.341099608039166
96.24000000000001	-45.67476462004881
96.25	-37.528800238615275
96.26	-62.59489502847038
96.27	-54.50467011984076
96.28	-54.670025723820814
96.29	-53.54832172771478
96.3	-54.477750056581584
96.31	-45.468092332880715
96.32000000000001	-42.058901597026384
96.33	-47.167307993941336
96.34	-38.37747727331685
96.35000000000001	-47.20198143941618
96.36	-49.88206799426996
96.37	-47.66134570351259
96.38	-41.71496100446036
96.39	-51.02175208698906
96.4	-56.881512580140495
96.41	-57.20795602153062
96.42	-45.47639735833872
96.43	-51.819983742595014
96.44	-48.816660174132984
96.45	-53.20345670593627
96.46000000000001	-55.702265950130474
96.47	-44.6773117201156
96.48	-51.60971136088325
96.49000000000001	-41.703183810566465
96.5	-33.58931520507704
96.51	-29.34625721735628
96.52	-24.263588730152446
96.53	-13.9321320514596
96.54	-13.046918323751996
96.55	-20.24865556799491
96.56	-27.89830188296849
96.57000000000001	-24.200042030188527
96.58	-26.386270960020056
96.59	-19.432861399325674
96.60000000000001	-16.54442544554582
96.61	-22.70351598619646
96.62	-37.971560588579095
96.63	-41.02768712404368
96.64	-37.90620386353759
96.65	-41.32540663866385
96.66	-57.99477326736615
96.67	-59.91005670435723
96.68	-56.047063736664825
96.69	-41.26405219299128
96.7	-44.72604694068753
96.71000000000001	-52.74125675705075
96.72	-47.38068018070137
96.73	-30.198932971225425
96.74000000000001	-42.838318779259495
96.75	-31.291799793531936
96.76	-39.10018464894511
96.77	-44.57017327515913
96.78	-45.330299219096794
96.79	-51.14232462270413
96.8	-40.81298541343541
96.81	-31.39474193227718
96.82000000000001	-29.595203345027212
96.83	-38.24776085771177
96.84	-35.97999963671654
96.85000000000001	-28.19330980492099
96.86	-44.42576375726837
96.87	-39.64403644986348
96.88	-36.753532105067535
96.89	-50.13456974631585
96.9	-52.922882793951175
96.91	-45.94115269048539
96.92	-41.80449127838795
96.93	-38.615945816715616
96.94	-66.63423689389741
96.95	-55.96576240768163
96.96000000000001	-44.9777771334937
96.97	-40.20759037684988
96.98	-46.837713401536774
96.99000000000001	-50.97485176461685
97.0	-48.103545453151135
97.01	-38.272684358296615
97.02	-46.35489211349173
97.03	-39.42296845417395
97.04	-36.24173876665718
97.05	-43.893075025948264
97.06	-35.02435609033852
97.07000000000001	-34.29535102020476
97.08	-25.258351130541584
97.09	-30.381004208794643
97.10000000000001	-33.13291885333631
97.11	-45.44793894743501
97.12	-50.130536318178414
97.13	-48.56655878791972
97.14	-56.740962601894196
97.15	-54.087137854398634
97.16	-61.2072528406998
97.17	-53.41131323100758
97.18	-47.31195679101138
97.19	-37.89083321292226
97.2	-44.98800501110703
97.21000000000001	-47.31920241963175
97.22	-47.30893102387626
97.23	-44.8190100361185
97.24000000000001	-49.83213504375299
97.25	-49.50025307817224
97.26	-47.19734328911431
97.27	-44.360604414104245
97.28	-30.009661954397355
97.29	-42.9714453116146
97.3	-52.288540656120034
97.31	-55.336957581241435
97.32000000000001	-51.31127831559894
97.33	-46.28713092398264
97.34	-42.156051520872005
97.35000000000001	-52.61458430408529
97.36	-42.06167134636371
97.37	-39.38519425609894
97.38	-29.5893189545347
97.39	-24.56373429185929
97.4	-30.772972710554853
97.41	-43.55927085505669
97.42	-59.82633972862701
97.43	-57.52632409030839
97.44	-48.20170061020021
97.45	-35.70463617790293
97.46000000000001	-44.36683296960172
97.47	-41.10215578132822
97.48	-27.82714284255479
97.49000000000001	-28.03775176027689
97.5	-30.102611736251095
97.51	-22.696488303964443
97.52	-22.085697985341664
97.53	-37.918250558840064
97.54	-29.973751497453332
97.55	-39.303342120248935
97.56	-47.85689176324414
97.57000000000001	-51.20899120356857
97.58	-44.85596140393278
97.59	-56.25764129729621
97.60000000000001	-55.63214026761924
97.61	-50.08274428208014
97.62	-45.47855929949101
97.63	-38.92334103081116
97.64	-39.771451789168076
97.65	-46.73473650997105
97.66	-35.37392458716989
97.67	-30.32569049649588
97.68	-39.749354712059144
97.69	-37.153252707098105
97.7	-34.95025895563697
97.71000000000001	-39.40373994447711
97.72	-32.74924235088629
97.73	-41.19318694650979
97.74000000000001	-39.40271372535396
97.75	-46.24860500931034
97.76	-59.06775596906292
97.77	-49.205841356279834
97.78	-43.03456498670117
97.79	-39.328137410006136
97.8	-27.941463473073643
97.81	-31.33643426324435
97.82000000000001	-34.86791151712394
97.83	-23.65554238606804
97.84	-17.857358528754144
97.85000000000001	-21.825670946877178
97.86	-37.777283526982046
97.87	-44.800840545718366
97.88	-49.550596939676254
97.89	-44.53821041060864
97.9	-53.44269620600126
97.91	-51.41958074997378
97.92	-48.23519059991845
97.93	-54.66002577233148
97.94	-57.48846397975701
97.95	-54.14652650371462
97.96000000000001	-40.47028601362173
97.97	-42.73035605710307
97.98	-33.90291347683213
97.99000000000001	-35.98247807565542
98.0	-39.395437209137285
98.01	-34.356310780315034
98.02	-37.43854811109074
98.03	-33.59692513899675
98.04	-46.07086217481691
98.05	-46.056957034475175
98.06	-38.54405246609012
98.07000000000001	-43.449300054527306
98.08	-54.59377457049313
98.09	-49.801253956734904
98.10000000000001	-38.53772727327166
98.11	-46.33470150204824
98.12	-38.3074288459795
98.13	-36.27835659978769
98.14	-32.89039232803146
98.15	-35.67198759728914
98.16	-24.401507424587948
98.17	-25.36279879459251
98.18	-42.765892280369584
98.19	-42.49093098402569
98.2	-26.676505046494903
98.21000000000001	-33.8133392746749
98.22	-27.082318140323405
98.23	-28.368856689011103
98.24000000000001	-38.76941531610863
98.25	-56.72816288254076
98.26	-57.663011700280755
98.27	-58.281008329739
98.28	-50.92997293201695
98.29	-46.12775595625882
98.3	-37.19684101558092
98.31	-32.93132353525986
98.32000000000001	-29.16556650762
98.33	-36.490018620918754
98.34	-39.22205474845682
98.35000000000001	-45.04909346674893
98.36	-53.38822767074986
98.37	-52.3197748644615
98.38	-54.33148908696652
98.39	-54.650300726220905
98.4	-50.34441023492705
98.41	-54.22414225749632
98.42	-58.49632072019308
98.43	-58.51483248638307
98.44	-46.00176943932688
98.45	-56.802971505236805
98.46000000000001	-39.22551911457167
98.47	-44.52593350642273
98.48	-56.107129777291945
98.49000000000001	-47.818103193602035
98.5	-37.95654767622957
98.51	-44.132901842034485
98.52	-47.41616970662494
98.53	-47.2889546515862
98.54	-42.2921590165411
98.55	-49.72624831738069
98.56	-50.23082413217458
98.57000000000001	-37.560169635188466
98.58	-48.40929726209233
98.59	-48.92829879056058
98.60000000000001	-46.02023035458198
98.61	-43.14101557834039
98.62	-40.037031698003624
98.63	-42.17895427071816
98.64	-35.20434661203257
98.65	-32.03835940682669
98.66	-39.54862563987511
98.67	-39.78474639059138
98.68	-41.04186843661214
98.69	-44.135395935389816
98.7	-51.01022429301359
98.71000000000001	-58.48450407158172
98.72	-51.03750414189005
98.73	-45.903766056078524
98.74000000000001	-48.660732586593724
98.75	-50.267335150557145
98.76	-48.06648341980418
98.77	-53.876805238312414
98.78	-44.550951685999394
98.79	-34.858743596831545
98.8	-55.548918080685354
98.81	-47.92221390933169
98.82000000000001	-52.18269692363839
98.83	-45.807945580787965
98.84	-34.09091135900712
98.85000000000001	-48.189581131266905
98.86	-56.82938500755714
98.87	-56.88988924121527
98.88	-53.04487209719471
98.89	-56.382238794209336
98.9	-67.09089538768055
98.91	-74.76218384011646
98.92	-69.95243146262622
98.93	-62.97668129001873
98.94	-73.54402822985057
98.95	-74.34094630197566
98.96000000000001	-63.639587066041415
98.97	-60.96247286974804
98.98	-49.988911497863135
98.99000000000001	-44.30604810883417
99.0	-56.69998446394457
99.01	-58.25385986330282
99.02	-38.721254017745025
99.03	-41.557571883440616
99.04	-47.248669557750794
99.05	-37.247286969996175
99.06	-31.900978317851422
99.07000000000001	-40.51964046932657
99.08	-34.465488306486556
99.09	-38.50402508872761
99.10000000000001	-35.82004862801573
99.11	-45.31646332494316
99.12	-52.4021757204867
99.13	-48.12742659885392
99.14	-45.37593053890908
99.15	-47.693678298291914
99.16	-45.10730123497339
99.17	-51.140536732459864
99.18	-46.7854892862248
99.19	-51.38518477349409
99.2	-57.68335540605952
99.21000000000001	-51.88434245044531
99.22	-45.317221797137506
99.23	-52.34963235334439
99.24000000000001	-51.473107032030384
99.25	-59.487767774372266
99.26	-56.71223472443105
99.27	-55.725226480922856
99.28	-49.730891750081256
99.29	-44.59529481931784
99.3	-38.36692907249704
99.31	-27.940056556628555
99.32000000000001	-19.831818239109662
99.33	-41.11563269372734
99.34	-46.653937022500926
99.35000000000001	-54.86636696151197
99.36	-42.13499753462515
99.37	-48.44103767203613
99.38	-56.728556188132465
99.39	-54.03825760009289
99.4	-48.231569376205094
99.41	-38.643032819966535
99.42	-30.02087055491377
99.43	-29.93006443248337
99.44	-37.26467852617994
99.45	-34.33770949288318
99.46000000000001	-38.78504365925758
99.47	-39.14929581191439
99.48	-30.112602747159055
99.49000000000001	-43.87499473588698
99.5	-44.851264901751925
99.51	-40.4777436998562
99.52	-34.94567084460225
99.53	-42.49768670776108
99.54	-36.66161954055489
99.55	-42.95640258722819
99.56	-35.42142094700795
99.57000000000001	-32.85344451940506
99.58	-36.198903578674674
99.59	-37.544301319669856
99.60000000000001	-43.19992319971222
99.61	-49.2474116271335
99.62	-50.13232874615999
99.63	-46.00339140179567
99.64	-49.71970253132738
99.65	-50.28062464875168
99.66	-39.33851948260895
99.67	-36.6739711424767
99.68	-38.29819462786619
99.69	-43.18214772984209
99.7	-32.84346400312414
99.71000000000001	-26.524697474180268
99.72	-16.353311207509876
99.73	-36.71354718969992
99.74000000000001	-44.04154263943272
99.75	-30.628389973266216
99.76	-30.85262068279491
99.77	-32.783003253674075
99.78	-39.0694910558349
99.79	-42.01746946247158
99.8	-47.282103878794935
99.81	-47.3688827213935
99.82000000000001	-35.61480834765014
99.83	-37.41641367228361
99.84	-62.039612600868544
99.85000000000001	-60.707308809673364
99.86	-59.33115956739674
99.87	-56.83387162347313
99.88	-47.79454651614805
99.89	-43.10510637731687
99.9	-31.72576213126911
99.91	-38.431823514338234
99.92	-41.429550319287
99.93	-43.752781889764115
99.94	-46.99026866065111
99.95	-51.90516531519533
99.96000000000001	-49.304676848740435
99.97	-44.83018868487149
99.98	-37.98408666624393
99.99000000000001	-34.37387596771747
100.0	-30.112628428930435
100.01	-30.7350432751326
100.02	-46.78499872109733
100.03	-51.66601373221804
100.04	-49.767537366535386
100.05	-49.662392406761434
100.06	-35.63106095259789
100.07000000000001	-41.479091048297704
100.08	-37.84501410713534
100.09	-44.95311833197483
100.10000000000001	-42.37908327385636
100.11	-34.24337663731407
100.12	-52.2523585034667
100.13	-55.3514266423099
100.14	-51.266078857906066
100.15	-47.627573265245985
100.16	-38.67197033338041
100.17	-32.36013623550939
100.18	-34.381203616665104
100.19	-29.911034339288722
100.2	-23.001904628102853
100.21000000000001	-37.29489181845022
100.22	-51.29243952781393
100.23	-49.23888317178287
100.24000000000001	-46.94020945623935
100.25	-44.62980100628814
100.26	-59.07937747715015
100.27	-56.77329845404657
100.28	-58.787089289363685
100.29	-60.5672911758901
100.3	-52.67437629506875
100.31	-53.58083605906425
100.32000000000001	-53.03230671799831
100.33	-43.500528800386725
100.34	-37.36334161719092
100.35000000000001	-44.68428675274795
100.36	-46.057806781302226
100.37	-38.15473128330077
100.38	-43.161641738002544
100.39	-41.93527237729103
100.4	-42.86176830000064
100.41	-40.430759382505386
100.42	-50.8001312117272
100.43	-44.062559858579654
100.44	-46.20452206993067
100.45	-63.65333078942841
100.46000000000001	-61.45815699488335
100.47	-51.90851215239796
100.48	-35.32038217364196
100.49000000000001	-39.761052466950275
100.5	-35.29466740013671
100.51	-36.79366974268325
100.52	-33.21297331697691
100.53	-35.049339838535765
100.54	-51.28433981247468
100.55	-51.03951738723449
100.56	-63.64948618174574
100.57000000000001	-67.51014051160202
100.58	-56.470866529195035
100.59	-48.81002195183076
100.60000000000001	-47.837078883641105
100.61	-50.23619849267328
100.62	-52.60073208922045
100.63	-50.80969456708972
100.64	-51.2086849059171
100.65	-53.85884895651333
100.66	-53.63480597904327
100.67	-50.55576836541886
100.68	-47.208543854617076
100.69	-50.31723951447192
100.7	-56.318841459379584
100.71000000000001	-40.33544030193329
100.72	-56.36302701997966
100.73	-66.06835349144521
100.74000000000001	-53.54785081987569
100.75	-47.66557986049489
100.76	-45.04492067549377
100.77	-41.884783853260956
100.78	-47.25356485756504
100.79	-34.4734463646739
100.8	-48.612454642134395
100.81	-50.647888999205
100.82000000000001	-47.775793460171265
100.83	-52.148114919034576
100.84	-50.5146108320929
100.85000000000001	-44.119118180571355
100.86	-57.76779620135769
100.87	-48.096792844133674
100.88	-58.32566873082402
100.89	-52.076471957434734
100.9	-54.063926374316196
100.91	-55.16560447127385
100.92	-39.75984337862725
100.93	-34.034776134846524
100.94	-43.29275076523459
100.95	-49.21366682373579
100.96000000000001	-65.43566678748272
100.97	-49.21548987693592
100.98	-47.55364456159786
100.99000000000001	-36.1085322668735
101.0	-41.423229598399644
101.01	-49.797316791179085
101.02	-56.985896154291645
101.03	-61.02876733285863
101.04	-49.1768176212285
101.05	-56.715592888814605
101.06	-55.89919651655798
101.07000000000001	-48.18786826141948
101.08	-48.66678052092825
101.09	-50.06255878889909
101.10000000000001	-56.721780949668535
101.11	-60.05474794073203
101.12	-48.56441027056507
101.13	-39.13773835585112
101.14	-34.13726932183809
101.15	-37.06479328831145
101.16	-39.497002429492184
101.17	-40.36084954422688
101.18	-44.42309829702257
101.19	-43.20041460810869
101.2	-29.805999310223402
101.21000000000001	-49.973526594870265
101.22	-54.661133919479745
101.23	-38.709957107154324
101.24000000000001	-36.20105176760157
101.25	-50.361528758826644
101.26	-42.98357312471369
101.27	-37.42778021358175
101.28	-41.147649552108355
101.29	-54.00731551755984
101.3	-46.4511736235692
101.31	-37.289526667466525
101.32000000000001	-38.53245324470752
101.33	-38.95717028582002
101.34	-42.517467157369786
101.35000000000001	-29.761071517066508
101.36	-35.81491815565135
101.37	-42.94590799987156
101.38	-45.28596134588835
101.39	-44.76492223530067
101.4	-67.29965383030523
101.41	-62.41400046478114
101.42	-59.6043857982279
101.43	-60.16116886162112
101.44	-70.45740989830087
101.45	-61.41538227229106
101.46000000000001	-56.18495192991241
101.47	-45.135905235525776
101.48	-47.49398723416864
101.49000000000001	-44.511415081603104
101.5	-56.166122248486126
101.51	-49.10742323913192
101.52	-49.875456745806304
101.53	-55.43060280736946
101.54	-39.10927055520016
101.55	-39.231793931515845
101.56	-33.977758522964024
101.57000000000001	-47.577625811394206
101.58	-43.2738175163891
101.59	-32.40862461095267
101.60000000000001	-29.771035939673165
101.61	-26.782223429981666
101.62	-33.62239352821546
101.63	-35.971095551029876
101.64	-34.36880606872229
101.65	-45.22156205139591
101.66	-35.383660686534114
101.67	-42.11846000465941
101.68	-48.337209479361775
101.69	-41.59260572551325
101.7	-43.60510064056385
101.71000000000001	-46.4828856198118
101.72	-42.29880159161509
101.73	-47.288356943361144
101.74000000000001	-51.4666527850059
101.75	-45.954911773959395
101.76	-45.36243354947432
101.77	-50.13891965553905
101.78	-43.78943391198053
101.79	-38.448352120691595
101.8	-34.644780041557446
101.81	-38.56730359289297
101.82000000000001	-29.543970772210244
101.83	-27.06115548220259
101.84	-28.201510273593776
101.85000000000001	-29.933733960765515
101.86	-25.47816983207268
101.87	-27.236928894583677
101.88	-41.56051900933347
101.89	-47.52905496961243
101.9	-38.570688502136115
101.91	-26.220546629862053
101.92	-39.04136095765026
101.93	-36.95614091904184
101.94	-55.1790758531195
101.95	-49.158305479423895
101.96000000000001	-40.51771845674038
101.97	-35.09987016513018
101.98	-35.60173201637924
101.99000000000001	-33.14759421056945
102.0	-38.19570224797085
102.01	-40.57286654073442
102.02	-34.29353253683712
102.03	-48.662119039522686
102.04	-41.01474482063138
102.05	-27.817036785227383
102.06	-29.447647685116323
102.07000000000001	-10.147422182148928
102.08	-21.115264241020693
102.09	-28.829767988371188
102.10000000000001	-19.980190367624118
102.11	-31.131655319258776
102.12	-45.06372812848256
102.13	-47.794827565615556
102.14	-49.45805964355574
102.15	-40.977625277802765
102.16	-32.45687615751478
102.17	-28.278026091178987
102.18	-37.367356128386234
102.19	-42.68795370573519
102.2	-47.023885478387704
102.21000000000001	-54.694383827563314
102.22	-46.85304500113735
102.23	-39.863442346789334
102.24000000000001	-57.24512980966081
102.25	-56.72819369363608
102.26	-52.32135610788644
102.27	-44.78798575303662
102.28	-38.007908235850074
102.29	-37.59984245524898
102.3	-28.230753137930154
102.31	-28.495127142864888
102.32000000000001	-28.401035594890867
102.33	-34.44050518734187
102.34	-30.095850657960078
102.35000000000001	-36.84513509880304
102.36	-35.125157117118924
102.37	-28.407267130024216
102.38	-28.766006301067797
102.39	-24.242147489058286
102.4	-28.125530115189544
102.41	-23.45917428693955
102.42	-29.18501603841542
102.43	-37.67965409534691
102.44	-54.320162090127305
102.45	-63.530461119215644
102.46000000000001	-60.25644692450927
102.47	-51.2845578960275
102.48	-48.448208462142816
102.49000000000001	-50.696674626308486
102.5	-34.15939620655801
102.51	-37.91286025685887
102.52	-38.45395440854509
102.53	-29.822579692949677
102.54	-36.576119788420016
102.55	-35.215278876189146
102.56	-38.440044805622406
102.57000000000001	-44.14138643888821
102.58	-48.15172060468789
102.59	-42.52463600156269
102.60000000000001	-42.821046331204165
102.61	-47.894029787564705
102.62	-41.69739821874635
102.63	-39.89089750288444
102.64	-44.43853983312401
102.65	-52.68050160129416
102.66	-44.02141061487869
102.67	-45.253701146701275
102.68	-47.104621512604105
102.69	-41.773790153607266
102.7	-43.95253690294
102.71000000000001	-48.73823000710185
102.72	-47.0575417874264
102.73	-42.204716463469346
102.74000000000001	-54.31528585784802
102.75	-38.56625379556095
102.76	-36.245746221662365
102.77	-29.713678142553682
102.78	-23.504226218901888
102.79	-38.17127536128003
102.8	-29.10950503114767
102.81	-40.93531868731379
102.82000000000001	-48.53927737883188
102.83	-41.06101787158626
102.84	-52.61303876929069
102.85000000000001	-50.247143864812614
102.86	-40.572283889194715
102.87	-33.04858087631035
102.88	-35.200316712908915
102.89	-49.203834717448736
102.9	-48.5754254754317
102.91	-58.05039672686959
102.92	-61.70820566989996
102.93	-56.82327506553991
102.94	-51.46202143996001
102.95	-47.754634458973264
102.96000000000001	-51.03579899653897
102.97	-43.37739495708981
102.98	-45.816276472400425
102.99000000000001	-55.907449626364006
103.0	-52.74213868668445
103.01	-48.05016901725289
103.02	-50.17275468784153
103.03	-44.98875566982382
103.04	-39.697468106665305
103.05	-35.602467110771194
103.06	-43.58846389131885
103.07000000000001	-58.98801795388388
103.08	-62.62309360507527
103.09	-55.90975840714512
103.10000000000001	-44.9456237523842
103.11	-37.67234039418982
103.12	-31.020595379071896
103.13	-24.48707803200983
103.14	-34.480136048198574
103.15	-31.37046699810822
103.16	-45.45031815084321
103.17	-44.210745815854516
103.18	-57.109131088555856
103.19	-41.65702682977181
103.2	-35.70008447556869
103.21000000000001	-38.276407890487015
103.22	-34.669638620794885
103.23	-21.104301897240706
103.24000000000001	-37.87060355388713
103.25	-52.403697970661064
103.26	-62.7254367867189
103.27	-63.83778374543936
103.28	-60.671282486962646
103.29	-49.368422429864786
103.3	-51.04896867007308
103.31	-68.84057702346473
103.32000000000001	-65.51361564862563
103.33	-51.565544114673536
103.34	-56.34624982710322
103.35000000000001	-54.45273884274681
103.36	-56.13031595965284
103.37	-36.37318146489496
103.38	-38.4693727646009
103.39	-34.36788050429729
103.4	-42.40456465916216
103.41	-49.43408224796351
103.42	-58.87697944281169
103.43	-52.39561462999469
103.44	-54.74658500866837
103.45	-45.07737626209231
103.46000000000001	-43.718150125001614
103.47	-49.17107661680986
103.48	-52.14775105839012
103.49000000000001	-39.6827988787184
103.5	-38.946775328857406
103.51	-47.802804270655294
103.52	-47.0470196363425
103.53	-52.95878422328526
103.54	-47.76845456489349
103.55	-54.694777549928105
103.56	-51.68644121292465
103.57000000000001	-45.09782376210853
103.58	-30.64823707393077
103.59	-26.274908114767744
103.60000000000001	-43.80487008701306
103.61	-35.433403152418435
103.62	-48.14513974885305
103.63	-51.43075695741478
103.64	-46.490454711943215
103.65	-40.647719018062034
103.66	-39.93970750206099
103.67	-46.612035826523005
103.68	-40.10276579542332
103.69	-50.55570221889827
103.7	-49.756790369216205
103.71000000000001	-49.75185944560223
103.72	-57.91826317830591
103.73	-58.98843899013139
103.74000000000001	-49.214002725017814
103.75	-45.702828462533645
103.76	-44.38856515154438
103.77	-50.00887997013037
103.78	-49.792798462447415
103.79	-54.57784074739856
103.8	-44.917909615483154
103.81	-56.99544028335204
103.82000000000001	-54.653936888446445
103.83	-53.90230331343338
103.84	-48.96662336982814
103.85000000000001	-50.070936518958746
103.86	-56.40688219653467
103.87	-50.38073719719487
103.88	-45.39008773755138
103.89	-51.269003067590006
103.9	-39.208033138041806
103.91	-39.24897748592223
103.92	-28.25315331235491
103.93	-41.41148485801982
103.94	-47.96576534054692
103.95	-48.44430409299614
103.96000000000001	-61.41457183129155
103.97	-50.37401219819956
103.98	-48.000324427967456
103.99000000000001	-45.94997824614537
104.0	-58.52079161654896
104.01	-50.37555306028482
104.02	-40.43035796559701
104.03	-47.95486536211919
104.04	-41.83573570292625
104.05	-31.974956961142986
104.06	-18.255020196796295
104.07000000000001	-28.90573371385452
104.08	-41.07767509440094
104.09	-49.73639715844599
104.10000000000001	-50.33279202346644
104.11	-55.14580690526962
104.12	-58.98640118483385
104.13	-57.31317749263774
104.14	-51.04551812924147
104.15	-44.02073688220508
104.16	-28.143076402940853
104.17	-21.407683112888105
104.18	-20.40241770151798
104.19	-26.453536450632306
104.2	-42.4722080292983
104.21000000000001	-57.23305902169722
104.22	-54.05882734926083
104.23	-36.24832083722654
104.24000000000001	-40.96693756327199
104.25	-42.676075647181264
104.26	-41.81237365159797
104.27	-60.78742941812338
104.28	-56.90688952817307
104.29	-40.23260266261225
104.3	-52.84514114752869
104.31	-48.53675935603874
104.32000000000001	-44.68083718879274
104.33	-45.72515019525945
104.34	-59.37245612858391
104.35000000000001	-49.02201972382281
104.36	-48.35529141179275
104.37	-52.83766087926145
104.38	-46.097355043640654
104.39	-54.473922790521904
104.4	-52.940876000774594
104.41	-60.14999056074801
104.42	-42.310582970671156
104.43	-41.263445037265164
104.44	-37.81188985955492
104.45	-21.1819168366258
104.46000000000001	-13.75965751855971
104.47	-23.340825924503964
104.48	-15.170985153468456
104.49000000000001	-21.08672345539933
104.5	-21.95779124031385
104.51	-35.611603911567684
104.52	-31.17331252839167
104.53	-38.00441218897871
104.54	-28.605843528437216
104.55	-25.123408117624926
104.56	-15.921151739114514
104.57000000000001	-35.62226088262314
104.58	-46.88264750673166
104.59	-59.554848531720616
104.60000000000001	-45.204240043853325
104.61	-62.71354730027559
104.62	-47.92880170460403
104.63	-37.36400826620459
104.64	-32.60519550059372
104.65	-39.2013201551839
104.66	-53.767486715729184
104.67	-40.05924710317722
104.68	-36.868568258693685
104.69	-45.00239999405393
104.7	-45.630599341703196
104.71000000000001	-45.059523855011335
104.72	-45.480829665426455
104.73	-37.93187752145362
104.74000000000001	-30.391151184766226
104.75	-29.249613017448738
104.76	-31.384240375463744
104.77	-33.86201510497362
104.78	-34.726386671044054
104.79	-43.97989690515786
104.8	-40.06760694807343
104.81	-43.92251381221276
104.82000000000001	-35.788887682656615
104.83	-37.58743896198088
104.84	-50.52061755088282
104.85000000000001	-49.625246332250256
104.86	-48.84982197794107
104.87	-51.701396281881955
104.88	-43.856799960846956
104.89	-50.92229938258383
104.9	-46.43478796667184
104.91	-43.67067791801941
104.92	-39.285461838584915
104.93	-36.421425022713734
104.94	-42.544296197392754
104.95	-45.04922158406473
104.96000000000001	-55.73209957898085
104.97	-45.10912913675303
104.98	-35.350347505324855
104.99000000000001	-33.25998107582615
105.0	-57.344903491400785
105.01	-48.26214106271505
105.02	-46.633144955985
105.03	-44.835487792777904
105.04	-43.31285094391091
105.05	-50.306404495669916
105.06	-35.97932848182097
105.07000000000001	-37.03384553920394
105.08	-41.358268825188425
105.09	-40.2477209499502
105.10000000000001	-44.37926200384156
105.11	-58.69335956481513
105.12	-49.441984091389656
105.13	-45.567905512256125
105.14	-42.30888152071177
105.15	-48.08638782250318
105.16	-54.24715633866631
105.17	-50.62033418952943
105.18	-60.27239313406432
105.19	-54.760746508245894
105.2	-45.2417324615645
105.21000000000001	-55.76498908754713
105.22	-54.2732088168276
105.23	-48.61653236947028
105.24000000000001	-44.01891240126665
105.25	-37.15289641036614
105.26	-37.9755160121742
105.27	-43.98875087820315
105.28	-51.53946435740712
105.29	-37.59811958835893
105.3	-41.56416446273566
105.31	-52.81283149525387
105.32000000000001	-48.285471053997824
105.33	-53.77420246183934
105.34	-55.491984176944555
105.35000000000001	-39.245714619585904
105.36	-40.38362356858316
105.37	-49.05139900381115
105.38	-56.19889915024875
105.39	-54.1923168066797
105.4	-47.544099227724615
105.41	-38.31012241190575
105.42	-45.26339419216569
105.43	-48.710381313470684
105.44	-57.514849379278196
105.45	-45.97948139214347
105.46000000000001	-49.45341146410395
105.47	-42.14248536204736
105.48	-31.049368753026183
105.49000000000001	-36.20033631180214
105.5	-35.210437212591664
105.51	-43.21312981317688
105.52	-56.82269729662574
105.53	-37.15278339213491
105.54	-40.205612573794994
105.55	-29.43610507301102
105.56	-39.64294371151441
105.57000000000001	-43.09089742470789
105.58	-41.44044087381533
105.59	-33.38935366757579
105.60000000000001	-22.611789193610573
105.61	-38.39633042961969
105.62	-32.53697737978267
105.63	-37.12909179941084
105.64	-40.84634237573308
105.65	-34.0834216591527
105.66	-44.02437909042145
105.67	-37.690687185081856
105.68	-46.50390135497807
105.69	-45.23295798743579
105.7	-47.03625705221873
105.71000000000001	-46.230070857296994
105.72	-48.53249451370419
105.73	-54.29854692420885
105.74000000000001	-65.41412480489497
105.75	-69.08805845493856
105.76	-60.089435382053985
105.77	-57.9256252534257
105.78	-52.639121100456414
105.79	-50.824120281997686
105.8	-53.674042938172384
105.81	-59.77921302340435
105.82000000000001	-45.74928156022288
105.83	-50.91772937561155
105.84	-47.50876745201135
105.85000000000001	-57.57719381495942
105.86	-51.76336499729613
105.87	-61.31150429007089
105.88	-48.968872606402655
105.89	-48.32951178519572
105.9	-47.59084675560397
105.91	-33.37543854060521
105.92	-27.33031822311305
105.93	-24.9138291064968
105.94	-11.01088666354773
105.95	-11.437151449483792
105.96000000000001	-20.67959246148599
105.97	-28.12022401615838
105.98	-18.890530503655693
105.99000000000001	-2.6207444900624752
106.0	-11.091098354721549
106.01	-14.01116117760396
106.02	-22.057344039161073
106.03	-7.144626399159554
106.04	-12.780075731072548
106.05	-12.159046444449135
106.06	-7.423416444460832
106.07000000000001	-20.272711141677007
106.08	-29.844751666479198
106.09	-48.96352966784581
106.10000000000001	-49.04888048075032
106.11	-40.873306247588765
106.12	-51.74441917982808
106.13	-57.50024067407762
106.14	-52.498940685074274
106.15	-40.47379139076693
106.16	-28.608856486098777
106.17	-56.14069481768788
106.18	-46.01069916629548
106.19	-36.25935913760148
106.2	-30.754301720163465
106.21000000000001	-52.88848905698066
106.22	-46.97123466996959
106.23	-62.12370821036968
106.24000000000001	-45.61921595678053
106.25	-29.636481264201823
106.26	-31.78173947193413
106.27	-34.101581974641675
106.28	-39.18054527837974
106.29	-43.475115154197645
106.3	-39.95158405304648
106.31	-37.57531043272274
106.32000000000001	-25.34737632236359
106.33	-20.596794993250075
106.34	-37.61292772548041
106.35000000000001	-37.974029676317855
106.36	-45.28083951075144
106.37	-38.800053664189896
106.38	-56.47649153115108
106.39	-52.57271558101348
106.4	-46.08154674345819
106.41	-57.57629775738443
106.42	-53.31044539518012
106.43	-48.09463602861951
106.44	-57.87187029827638
106.45	-55.25699758383984
106.46000000000001	-57.62531008282071
106.47	-47.01009346346202
106.48	-48.978938652036966
106.49000000000001	-37.11370248491775
106.5	-39.67569022483072
106.51	-37.505321013878806
106.52	-36.42532375187564
106.53	-50.63286209298458
106.54	-63.79602480366792
106.55	-60.442078257689076
106.56	-53.74511492360256
106.57000000000001	-45.50346742119807
106.58	-43.34098027414504
106.59	-44.06244026948693
106.60000000000001	-39.09585915137808
106.61	-31.035185707662805
106.62	-57.18773369876071
106.63	-35.773398634496445
106.64	-39.08847020104301
106.65	-34.33424983882251
106.66	-32.1359324623496
106.67	-25.50492582758941
106.68	-28.88788728656438
106.69	-45.805064529430446
106.7	-41.72750755948816
106.71000000000001	-39.88900360590567
106.72	-44.646639602573664
106.73	-41.278296748981745
106.74000000000001	-46.078285131272544
106.75	-41.78673281421689
106.76	-48.16833081255506
106.77	-51.00407876262274
106.78	-49.71211125217926
106.79	-52.33368613543721
106.8	-60.7442036047435
106.81	-49.17822670173518
106.82000000000001	-44.940248962988775
106.83	-41.215673187802516
106.84	-51.5707078114103
106.85000000000001	-42.835316769592794
106.86	-31.931113978747938
106.87	-35.45790929208228
106.88	-33.945337518808735
106.89	-36.815370712797744
106.9	-29.677625427684973
106.91	-22.716239558144956
106.92	-27.542351802192044
106.93	-28.54816339898064
106.94	-37.589404260561786
106.95	-46.21667297619147
106.96000000000001	-50.37841709710652
106.97	-54.89698707218301
106.98	-54.29480100251727
106.99000000000001	-48.930500962331195
107.0	-47.17864406696705
107.01	-40.70256464881169
107.02	-73.01344868688153
107.03	-57.76331089306009
107.04	-51.688967853615665
107.05	-49.309676255144275
107.06	-52.95002845058076
107.07000000000001	-48.57915248221621
107.08	-48.75332615127157
107.09	-52.46770762661848
107.10000000000001	-56.52245107955374
107.11	-50.739078029200925
107.12	-49.986413461446226
107.13	-51.18407268151252
107.14	-57.315510612108376
107.15	-53.76547798631696
107.16	-41.439004844287034
107.17	-35.63148255779562
107.18	-52.109307669375234
107.19	-49.23958682660951
107.2	-40.35919171540984
107.21000000000001	-42.43045347228996
107.22	-43.562903865714
107.23	-43.00788996879445
107.24000000000001	-38.12753960472306
107.25	-33.85418642896168
107.26	-24.27258891831381
107.27	-36.485144289277265
107.28	-26.74470413690764
107.29	-22.467848415017905
107.3	-35.94563442613776
107.31	-51.175862649062665
107.32000000000001	-58.08930906127883
107.33	-64.84127524732553
107.34	-55.060428055142076
107.35000000000001	-44.06464482865242
107.36	-46.181462608506315
107.37	-53.39150556535529
107.38	-52.57652122814778
107.39	-44.03167378393251
107.4	-23.73470834110195
107.41	-35.63804842831058
107.42	-38.67636972848378
107.43	-43.552306108646526
107.44	-41.93988313005382
107.45	-34.38703431036665
107.46000000000001	-29.91071029519525
107.47	-27.89195656617756
107.48	-31.723817717107217
107.49000000000001	-21.698910861304572
107.5	-30.458850201328644
107.51	-27.94331099548519
107.52	-30.364398736963
107.53	-34.87947368925537
107.54	-46.19769069393424
107.55	-34.71684739379906
107.56	-34.92987626642362
107.57000000000001	-26.6561684541895
107.58	-34.40530212463829
107.59	-33.94226675239398
107.60000000000001	-41.7231188599301
107.61	-51.94142165077387
107.62	-41.073197295128054
107.63	-51.130914444384786
107.64	-52.78304955876548
107.65	-43.670957048863464
107.66	-48.193861311680486
107.67	-35.09913188891204
107.68	-41.219930649113515
107.69	-34.09975522735712
107.7	-55.88626479529696
107.71000000000001	-55.98903361889695
107.72	-42.64432546726914
107.73	-49.509698748520094
107.74000000000001	-54.66645868151398
107.75	-44.898433030951175
107.76	-38.26046986574341
107.77	-50.847639811980684
107.78	-53.335845633035085
107.79	-41.53110391135888
107.8	-41.54287835865223
107.81	-37.11207649323788
107.82000000000001	-39.05188063131733
107.83	-44.61594298921631
107.84	-31.02104275622817
107.85000000000001	-25.54637024262655
107.86	-26.483585646756946
107.87	-31.602102272058882
107.88	-43.097582002355644
107.89	-48.30529661955387
107.9	-44.89002704148337
107.91	-43.613189363935454
107.92	-39.29001302335438
107.93	-25.766023357646883
107.94	-23.60555489240702
107.95	-36.74907213395976
107.96000000000001	-38.92929945055028
107.97	-32.34476332160003
107.98	-33.83301269468435
107.99000000000001	-38.374257271815026
108.0	-26.053575169371168
108.01	-16.731175769097327
108.02	-32.349210607382545
108.03	-27.109602560439736
108.04	-19.16917381866032
108.05	-19.192672546099935
108.06	-53.49561046800066
108.07000000000001	-45.073637835516564
108.08	-30.376737695973222
108.09	-46.13808345474795
108.10000000000001	-55.42797851622216
108.11	-58.108374191696925
108.12	-50.38977893180325
108.13	-43.63576433488192
108.14	-56.44932631593082
108.15	-55.658809610955906
108.16	-49.138514630158866
108.17	-36.641243614036824
108.18	-60.98491157451383
108.19	-60.4070185639871
108.2	-47.83150599705754
108.21000000000001	-44.511357231394946
108.22	-47.57866145379332
108.23	-44.32632099617097
108.24000000000001	-41.690598328108464
108.25	-55.90146709688406
108.26	-54.9301767452286
108.27	-57.949992764842726
108.28	-53.19847434156052
108.29	-43.74919788139805
108.3	-51.670209859454104
108.31	-38.94751065592141
108.32000000000001	-30.544538235657694
108.33	-25.073532505993082
108.34	-19.121317306188228
108.35000000000001	-17.435417137301
108.36	-29.646392720446
108.37	-47.70450964871843
108.38	-53.926490927209876
108.39	-39.12909708627339
108.4	-39.098871056824905
108.41	-52.29770188279103
108.42	-45.44975361500458
108.43	-38.12813358336261
108.44	-44.84259317931641
108.45	-39.47486825755635
108.46000000000001	-52.24167304242483
108.47	-59.289407619520226
108.48	-77.50402870156351
108.49000000000001	-65.41766425292408
108.5	-65.30405824287149
108.51	-56.724699117775785
108.52	-56.95928480923668
108.53	-62.437782941564976
108.54	-70.6829974403681
108.55	-68.22632960469357
108.56	-69.909769222113
108.57000000000001	-67.20752615099092
108.58	-55.4863024107321
108.59	-53.1771717586485
108.60000000000001	-43.93836729606068
108.61	-46.50612423041554
108.62	-56.87095250911577
108.63	-39.87655175430302
108.64	-33.30977915216603
108.65	-34.981182746441284
108.66	-30.74622939298724
108.67	-40.134418844149984
108.68	-51.114236259556165
108.69	-52.08855622094907
108.7	-52.16784796704303
108.71000000000001	-51.04732581503577
108.72	-61.25890774853355
108.73	-46.667372944772275
108.74000000000001	-40.115012818903786
108.75	-54.11991225527225
108.76	-45.15255570275681
108.77	-40.098304921087184
108.78	-35.596643616736515
108.79	-27.16352655764616
108.8	-32.35256454651915
108.81	-29.55165802037964
108.82000000000001	-45.5449432716674
108.83	-45.46712158138583
108.84	-32.03622043902881
108.85000000000001	-41.93607451423236
108.86	-43.17621148897674
108.87	-46.06341879652934
108.88	-53.05797574435719
108.89	-51.15235243848968
108.9	-44.683254981548444
108.91	-39.00367161029824
108.92	-53.7930359046834
108.93	-59.12734164604305
108.94	-45.505176109600235
108.95	-46.45571138881566
108.96000000000001	-34.433109186446345
108.97	-26.306542038557136
108.98	-42.1534182015238
108.99000000000001	-45.58782624155391
109.0	-48.86026569511799
109.01	-49.272688329531455
109.02	-45.39980412396889
109.03	-42.27771293865416
109.04	-34.96115373218412
109.05	-40.665325473415585
109.06	-43.299336206825686
109.07000000000001	-43.92720582389903
109.08	-45.04620323027799
109.09	-60.008998270674056
109.10000000000001	-52.645035464736935
109.11	-49.19413907892326
109.12	-51.79996729203096
109.13	-60.41343238666474
109.14	-53.768889532348766
109.15	-54.929772084750006
109.16	-51.5486102523759
109.17	-45.12481612012487
109.18	-40.367263630274195
109.19	-46.96915021072466
109.2	-39.17997028246408
109.21000000000001	-30.25157224003003
109.22	-26.791976564217794
109.23	-43.20831453072559
109.24000000000001	-50.448188995528085
109.25	-55.88390956909319
109.26	-42.14001533826619
109.27	-52.95671752271201
109.28	-35.96100834393178
109.29	-38.06416938107925
109.3	-39.72057759322877
109.31	-48.43210894266989
109.32000000000001	-48.687923407260904
109.33	-51.04533716550405
109.34	-45.515483287036396
109.35000000000001	-32.08949837215523
109.36	-44.46176505248969
109.37	-47.17101218854856
109.38	-48.170391423005604
109.39	-53.20196879890179
109.4	-46.76877746433694
109.41	-51.84324225603052
109.42	-55.55511311412398
109.43	-50.36913580548392
109.44	-64.57962026817803
109.45	-52.21723575413881
109.46000000000001	-45.03181204641202
109.47	-43.05599036743588
109.48	-45.813741659315326
109.49000000000001	-52.3863570485475
109.5	-45.68100894988494
109.51	-42.67691454742918
109.52	-39.8987915598846
109.53	-35.03680009754436
109.54	-41.26214171044088
109.55	-43.7606264784332
109.56	-54.42080684877278
109.57000000000001	-57.98307506671405
109.58	-60.66856128402641
109.59	-52.01036235042394
109.60000000000001	-44.941328279749285
109.61	-42.2358682903579
109.62	-40.36473314206916
109.63	-46.71694174579297
109.64	-46.11768152324645
109.65	-30.484931269205774
109.66	-36.58242046529895
109.67	-36.43491243201137
109.68	-41.86548709692068
109.69	-43.123761949658146
109.7	-37.52599730724696
109.71000000000001	-42.76904001465932
109.72	-51.26024826955068
109.73	-63.291895309966
109.74000000000001	-55.46313121423183
109.75	-52.70768611122127
109.76	-53.414076118362225
109.77	-54.12439564045693
109.78	-47.47334636024757
109.79	-38.44584543417945
109.8	-35.08783894966211
109.81	-55.797574648208986
109.82000000000001	-43.60164995887109
109.83	-39.219524184480626
109.84	-42.96144190434547
109.85000000000001	-45.60144741509795
109.86	-41.87553668797606
109.87	-46.83616715194322
109.88	-58.13078116713599
109.89	-48.97750586015955
109.9	-33.31984579549823
109.91	-37.102926430684
109.92	-43.9216903145108
109.93	-39.2638235519448
109.94	-40.53049696634994
109.95	-36.5363532819634
109.96000000000001	-39.57215106436268
109.97	-40.557266130629934
109.98	-34.170983360045085
109.99000000000001	-11.732821241824633
110.0	-32.622526826182664
110.01	-32.61542041403187
110.02	-30.270992337612896
110.03	-42.53108927362424
110.04	-55.892587619738
110.05	-45.84026214206692
110.06	-43.25404465153913
110.07000000000001	-42.6955872225194
110.08	-48.60650726312676
110.09	-52.17316231055086
110.10000000000001	-45.7834997078446
110.11	-44.73212592271488
110.12	-58.446631417413705
110.13	-52.590979479613075
110.14	-35.62898453222411
110.15	-35.70237499776015
110.16	-38.56601514169521
110.17	-31.673790629826055
