0.0	19.333313320921366
0.01	24.413966983793426
0.02	21.43920622860244
0.03	17.111854279662737
0.04	14.025309896408059
0.05	11.8661945797711
0.06	9.159009521015594
0.07	11.879567127765144
0.08	13.504147468729746
0.09	15.447181620485575
0.1	13.896310180062732
0.11	11.213599965290522
0.12	11.71974920193749
0.13	12.08995214414627
0.14	16.883462107318483
0.15	22.879950860081138
0.16	23.443995202154305
0.17	19.133361132364247
0.18	25.857718970455533
0.19	24.825041810308694
0.2	29.837512694710448
0.21	24.592312488728286
0.22	20.28077472402289
0.23	16.23150968829699
0.24	14.17202848537213
0.25	19.305839499129444
0.26	16.202523320937694
0.27	21.200751711640528
0.28	18.116322996694628
0.29	20.865460866691535
0.3	23.207199130860772
0.31	22.96210588369388
0.32	20.610923367750488
0.33	19.108427930926933
0.34	22.100671435717352
0.35000000000000003	24.24819798279567
0.36	21.30636905604542
0.37	23.50581676911689
0.38	24.25992684437953
0.39	21.18210758714189
0.4	17.251436645506622
0.41000000000000003	18.554315115297523
0.42	20.457523112958402
0.43	16.21958656282728
0.44	12.80316840386309
0.45	10.826449867702333
0.46	19.01112363571087
0.47000000000000003	17.142430681014208
0.48	13.894351738503772
0.49	15.992698060989508
0.5	18.01646638469083
0.51	21.304795252215
0.52	19.800016488131337
0.53	26.334629196820007
0.54	21.73742566682504
0.55	25.901344277569624
0.56	25.962601860732928
0.5700000000000001	23.466018878062556
0.58	19.864656132917133
0.59	22.349326786480805
0.6	17.560714695391177
0.61	14.529795112807516
0.62	11.579882193733948
0.63	13.303453629491596
0.64	10.05473408322484
0.65	10.892483612780866
0.66	12.10492438658719
0.67	11.333752449256663
0.68	17.657932759237955
0.6900000000000001	18.156886849024637
0.7000000000000001	19.493900361628413
0.71	22.097209699320917
0.72	22.975106179251135
0.73	22.808072921113236
0.74	24.944573345163917
0.75	25.527660564821108
0.76	20.533477903171953
0.77	15.712146011660666
0.78	14.401602891700346
0.79	12.685071080116613
0.8	9.233963045698863
0.81	10.360511881497924
0.8200000000000001	28.665088760317808
0.8300000000000001	33.60311940776613
0.84	30.72612222833379
0.85	25.878640621323306
0.86	21.278438516991457
0.87	21.652559196500412
0.88	29.496100807241593
0.89	26.342531740939314
0.9	27.383794024178304
0.91	26.196780631296193
0.92	24.833411430024185
0.93	21.6696080445018
0.9400000000000001	19.245034635600486
0.9500000000000001	18.97033884639509
0.96	25.0944370170063
0.97	29.276735043591227
0.98	32.45247753356795
0.99	29.907373469174438
1.0	24.997044638692074
1.01	22.117785324989445
1.02	25.914844047897628
1.03	25.590394493068295
1.04	25.030219959595442
1.05	27.876554853912705
1.06	34.607955266178834
1.07	32.68260441837388
1.08	29.36590438498563
1.09	30.786106131910348
1.1	29.53176739822126
1.11	29.267536321455978
1.12	34.500873298390346
1.1300000000000001	29.296449385395775
1.1400000000000001	27.834828563106413
1.1500000000000001	26.591191524834375
1.16	34.21217939300071
1.17	33.212424561980114
1.18	26.427543496135307
1.19	20.85226855164178
1.2	18.260855180299522
1.21	16.0143482169856
1.22	19.473220043146842
1.23	22.248054884233554
1.24	19.95342768578156
1.25	24.022257867573312
1.26	23.95685246638139
1.27	22.753879289941413
1.28	28.357427657431366
1.29	28.02040735287327
1.3	26.98282207486136
1.31	26.397516199678478
1.32	23.960685588065395
1.33	21.422886627596423
1.34	18.40217929512425
1.35	18.643662597680134
1.36	16.03262424348036
1.37	22.293515209920788
1.3800000000000001	24.99298182505527
1.3900000000000001	24.366189991230666
1.4000000000000001	24.70836357167805
1.41	21.145745395902583
1.42	18.35750810507373
1.43	17.438014670375445
1.44	15.086712049163296
1.45	12.718814161347563
1.46	9.235774597400779
1.47	4.91006832591505
1.48	5.622701081928452
1.49	7.177730131575365
1.5	6.742955767827743
1.51	13.265492410512485
1.52	19.35958894591088
1.53	20.16979323671158
1.54	21.25777718368027
1.55	26.04435291936437
1.56	22.546913356937136
1.57	27.747486193054172
1.58	24.415496225905706
1.59	23.81214908687911
1.6	23.4455005287659
1.61	27.655343458719145
1.62	24.20151522711165
1.6300000000000001	23.000071352145394
1.6400000000000001	19.753909028529662
1.6500000000000001	21.307310655711746
1.6600000000000001	17.92223635605997
1.67	18.668311753286453
1.68	17.99665433920495
1.69	18.43878132671835
1.7	15.9547028152961
1.71	13.404258498680795
1.72	15.753959536619993
1.73	12.226927043306159
1.74	11.20116082049197
1.75	14.414270617855925
1.76	13.721965031159748
1.77	20.927526707749553
1.78	27.995733712168022
1.79	27.319953502627143
1.8	28.721283350870184
1.81	36.64606389308105
1.82	32.5334945477376
1.83	25.954998629558037
1.84	21.191249796556438
1.85	19.180175130738274
1.86	20.373780129887102
1.87	17.635023877387493
1.8800000000000001	19.43525151249271
1.8900000000000001	18.337153487743873
1.9000000000000001	20.016560622049653
1.9100000000000001	28.22808151371033
1.92	27.894041015058278
1.93	25.88073740712545
1.94	33.25284618305211
1.95	28.22669291391601
1.96	31.662493256995386
1.97	28.101828820380103
1.98	26.983814150232668
1.99	38.28916765792359
2.0	31.88751032333761
2.0100000000000002	26.627819005916827
2.02	24.9918768906472
2.0300000000000002	25.813659415237304
2.04	28.68603119787894
2.05	25.86468102572935
2.06	29.143666407775477
2.07	30.693939435732073
2.08	24.85019818877832
2.09	24.681884810773838
2.1	31.03929080002508
2.11	28.749944168877708
2.12	30.742446319000912
2.13	31.189590912002775
2.14	25.833547499508203
2.15	22.097236173114563
2.16	21.863219278588904
2.17	26.379077950192542
2.18	28.777391454451223
2.19	23.46995226878226
2.2	24.56403913964777
2.21	29.59056371647158
2.22	28.01151814610729
2.23	26.40864404986652
2.24	20.410981689118042
2.25	16.83736796955532
2.2600000000000002	17.097913050483992
2.27	26.49077915636361
2.2800000000000002	24.46204481612554
2.29	20.93846286418481
2.3000000000000003	26.99943842438725
2.31	29.62243686263557
2.32	29.240215660016226
2.33	28.5815985000018
2.34	25.17603585045868
2.35	20.583896321578845
2.36	16.851870344749774
2.37	15.80395535905402
2.38	25.136277072088173
2.39	25.453134515823518
2.4	25.373266248852403
2.41	23.604539033007537
2.42	24.4300365949336
2.43	21.488727224282954
2.44	19.868640395456982
2.45	22.22280612463561
2.46	18.858612860958857
2.47	24.42617515125015
2.48	24.61802032800138
2.49	24.623007340188416
2.5	23.600152315183948
2.5100000000000002	26.350434085366043
2.52	22.647492730460264
2.5300000000000002	24.5579473541005
2.54	30.371903086128025
2.5500000000000003	27.642309751139788
2.56	28.62572888882141
2.57	22.747374474622433
2.58	21.744442908010193
2.59	23.91483702922016
2.6	21.07015605321285
2.61	16.93028080417986
2.62	14.550510965953446
2.63	19.838877818829626
2.64	20.271178501964062
2.65	20.56304737859479
2.66	27.32651956672319
2.67	34.398210660099664
2.68	28.65099296067067
2.69	26.97126399180624
2.7	26.369028949866305
2.71	23.115509999415643
2.72	21.38004367027157
2.73	17.544987575904585
2.74	14.381590994195303
2.75	13.574738917021584
2.7600000000000002	14.618531007341296
2.77	16.147821633491777
2.7800000000000002	16.166471738262576
2.79	14.964464684920257
2.8000000000000003	14.70051621335626
2.81	12.538169936876734
2.82	13.960893555991728
2.83	14.267105265671681
2.84	13.573988020597561
2.85	15.756850111991218
2.86	20.757541678975464
2.87	26.492361962837403
2.88	31.47193932731787
2.89	27.002305273388245
2.9	22.268739060382085
2.91	18.19797376577284
2.92	18.031739224393085
2.93	15.916898694657426
2.94	14.67358614438472
2.95	17.765220636985767
2.96	17.104313649227343
2.97	21.7166427913102
2.98	20.22552689343046
2.99	16.82445656676874
3.0	21.05765458207316
3.0100000000000002	18.275685037487865
3.02	17.20385584879488
3.0300000000000002	16.241571553373664
3.04	13.565174157066727
3.0500000000000003	14.291074376549545
3.06	15.188403696656398
3.0700000000000003	15.838492988279045
3.08	15.348235183929933
3.09	22.513756432616102
3.1	21.124421199318856
3.11	20.438259153299224
3.12	31.525883998926172
3.13	25.778378830384987
3.14	24.1458510214623
3.15	21.66515364170861
3.16	21.47923474493553
3.17	27.894875396762774
3.18	25.500945269863312
3.19	27.640342858381672
3.2	29.88410174174649
3.21	28.440944858364567
3.22	26.879040644854594
3.23	27.099503215382807
3.24	23.649269166396298
3.25	28.857332759213207
3.2600000000000002	27.455213799192286
3.27	32.44058227420326
3.2800000000000002	27.74602558868615
3.29	23.429107137148414
3.3000000000000003	27.646176977098147
3.31	26.168556996245837
3.3200000000000003	25.6216813182467
3.33	29.515012282598935
3.34	30.92361004000722
3.35	28.33662498976897
3.36	27.063114424854394
3.37	22.33161503543651
3.38	22.521955433968984
3.39	34.88838406214453
3.4	29.0668681942976
3.41	29.728970020482567
3.42	23.4755264128176
3.43	22.033448189485046
3.44	19.64446065874263
3.45	17.53900724226222
3.46	26.10972894244989
3.47	27.75518817260334
3.48	21.88841428320344
3.49	22.73312097559365
3.5	34.18513705341502
3.5100000000000002	30.30376134461316
3.52	27.140087241535205
3.5300000000000002	24.593604792790813
3.54	26.772293657527076
3.5500000000000003	30.782084307652124
3.56	34.58843568447608
3.5700000000000003	28.253783688723157
3.58	28.001553656681374
3.59	36.83754942303117
3.6	34.67858906773124
3.61	34.24459312128533
3.62	32.27237568264498
3.63	36.96100705155696
3.64	35.11541850545139
3.65	31.291828418881586
3.66	30.317659138317854
3.67	26.744692609331292
3.68	21.73757805244357
3.69	21.09795250150711
3.7	21.839151493133958
3.71	18.017576840575984
3.72	23.011219454897734
3.73	23.45794242496541
3.74	21.647302616934173
3.75	17.20661325746762
3.7600000000000002	13.905346250301696
3.77	10.569177914223795
3.7800000000000002	8.015859518196715
3.79	6.080999660286031
3.8000000000000003	6.1142063477859505
3.81	5.5823051830497015
3.8200000000000003	3.0494367354374483
3.83	3.006010527558177
3.84	-1.5256668892627367
3.85	1.5054300654924246
3.86	2.0201257460960673
3.87	5.600992365985382
3.88	3.7738443648876863
3.89	6.33523349007404
3.9	10.997494703173302
3.91	11.109330164539145
3.92	9.675986665959472
3.93	10.517715394296822
3.94	10.732428684439709
3.95	10.541397851276795
3.96	11.589731891187732
3.97	17.288437779276546
3.98	15.387902718416138
3.99	15.164569973671634
4.0	18.977986870395956
4.01	20.06740131075177
4.0200000000000005	27.07883079227456
4.03	24.19607817946539
4.04	26.56936115100131
4.05	24.163425042647297
4.0600000000000005	25.956739669051295
4.07	30.611378343487374
4.08	28.535418913016382
4.09	22.98878717871051
4.1	22.435271733090698
4.11	18.444382779872413
4.12	17.779000425874553
4.13	14.2939100406656
4.14	10.808819655456645
4.15	9.192084603595864
4.16	7.803466181328666
4.17	7.529987477228023
4.18	9.832912326865644
4.19	10.330937201644067
4.2	10.848341032332433
4.21	8.477432359636898
4.22	7.511576734608983
4.23	6.731153944516798
4.24	6.464057024339572
4.25	8.548953280114068
4.26	13.904326819181161
4.2700000000000005	27.33911539545563
4.28	26.77399816492661
4.29	25.71359883083735
4.3	23.241887570525957
4.3100000000000005	22.39485504510541
4.32	31.400757659018787
4.33	32.53246890231516
4.34	36.84820814047351
4.3500000000000005	31.574928725340406
4.36	25.24016554955267
4.37	22.559138827859584
4.38	20.206615089348844
4.39	17.915150806915825
4.4	16.59821295063138
4.41	23.94941632580956
4.42	22.909548047728904
4.43	29.009880974040254
4.44	26.232026841402426
4.45	20.931339307557103
4.46	23.207638886919053
4.47	21.289312754920424
4.48	19.630078435104057
4.49	19.041792762961705
4.5	22.73441611893072
4.51	22.137455833110124
4.5200000000000005	19.872464942881756
4.53	23.615893651224606
4.54	24.68958122639771
4.55	29.222526641181986
4.5600000000000005	25.3051073990225
4.57	24.913531465150303
4.58	22.591854392864395
4.59	23.94917558514813
4.6000000000000005	23.102101099993106
4.61	25.540613770956973
4.62	22.90162981818183
4.63	23.776877955671196
4.64	31.694290583641816
4.65	29.979715954798873
4.66	23.382362876064736
4.67	21.204214552170978
4.68	18.601263847887168
4.69	16.93464235338077
4.7	19.91322876332545
4.71	20.562651994990016
4.72	17.586280506059133
4.73	16.27831730618069
4.74	21.12247696123293
4.75	22.762478796278284
4.76	28.649068056215665
4.7700000000000005	25.164557925517496
4.78	26.655455523825346
4.79	27.59408617449034
4.8	21.42715438406365
4.8100000000000005	19.030617210247048
4.82	24.619172309562412
4.83	22.36932967069513
4.84	25.462691034972202
4.8500000000000005	24.203045057781875
4.86	25.405555951711023
4.87	29.746189005509326
4.88	30.29650826537585
4.89	30.18317677720857
4.9	28.820677590058324
4.91	25.992875483301518
4.92	22.33821624356551
4.93	24.04508060055396
4.94	19.684156707956827
4.95	19.605747591304738
4.96	19.965890675922743
4.97	18.94710299687791
4.98	19.365094659072774
4.99	18.80199961444717
5.0	20.341345245375773
5.01	15.732055557468003
5.0200000000000005	12.674487930938175
5.03	20.58186794474095
5.04	20.819068072773405
5.05	23.447819473807762
5.0600000000000005	24.401771070832886
5.07	25.281515348973205
5.08	26.7380882607491
5.09	21.34926407546744
5.1000000000000005	18.864696755486975
5.11	17.186458294882737
5.12	22.21695642237984
5.13	17.99369340624857
5.14	20.436788007087184
5.15	18.588321808538893
5.16	19.7416637113342
5.17	23.857435528471008
5.18	21.731357293614348
5.19	22.75683895500288
5.2	27.032813594182734
5.21	28.397835364731908
5.22	33.61842438110025
5.23	31.23992187629076
5.24	28.325082692093684
5.25	25.371917626311916
5.26	36.529651327529805
5.2700000000000005	37.9088546546259
5.28	31.863381125270074
5.29	30.038944943827275
5.3	27.408322116619345
5.3100000000000005	32.325268878539305
5.32	26.1760312166007
5.33	23.44037067665172
5.34	22.911496824294595
5.3500000000000005	24.380592864362523
5.36	19.425650596112117
5.37	17.22598196570732
5.38	16.135120912665954
5.39	20.734139740160458
5.4	20.015140452262308
5.41	19.373541977323136
5.42	19.389924651268093
5.43	16.57073203214821
5.44	13.861802971937026
5.45	15.043395793282048
5.46	16.382845752331537
5.47	18.944481778381583
5.48	20.356510933659603
5.49	18.534606904210335
5.5	16.76285940205182
5.51	14.29435386008324
5.5200000000000005	12.801283657748774
5.53	14.0503462927983
5.54	22.53476728648228
5.55	27.024271757942856
5.5600000000000005	22.060256124832772
5.57	17.096240491723123
5.58	12.449064740610025
5.59	9.180622172467165
5.6000000000000005	5.912179604324015
5.61	2.8383000553233177
5.62	5.5410526695799245
5.63	7.984680740594984
5.64	3.7522337283822362
5.65	1.273878203914691
5.66	3.0695031556726535
5.67	11.404899477799681
5.68	8.715687162022691
5.69	11.31904054233021
5.7	9.202133091119189
5.71	9.944407678157663
5.72	11.550741495891408
5.73	13.790827515300611
5.74	14.080513226878637
5.75	14.498969302669243
5.76	22.926095415686326
5.7700000000000005	23.453205649607032
5.78	24.08826673463244
5.79	22.90544820587881
5.8	23.449330432030003
5.8100000000000005	22.61839133627167
5.82	22.36168970739646
5.83	19.31807688065935
5.84	24.27229182214196
5.8500000000000005	20.13267393278295
5.86	16.298136884923895
5.87	15.163427774247754
5.88	12.622151070180267
5.89	14.321932538412819
5.9	11.881820874855897
5.91	11.327181679504582
5.92	10.63886892496653
5.93	9.461683284703998
5.94	19.355525884706395
5.95	19.56133176750608
5.96	26.374250370385866
5.97	20.736319953076062
5.98	17.462380193838122
5.99	15.980880122952918
6.0	13.315816781207856
6.01	13.057691274249287
6.0200000000000005	17.673606058167014
6.03	16.793290518518265
6.04	18.980026449854382
6.05	16.017468041756253
6.0600000000000005	19.20960599602167
6.07	24.19954888847184
6.08	22.12318057620067
6.09	26.346807500366136
6.1000000000000005	29.52720183997589
6.11	28.026092103524
6.12	29.456977459879113
6.13	27.209174710041825
6.140000000000001	26.687047631799032
6.15	26.049675440021687
6.16	26.66286760918347
6.17	25.8875394722453
6.18	26.294933875713323
6.19	20.91377848699054
6.2	20.25894900646607
6.21	20.73416339498295
6.22	21.08807193777249
6.23	18.711470232645045
6.24	17.769765375943976
6.25	20.615252920505522
6.26	17.41049015963712
6.2700000000000005	24.102884808297276
6.28	20.997697848507293
6.29	22.58941964285806
6.3	20.308831883622354
6.3100000000000005	17.65843602822596
6.32	19.34776604593407
6.33	26.48134252939774
6.34	23.5018692753493
6.3500000000000005	21.29217377265778
6.36	17.906621933187438
6.37	17.06050543732207
6.38	14.43597676023888
6.390000000000001	15.368454970491921
6.4	15.158749572351914
6.41	14.582946712807608
6.42	14.177185455214087
6.43	14.740149938976112
6.44	17.086363500907645
6.45	28.65616864467427
6.46	32.85069248276478
6.47	33.682335913368114
6.48	29.004625466330697
6.49	26.391399061739506
6.5	22.908398025037496
6.51	21.326541153608357
6.5200000000000005	23.4655926262286
6.53	18.401321705791087
6.54	19.48132121351092
6.55	20.809854199245425
6.5600000000000005	19.207827846815896
6.57	19.110575374885162
6.58	18.422232663638916
6.59	15.944096055107934
6.6000000000000005	14.13479580210609
6.61	15.429109128874748
6.62	12.633872116331032
6.63	11.42968553803533
6.640000000000001	10.815765126648031
6.65	21.59208394589505
6.66	21.984403976600298
6.67	18.331907751257837
6.68	23.521264384730507
6.69	18.345665751489072
6.7	15.32848863249956
6.71	21.783089219601184
6.72	24.01618255641072
6.73	21.837962259920914
6.74	16.56710416161424
6.75	15.71883558214058
6.76	14.654951829792784
6.7700000000000005	18.161178949451823
6.78	26.592861392314383
6.79	31.22301839966649
6.8	26.964219838190374
6.8100000000000005	25.032177835677366
6.82	20.403632854504387
6.83	18.59555274360307
6.84	21.284725319998806
6.8500000000000005	19.956919153856113
6.86	23.460277792482938
6.87	21.401109347967537
6.88	26.624065812385588
6.890000000000001	21.493706931521853
6.9	17.881612016472264
6.91	15.070296175613755
6.92	15.708604860999088
6.93	18.344140565406114
6.94	21.853065969431313
6.95	23.328439298653606
6.96	35.945119727445714
6.97	33.87067379487863
6.98	27.09586607925757
6.99	20.511445466889924
7.0	18.839934305875836
7.01	17.16842314486176
7.0200000000000005	19.54078321154922
7.03	23.160864784727572
7.04	19.161204308220228
7.05	15.550489371205504
7.0600000000000005	12.495154668372152
7.07	11.251427875641044
7.08	19.80975330538932
7.09	21.88950288286274
7.1000000000000005	17.612252294201667
7.11	21.636154983348447
7.12	17.887711983493464
7.13	29.33685338389925
7.140000000000001	35.38062421577184
7.15	29.546464568743723
7.16	27.344079926959687
7.17	22.4937031626851
7.18	19.80593451934376
7.19	20.573419243359208
7.2	22.620712770240427
7.21	21.986901172202128
7.22	25.970165891928445
7.23	20.623525105327417
7.24	21.362667151863636
7.25	20.498698525844922
7.26	20.826056956379723
7.2700000000000005	26.039908936954436
7.28	26.826589822186754
7.29	26.672584282157697
7.3	25.658722640216318
7.3100000000000005	22.592270106270487
7.32	24.67305585997925
7.33	27.777080746218434
7.34	21.686801369556544
7.3500000000000005	17.97678655187445
7.36	19.607401399350298
7.37	17.28549029795003
7.38	23.114866837155272
7.390000000000001	24.797178450747957
7.4	20.411547910568192
7.41	19.656033828444635
7.42	19.485498683621213
7.43	19.442912044324753
7.44	17.256528377875316
7.45	18.774526530779866
7.46	21.604222511615653
7.47	28.990945208567446
7.48	23.720590157107853
7.49	20.16046867815651
7.5	18.380308800125487
7.51	19.152359107657556
7.5200000000000005	21.16922599520663
7.53	22.499424668009343
7.54	26.52684185815698
7.55	27.235594950717744
7.5600000000000005	24.719972301369484
7.57	23.839867184112926
7.58	21.447170862990966
7.59	20.80196819163368
7.6000000000000005	21.29923325607076
7.61	18.838116993494392
7.62	16.514049847130384
7.63	22.23344576518265
7.640000000000001	18.705083191898865
7.65	21.149276047570563
7.66	24.156902305966952
7.67	18.85396379480118
7.68	16.04031640066111
7.69	16.0918836320799
7.7	19.310526980012654
7.71	18.92542798957512
7.72	15.421359349520806
7.73	12.930057905840966
7.74	11.256954444913891
7.75	10.54898897839644
7.76	9.234912170403172
7.7700000000000005	9.500859382921396
7.78	8.130387427599134
7.79	10.490257099022216
7.8	10.031516427845151
7.8100000000000005	9.162894052778606
7.82	6.24149168416189
7.83	5.254180622443354
7.84	8.801770271978127
7.8500000000000005	21.77489985217693
7.86	21.774635619361728
7.87	25.984795717664944
7.88	29.1489817930228
7.890000000000001	37.97252365008883
7.9	36.378758369147256
7.91	29.270636568375295
7.92	32.23915739661104
7.930000000000001	26.105207204739802
7.94	23.537732077808943
7.95	22.01342259235636
7.96	25.34661577898291
7.97	27.431684706950595
7.98	28.49970031368397
7.99	31.46018812587609
8.0	26.961049281593837
8.01	22.819626502052053
8.02	22.469721300347025
8.03	24.956602839228722
8.040000000000001	24.693961335615313
8.05	23.954647333381548
8.06	21.31535433986333
8.07	19.295048578934065
8.08	18.147094802911546
8.09	19.47604100956382
8.1	18.01915410437498
8.11	21.440172860005664
8.120000000000001	23.67384028949139
8.13	21.401058308640778
8.14	18.766322933013008
8.15	15.11068352520275
8.16	17.163433436920286
8.17	18.188852507210576
8.18	18.66243126628513
8.19	28.031172455939256
8.2	25.33559700716556
8.21	28.820791957514004
8.22	24.83199905714145
8.23	21.187429056651542
8.24	22.09226938630011
8.25	20.48834171489736
8.26	24.224782737933747
8.27	23.74850123026273
8.28	28.644987775304603
8.290000000000001	24.469657807344525
8.3	23.689529449395756
8.31	28.25736460033105
8.32	26.25547789469092
8.33	23.54894755422244
8.34	29.338278546660497
8.35	24.93655169753621
8.36	26.941805178169567
8.370000000000001	29.954827039014507
8.38	29.580471583949873
8.39	26.360293337481735
8.4	31.145415512582538
8.41	28.334677057359748
8.42	29.69957411280692
8.43	24.205956274163263
8.44	31.135621956164915
8.45	24.788318862630362
8.46	22.328564459887936
8.47	27.714706410630747
8.48	26.87607111305121
8.49	25.56673246358084
8.5	26.114499369019246
8.51	22.462139976838568
8.52	22.463587612701417
8.53	20.09492494574786
8.540000000000001	19.8231745084519
8.55	19.354618160756456
8.56	18.44393924697028
8.57	24.800389984095926
8.58	20.284277086101255
8.59	18.39760774706907
8.6	15.17927544524854
8.61	15.866380387374722
8.620000000000001	16.499882695209706
8.63	22.86783132074325
8.64	22.498691541591423
8.65	24.762211802725098
8.66	26.157191950412123
8.67	24.324235786953075
8.68	19.233113662218766
8.69	15.70475839230823
8.700000000000001	14.842138057349429
8.71	21.80440675743461
8.72	17.547899798948592
8.73	18.74353362706529
8.74	23.197069485156533
8.75	20.521787748649775
8.76	19.28620842256834
8.77	16.10524193035636
8.78	16.203734131760378
8.790000000000001	16.074435236026982
8.8	15.513684939694878
8.81	18.672152965099038
8.82	20.576693941579894
8.83	19.745883235565493
8.84	19.683337848277517
8.85	22.772099403786143
8.86	19.149222973279365
8.870000000000001	19.835828999064407
8.88	17.804189825329832
8.89	27.21467670564848
8.9	24.625707382750846
8.91	19.640787844186136
8.92	16.425624042397118
8.93	18.65919840154419
8.94	14.384807042288873
8.950000000000001	12.17407589909539
8.96	17.606204655156983
8.97	22.841621800818018
8.98	20.78378896416493
8.99	19.654874782738364
9.0	20.196520227011106
9.01	21.829639682759144
9.02	20.144672476869072
9.03	21.271718337213553
9.040000000000001	16.32880674326134
9.05	12.948619104771879
9.06	16.378598289193313
9.07	21.66969007767304
9.08	28.170727764133613
9.09	28.906227694743787
9.1	26.1425502323727
9.11	20.418384673286326
9.120000000000001	19.104910368375403
9.13	15.221876382173265
9.14	13.60320208379339
9.15	14.981343823177886
9.16	16.40893962774708
9.17	24.62967168787903
9.18	22.58430897247662
9.19	28.446003589525436
9.200000000000001	28.816331440512304
9.21	28.481065567366105
9.22	26.375894502008236
9.23	22.281459149936662
9.24	19.764456733898857
9.25	22.72941867770384
9.26	20.88798293709383
9.27	21.252110804711197
9.28	26.684600065166354
9.290000000000001	25.238672724262745
9.3	19.588321754631217
9.31	16.475349516583716
9.32	19.036165318619908
9.33	19.534840837851203
9.34	20.41577033339579
9.35	16.38500744571069
9.36	15.449178600622437
9.370000000000001	20.43311200083972
9.38	18.498865290278054
9.39	20.37616079428479
9.4	22.55652508545828
9.41	18.18083170266001
9.42	15.831955625414482
9.43	17.271677663336554
9.44	22.141247923904512
9.450000000000001	18.790843051477214
9.46	21.2840103501499
9.47	25.261901872152432
9.48	25.007322768181268
9.49	22.73877042200168
9.5	24.01566766750702
9.51	18.712178196113808
9.52	15.480644449146704
9.53	14.71820128732326
9.540000000000001	15.079953212434575
9.55	17.724952257741695
9.56	18.65287663577868
9.57	20.850493231119735
9.58	29.798566248133604
9.59	28.001222704818947
9.6	26.752707850357368
9.61	23.830705016504304
9.620000000000001	21.351681464188164
9.63	22.60626877761728
9.64	21.313868746652503
9.65	28.50795965996903
9.66	24.297314657036832
9.67	23.700016991783894
9.68	22.81867179375085
9.69	25.445776123651438
9.700000000000001	26.391008024145908
9.71	30.955180563980342
9.72	28.406997734270373
9.73	31.17022589801084
9.74	39.524007215693445
9.75	33.952287453849806
9.76	28.2062428850398
9.77	33.23462070021646
9.78	30.158017990384884
9.790000000000001	32.31098854338687
9.8	32.84969371704969
9.81	27.722189125209134
9.82	29.885140920428803
9.83	25.660000813091802
9.84	26.65207880950386
9.85	22.903948586912776
9.86	22.015352484556168
9.870000000000001	32.621876564191915
9.88	26.855306686257848
9.89	21.626774251534044
9.9	25.7539981037001
9.91	23.460697231387858
9.92	20.549874829466212
9.93	23.881049596624887
9.94	19.45514646513363
9.950000000000001	18.995703203143577
9.96	15.430439542718245
9.97	19.531597481255154
9.98	22.129356698882898
9.99	26.152914879373107
10.0	28.165268027814093
10.01	25.80984724153471
10.02	31.22986332463553
10.03	29.131530694310726
10.040000000000001	28.68815520114094
10.05	30.675942489640306
10.06	23.880339607612022
10.07	19.711035642802432
10.08	21.683485807955776
10.09	19.233950680933976
10.1	21.929758204629437
10.11	20.915271624170696
10.120000000000001	18.393349633914493
10.13	15.041923085656572
10.14	13.405327589759205
10.15	13.274101607117112
10.16	14.53619952035155
10.17	18.115889316514853
10.18	19.090133282910728
10.19	17.740819272972
10.200000000000001	32.60753788690461
10.21	30.061933040361975
10.22	26.708325132962983
10.23	26.2193801701477
10.24	30.219027986814055
10.25	24.667209915680726
10.26	21.893519225121068
10.27	24.29355926293594
10.28	21.469157367600282
10.290000000000001	17.925256091795763
10.3	18.974295707183984
10.31	16.64903586609096
10.32	15.357745018759825
10.33	15.983858284999052
10.34	13.267903762614782
10.35	13.554386595208344
10.36	14.34494846149368
10.370000000000001	13.052640855461
10.38	13.636189437326815
10.39	23.877287223249606
10.4	19.274926425330918
10.41	15.803551434929835
10.42	13.960057736030475
10.43	29.283466985482274
10.44	26.39890456695302
10.450000000000001	23.71515649416833
10.46	21.780953411595046
10.47	18.49733854208841
10.48	21.286214255827762
10.49	30.90411775460979
10.5	26.22232917309393
10.51	26.52968570637666
10.52	25.173735451192428
10.53	25.331817441470665
10.540000000000001	28.04771543612509
10.55	29.072282616688867
10.56	30.00907548160306
10.57	23.636755531692934
10.58	20.337283840331082
10.59	20.26709566096924
10.6	22.245380728335064
10.61	25.42131240875453
10.620000000000001	22.554824142322666
10.63	22.587604259325087
10.64	25.22951745760411
10.65	20.32049169911619
10.66	16.208896354168253
10.67	25.744791663211895
10.68	24.33114604300655
10.69	29.07951940045465
10.700000000000001	30.68004889388059
10.71	25.59155871272528
10.72	22.365687325923666
10.73	20.983185732328828
10.74	20.03691996036515
10.75	18.855449217995265
10.76	18.792280920994816
10.77	16.85859868579703
10.78	18.068635536828108
10.790000000000001	15.585379003951033
10.8	13.99996741462239
10.81	13.878604085826387
10.82	17.545088025225848
10.83	17.98354216113123
10.84	20.15364193633803
10.85	22.16857258834911
10.86	17.4616280315915
10.870000000000001	13.805497560805561
10.88	15.955828649156903
10.89	20.608029717415437
10.9	26.10966949342022
10.91	33.51807511812899
10.92	43.54900877799036
10.93	37.90573984381094
10.94	36.0213263196687
10.950000000000001	29.99422336708345
10.96	28.786142038061456
10.97	26.55542872273566
10.98	21.400013025867512
10.99	22.878080090798328
11.0	20.326467771296116
11.01	19.066996348250278
11.02	16.761363802095943
11.03	17.240754400689625
11.040000000000001	23.60811733363724
11.05	22.373562412778707
11.06	22.64053198671268
11.07	19.522502463337865
11.08	23.42456700939236
11.09	22.062888896512256
11.1	18.232427535328167
11.11	16.916709059531094
11.120000000000001	18.341839062837423
11.13	18.931504362787752
11.14	19.218019633590565
11.15	21.299331640279885
11.16	17.807946233707682
11.17	20.005878865305338
11.18	20.597843487037593
11.19	17.646889028259903
11.200000000000001	20.930724616736466
11.21	21.36575398858269
11.22	23.085475288653175
11.23	21.433538370194093
11.24	20.209731463464305
11.25	23.59854947494456
11.26	21.582052523514136
11.27	19.691992743167678
11.28	20.03834336592028
11.290000000000001	18.66098852300281
11.3	16.970321009877335
11.31	24.740321250183044
11.32	24.477057848265087
11.33	22.022645744061748
11.34	18.10890134197521
11.35	17.78990779642243
11.36	16.558334149622386
11.370000000000001	21.07034737098553
11.38	23.277355499337254
11.39	24.843999226824657
11.4	22.914780170120704
11.41	22.68058970625039
11.42	25.380879515148255
11.43	19.686491760192744
11.44	17.805115474678967
11.450000000000001	15.718618545371346
11.46	15.897765964524284
11.47	22.108026050062275
11.48	30.156966760808658
11.49	25.755196930813607
11.5	21.646265249621624
11.51	19.447237165176567
11.52	17.598131851231408
11.53	18.113452426691172
11.540000000000001	15.941522217257482
11.55	21.372793519370834
11.56	22.21612156880927
11.57	29.746724058388715
11.58	31.41494133037222
11.59	27.59994777210167
11.6	21.71017904638163
11.61	21.16335865855716
11.620000000000001	21.889994681606346
11.63	21.043791077254934
11.64	28.45480292816217
11.65	28.897123723195556
11.66	23.56173957864992
11.67	19.518076991229997
11.68	26.157854029834585
11.69	23.938152403193108
11.700000000000001	23.201560685731387
11.71	20.798221690464246
11.72	25.995031635493994
11.73	29.152579954553428
11.74	23.080387300666672
11.75	18.15076179868945
11.76	14.642637842496073
11.77	12.147661410911093
11.78	17.23658985478644
11.790000000000001	14.150299660714117
11.8	11.07963440237747
11.81	11.25706199235181
11.82	28.98142573006087
11.83	29.123842634296523
11.84	23.448110400534954
11.85	27.72201961136332
11.86	25.187118051702583
11.870000000000001	23.174489793989434
11.88	23.94962490905848
11.89	27.480166103162894
11.9	33.140142283680795
11.91	33.61660277974613
11.92	26.26653782120973
11.93	23.631194567794417
11.94	23.925801496551703
11.950000000000001	24.08253989677849
11.96	19.720989297270368
11.97	19.707488598175395
11.98	22.489447180119946
11.99	27.307951011379046
12.0	25.21040709960947
12.01	23.070431575470195
12.02	25.97842111959363
12.030000000000001	20.783561291101215
12.040000000000001	19.478078056986078
12.05	17.679024750708916
12.06	18.79256907314424
12.07	18.275978827468556
12.08	17.489162049089458
12.09	22.888072539616775
12.1	20.393130892332017
12.11	22.646345192651903
12.120000000000001	20.79195374059784
12.13	20.10810571264631
12.14	22.665304292574287
12.15	21.2922028125343
12.16	23.75835230322709
12.17	19.69281417668987
12.18	24.178950554149072
12.19	20.79434755464362
12.200000000000001	19.36279712655319
12.21	18.523029225978366
12.22	15.33274911369619
12.23	18.79799821326376
12.24	17.37274044706986
12.25	16.58628021778325
12.26	17.419187957579798
12.27	22.922736090383207
12.280000000000001	27.812562284310964
12.290000000000001	30.51344204858469
12.3	27.04381547557433
12.31	22.995117839452135
12.32	20.35455748723908
12.33	20.68153684164645
12.34	29.200529701715727
12.35	29.109806040160446
12.36	33.20468563346589
12.370000000000001	26.28228020758424
12.38	28.69231806237424
12.39	30.919179111146413
12.4	31.065408340237248
12.41	25.30822884837673
12.42	21.03475211759997
12.43	17.89296157828806
12.44	19.294254939940263
12.450000000000001	20.2524352381721
12.46	17.150533683787113
12.47	15.579264323063716
12.48	17.18233740648657
12.49	20.43373923573734
12.5	21.54928783881031
12.51	26.10390886128945
12.52	26.928964692811086
12.530000000000001	25.786791959232318
12.540000000000001	26.973287886848794
12.55	26.874313875693037
12.56	26.982233812016084
12.57	21.050900626250954
12.58	18.940877491238354
12.59	26.462645153376783
12.6	23.434674601222437
12.61	24.91709339281198
12.620000000000001	27.852730879872663
12.63	25.0430590058004
12.64	24.362479185892266
12.65	22.617206821670578
12.66	17.827559871438734
12.67	19.700976454556276
12.68	28.263907403823993
12.69	27.01501447525077
12.700000000000001	38.52951637178159
12.71	30.171865197681402
12.72	24.223032375137
12.73	23.848708284082356
12.74	27.26463632852064
12.75	26.06068013593295
12.76	23.87158951107736
12.77	22.262040915797492
12.780000000000001	22.816092011324965
12.790000000000001	18.32400152281536
12.8	21.061124497323814
12.81	26.549819274429858
12.82	28.33604756736248
12.83	25.025089074448612
12.84	26.322957446219682
12.85	25.223863514115468
12.86	25.744171301164457
12.870000000000001	26.850186336373675
12.88	28.99760482284582
12.89	23.121206297286577
12.9	25.947510009088194
12.91	25.518948934510234
12.92	21.409815768584867
12.93	32.8645591156754
12.94	34.14793401104571
12.950000000000001	32.86285338619804
12.96	34.437574019814
12.97	29.14660831366962
12.98	27.023323709975415
12.99	27.240048411969084
13.0	21.93401320488967
13.01	17.796195978818343
13.02	17.973364304594515
13.030000000000001	22.4275096004463
13.040000000000001	26.06493031186542
13.05	23.875014989446775
13.06	32.343340333086005
13.07	37.64813168526144
13.08	36.245256317335716
13.09	34.70126937788225
13.1	32.58949284758803
13.11	34.43111798321247
13.120000000000001	35.15722019106391
13.13	30.35989734835691
13.14	29.935040026248377
13.15	27.54590989899176
13.16	21.484166607039043
13.17	21.00990038307184
13.18	17.246397368649394
13.19	18.18364717597284
13.200000000000001	20.011859644564897
13.21	21.50777157843543
13.22	17.352304356849306
13.23	16.366004514491166
13.24	20.68636157157172
13.25	21.766130777129096
13.26	27.114307751012998
13.27	21.374840757206236
13.280000000000001	20.85373503456456
13.290000000000001	19.70366681555551
13.3	21.61267531598902
13.31	18.668370384424318
13.32	29.942867409345578
13.33	32.31727067969511
13.34	25.359829122737473
13.35	21.74117646052633
13.36	22.855414169556834
13.370000000000001	24.684210237751962
13.38	26.471567334226282
13.39	21.61266998922872
13.4	19.539962998492975
13.41	16.288602982932552
13.42	14.070585020028131
13.43	22.052556983002248
13.44	20.067564931987604
13.450000000000001	19.56601115759304
13.46	15.44209322971464
13.47	14.55588651282089
13.48	19.68876775614164
13.49	24.776982614094685
13.5	23.533052768629414
13.51	23.860227606814036
13.52	23.301122203403843
13.530000000000001	20.849890767599433
13.540000000000001	20.72538212659727
13.55	23.068498139951416
13.56	23.05480012613687
13.57	20.77908893390342
13.58	21.943696264394166
13.59	25.121696047441297
13.6	29.71978897429952
13.61	23.28175115004301
13.620000000000001	21.744124060700457
13.63	25.917098387121825
13.64	24.34501904075345
13.65	23.50646494859075
13.66	29.03612764791498
13.67	26.11905787753128
13.68	21.916782878064282
13.69	18.3319546811855
13.700000000000001	21.025793024380285
13.71	17.821046686994247
13.72	15.26446961101801
13.73	15.856483053421474
13.74	25.93401237264152
13.75	22.91186953354516
13.76	19.945723402578977
13.77	20.13355576082172
13.780000000000001	15.708200172194728
13.790000000000001	15.691919209255675
13.8	15.804160739866786
13.81	13.524621441488549
13.82	11.761640979537768
13.83	9.206007348335941
13.84	10.199732004742675
13.85	12.17336302118352
13.86	17.66740401667516
13.870000000000001	17.909037270500555
13.88	16.626195858824186
13.89	14.479431207191121
13.9	13.586765716168356
13.91	13.76864299749097
13.92	12.248467803711206
13.93	13.307535211340602
13.94	14.617812120089603
13.950000000000001	14.069859083234666
13.96	27.352874337302072
13.97	27.296238237508582
13.98	33.16144612416361
13.99	31.882694966277665
14.0	26.84069030206967
14.01	25.05243697592009
14.02	20.635191481227256
14.030000000000001	17.339293942675276
14.040000000000001	15.969482201517968
14.05	12.57173769914976
14.06	10.390159031367823
14.07	9.15246646474705
14.08	16.651845070860738
14.09	26.50193003154889
14.1	23.680289327115208
14.11	19.99013430700392
14.120000000000001	19.08668993244305
14.13	20.77227147453965
14.14	27.275717152891666
14.15	21.397722181065543
14.16	17.754003429410822
14.17	15.133302707382569
14.18	15.323314240890317
14.19	13.214447738729048
14.200000000000001	16.027385852347646
14.21	15.48139423573606
14.22	13.261185439003302
14.23	17.54479853743566
14.24	16.662008732651696
14.25	19.508824352643174
14.26	17.11196332074187
14.27	15.13900673106687
14.280000000000001	13.571538454846975
14.290000000000001	10.066871084275284
14.3	7.770936280442633
14.31	10.074810102066591
14.32	11.84729017475474
14.33	17.74890007210748
14.34	14.100821417127772
14.35	13.862537004107768
14.36	26.05536491330255
14.370000000000001	28.5543437367746
14.38	30.678781974354436
14.39	27.5387546357593
14.4	29.627453439984915
14.41	26.99135589780439
14.42	27.708268292177934
14.43	34.55752366420257
14.44	34.53492143819102
14.450000000000001	27.404221939984716
14.46	28.807477559999445
14.47	32.08508565895829
14.48	41.827292699399116
14.49	33.63753037391679
14.5	28.056804100547694
14.51	29.806485328283117
14.52	28.22894272942145
14.530000000000001	30.167048211341896
14.540000000000001	32.396998734770655
14.55	26.445023019351293
14.56	22.718262123892874
14.57	22.749336115822395
14.58	18.396196283326628
14.59	20.873864435418195
14.6	19.242317202903
14.61	25.346097035312354
14.620000000000001	25.11744194908546
14.63	23.82481344267809
14.64	22.31996973145075
14.65	20.439217929699453
14.66	17.80476496192028
14.67	18.183534328172595
14.68	17.573480998801244
14.69	19.779025055115593
14.700000000000001	19.019153621383417
14.71	17.575137107561126
14.72	17.219170315155104
14.73	15.85831373701422
14.74	28.652149907690823
14.75	23.48815992458854
14.76	24.53374449234077
14.77	20.30385115833379
14.780000000000001	18.307540734548088
14.790000000000001	21.85667612342213
14.8	18.88518557531472
14.81	15.68069116149794
14.82	31.44061161750889
14.83	29.089937534532705
14.84	26.79670550044569
14.85	30.389158568009165
14.86	26.32597157805935
14.870000000000001	27.40765510905288
14.88	22.94247945128037
14.89	19.88335731342258
14.9	16.330132783992067
14.91	15.082241092151706
14.92	14.237796765549971
14.93	21.82662074482686
14.94	22.622574825124783
14.950000000000001	19.02416854033998
14.96	21.715408816520867
14.97	20.27612609440692
14.98	15.817595019099436
14.99	13.671463492373892
15.0	12.092017985512928
15.01	13.67200935510404
15.02	11.960140561042907
15.030000000000001	12.635110640457489
15.040000000000001	13.404013427794338
15.05	12.473253956334423
15.06	23.402711723208014
15.07	22.61727829821362
15.08	23.850574263016107
15.09	27.742498227603665
15.1	24.882069034107136
15.11	21.77462020858241
15.120000000000001	20.425164792750206
15.13	23.350275189871457
15.14	27.433324614370576
15.15	24.577184087810778
15.16	20.77911885803793
15.17	22.348747764398738
15.18	18.00775084741909
15.19	14.425251192099351
15.200000000000001	11.039351788771057
15.21	8.347062613083915
15.22	6.476888303854974
15.23	4.047238131102012
15.24	5.0470983112697745
15.25	4.7921280982869945
15.26	8.373687489890761
15.27	13.397599352526647
15.280000000000001	15.384517203470644
15.290000000000001	19.95566181911304
15.3	21.662360394317307
15.31	18.169594839779815
15.32	22.296701083704328
15.33	18.125646590350282
15.34	21.75967224887035
15.35	18.98825221341679
15.36	22.09833445206306
15.370000000000001	20.75776824309692
15.38	18.42194691028073
15.39	17.293566834289763
15.4	13.462682026190528
15.41	12.187238188194057
15.42	9.74204067959402
15.43	8.578611571056397
15.44	12.762494571363591
15.450000000000001	14.067607940427878
15.46	12.731910478802302
15.47	11.309299067255028
15.48	11.706470394738151
15.49	12.024239756994033
15.5	15.169358178379804
15.51	15.529069786578368
15.52	16.951966689188193
15.530000000000001	13.052991001194359
15.540000000000001	11.101373965761127
15.55	11.282945762090199
15.56	9.878054118619243
15.57	9.526930475753874
15.58	12.048267626164934
15.59	17.391466591582457
15.6	18.997078654515192
15.610000000000001	19.865363883155496
15.620000000000001	20.021062367306317
15.63	22.749156440561165
15.64	23.73903205842805
15.65	24.59664539684908
15.66	23.14740371178456
15.67	29.347986184409752
15.68	33.007822895332474
15.69	29.720573207795685
15.700000000000001	27.781299736441724
15.71	28.751220525647156
15.72	26.33434760151679
15.73	27.26810820915752
15.74	27.34698819478926
15.75	24.356740840319766
15.76	26.051342645101982
15.77	22.15475674082644
15.780000000000001	19.07423097652323
15.790000000000001	23.738337860036392
15.8	21.432704253894045
15.81	21.654986953148274
15.82	24.32481396302592
15.83	23.950517167861726
15.84	25.21086701860158
15.85	23.178497366076822
15.860000000000001	26.043999836665733
15.870000000000001	30.28277385700657
15.88	32.40330912980347
15.89	29.369204163912382
15.9	26.376467711609997
15.91	24.85952967206048
15.92	20.77489713500333
15.93	36.45185102721298
15.94	29.762748621256723
15.950000000000001	25.554217019951544
15.96	21.231458061276005
15.97	20.009867609461107
15.98	18.73980644068321
15.99	23.536237465798273
16.0	32.23982876503439
16.01	27.350066858178355
16.02	29.446521882202358
16.03	34.913323748528235
16.04	29.344273338126143
16.05	30.067698499029703
16.06	33.03894604838838
16.07	28.050109199617296
16.080000000000002	34.84198106540696
16.09	29.217051184419184
16.1	33.32891730643131
16.11	32.43367336788395
16.12	28.87318699524238
16.13	24.64895962787895
16.14	24.842708398501035
16.15	29.393317748519113
16.16	31.47260680537808
16.17	24.4157753283223
16.18	21.28174305657918
16.19	25.526989655307727
16.2	22.577397258855484
16.21	20.60865322332807
16.22	22.38466925280156
16.23	21.96116760032701
16.240000000000002	29.035320143843837
16.25	28.48379804149934
16.26	31.69377208427457
16.27	28.81939442566727
16.28	23.289930802523664
16.29	21.170915934356547
16.3	18.7235684402132
16.31	15.820660160004378
16.32	16.15563801689264
16.330000000000002	21.50984487464099
16.34	22.050956394190322
16.35	24.474996273807765
16.36	20.63652898513849
16.37	18.909344722781924
16.38	21.235153849340342
16.39	17.248391876719747
16.4	17.702152641398825
16.41	20.147997155664918
16.42	23.53783159528884
16.43	21.776309950746796
16.44	25.06945644653669
16.45	22.575318626432956
16.46	24.377007704599905
16.47	29.786218999369076
16.48	27.547556450994627
16.490000000000002	25.885711323276503
16.5	22.50669358003823
16.51	22.8031910528689
16.52	22.49954373513626
16.53	29.50508325357604
16.54	23.294877711334486
16.55	21.87335602892198
16.56	20.016216043875644
16.57	18.922820601940366
16.580000000000002	16.94300827612247
16.59	18.987298396491774
16.6	17.109818461613195
16.61	16.97207899069994
16.62	16.717895125784366
16.63	19.25676896120586
16.64	14.964817484233624
16.65	14.944899279417701
16.66	15.071176039585941
16.67	14.68397691386672
16.68	16.85030716844394
16.69	16.750342999479088
16.7	16.6508529686824
16.71	17.531126030922962
16.72	22.40240108230443
16.73	31.056354593299705
16.740000000000002	25.987880613397067
16.75	21.895871514087332
16.76	20.822890989288148
16.77	21.866126739540203
16.78	18.181593323851434
16.79	18.385099943348358
16.8	32.21766009974627
16.81	28.4941724607777
16.82	24.144852342096407
16.830000000000002	27.990223415299255
16.84	24.0317001820776
16.85	33.78249554875888
16.86	30.868767598305286
16.87	28.051030958327093
16.88	22.989782575522106
16.89	26.57557275943647
16.9	31.172115125403227
16.91	26.5122527808293
16.92	23.328674088608395
16.93	26.077884628460076
16.94	26.15810224579586
16.95	25.736047449165444
16.96	21.520556485848076
16.97	23.275565614360566
16.98	24.583566550442022
16.990000000000002	22.637682770545528
17.0	22.548003650364784
17.01	19.00943529377789
17.02	21.96177953686698
17.03	20.047824003000077
17.04	19.635766945134982
17.05	26.64477031883597
17.06	24.07573122579481
17.07	19.951649940091826
17.080000000000002	19.00975976274181
17.09	24.893221752024107
17.1	25.285853744336315
17.11	23.82591555580864
17.12	21.24712926263847
17.13	20.05843453156567
17.14	17.044460142967754
17.150000000000002	21.785975518662088
17.16	24.23467228098417
17.17	25.049649848135054
17.18	21.400878852239217
17.19	17.89610457944699
17.2	14.619043222588264
17.21	11.341981865728373
17.22	8.853747681252164
17.23	8.068100286597277
17.240000000000002	7.282452891942389
17.25	6.179957249746343
17.26	4.765052114218578
17.27	2.61180918330527
17.28	1.0113613086931725
17.29	7.1634119690990765
17.3	9.845988640880714
17.31	9.03462201135112
17.32	10.290173713418755
17.330000000000002	9.67148065139339
17.34	10.085027450803636
17.35	9.388413939290576
17.36	8.553602570344362
17.37	7.432572265732726
17.38	9.703894903577083
17.39	12.68870015187642
17.400000000000002	10.6011527438225
17.41	7.601339260046179
17.42	5.688014076229769
17.43	3.815056429313323
17.44	6.644986225340245
17.45	18.556045788069405
17.46	19.136382499086153
17.47	19.157714867347458
17.48	17.724599402221415
17.490000000000002	14.72189341891616
17.5	21.914162095283764
17.51	22.922365215964284
17.52	21.147351771968438
17.53	20.944360696566587
17.54	18.489177580991964
17.55	35.5340918266017
17.56	37.681508266398204
17.57	34.819786500735546
17.580000000000002	36.43870305757955
17.59	30.52756325924441
17.6	26.97127543765037
17.61	30.05640212422235
17.62	24.574684634046456
17.63	21.481331824337843
17.64	20.42348564287293
17.650000000000002	22.165588542292195
17.66	20.456774394651557
17.67	20.681482718137087
17.68	20.707689207189755
17.69	22.102780236261946
17.7	22.694172077764822
17.71	20.03221852455262
17.72	20.907700162531377
17.73	20.134437536721798
17.740000000000002	20.44947651092941
17.75	19.775158318042557
17.76	21.523086191205962
17.77	27.08485056102755
17.78	22.145489767278683
17.79	21.089973809020197
17.8	25.77861208898012
17.81	23.756916805147238
17.82	28.997524024895267
17.830000000000002	24.860752253576774
17.84	31.27342124485393
17.85	32.42286894352124
17.86	26.127322705356416
17.87	22.352492777329527
17.88	19.320507295991224
17.89	20.314034022628068
17.900000000000002	17.382317676590933
17.91	20.339593740797294
17.92	16.47574376267891
17.93	18.850639934989008
17.94	15.169388492541309
17.95	21.543730551732672
17.96	19.728542879359058
17.97	29.566773304343275
17.98	25.606203757832553
17.990000000000002	31.943402225259057
18.0	35.120827274288104
18.01	30.369229912645398
18.02	26.282599084985932
18.03	27.414482496207867
18.04	26.52273508763563
18.05	21.138279468220645
18.06	19.093863593350868
18.07	20.047870047524846
18.080000000000002	24.736150187957506
18.09	22.886038379143276
18.1	18.830240340573653
18.11	16.36349629488632
18.12	15.653899686391664
18.13	17.50435679702203
18.14	17.68949767578065
18.150000000000002	23.046745644525245
18.16	31.215385325470212
18.17	37.19664967856833
18.18	38.34719150782667
18.19	34.323320003648895
18.2	29.592652176177708
18.21	26.755527517397866
18.22	21.85691084795789
18.23	22.321075620809353
18.240000000000002	18.13408804789636
18.25	16.012586520778555
18.26	13.946983293947518
18.27	13.186439630872357
18.28	10.616735336723162
18.29	8.734842863704635
18.3	10.427458223012218
18.31	12.885243390575466
18.32	15.830640362947431
18.330000000000002	16.25950588430285
18.34	12.671480371108657
18.35	21.199015916428216
18.36	24.84990950792224
18.37	20.318700562799513
18.38	16.905967682993534
18.39	18.161634490691927
18.400000000000002	18.469493978888732
18.41	17.37623590974585
18.42	23.559138152272453
18.43	20.638590510713552
18.44	25.70293045219119
18.45	23.929823096557644
18.46	24.15162894881684
18.47	20.685116288536225
18.48	18.325290846959913
18.490000000000002	23.96430695620406
18.5	20.74248708203845
18.51	16.911633665779085
18.52	19.949228854549922
18.53	15.823480949714826
18.54	14.767318622748718
18.55	14.766225906118958
18.56	16.77898196842019
18.57	14.525763203672296
18.580000000000002	19.985069714720918
18.59	17.64442317823607
18.6	22.905981759414026
18.61	20.246262176911877
18.62	24.14762889268095
18.63	22.884329935966758
18.64	28.93133289424312
18.650000000000002	32.69653218674357
18.66	27.596866039490028
18.67	28.495550404194425
18.68	26.409773414824926
18.69	27.716367643548974
18.7	30.016804240779898
18.71	28.714617225435727
18.72	27.866121439475137
18.73	26.231157822399762
18.740000000000002	22.835963622032285
18.75	26.09691213471122
18.76	33.999529861613496
18.77	27.750380312136507
18.78	26.65746662280899
18.79	25.03553547598655
18.8	31.14035408375173
18.81	28.93800121951823
18.82	30.35043888193803
18.830000000000002	30.07258901544911
18.84	23.841148736125096
18.85	20.45059248916886
18.86	27.659890040450062
18.87	36.016495333969196
18.88	45.09605599274435
18.89	39.59814150500504
18.900000000000002	38.67412390396027
18.91	31.616091577764156
18.92	31.15556396113822
18.93	25.410070646453853
18.94	23.351987810118953
18.95	19.036176406862626
18.96	16.28564907790305
18.97	14.606775677912804
18.98	19.213566258337938
18.990000000000002	17.07677159172526
19.0	19.00694727319372
19.01	24.55784399784168
19.02	24.059776848912318
19.03	25.423954116448897
19.04	24.185753854387656
19.05	19.044458760593624
19.06	14.812577806405457
19.07	13.25595493107581
19.080000000000002	11.699332055746165
19.09	12.558390295451517
19.1	12.406794152928436
19.11	14.38067927631918
19.12	11.034191101131077
19.13	11.383558241905241
19.14	11.901044231420203
19.150000000000002	17.188163969255296
19.16	18.726771482617874
19.17	17.62055500854767
19.18	18.023815691947473
19.19	17.02680875435416
19.2	26.518518409161164
19.21	26.65019446474187
19.22	21.71912357078821
19.23	27.309587757785188
19.240000000000002	26.70254374763777
19.25	22.06992390240059
19.26	25.0197957641742
19.27	23.194809404522104
19.28	18.262152205721662
19.29	15.96401620301963
19.3	14.595079539998897
19.31	15.360454257574943
19.32	23.994199480677878
19.330000000000002	19.32878636224439
19.34	18.177388423375913
19.35	20.34521318356352
19.36	24.47711559490626
19.37	19.650467605376814
19.38	15.97381443299042
19.39	21.28235096283085
19.400000000000002	20.551564119999785
19.41	26.94268390601688
19.42	22.370817043123957
19.43	17.591622370906087
19.44	14.445653452483946
19.45	20.892417470729317
19.46	19.801466223102388
19.47	18.410909714717455
19.48	20.824786362004595
19.490000000000002	16.210984001851692
19.5	16.198397432056677
19.51	13.914998873991157
19.52	12.30793537141486
19.53	11.451141781542178
19.54	9.594849868784703
19.55	10.797314472637662
19.56	16.26327674965851
19.57	12.485517047371507
19.580000000000002	9.247775613866834
19.59	19.091899505250595
19.6	15.311809643051632
19.61	11.662183082247317
19.62	9.017988933563817
19.63	6.391079758653081
19.64	17.096609672574925
19.650000000000002	19.58788333411994
19.66	23.237168956909567
19.67	18.86309218933589
19.68	18.46706980574505
19.69	32.667866272973136
19.7	29.153733371434335
19.71	31.931138824325405
19.72	29.226288439744742
19.73	28.140205807628288
19.740000000000002	29.692569793817256
19.75	26.447790684802168
19.76	25.00835876386035
19.77	20.732566018160085
19.78	26.386480712293213
19.79	23.21069746633953
19.8	18.146570058728333
19.81	14.941373227999936
19.82	13.456049275993793
19.830000000000002	20.10080642995852
19.84	28.836990118078436
19.85	26.7984312585924
19.86	30.736272239253694
19.87	31.35239991909789
19.88	28.441932705069966
19.89	23.96306761228129
19.900000000000002	29.028867156116146
19.91	24.073513259224175
19.92	23.440472098731647
19.93	27.0241340015979
19.94	24.265513125939854
19.95	24.524019548331747
19.96	25.63942127257635
19.97	33.13062241880325
19.98	30.954101408670105
19.990000000000002	31.838966891024334
20.0	29.827858481870077
20.01	30.66131446230833
20.02	35.96198218024786
20.03	30.958989119678154
20.04	31.268463041818354
20.05	27.14731734470395
20.06	27.78394800352846
20.07	21.866759411432387
20.080000000000002	19.795782858401644
20.09	23.42953685409996
20.1	29.59002258897173
20.11	28.178116382368597
20.12	22.37967905946849
20.13	17.819742124880314
20.14	15.732527000099498
20.150000000000002	17.291756750976102
20.16	16.02016997022786
20.17	15.256844584650409
20.18	17.0444253020287
20.19	14.529525858742613
20.2	13.160625462809232
20.21	11.132653768358427
20.22	10.154988886497136
20.23	12.450402811642403
20.240000000000002	11.429000350955503
20.25	12.337138850769138
20.26	13.906567244325768
20.27	18.9533985359848
20.28	16.608048339205983
20.29	19.362914537085828
20.3	16.755862062429898
20.31	13.361067679933178
20.32	10.981439886437197
20.330000000000002	10.421813873431653
20.34	11.005265388851644
20.35	21.780417433296165
20.36	22.52326797772365
20.37	17.335134974370135
20.38	15.79113994385693
20.39	16.396256650737637
20.400000000000002	19.725223081335137
20.41	23.06026206733555
20.42	25.79699099094363
20.43	29.349072434056698
20.44	25.153411364709303
20.45	22.52909995979376
20.46	26.480446401916794
20.47	24.58547474519425
20.48	26.275832961601758
20.490000000000002	20.996857178601175
20.5	27.59895250056496
20.51	23.982353332212927
20.52	22.631027819963165
20.53	23.866609130656705
20.54	24.590631694112194
20.55	26.611160282904258
20.56	21.9326972897069
20.57	20.22649215870583
20.580000000000002	25.91316261217889
20.59	24.77675077572082
20.6	25.144761595405395
20.61	22.363274624543454
20.62	17.709836389134225
20.63	17.397667656797985
20.64	20.88273428348812
20.650000000000002	20.84831549115516
20.66	22.98216116076393
20.67	22.218021591780854
20.68	24.739669891903908
20.69	25.443444814719722
20.7	24.97899669885581
20.71	26.585349631623966
20.72	26.40926358615741
20.73	27.256437064084512
20.740000000000002	23.136271297322565
20.75	20.98856794871663
20.76	34.09079350930867
20.77	29.239148706045846
20.78	25.728665994668702
20.79	35.86663477642385
20.8	31.312669247446408
20.81	29.656205059616735
20.82	29.85057298662384
20.830000000000002	24.09429771911108
20.84	29.60871514157686
20.85	28.51518348344906
20.86	25.5359184480005
20.87	29.306531199876158
20.88	26.336550219894036
20.89	20.528196098724045
20.900000000000002	18.00939412178035
20.91	14.81621188112933
20.92	17.809626968390557
20.93	18.50729985467238
20.94	16.570597769162895
20.95	15.16801957749396
20.96	25.88790311093063
20.97	20.65635696235781
20.98	16.260068996109176
20.990000000000002	15.178847921684028
21.0	15.866181848875575
21.01	12.354083172333867
21.02	12.472493799815926
21.03	16.33967567155486
21.04	17.815876287623546
21.05	16.31572071560577
21.06	22.71921600226087
21.07	23.029194072463863
21.080000000000002	20.7772911253273
21.09	18.569061553728652
21.1	17.549297962482704
21.11	27.740718957212895
21.12	28.155051232339332
21.13	22.369095132523668
21.14	20.53735457191887
21.150000000000002	21.855888762938797
21.16	22.116293849098724
21.17	19.395143418460723
21.18	15.841048110480564
21.19	23.08574393392006
21.2	20.48419786679179
21.21	22.830137501720195
21.22	31.815138228164408
21.23	26.68247832229346
21.240000000000002	25.431568979815193
21.25	26.479065519389316
21.26	27.596806685598573
21.27	24.565964780178152
21.28	25.255827362481348
21.29	26.93009153235708
21.3	27.69607383633003
21.31	26.559780767376488
21.32	23.62316268034558
21.330000000000002	21.31651965449912
21.34	17.711601804260887
21.35	16.18262916469384
21.36	15.61553218479826
21.37	24.84563728987051
21.38	26.16480787481752
21.39	24.324977684963176
21.400000000000002	22.451984188405547
21.41	19.947476469273894
21.42	17.927538132933538
21.43	15.619522345757021
21.44	12.21807854185301
21.45	10.102820718906095
21.46	8.975394993448173
21.47	5.841472999848391
21.48	10.413088753360517
21.490000000000002	14.182152187863174
21.5	13.97975376135171
21.51	24.343334882741996
21.52	28.04520172937357
21.53	26.86695208695032
21.54	23.270969500851464
21.55	20.99013887016588
21.56	19.648766245914903
21.57	20.032584032735986
21.580000000000002	19.790529018537097
21.59	19.44093428860235
21.6	20.826865054414014
21.61	20.95647574867151
21.62	17.015693032265013
21.63	19.184051301413728
21.64	22.23908426303852
21.650000000000002	19.760900615709932
21.66	19.80092605384859
21.67	20.700711014442533
21.68	23.959969038496205
21.69	24.245101366232955
21.7	20.33614250326912
21.71	17.95941336982807
21.72	20.263137766067867
21.73	19.18145063459019
21.740000000000002	15.470265788775182
21.75	15.59935297091029
21.76	20.260117300683596
21.77	21.854771568130904
21.78	18.255594306213805
21.79	19.611696805448986
21.8	18.279123332042698
21.81	15.858960437251332
21.82	15.10324473370721
21.830000000000002	19.351551185924805
21.84	28.425630076878633
21.85	34.50509920006931
21.86	34.00487755340963
21.87	31.46104327675748
21.88	28.349645054616605
21.89	23.99552634674978
21.900000000000002	23.148091692358584
21.91	18.81326863813609
21.92	23.165016253121983
21.93	19.292817978143432
21.94	26.12281349107424
21.95	20.9257148748336
21.96	29.37843753496123
21.97	26.12813447892964
21.98	21.90705319078777
21.990000000000002	22.346285896390626
22.0	17.87778722417181
22.01	14.53614699974487
22.02	19.375616210508994
22.03	24.589749435852454
22.04	30.44952470403254
22.05	31.522481461886947
22.06	27.12536884476251
22.07	23.73397882031502
22.080000000000002	28.42886914362131
22.09	27.400458250209592
22.1	24.76311860622892
22.11	26.862253223378335
22.12	28.515164902948246
22.13	24.793332048271726
22.14	21.972079133179303
22.150000000000002	16.98378383565017
22.16	16.256505107753814
22.17	14.429938753999311
22.18	12.665180470226193
22.19	19.00460341253985
22.2	18.869349316395517
22.21	17.992649250194294
22.22	19.156208568335156
22.23	15.176270778089838
22.240000000000002	14.259454751341416
22.25	23.106423492933178
22.26	19.499128177065515
22.27	26.140998428429455
22.28	22.49618492347201
22.29	18.54669788323037
22.3	15.047851055481914
22.31	13.309053800194368
22.32	12.351976215649737
22.330000000000002	9.791227447329776
22.34	6.740375588732091
22.35	4.959756785502762
22.36	13.612823309638438
22.37	15.62776209700389
22.38	18.90370061355893
22.39	18.93968453956823
22.400000000000002	18.84691059866287
22.41	17.220170437410715
22.42	20.037294869012392
22.43	30.557044832625067
22.44	25.843425699095253
22.45	23.563535060172075
22.46	33.69947106429383
22.47	33.29513365415737
22.48	30.065278462359213
22.490000000000002	26.05139668797132
22.5	31.64145603097781
22.51	26.094960811173017
22.52	21.440031529113977
22.53	16.551824660204247
22.54	13.129000351039277
22.55	15.482180404384119
22.56	16.135023259177466
22.57	23.05678632099043
22.580000000000002	20.577991588958525
22.59	22.15491503275307
22.6	20.509123694664382
22.61	20.760592291147063
22.62	16.329875459775973
22.63	15.227648916643687
22.64	17.550537623098982
22.650000000000002	16.214683298935643
22.66	17.090911130284656
22.67	18.494530562471432
22.68	16.279544462372993
22.69	22.31192909018053
22.7	21.46878118853267
22.71	20.317691145407093
22.72	21.243362005909834
22.73	22.85295048098836
22.740000000000002	22.311303938537613
22.75	24.31336234814457
22.76	19.992736797933777
22.77	30.11769704468403
22.78	24.995330528195563
22.79	20.649637359503693
22.8	19.580038372303367
22.81	19.9338606548254
22.82	21.925733825880528
22.830000000000002	27.896802224849647
22.84	22.189637819284236
22.85	25.679028018384617
22.86	23.567205473702497
22.87	27.78046430209942
22.88	23.567898830771355
22.89	21.375657492121572
22.900000000000002	23.492891220532776
22.91	26.555479338304806
22.92	21.056311074915815
22.93	20.070634472834524
22.94	16.226486642582678
22.95	21.381244055213354
22.96	19.105098386173854
22.97	18.25423122176317
22.98	16.13861571304221
22.990000000000002	13.389674582300959
23.0	11.519104289086256
23.01	16.61851617218435
23.02	14.97505806345501
23.03	20.074043160191383
23.04	19.024528335392674
23.05	25.790456873372758
23.06	24.218213321138585
23.07	19.62201028931731
23.080000000000002	14.927565303929166
23.09	12.544051008809388
23.1	10.44902588210281
23.11	12.384764025662209
23.12	11.558650920410887
23.13	9.511118097472803
23.14	7.202479519014556
23.150000000000002	10.16540572842892
23.16	22.352997041286706
23.17	20.502021208194794
23.18	18.38271320267601
23.19	14.341827722858321
23.2	12.634654266981338
23.21	22.662166812231593
23.22	24.077212902416996
23.23	23.43084313629199
23.240000000000002	18.54701548342466
23.25	17.721172721968568
23.26	16.094038327269203
23.27	14.409232583744709
23.28	15.663328648726464
23.29	12.839191390403336
23.3	14.942683043386072
23.31	11.577667515749884
23.32	9.244460741353121
23.330000000000002	11.322209349500413
23.34	9.703512302397117
23.35	8.46895621177698
23.36	8.147543961562633
23.37	8.991526277328777
23.38	8.567586568956886
23.39	9.024056314599937
23.400000000000002	9.25980557482606
23.41	13.431690325690672
23.42	20.406509860050463
23.43	25.655833445266616
23.44	25.28710069051888
23.45	21.68323226178012
23.46	20.99657384292793
23.47	23.86586844599366
23.48	25.807131907305664
23.490000000000002	20.274356164126583
23.5	18.505413721788912
23.51	17.18595411244798
23.52	18.384731867355057
23.53	15.609787328854228
23.54	16.978640780062438
23.55	13.618531624720267
23.56	13.656461559421183
23.57	13.149563166574742
23.580000000000002	18.332611054603642
23.59	20.116967847866665
23.6	26.846329699006734
23.61	21.327471765834808
23.62	20.99955389377069
23.63	23.314726837958567
23.64	25.152698835205022
23.650000000000002	28.555544800064183
23.66	26.90050495770527
23.67	23.04102734355925
23.68	21.991961651643997
23.69	21.904949637058063
23.7	17.826946365382476
23.71	16.374794339989588
23.72	20.560503528975858
23.73	15.933547011535797
23.740000000000002	13.748495073615922
23.75	11.87424298634065
23.76	12.452685677663148
23.77	18.94880457542478
23.78	19.816476946288216
23.79	29.346601407197838
23.8	24.83898239891405
23.81	20.902290473267804
23.82	29.857839163135786
23.830000000000002	25.783436586368286
23.84	24.785505248957026
23.85	20.682485055270355
23.86	17.405865524319314
23.87	17.302855082661516
23.88	13.735883737189202
23.89	10.479811006429898
23.900000000000002	8.31329091081496
23.91	7.008457147573933
23.92	10.49994892294095
23.93	10.702719266534007
23.94	9.565213042066802
23.95	8.994349263445674
23.96	9.080861881505644
23.97	9.562662060582163
23.98	12.493742017282907
23.990000000000002	16.315403165284735
24.0	17.736082731918064
24.01	18.590515323707308
24.02	17.582392618308
24.03	18.126442732800204
24.04	16.500177271364993
24.05	16.980487998924467
24.060000000000002	15.914641177611974
24.07	17.945402796319538
24.080000000000002	14.818118795498878
24.09	13.373196916842872
24.1	15.000483335849152
24.11	11.617717565418136
24.12	9.977440005057577
24.13	8.196734081413714
24.14	12.542060327371416
24.150000000000002	13.059406940146
24.16	10.694228185262718
24.17	11.132178031017922
24.18	11.719760611968528
24.19	8.793556308869544
24.2	7.788455771500887
24.21	6.918036675329742
24.22	8.05638561374692
24.23	6.617112315518047
24.240000000000002	8.739195752615785
24.25	7.927334594198862
24.26	25.183960678740878
24.27	28.377855021270168
24.28	25.10835226365109
24.29	25.823263332280707
24.3	20.19070570091767
24.310000000000002	19.22286813830108
24.32	18.215770280669428
24.330000000000002	14.004578508279849
24.34	11.210650907442725
24.35	13.434424413949019
24.36	12.216401664993437
24.37	11.109803057409616
24.38	11.759531124476325
24.39	13.10526973621042
24.400000000000002	10.217805419302989
24.41	8.664294437609707
24.42	5.325967016177213
24.43	4.73329660443551
24.44	8.064668821756076
24.45	13.680969870355817
24.46	15.786904864348676
24.47	24.038935691654906
24.48	24.726857373487313
24.490000000000002	20.073467652372546
24.5	18.685457208898253
24.51	21.884121070623824
24.52	20.52704817423803
24.53	18.647030556938454
24.54	24.191257641697078
24.55	22.86967053213058
24.560000000000002	32.94933431262279
24.57	32.99126729037926
24.580000000000002	32.56344117818801
24.59	33.97154969914163
24.6	31.661641484281215
24.61	28.929245947132802
24.62	23.355487736427516
24.63	21.67853879749702
24.64	18.542576974039356
24.650000000000002	16.62532221612217
24.66	14.963667626078697
24.67	14.69944276331155
24.68	12.182404197490392
24.69	12.503703546884605
24.7	13.516557529165782
24.71	11.185567744184798
24.72	14.816363285207924
24.73	13.670317084641235
24.740000000000002	11.839715157725896
24.75	8.856741130609487
24.76	8.99927341401703
24.77	15.037654187327016
24.78	14.686137089816132
24.79	15.992605613637762
24.8	17.091856747049025
24.810000000000002	15.510977474584877
24.82	19.86408611654764
24.830000000000002	17.557632225062992
24.84	19.13587271331211
24.85	19.768719771593556
24.86	18.25402098302069
24.87	18.337396547997738
24.88	15.944421106076735
24.89	23.5010340223833
24.900000000000002	24.95170131490449
24.91	22.94287405544608
24.92	20.029176257295887
24.93	20.972654201560445
24.94	22.494647521186057
24.95	32.061756404568385
24.96	31.7262037218782
24.97	26.785875289567915
24.98	24.649819936541604
24.990000000000002	26.88362635081803
25.0	26.014713735539328
25.01	24.338144240607342
25.02	19.579220934722787
25.03	19.95547207687637
25.04	21.123587487833145
25.05	18.91074301307501
25.060000000000002	32.02078736523727
25.07	26.304364738558476
25.080000000000002	26.94885766878744
25.09	27.487097157141502
25.1	28.11854982608706
25.11	27.97707069865732
25.12	24.749584879507584
25.13	23.646038771396334
25.14	22.783949962930652
25.150000000000002	19.423399406020557
25.16	20.13708041358592
25.17	16.064535126493542
25.18	12.545404488948416
25.19	10.610741339798015
25.2	13.724311948151731
25.21	14.208941865448443
25.22	12.337433670188993
25.23	15.543129423185981
25.240000000000002	18.67614083795844
25.25	19.81069756083599
25.26	17.331398791105812
25.27	19.317479772785497
25.28	31.67852461515149
25.29	30.026064057948354
25.3	37.79875454825846
25.310000000000002	30.013125707451223
25.32	34.289351306176826
25.330000000000002	31.689531201025904
25.34	25.290919964273975
25.35	24.367270569394233
25.36	21.35719929664432
25.37	18.2962069063529
25.38	24.4301223754149
25.39	20.21157664585788
25.400000000000002	20.63674702588627
25.41	17.878500323785122
25.42	16.50848082724706
25.43	20.20635072892018
25.44	18.169193050926634
25.45	20.080078131748802
25.46	21.264153337668514
25.47	19.937500754044372
25.48	16.716290447987582
25.490000000000002	15.728006160722702
25.5	15.006015749507696
25.51	18.20798352846941
25.52	16.339671501745055
25.53	14.553696689922885
25.54	16.942956337382785
25.55	19.72615600923912
25.560000000000002	18.509452100647085
25.57	18.842738263093455
25.580000000000002	23.467115747436747
25.59	24.13150732875391
25.6	27.79771712329617
25.61	31.140894611198256
25.62	34.330976871981036
25.63	30.80112806737923
25.64	32.700470846657595
25.650000000000002	28.026937817408296
25.66	23.32033246567649
25.67	21.488076719206116
25.68	21.750203887238936
25.69	26.50432014417711
25.7	26.29066296073674
25.71	20.41871951394915
25.72	20.349078432541177
25.73	22.607303392744182
25.740000000000002	24.298152567205527
25.75	21.96749919088401
25.76	22.078468787829877
25.77	17.57974913848866
25.78	13.46607991774184
25.79	12.03913163108818
25.8	10.612183344434015
25.810000000000002	14.385818585052535
25.82	13.207454457324918
25.830000000000002	14.202481777526478
25.84	12.078906696994745
25.85	11.091318759685581
25.86	18.109849762653504
25.87	22.453254063519363
25.88	19.107428039881334
25.89	20.30012550414939
25.900000000000002	23.19908533759352
25.91	23.225044798622424
25.92	22.512740651194438
25.93	19.983059381612648
25.94	17.42771318857207
25.95	16.789967304364442
25.96	22.705385345689187
25.97	19.25937336276239
25.98	15.744943557273537
25.990000000000002	14.424491721800507
26.0	18.38483900060159
26.01	15.780257036229287
26.02	15.853828593602818
26.03	15.966681961158473
26.04	15.232545773387065
26.05	17.001640693459112
26.060000000000002	17.363724758260517
26.07	26.00857314695802
26.080000000000002	23.914412503940977
26.09	23.271361991039203
26.1	22.47358773098082
26.11	21.49602223554456
26.12	19.62912009373557
26.13	18.07032721079332
26.14	15.747921373936226
26.150000000000002	18.586471225565035
26.16	14.903817587085022
26.17	12.232447615515522
26.18	11.117755730197906
26.19	19.00489716225209
26.2	20.446643869228225
26.21	18.853991215798448
26.22	18.338791309600026
26.23	14.80062123929969
26.240000000000002	15.086353293923466
26.25	11.590614034805
26.26	9.832752004742975
26.27	8.895920493363437
26.28	6.717305186322838
26.29	8.675268240269624
26.3	11.001920447405439
26.310000000000002	9.341746957953331
26.32	10.68257636562378
26.330000000000002	10.166066386340491
26.34	12.53638095198685
26.35	12.544565144352275
26.36	16.873255685000064
26.37	18.12760357075651
26.38	17.87758358763714
26.39	15.091286032031187
26.400000000000002	12.616743915143804
26.41	10.806646003122891
26.42	10.859334645520267
26.43	7.769018463097794
26.44	6.004879189761611
26.45	16.656094210372387
26.46	34.75089027057412
26.47	40.19050398525934
26.48	35.677528489029946
26.490000000000002	31.497366032646283
26.5	25.97577085798438
26.51	32.640794783524306
26.52	27.109598830484874
26.53	25.177469152251124
26.54	20.415778649957698
26.55	20.722533143142634
26.560000000000002	18.37894688750395
26.57	17.46556027343814
26.580000000000002	18.298874624349292
26.59	14.684034954534088
26.6	19.291191177737613
26.61	18.699474154974578
26.62	15.012732210910155
26.63	14.7378272875656
26.64	17.67495924290921
26.650000000000002	18.324597991554032
26.66	20.49673447295008
26.67	16.48917221054812
26.68	24.372533194384943
26.69	23.65063452124645
26.7	20.883628915578207
26.71	21.294218847030717
26.72	16.61811839840214
26.73	16.392645036312167
26.740000000000002	14.195370266903069
26.75	13.045824216168235
26.76	15.368754569260037
26.77	14.52328098199296
26.78	11.378884971279632
26.79	9.480489598312447
26.8	9.655408671878437
26.810000000000002	8.844715527696062
26.82	14.824448654657784
26.830000000000002	14.492787008144152
26.84	15.312393240470122
26.85	12.281898415015421
26.86	18.40192642796628
26.87	14.597852280646833
26.88	15.269832331793124
26.89	15.770743155911784
26.900000000000002	21.56289971705452
26.91	23.29254860433141
26.92	23.40558123679802
26.93	22.76271835957397
26.94	22.49424116232001
26.95	27.118754511984925
26.96	30.213390596463633
26.97	26.569649423653523
26.98	23.181199981750268
26.990000000000002	24.940050815431626
27.0	26.78048741930525
27.01	20.98852898101867
27.02	19.040387243695914
27.03	16.163309275386037
27.04	21.303316421770592
27.05	21.612040922869014
27.060000000000002	19.27978212851894
27.07	18.866044773381635
27.080000000000002	18.993657145300396
27.09	18.166632114436347
27.1	20.004219263639477
27.11	15.655715603677343
27.12	13.040798931751919
27.13	18.46275177234726
27.14	20.402749210938413
27.150000000000002	18.662272955010977
27.16	19.78237075378717
27.17	18.00361591068096
27.18	16.415480130780193
27.19	18.035434229058176
27.2	18.479021340325453
27.21	25.431688723326808
27.22	29.957045966658338
27.23	26.361406213032446
27.240000000000002	32.74910153145708
27.25	28.35450803264448
27.26	28.43332695326085
27.27	23.33319573606433
27.28	22.67562488116209
27.29	21.662417911843388
27.3	24.797074189350543
27.310000000000002	24.706760665656816
27.32	25.341898318287438
27.330000000000002	20.40678376636063
27.34	21.64873423198596
27.35	21.22290703779126
27.36	19.18766799848977
27.37	20.272070338937112
27.38	17.728480942782276
27.39	16.53854622817567
27.400000000000002	20.13017787993053
27.41	19.127126827858294
27.42	15.113197790177189
27.43	16.37597342640115
27.44	17.58515903171982
27.45	22.3675333508751
27.46	18.381732077369175
27.47	19.622723681947445
27.48	15.304409812170517
27.490000000000002	15.637650781558186
27.5	13.574553526771371
27.51	15.0941895340595
27.52	23.997638824918752
27.53	21.351109418499146
27.54	24.68607403503668
27.55	21.22170889308608
27.560000000000002	19.86948523305525
27.57	15.633972384184787
27.580000000000002	16.83347658891395
27.59	19.03785886741831
27.6	19.651652399107796
27.61	23.305828704443943
27.62	26.788521341490668
27.63	31.5808899488785
27.64	31.593359068900334
27.650000000000002	26.648992974693567
27.66	25.436641634952736
27.67	25.428593815649542
27.68	22.02051257762663
27.69	25.39662829143842
27.7	25.045574502417264
27.71	27.200533538868896
27.72	25.217169180457837
27.73	35.054497071683734
27.740000000000002	29.271068405584607
27.75	27.156818352929076
27.76	29.53497986225507
27.77	30.142121377151277
27.78	25.24495017285114
27.79	29.198308639175554
27.8	28.643346335972918
27.810000000000002	24.555608967212546
27.82	26.302294246235785
27.830000000000002	27.689653161403168
27.84	31.10861148202037
27.85	32.56962035756361
27.86	33.60882353126863
27.87	27.786394813769498
27.88	28.270419618757472
27.89	24.569443910859775
27.900000000000002	22.973382307914388
27.91	21.022677409600877
27.92	19.1794801386179
27.93	16.720470128252867
27.94	17.696864664966018
27.95	18.45381965800224
27.96	16.347021942308935
27.97	13.840973995037329
27.98	15.434061035512926
27.990000000000002	23.027203500371883
28.0	21.977201444420533
28.01	21.870636104138615
28.02	20.486703428814256
28.03	20.918176021863413
28.04	16.76737474951021
28.05	14.523773768286985
28.060000000000002	16.583809817544374
28.07	24.836418688109067
28.080000000000002	22.80886640644491
28.09	27.249877941147155
28.1	30.193515382228348
28.11	24.309960160091144
28.12	20.208610562916117
28.13	22.147568837652305
28.14	22.976015117054402
28.150000000000002	18.475042316856893
28.16	18.139682135362648
28.17	22.61325764752391
28.18	22.637570890815287
28.19	21.180655649253225
28.2	17.632845820724548
28.21	14.886404256064193
28.22	14.368366644354596
28.23	11.545945069132314
28.240000000000002	12.225934171266765
28.25	10.617141210790153
28.26	9.168553505325256
28.27	12.711003008294895
28.28	11.138353629048744
28.29	11.261242553807719
28.3	13.289775585231872
28.310000000000002	11.493699824483487
28.32	15.553116195490162
28.330000000000002	16.76893575255659
28.34	14.055767206613684
28.35	15.339986749184328
28.36	19.93751062668603
28.37	18.185513730029154
28.38	19.10141335622782
28.39	22.83693153168846
28.400000000000002	23.050429519927132
28.41	21.72742749893392
28.42	20.540632914353885
28.43	16.81968659247409
28.44	14.383507672461487
28.45	12.200802929464027
28.46	12.074983288986044
28.47	10.964686303825651
28.48	21.738448814061538
28.490000000000002	23.347791304206424
28.5	24.534362862223603
28.51	21.31438637478929
28.52	17.13353726966436
28.53	17.163059609123007
28.54	14.200503538667743
28.55	13.93671802804152
28.560000000000002	14.958618128395848
28.57	18.614796575205578
28.580000000000002	19.985362299249456
28.59	21.346301814406925
28.6	21.090658166373615
28.61	19.463238266610404
28.62	16.94149402660965
28.63	17.176140462382012
28.64	17.30516088828778
28.650000000000002	19.835493695591836
28.66	17.97696491944052
28.67	21.205538950179825
28.68	19.063921479874413
28.69	22.497227769136583
28.7	19.749341773090702
28.71	20.676822799836106
28.72	20.445653026698412
28.73	18.504559194596307
28.740000000000002	16.129475114853566
28.75	18.404791111974916
28.76	18.665497887047554
28.77	20.488766581141082
28.78	16.96067451246273
28.79	16.342619240998538
28.8	20.42480581644934
28.810000000000002	22.60879831208589
28.82	20.4540698125363
28.830000000000002	28.381745592270132
28.84	24.504976946357058
28.85	25.404104852214594
28.86	29.777474435514584
28.87	29.46179822980348
28.88	24.728930217246614
28.89	21.55852255915593
28.900000000000002	23.913157905161516
28.91	18.66167143487286
28.92	15.449326815651103
28.93	14.050794966667818
28.94	13.079673672190177
28.95	12.102159450105294
28.96	11.236597106354198
28.97	13.834268550734881
28.98	13.124976423302806
28.990000000000002	22.253106790850605
29.0	21.506158505949298
29.01	18.994495078243805
29.02	17.290700926896537
29.03	17.916703672271115
29.04	19.01556735267085
29.05	17.421047779406553
29.060000000000002	14.77576802809205
29.07	16.43267195160737
29.080000000000002	15.641319639191249
29.09	17.793840446918963
29.1	18.684992156088338
29.11	15.776660477819561
29.12	12.297799878545513
29.13	9.289705471898344
29.14	12.14861533935718
29.150000000000002	21.59507135559249
29.16	24.137255869075908
29.17	19.133433677911512
29.18	18.136218128701096
29.19	15.618522458963932
29.2	20.125986760351562
29.21	24.242786312907665
29.22	22.78906494767158
29.23	18.554378718107372
29.240000000000002	16.51320140000731
29.25	14.501421714096566
29.26	11.636580930516471
29.27	9.805334595478342
29.28	9.218512770812117
29.29	7.113576193317589
29.3	6.447758696201923
29.310000000000002	4.914762851078985
29.32	2.773487037101159
29.330000000000002	1.0893754085522487
29.34	0.42554039332684185
29.35	-1.2604735755516931
29.36	-2.4640879396639552
29.37	-6.179748696642349
29.38	-5.031057185999121
29.39	-4.501082641901769
29.400000000000002	-6.9150002012729495
29.41	-8.934749802336478
29.42	-9.924057481927402
29.43	-11.856245262398897
29.44	-12.24943443767421
29.45	-16.527510993847994
29.46	-14.54739807478731
29.47	-14.685693763876532
29.48	-15.877626104547833
29.490000000000002	-13.449928820146326
29.5	-15.740007686847285
29.51	-22.027352253004718
29.52	-21.400592506920113
29.53	-20.721693313750322
29.54	-16.96996315460885
29.55	-13.640605754333066
29.560000000000002	-12.142156768220898
29.57	-12.899959216073492
29.580000000000002	-12.961770371024453
29.59	-12.891380546611975
29.6	-19.08309665266334
29.61	-20.922104589370363
29.62	-20.48697953707822
29.63	-18.465290724267717
29.64	-18.089450934939425
29.650000000000002	-28.123115203843504
29.66	-24.898424033092613
29.67	-21.764260081145512
29.68	-23.125226582851372
29.69	-27.969850819704995
29.7	-31.136706571370592
29.71	-30.768493307190663
29.72	-31.591801225958907
29.73	-24.40169542599932
29.740000000000002	-21.198041322099805
29.75	-20.297585541749637
29.76	-16.468352097713314
29.77	-17.18290708352492
29.78	-18.443526712384166
29.79	-15.703217521918573
29.8	-16.9548013632919
29.810000000000002	-19.048229134774335
29.82	-17.47738433712998
29.830000000000002	-21.318004903345123
29.84	-24.43673725849762
29.85	-22.371286673343967
29.86	-22.81223570072957
29.87	-23.969215035276317
29.88	-34.689408831311695
29.89	-28.136280173847094
29.900000000000002	-24.36728093887617
29.91	-25.36208568697381
29.92	-22.938624087670487
29.93	-17.706287909552227
29.94	-15.61385823149976
29.95	-17.078783085196637
29.96	-22.100240021451857
29.97	-24.040144874844223
29.98	-21.15508870379013
29.990000000000002	-18.048776029817983
30.0	-18.99738226385923
30.01	-21.82205983212889
30.02	-25.832482679088816
30.03	-28.804527615543247
30.04	-27.373830232599882
30.05	-22.624421099599644
30.060000000000002	-18.049223223706484
30.07	-18.66992019391651
30.080000000000002	-14.57979564480188
30.09	-12.598464824390444
30.1	-11.759261456856619
30.11	-10.138187310772677
30.12	-7.4659838981427615
30.13	-13.694961307868132
30.14	-14.084131549845827
30.150000000000002	-12.629841648670052
30.16	-12.798881789184492
30.17	-15.493568867212653
30.18	-16.527950766078252
30.19	-15.924488254031433
30.2	-14.732010155846723
30.21	-15.052253065428326
30.22	-17.258132850337276
30.23	-17.377727598411518
30.240000000000002	-21.938899286568933
30.25	-22.43131034028651
30.26	-17.44427780251488
30.27	-14.35632435654984
30.28	-20.089155748456093
30.29	-16.387554621893077
30.3	-18.202112565184855
30.310000000000002	-14.254557319500137
30.32	-12.577975084948642
30.330000000000002	-14.003164488375432
30.34	-16.520699812674547
30.35	-13.282021356017244
30.36	-10.452227888880996
30.37	-10.102770477765718
30.38	-13.79407215880309
30.39	-12.046996293059141
30.400000000000002	-9.402907159416648
30.41	-7.178785209372997
30.42	-4.581201365906847
30.43	-1.4606245930660453
30.44	2.0681567982387072
30.45	4.559969130684037
30.46	4.076419891734551
30.47	10.711976431321252
30.48	9.902922743465266
30.490000000000002	10.776369100718707
30.5	9.286072324703161
30.51	9.580146714420188
30.52	13.514423222637122
30.53	14.250964082365378
30.54	17.95096659043085
30.55	17.229497154757286
30.560000000000002	17.18696442094947
30.57	14.5009499934567
30.580000000000002	12.233500307621716
30.59	12.29853743707606
30.6	15.455806527595293
30.61	14.395710542904594
30.62	18.210901110964432
30.63	15.639522636552519
30.64	17.786137971230968
30.650000000000002	21.946943408930913
30.66	21.089660702550923
30.67	20.34850998264179
30.68	19.212086638179546
30.69	18.450414812163256
30.7	18.726928939903186
30.71	16.872090881116456
30.72	19.832305611699876
30.73	20.69922453075667
30.740000000000002	16.06135674137408
30.75	13.158454823721563
30.76	10.672218825395381
30.77	7.973570185467934
30.78	6.652414989021249
30.79	6.313559860874374
30.8	4.7176597801859685
30.810000000000002	1.6166502421248155
30.82	1.8935166093571312
30.830000000000002	5.191681495780084
30.84	4.605117300094613
30.85	11.22632046752851
30.86	24.473468601082214
30.87	21.41907741407763
30.88	21.095326656198225
30.89	16.315175259153282
30.900000000000002	14.447266539876557
30.91	13.316810539785013
30.92	20.928406037007797
30.93	20.958348945764943
30.94	23.079767971820008
30.95	26.053286347645294
30.96	38.42728086174628
30.970000000000002	31.387411282028395
30.98	25.251907629584515
30.990000000000002	20.690709262653662
31.0	20.88654198651796
31.01	28.56304730205122
31.02	26.563038560274748
31.03	26.221283249314506
31.04	26.231716691967517
31.05	25.03650485734906
31.060000000000002	25.197684441755538
31.07	21.952395334168894
31.080000000000002	20.737827369899772
31.09	26.62924287456406
31.1	22.521989287511147
31.11	20.0984416733141
31.12	20.57846361357254
31.13	18.625905569116394
31.14	23.256797571290818
31.150000000000002	20.182851186601898
31.16	19.819590034098272
31.17	23.099312874212643
31.18	26.3525823847471
31.19	26.576287912010535
31.2	20.80579932555104
31.21	24.221500797259008
31.220000000000002	32.93337994788528
31.23	27.24687227141863
31.240000000000002	25.06335621954472
31.25	21.639382995511653
31.26	21.607886802812498
31.27	27.590454412579568
31.28	28.64154922251716
31.29	30.30290810957238
31.3	28.523032259213505
31.310000000000002	25.42491427044996
31.32	21.944932733702014
31.330000000000002	23.935409466478916
31.34	19.20540755415178
31.35	18.92553315328928
31.36	16.326209957056278
31.37	17.379304795912564
31.38	21.923882666230472
31.39	23.87655330844624
31.400000000000002	25.583276125614688
31.41	28.18877180842682
31.42	22.501509693874773
31.43	25.67767547996891
31.44	31.39984052483504
31.45	25.892466742919268
31.46	25.259059412883758
31.470000000000002	20.899643504950507
31.48	20.895380183322963
31.490000000000002	16.43322973175331
31.5	13.611240593378188
31.51	13.65066438371491
31.52	14.032665434521249
31.53	14.073352371757087
31.54	19.896391826506065
31.55	17.53570432912872
31.560000000000002	17.22258896338028
31.57	23.225255802101724
31.580000000000002	23.978216150160065
31.59	21.32292800923658
31.6	23.506101971872102
31.61	19.60914578160445
31.62	15.683092726871113
31.63	13.963099124447952
31.64	16.030187101916955
31.650000000000002	13.240970021813297
31.66	12.87491241001143
31.67	12.225358940835335
31.68	15.579660316819433
31.69	16.50742538054541
31.7	15.610837965145526
31.71	15.985616699511912
31.720000000000002	16.178253902318193
31.73	15.983564782767479
31.740000000000002	14.798479099815571
31.75	16.94667530292346
31.76	20.046263937626602
31.77	23.764730427084626
31.78	31.22171386218345
31.79	30.372734684166332
31.8	27.24367641212444
31.810000000000002	25.64965362858866
31.82	24.577337354576862
31.830000000000002	22.403911649698728
31.84	25.772455570293364
31.85	26.34655158410898
31.86	20.523755523707695
31.87	18.204143030054315
31.88	15.016690958214726
31.89	15.259918406351668
31.900000000000002	22.92425313807439
31.91	23.02195194546621
31.92	23.546695311336418
31.93	33.610532936680656
31.94	29.434737990988904
31.95	28.16404882637224
31.96	22.45588234567256
31.970000000000002	19.495541366473653
31.98	17.98479974130785
31.990000000000002	14.565077226300982
32.0	12.74426019441857
32.01	14.448893755352028
32.02	11.092674078306535
32.03	16.21271733632285
32.04	18.143511160982825
32.05	15.075226133897923
32.06	13.032424531220657
32.07	16.49037181508018
32.08	18.69899272703371
32.09	16.62055187267864
32.1	17.52067946730286
32.11	18.059935017963472
32.12	19.341295240275073
32.13	16.231583022512236
32.14	21.274717746441
32.15	27.496357609652712
32.160000000000004	26.68717950461811
32.17	28.044928763385677
32.18	24.316853218627315
32.19	26.457651311991697
32.2	22.970516241428438
32.21	25.493300365997353
32.22	29.568623432730398
32.230000000000004	26.925071922139182
32.24	26.551685988642983
32.25	24.76784665224345
32.26	20.681756519148887
32.27	17.685546904217542
32.28	15.502537985846825
32.29	12.532831910933018
32.3	13.87451027496042
32.31	12.546109144420376
32.32	10.037347862263896
32.33	9.666314471071818
32.34	11.84017570251567
32.35	8.539185175250728
32.36	6.6037555482407635
32.37	7.022867060231621
32.38	13.317013275356388
32.39	12.272587729239536
32.4	10.326706431244551
32.410000000000004	9.643339715616342
32.42	6.008368179043344
32.43	2.3733966424703428
32.44	2.0705732211311068
32.45	2.0938326771747633
32.46	2.37273572415121
32.47	4.926241291578723
32.480000000000004	11.923682354695218
32.49	15.22758471397738
32.5	15.384375110222882
32.51	15.978964172369011
32.52	16.753815130747043
32.53	17.756273007814574
32.54	16.844874131022266
32.55	20.63758725803396
32.56	22.590562214034843
32.57	23.441914203812907
32.58	24.148106172201505
32.59	25.50776579827638
32.6	24.232787518869017
32.61	24.0259177033852
32.62	28.054027797418332
32.63	22.230592633625225
32.64	19.19232211582211
32.65	17.569531753573333
32.660000000000004	20.881236076481226
32.67	18.29825211680467
32.68	27.50805803354205
32.69	22.494039328093578
32.7	20.36928363368407
32.71	18.273446034025174
32.72	22.154949950950275
32.730000000000004	23.34640009983384
32.74	21.333236792308455
32.75	22.987490966183813
32.76	22.902314794508545
32.77	18.663546464769652
32.78	17.81188462485656
32.79	19.59347158255304
32.8	17.52398901017337
32.81	16.9773481410676
32.82	15.348065222058084
32.83	18.909006808588522
32.84	15.581859498558295
32.85	13.487428997498471
32.86	16.715415393084307
32.87	18.79374290675643
32.88	18.602786794509207
32.89	19.961536655328402
32.9	17.919079309292755
32.910000000000004	20.198254334437777
32.92	16.821029168943028
32.93	14.306268043339989
32.94	10.934454123758265
32.95	10.704340286251785
32.96	10.201040112784463
32.97	12.783133895896473
32.980000000000004	15.690698360633398
32.99	12.420274594804491
33.0	10.269942618010004
33.01	13.045199201641624
33.02	13.232755193676821
33.03	16.183651715792685
33.04	21.987991869228694
33.05	30.01720537552481
33.06	26.744806903145893
33.07	33.51904275224883
33.08	28.98136902291235
33.09	31.08944276808533
33.1	26.818020511411948
33.11	32.13872176068457
33.12	25.598580341046933
33.13	24.415240662411914
33.14	32.10978224915942
33.15	36.89738498276315
33.160000000000004	33.04504117034212
33.17	29.26440639018169
33.18	31.134000082078934
33.19	28.554494040995433
33.2	23.87015577183872
33.21	24.314846822889432
33.22	22.185892863992628
33.230000000000004	23.787068096235416
33.24	25.92004611640601
33.25	21.237438599893718
33.26	23.8560338713441
33.27	19.351859888103405
33.28	23.69472947284082
33.29	18.61052444885915
33.3	19.20745485849762
33.31	19.70707900993025
33.32	17.51691395480985
33.33	15.903611456110946
33.34	18.884099808854575
33.35	16.859882637975243
33.36	16.213885647466736
33.37	16.94802695515321
33.38	16.90380600123732
33.39	17.93325633645407
33.4	13.644984281659857
33.410000000000004	10.88830238366475
33.42	8.11270758417784
33.43	12.433754722757996
33.44	11.433603535926325
33.45	19.037205592434717
33.46	19.808045568428433
33.47	19.903514450640028
33.480000000000004	20.88914897259427
33.49	19.724057991179127
33.5	17.376640193046924
33.51	19.883748120131422
33.52	17.826511074824325
33.53	18.143171248165043
33.54	22.987388369046652
33.55	22.580995983773395
33.56	36.21992626272043
33.57	32.901626737512515
33.58	31.94164769422611
33.59	34.887692996842745
33.6	38.78022638043306
33.61	32.620158100174464
33.62	35.78403580289734
33.63	31.241473081525797
33.64	35.69082053882262
33.65	30.737105049496126
33.660000000000004	32.85813726233562
33.67	26.404584067988633
33.68	25.917176544804356
33.69	27.05486104729867
33.7	21.690869179837854
33.71	26.275849829146157
33.72	22.15561059341985
33.730000000000004	22.40596242526286
33.74	22.502495235665403
33.75	21.46341999400382
33.76	17.30828403214378
33.77	15.400000977407636
33.78	12.975653702847264
33.79	13.070391938062162
33.8	19.965130562991735
33.81	17.200095646033354
33.82	20.314642350924473
33.83	17.512577153795718
33.84	17.396366424261604
33.85	23.299348905520002
33.86	20.877581699022702
33.87	17.69023116600352
33.88	16.32763668252309
33.89	18.19697201324358
33.9	17.981661527065256
33.910000000000004	19.488886627901532
33.92	16.929660026312515
33.93	16.154325606125155
33.94	17.53930089286721
33.95	21.51022954801765
33.96	19.850039999910216
33.97	28.7857175115743
33.980000000000004	27.087724986910402
33.99	31.233469528240963
34.0	39.29205015542036
34.01	34.271355476232635
34.02	28.02170574039026
34.03	25.60226412971732
34.04	29.64288270960325
34.05	24.66736623913326
34.06	24.413507075673518
34.07	20.922896605340952
34.08	17.39767691409776
34.09	14.061435706904852
34.1	14.1422807459668
34.11	14.199203535022075
34.12	11.931737314240582
34.13	15.162049860009144
34.14	23.96024160166895
34.15	22.215927567391624
34.160000000000004	26.347066563584086
34.17	21.54129841270035
34.18	17.792007821199572
34.19	15.55853863809468
34.2	27.877071374431406
34.21	23.928337957949765
34.22	19.803539893421473
34.230000000000004	21.48371049710541
34.24	18.41499553357582
34.25	17.319807957015772
34.26	13.950890287511921
34.27	13.519624128620986
34.28	15.437536649208372
34.29	12.015965870301999
34.300000000000004	11.696891417861233
34.31	12.57521566118385
34.32	14.48463420675543
34.33	15.485112854317483
34.34	17.147469772364897
34.35	16.212537258413146
34.36	15.378897104703686
34.37	12.493595105794371
34.38	14.393960403500165
34.39	11.683999405048215
34.4	10.941623636665618
34.410000000000004	11.983872644557565
34.42	16.70486183695159
34.43	16.949873600723855
34.44	15.224213791394568
34.45	26.02627123082006
34.46	32.31168112177263
34.47	30.41082355746096
34.480000000000004	32.78720965884019
34.49	35.052130488065025
34.5	35.44498672791853
34.51	33.29523961452894
34.52	32.4411816277163
34.53	28.785120949639534
34.54	27.57025736426285
34.550000000000004	24.440716110853874
34.56	30.003133567648096
34.57	29.874639918777007
34.58	34.33177492122821
34.59	35.14860984285177
34.6	33.36659884903124
34.61	26.439084559416106
34.62	21.182982866195424
34.63	29.123138226711358
34.64	22.7961638325172
34.65	19.494905749285422
34.660000000000004	25.271034294611
34.67	26.085770402587276
34.68	22.960597423975823
34.69	22.50896970005293
34.7	19.740551080371503
34.71	18.985840759516446
34.72	27.472200496591043
34.730000000000004	24.574902977321678
34.74	27.303895160695994
34.75	32.134669883555524
34.76	30.91796615935121
34.77	32.09649424890144
34.78	26.808763741582524
34.79	25.466360181484486
34.800000000000004	22.983431823493618
34.81	17.61496116206257
34.82	15.808778960958046
34.83	14.640978249922947
34.84	18.841538105449356
34.85	15.810372225626544
34.86	15.421321762162707
34.87	19.823717622375835
34.88	28.674327005935485
34.89	25.96036798950739
34.9	23.990780184054476
34.910000000000004	27.26004247197991
34.92	23.741316550897636
34.93	21.753304335393068
34.94	23.046715827574847
34.95	32.27143156247334
34.96	28.32521573809266
34.97	39.31099344153215
34.980000000000004	42.747159437592416
34.99	37.75247647080057
35.0	30.646462632999338
35.01	33.13649291869088
35.02	27.67485176024126
35.03	24.67908586809112
35.04	23.492730899792544
35.050000000000004	20.65696550174338
35.06	18.148738936441124
35.07	15.027145867605283
35.08	11.888682645583234
35.09	11.112199841153432
35.1	10.787371437134857
35.11	8.44734601072552
35.12	7.332392297917779
35.13	9.4100297902017
35.14	11.03993906224318
35.15	16.34914035547875
35.160000000000004	14.858020403156424
35.17	13.126718651558177
35.18	24.02413794172712
35.19	21.24299260489859
35.2	25.518937704436027
35.21	36.26065310744413
35.22	30.36057681074724
35.230000000000004	24.523369552918513
35.24	21.082618639536193
35.25	22.90665548996611
35.26	26.1092755619471
35.27	25.527851977173388
35.28	24.681232633105708
35.29	23.073179360654304
35.300000000000004	20.02944739594632
35.31	22.27997338084313
35.32	33.90657821287574
35.33	30.927670635966997
35.34	29.895557237685853
35.35	25.345527617721427
35.36	20.14990710049523
35.37	20.65959132796529
35.38	30.629017655124617
35.39	30.668137253339985
35.4	29.027935936433288
35.410000000000004	25.327432392216185
35.42	23.559218101552478
35.43	18.37017565851702
35.44	15.144938360425165
35.45	12.491831559920549
35.46	16.730246782281682
35.47	15.806615544839957
35.480000000000004	20.663390055150902
35.49	25.408472912878302
35.5	21.45369991342718
35.51	20.424518197470334
35.52	21.35267285036282
35.53	20.99547574724318
35.54	20.783418187041704
35.550000000000004	22.833147430950078
35.56	27.504918301698535
35.57	21.848279565255105
35.58	27.192278861613612
35.59	21.7031469796156
35.6	17.753524974203806
35.61	16.38199685534017
35.62	17.58812096360721
35.63	18.439838710966935
35.64	18.635672378508406
35.65	18.30920913806208
35.660000000000004	17.598258390523444
35.67	15.216318324050363
35.68	13.119023703052777
35.69	18.33440396833234
35.7	17.18423320414215
35.71	22.37892699041891
35.72	26.548413428185
35.730000000000004	26.864216800934106
35.74	22.214341344328826
35.75	31.32831672580758
35.76	25.08863020804174
35.77	24.49580714906136
35.78	21.61754210271468
35.79	26.081525514918354
35.800000000000004	25.75515500219175
35.81	27.795806571807635
35.82	26.07874337078337
35.83	22.539602494876107
35.84	25.142092427142256
35.85	24.14837556395415
35.86	22.805502651942284
35.87	18.29185426379826
35.88	17.34187353129981
35.89	15.109533382331326
35.9	21.255935226311628
35.910000000000004	18.221662212329548
35.92	16.924079875395616
35.93	16.245543777804482
35.94	16.61039029197337
35.95	16.09622649645217
35.96	17.556196367373193
35.97	17.911499284092272
35.980000000000004	14.449137206717909
35.99	13.421248552625794
36.0	15.40778470013913
36.01	15.617879379794163
36.02	16.014712709999177
36.03	12.859690785144009
36.04	13.378498032559433
36.050000000000004	10.953912527114177
36.06	9.969414560638308
36.07	10.15631296191558
36.08	7.571724108291826
36.09	4.781252515838651
36.1	5.916084665803969
36.11	7.583242890662082
36.12	9.223225521451237
36.13	11.276922084180018
36.14	14.210016673348585
36.15	15.887526145959482
36.160000000000004	19.71907323083378
36.17	22.377858133521613
36.18	25.327772206863386
36.19	22.669244800661236
36.2	23.77556314494438
36.21	20.062212708552483
36.22	27.389630906329884
36.230000000000004	23.484389677877925
36.24	18.32673880530031
36.25	14.94569154248127
36.26	13.20307005632538
36.27	14.558600831078564
36.28	14.237385844152008
36.29	14.285754068400523
36.300000000000004	13.978193409452405
36.31	17.334709011568606
36.32	20.953729827499302
36.33	18.407395350024462
36.34	20.345727161506442
36.35	18.898772316416533
36.36	19.959790855277824
36.37	21.58265538262194
36.38	20.361483163586158
36.39	28.23308518032719
36.4	24.201363554596384
36.410000000000004	25.255459270007314
36.42	23.310933010899436
36.43	30.09422601427041
36.44	30.20668839430843
36.45	23.74609787180755
36.46	22.85244114699854
36.47	24.217293182751032
36.480000000000004	20.43665008071513
36.49	17.716293551864055
36.5	19.42302316661873
36.51	18.57125665674248
36.52	15.607949561379375
36.53	15.041267999879501
36.54	16.05858245008768
36.550000000000004	12.541031079480145
36.56	13.047957849545696
36.57	12.418845390331324
36.58	12.973619420389708
36.59	14.154315386449664
36.6	16.366086542518296
36.61	16.12446977744165
36.62	16.96903205663505
36.63	17.31910095165127
36.64	19.306642898894236
36.65	15.575968033723568
36.660000000000004	24.257859157396076
36.67	20.15639317642218
36.68	18.831977456711034
36.69	23.52202135441319
36.7	25.449909964263995
36.71	20.360746613562817
36.72	19.643377405319846
36.730000000000004	17.850350138162053
36.74	18.07252659029945
36.75	18.469047234955543
36.76	16.171531997990957
36.77	14.24986704988502
36.78	13.58778279164673
36.79	10.623355232123172
36.800000000000004	12.726704267531964
36.81	11.42872529983539
36.82	12.485498257418087
36.83	10.179451857053941
36.84	10.026037040553907
36.85	10.677803654756953
36.86	8.286942563080824
36.87	6.099678581050153
36.88	4.588897219097154
36.89	3.9913009113485947
36.9	8.675695218111983
36.910000000000004	11.346712739969806
36.92	14.689661482099796
36.93	15.720353837154772
36.94	12.252181677949055
36.95	9.319218521053857
36.96	8.297790212367756
36.97	8.474630377340539
36.980000000000004	8.10205456109577
36.99	14.056973015480823
37.0	13.601014552672996
37.01	15.069971215038075
37.02	15.7066745017161
37.03	15.891684509178042
37.04	24.7789419516822
37.050000000000004	24.662437404266385
37.06	25.189734183968543
37.07	22.895822332487846
37.08	19.114388302897602
37.09	17.405509648702335
37.1	18.275196607725746
37.11	17.741844590307867
37.12	22.526054014369034
37.13	21.20528984225348
37.14	16.708430867453828
37.15	13.058844650993679
37.160000000000004	10.440395758901012
37.17	10.19219441316747
37.18	10.856127897565942
37.19	14.550462965441218
37.2	16.130360472770917
37.21	15.886118243179615
37.22	19.478460226216146
37.230000000000004	21.99457163911026
37.24	21.970619002211834
37.25	22.122222563536813
37.26	23.70669740857786
37.27	28.796037464220074
37.28	29.867733071816033
37.29	28.778931782817047
37.300000000000004	24.65775065924484
37.31	23.391044869620906
37.32	22.731234467218467
37.33	21.440447327393233
37.34	24.448361462951127
37.35	22.144494139144324
37.36	17.008593728784547
37.37	14.173807129048713
37.38	12.204521963866524
37.39	12.580440522452397
37.4	10.563599225444255
37.410000000000004	13.34619641237076
37.42	11.449186514791593
37.43	11.946227976222772
37.44	12.70872884948943
37.45	14.505986150418831
37.46	11.856820072037872
37.47	9.885196208459341
37.480000000000004	9.625148774003877
37.49	9.810248390140984
37.5	13.220366535145562
37.51	13.40155111696317
37.52	14.866110592440647
37.53	15.641739136836817
37.54	20.013127075773713
37.550000000000004	20.654822963055413
37.56	18.68144704832149
37.57	17.44428352423346
37.58	14.24529676033609
37.59	15.65728719506245
37.6	25.512681444463407
37.61	31.363635239011632
37.62	26.868206049202715
37.63	25.825743186929216
37.64	24.6716773604784
37.65	24.448690448088897
37.660000000000004	20.79550352215718
37.67	20.529187448989653
37.68	28.952546941365114
37.69	26.527081827648985
37.7	25.94410996713813
37.71	22.26527431168185
37.72	20.639360475388578
37.730000000000004	21.358419859296152
37.74	17.09618258945054
37.75	21.43029256030804
37.76	17.3086720971652
37.77	22.816840987630833
37.78	26.448698470147416
37.79	24.459940210803534
37.800000000000004	29.560464269202576
37.81	24.92526459075884
37.82	21.588808027343052
37.83	18.988365127992644
37.84	16.233493130599367
37.85	13.963260649630616
37.86	11.688876144276419
37.87	13.791773128051457
37.88	15.69861692094513
37.89	12.444443486025554
37.9	10.116951353613524
37.910000000000004	8.67011496849493
37.92	10.678799539113538
37.93	12.13969140652539
37.94	13.616114818468652
37.95	10.294048695963177
37.96	9.550356780391006
37.97	7.588719809475204
37.980000000000004	4.378162072799236
37.99	1.3410735311111195
38.0	0.3092093890461799
38.01	-4.381372099822459
38.02	-2.5148686721018354
38.03	-4.697095357749307
38.04	-7.086495570086445
38.050000000000004	-8.179404215316817
38.06	-8.491505009455485
38.07	-11.045396332136091
38.08	-8.702790798712648
38.09	-11.337118983538334
38.1	-10.55952385161243
38.11	-10.63444951291829
38.12	-10.214842505877188
38.13	-12.855519001513889
38.14	-10.087625180597243
38.15	-8.5945389479125
38.160000000000004	-13.024611391315736
38.17	-10.26865646173056
38.18	-11.156215388574115
38.19	-11.532339897951271
38.2	-14.911485154752148
38.21	-14.657082944791444
38.22	-16.319382272332124
38.230000000000004	-20.44777046156477
38.24	-26.723521300019048
38.25	-30.246902795513517
38.26	-32.73093753194895
38.27	-30.300122658898783
38.28	-28.173205789012705
38.29	-25.394380212123867
38.300000000000004	-23.62998739941902
38.31	-22.284919418383137
38.32	-22.349263770992607
38.33	-22.715137936082122
38.34	-21.310143265972233
38.35	-20.557119148406667
38.36	-20.971940401681273
38.37	-17.079338175792216
38.38	-15.59983984109075
38.39	-14.278284219041272
38.4	-19.065037651305488
38.410000000000004	-18.826040157784483
38.42	-17.08975206004905
38.43	-20.14692571571228
38.44	-17.902086186535286
38.45	-25.143248712764642
38.46	-20.491526974253297
38.47	-26.950122591159527
38.480000000000004	-25.849927602938305
38.49	-23.546969424962068
38.5	-19.48424898642885
38.51	-18.936970190149562
38.52	-17.09969897927136
38.53	-14.583039992560979
38.54	-16.26051030899758
38.550000000000004	-28.13887905920072
38.56	-27.104874559383866
38.57	-31.35857325553422
38.58	-24.478763481262785
38.59	-20.799894283539654
38.6	-18.876714880223627
38.61	-32.007390083562704
38.62	-35.05198502854263
38.63	-32.649367461657924
38.64	-27.702781412088036
38.65	-30.923815620914837
38.660000000000004	-27.47937267173708
38.67	-22.999939956639363
38.68	-24.94530345722028
38.69	-20.38353547786764
38.7	-20.66682682113642
38.71	-16.461193679449494
38.72	-14.128041574112899
38.730000000000004	-11.09938455036895
38.74	-9.43466833936668
38.75	-10.803581276433876
38.76	-15.713275897058946
38.77	-14.114704878521746
38.78	-23.974308689615732
38.79	-23.18057662798057
38.800000000000004	-24.323039628687372
38.81	-18.818721629303056
38.82	-14.84573824263742
38.83	-17.227445604184783
38.84	-18.609282376326934
38.85	-15.537340665819949
38.86	-14.481754197561735
38.87	-17.10084688985938
38.88	-14.754884435297372
38.89	-15.040402291342408
38.9	-12.05793311440506
38.910000000000004	-12.105536057950923
38.92	-11.339517197581408
38.93	-21.25049919566058
38.94	-19.622640391160743
38.95	-15.668537255301556
38.96	-14.26196751653294
38.97	-21.72015917980937
38.980000000000004	-21.664811040706045
38.99	-20.51824275407122
39.0	-18.210916411467007
39.01	-16.530404900158853
39.02	-20.972481605040915
39.03	-21.446188257730366
39.04	-23.399129809449438
39.050000000000004	-20.850597018410298
39.06	-16.0503286435541
39.07	-12.677022519119108
39.08	-18.091010389019484
39.09	-15.88706509014834
39.1	-19.595227776034843
39.11	-20.62990512041475
39.12	-26.025791459779676
39.13	-26.268395415832163
39.14	-29.971600883991716
39.15	-28.00063805413631
39.160000000000004	-29.697646474313004
39.17	-29.844983620392096
39.18	-29.138192447270015
39.19	-28.45557262487207
39.2	-30.318242664382314
39.21	-29.291853863411035
39.22	-25.503791093082306
39.230000000000004	-23.286657451972594
39.24	-22.925931755377118
39.25	-19.825710578860022
39.26	-18.75442626617118
39.27	-16.15677150209065
39.28	-18.265636911171743
39.29	-18.551554100448833
39.300000000000004	-19.760278826351314
39.31	-18.631939467185195
39.32	-15.830602183041316
39.33	-14.528236029971925
39.34	-25.535952367050047
39.35	-25.631252185758452
39.36	-22.880117741408792
39.37	-30.013240649608186
39.38	-24.523047220588257
39.39	-19.98925080550699
39.4	-17.75320575015478
39.410000000000004	-13.96655341572735
39.42	-12.698045766479927
39.43	-14.489803855216099
39.44	-14.809148756293832
39.45	-11.938652183794039
39.46	-12.40203938667696
39.47	-12.92731613579954
39.480000000000004	-10.628603459614903
39.49	-12.038473132619545
39.5	-14.84682635796721
39.51	-18.846198356355846
39.52	-18.519966071609254
39.53	-19.800063073730982
39.54	-21.743499387182062
39.550000000000004	-18.88654242096567
39.56	-17.772892375936472
39.57	-19.829383213219703
39.58	-18.314946136549512
39.59	-18.31958776476876
39.6	-17.038615642180126
39.61	-20.43109238100881
39.62	-17.101446323100937
39.63	-15.964865787449845
39.64	-16.802361530914407
39.65	-20.981596467360507
39.660000000000004	-26.92428714758993
39.67	-26.62313546331473
39.68	-25.1003878546123
39.69	-20.31084057953865
39.7	-16.583279125300812
39.71	-14.284123240459515
39.72	-11.661751008030802
39.730000000000004	-9.823376951991913
39.74	-9.99151126419238
39.75	-10.765266007086858
39.76	-8.568914736922206
39.77	-9.80077920121736
39.78	-11.72322084140581
39.79	-19.48238276304399
39.800000000000004	-22.285302449700097
39.81	-22.39163962912586
39.82	-25.82260006498239
39.83	-24.397039612766584
39.84	-22.271455066770407
39.85	-23.173132131562436
39.86	-18.655842241058718
39.87	-14.755224630968243
39.88	-12.76448972131602
39.89	-16.612267266124938
39.9	-17.866647347795073
39.910000000000004	-21.57908050995508
39.92	-21.468046357742406
39.93	-25.66650035699826
39.94	-30.013273734822825
39.95	-28.135624405955085
39.96	-23.565051302101033
39.97	-19.476084197192836
39.980000000000004	-18.734335349240176
39.99	-17.816241073108113
40.0	-16.30940024102753
40.01	-19.810369916112236
40.02	-19.796734389007145
40.03	-19.84211183430346
40.04	-18.186188435407743
40.050000000000004	-22.429337326291925
40.06	-22.477731262037473
40.07	-22.861828348840277
40.08	-25.960694325622054
40.09	-30.205237510290083
40.1	-31.94301412433755
40.11	-25.645480344475118
40.12	-22.72715697070664
40.13	-21.57885656599155
40.14	-23.219340232355247
40.15	-21.082704655592725
40.160000000000004	-17.93299003128819
40.17	-16.32238848429319
40.18	-13.107229477329959
40.19	-20.479815230195978
40.2	-20.308117368275763
40.21	-21.891056010941835
40.22	-20.308464241964792
40.230000000000004	-21.7872310123368
40.24	-28.615000469282773
40.25	-22.6837617010481
40.26	-20.57808436114991
40.27	-29.51000510118154
40.28	-24.240971029424664
40.29	-20.260546130147965
40.300000000000004	-17.433240579861174
40.31	-13.777674613785138
40.32	-11.906320593088642
40.33	-10.945649148912741
40.34	-10.837869385961518
40.35	-9.28081977976889
40.36	-9.275846422775858
40.37	-12.664394393119986
40.38	-27.894810679219226
40.39	-25.216895344669783
40.4	-23.051143198970514
40.410000000000004	-32.353554553605704
40.42	-32.78399944702926
40.43	-27.247545242532436
40.44	-26.160038671853922
40.45	-24.31069401239402
40.46	-28.047396433360046
40.47	-30.801951016418588
40.480000000000004	-26.966436531463515
40.49	-30.95810012322032
40.5	-30.006863592944033
40.51	-27.737138389432566
40.52	-26.644678812848195
40.53	-26.085829665763274
40.54	-23.857896449735406
40.550000000000004	-21.413184180284265
40.56	-17.075116663763207
40.57	-18.96575973773425
40.58	-18.49353665400474
40.59	-15.03499360065196
40.6	-19.925678636977636
40.61	-20.137826697472327
40.62	-20.51366395861801
40.63	-17.083604211218066
40.64	-13.373617012330905
40.65	-10.797621198158193
40.660000000000004	-9.593956378153083
40.67	-11.861666046518785
40.68	-13.789557195346344
40.69	-17.95178922946959
40.7	-14.989180184786207
40.71	-11.652377005506088
40.72	-8.677515200521906
40.730000000000004	-7.259172209671104
40.74	-6.8688229803496075
40.75	-6.969028348946963
40.76	-9.42731852286896
40.77	-11.927767635374458
40.78	-10.690698842081684
40.79	-8.870242096339732
40.800000000000004	-8.479242845655664
40.81	-8.759176050327884
40.82	-10.752893251635708
40.83	-10.422359605859993
40.84	-9.957665597545013
40.85	-15.01197960492636
40.86	-15.086949736261785
40.87	-19.808773852415822
40.88	-23.679562197849087
40.89	-25.101239469825494
40.9	-24.52283799360736
40.910000000000004	-22.96259070688734
40.92	-23.479674446417913
40.93	-19.238916727989995
40.94	-16.253407161154946
40.95	-13.561224255803346
40.96	-13.998244750379282
40.97	-16.971911714898546
40.980000000000004	-13.792741361685984
40.99	-16.61281549477468
41.0	-14.889449925774827
41.01	-14.99073990131207
41.02	-16.21791852560754
41.03	-12.614092335940473
41.04	-11.256445584314967
41.050000000000004	-13.93989062858693
41.06	-17.982975787638413
41.07	-16.318448524947733
41.08	-15.151373789898946
41.09	-15.222918498692769
41.1	-23.13673503562179
41.11	-22.22800565118468
41.12	-23.58166294546831
41.13	-20.6575558727662
41.14	-31.94261558738259
41.15	-28.184967680239488
41.160000000000004	-26.954360890148934
41.17	-25.440582526287372
41.18	-24.541872189617056
41.19	-22.44876646199893
41.2	-25.261566049005932
41.21	-29.985262762310484
41.22	-28.7696887769111
41.230000000000004	-23.741577178658982
41.24	-23.367393260573717
41.25	-20.687872957555168
41.26	-19.935272813164474
41.27	-16.900182824539044
41.28	-16.449871655594514
41.29	-16.160823798279484
41.300000000000004	-18.200956287280125
41.31	-17.134125780154754
41.32	-13.266880688761777
41.33	-11.998526851151482
41.34	-13.038827584198419
41.35	-18.70748586038316
41.36	-22.494634543393865
41.37	-17.789292681241
41.38	-14.869958734364227
41.39	-14.429393636057425
41.4	-19.984174698393687
41.410000000000004	-19.209084179496298
41.42	-15.498069178097671
41.43	-13.724016502019031
41.44	-26.1135091448622
41.45	-22.807629415493047
41.46	-18.308844384149527
41.47	-16.641836872647147
41.480000000000004	-14.49168370623657
41.49	-12.220222667438572
41.5	-10.418952970842618
41.51	-9.321811416316798
41.52	-8.26391466375595
41.53	-8.778737785743587
41.54	-9.947283694503884
41.550000000000004	-10.930228701628193
41.56	-14.028335062247105
41.57	-17.808522733617618
41.58	-16.172236905030367
41.59	-15.529188501114833
41.6	-16.320177629495983
41.61	-15.448739503276203
41.62	-18.110177803925023
41.63	-14.436020468143766
41.64	-13.561652877781981
41.65	-15.651634841355829
41.660000000000004	-16.868872259415223
41.67	-15.74524770573824
41.68	-14.403589577989063
41.69	-15.507914840236184
41.7	-15.285743959840561
41.71	-18.053676972450962
41.72	-18.570706265184523
41.730000000000004	-16.251955127631927
41.74	-17.302801047975965
41.75	-17.505189120897164
41.76	-13.74938930473913
41.77	-13.929479664442022
41.78	-17.44837994066234
41.79	-13.646035087315546
41.800000000000004	-12.560424597965406
41.81	-11.202964000769311
41.82	-12.220614796494766
41.83	-15.310429103144534
41.84	-15.39980043088988
41.85	-18.083647797166226
41.86	-22.073115320710247
41.87	-20.588103179985563
41.88	-20.670047806286302
41.89	-18.58023503639305
41.9	-23.793052476368693
41.910000000000004	-19.296951962613687
41.92	-19.463850995255612
41.93	-21.41738531040726
41.94	-26.476956998652945
41.95	-22.601910892917395
41.96	-26.83849912049112
41.97	-21.398549256117814
41.980000000000004	-24.882304657334092
41.99	-23.052626670214547
42.0	-20.291328350376176
42.01	-23.022595268902062
42.02	-18.81005706486551
42.03	-18.031993997759038
42.04	-28.778704127536233
42.050000000000004	-24.08580465602975
42.06	-20.089952488716282
42.07	-18.26714452619376
42.08	-14.95469596299893
42.09	-15.206723963964473
42.1	-22.287364754201707
42.11	-27.703766694337613
42.12	-24.207006239286457
42.13	-18.873449875473856
42.14	-14.709839614865869
42.15	-11.381779427252896
42.160000000000004	-14.622494744916777
42.17	-20.549000060073077
42.18	-23.16167616735541
42.19	-20.900793172865043
42.2	-18.792374930791784
42.21	-23.408805556091295
42.22	-22.48702642566578
42.230000000000004	-18.473815625752213
42.24	-20.129174881311823
42.25	-22.028292424654822
42.26	-23.460347394473846
42.27	-22.700681826814606
42.28	-18.922539547880113
42.29	-18.247800429345936
42.300000000000004	-20.57889105710951
42.31	-17.654717498458808
42.32	-18.63125382514395
42.33	-18.567102442627686
42.34	-19.53829041932905
42.35	-21.16575421346749
42.36	-21.223879650621097
42.37	-16.27723121242177
42.38	-14.309225315556347
42.39	-12.861677360316452
42.4	-11.73367940472396
42.410000000000004	-14.848308663189993
42.42	-21.021162133233805
42.43	-19.82866409265964
42.44	-20.076220658885656
42.45	-18.733109513818345
42.46	-17.415579495773354
42.47	-18.66269710880648
42.480000000000004	-22.505183131810302
42.49	-17.540312286746158
42.5	-15.832979322087228
42.51	-14.91144812232486
42.52	-11.980040965883916
42.53	-10.68422407167458
42.54	-13.175488200645521
42.550000000000004	-19.12239767183873
42.56	-20.80661181841313
42.57	-21.2066314756436
42.58	-19.29727700314892
42.59	-18.89522458995402
42.6	-20.716038919842102
42.61	-21.48007058701243
42.62	-29.752675414368973
42.63	-23.771874539854267
42.64	-21.011072169700203
42.65	-18.152642872625698
42.660000000000004	-19.194647977098843
42.67	-22.175496910058474
42.68	-25.20125072149752
42.69	-30.104465628736488
42.7	-24.651959395422637
42.71	-23.566870036447266
42.72	-22.709302708015635
42.730000000000004	-18.796245669309073
42.74	-24.782235495242716
42.75	-22.48885446343581
42.76	-19.55212550529298
42.77	-17.32122098938898
42.78	-16.257523552791653
42.79	-16.79625732154429
42.800000000000004	-17.516512255429074
42.81	-17.228172168179995
42.82	-17.289697752853893
42.83	-17.645503753056115
42.84	-17.47723848936456
42.85	-14.698591645905532
42.86	-18.313665838886003
42.87	-18.795859528374216
42.88	-16.449101868919133
42.89	-15.508439379056764
42.9	-18.616735849702323
42.910000000000004	-17.009932740264713
42.92	-25.71405068226757
42.93	-25.50871994751534
42.94	-22.321827791081624
42.95	-23.88469910655586
42.96	-26.279329882220846
42.97	-33.31176904578019
42.980000000000004	-28.5688035161154
42.99	-25.984392032973297
43.0	-23.3151952165454
43.01	-21.147577968347587
43.02	-21.04206779356725
43.03	-19.31249892950819
43.04	-18.816452810472885
43.050000000000004	-19.045685474260896
43.06	-19.885891625941717
43.07	-15.512554995203576
43.08	-13.715397988181417
43.09	-16.3101815238666
43.1	-18.003223064497544
43.11	-15.313352342365151
43.12	-22.50112842488576
43.13	-21.95270335785653
43.14	-25.896405651041416
43.15	-20.230589514293545
43.160000000000004	-16.032526310038413
43.17	-18.10588059751569
43.18	-18.9813688456764
43.19	-22.103855701217842
43.2	-18.418262951364
43.21	-16.814164439557334
43.22	-14.247722158696504
43.230000000000004	-16.893798939952934
43.24	-13.751158354451473
43.25	-16.460552632034723
43.26	-20.073138024725242
43.27	-20.316858580849974
43.28	-16.512711453568734
43.29	-15.395727340095688
43.300000000000004	-15.690189602750655
43.31	-19.089087883708228
43.32	-23.63218414000162
43.33	-20.433778348772382
43.34	-16.8878754380351
43.35	-19.0798766999063
43.36	-20.41830987709962
43.37	-20.85285203243815
43.38	-18.803573625700853
43.39	-18.19612848711701
43.4	-18.14528964174344
43.410000000000004	-17.135440649164995
43.42	-21.823498726340492
43.43	-20.68778763788182
43.44	-23.27821513455059
43.45	-19.579614221055984
43.46	-18.39786869579191
43.47	-22.160701049209276
43.480000000000004	-21.23131803598825
43.49	-22.080452130431997
43.5	-21.282177420229434
43.51	-21.029750848183063
43.52	-23.866078081846055
43.53	-22.41035694786746
43.54	-18.977130791022148
43.550000000000004	-19.6928331158494
43.56	-18.174219799981728
43.57	-15.150519736582396
43.58	-17.909782892219543
43.59	-14.529591686065109
43.6	-14.058931721854071
43.61	-14.678009973063809
43.62	-11.349080308756525
43.63	-9.241310968639613
43.64	-10.105297517779505
43.65	-16.790000905914212
43.660000000000004	-20.446867201518575
43.67	-18.242165078578648
43.68	-20.951993905227095
43.69	-20.924873610181955
43.7	-20.480727285259096
43.71	-27.437750053653204
43.72	-25.29722472210251
43.730000000000004	-32.78382459569425
43.74	-27.364552399107605
43.75	-22.43144618696787
43.76	-21.430596679032995
43.77	-21.963503591373748
43.78	-21.541485160469023
43.79	-19.167436386705894
43.800000000000004	-21.439709053406542
43.81	-26.556243143748556
43.82	-26.849370532078435
43.83	-25.922910052757963
43.84	-22.242567271504893
43.85	-23.85106465165498
43.86	-23.49635135070376
43.87	-28.03160425274619
43.88	-26.687963289680102
43.89	-25.82674242127814
43.9	-21.04675906848013
43.910000000000004	-21.266274163131133
43.92	-22.472170209334084
43.93	-24.335712967725694
43.94	-20.891855381179962
43.95	-22.65494398005263
43.96	-19.573850280904708
43.97	-17.91611787451673
43.980000000000004	-20.226005536332096
43.99	-25.147384338130088
44.0	-19.633592013096685
44.01	-17.629570575710503
44.02	-18.658648297274677
44.03	-19.824835972105575
44.04	-19.979561573377858
44.050000000000004	-24.860208842538164
44.06	-34.51435028341541
44.07	-30.64763723390414
44.08	-29.105294098035618
44.09	-28.23379984969864
44.1	-23.830681641248635
44.11	-25.686206638690113
44.12	-25.191465742820007
44.13	-20.183720844554912
44.14	-18.202733762180305
44.15	-18.787909023860525
44.160000000000004	-15.930566061364193
44.17	-18.734478277441745
44.18	-18.84514033451398
44.19	-18.363481470239346
44.2	-20.030497440837333
44.21	-25.81253396684511
44.22	-20.313481102290893
44.230000000000004	-16.877886784204378
44.24	-14.463228398642697
44.25	-12.902287214795138
44.26	-13.201248508856024
44.27	-14.94345876646169
44.28	-16.668646467810863
44.29	-15.807919891757056
44.300000000000004	-13.126047649417961
44.31	-11.503009687545829
44.32	-13.466663734897091
44.33	-10.517081411724106
44.34	-8.595104696777248
44.35	-7.908054015897476
44.36	-7.648822729331211
44.37	-9.96259573287094
44.38	-11.464254089535963
44.39	-8.070054352306972
44.4	-11.49326563670403
44.410000000000004	-11.428097560475681
44.42	-16.733496592999288
44.43	-16.60890543736408
44.44	-16.454534157701318
44.45	-19.0394800440593
44.46	-19.276014537046635
44.47	-18.593884742851582
44.480000000000004	-23.261031158793745
44.49	-23.281994580278703
44.5	-25.319418657921503
44.51	-20.44143670733157
44.52	-24.357080215598746
44.53	-23.395896445163594
44.54	-21.203333959306185
44.550000000000004	-18.320079111703333
44.56	-16.96684332223383
44.57	-24.986989665994063
44.58	-23.481999483043825
44.59	-22.377776597841063
44.6	-27.773353171952245
44.61	-26.655859858636937
44.62	-25.301836903399483
44.63	-21.043272524085186
44.64	-20.834565622530537
44.65	-21.911560709740293
44.660000000000004	-18.920055240591296
44.67	-18.960080542050775
44.68	-23.915580154487504
44.69	-23.91940304163111
44.7	-21.366411814917228
44.71	-24.527316761045768
44.72	-20.880229968342793
44.730000000000004	-20.060828793379716
44.74	-27.11953258904046
44.75	-24.797029277575486
44.76	-23.309779565901067
44.77	-21.43042593980038
44.78	-27.331789556751783
44.79	-25.54886113039963
44.800000000000004	-20.782320547714452
44.81	-16.59627766978132
44.82	-18.234532460452428
44.83	-24.975683693494428
44.84	-34.61645254400985
44.85	-29.244956789129816
44.86	-24.424039489386047
44.87	-21.679198532914167
44.88	-21.21214114231509
44.89	-19.060801383088265
44.9	-16.981342588709186
44.910000000000004	-14.631155775248436
44.92	-14.515094559111404
44.93	-16.92294771701582
44.94	-19.550976514073785
44.95	-20.476609825295537
44.96	-26.53378185899214
44.97	-25.549691882585282
44.980000000000004	-23.628326920924206
44.99	-27.78784785427071
45.0	-23.019360895591326
45.01	-22.25275875259602
45.02	-19.443682145810428
45.03	-24.361495185618995
45.04	-22.961612190050374
45.050000000000004	-21.27052535969552
45.06	-24.047409347488784
45.07	-22.168375050639376
45.08	-20.150822150199527
45.09	-16.209360821194704
45.1	-18.900259125311493
45.11	-14.928382521566238
45.12	-11.128762429637316
45.13	-7.5074259656967826
45.14	-7.303676442942507
45.15	-6.756573605533115
45.160000000000004	-6.0332934115661105
45.17	-5.548544167893119
45.18	-9.010072403724225
45.19	-7.99412016825128
45.2	-6.556490828399054
45.21	-7.055592782252646
45.22	-8.891207432324185
45.230000000000004	-9.635291987494123
45.24	-7.045364044964217
45.25	-6.331152683992255
45.26	-6.027503287926161
45.27	-6.162031263591471
45.28	-13.637843653623305
45.29	-16.643633725600505
45.300000000000004	-17.269929489102754
45.31	-15.032570338897747
45.32	-15.360944339974411
45.33	-24.069112721641293
45.34	-23.235453971740668
45.35	-22.264054090018075
45.36	-21.543818281285276
45.37	-23.096613720372307
45.38	-29.587860601775432
45.39	-30.51507150283506
45.4	-25.297714372061776
45.410000000000004	-22.952433814253965
45.42	-24.67552955600805
45.43	-20.068212750473982
45.44	-24.72846950481352
45.45	-33.1492912980484
45.46	-31.914061004025758
45.47	-27.802000012324424
45.480000000000004	-21.713872830318163
45.49	-19.26282651469362
45.5	-16.64234161581987
45.51	-17.488913295148084
45.52	-14.773298894083998
45.53	-15.888916288701347
45.54	-16.526276611472287
45.550000000000004	-12.633238213750447
45.56	-12.458853023025638
45.57	-11.78928558765445
45.58	-14.617215624031775
45.59	-13.150870492474573
45.6	-16.58116210804798
45.61	-13.374821838818363
45.62	-11.382068382481018
45.63	-9.704396133799941
45.64	-12.750345045301891
45.65	-9.837617542484688
45.660000000000004	-12.578390499528155
45.67	-14.748368222336566
45.68	-14.199287372655789
45.69	-13.833457914363823
45.7	-15.538016415890558
45.71	-14.600043977083804
45.72	-12.183665521262126
45.730000000000004	-10.524259027309991
45.74	-11.42866207390944
45.75	-13.070175392501485
45.76	-17.778177225039283
45.77	-18.65570788844042
45.78	-17.769613854841808
45.79	-18.561721271998262
45.800000000000004	-17.596942077785627
45.81	-14.988631784161363
45.82	-12.494555572655386
45.83	-13.542465000233499
45.84	-12.52732899726473
45.85	-11.68745861002168
45.86	-10.763246853434723
45.87	-18.23942128669492
45.88	-15.24831448646999
45.89	-13.829058291727947
45.9	-12.406543808864143
45.910000000000004	-15.45559605365515
45.92	-17.26427028382572
45.93	-16.03795825496283
45.94	-15.80450913852446
45.95	-13.860402316991248
45.96	-12.598744137143502
45.97	-10.483470887913112
45.980000000000004	-8.01676332083661
45.99	-12.134501904132438
46.0	-19.37657724561405
46.01	-18.300361906190876
46.02	-19.69213499903044
46.03	-19.047129224545543
46.04	-21.933906138413565
46.050000000000004	-21.594300666100946
46.06	-18.118326690103473
46.07	-20.925760823971835
46.08	-16.296994282152134
46.09	-13.113241419018197
46.1	-13.526292820829285
46.11	-17.440303266792583
46.12	-14.614506691513977
46.13	-14.9828611532945
46.14	-13.72689886042795
46.15	-12.244694321488447
46.160000000000004	-19.52659261875326
46.17	-19.823346044155684
46.18	-15.52796050218522
46.19	-12.307672955814574
46.2	-17.953152415957756
46.21	-24.207795623092363
46.22	-27.568893804966155
46.230000000000004	-24.019382173655803
46.24	-19.0866118869316
46.25	-16.394696409711806
46.26	-20.71640300978738
46.27	-21.296146083861995
46.28	-18.64152179063139
46.29	-16.14477561337206
46.300000000000004	-15.255226644235076
46.31	-12.180989180616821
46.32	-16.389583447923236
46.33	-17.15979250696505
46.34	-16.59759023027169
46.35	-15.517994314453913
46.36	-17.33966034085341
46.37	-29.626235155017266
46.38	-26.86418936814504
46.39	-22.0499189881517
46.4	-19.623152767118103
46.410000000000004	-15.76371783626438
46.42	-18.787035949870628
46.43	-19.289333325510338
46.44	-15.618902530703762
46.45	-11.948471735894575
46.46	-8.78390718272497
46.47	-8.086158421910062
46.480000000000004	-7.388409661094658
46.49	-6.690660900279748
46.5	-7.282147245767581
46.51	-7.088042033344187
46.52	-6.350596932104086
46.53	-8.992242854304479
46.54	-8.53812382539079
46.550000000000004	-8.828841332156296
46.56	-10.315133197224762
46.57	-12.067438457744645
46.58	-11.80506846485957
46.59	-11.868162334296882
46.6	-15.117397199367476
46.61	-15.815933036208056
46.62	-14.310169882703637
46.63	-15.078199217435266
46.64	-13.427272342869443
46.65	-12.513638375321218
46.660000000000004	-10.316088057869706
46.67	-8.081020828215841
46.68	-10.316388148608075
46.69	-11.531069399311974
46.7	-11.320950690058414
46.71	-14.088359326128414
46.72	-17.002728145778715
46.730000000000004	-16.351441799436156
46.74	-16.04414916167753
46.75	-20.44617001379438
46.76	-19.765209135567346
46.77	-22.06213960982991
46.78	-24.27581415086213
46.79	-29.750811752686403
46.800000000000004	-29.164388310266528
46.81	-24.990417026333567
46.82	-21.553845834374645
46.83	-21.59262944825655
46.84	-17.358785986397297
46.85	-19.072175522145614
46.86	-24.07275582903301
46.87	-21.80959058750449
46.88	-30.084245664530766
46.89	-31.604191343202274
46.9	-34.23166567362571
46.910000000000004	-27.951860130685176
46.92	-28.03276500651105
46.93	-30.040698869732683
46.94	-26.12767417238346
46.95	-23.81503646178571
46.96	-19.77033624744898
46.97	-15.842865535370978
46.980000000000004	-15.031267523740782
46.99	-12.807997065069909
47.0	-15.13496000724334
47.01	-15.194339808088506
47.02	-16.938746224773407
47.03	-17.957915848932124
47.04	-17.094691340232803
47.050000000000004	-17.80468163061601
47.06	-17.122226065663266
47.07	-22.53581440835425
47.08	-22.012850022686298
47.09	-19.830714637158717
47.1	-21.13214667024351
47.11	-25.101722095657934
47.12	-20.89747498169654
47.13	-21.381914169701133
47.14	-22.36323571674325
47.15	-17.896322892426053
47.160000000000004	-14.009198945998937
47.17	-14.940736685615231
47.18	-20.49926903127326
47.19	-21.07183778416291
47.2	-19.406192393014972
47.21	-15.085617718897586
47.22	-11.640275191282797
47.230000000000004	-11.63392361580787
47.24	-8.812610550851419
47.25	-7.563969998687346
47.26	-7.901123295284244
47.27	-5.723004404940797
47.28	-7.454633420646566
47.29	-8.9407937982447
47.300000000000004	-9.19672891857282
47.31	-8.524135388394354
47.32	-8.57383497199143
47.33	-7.413764382807967
47.34	-8.34259917088099
47.35	-10.101807780085137
47.36	-12.04515438461494
47.37	-13.552530530227703
47.38	-14.716025834965038
47.39	-11.778826884878123
47.4	-10.09813432618227
47.410000000000004	-9.451191390560465
47.42	-10.442186884882878
47.43	-12.472585211673385
47.44	-11.383276839621734
47.45	-10.37513708039122
47.46	-11.071666202083845
47.47	-12.905705397566607
47.480000000000004	-12.223955823989856
47.49	-16.46320792389015
47.5	-16.203299274610636
47.51	-21.757625568189805
47.52	-17.47041117687351
47.53	-13.183196785560261
47.54	-11.168209839840241
47.550000000000004	-9.335168102196418
47.56	-8.870734348141914
47.57	-6.64102477886476
47.58	-8.079807134482355
47.59	-9.715302788141592
47.6	-10.058418853701545
47.61	-13.069099114737604
47.62	-15.559845759264453
47.63	-20.115563980076608
47.64	-25.3305787386421
47.65	-21.79975269411345
47.660000000000004	-19.211620967553237
47.67	-16.860932992545525
47.68	-19.714069401822503
47.69	-21.114047376921675
47.7	-20.142683677810005
47.71	-22.16077525279002
47.72	-23.47455276209568
47.730000000000004	-22.22072781114723
47.74	-21.470721516111755
47.75	-27.3417824326004
47.76	-22.466200330830258
47.77	-23.25681028031737
47.78	-26.87473650159818
47.79	-22.582593056434167
47.800000000000004	-22.910312552014
47.81	-22.40018554257627
47.82	-21.8245187952724
47.83	-23.203724373184382
47.84	-32.27195988970847
47.85	-40.52471272074466
47.86	-31.95765683158293
47.870000000000005	-28.926925510693007
47.88	-26.212396577811642
47.89	-23.418445321618833
47.9	-25.024955625180446
47.910000000000004	-23.50976307978549
47.92	-20.33572863861736
47.93	-19.494079786204733
47.94	-20.571038626334758
47.95	-19.376865725556385
47.96	-23.561894884035066
47.97	-20.305374770170296
47.980000000000004	-21.748496205394535
47.99	-21.87782670441562
48.0	-26.86123776282549
48.01	-21.241563116469973
48.02	-21.301205138403247
48.03	-18.210566537051854
48.04	-17.615114661002426
48.050000000000004	-22.19512138531218
48.06	-22.05004132350549
48.07	-21.791963119343794
48.08	-18.65162150587246
48.09	-19.05938373374932
48.1	-26.040080172783743
48.11	-25.577662286276276
48.120000000000005	-32.20542845673313
48.13	-31.981728274583777
48.14	-30.37778803539993
48.15	-27.847930683021175
48.160000000000004	-22.214504478408628
48.17	-20.088934742237306
48.18	-17.262106119182224
48.19	-19.065433487699746
48.2	-16.849555685766088
48.21	-13.097968056645087
48.22	-16.885271966206716
48.230000000000004	-19.660826777910145
48.24	-18.382078403541193
48.25	-19.425989527596027
48.26	-18.93871539605063
48.27	-16.66824522625933
48.28	-19.914051636503164
48.29	-28.29947451212517
48.300000000000004	-31.82042172412052
48.31	-30.508683176900504
48.32	-27.306998072437594
48.33	-29.242212963941288
48.34	-24.80562970158155
48.35	-24.591326216496565
48.36	-20.596814560325864
48.370000000000005	-22.40927999583667
48.38	-29.140551801021875
48.39	-24.584697428655286
48.4	-23.590922807056376
48.410000000000004	-27.81926242061083
48.42	-22.735482783165327
48.43	-22.46910123717004
48.44	-17.582309242448964
48.45	-15.744925964319608
48.46	-17.173080358893017
48.47	-16.234971116947907
48.480000000000004	-24.06919828818168
48.49	-22.402752799672946
48.5	-21.726119711504527
48.51	-20.66573269152701
48.52	-21.12495074171877
48.53	-19.090553307181725
48.54	-18.62986137942024
48.550000000000004	-18.982165278245287
48.56	-18.057010007084994
48.57	-26.45941648434511
48.58	-27.92046644795916
48.59	-25.56639669208771
48.6	-21.32092084199584
48.61	-21.112264801630896
48.620000000000005	-17.996152888872768
48.63	-29.14189831645411
48.64	-24.396007939560715
48.65	-23.25678872157161
48.660000000000004	-20.982418882734507
48.67	-21.373235382904916
48.68	-20.513639277179845
48.69	-20.17225151210066
48.7	-19.603492356093913
48.71	-19.671662568397956
48.72	-16.636249440405866
48.730000000000004	-16.49546078676608
48.74	-18.356760094169157
48.75	-19.338858965432397
48.76	-19.418304712658053
48.77	-21.908834074204115
48.78	-17.66709196389194
48.79	-18.57100825251532
48.800000000000004	-19.43508748373777
48.81	-20.307965350498208
48.82	-24.65940240853804
48.83	-25.21559779949855
48.84	-24.30359472994873
48.85	-23.199587837278404
48.86	-23.248476339383096
48.870000000000005	-19.921664762230517
48.88	-20.13970406828566
48.89	-29.760481233392248
48.9	-23.34815488466454
48.910000000000004	-19.116977650503017
48.92	-15.681703890087023
48.93	-15.727839202076618
48.94	-12.933709444894745
48.95	-12.525987311430875
48.96	-13.439650542668213
48.97	-24.677523981361666
48.980000000000004	-24.427255931586778
48.99	-20.480595286045826
49.0	-19.435616795826206
49.01	-33.817776307662704
49.02	-26.586754265846192
49.03	-22.436751573833515
49.04	-18.779717583967752
49.050000000000004	-22.557885107437855
49.06	-19.73169136956849
49.07	-16.837503528704925
49.08	-17.45457182044115
49.09	-18.06539206083903
49.1	-15.230874847117482
49.11	-15.155747748963842
49.120000000000005	-18.39946712500481
49.13	-19.8764081907975
49.14	-23.966310796699005
49.15	-21.657357004208322
49.160000000000004	-22.3675429264434
49.17	-30.511832251361756
49.18	-26.904420222558645
49.19	-38.28473151333278
49.2	-31.30396401649839
49.21	-26.020304729273175
49.22	-21.93257719302985
49.230000000000004	-23.220334968925762
49.24	-35.06863416019731
49.25	-36.83748195842271
49.26	-29.520775904788213
49.27	-24.46829519981237
49.28	-20.72091914191763
49.29	-22.213181179976733
49.300000000000004	-28.345346619828728
49.31	-32.17494634071906
49.32	-28.12660839367944
49.33	-26.837006150414794
49.34	-24.38017082493358
49.35	-20.59203086471867
49.36	-17.112604217028952
49.370000000000005	-19.09202922178316
49.38	-23.675269980958152
49.39	-25.273086444586315
49.4	-20.905995040559496
49.410000000000004	-22.417585051958078
49.42	-17.62231433291918
49.43	-15.185508286599614
49.44	-14.142588706119454
49.45	-14.833757221288524
49.46	-13.815633439990576
49.47	-12.018148678302259
49.480000000000004	-12.040471847929965
49.49	-13.98744774042536
49.5	-17.893034503106886
49.51	-14.556054696552184
49.52	-13.127470101399869
49.53	-14.683595280892716
49.54	-17.366361976680682
49.550000000000004	-16.846230855200872
49.56	-19.679513817646992
49.57	-17.851727366964084
49.58	-16.527580780054386
49.59	-14.243565811102645
49.6	-18.403632746390308
49.61	-22.31610176984503
49.620000000000005	-25.801396166205862
49.63	-20.970505864716223
49.64	-17.585233450192888
49.65	-16.084966541988553
49.660000000000004	-23.75749742985193
49.67	-20.428261326829503
49.68	-17.898268564082123
49.69	-17.894067235435138
49.7	-17.63004432958355
49.71	-13.643351953806633
49.72	-12.88284379565228
49.730000000000004	-13.635891906372656
49.74	-16.33345695899437
49.75	-14.80283635958713
49.76	-19.92835905357477
49.77	-24.48619890213843
49.78	-23.469450132366546
49.79	-22.19953980785547
49.800000000000004	-18.032033820634748
49.81	-18.01495587971714
49.82	-18.322921838937802
49.83	-17.73160357507141
49.84	-15.760076487146712
49.85	-17.021284986916505
49.86	-14.654346838539018
49.870000000000005	-14.519614800987108
49.88	-13.072297793928664
49.89	-15.325871779804057
49.9	-22.329376129073008
49.910000000000004	-24.206252500064657
49.92	-28.11094052055241
49.93	-29.429240289030066
49.94	-30.07144778437379
49.95	-24.891928679558443
49.96	-22.1205726785467
49.97	-28.11039933274095
49.980000000000004	-26.342848186774276
49.99	-31.022926251087096
50.0	-26.457766914320032
50.01	-20.070589386551145
50.02	-17.05005603559237
50.03	-14.186014388975561
50.04	-13.359205563752118
50.050000000000004	-18.92198735092615
50.06	-29.09401178332087
50.07	-27.805178767386455
50.08	-23.685872574343723
50.09	-23.547180146429106
50.1	-25.682359586717176
50.11	-24.250788989060567
50.120000000000005	-19.523646239656365
50.13	-18.38765095563607
50.14	-15.769585697997735
50.15	-14.455793420242767
50.160000000000004	-16.204238310259388
50.17	-20.786412557221656
50.18	-19.59998711396536
50.19	-21.157574032879776
50.2	-18.227910027260915
50.21	-14.902136647689792
50.22	-17.57851935291738
50.230000000000004	-17.02066446492206
50.24	-24.21705916744722
50.25	-29.57818059102158
50.26	-32.77581900411701
50.27	-37.65907393643132
50.28	-34.85534976295259
50.29	-28.717308695629573
50.300000000000004	-26.964383413936314
50.31	-27.695653925133332
50.32	-23.46292144400201
50.33	-26.062560388926943
50.34	-30.509108895189513
50.35	-35.27332102318541
50.36	-35.0375129489435
50.370000000000005	-29.44710397739038
50.38	-36.60203729520213
50.39	-32.75765198967989
50.4	-31.066804026636134
50.410000000000004	-28.550508770135906
50.42	-22.07311350946592
50.43	-21.43213718859815
50.44	-29.660346423477712
50.45	-30.823631075627958
50.46	-28.95518204949788
50.47	-24.64566305530466
50.480000000000004	-21.52571603823299
50.49	-16.76723330091902
50.5	-15.868588208086548
50.51	-17.806171268872735
50.52	-14.908691185563022
50.53	-11.985843484364187
50.54	-11.522115834313226
50.550000000000004	-23.494465100815926
50.56	-18.473167672239633
50.57	-15.794281818403308
50.58	-17.118667648401985
50.59	-16.036239726651605
50.6	-15.048224899090702
50.61	-14.186523388627197
50.620000000000005	-12.471087998290226
50.63	-11.572398945439451
50.64	-13.284351578342696
50.65	-10.304122779234905
50.660000000000004	-12.282671482747926
50.67	-14.455235161471931
50.68	-15.69806751994031
50.69	-25.288321099712466
50.7	-31.452839903455388
50.71	-26.637771148515526
50.72	-34.61613556849136
50.730000000000004	-28.93243420867314
50.74	-24.6306555805852
50.75	-22.58768758669504
50.76	-20.85947965416419
50.77	-20.81105217563029
50.78	-18.84840839789815
50.79	-16.419578122368037
50.800000000000004	-22.46699261298403
50.81	-21.650022836640904
50.82	-18.797287885120838
50.83	-23.125904677139495
50.84	-24.010208429760542
50.85	-20.049945885913186
50.86	-17.305906272890468
50.870000000000005	-15.431974253104096
50.88	-12.495575776371593
50.89	-9.492560232917512
50.9	-7.489481914752756
50.910000000000004	-9.000283114759036
50.92	-11.894989854194232
50.93	-21.393108869919836
50.94	-19.6163954646963
50.95	-18.422375151018485
50.96	-15.744727778113678
50.97	-20.557433123874553
50.980000000000004	-18.98642425182637
50.99	-25.831419916329672
51.0	-21.642552353404685
51.01	-17.916920638864713
51.02	-16.032318148613882
51.03	-13.766436490376616
51.04	-16.94151758552976
51.050000000000004	-16.634856995636643
51.06	-21.683712489894386
51.07	-20.37289494884757
51.08	-17.419662729663308
51.09	-20.514112955210724
51.1	-16.277950740286204
51.11	-15.694036311079495
51.120000000000005	-13.180755325731335
51.13	-20.393887803315533
51.14	-16.597674042982483
51.15	-13.839071377070432
51.160000000000004	-12.347487301743406
51.17	-10.188974432339768
51.18	-9.93110028143276
51.19	-11.262465078975604
51.2	-9.474218509155369
51.21	-14.338509274654676
51.22	-15.099032156487931
51.230000000000004	-20.121188816626425
51.24	-15.993466668984597
51.25	-17.13366663842025
51.26	-17.75010682445102
51.27	-21.666402578523027
51.28	-22.90887648445526
51.29	-22.903500161075282
51.300000000000004	-21.5519102532884
51.31	-23.48541257823833
51.32	-22.28766627946529
51.33	-24.420376949713457
51.34	-25.654279856701283
51.35	-25.410355287123505
51.36	-28.905566781146067
51.370000000000005	-28.85495593374947
51.38	-27.69717335007413
51.39	-26.035396232071548
51.4	-32.86275065669374
51.410000000000004	-32.15641342016048
51.42	-29.39641829117102
51.43	-33.07523245835151
51.44	-25.809429866390285
51.45	-21.615761049652868
51.46	-29.804390805531803
51.47	-28.433343326357424
51.480000000000004	-26.384927879248576
51.49	-22.78124684378273
51.5	-18.191477027554527
51.51	-20.06046771743209
51.52	-17.03656168766156
51.53	-13.334550101571379
51.54	-12.652439959096801
51.550000000000004	-13.027600622635006
51.56	-14.915664487465946
51.57	-11.479492643405639
51.58	-9.865608579110413
51.59	-8.515873862741195
51.6	-15.498164556935722
51.61	-16.674465262933335
51.620000000000005	-19.8573533281458
51.63	-22.390852134217518
51.64	-27.918353484655327
51.65	-23.63924992578914
51.660000000000004	-19.902447119894365
51.67	-23.70885643180021
51.68	-21.666126137062832
51.69	-20.310562817786955
51.7	-21.237465119963367
51.71	-21.104458925718802
51.72	-19.741480891143258
51.730000000000004	-23.00811540608955
51.74	-22.0424906684283
51.75	-22.08863059248232
51.76	-17.73888002288232
51.77	-13.953669100879301
51.78	-15.974565379938792
51.79	-13.07786198652494
51.800000000000004	-14.312920342586386
51.81	-15.294766595229197
51.82	-16.075642127661276
51.83	-15.221330181288149
51.84	-17.499944394507416
51.85	-21.796300862147024
51.86	-19.954565363463654
51.870000000000005	-15.845411781246819
51.88	-15.294372836629103
51.89	-12.722165129942479
51.9	-13.264506965576942
51.910000000000004	-10.567119990822347
51.92	-8.361219332622687
51.93	-6.743862105292696
51.94	-6.455922018097363
51.95	-11.696108125000048
51.96	-14.268341187745165
51.97	-17.701581353744594
51.980000000000004	-21.633758353248727
51.99	-26.924263745685696
52.0	-31.509709773789215
52.01	-33.0289428141694
52.02	-30.20899686007959
52.03	-31.910500374108857
52.04	-25.94667314970111
52.050000000000004	-19.720793642657068
52.06	-17.544538094590056
52.07	-15.976372857449839
52.08	-13.031657513320667
52.09	-14.804108874922669
52.1	-21.69957910059787
52.11	-27.233221312431365
52.120000000000005	-26.300241959941058
52.13	-28.0274888616111
52.14	-33.86100659483272
52.15	-31.858694626299613
52.160000000000004	-28.71890342513901
52.17	-25.453557814419423
52.18	-26.46980139492538
52.19	-24.466916565653264
52.2	-27.85143627394381
52.21	-25.618774224942836
52.22	-23.562528713887808
52.230000000000004	-25.742841672572872
52.24	-24.31072566713787
52.25	-19.425926791256327
52.26	-15.444802364877514
52.27	-16.664821932416693
52.28	-25.434791552834472
52.29	-20.115727100853903
52.300000000000004	-16.117332699312403
52.31	-14.147553054579728
52.32	-12.874714643602726
52.33	-13.179857275400037
52.34	-10.606730416536585
52.35	-11.51134034608297
52.36	-9.148576790616133
52.370000000000005	-9.279777280653317
52.38	-9.823281956688914
52.39	-13.248055015330921
52.4	-19.2006329066674
52.410000000000004	-19.936341953000515
52.42	-20.116495109576533
52.43	-23.282571292895057
52.44	-25.93145641950716
52.45	-21.60869546593135
52.46	-17.42149354519005
52.47	-14.649413847853271
52.480000000000004	-16.219144786627908
52.49	-18.048264716156606
52.5	-14.697047551061308
52.51	-12.174308702495054
52.52	-20.368829255008485
52.53	-27.095268769205575
52.54	-32.09300489832757
52.550000000000004	-28.101871753034082
52.56	-29.597543894157987
52.57	-28.534035255364973
52.58	-32.4733146970547
52.59	-27.027062071481488
52.6	-27.08812219004115
52.61	-25.197691967833464
52.620000000000005	-23.231873234129207
52.63	-20.807428843487024
52.64	-19.622209783891787
52.65	-25.920625825632886
52.660000000000004	-21.120726302758918
52.67	-17.820519181136262
52.68	-17.41258761435287
52.69	-14.303545969111477
52.7	-15.214800279980839
52.71	-15.60485905169124
52.72	-16.957594537416632
52.730000000000004	-18.594188692227924
52.74	-23.558486750134918
52.75	-20.62642165013455
52.76	-19.19752870397246
52.77	-15.868918448027154
52.78	-15.58351191515142
52.79	-13.416944593570193
52.800000000000004	-16.124041802138617
52.81	-17.22418833103461
52.82	-17.70377926942549
52.83	-20.245876047526323
52.84	-22.407620899379133
52.85	-18.517740731311168
52.86	-20.679377279637144
52.870000000000005	-20.840743680807805
52.88	-21.06358895401888
52.89	-18.50392430126008
52.9	-17.196446576459582
52.910000000000004	-14.114082295393546
52.92	-22.762118935412094
52.93	-19.46830823835453
52.94	-16.966669968216486
52.95	-16.97874340351042
52.96	-19.23870285968835
52.97	-27.39722014109909
52.980000000000004	-26.104330206188155
52.99	-33.80475342410963
53.0	-30.576145813272866
53.01	-25.24980651881988
53.02	-20.523935991938732
53.03	-22.1629032336936
53.04	-25.54531560407859
53.050000000000004	-20.50251429474029
53.06	-16.328208288618942
53.07	-15.250542020477969
53.08	-15.904687099719704
53.09	-21.517283608306762
53.1	-21.16452459296634
53.11	-20.081702066106924
53.120000000000005	-22.89590168044145
53.13	-24.641098476672692
53.14	-26.28189348244081
53.15	-24.39863217468424
53.160000000000004	-22.62597417962812
53.17	-25.65336842421648
53.18	-25.759768942710235
53.19	-23.19598198800376
53.2	-25.41296530521143
53.21	-30.06466780464455
53.22	-24.54568256532206
53.230000000000004	-21.322661273105645
53.24	-21.685129995903644
53.25	-20.635943162305114
53.26	-25.47002726429516
53.27	-24.09185181728157
53.28	-34.54011965558953
53.29	-33.538977128994496
53.300000000000004	-30.988392046128933
53.31	-37.682046913445774
53.32	-32.53405689601139
53.33	-27.822909108105318
53.34	-26.208195546878898
53.35	-25.589784337472157
53.36	-30.627412151488798
53.370000000000005	-30.706906427702577
53.38	-30.776020171309636
53.39	-27.02800522582329
53.4	-26.9893919402209
53.410000000000004	-23.364530909129186
53.42	-18.73513234312688
53.43	-17.210294493447645
53.44	-19.506640959423585
53.45	-15.865073800290086
53.46	-15.789538884582317
53.47	-20.384222713822812
53.480000000000004	-18.97761163530407
53.49	-14.813580049677732
53.5	-15.709106994721965
53.51	-17.358074461515372
53.52	-14.44453348386483
53.53	-18.886215849805197
53.54	-22.65928938200783
53.550000000000004	-29.584943757630537
53.56	-24.186499421149108
53.57	-24.636179595863876
53.58	-25.23204254739131
53.59	-26.27934624511809
53.6	-31.924208749867436
53.61	-27.38298520927655
53.620000000000005	-28.10816574709094
53.63	-30.76416889316833
53.64	-32.86272495922928
53.65	-27.348515772672222
53.660000000000004	-31.250456870533803
53.67	-26.27505449439647
53.68	-23.871232243411278
53.69	-19.613326349803085
53.7	-22.461498315556476
53.71	-17.490877704443985
53.72	-18.218231911618
53.730000000000004	-23.84482937353015
53.74	-18.990986823904557
53.75	-15.138865265278447
53.76	-12.522355205010024
53.77	-16.594413720388435
53.78	-24.134186004872912
53.79	-25.490975167016803
53.800000000000004	-24.30865901757639
53.81	-29.83642794672876
53.82	-27.221771610946107
53.83	-28.293538528536292
53.84	-23.356186224936337
53.85	-18.389270145730507
53.86	-18.089863532792307
53.870000000000005	-14.217375407871124
53.88	-12.678388075239587
53.89	-17.26412252062099
53.9	-19.355503716928137
53.910000000000004	-15.787446316469008
53.92	-16.925482796647827
53.93	-20.78745155785421
53.94	-17.187132589092354
53.95	-16.995772041267692
53.96	-17.195380899230454
53.97	-20.327184769995675
53.980000000000004	-19.325981259603292
53.99	-16.04234471878879
54.0	-20.073106712865535
54.01	-18.538522045986134
54.02	-15.04638822744378
54.03	-13.480150730979714
54.04	-18.71645048673939
54.050000000000004	-14.79580289169217
54.06	-12.363341108775439
54.07	-9.265463987275078
54.08	-6.227019332124657
54.09	-3.6570498851971287
54.1	-1.9490988246759184
54.11	-4.85539950595482
54.120000000000005	-3.643316263895463
54.13	-8.43940306898679
54.14	-10.024921200287892
54.15	-10.617376542269
54.160000000000004	-10.86927823020322
54.17	-13.25143699698856
54.18	-14.78784120548373
54.19	-13.177366318207152
54.2	-13.25161945476935
54.21	-11.656334919629037
54.22	-11.145557171484342
54.230000000000004	-11.60272511013706
54.24	-12.44337807731803
54.25	-9.403153858346453
54.26	-13.180886971970654
54.27	-16.716381427473966
54.28	-17.802668187734007
54.29	-30.181602477283025
54.300000000000004	-30.431895312057332
54.31	-30.76779564482656
54.32	-25.49018678265336
54.33	-20.203316325994038
54.34	-19.63331437261008
54.35	-19.261428303100406
54.36	-26.397664306105995
54.370000000000005	-23.074143683257425
54.38	-24.16466112247154
54.39	-25.569579030316717
54.4	-22.793359396925272
54.410000000000004	-27.57469422171439
54.42	-26.782329133104007
54.43	-21.524322255149215
54.44	-27.560502339353583
54.45	-24.873855669435276
54.46	-20.418021269392767
54.47	-18.146172874341264
54.480000000000004	-19.604465596754867
54.49	-26.681505792380513
54.5	-26.292274963004694
54.51	-21.723132741498393
54.52	-19.615881171776874
54.53	-17.998853426940233
54.54	-17.790663967726875
54.550000000000004	-18.686077883253812
54.56	-21.092602325351773
54.57	-19.772716730983294
54.58	-20.474041003908706
54.59	-22.069197579000665
54.6	-19.48801996477802
54.61	-16.057942143160968
54.620000000000005	-12.603319648793539
54.63	-11.781645989073663
54.64	-12.725501139257288
54.65	-14.596294880505608
54.660000000000004	-14.572342502075042
54.67	-14.14111122912131
54.68	-11.72113124652187
54.69	-11.772385464939575
54.7	-13.107160166132516
54.71	-14.050288772020375
54.72	-18.287334312950218
54.730000000000004	-15.265784608772627
54.74	-15.009800786602113
54.75	-14.557538146034759
54.76	-12.491348182640508
54.77	-11.574819087077307
54.78	-12.236065379082724
54.79	-18.261974992966127
54.800000000000004	-18.59608516260572
54.81	-18.412131859626864
54.82	-16.94817571120378
54.83	-18.33691905754098
54.84	-16.223591646461525
54.85	-20.61921845776195
54.86	-30.642358653180075
54.870000000000005	-26.90010984953744
54.88	-26.68112522870821
54.89	-31.118763607630623
54.9	-29.600535155717395
54.910000000000004	-29.544546983294243
54.92	-23.36486346800546
54.93	-19.295428792034382
54.94	-15.75035464115077
54.95	-16.67381130774958
54.96	-17.313120934332915
54.97	-14.829591071718424
54.980000000000004	-17.818522120460273
54.99	-17.97950525424575
55.0	-19.34845608548311
55.01	-20.558384178146348
55.02	-18.713051300525517
55.03	-16.41723747259972
55.04	-15.11808842150881
55.050000000000004	-16.756761758998405
55.06	-14.351509433071351
55.07	-12.782907078323115
55.08	-14.704142927672878
55.09	-15.450398753215854
55.1	-16.184794301402583
55.11	-14.073490582225737
55.120000000000005	-13.612216336031858
55.13	-11.62818241598493
55.14	-11.563272556249514
55.15	-9.616462900328772
55.160000000000004	-8.740224978266529
55.17	-7.662453219191171
55.18	-9.221204836300894
55.19	-9.083603999894803
55.2	-11.982982362730878
55.21	-13.048043068758778
55.22	-19.96657526128613
55.230000000000004	-22.675637042901865
55.24	-21.963344346104705
55.25	-19.87629092632874
55.26	-19.1899433369326
55.27	-16.85715387328724
55.28	-17.551238668664215
55.29	-16.158580259393837
55.300000000000004	-14.406128878226397
55.31	-15.479897790767144
55.32	-15.158924606339673
55.33	-11.514553698289575
55.34	-10.730199551274469
55.35	-9.259421543667415
55.36	-7.257002619963955
55.370000000000005	-8.071807084883407
55.38	-6.45639206936288
55.39	-5.916522959917702
55.4	-2.6527694770993078
55.410000000000004	1.3744824487879643
55.42	0.46640542983398586
55.43	-0.7370828640649204
55.44	-2.229840675725741
55.45	-4.729359713216335
55.46	-9.357854537027048
55.47	-20.279601724324998
55.480000000000004	-24.175399413640115
55.49	-23.024111882916312
55.5	-30.566033795310503
55.51	-27.378024070765427
55.52	-26.153968938798233
55.53	-21.163452033156275
55.54	-19.70390417346946
55.550000000000004	-21.087945459642583
55.56	-20.322880867557984
55.57	-18.33112244708671
55.58	-14.1130878482041
55.59	-11.758373776462255
55.6	-13.116694471394876
55.61	-16.421253447225766
55.620000000000005	-17.056121695480833
55.63	-15.143541814622578
55.64	-20.337887780099848
55.65	-20.113607638672324
55.660000000000004	-17.593436816765507
55.67	-16.010589919632817
55.68	-16.846048785854812
55.69	-17.214489589844238
55.7	-16.704765703672756
55.71	-15.320803084038738
55.72	-19.491025775143918
55.730000000000004	-18.555041919073354
55.74	-16.751466064001026
55.75	-15.489791082170775
55.76	-14.758675087327966
55.77	-21.046830035290583
55.78	-22.61965224137174
55.79	-22.53550443101144
55.800000000000004	-20.53092173061425
55.81	-20.776086655458574
55.82	-20.813154085188764
55.83	-19.519250845284
55.84	-19.375499089360567
55.85	-15.621621136218057
55.86	-16.436543416559008
55.870000000000005	-19.92402673779105
55.88	-25.512440301960186
55.89	-19.8431717110755
55.9	-19.821293542836713
55.910000000000004	-25.371812909706104
55.92	-23.629386636764277
55.93	-18.320794983901695
55.94	-14.831310055578577
55.95	-17.228806021503356
55.96	-17.550235107205648
55.97	-15.247961489430105
55.980000000000004	-15.463024663730149
55.99	-17.219416246190768
56.0	-23.534012388407657
56.01	-23.473151641380387
56.02	-23.752489396003284
56.03	-27.468913233220835
56.04	-30.147431484993962
56.050000000000004	-25.868740297193074
56.06	-24.975694339472664
56.07	-21.402159035715187
56.08	-23.28246593262675
56.09	-18.449729951491168
56.1	-17.779045505922117
56.11	-17.436079140116206
56.120000000000005	-16.503775251394437
56.13	-14.723770222592291
56.14	-13.925740195661508
56.15	-19.946520051069694
56.160000000000004	-16.88787106712469
56.17	-16.929529209788782
56.18	-13.867078581466595
56.19	-13.227058589550374
56.2	-10.051433341024778
56.21	-14.045494614113302
56.22	-21.52425126481913
56.230000000000004	-28.6608095821151
56.24	-23.625456743882893
56.25	-22.017401325333825
56.26	-20.445848426251292
56.27	-19.271839744687732
56.28	-18.58613058220397
56.29	-21.14087938413289
56.300000000000004	-16.53455361557935
56.31	-16.239417606817995
56.32	-28.171943771612614
56.33	-26.193592090049627
56.34	-21.033050604636248
56.35	-17.464932465574396
56.36	-15.356950389171871
56.370000000000005	-15.613013062509882
56.38	-14.621918465716213
56.39	-14.803619996855021
56.4	-17.146496029217886
56.410000000000004	-18.263664331530265
56.42	-17.806817791089333
56.43	-19.67034694874733
56.44	-16.480269315816873
56.45	-18.847094604015233
56.46	-17.374698558923892
56.47	-19.4660484504384
56.480000000000004	-16.363257798728515
56.49	-13.478360557674884
56.5	-18.898298656552672
56.51	-14.914429455379192
56.52	-13.193246563404946
56.53	-13.552759743587577
56.54	-14.598133985633467
56.550000000000004	-13.525329145491257
56.56	-17.26458582365386
56.57	-14.816649978009782
56.58	-16.792047176309
56.59	-16.612561132598525
56.6	-18.50573958698497
56.61	-29.72202292071746
56.620000000000005	-24.19356012452766
56.63	-19.68059686533796
56.64	-16.20228605609931
56.65	-12.779354111048448
56.660000000000004	-11.479055663867685
56.67	-11.754951314273445
56.68	-18.833401418432093
56.69	-21.664540969301935
56.7	-24.53658744137795
56.71	-25.638757099159793
56.72	-25.855302601027567
56.730000000000004	-21.405302815324657
56.74	-20.01792336905277
56.75	-16.018803885465676
56.76	-13.984774526646348
56.77	-10.902248753276227
56.78	-9.274717259322928
56.79	-9.876605849601768
56.800000000000004	-14.524626853073114
56.81	-25.001141921136718
56.82	-24.285648085863624
56.83	-24.262368899770326
56.84	-20.29580739482992
56.85	-21.160381980770048
56.86	-22.52268017361244
56.870000000000005	-24.247267939739647
56.88	-20.187446992129786
56.89	-20.501361216517136
56.9	-21.20610538428522
56.910000000000004	-20.55549391593081
56.92	-20.02422924770749
56.93	-17.898416295929966
56.94	-15.654588835327262
56.95	-13.00448516082906
56.96	-13.943581576145213
56.97	-16.00568596645746
56.980000000000004	-21.942765887064578
56.99	-21.056884123468418
57.0	-19.440203199299237
57.01	-17.980211275648507
57.02	-19.16415270830086
57.03	-18.93507837020059
57.04	-24.28200366702797
57.050000000000004	-22.89437931861464
57.06	-22.85405394219322
57.07	-19.998264997300645
57.08	-19.662209784041476
57.09	-19.228956647702915
57.1	-25.901725193639216
57.11	-25.121933057085
57.120000000000005	-25.492689912181895
57.13	-29.97100089099495
57.14	-28.804110255282303
57.15	-26.272214625794067
57.160000000000004	-21.331783323522544
57.17	-26.952765335839974
57.18	-27.085846055019395
57.19	-25.546506720639538
57.2	-26.58810182681352
57.21	-32.470182113223494
57.22	-28.481280496718576
57.230000000000004	-27.80873556848726
57.24	-24.538117592570128
57.25	-21.60140931033992
57.26	-18.185532473148868
57.27	-15.796410545559242
57.28	-15.917674629378562
57.29	-14.56696274760794
57.300000000000004	-17.372761607413693
57.31	-19.591151955902458
57.32	-25.855655752840114
57.33	-33.028261995660195
57.34	-26.62313754969807
57.35	-29.48758145522316
57.36	-30.27462402649902
57.370000000000005	-34.882306068721846
57.38	-41.70626681738333
57.39	-36.28916634395565
57.4	-39.75139483882183
57.410000000000004	-39.12583084976722
57.42	-34.721467504556294
57.43	-31.717583570747763
57.44	-28.68366676753067
57.45	-25.767314884465478
57.46	-24.78970486869641
57.47	-23.34161117895462
57.480000000000004	-21.835528792719817
57.49	-19.14532789612565
57.5	-17.212928982213676
57.51	-16.664176558367256
57.52	-18.075189865064363
57.53	-21.665728421661044
57.54	-18.857437417682334
57.550000000000004	-25.380933830151303
57.56	-33.8838289484743
57.57	-32.40363069124413
57.58	-27.073475495296048
57.59	-27.715244882739654
57.6	-25.166301028238752
57.61	-21.04872841477975
57.620000000000005	-19.89824216941106
57.63	-18.732960327599727
57.64	-32.2955936669779
57.65	-29.734387412970534
57.660000000000004	-29.3387637848426
57.67	-25.94321749642579
57.68	-29.291814208077785
57.69	-26.87660270635601
57.7	-25.44786995963692
57.71	-23.83437319302087
57.72	-22.995263686825915
57.730000000000004	-21.0351523892693
57.74	-20.948397899980858
57.75	-22.281625117596473
57.76	-24.732175781261454
57.77	-21.745230970036662
57.78	-17.944919841552295
57.79	-21.81220453619759
57.800000000000004	-25.73588711031845
57.81	-23.493517340983054
57.82	-21.243014207486578
57.83	-19.62564059941125
57.84	-20.128118318470534
57.85	-16.90806612161592
57.86	-20.324161662022732
57.870000000000005	-20.036862380671238
57.88	-17.04990950359875
57.89	-20.81852672474606
57.9	-22.994039106211414
57.910000000000004	-20.48677450243476
57.92	-31.067263904431115
57.93	-31.728990237724837
57.94	-29.115508345175126
57.95	-25.937715840008735
57.96	-20.878793112293454
57.97	-21.763659461483105
57.980000000000004	-17.832797176703348
57.99	-18.965986035385207
58.0	-19.4467961095638
58.01	-18.712094020458927
58.02	-17.972954239064794
58.03	-18.819619883323924
58.04	-20.536208746793424
58.050000000000004	-23.832954661833487
58.06	-27.18656301557309
58.07	-26.29957499599669
58.08	-22.956404512961235
58.09	-21.364361981466768
58.1	-28.44609609818525
58.11	-32.19064971134605
58.120000000000005	-35.05553566701502
58.13	-36.83306754321998
58.14	-33.625813269723395
58.15	-33.45396477523756
58.160000000000004	-36.50162104360339
58.17	-32.380297226965155
58.18	-30.734996532795893
58.19	-30.868054868387194
58.2	-26.465778228087036
58.21	-23.70808750661326
58.22	-21.35363693328525
58.230000000000004	-22.971980929610762
58.24	-32.12779496903022
58.25	-27.256922554820996
58.26	-30.469647273233996
58.27	-27.103620510762834
58.28	-30.066700349586917
58.29	-31.039075787125515
58.300000000000004	-31.011750361413032
58.31	-31.292399771553235
58.32	-34.33615582275052
58.33	-26.612246761756907
58.34	-23.150737389247737
58.35	-20.304933576232163
58.36	-18.10933409315643
58.370000000000005	-15.74750181888341
58.38	-18.394591591843053
58.39	-20.44345586248413
58.4	-17.2243278696026
58.410000000000004	-17.684908352996157
58.42	-19.713379425601243
58.43	-18.71036086356079
58.44	-17.749899380900022
58.45	-16.080263737268343
58.46	-15.34315227237777
58.47	-17.58971475850582
58.480000000000004	-23.53027622362623
58.49	-22.360909403465914
58.5	-21.227107447802805
58.51	-20.306374069571298
58.52	-16.65350172278111
58.53	-14.062488749883162
58.54	-16.102354802952657
58.550000000000004	-12.701145338255186
58.56	-9.839535664707483
58.57	-8.069401795720205
58.58	-10.96816980130303
58.59	-13.770607529629252
58.6	-12.069000834364177
58.61	-13.004701215307716
58.620000000000005	-11.341099472165306
58.63	-10.369629533660804
58.64	-12.27230573069369
58.65	-9.633668735693899
58.660000000000004	-6.879667262672863
58.67	-4.647874746680617
58.68	-10.442383082465332
58.69	-16.30748306282999
58.7	-18.547437062837233
58.71	-15.214156269968106
58.72	-19.5393847883578
58.730000000000004	-18.758363583424856
58.74	-20.499805523527503
58.75	-30.815867824939264
58.76	-30.423520128882977
58.77	-32.56320018328094
58.78	-32.57921928306814
58.79	-28.394054177629926
58.800000000000004	-26.067445377514538
58.81	-22.466607465252736
58.82	-19.03387313503775
58.83	-19.996215811319026
58.84	-35.55936985664183
58.85	-37.98185966118888
58.86	-34.23227266270882
58.870000000000005	-29.230120131929006
58.88	-24.505910796024494
58.89	-20.884079486605643
58.9	-20.67208994764651
58.910000000000004	-16.54952493460706
58.92	-14.684081016685854
58.93	-14.199295204219034
58.94	-17.64453488522245
58.95	-14.054809832004269
58.96	-18.784924840993813
58.97	-17.499689420275956
58.980000000000004	-16.461100326151286
58.99	-14.63893681997817
59.0	-15.247742528796008
59.01	-15.277489469679251
59.02	-17.4451366693999
59.03	-16.632185779970317
59.04	-24.61750117018851
59.050000000000004	-31.059781854999745
59.06	-26.769434431463576
59.07	-27.55414386164447
59.08	-25.153333522693202
59.09	-30.225333130764902
59.1	-25.06590028607695
59.11	-32.90558187839292
59.120000000000005	-35.66532120147717
59.13	-32.22097361823713
59.14	-28.001750928257874
59.15	-26.610969865241824
59.160000000000004	-25.299944551745984
59.17	-27.017059454086596
59.18	-24.734574526533443
59.19	-21.00428765070971
59.2	-24.337526655189745
59.21	-21.17082149715911
59.22	-21.574109934672496
59.230000000000004	-18.37539073114234
59.24	-19.17420218907227
59.25	-21.248065006986565
59.26	-25.984846678224642
59.27	-26.503990912595377
59.28	-21.382183107468265
59.29	-23.603347134856058
59.300000000000004	-26.368303653332248
59.31	-23.691816215852967
59.32	-24.090193846801938
59.33	-18.775847510069394
59.34	-14.935851791349672
59.35	-11.81183873199181
59.36	-14.59193783650676
59.370000000000005	-12.162638867650347
59.38	-13.4370911186221
59.39	-15.579039839858986
59.4	-21.841174370455516
59.410000000000004	-17.71406333261221
59.42	-20.237304024438373
59.43	-23.39130205315891
59.44	-28.86603301174255
59.45	-26.096722851109163
59.46	-24.941361550630845
59.47	-30.529845324672326
59.480000000000004	-26.49123550865846
59.49	-34.35307092920144
59.5	-29.782516294812687
59.51	-26.62109724526628
59.52	-25.154520831657493
59.53	-34.44249212059925
59.54	-31.999792689463952
59.550000000000004	-35.06942799580308
59.56	-31.30742752267315
59.57	-31.91337086119919
59.58	-32.30041649357569
59.59	-28.80519433761525
59.6	-33.32740076994749
59.61	-28.777363532748165
59.620000000000005	-27.58775302667306
59.63	-26.466348343042096
59.64	-25.857392799644664
59.65	-27.391044162158007
59.660000000000004	-25.858110483473276
59.67	-24.673608742433668
59.68	-32.62995447428346
59.69	-29.919942570045873
59.7	-24.42988059756618
59.71	-19.139100144751776
59.72	-16.156903083631796
59.730000000000004	-17.478148465635076
59.74	-14.158790343133578
59.75	-13.86830806700645
59.76	-20.89496992868077
59.77	-18.84554422179138
59.78	-22.507975872968288
59.79	-22.494635772656913
59.800000000000004	-18.705170475384257
59.81	-24.323795540742786
59.82	-20.829093453137226
59.83	-19.403805763194434
59.84	-18.881380334748663
59.85	-17.818344988673367
59.86	-16.511300262617958
59.870000000000005	-20.711271680117097
59.88	-16.141033699580497
59.89	-16.881248385362902
59.9	-17.821119517780403
59.910000000000004	-20.957990660288008
59.92	-18.961858460382828
59.93	-27.97866864191231
59.94	-25.194201450161902
59.95	-22.67335732658585
59.96	-22.374579211383427
59.97	-33.5179547310089
59.980000000000004	-31.541372731392084
59.99	-29.59760491543078
60.0	-28.225456157221007
60.01	-23.776697595269656
60.02	-18.627535345284173
60.03	-14.846408280982967
60.04	-13.478424269119703
60.050000000000004	-13.970760315552445
60.06	-14.205684659694727
60.07	-17.969350051875715
60.08	-22.058524964098563
60.09	-18.687018026288623
60.1	-17.19415745963721
60.11	-20.964490618562262
60.120000000000005	-19.39580101729641
60.13	-22.329939227883134
60.14	-27.441694914085666
60.15	-22.58483295442617
60.160000000000004	-20.696582022290634
60.17	-20.553864174999127
60.18	-20.959819558600547
60.19	-16.683634762990643
60.2	-16.661196744509237
60.21	-18.126907309206228
60.22	-15.371500230709657
60.230000000000004	-18.451306017784177
60.24	-14.605053506843861
60.25	-11.668800987011622
60.26	-14.658690226057523
60.27	-18.742117181536106
60.28	-17.366163587416708
60.29	-17.79431049441862
60.300000000000004	-31.33781205891895
60.31	-25.165816647362536
60.32	-25.73402400359971
60.33	-22.462949698462072
60.34	-20.172813216974102
60.35	-21.089874169692806
60.36	-19.03159900512728
60.370000000000005	-16.962364702432893
60.38	-19.34942420493578
60.39	-18.85332989176741
60.4	-17.887081398841772
60.410000000000004	-18.61720865018453
60.42	-15.065607140753768
60.43	-11.75133197782943
60.44	-10.479417040508137
60.45	-12.682168027870606
60.46	-13.068408901177813
60.47	-10.994768296796295
60.480000000000004	-16.863595800982097
60.49	-22.579394986014975
60.5	-23.10008544755574
60.51	-23.75770104125437
60.52	-22.2842679204875
60.53	-23.07982927632598
60.54	-24.22149102462062
60.550000000000004	-29.708326192503396
60.56	-27.226765581976462
60.57	-31.332453896733895
60.58	-26.45807350092587
60.59	-22.440244493064192
60.6	-19.072227305312374
60.61	-16.58006016241198
60.620000000000005	-15.74191576972398
60.63	-13.57643808102544
60.64	-15.66789017435226
60.65	-19.521606267315395
60.660000000000004	-18.59164515379236
60.67	-16.423026069261546
60.68	-20.35138128390485
60.69	-20.206427492149626
60.7	-20.703076187785957
60.71	-17.98306124962954
60.72	-15.317774385703924
60.730000000000004	-17.31934316675102
60.74	-17.652450562147568
60.75	-18.361463447708243
60.76	-23.710803923739526
60.77	-21.30087606408773
60.78	-19.318518309361973
60.79	-20.00838241061355
60.800000000000004	-19.726457940562835
60.81	-16.94914276195004
60.82	-15.277470439593964
60.83	-15.549280835222149
60.84	-15.798538462383815
60.85	-15.788035295916501
60.86	-15.97299503892252
60.870000000000005	-18.718903924044632
60.88	-22.29084189091669
60.89	-23.33005029407324
60.9	-27.111388478224693
60.910000000000004	-24.188760538695828
60.92	-24.81974025205637
60.93	-20.983606811132915
60.94	-18.179217855496862
60.95	-15.594762682546932
60.96	-20.54505423652085
60.97	-25.93657807689221
60.980000000000004	-28.980925717696056
60.99	-26.750184862134812
61.0	-22.109682511802575
61.01	-25.446950968603105
61.02	-25.422175725669515
61.03	-22.47256632049646
61.04	-21.16655505643629
61.050000000000004	-21.88913717335973
61.06	-18.433822288301084
61.07	-19.140699498808214
61.08	-17.028777873064012
61.09	-19.46180955469146
61.1	-23.043424500439535
61.11	-20.41114582545202
61.120000000000005	-31.59794412249467
61.13	-26.7838904969025
61.14	-23.061683397592407
61.15	-23.453169442723507
61.160000000000004	-22.304247633628368
61.17	-22.84369571581373
61.18	-18.67157715428327
61.19	-17.04607668176203
61.2	-22.16304938995166
61.21	-29.54154969866529
61.22	-24.30912059859068
61.230000000000004	-22.988566226045315
61.24	-19.546815508895463
61.25	-15.59515600574949
61.26	-15.657530118411861
61.27	-14.979972512843448
61.28	-17.285098532533283
61.29	-20.231156048351313
61.300000000000004	-30.330355751268726
61.31	-24.433859080770723
61.32	-23.036701519209217
61.33	-21.754016594393565
61.34	-29.803369083255316
61.35	-28.587668182508953
61.36	-30.546276452201067
61.370000000000005	-26.41043463125179
61.38	-28.371592942807688
61.39	-29.513929722305225
61.4	-23.90861690432209
61.410000000000004	-24.091191113705342
61.42	-23.262831256551472
61.43	-25.703185211934443
61.44	-20.3873997544956
61.45	-19.144519765626317
61.46	-16.660763960277837
61.47	-18.042359345523455
61.480000000000004	-14.89063791430912
61.49	-21.350192255474816
61.5	-17.81507095760778
61.51	-20.829782129070615
61.52	-29.954025142806195
61.53	-25.017763361883592
61.54	-25.622322219768055
61.550000000000004	-20.136707363140108
61.56	-19.41637286698215
61.57	-23.69500770964632
61.58	-32.04405111917912
61.59	-27.779704662889063
61.6	-23.501787053898862
61.61	-22.281227335497288
61.620000000000005	-25.843155104812602
61.63	-23.042269572613566
61.64	-19.29284693719868
61.65	-18.532976885518487
61.660000000000004	-17.379389909809998
61.67	-13.762183137080783
61.68	-19.70182200616645
61.690000000000005	-25.207845420427923
61.7	-22.32839744907982
61.71	-21.140545226994433
61.72	-18.384995196883374
61.730000000000004	-29.445931415340574
61.74	-29.64372871258603
61.75	-27.547439338167308
61.76	-25.378986948686165
61.77	-28.051881667529567
61.78	-29.222884200910475
61.79	-31.417354179482793
61.800000000000004	-31.333609816457212
61.81	-31.161826095472275
61.82	-35.042860511173366
61.83	-33.04576897467104
61.84	-28.973391072331687
61.85	-28.552047050068815
61.86	-27.86153112720021
61.870000000000005	-24.446901709387127
61.88	-21.14411651350538
61.89	-23.487574978878254
61.9	-20.900764131915818
61.910000000000004	-19.256617679898994
61.92	-20.294217118371666
61.93	-23.412290247914694
61.940000000000005	-23.05639577550366
61.95	-24.65337829751212
61.96	-24.88689965778376
61.97	-22.674233316770202
61.980000000000004	-21.352970351533855
61.99	-16.991242445879
62.0	-17.198231574970134
62.01	-21.203205451129136
62.02	-26.207094173522847
62.03	-22.814924093299506
62.04	-18.379711204349274
62.050000000000004	-14.965063572551898
62.06	-17.469498574709228
62.07	-23.07270150566139
62.08	-19.02864439231105
62.09	-15.78887419529345
62.1	-17.72391178244786
62.11	-20.14396096078889
62.120000000000005	-20.85472544426563
62.13	-19.942934863659378
62.14	-25.354275222492713
62.15	-21.570017133705555
62.160000000000004	-25.780790528992796
62.17	-25.68838012777036
62.18	-20.327290372835805
62.190000000000005	-18.927698019044612
62.2	-20.38339167173311
62.21	-17.53329166317386
62.22	-17.398587686100655
62.230000000000004	-15.663610095437514
62.24	-16.719169102958915
62.25	-17.03808291950749
62.26	-21.335793045065703
62.27	-16.755809338546403
62.28	-13.86554386005681
62.29	-11.70326648623213
62.300000000000004	-8.902788839724593
62.31	-9.239638752752565
62.32	-8.12068947012609
62.33	-8.266163148294135
62.34	-9.006522825839191
62.35	-12.18290228462213
62.36	-19.06857450339539
62.370000000000005	-22.11128017309975
62.38	-19.613650666158737
62.39	-16.138613543805576
62.4	-13.507906913868071
62.410000000000004	-17.66880416824634
62.42	-17.110203476954723
62.43	-17.168769144570458
62.440000000000005	-18.589161642562857
62.45	-19.192168358921926
62.46	-27.334765962341294
62.47	-26.861730984231244
62.480000000000004	-27.541252764639815
62.49	-31.103466703816913
62.5	-27.109363252695502
62.51	-23.600516475564962
62.52	-20.216926075790855
62.53	-24.12590551290436
62.54	-24.17780867975029
62.550000000000004	-20.85327063789971
62.56	-24.745934575174225
62.57	-19.731700886254362
62.58	-22.94503672237444
62.59	-26.170712009313394
62.6	-27.300716265398673
62.61	-24.47646188574012
62.620000000000005	-20.403644778346568
62.63	-17.08807489518266
62.64	-17.562339100260132
62.65	-22.227804872510198
62.660000000000004	-28.60141199962185
62.67	-25.17288280581398
62.68	-23.292063303502072
62.690000000000005	-24.91432933910556
62.7	-22.56765437623558
62.71	-23.09051609346916
62.72	-21.13059165491372
62.730000000000004	-20.633034515034314
62.74	-23.584829110974812
62.75	-25.14312082338691
62.76	-20.63667060871193
62.77	-20.67253673554083
62.78	-20.955985059085222
62.79	-18.52096752586326
62.800000000000004	-14.583673046530691
62.81	-14.97869148843918
62.82	-13.320479288372475
62.83	-12.420871220692234
62.84	-12.25731725701177
62.85	-15.553853038875914
62.86	-17.705591909130824
62.870000000000005	-16.08215731125075
62.88	-13.692718279805971
62.89	-11.204099835959182
62.9	-11.478928335184824
62.910000000000004	-19.510702947051715
62.92	-23.603979828873825
62.93	-23.500761324582854
62.940000000000005	-24.437659028826037
62.95	-26.5664880592293
62.96	-30.064724364843475
62.97	-25.245097193448522
62.980000000000004	-26.45576245044736
62.99	-25.065304368892136
63.0	-20.223632541611725
63.01	-17.142742885242672
63.02	-18.534860545430536
63.03	-19.52432300211927
63.04	-22.063347015688016
63.050000000000004	-21.687104639468902
63.06	-18.387123992507227
63.07	-15.66742289141765
63.08	-13.49747927197093
63.09	-13.473172605543906
63.1	-21.495409352113086
63.11	-24.916015048598975
63.120000000000005	-39.81518443024868
63.13	-35.27228968296553
63.14	-29.52849759621926
63.15	-26.12353809911033
63.160000000000004	-23.83381844176821
63.17	-19.024616744245872
63.18	-18.885308495726733
63.190000000000005	-21.182740953577404
63.2	-20.68383074701933
63.21	-16.215100299744183
63.22	-13.052387589612858
63.230000000000004	-11.169635767989856
63.24	-13.676092017381544
63.25	-11.285528338643052
63.26	-12.461617878715497
63.27	-11.704384349611779
63.28	-10.97561950109457
63.29	-10.622484004334494
63.300000000000004	-8.48860360745469
63.31	-5.6493273394655725
63.32	-1.9400706237546332
63.33	0.3243165174585712
63.34	2.34608691145339
63.35	2.1908479462006114
63.36	2.9814017190943676
63.370000000000005	1.648771886760913
63.38	6.694283605781716
63.39	8.257842136320972
63.4	8.417284384823777
63.410000000000004	10.08570921991026
63.42	11.009504550032803
63.43	27.145288379836114
63.440000000000005	29.165287582555763
63.45	33.316456315852434
63.46	30.27391006018706
63.47	35.57725023819263
63.480000000000004	34.790102412249205
63.49	28.453561043109406
63.5	22.86175649820952
63.51	22.36635496943178
63.52	21.153688958036135
63.53	17.275465651870807
63.54	15.067422729524669
63.550000000000004	16.00027182392587
63.56	17.853633538760135
63.57	14.778714331492491
63.58	12.26640603632888
63.59	13.367742060682662
63.6	24.710221324194062
63.61	24.796346475825587
63.620000000000005	24.942952966828177
63.63	23.80887627950568
63.64	22.495999307533474
63.65	18.708828407087758
63.660000000000004	22.804189456651553
63.67	22.38735086242007
63.68	18.96041187091347
63.690000000000005	17.09429937526684
63.7	14.45899597689343
63.71	13.602396972111253
63.72	11.938740595003601
63.730000000000004	15.952109698875871
63.74	17.380344782941517
63.75	19.598355952499286
63.76	21.15612076626167
63.77	25.795914671106217
63.78	24.125477832663083
63.79	21.048357715008127
63.800000000000004	25.18798158248513
63.81	22.557362919666026
63.82	21.549890086719703
63.83	20.13845484812105
63.84	18.0931292981068
63.85	17.001022504723476
63.86	13.985962328404973
63.870000000000005	12.38736248053534
63.88	10.181777457754556
63.89	11.758234337207993
63.9	16.331162956442945
63.910000000000004	17.367868008914833
63.92	15.558580538733679
63.93	15.795367708948021
63.940000000000005	14.85678401593394
63.95	11.545304546912298
63.96	8.90538227879103
63.97	5.538896119906801
63.980000000000004	3.559828252601803
63.99	2.478740617855737
64.0	3.508516418758466
64.01	4.170046495121185
64.02	4.025889360233364
64.03	5.139435446252911
64.04	5.376626651619538
64.05	6.864673238115382
64.06	8.15032067562897
64.07000000000001	8.5215435233195
64.08	8.541545096501391
64.09	8.572931092629986
64.1	4.3601830576716925
64.11	0.2129024220231424
64.12	0.6661105753981029
64.13	0.1236313379817959
64.14	1.1088221674601149
64.15	7.994550215372067
64.16	6.177514324267246
64.17	7.282282586253037
64.18	7.717610752555254
64.19	12.413379874243109
64.2	16.652025517897417
64.21000000000001	21.588533030954423
64.22	25.014381340578137
64.23	19.513323820743953
64.24	15.977986275387295
64.25	16.192983716990724
64.26	13.062628607538805
64.27	9.619358495106882
64.28	7.146392628019849
64.29	4.704546497622964
64.3	5.047210401593007
64.31	4.8553067586344465
64.32000000000001	11.96426060944744
64.33	13.245529001797193
64.34	11.652887299924773
64.35	9.85372993512849
64.36	13.725489016089288
64.37	14.141536235934801
64.38	15.221298721058766
64.39	26.0697367097565
64.4	20.83122137354051
64.41	21.049578997827282
64.42	21.294250162641895
64.43	21.224876449878593
64.44	17.948430512562886
64.45	14.581749737676517
64.46000000000001	18.60121889208934
64.47	19.22141483689417
64.48	24.266285083885435
64.49	25.16067998051874
64.5	20.518567611092042
64.51	22.09447456010652
64.52	25.241346571021367
64.53	22.3869100281534
64.54	29.053249711921573
64.55	25.088314453399605
64.56	21.807011885013477
64.57000000000001	18.774215525651552
64.58	17.11315866308682
64.59	17.076587179489692
64.6	21.1463979716394
64.61	25.327544876449302
64.62	26.25358913364912
64.63	22.183844125346496
64.64	32.974036782146506
64.65	25.700080992610317
64.66	22.21557911048889
64.67	21.89914795144287
64.68	25.737365613888176
64.69	21.836953535234
64.7	22.51379740417329
64.71000000000001	17.56069843687176
64.72	15.087866180451911
64.73	12.846177976089768
64.74	14.163226669044457
64.75	12.330623349083297
64.76	17.79330558442703
64.77	16.014925174805242
64.78	14.615030038859762
64.79	11.850465524920828
64.8	12.565274737748931
64.81	10.92940565487595
64.82000000000001	12.8198204980583
64.83	19.603154711595305
64.84	22.02910423431498
64.85	20.043293505464263
64.86	18.56044587954306
64.87	15.826290086281576
64.88	17.360500387743546
64.89	16.478361387636816
64.9	16.617494472147307
64.91	15.283648009889234
64.92	15.434859208870469
64.93	12.786674756032017
64.94	11.301485798403057
64.95	10.190462986968987
64.96000000000001	12.473182909694723
64.97	19.720672394642094
64.98	16.358231026329857
64.99	21.860522677925044
65.0	22.037328225349075
65.01	20.39167545955023
65.02	19.857832572493376
65.03	15.567256016936026
65.04	16.26956180463701
65.05	21.43474805480609
65.06	22.512300679352055
65.07000000000001	18.867083296433375
65.08	22.16230864835985
65.09	28.590734383333842
65.1	24.074520446017786
65.11	21.40015582177586
65.12	19.157156806771408
65.13	22.20353329463217
65.14	24.560231741237924
65.15	27.43891238338975
65.16	21.88637235732642
65.17	25.70956318783139
65.18	25.31570002583333
65.19	22.225675292451626
65.2	20.140026032780785
65.21000000000001	21.783758126103823
65.22	17.228036484367756
65.23	20.37840481862585
65.24	24.291866930877358
65.25	19.431876817960283
65.26	14.72275195703431
65.27	12.864336968419419
65.28	11.005921979801887
65.29	11.560229848395839
65.3	22.13481808828135
65.31	21.981420670560528
65.32000000000001	19.362154509571493
65.33	16.309695456762668
65.34	23.818443612060786
65.35	29.849040225657685
65.36	31.7468761704916
65.37	26.075680689964276
65.38	24.340301213530083
65.39	25.237478279026487
65.4	25.328550636768913
65.41	20.09381760152087
65.42	16.453639284682417
65.43	12.996435517955987
65.44	12.757799125610784
65.45	11.360001517005996
65.46000000000001	9.128959334760637
65.47	7.344955654778067
65.48	10.081991696096406
65.49	9.631772735588841
65.5	12.022500923652183
65.51	12.774102193378827
65.52	17.518661340023918
65.53	23.14367992927804
65.54	27.26638464141837
65.55	22.86107076772232
65.56	21.610970857008986
65.57000000000001	19.09382080516743
65.58	21.852283416504257
65.59	23.293579692786544
65.6	30.355227859891404
65.61	29.407313617862215
65.62	30.816841273642115
65.63	30.009404383652356
65.64	29.057006946731658
65.65	22.765358034735282
65.66	21.606462925725957
65.67	21.667700639265515
65.68	20.737192089984244
65.69	16.347309711793354
65.7	12.98848112995134
65.71000000000001	10.775167135736268
65.72	13.103550309173706
65.73	12.55839863680385
65.74	11.823948141821125
65.75	19.291816050072814
65.76	26.25222502506415
65.77	23.938173814927552
65.78	20.98393605523856
65.79	17.443220477589477
65.8	18.351234919100015
65.81	16.1200640163278
65.82000000000001	14.350505138340974
65.83	12.641998263839517
65.84	12.16099985545976
65.85	14.889959078658688
65.86	16.014911546078892
65.87	18.944270929680833
65.88	19.605259174289927
65.89	21.849099799034335
65.9	22.94739169270139
65.91	18.690564581232792
65.92	28.965448930422472
65.93	28.113039615356612
65.94	22.94654208493576
65.95	20.835033759725547
65.96000000000001	17.950945892222897
65.97	20.893627750033026
65.98	24.51063323015819
65.99	23.583082614247143
66.0	24.993311899188548
66.01	24.747298163611603
66.02	21.296931137201884
66.03	19.124251585120824
66.04	19.69486605574186
66.05	16.200083521394387
66.06	13.49018744296705
66.07000000000001	12.769901984436238
66.08	17.64048056240083
66.09	20.898857991242803
66.1	17.71624720467848
66.11	17.18683059614222
66.12	13.972123075127927
66.13	13.792059500602564
66.14	23.03125848103844
66.15	22.993815551454617
66.16	20.567599166781644
66.17	28.542180948897744
66.18	23.028712566132352
66.19	21.487605424138195
66.2	21.197958047265313
66.21000000000001	20.71799676116422
66.22	20.609049044026353
66.23	22.13820350834425
66.24	17.902649319716918
66.25	18.27792268838818
66.26	23.00839108598958
66.27	18.30781422786744
66.28	19.656717037997993
66.29	16.877530476492257
66.3	15.475399635233881
66.31	22.37866716965223
66.32000000000001	23.897341761322362
66.33	22.47832076842055
66.34	23.576864651482
66.35	20.67563512414031
66.36	19.52785245067
66.37	19.417130298369116
66.38	23.95488104567499
66.39	20.096231671814138
66.4	21.85201483436585
66.41	21.51762674119123
66.42	18.916432505434056
66.43	23.683445918615536
66.44	22.39635034207774
66.45	17.76926976031625
66.46000000000001	17.96029474174788
66.47	15.952400912931534
66.48	19.743852334117115
66.49	17.646635665258927
66.5	17.99535801847712
66.51	16.836136094568808
66.52	17.160964717188513
66.53	16.80075300624906
66.54	16.713231256624784
66.55	25.486505904503403
66.56	21.020576130221464
66.57000000000001	21.55689925673722
66.58	17.988393847077756
66.59	16.608045954355614
66.6	14.054483361043786
66.61	14.205887549118602
66.62	19.855126433876407
66.63	17.2279711659573
66.64	15.154215888497788
66.65	14.712624627739599
66.66	18.157304040452033
66.67	18.065899970518952
66.68	16.1138588156544
66.69	16.793654638296935
66.7	21.344555450891555
66.71000000000001	23.166019462398154
66.72	23.471710313896644
66.73	24.9527690790774
66.74	25.85124833144965
66.75	24.420158137608567
66.76	24.71460544903336
66.77	25.1272291143555
66.78	20.87146646714986
66.79	19.736191340959305
66.8	20.424264931820424
66.81	23.38152620140871
66.82000000000001	27.523476344333865
66.83	22.153983630915512
66.84	17.98275802685035
66.85	17.928716664559744
66.86	21.17623805281449
66.87	21.8409934416941
66.88	20.484478156234147
66.89	20.685111428517686
66.9	19.788296605713473
66.91	19.594434712144093
66.92	16.830062542144045
66.93	15.966374222611476
66.94	18.085650519763117
66.95	18.398464871038183
66.96000000000001	14.741099149255513
66.97	13.219648066745615
66.98	12.802600676941058
66.99	14.782813029204988
67.0	16.68925332155548
67.01	18.555426838630396
67.02	18.31470969199647
67.03	21.476607275512457
67.04	30.541721959472206
67.05	34.85610330803426
67.06	33.05537294005121
67.07000000000001	31.297353394792857
67.08	25.960836515459775
67.09	27.269574937008542
67.1	22.68875345666308
67.11	21.139940065169018
67.12	24.08733203517395
67.13	30.92443576733047
67.14	28.583635426980013
67.15	26.02817594089947
67.16	27.699051330154422
67.17	30.519723188645955
67.18	30.392598576538184
67.19	30.444523431565063
67.2	23.830386106410653
67.21000000000001	19.523653721532114
67.22	20.756531652800206
67.23	21.928135368970676
67.24	25.939912233413043
67.25	23.089158450580758
67.26	24.199195979321072
67.27	18.911506060583672
67.28	15.744121854344662
67.29	23.114937417706788
67.3	27.339935591144084
67.31	31.183463340396624
67.32000000000001	34.21724319756986
67.33	27.04286419931315
67.34	21.576762503537957
67.35	17.62647101504034
67.36	17.409681612420574
67.37	15.478657546307367
67.38	14.442159478583873
67.39	11.861571880090999
67.4	10.865375246935429
67.41	16.160909629318382
67.42	20.524961392470907
67.43	19.792963097132887
67.44	20.935357723907437
67.45	24.967992615853262
67.46000000000001	25.49566890269364
67.47	33.265762907109995
67.48	31.356171055593304
67.49	28.703067718480558
67.5	24.951977050649052
67.51	22.241572918189387
67.52	27.4560651055473
67.53	25.63454090306853
67.54	28.97546629187172
67.55	24.285558993981553
67.56	22.341473224525902
67.57000000000001	20.91056163769406
67.58	20.454705032913566
67.59	21.2466140864357
67.6	18.758830547281146
67.61	18.100804653043316
67.62	15.260943453560728
67.63	14.261302286512768
67.64	10.927080776116036
67.65	11.395539603676971
67.66	11.633065892158648
67.67	12.561903658419174
67.68	17.363571183112125
67.69	17.261129613961444
67.7	16.498951099392325
67.71000000000001	19.72594900285064
67.72	18.675891179737345
67.73	18.141921588714602
67.74	26.819780384385943
67.75	24.45246211294546
67.76	21.42913095007303
67.77	16.361410926516243
67.78	13.135834711080141
67.79	10.283216883304236
67.8	9.878830687718075
67.81	12.264339036303022
67.82000000000001	12.998116440299887
67.83	12.38162882419081
67.84	11.313272432094717
67.85	13.750582953529502
67.86	10.938101453587894
67.87	8.881996675792182
67.88	7.101555072463361
67.89	5.422540149417831
67.9	7.526138032657759
67.91	9.232079255496615
67.92	10.067539636089677
67.93	10.325177966515977
67.94	17.749860754363485
67.95	15.450129573588994
67.96000000000001	13.797144619733245
67.97	16.78000930752587
67.98	19.23896639431852
67.99	32.212500249516836
68.0	29.9472182404192
68.01	25.656494919587715
68.02	25.44806020663719
68.03	19.92528876289828
68.04	15.896241264366983
68.05	14.00493485109339
68.06	12.66160734970582
68.07000000000001	15.497879968596456
68.08	18.779191417275236
68.09	14.817107563737098
68.1	14.707087166856885
68.11	17.003443939903196
68.12	17.358485550376397
68.13	18.739686868666123
68.14	19.067083583304317
68.15	23.849023233900336
68.16	27.639505145960715
68.17	26.327472670903756
68.18	31.395486046846752
68.19	26.664802428207185
68.2	27.318893987369787
68.21000000000001	25.253931742897795
68.22	26.921690626590358
68.23	20.936830084821388
68.24	16.85356059816485
68.25	18.068774001955994
68.26	18.71143053353931
68.27	20.972968659288302
68.28	20.493153220885592
68.29	22.48949731235916
68.3	21.07493161448191
68.31	19.232613013552125
68.32000000000001	25.803553887498982
68.33	27.92860552436899
68.34	24.541505283472773
68.35000000000001	26.114834230497046
68.36	30.908358559780815
68.37	34.711217784997466
68.38	34.84088738693137
68.39	31.977725520805457
68.4	28.367879573223053
68.41	29.005977086954815
68.42	26.22785869794648
68.43	25.023504163452465
68.44	24.638998458080025
68.45	27.98007240833531
68.46000000000001	24.295642405320596
68.47	25.189997547926257
68.48	20.393260360886917
68.49	18.745813380045785
68.5	17.167936251376453
68.51	16.120635589590012
68.52	17.539213156764053
68.53	30.070081743199278
68.54	24.97494234597479
68.55	21.237526819656154
68.56	19.53394394032288
68.57000000000001	22.602100245588037
68.58	25.530916036570673
68.59	26.564537689900096
68.60000000000001	23.17328970922324
68.61	27.648127828109264
68.62	21.57431043080398
68.63	17.72218144923163
68.64	15.064635982935416
68.65	13.79546855893821
68.66	9.896014715403838
68.67	8.280451410155068
68.68	9.790310614962413
68.69	12.857161587568012
68.7	11.864257070276592
68.71000000000001	12.918369002861827
68.72	19.51457440893894
68.73	20.2199797441415
68.74	16.614753650846545
68.75	17.669282653290573
68.76	22.856094969907403
68.77	18.144349695778736
68.78	15.009203997459133
68.79	17.334355439453002
68.8	18.870169268991088
68.81	17.487548612899523
68.82000000000001	15.832427291764901
68.83	14.262915999316204
68.84	15.030977011624358
68.85000000000001	11.373638493516053
68.86	10.275990756330524
68.87	13.847134166672756
68.88	11.047045395297314
68.89	11.784117363546816
68.9	15.023149046464981
68.91	15.782665132986237
68.92	14.739611455065212
68.93	20.04811026395243
68.94	17.513468011987996
68.95	17.715628681646468
68.96000000000001	17.953137126311283
68.97	13.722225985458703
68.98	11.264009517282403
68.99	9.477329913333145
69.0	8.25539381765519
69.01	9.820412002880525
69.02	10.544250429317394
69.03	9.469647776813323
69.04	5.805455280845541
69.05	5.926806784422535
69.06	9.08042630481475
69.07000000000001	6.505690246378782
69.08	12.413347150668924
69.09	11.953302330461643
69.10000000000001	10.811141490319105
69.11	9.831487646945723
69.12	9.022754091233555
69.13	7.212116404771456
69.14	6.3780896092953485
69.15	10.16784804360719
69.16	12.684464243380363
69.17	12.900453066748211
69.18	16.150774266882127
69.19	16.422694216145654
69.2	15.726509187456838
69.21000000000001	16.202729210072544
69.22	15.216650641102754
69.23	15.471330326536261
69.24	12.622611703181121
69.25	9.973730479899006
69.26	10.998345819189556
69.27	12.464781602783587
69.28	14.739580584482047
69.29	15.846343560280786
69.3	16.53871502416146
69.31	14.30018915986985
69.32000000000001	19.55124737203786
69.33	18.622578703170998
69.34	20.102430369748433
69.35000000000001	20.52708083616741
69.36	28.111871419839634
69.37	31.880101482140827
69.38	30.78116029646969
69.39	28.336629981221165
69.4	23.988428202540245
69.41	24.403092201928576
69.42	25.268439526028878
69.43	24.593756117515955
69.44	20.98724819679791
69.45	19.740904030659458
69.46000000000001	19.494752671524566
69.47	16.614627153718345
69.48	20.308216163888712
69.49	20.035195303800272
69.5	19.4351397321919
69.51	18.627143576025684
69.52	20.81372531534901
69.53	19.237770264848038
69.54	23.99341705801074
69.55	23.034743641668122
69.56	18.550538056263274
69.57000000000001	18.150927677190225
69.58	17.21118184524206
69.59	15.44624868682775
69.60000000000001	14.537773486468424
69.61	22.749414488500907
69.62	17.70949503206372
69.63	17.251599583011593
69.64	19.35128962534857
69.65	15.404038378540312
69.66	15.05553756669216
69.67	12.32350315305976
69.68	17.638941054989566
69.69	21.6675984622081
69.7	23.50456749144027
69.71000000000001	23.107728778618725
69.72	19.994858111889126
69.73	19.45657773050165
69.74	16.677356399653576
69.75	16.61164657888148
69.76	16.902821143815704
69.77	17.815408401088
69.78	20.474706934013767
69.79	16.424865623330536
69.8	17.244807432246063
69.81	29.035793662723556
69.82000000000001	35.150770182551874
69.83	37.98468636144243
69.84	32.6372210837719
69.85000000000001	29.403037185756883
69.86	28.827787761075076
69.87	30.115834175573422
69.88	33.586023585526256
69.89	25.80094501160264
69.9	22.83582241703357
69.91	19.41179321502679
69.92	25.79923475406043
69.93	26.08528389520842
69.94	20.301724019946285
69.95	16.800963416848223
69.96000000000001	17.908909342059207
69.97	20.57432191899044
69.98	25.23763083540586
69.99	30.661680512371507
70.0	32.76078302151374
70.01	32.181985568390644
70.02	33.466902390766656
70.03	29.673223528532674
70.04	25.740255061807986
70.05	21.813474614988323
70.06	22.710603535522445
70.07000000000001	26.841672041653048
70.08	24.6134109482104
70.09	24.49670712009196
70.10000000000001	23.16880788088837
70.11	22.231147989560053
70.12	23.01572451448433
70.13	18.78453523823737
70.14	18.521318561421754
70.15	18.58022289844541
70.16	16.623906780127065
70.17	14.545715142772728
70.18	20.94603536930445
70.19	18.966741867346048
70.2	25.743065562557145
70.21000000000001	20.927738404245822
70.22	18.1926904766902
70.23	22.98206657915269
70.24	29.783433820688643
70.25	41.277311444301255
70.26	35.227896795671164
70.27	28.56640981026672
70.28	27.78378375703268
70.29	21.78772682874617
70.3	19.780629100521853
70.31	18.17364523250338
70.32000000000001	24.45863682570414
70.33	27.623879851746025
70.34	21.61016394490811
70.35000000000001	18.49376722202983
70.36	17.264158481638862
70.37	25.270953944572867
70.38	19.508817204027316
70.39	18.537590155158487
70.4	15.82102766027024
70.41	13.310674857147248
70.42	14.057823822544744
70.43	12.626079318048088
70.44	11.524485733204001
70.45	14.766862058893683
70.46000000000001	16.750122695021368
70.47	18.375967304116248
70.48	33.305832513542335
70.49	29.8691026718934
70.5	26.2142508886366
70.51	21.55238136003475
70.52	19.188927475800025
70.53	23.86843886880071
70.54	23.165231298831152
70.55	26.55083129183358
70.56	25.488445306384808
70.57000000000001	23.785955882727436
70.58	24.720325547441867
70.59	26.917659463361815
70.60000000000001	35.99125451107316
70.61	28.35144346581907
70.62	24.094310045766395
70.63	24.92824100952664
70.64	19.730126606907348
70.65	21.27488446960699
70.66	25.420409508361185
70.67	25.358713195910095
70.68	25.825603978914884
70.69	23.341492127895727
70.7	22.725557082250035
70.71000000000001	18.895388410305813
70.72	27.302663452480175
70.73	26.484323527953386
70.74	27.42918813740793
70.75	26.88783866614311
70.76	28.015160054924227
70.77	28.55949446481464
70.78	25.26760007689528
70.79	20.11573309919167
70.8	17.95941338521417
70.81	23.085451443492257
70.82000000000001	27.371029545903287
70.83	22.25320150039002
70.84	18.52578636722151
70.85000000000001	18.307570908717626
70.86	18.232001544909725
70.87	15.231126677362223
70.88	12.060934166332391
70.89	19.09408327884929
70.9	19.825480544946032
70.91	23.471661650200968
70.92	24.970538210403987
70.93	24.373942457110395
70.94	21.888372471387473
70.95	18.133072177717505
70.96000000000001	16.97854081302887
70.97	19.135248102659443
70.98	21.321974176021364
70.99	16.714040507959655
71.0	13.90528705787157
71.01	18.76199155999527
71.02	16.11951258266527
71.03	17.116290730324977
71.04	22.975462693113293
71.05	20.165223536299216
71.06	24.86976476882121
71.07000000000001	26.043107018527184
71.08	22.556697226432924
71.09	25.781495526545477
71.10000000000001	22.044339351650937
71.11	22.49606399772827
71.12	24.036935735311648
71.13	19.082187536071167
71.14	18.350907893931122
71.15	25.668402332316326
71.16	22.014296231242064
71.17	22.139777878279588
71.18	19.656036671443474
71.19	16.54862735588355
71.2	16.180160513005337
71.21000000000001	13.708932871430195
71.22	11.871287851226665
71.23	10.738853887752208
71.24	9.207645417170243
71.25	11.16023110308696
71.26	26.158847469484762
71.27	26.28375208510783
71.28	22.762968754954848
71.29	23.813253244860963
71.3	21.458041877087275
71.31	26.30116333200389
71.32000000000001	22.378822824181427
71.33	22.441093398453106
71.34	23.122420506954164
71.35000000000001	25.02787249533783
71.36	20.62264554916061
71.37	23.170381178806203
71.38	22.889301361788693
71.39	21.066687211793614
71.4	19.49145291682166
71.41	20.24320103139582
71.42	22.36145872090605
71.43	22.636414349357906
71.44	25.14003019815922
71.45	20.508117298367498
71.46000000000001	28.646265855702683
71.47	24.356859772253557
71.48	25.384856797271546
71.49	24.95358085711109
71.5	22.385500080018655
71.51	23.555889166161457
71.52	21.951845889549286
71.53	21.95618747727769
71.54	20.269507773181907
71.55	19.844435209315456
71.56	19.395141055276923
71.57000000000001	20.916862657843343
71.58	24.835690638463515
71.59	30.928231293486256
71.60000000000001	24.977229189703017
71.61	24.094749927191657
71.62	19.579022273110272
71.63	17.02257273396968
71.64	20.5176057947261
71.65	24.750120697844945
71.66	23.962384071158326
71.67	22.201064806611154
71.68	27.561260631717094
71.69	22.35013505154142
71.7	24.7723020315624
71.71000000000001	23.163049986704213
71.72	26.765212711778
71.73	25.22066841268307
71.74	24.422905839949276
71.75	28.798738618441977
71.76	30.514859424477798
71.77	28.175745564311132
71.78	23.474423855437905
71.79	19.364404350643444
71.8	16.647507073533667
71.81	27.551249823127147
71.82000000000001	27.563201775027586
71.83	21.949762917389226
71.84	19.783138012483217
71.85000000000001	28.606299767239104
71.86	25.684048599387356
71.87	21.971576356806253
71.88	19.31167864286667
71.89	15.237126971550401
71.9	12.170790170802281
71.91	11.652382573648621
71.92	12.009868236806636
71.93	14.559674657933869
71.94	14.398001294128571
71.95	30.048562368937873
71.96000000000001	25.243310005218003
71.97	25.51168174397019
71.98	31.11475920438106
71.99	24.6237854815494
72.0	22.527709701368316
72.01	25.180334831478334
72.02	26.733339717323506
72.03	28.59227322340362
72.04	31.09648669479154
72.05	29.446709620060318
72.06	31.458419817585096
72.07000000000001	27.774986001291573
72.08	35.69534495637674
72.09	34.746103337757944
72.10000000000001	30.862696878675983
72.11	32.47806264328308
72.12	27.75514761695957
72.13	22.212484608355698
72.14	17.97233134334907
72.15	19.79612566031838
72.16	21.051084802506676
72.17	20.882798791326923
72.18	29.09444890082619
72.19	26.987437026979336
72.2	23.157850227206236
72.21000000000001	19.819334810450968
72.22	20.640866923098965
72.23	18.68027878100815
72.24	22.777977923214905
72.25	20.278821212032973
72.26	17.923831172233076
72.27	21.890339880886255
72.28	21.18087367881689
72.29	16.661353132760834
72.3	13.475353699814935
72.31	11.384299054638625
72.32000000000001	12.895204487442573
72.33	14.634515392632556
72.34	13.591336820074078
72.35000000000001	12.534482248555236
72.36	11.771397352729897
72.37	16.11841776558666
72.38	20.435993982383096
72.39	19.967435928846086
72.4	25.43559925904274
72.41	22.4815641460544
72.42	21.10349015527759
72.43	23.96812235317888
72.44	25.137392849500337
72.45	28.25631765918397
72.46000000000001	27.002228151288033
72.47	26.13343119789717
72.48	24.715623696849715
72.49	25.43320093834509
72.5	25.71417531546556
72.51	36.61124313732541
72.52	35.57056598873727
72.53	29.82652369068991
72.54	25.782024412301105
72.55	22.902120693421143
72.56	23.813604440803953
72.57000000000001	22.548638853919158
72.58	28.19416632262178
72.59	25.115922035238892
72.60000000000001	26.278404299511198
72.61	30.142397218559896
72.62	24.434303924807228
72.63	19.244700979727952
72.64	17.620189049158054
72.65	16.564006259311697
72.66	23.109061419308443
72.67	24.274485455864983
72.68	24.606355734198367
72.69	19.72486657679294
72.7	15.96426472615905
72.71000000000001	19.467842916455023
72.72	17.1813750820057
72.73	16.464258972743835
72.74	18.323311770188642
72.75	16.477182860248018
72.76	15.869976798803501
72.77	16.820015378617047
72.78	19.59986346379528
72.79	26.034932454920877
72.8	29.526828239723656
72.81	29.707231773347146
72.82000000000001	30.797499843418965
72.83	27.39015377782929
72.84	32.35486823780589
72.85000000000001	29.780229890819744
72.86	26.283639566469013
72.87	20.361373168908305
72.88	17.89699066110657
72.89	20.488952080984692
72.9	18.90096966258291
72.91	21.065045203600047
72.92	18.09269628037019
72.93	14.967581573124505
72.94	15.307517452225502
72.95	12.42700291317938
72.96000000000001	12.732110269197785
72.97	11.832468697399271
72.98	10.267745727218571
72.99	14.626807287124677
73.0	13.75454589628956
73.01	13.072192221819094
73.02	16.06560957664877
73.03	16.849462679853662
73.04	13.454323100382279
73.05	13.188614597169716
73.06	11.128954816958332
73.07000000000001	9.590037545957255
73.08	14.060432318173689
73.09	13.478508759668841
73.10000000000001	15.282257546951962
73.11	18.22751266684412
73.12	18.050956492267048
73.13	19.128580932512133
73.14	16.502631896642715
73.15	17.100972396326085
73.16	15.05535127860949
73.17	13.34180608881414
73.18	16.74393952286333
73.19	22.29028265673501
73.2	17.471752912838898
73.21000000000001	15.92495535665104
73.22	24.34516682718907
73.23	20.276106061921922
73.24	25.74489141281673
73.25	27.088761937797997
73.26	25.943603464008653
73.27	21.81756163185839
73.28	16.91181405332025
73.29	13.96489064060507
73.3	12.316370167337121
73.31	10.972210392562275
73.32000000000001	17.438786371046398
73.33	17.072871365523678
73.34	17.043146742902458
73.35000000000001	19.11020409685231
73.36	15.14415405186095
73.37	14.31947524622519
73.38	13.01210253075124
73.39	12.62959635941883
73.4	12.320985383600101
73.41	10.60026816780161
73.42	9.586788696779223
73.43	11.390182655923125
73.44	16.14727711824359
73.45	12.983454253199154
73.46000000000001	11.74485539396756
73.47	16.13936350032048
73.48	18.609954141483414
73.49	17.931158042202117
73.5	18.96770155594572
73.51	20.069753247328798
73.52	27.538569195425413
73.53	23.87033388047563
73.54	23.8697619720745
73.55	22.777415779893424
73.56	22.622299739781894
73.57000000000001	20.62557182778335
73.58	18.61520376019642
73.59	19.218503345272918
73.60000000000001	15.69343461708828
73.61	17.41460264215401
73.62	17.09804807872983
73.63	17.46089878611769
73.64	14.366625535844586
73.65	13.3351115353438
73.66	17.371449123034875
73.67	22.491617852394388
73.68	33.12405991347832
73.69	30.556641721634655
73.7	27.5412113707893
73.71000000000001	25.570758250957038
73.72	21.376851615634603
73.73	18.752552606859787
73.74	19.63042980063146
73.75	19.999174904974815
73.76	25.78513092265714
73.77	21.774187762705797
73.78	24.74808736387608
73.79	20.377959463488423
73.8	23.33475843690027
73.81	21.434908546460775
73.82000000000001	25.02559706233093
73.83	27.25161772677133
73.84	28.170770618717235
73.85000000000001	26.463853080382204
73.86	22.715689647263854
73.87	23.781591445338957
73.88	27.0684647330704
73.89	25.80783536004091
73.9	24.34061611789389
73.91	29.91892046102012
73.92	28.157005493518025
73.93	27.251681348840727
73.94	24.35272515326088
73.95	20.576634180142115
73.96000000000001	20.682342077753837
73.97	31.738440123124125
73.98	29.060526965069563
73.99	31.107760216059514
74.0	28.832030764618757
74.01	23.091223573827076
74.02	23.39576132135054
74.03	19.28960833673014
74.04	16.690886564510503
74.05	17.492384258943964
74.06	17.981893053419054
74.07000000000001	18.996608096660193
74.08	18.51586785516348
74.09	14.29377905122971
74.10000000000001	10.428048973320168
74.11	7.908980379182842
74.12	8.675231972581331
74.13	15.42949056642497
74.14	17.76411989866274
74.15	19.9048828679002
74.16	17.225700622385666
74.17	14.680720742554518
74.18	22.176052623781153
74.19	23.32120080216133
74.2	19.252918920630425
74.21000000000001	16.005935579449428
74.22	14.351993335760932
74.23	14.185203365961621
74.24	17.568100669772637
74.25	18.558934467437172
74.26	29.313355438626076
74.27	23.110757355846477
74.28	21.914326842536916
74.29	27.709382225661834
74.3	25.425935573208914
74.31	26.84120044593105
74.32000000000001	24.438998020906947
74.33	22.31312245996021
74.34	25.484923499470266
74.35000000000001	23.757976196124247
74.36	27.200516432478178
74.37	22.247895006705026
74.38	29.890914249919305
74.39	32.32502555641121
74.4	33.607233747417276
74.41	28.52921688322399
74.42	31.174566332081245
74.43	28.69475697333967
74.44	26.343969355273728
74.45	29.482850866970274
74.46000000000001	25.828133916498437
74.47	23.894458949492066
74.48	23.685299314578202
74.49	23.957515529333033
74.5	23.182774913959914
74.51	23.39037582795718
74.52	21.600979752083358
74.53	21.151667776509953
74.54	22.097167238002964
74.55	18.629752765851762
74.56	17.823894287249036
74.57000000000001	18.090572097802863
74.58	19.674986142142863
74.59	19.472409810173826
74.60000000000001	18.11379970476667
74.61	16.258697094395178
74.62	16.004029094257806
74.63	18.85791140213905
74.64	15.19472494821098
74.65	13.621980456203149
74.66	10.033279069015316
74.67	8.33839005230671
74.68	10.979766787770115
74.69	18.48448335554258
74.7	19.65679481990341
74.71000000000001	20.473972206796656
74.72	23.214149420406223
74.73	22.34568185029672
74.74	19.544936782798807
74.75	29.837075809824395
74.76	23.89326308778018
74.77	21.96727946860748
74.78	23.71628102881753
74.79	26.984295848692177
74.8	23.610460693585278
74.81	22.266110222480894
74.82000000000001	19.163691416072634
74.83	15.954667467788454
74.84	12.895980676476778
74.85000000000001	27.681064559396464
74.86	22.48760257087354
74.87	27.78057754244941
74.88	23.59529520439888
74.89	24.927855304389205
74.9	20.42064599718824
74.91	20.43580952910865
74.92	18.912889110639483
74.93	20.11486852919689
74.94	21.226274571086186
74.95	21.11465018117141
74.96000000000001	22.79920868593212
74.97	30.710845492382518
74.98	27.542352966035555
74.99	30.555721294261986
75.0	29.8562016865898
75.01	28.87869602532216
75.02	23.144656483650095
75.03	25.25824870851696
75.04	20.291198822082514
75.05	25.763375553137923
75.06	30.99549038860201
75.07000000000001	24.77235551529514
75.08	22.05937742710678
75.09	21.868863270103404
75.10000000000001	20.44140157593443
75.11	18.35265825156049
75.12	17.49070159690111
75.13	22.72535129242921
75.14	23.751377505259477
75.15	23.12805953696698
75.16	27.0538327403059
75.17	32.724152836330106
75.18	26.663480095893014
75.19	31.19557166724859
75.2	26.08928126132061
75.21000000000001	24.38315048888797
75.22	25.44074736354884
75.23	23.39732611073258
75.24	19.533723086145617
75.25	28.262871436946067
75.26	27.091318352462274
75.27	27.844564080751752
75.28	34.60352210145764
75.29	31.830276583227356
75.3	25.942646213027317
75.31	24.453572624143685
75.32000000000001	21.542480854076956
75.33	24.96408443760206
75.34	20.323158683645275
75.35000000000001	17.481389448432047
75.36	23.261532073974603
75.37	19.92514215242397
75.38	27.15248759516394
75.39	25.914596442342397
75.4	24.2826569009255
75.41	24.506264250151133
75.42	25.655620367842957
75.43	21.40141274128516
75.44	20.18301280277115
75.45	16.576578931371458
75.46000000000001	16.638601569229255
75.47	14.211130084615263
75.48	18.958838543901113
75.49	21.049441526894565
75.5	17.159037656918464
75.51	16.69057711874598
75.52	22.89064856833206
75.53	20.07341006271633
75.54	21.940281801511123
75.55	18.37668773952436
75.56	16.051978318624943
75.57000000000001	12.256720210928945
75.58	10.033007484630156
75.59	8.14714479761999
75.60000000000001	9.487003860076536
75.61	10.207861267950193
75.62	9.701122066427281
75.63	13.180531045296378
75.64	17.32776532940872
75.65	16.35843594420617
75.66	20.608318918934593
75.67	18.69953194865989
75.68	19.088924858473614
75.69	21.46669988562907
75.7	22.753058971096706
75.71000000000001	19.15894508286241
75.72	17.984228583832362
75.73	18.262432906116715
75.74	15.506779648393866
75.75	18.893215601171637
75.76	18.325211167851627
75.77	22.12568779670461
75.78	22.462554405440027
75.79	20.27144678480819
75.8	17.591174434686092
75.81	16.17578533218324
75.82000000000001	20.40141453457846
75.83	18.883163188267552
75.84	26.962141157428384
75.85000000000001	26.681321008627037
75.86	22.11933927724567
75.87	22.72982144323957
75.88	28.19227967578782
75.89	22.896612018025127
75.9	20.67394883171402
75.91	20.18321618765478
75.92	16.93604865841491
75.93	15.47756554745197
75.94	13.842152851095285
75.95	10.603831789138454
75.96000000000001	7.213744067204391
75.97	3.852111824588209
75.98	7.870495433848031
75.99	11.980483574107982
76.0	11.947879874593703
76.01	11.609648437031746
76.02	10.303028643177091
76.03	8.121144972101815
76.04	6.0711830401588625
76.05	4.400230435649749
76.06	2.729277831138259
76.07000000000001	4.989501607459159
76.08	10.47102118395134
76.09	7.751376187013327
76.10000000000001	7.23108851542695
76.11	7.093356122079166
76.12	8.82644474398026
76.13	10.027700480183517
76.14	10.09505255442524
76.15	5.447048904549182
76.16	5.8567718055971065
76.17	7.107601512896898
76.18	14.226594312662787
76.19	18.427126790158916
76.2	22.32358478128637
76.21000000000001	19.465172517990666
76.22	19.86715262277161
76.23	16.028242814209545
76.24	16.179432651711377
76.25	19.659309706896536
76.26	17.331418921281013
76.27	17.101611099447243
76.28	18.933482073113385
76.29	14.778627916762854
76.3	11.36067473277728
76.31	11.641025436779492
76.32000000000001	12.269996093057717
76.33	10.710824593716858
76.34	9.30182501859755
76.35000000000001	9.857334638598791
76.36	8.210766407188887
76.37	13.719079939215247
76.38	18.960271300211893
76.39	25.788091267993387
76.4	33.714052602859546
76.41	34.92072912420574
76.42	29.16679646216079
76.43	28.171256695295323
76.44	22.18658537449293
76.45	20.06789164005218
76.46000000000001	22.620699560470076
76.47	28.927063562431858
76.48	31.790348915969275
76.49	28.591686378695726
76.5	28.80887437372251
76.51	33.9614308676524
76.52	32.80280507866062
76.53	32.25482806578528
76.54	26.725220954284136
76.55	23.273949206389688
76.56	20.688311487835996
76.57000000000001	25.39517281493311
76.58	20.525756539913818
76.59	24.862191808008586
76.60000000000001	25.591207834581006
76.61	27.5434107795764
76.62	33.11764620360057
76.63	27.561466975178565
76.64	23.39181305398068
76.65	19.31614480950421
76.66	15.802512993520708
76.67	22.132604613339716
76.68	21.31167251108932
76.69	20.995251305768882
76.7	21.18679417719277
76.71000000000001	31.55439647933797
76.72	29.078974164995806
76.73	28.86181159034388
76.74	27.654501884514477
76.75	27.446322947295233
76.76	27.516082955366397
76.77	30.657699523147137
76.78	26.507687054521654
76.79	21.557105172900798
76.8	25.627651590422065
76.81	35.92372830439901
76.82000000000001	32.61777683836351
76.83	33.339777594157
76.84	28.759610406261167
76.85000000000001	29.161537284640914
76.86	26.190563740870576
76.87	21.957452250705256
76.88	17.817284782704306
76.89	15.373178185230188
76.9	15.640238538002105
76.91	16.349618578904895
76.92	16.89806224149997
76.93	20.2938479319918
76.94	23.811197722274198
76.95	25.466903350052238
76.96000000000001	32.76278857469295
76.97	35.341935953800025
76.98	33.71025215878981
76.99	29.816807315065788
77.0	23.768654020140712
77.01	20.250612268898738
77.02	21.23111989510623
77.03	18.668513599067545
77.04	19.544160033164278
77.05	20.427539648821575
77.06	17.11759355536658
77.07000000000001	17.361217761217393
77.08	22.13009013531098
77.09	21.184829346884264
77.10000000000001	21.027129233824187
77.11	21.474244800771206
77.12	25.21012744046093
77.13	23.747130004895418
77.14	28.5047774267013
77.15	27.55402225024599
77.16	26.57560188738134
77.17	20.797145186702917
77.18	17.163431440899856
77.19	18.380002567743475
77.2	20.511664460097894
77.21000000000001	21.320356353014105
77.22	30.058297757945425
77.23	28.1643215138649
77.24	23.440664383525927
77.25	26.350744092071505
77.26	26.70415474290744
77.27	27.899787427468294
77.28	34.159403278659354
77.29	31.511543174911562
77.3	28.438404521320848
77.31	28.40982205429614
77.32000000000001	25.682614798301525
77.33	25.866800768105243
77.34	22.211610030078955
77.35000000000001	17.408071316992096
77.36	17.80413969863742
77.37	16.266213788254518
77.38	18.05631253210497
77.39	14.018436465899786
77.4	13.634369515040333
77.41	20.785239495017848
77.42	16.59537646864256
77.43	16.069592852897994
77.44	13.408518633267647
77.45	15.394870580499264
77.46000000000001	15.753635769412295
77.47	12.726067694290505
77.48	18.918746500749183
77.49	18.290866869329825
77.5	15.849753415883091
77.51	21.45046799438499
77.52	20.54630168351994
77.53	21.35029822030497
77.54	20.326667619932127
77.55	21.206224410425385
77.56	22.81439417785646
77.57000000000001	21.514517024633793
77.58	21.172710752642313
77.59	21.10889563766101
77.60000000000001	20.441450599676205
77.61	23.88773254167806
77.62	25.825953593530286
77.63	30.35826617878929
77.64	31.308988674426264
77.65	30.70314126324958
77.66	25.80566043468919
77.67	22.15938436124119
77.68	21.192158904016257
77.69	26.159236517738552
77.7	30.11243118350447
77.71000000000001	34.22511438693301
77.72	30.618770943434814
77.73	25.345108485631112
77.74	23.297089990722068
77.75	23.946373661176708
77.76	30.015940354078435
77.77	27.32576517643051
77.78	30.942963054404213
77.79	29.194401385110947
77.8	28.423776938990528
77.81	28.674700191079637
77.82000000000001	29.266653664969112
77.83	25.545963071196724
77.84	29.788720159619857
77.85000000000001	25.228594188103937
77.86	23.78435885640907
77.87	21.098069403894165
77.88	17.144883322612557
77.89	15.499418813686564
77.9	12.19049013974369
77.91	10.6202161242834
77.92	10.20617487569449
77.93	11.025229821876119
77.94	9.481520894401427
77.95	8.777113505157764
77.96000000000001	12.827615441957482
77.97	13.945488491916178
77.98	15.804643995081074
77.99	19.800475341034193
78.0	20.619561669524774
78.01	24.120911524604686
78.02	24.758254080904976
78.03	21.29794680179662
78.04	16.563634843686664
78.05	13.931958223271419
78.06	12.002313817357406
78.07000000000001	24.787928140008763
78.08	23.90298351904856
78.09	22.75402836613619
78.10000000000001	29.50051639634452
78.11	29.68528826380006
78.12	26.9072434526976
78.13	22.12105506567125
78.14	19.341709313119015
78.15	15.12898809114846
78.16	13.193591906033637
78.17	13.132454096089582
78.18	14.020325084335768
78.19	12.668551319871495
78.2	11.804050026040578
78.21000000000001	19.013823658679737
78.22	16.878806096252795
78.23	16.372375381692375
78.24	15.912057058352145
78.25	25.430859643469944
78.26	20.78975982833438
78.27	20.627231753610598
78.28	24.66529563552573
78.29	22.77545529380375
78.3	19.463979298720005
78.31	18.40478429002817
78.32000000000001	16.888063531806743
78.33	15.36883406549868
78.34	17.58514610956811
78.35000000000001	18.631318825406623
78.36	17.48402445943485
78.37	18.2213372691304
78.38	19.969127369478738
78.39	16.496390276581497
78.4	13.779205510982392
78.41	10.23759118696081
78.42	12.157340473703853
78.43	14.771389476043053
78.44	12.225555993891762
78.45	11.279057681976813
78.46000000000001	12.611826543060813
78.47	10.654031201920548
78.48	10.61489777559046
78.49	10.782244306992164
78.5	12.217532629498399
78.51	13.834998414229132
78.52	13.898304378974036
78.53	13.356978293935457
78.54	21.75080888104926
78.55	18.00148730679582
78.56	14.70531839600821
78.57000000000001	15.045553553901602
78.58	21.100327406392434
78.59	25.63634404276853
78.60000000000001	21.050625135597755
78.61	28.14139792283293
78.62	24.26365552433194
78.63	26.044124668444628
78.64	22.16626212412914
78.65	27.66595932169092
78.66	30.029545878335178
78.67	37.19429649886712
78.68	37.51916172970611
78.69	31.215035766512024
78.7	38.714933371692325
78.71000000000001	30.17750071398385
78.72	28.018173787169953
78.73	26.85553428996075
78.74	30.50200638807902
78.75	27.244276982123637
78.76	29.622053167720846
78.77	24.38499197049831
78.78	24.48501323938493
78.79	22.742096613881966
78.8	21.94053063976822
78.81	25.505906573610996
78.82000000000001	26.665050596596675
78.83	30.987439998029664
78.84	31.326317470947227
78.85000000000001	28.443239109639066
78.86	27.406776209202306
78.87	21.513202919842684
78.88	17.039883387563236
78.89	13.278271991562233
78.9	16.99046331624952
78.91	18.175205312527094
78.92	18.672021798231285
78.93	26.214588903831082
78.94	20.240300829674386
78.95	16.693299908440487
78.96000000000001	13.881848848023374
78.97	20.22970730610581
78.98	27.31216630401228
78.99	21.769893485528847
79.0	18.270074853753048
79.01	24.708027711900503
79.02	24.589234999072072
79.03	20.51867832506238
79.04	19.688431647997273
79.05	20.22040804464997
79.06	23.758877950194794
79.07000000000001	18.689532233988636
79.08	17.35683334614266
79.09	16.674024903972263
79.10000000000001	15.308816925596028
79.11	14.365768661136121
79.12	17.516225539352355
79.13	21.64344666872546
79.14	21.143056947524965
79.15	23.777078092140354
79.16	21.07897188618981
79.17	23.14336846404777
79.18	23.913470227971267
79.19	24.932291259688366
79.2	25.665919908965783
79.21000000000001	21.445275249247505
79.22	20.129343439349093
79.23	24.88180927526744
79.24	26.73804979360795
79.25	35.07502157517627
79.26	30.543590962803524
79.27	29.992525683418393
79.28	23.94183750167627
79.29	20.356533199449586
79.3	23.008151610381077
79.31	24.676062086052884
79.32000000000001	24.375067775733335
79.33	44.62939744387178
79.34	39.59752994857452
79.35000000000001	37.397260765355554
79.36	40.079631631741705
79.37	32.338279755887726
79.38	31.762010222883628
79.39	37.020091611645846
79.4	36.58493535369006
79.41	31.090981624313095
79.42	32.658040268309236
79.43	36.2685276200561
79.44	28.320072444194924
79.45	23.654999288076333
79.46000000000001	24.228044087579367
79.47	28.24914699368922
79.48	27.43268840993707
79.49	22.036777843477626
79.5	18.200116247503587
79.51	23.55911275853336
79.52	23.039951131654043
79.53	21.598888528893372
79.54	18.7543879385544
79.55	22.026705197256337
79.56	17.833597078148802
79.57000000000001	15.901005810993084
79.58	13.19142205923615
79.59	12.573824275671328
79.60000000000001	13.061441572769187
79.61	20.3735458953118
79.62	23.192923294747715
79.63	26.20013219514505
79.64	24.787649205808613
79.65	21.823726833465553
79.66	24.206036844019966
79.67	19.777951149757797
79.68	19.750050142718134
79.69	25.137279095669335
79.7	26.246631498158166
79.71000000000001	32.37073144982532
79.72	32.2049359437814
79.73	26.178934377421275
79.74	25.842410513050364
79.75	24.706783929295632
79.76	26.939626386090513
79.77	23.95724128779323
79.78	26.10715863984575
79.79	27.932039589899386
79.8	28.87866916648161
79.81	28.989786898068793
79.82000000000001	29.842241559223726
79.83	24.36453865752961
79.84	23.649032856951834
79.85000000000001	19.083833619797566
79.86	15.833423469496173
79.87	13.135520942279
79.88	15.866305780952182
79.89	15.711803020318941
79.9	18.867220633916972
79.91	19.65163330132679
79.92	22.68115852639687
79.93	21.610042710237586
79.94	21.625674134221974
79.95	18.3467909005354
79.96000000000001	17.960538724706257
79.97	15.184088025381445
79.98	16.189100438415373
79.99	18.70102916326572
80.0	18.026590216790733
80.01	23.72658897159288
80.02	26.337123075101818
80.03	25.2633474793063
80.04	24.2600468840216
80.05	23.882981277996176
80.06	22.45232919617031
80.07000000000001	21.29970886362643
80.08	20.738952629294847
80.09	21.405419366614293
80.10000000000001	24.588690367303737
80.11	23.368625597202325
80.12	20.950392118954188
80.13	19.66694108827596
80.14	18.937082530051164
80.15	16.382350513607086
80.16	15.769574999396811
80.17	26.239701792161473
80.18	28.041743255479663
80.19	27.002189790126135
80.2	25.529461738815503
80.21000000000001	21.318287771262128
80.22	24.53274902833577
80.23	20.757955289069404
80.24	20.10250721207579
80.25	28.477691493307415
80.26	31.932452621256683
80.27	28.889703142726283
80.28	27.634526088702952
80.29	23.109827468452355
80.3	26.633816946842398
80.31	20.46430462623769
80.32000000000001	16.185754037387632
80.33	14.123329734562649
80.34	15.677356283388239
80.35000000000001	16.584688186484286
80.36	17.120175393734485
80.37	18.88986516739612
80.38	22.924327966628194
80.39	25.12058741075065
80.4	20.563135996743586
80.41	21.419828111412887
80.42	22.167411014985415
80.43	26.050741536776354
80.44	33.93095837430503
80.45	27.101822542420745
80.46000000000001	24.040112624692558
80.47	19.150653769437216
80.48	16.35128061386964
80.49	25.710953384491777
80.5	27.92788732927195
80.51	23.43680316578514
80.52	28.234946492323274
80.53	26.198431168238447
80.54	26.182789282998392
80.55	24.571714593513185
80.56	22.84762742176937
80.57000000000001	21.775213542662115
80.58	20.300550681006865
80.59	19.652185077454266
80.60000000000001	15.309346680280127
80.61	13.337031826790081
80.62	14.147083439841735
80.63	13.721835025455757
80.64	11.741268924652642
80.65	14.013419491003386
80.66	15.079572783030342
80.67	13.239864550605224
80.68	10.863632832550604
80.69	9.5766456301799
80.7	10.174600259811092
80.71000000000001	9.965286511713495
80.72	9.052728650190996
80.73	8.336691014345623
80.74	9.094117950159394
80.75	7.163405661540161
80.76	7.18486673840044
80.77	7.932215832825685
80.78	7.14512073219753
80.79	7.858380929476165
80.8	9.818306411260075
80.81	12.949971524729513
80.82000000000001	10.040763374223353
80.83	8.477986731867267
80.84	8.255170158536414
80.85000000000001	8.414441587457397
80.86	11.466206425053885
80.87	10.313510601252828
80.88	8.870418231680652
80.89	9.822646198665295
80.9	13.134901743289285
80.91	11.049614441547387
80.92	14.553470710310854
80.93	22.929007972386717
80.94	18.14475517711293
80.95	16.583981240574158
80.96000000000001	14.513373041852146
80.97	18.395413161289966
80.98	18.02132695126677
80.99	20.81155971385986
81.0	19.192008740076037
81.01	18.17071071588016
81.02	17.895420567837807
81.03	16.00002380966542
81.04	14.797059525911939
81.05	13.417752444353932
81.06	10.98090125212431
81.07000000000001	9.237901269798686
81.08	15.175332791643857
81.09	11.6211105438043
81.10000000000001	10.172240815254385
81.11	7.456357820329895
81.12	7.186325786956374
81.13	10.181071854628206
81.14	16.88893758289604
81.15	17.177589531867543
81.16	14.528272429010498
81.17	20.701204068220665
81.18	17.618150725854758
81.19	17.789301697336754
81.2	13.947900975140032
81.21000000000001	11.264959036117537
81.22	8.46157950428851
81.23	9.255042119233524
81.24	13.262491972392464
81.25	13.431506481512129
81.26	15.926933385498947
81.27	18.593412192232318
81.28	17.054732378564776
81.29	15.670711299529698
81.3	14.172727665978098
81.31	14.927452483809876
81.32000000000001	15.867154596911766
81.33	14.73158193449669
81.34	13.607303667463793
81.35000000000001	17.636730392107964
81.36	16.11379658609864
81.37	13.744841372236632
81.38	11.125600834996384
81.39	10.793313410985554
81.4	9.007419046904491
81.41	11.99352422696005
81.42	13.576024683546033
81.43	14.705103874505815
81.44	14.134119101273455
81.45	14.078296060726373
81.46000000000001	14.589447927559835
81.47	14.764251234695053
81.48	13.29782256637496
81.49	10.647923141883654
81.5	12.207446829637275
81.51	18.220721963469124
81.52	19.929595900887154
81.53	29.562341272206663
81.54	26.558309081938763
81.55	21.623947893916643
81.56	17.585469844968426
81.57000000000001	16.484597635230664
81.58	28.319522955032895
81.59	27.904646774681613
81.60000000000001	26.765090092950114
81.61	25.33481757313894
81.62	23.613038290769154
81.63	29.77192519289086
81.64	29.500096840444996
81.65	28.50096675801292
81.66	23.761996771668816
81.67	23.507687282922515
81.68	22.446037938958632
81.69	21.17826941358105
81.7	19.373704381406547
81.71000000000001	15.713975571095085
81.72	23.07139945148024
81.73	26.734120956215598
81.74	29.986715309699925
81.75	26.55801358203106
81.76	35.283860825809
81.77	31.335069190435945
81.78	32.19518756171274
81.79	29.748539000267225
81.8	29.24110893702054
81.81	27.883523378935024
81.82000000000001	29.72618273713324
81.83	38.427665774168176
81.84	34.16296614096898
81.85000000000001	33.43254322677395
81.86	35.136962257009976
81.87	32.07911934390576
81.88	25.975751204658355
81.89	21.207810594292564
81.9	16.841306111388846
81.91	15.010358446233322
81.92	13.033816794206711
81.93	12.180876590132522
81.94	9.71307021791106
81.95	6.873831798357699
81.96000000000001	8.036744547514541
81.97	20.149153283881677
81.98	24.331156512356312
81.99	23.725991813509363
82.0	26.833004631649445
82.01	21.85796043271739
82.02	17.756578167515485
82.03	17.574863925007634
82.04	21.174671940193754
82.05	20.091801348632057
82.06	24.697434791420953
82.07000000000001	25.101977049264395
82.08	26.328721696289165
82.09	21.72011524093456
82.10000000000001	28.418014543131655
82.11	24.857033823112953
82.12	22.48915126586716
82.13	22.264814500087727
82.14	25.10988085682934
82.15	22.721115931431445
82.16	20.58743095386273
82.17	20.979230856914416
82.18	16.92001791688326
82.19	17.842314132173406
82.2	17.964336463379688
82.21000000000001	15.891414796821694
82.22	18.377396139745958
82.23	16.933198652289516
82.24	20.39035314374584
82.25	19.095246447838537
82.26	17.228977539418555
82.27	15.17080876980749
82.28	22.969367401579824
82.29	21.130208252283353
82.3	19.140428550116855
82.31	15.511253221511632
82.32000000000001	12.714660437344875
82.33	15.745867936882961
82.34	12.62188275120704
82.35000000000001	13.326218642650534
82.36	13.111517693239248
82.37	14.226452917922634
82.38	17.339736104239236
82.39	26.38787477472898
82.4	20.838610996095355
82.41	18.400012087145996
82.42	21.440456479383442
82.43	22.56918161408226
82.44	18.909116682562487
82.45	18.806909240031807
82.46000000000001	19.106893808400592
82.47	16.522224700846536
82.48	18.825221709633137
82.49	20.34824180923884
82.5	16.07404925323392
82.51	13.782605058206585
82.52	13.04858405881536
82.53	13.72486987341448
82.54	17.919681868940273
82.55	17.10214227999516
82.56	13.804693847528553
82.57000000000001	12.652858384085418
82.58	13.69818970375721
82.59	12.193407637443162
82.60000000000001	12.997412702296398
82.61	20.59651493808444
82.62	17.620376952622387
82.63	14.663201371941666
82.64	18.600491432539005
82.65	17.229217525434102
82.66	17.20207899309243
82.67	19.394204289595965
82.68	15.813299182512656
82.69	12.884679149062201
82.7	12.291402887444077
82.71000000000001	16.665539519608906
82.72	13.211219610496766
82.73	10.989712780179149
82.74	17.91119230921761
82.75	20.994031152487192
82.76	20.893262664507272
82.77	19.031723461107394
82.78	19.230657464494634
82.79	20.91845108362504
82.8	32.59569806797854
82.81	26.33276173697809
82.82000000000001	24.182600241564256
82.83	31.702962881759795
82.84	27.239251068277373
82.85000000000001	22.171422805700534
82.86	22.114777617795518
82.87	24.08822758856073
82.88	19.385399801988363
82.89	21.244235559741373
82.9	24.662777018256797
82.91	24.43871706908933
82.92	23.556076611318137
82.93	28.111946173773955
82.94	26.082723365623924
82.95	25.526479059762394
82.96000000000001	25.98507061713622
82.97	24.32345670833951
82.98	22.69541956137543
82.99	29.07905753604218
83.0	31.194698431554407
83.01	25.761954977483914
83.02	23.49693482588096
83.03	25.477902566648105
83.04	21.69667002044647
83.05	18.58823824036982
83.06	17.327253972384597
83.07000000000001	15.844476777430273
83.08	13.571532984303737
83.09	14.574325540433575
83.10000000000001	26.41858385919158
83.11	23.56217501745129
83.12	23.240825707303742
83.13	25.410200052098915
83.14	32.23759764463682
83.15	32.36058128596008
83.16	33.601227856235525
83.17	27.765349812590483
83.18	22.93903220229391
83.19	21.099668713363492
83.2	18.652743232024775
83.21000000000001	26.379991274421954
83.22	25.269053118110797
83.23	22.662306345758008
83.24	25.700628755956387
83.25	23.562607972750772
83.26	17.984917502821666
83.27	16.12915524122048
83.28	13.97437013589362
83.29	15.14901078469346
83.3	16.246767971813288
83.31	19.29069312972642
83.32000000000001	21.18144451458625
83.33	16.35158119800929
83.34	14.542796015061963
83.35000000000001	13.78708760159903
83.36	11.5110016592669
83.37	11.864257188987121
83.38	21.121359432075522
83.39	30.330970957041373
83.4	28.90842463639841
83.41	26.31493145177939
83.42	21.845872109241583
83.43	19.246494376178653
83.44	19.46620399116294
83.45	24.202929630053248
83.46000000000001	24.062611346470792
83.47	19.593329128761308
83.48	30.93200836058237
83.49	27.920727669136003
83.5	25.182187254991444
83.51	23.461843910457784
83.52	24.35372229904801
83.53	21.080024786248305
83.54	24.079877593020882
83.55	21.780275527171774
83.56	22.751428020186694
83.57000000000001	22.523008684187662
83.58	18.3690304287369
83.59	17.633139554220957
83.60000000000001	24.773261553363607
83.61	21.23907191432399
83.62	25.9045444525958
83.63	30.110079992232144
83.64	26.07883553424797
83.65	30.019626781998788
83.66	30.078432669873063
83.67	25.249235592476396
83.68	32.16768620435496
83.69	26.011787062301064
83.7	26.96845894221351
83.71000000000001	24.9590271027033
83.72	20.48918362191024
83.73	15.503834165110922
83.74	13.733982646516216
83.75	11.777995960303627
83.76	11.669084059056324
83.77	16.19250844829302
83.78	18.971608556393292
83.79	24.610647449938956
83.8	23.426274288870957
83.81	20.0369941606749
83.82000000000001	16.06550198921021
83.83	13.75989101262173
83.84	14.985263146172064
83.85000000000001	13.397913538786536
83.86	14.58486930696542
83.87	16.258330556427943
83.88	16.24233952751946
83.89	17.281908411845393
83.9	16.72114789568247
83.91	18.718952107283883
83.92	26.297259338635325
83.93	36.4969100588251
83.94	30.159384405227204
83.95	26.047436249080423
83.96000000000001	25.38056658819581
83.97	21.371626479678778
83.98	20.38940719035016
83.99	18.156429644335976
84.0	14.317570046589546
84.01	15.9102316573441
84.02	14.805522951751579
84.03	15.580032740326262
84.04	12.4988784079581
84.05	17.019185017049946
84.06	14.605798810327961
84.07000000000001	17.092925713584016
84.08	19.48863899987063
84.09	24.748908240881704
84.10000000000001	25.881698513444373
84.11	22.45167040630095
84.12	26.61583005519731
84.13	23.466573364444766
84.14	20.052733650041052
84.15	21.739505138776764
84.16	21.316231022775654
84.17	23.68585131335768
84.18	28.198419765822333
84.19	21.800071146331522
84.2	18.617232059172487
84.21000000000001	18.69445072354003
84.22	15.43698483510967
84.23	13.215524302862585
84.24	21.22987784919018
84.25	16.677815032580273
84.26	14.161276936316034
84.27	13.596000167411201
84.28	11.49940586763656
84.29	9.363091988510499
84.3	7.926355054949343
84.31	8.62130326135825
84.32000000000001	8.281725032102466
84.33	6.483717478328212
84.34	5.039775330881228
84.35000000000001	5.164583614792086
84.36	12.965416327440954
84.37	13.76068549971036
84.38	20.16380846568424
84.39	17.527965684138113
84.4	16.804914814110475
84.41	15.868253341049611
84.42	17.636407997818797
84.43	14.271231474282843
84.44	10.906054950751678
84.45	8.86840405155598
84.46000000000001	8.243516856359886
84.47	7.61862966116468
84.48	16.15048166656576
84.49	14.81546930983845
84.5	13.412172590232085
84.51	17.668570080076673
84.52	20.711141237823384
84.53	23.476848129558377
84.54	25.41443798404331
84.55	24.002234838378047
84.56	19.74514792072626
84.57000000000001	19.554304788841858
84.58	18.47809930567898
84.59	14.981767258207801
84.60000000000001	25.485230626445908
84.61	28.267938082829573
84.62	34.86495688592152
84.63	30.89072456941212
84.64	25.518529605977985
84.65	25.968195300756122
84.66	27.329235905500795
84.67	23.976115917393713
84.68	23.970419189319134
84.69	27.557363905835754
84.7	23.246491763580917
84.71000000000001	22.444375733907993
84.72	17.83353294946907
84.73	17.1046076579709
84.74	16.469825978309967
84.75	15.830920255870376
84.76	17.30339152185246
84.77	16.134055173939732
84.78	14.341749548516935
84.79	13.99552783535896
84.8	18.696417523916185
84.81	21.083261216116277
84.82000000000001	17.285171111658457
84.83	17.390632584546427
84.84	15.791760661949303
84.85000000000001	14.013849915356445
84.86	16.715234730938537
84.87	16.877207550915962
84.88	16.675465467421603
84.89	17.359736586977025
84.9	24.016854574320384
84.91	20.81675075016803
84.92	20.883114200883167
84.93	23.514227817527473
84.94	27.598034042520588
84.95	22.5998175651246
84.96000000000001	20.426029651153325
84.97	20.677182068222574
84.98	19.252411844084346
84.99	16.18000810347597
85.0	15.973528593824899
85.01	13.818000697620798
85.02	11.168422808478692
85.03	11.087152901962694
85.04	13.57094975401927
85.05	21.814879267564177
85.06	21.32627455410001
85.07000000000001	25.01767337388967
85.08	26.727341380557583
85.09	28.849183919438218
85.10000000000001	28.163836748152082
85.11	27.940611750084912
85.12	26.44435171081393
85.13	32.46438925059519
85.14	34.081007359629616
85.15	30.797417310606953
85.16	30.36968845678263
85.17	33.64354717937274
85.18	27.64488276850459
85.19	24.842609847756716
85.2	19.334675930778275
85.21000000000001	17.118176467729345
85.22	15.027979670945095
85.23	14.680072351440867
85.24	21.970839997341535
85.25	18.889554963560954
85.26	21.28330800807579
85.27	17.62982030082092
85.28	15.49421501713191
85.29	21.005907397597213
85.3	17.11894347665606
85.31	16.176685769528163
85.32000000000001	13.433163142162067
85.33	14.62015295004502
85.34	14.196292099983292
85.35000000000001	11.680934435700292
85.36	10.373530355326515
85.37	10.668905873688047
85.38	7.858252849797893
85.39	5.271758828696961
85.4	6.27200540487697
85.41	9.974842172169197
85.42	7.262785076898124
85.43	9.31521671741512
85.44	7.666671033541566
85.45	8.615117954099146
85.46000000000001	5.238482158396094
85.47	5.61635218649853
85.48	9.976531262548699
85.49	18.097412304464573
85.5	18.894661173653834
85.51	21.92243093927148
85.52	17.02745138617198
85.53	12.987764614814958
85.54	9.3881280014269
85.55	12.308417398482332
85.56	23.620166790908506
85.57000000000001	21.161607552035157
85.58	17.26991049263181
85.59	15.585739896956522
85.60000000000001	17.532602272827788
85.61	16.98326634005986
85.62	14.223201359810513
85.63	14.228330692485983
85.64	15.448153661786046
85.65	18.2165112461397
85.66	16.353463297781445
85.67	20.047016285047007
85.68	19.451039730366805
85.69	26.247778470612047
85.7	28.856032833503445
85.71000000000001	25.027207472882672
85.72	25.45904597694224
85.73	24.69510127718126
85.74	25.06710008272562
85.75	23.668076296661216
85.76	27.656537589786435
85.77	27.327707323809097
85.78	22.813018572606786
85.79	24.203232934693435
85.8	21.683459116644098
85.81	21.94577209469633
85.82000000000001	19.920265445763423
85.83	22.970418629650236
85.84	36.048726395188055
85.85000000000001	29.846939084661265
85.86	28.418884458368986
85.87	22.163338713222913
85.88	18.837310876573515
85.89	17.10950926125842
85.9	21.41974761431493
85.91	25.070509188605758
85.92	30.786337484802974
85.93	24.647448165984592
85.94	20.476206340369803
85.95	28.860551359477338
85.96000000000001	25.7831377880717
85.97	21.857562474394847
85.98	19.177963176933414
85.99	28.104017567184787
86.0	24.439638067505506
86.01	24.03675515073732
86.02	22.606431205158625
86.03	24.678765046356624
86.04	23.014426919047434
86.05	19.10166876768346
86.06	21.283176502249702
86.07000000000001	24.028616952222563
86.08	24.8771132707438
86.09	20.82201972611229
86.10000000000001	17.16225956909973
86.11	20.387698167538687
86.12	16.87593329937954
86.13	15.920534581141304
86.14	16.144909100366352
86.15	13.25111687334507
86.16	11.654679131407063
86.17	10.077425855079488
86.18	9.840518814987735
86.19	21.626608477983037
86.2	20.852969302656923
86.21000000000001	23.57439979271906
86.22	20.072548250704497
86.23	17.03398607319251
86.24	15.313044287666461
86.25	21.922740700182878
86.26	20.158316578699676
86.27	19.838511208787907
86.28	18.29455106000145
86.29	16.475177295069663
86.3	15.202013266733934
86.31	14.37122119065339
86.32000000000001	14.078260606810145
86.33	19.59074987977584
86.34	16.72121196769482
86.35000000000001	18.882519634583886
86.36	19.378026312883797
86.37	21.313588790264237
86.38	19.08791858849909
86.39	16.54446369140597
86.4	20.095723149654088
86.41	25.009126464580266
86.42	29.300841212372315
86.43	24.5981898082946
86.44	21.21416854514353
86.45	21.80316286316027
86.46000000000001	20.69502329812242
86.47	26.606078717375002
86.48	22.622406745803225
86.49	22.62935928134581
86.5	26.84770751788682
86.51	23.687990109181204
86.52	23.56611439362903
86.53	22.241238307373198
86.54	17.855530737124678
86.55	13.928612566194209
86.56	14.775923685684594
86.57000000000001	15.088358184138542
86.58	17.858359571505584
86.59	21.374742127859903
86.60000000000001	16.886294244421258
86.61	13.868193401003726
86.62	12.28857514520522
86.63	12.663618876841978
86.64	19.25772305552209
86.65	22.858892714650775
86.66	24.14694160520282
86.67	24.08872400554162
86.68	27.518710897713202
86.69	29.98936569699086
86.7	26.269778941866036
86.71000000000001	23.695316894838303
86.72	23.92649758719578
86.73	20.65437878573159
86.74	19.484049319476707
86.75	19.443925263080743
86.76	21.712050090690454
86.77	20.517739254616743
86.78	18.139427302548572
86.79	16.136838553425605
86.8	18.728226046233353
86.81	24.372454932645905
86.82000000000001	20.605457584864045
86.83	19.97507303571459
86.84	19.595591050905327
86.85000000000001	19.92554197583144
86.86	19.43206603294801
86.87	25.391221774079185
86.88	26.657834273799995
86.89	23.439193230534688
86.9	19.298099347454553
86.91	27.424889096364616
86.92	31.73976834759035
86.93	32.6098552045634
86.94	28.532423850569728
86.95	30.308445575423434
86.96000000000001	28.87665057818455
86.97	22.395274846108403
86.98	20.29812368111849
86.99	22.79506258869807
87.0	18.404625451438367
87.01	22.46376041964878
87.02	26.299055897492323
87.03	33.98787702238164
87.04	32.66637051415914
87.05	35.39589530897278
87.06	32.880460296430996
87.07000000000001	34.801708082413626
87.08	28.836026691075624
87.09	27.6451132605033
87.10000000000001	25.19621432908514
87.11	20.6734708932402
87.12	20.533841553051047
87.13	21.5184982039162
87.14	23.429641904119237
87.15	24.142541990707326
87.16	26.673604192831533
87.17	22.293686721809905
87.18	30.589483589628657
87.19	28.274936931015613
87.2	22.175995664990346
87.21000000000001	17.644268323290746
87.22	14.724365513583445
87.23	11.51906565484977
87.24	13.493026295182664
87.25	13.219281780237978
87.26	13.622681519206234
87.27	12.290133316493899
87.28	14.083443901584166
87.29	23.783199876661836
87.3	19.86888066708747
87.31	22.950088604182508
87.32000000000001	26.43512070640931
87.33	30.021678821166297
87.34	27.657357357992414
87.35000000000001	21.239127857718355
87.36	19.50234881789263
87.37	18.82494042750631
87.38	16.031414523908875
87.39	16.986759409507762
87.4	13.190528557488081
87.41	12.766565707078788
87.42	14.913627560215145
87.43	17.47886871054534
87.44	14.588710800843144
87.45	18.41527106469552
87.46000000000001	18.471173511843556
87.47	17.497833274329423
87.48	15.182334383921768
87.49	13.105333436591936
87.5	13.762791010065804
87.51	16.58850325889549
87.52	19.005186148223157
87.53	25.691757353193474
87.54	21.581080750225325
87.55	17.678465794463524
87.56	16.549473491859818
87.57000000000001	19.390870769639402
87.58	20.94387932965398
87.59	17.97753170038214
87.60000000000001	21.223162861198148
87.61	19.07807991749547
87.62	16.894804427818194
87.63	15.845231730786372
87.64	18.66108794514474
87.65	21.788092443460798
87.66	21.338271356627548
87.67	18.150700068581127
87.68	15.63803005758092
87.69	16.232488756765992
87.7	12.597950851578592
87.71000000000001	10.292748105600026
87.72	13.192308532275465
87.73	11.233412777355234
87.74	10.792709152373774
87.75	9.958260973597724
87.76	8.614085177235653
87.77	8.139228912444366
87.78	16.632545612806393
87.79	23.787687507014507
87.8	20.93643554377964
87.81	24.774469536484048
87.82000000000001	23.934222208132056
87.83	20.992977039491606
87.84	19.28965471742983
87.85000000000001	26.30085242664455
87.86	24.73572827622081
87.87	23.537451345098425
87.88	24.499199569038502
87.89	29.404689154964977
87.9	27.747435640901088
87.91	21.775248479788438
87.92	18.715637498021767
87.93	21.292887254024215
87.94	18.520978378440663
87.95	18.727825266781892
87.96000000000001	20.22167437546345
87.97	25.177488150023752
87.98	21.153959579550197
87.99	25.823822786839354
88.0	27.538114717905426
88.01	24.323902322876123
88.02	23.546321010678238
88.03	31.461749413272713
88.04	27.414158996369014
88.05	33.45263383379964
88.06	27.944008873251327
88.07000000000001	24.156948923398794
88.08	18.83413599629869
88.09	15.100274835787442
88.10000000000001	11.462025176838393
88.11	8.47625622883483
88.12	6.443489597563129
88.13	5.589521646446198
88.14	2.7473870431923086
88.15	2.6669633865327387
88.16	4.284221297014629
88.17	6.285006187779157
88.18	4.823945517583416
88.19	2.58356119506156
88.2	1.6889867484973904
88.21000000000001	2.483900935003008
88.22	0.7609115898077315
88.23	-0.2416176097495075
88.24	1.8748780826453204
88.25	0.8943694566071939
88.26	-0.019289463966410025
88.27	2.709395896798626
88.28	7.457181505325132
88.29	6.826145466435574
88.3	8.231773645846516
88.31	10.788795808606922
88.32000000000001	13.408176373299337
88.33	15.882381444129116
88.34	17.511991074237276
88.35000000000001	18.038457253047042
88.36	16.68356493371861
88.37	17.90888059147454
88.38	18.209425945379152
88.39	15.513791864083228
88.4	14.43683007520354
88.41	15.7682558188883
88.42	12.921384644669804
88.43	14.875379318977943
88.44	16.510904553413628
88.45	16.973237511616798
88.46000000000001	22.655542521604428
88.47	17.512455213659482
88.48	17.013062400891066
88.49	14.832510120611396
88.5	16.851991816326013
88.51	17.363758342066077
88.52	18.278407941777143
88.53	15.668350202750899
88.54	20.906285775525063
88.55	22.670042519417752
88.56	28.122343457433583
88.57000000000001	25.985406198522455
88.58	23.524242289432838
88.59	31.141522812242314
88.60000000000001	25.622111744855275
88.61	22.20137293366327
88.62	17.83395139092661
88.63	17.76903293683048
88.64	16.889705369549024
88.65	22.04183811546542
88.66	24.361100047033236
88.67	26.609189552076263
88.68	25.439445448055974
88.69	33.27769106037241
88.7	27.05943949812977
88.71000000000001	24.60425957688129
88.72	23.05402868774588
88.73	24.795011579705935
88.74	27.09781074752601
88.75	24.47732193839767
88.76	30.029097194383997
88.77	28.740391864926845
88.78	30.437894830368553
88.79	25.439060870314734
88.8	22.208955252113164
88.81	22.56997273794522
88.82000000000001	29.892480923156736
88.83	27.643603364331874
88.84	22.434793577032366
88.85000000000001	19.302003654404743
88.86	36.7307632713102
88.87	34.00887156267479
88.88	32.346864034243445
88.89	27.74989871636236
88.9	29.387174175794826
88.91	28.562788268598077
88.92	27.441195740736273
88.93	26.303058323052245
88.94	23.988889250740637
88.95	30.076652326882247
88.96000000000001	26.295047598975376
88.97	24.33599322281168
88.98	20.238245086873338
88.99	15.66265454361163
89.0	12.38230839498908
89.01	13.756834873136155
89.02	15.360135709645615
89.03	16.436792340681635
89.04	16.522453327702774
89.05	19.316790753250398
89.06	19.572310319117015
89.07000000000001	15.846960600524218
89.08	13.434643539841707
89.09	12.613470635773602
89.10000000000001	17.520187802665056
89.11	19.03204558567586
89.12	17.174498047648306
89.13	16.73144035454639
89.14	26.41950901652238
89.15	21.46313932199282
89.16	22.666457577286685
89.17	17.497276980255315
89.18	15.592676894467711
89.19	13.031576636464166
89.2	10.606509365821934
89.21000000000001	10.942512509573119
89.22	8.39474018812391
89.23	8.881159236397307
89.24	19.351836972080203
89.25	25.52635695279419
89.26	29.090781125052157
89.27	23.349359219026528
89.28	24.03246288228769
89.29	31.836410654217463
89.3	27.613913887443818
89.31	22.620103690069634
89.32000000000001	23.889391055011043
89.33	19.13650645597566
89.34	16.89285422390621
89.35000000000001	19.347695860863745
89.36	19.03761450962443
89.37	16.00453137542776
89.38	14.04020234205779
89.39	14.700151402699904
89.4	15.578214078734403
89.41	14.543974516702708
89.42	15.97123634277778
89.43	18.28473726366668
89.44	14.361318523411121
89.45	13.41077401639527
89.46000000000001	15.088962712519276
89.47	14.35785172568335
89.48	15.564674176842853
89.49	13.440466459542387
89.5	16.028320560559738
89.51	15.445386317055842
89.52	13.757151066170586
89.53	13.3567192756719
89.54	18.068642831578774
89.55	25.411288753942415
89.56	24.880620721798863
89.57000000000001	24.573374610125008
89.58	20.61806694877382
89.59	21.42391810098597
89.60000000000001	16.638722252814073
89.61	14.7131111331033
89.62	13.884067179861614
89.63	11.164606507661818
89.64	10.276118931463776
89.65	10.293124646632299
89.66	8.19560362518171
89.67	9.723259441414006
89.68	24.353967347620202
89.69	21.137603494732495
89.7	29.660654900197926
89.71000000000001	23.845857143220943
89.72	28.352534856685065
89.73	30.51531028777709
89.74	31.868342252972763
89.75	28.400319637049463
89.76	26.371355140769122
89.77	24.99238544974148
89.78	30.94869862463107
89.79	30.920447645869967
89.8	28.903500833350687
89.81	30.912702011614027
89.82000000000001	27.147002580393494
89.83	24.797881066361544
89.84	22.17190324408606
89.85000000000001	19.210482373612365
89.86	16.827353307460783
89.87	14.938521582300124
89.88	18.61607461497506
89.89	19.155312394643627
89.9	17.809656721538477
89.91	16.87259716559794
89.92	14.3194114941064
89.93	26.858384185806063
89.94	26.655244677757747
89.95	29.69397841100941
89.96000000000001	24.48507563378395
89.97	25.234332104473026
89.98	29.02746354043708
89.99	24.714279532049908
90.0	21.780645726856815
90.01	18.614931226858403
90.02	19.226742849186262
90.03	17.038559380203992
90.04	22.20197143616239
90.05	22.13324836530934
90.06	19.86679854499946
90.07000000000001	29.908213850396393
90.08	28.889545451774843
90.09	30.34490146100133
90.10000000000001	29.923788745207
90.11	23.981438523824778
90.12	20.287621715754003
90.13	17.409309804380804
90.14	16.449186984993037
90.15	13.203116699943191
90.16	14.415414288872702
90.17	19.46584933460404
90.18	19.679680790073846
90.19	26.325265589544525
90.2	25.09996808844592
90.21000000000001	23.23877886621944
90.22	21.334975464100935
90.23	26.879228865267535
90.24	26.518586939342725
90.25	23.196259502680814
90.26	22.375083196204056
90.27	18.388077684522866
90.28	16.02773509820408
90.29	17.125242035707707
90.3	17.733711567801315
90.31	15.70541042385907
90.32000000000001	14.081020264365923
90.33	14.132060249257568
90.34	17.122681808999165
90.35000000000001	27.362060053888648
90.36	24.02366281279941
90.37	22.24437919960793
90.38	17.878044771072638
90.39	18.704335369912062
90.4	20.98238534216876
90.41	20.692382197653323
90.42	24.674524524145255
90.43	23.54888327624869
90.44	24.508603386357034
90.45	22.485686703799725
90.46000000000001	25.26000677977146
90.47	20.084883770484034
90.48	15.863676807127609
90.49	14.481492787176949
90.5	12.55813375221346
90.51	11.756063451293453
90.52	13.164165990424873
90.53	13.03929848713643
90.54	13.99028522925477
90.55	13.742163258648747
90.56	14.939035866545508
90.57000000000001	25.658041903067904
90.58	28.769398328318722
90.59	27.773208853477698
90.60000000000001	25.654221728995353
90.61	40.122204696550526
90.62	32.60641066516811
90.63	30.60304207005583
90.64	27.59104444409941
90.65	24.380733104457217
90.66	24.523444373727333
90.67	20.909529558951533
90.68	20.729738149677058
90.69	25.60579875021201
90.7	26.787439804056906
90.71000000000001	26.394294057395946
90.72	23.126742165173276
90.73	20.675473008064436
90.74	16.890091704362405
90.75	22.641669544910332
90.76	19.164097392746573
90.77	20.70247497243091
90.78	16.204630628773867
90.79	12.956402090072785
90.8	14.467227557902692
90.81	13.221240555110993
90.82000000000001	16.78759889046643
90.83	21.110687607639935
90.84	24.542111868391363
90.85000000000001	23.089005083214335
90.86	24.601439967621587
90.87	22.743421366935234
90.88	20.22904892854859
90.89	17.038157237628365
90.9	18.027072348552903
90.91	14.979429237673937
90.92	26.43195404949037
90.93	20.643796662200366
90.94	20.896321768979327
90.95	22.369453845802337
90.96000000000001	23.55198821427692
90.97	21.19999490318067
90.98	23.592175363879797
90.99	23.87784857942611
91.0	21.31642936734789
91.01	23.543004568559905
91.02	32.55975336497908
91.03	29.335416166045817
91.04	31.06844106017013
91.05	29.166826691854485
91.06	24.84105864839099
91.07000000000001	24.896673128774303
91.08	21.600442053165786
91.09	19.70209422939206
91.10000000000001	17.188935887844014
91.11	19.104133631490043
91.12	16.1335944431381
91.13	18.762561111348482
91.14	17.998389576301207
91.15	23.953072067402232
91.16	22.374520621208152
91.17	20.87724634397678
91.18	16.995532636805603
91.19	16.711357825079947
91.2	16.646814057595517
91.21000000000001	15.554617752941342
91.22	14.881606664212477
91.23	18.04436377055313
91.24	23.682842778880193
91.25	21.705887404079938
91.26	17.165642539052993
91.27	15.0010355194718
91.28	12.185959760658681
91.29	10.578455830023934
91.3	8.93857685526413
91.31	8.415832840066908
91.32000000000001	8.099626137650569
91.33	8.142355234637712
91.34	9.541164085049726
91.35000000000001	9.92355157037799
91.36	13.585628818064654
91.37	11.554342639104949
91.38	11.04385868494826
91.39	20.303884457361786
91.4	16.789228730256273
91.41	20.90745561060705
91.42	20.559267855200577
91.43	23.118976293932043
91.44	18.420536150426525
91.45	18.325361704893062
91.46000000000001	19.393260065598337
91.47	19.437576856671456
91.48	17.829739400016734
91.49	20.610128259072326
91.5	29.32870865530441
91.51	31.208772211687663
91.52	28.734240511805638
91.53	25.054882740015934
91.54	32.40861378064824
91.55	25.892661497722354
91.56	22.096744896620823
91.57000000000001	19.09579384601697
91.58	18.372150518566823
91.59	20.717204714825552
91.60000000000001	21.711966302156828
91.61	18.536521914580586
91.62	20.40333678692293
91.63	21.510491835912365
91.64	23.72642110133258
91.65	21.167253165330536
91.66	19.99157225156656
91.67	17.342237011215914
91.68	17.992472514339717
91.69	23.81710712579019
91.7	27.986467974511704
91.71000000000001	24.148826741581765
91.72	24.46192448338061
91.73	22.870231224021722
91.74	18.77255276683033
91.75	19.736137765700303
91.76	25.217031092705312
91.77	29.58719833229779
91.78	29.343310176437512
91.79	23.709833733837016
91.8	20.864392617971298
91.81	24.645066119783237
91.82000000000001	24.1322288856837
91.83	24.620169790802763
91.84	19.633278560447124
91.85000000000001	16.615840914075648
91.86	13.105532105723798
91.87	9.738070220172728
91.88	6.479201498178153
91.89	6.141794468491598
91.9	6.521363610880584
91.91	5.642286449385099
91.92	3.187498185024616
91.93	4.181734375178889
91.94	4.582064472220868
91.95	3.92042791671285
91.96000000000001	2.597167803098475
91.97	0.8316171116575237
91.98	-0.1908792117701783
91.99	-1.1428402724068178
92.0	-2.9729322003508134
92.01	1.4246170518605485
92.02	3.470234045039516
92.03	0.11324294443086245
92.04	-6.476761393725107
92.05	-7.490021304371784
92.06	-5.023012585807311
92.07000000000001	-5.491315008121653
92.08	-8.598725902572058
92.09	-14.21883871639907
92.10000000000001	-20.636457668294174
92.11	-25.584567441866742
92.12	-23.904085532806604
92.13	-21.837483608010423
92.14	-19.960507127306556
92.15	-23.45895026179767
92.16	-34.20150049902665
92.17	-26.909696773721947
92.18	-21.498731213437424
92.19	-16.998054801742406
92.2	-19.243079477138696
92.21000000000001	-21.287589740605195
92.22	-18.64741525225952
92.23	-22.162319478728268
92.24	-20.9500262272906
92.25	-24.4535766039227
92.26	-23.35122406521552
92.27	-27.70247047203118
92.28	-24.84545953716748
92.29	-19.202841023895534
92.3	-16.019547352297977
92.31	-12.780524538751308
92.32000000000001	-14.09531289349436
92.33	-15.366449204686704
92.34	-14.367575574122846
92.35000000000001	-24.409572153585138
92.36	-22.42976237524956
92.37	-24.216432272750193
92.38	-19.123393380989846
92.39	-15.406649055907787
92.4	-13.087497755577079
92.41	-12.265201702225445
92.42	-18.11550352103579
92.43	-15.52780345312082
92.44	-20.782285203575114
92.45	-24.098599578650287
92.46000000000001	-30.96789652497236
92.47	-30.069658486671663
92.48	-31.66617581811205
92.49	-31.682650111671318
92.5	-26.95293734164001
92.51	-25.997734269607776
92.52	-20.79852415932514
92.53	-18.112149437064936
92.54	-13.98984104096099
92.55	-13.417542080792291
92.56	-12.63901776833961
92.57000000000001	-12.663038570348844
92.58	-15.331510623759783
92.59	-17.389924369741667
92.60000000000001	-22.90308354234934
92.61	-22.844610674717984
92.62	-20.911697974743127
92.63	-28.83329259644272
92.64	-37.61955355462026
92.65	-38.225398865238866
92.66	-36.79135543196588
92.67	-31.321775051899593
92.68	-26.347814738799233
92.69	-23.988995045966146
92.7	-28.371465065828755
92.71000000000001	-26.404488768705836
92.72	-26.528188073512077
92.73	-22.38823903368261
92.74	-19.952793667211665
92.75	-16.11670780668966
92.76	-16.593387576479014
92.77	-16.235784023554668
92.78	-19.92108778584139
92.79	-20.232860299567463
92.8	-17.4436892701184
92.81	-20.275214676535473
92.82000000000001	-18.20903845000843
92.83	-18.476352987032882
92.84	-18.097323566008416
92.85000000000001	-23.39389303223185
92.86	-25.552620566847303
92.87	-23.802868934874347
92.88	-21.090160317774085
92.89	-17.30228855392857
92.9	-23.47037866229344
92.91	-19.787324179863745
92.92	-16.869000040699206
92.93	-15.41108539323375
92.94	-15.070158765167964
92.95	-12.963490246072265
92.96000000000001	-12.885547214491767
92.97	-13.467291126223959
92.98	-19.88521835944184
92.99	-16.93172145866734
93.0	-28.933408849835356
93.01	-22.66398769342824
93.02	-23.240239328234196
93.03	-19.097301989821005
93.04	-19.733073769562377
93.05	-20.038084844742116
93.06	-18.840001446475004
93.07000000000001	-17.244688697583914
93.08	-19.439839415542036
93.09	-17.361658386105898
93.10000000000001	-15.663072321715171
93.11	-15.501021878596188
93.12	-15.313558495963026
93.13	-12.58145833964176
93.14	-12.01230324085743
93.15	-15.183650177526571
93.16	-21.247797030604776
93.17	-28.035144385476006
93.18	-30.68735625815336
93.19	-30.490833152236643
93.2	-29.246613397817207
93.21000000000001	-25.23190236519638
93.22	-28.728050527190135
93.23	-28.54368432021066
93.24	-24.501268390060762
93.25	-22.239807639618626
93.26	-17.42965960293845
93.27	-15.816669903865282
93.28	-13.407323706200586
93.29	-16.547358788256588
93.3	-23.210995806849393
93.31	-18.931501691105233
93.32000000000001	-20.093586542643695
93.33	-21.161405563001527
93.34	-19.29387426048162
93.35000000000001	-18.9049615610155
93.36	-22.59038990656222
93.37	-19.512711898231426
93.38	-19.593102148806018
93.39	-18.474991612819498
93.4	-22.64705358047508
93.41	-21.599961418176033
93.42	-24.477048542272872
93.43	-28.88332887212942
93.44	-25.474730166894794
93.45	-20.56255823675988
93.46000000000001	-17.509888901305864
93.47	-17.604894113941974
93.48	-23.78606088517114
93.49	-23.302317429213065
93.5	-29.929086207352817
93.51	-28.31619881076351
93.52	-23.00693363670338
93.53	-19.97832653854515
93.54	-21.475025585951155
93.55	-21.40043046246841
93.56	-22.625928606879707
93.57000000000001	-24.16473438005855
93.58	-27.869868992727294
93.59	-22.9011143212929
93.60000000000001	-21.504615914551376
93.61	-28.850916005636662
93.62	-28.995257148137192
93.63	-26.542832318806234
93.64	-21.670612133509305
93.65	-19.567197303099775
93.66	-15.923895708215298
93.67	-14.814818334486898
93.68	-13.26684571834418
93.69	-18.42580902376579
93.7	-19.928376701441085
93.71000000000001	-17.49556519745928
93.72	-15.697456940223562
93.73	-17.036721868899253
93.74	-15.417978066564254
93.75	-12.805354758948011
93.76	-18.925357478961548
93.77	-17.673729306171918
93.78	-18.362702045600603
93.79	-18.458726629559177
93.8	-20.047690992958792
93.81	-18.733582024823708
93.82000000000001	-21.107889760523587
93.83	-21.748207380587907
93.84	-19.09986146052355
93.85000000000001	-14.946254724422591
93.86	-12.839519220761119
93.87	-10.116870005215135
93.88	-9.509881191823828
93.89	-11.386471335374125
93.9	-11.018577268569711
93.91	-14.426380175636265
93.92	-21.597069491384232
93.93	-21.12187969108797
93.94	-21.05752734520064
93.95	-19.539457393381323
93.96000000000001	-16.53229130049229
93.97	-16.107571468499337
93.98	-13.177741938876364
93.99	-12.683443880670351
94.0	-15.084005994214381
94.01	-14.063676038868481
94.02	-13.52799565617102
94.03	-17.19787706328819
94.04	-20.08764292469982
94.05	-16.286875470787113
94.06	-13.06993456653448
94.07000000000001	-15.30587971347836
94.08	-18.36130792272778
94.09	-17.082279727129222
94.10000000000001	-17.199668872324416
94.11	-20.921355179907792
94.12	-24.63079071791272
94.13	-23.498954176186658
94.14	-20.826871732769774
94.15	-21.842688384793426
94.16	-17.710853438041877
94.17	-18.34902242404615
94.18	-22.046527625186737
94.19	-23.412696623219468
94.2	-20.23974043084447
94.21000000000001	-19.51527511077592
94.22	-21.408561210163757
94.23	-24.303003921892717
94.24	-23.759119139784353
94.25	-23.026124670417133
94.26	-21.211094340752076
94.27	-17.16449672462993
94.28	-14.926725493110936
94.29	-23.389607050429866
94.3	-21.169797790778354
94.31	-21.703953344380267
94.32000000000001	-17.87962328864213
94.33	-16.826435131658954
94.34	-13.61368897369429
94.35000000000001	-11.390159790967195
94.36	-9.602510033784695
94.37	-6.795907377844512
94.38	-7.10358101827309
94.39	-10.371657912333788
94.4	-14.187041032453985
94.41	-13.006145609578557
94.42	-11.939026704705947
94.43	-9.044806095267731
94.44	-7.010433654215771
94.45	-8.653998545918817
94.46000000000001	-10.084715774742437
94.47	-8.413636415520092
94.48	-9.253146604380655
94.49	-13.792005562111278
94.5	-12.130126174588733
94.51	-10.262066529085583
94.52	-10.875864029589588
94.53	-8.787545988927091
94.54	-6.356030120934926
94.55	-2.7033833979498607
94.56	-0.28514688773493807
94.57000000000001	-2.6652565332788347
94.58	-3.340869054985492
94.59	-3.868189886113706
94.60000000000001	-2.0723442524143363
94.61	-2.4390476560704606
94.62	-4.986882068993842
94.63	-8.888077406084541
94.64	-7.064977048227407
94.65	-7.712628464235292
94.66	-13.11446144428959
94.67	-10.60318505630887
94.68	-7.828989358464806
94.69	-6.072935170113884
94.7	-4.332266702268411
94.71000000000001	-10.165852085903875
94.72	-10.722992479259853
94.73	-13.498541742042788
94.74	-10.773022474701987
94.75	-13.017407905480013
94.76	-24.704725329487843
94.77	-26.732882673984584
94.78	-21.79204278391569
94.79	-17.072164805742013
94.8	-13.774480735690679
94.81	-11.552468011678503
94.82000000000001	-18.326606651800383
94.83	-16.83491616064877
94.84	-13.706176931092177
94.85000000000001	-10.297759970840442
94.86	-9.760189594126802
94.87	-9.406226781109606
94.88	-14.22428901764093
94.89	-12.91937683724793
94.9	-11.622015739344368
94.91	-11.630267866698869
94.92	-14.79577738348988
94.93	-15.711383873751084
94.94	-14.912292232505468
94.95	-12.312795141145083
94.96000000000001	-14.861320576518008
94.97	-15.529500314908857
94.98	-16.224373534277966
94.99	-15.634852533335664
95.0	-16.85458967507851
95.01	-20.36639799095634
95.02	-15.731186492660083
95.03	-13.269439273362194
95.04	-14.92130397114021
95.05	-12.378905177098032
95.06	-9.533193176957845
95.07000000000001	-10.042775058437119
95.08	-10.679869545398304
95.09	-9.161556092093495
95.10000000000001	-7.3592485222991435
95.11	-13.452134737969194
95.12	-12.052436013240271
95.13	-14.356870315529754
95.14	-19.223749901633376
95.15	-21.124424049462352
95.16	-18.925969226744026
95.17	-18.13146201422993
95.18	-15.122465580557877
95.19	-12.868880931767679
95.2	-14.17883719045279
95.21000000000001	-13.626510307419618
95.22	-10.278283227391709
95.23	-8.517574639341435
95.24	-7.272498050679304
95.25	-11.542252220573186
95.26	-12.300342631921486
95.27	-17.603316174128256
95.28	-17.002969251594845
95.29	-23.089550103853878
95.3	-27.86717963983254
95.31	-25.80519920760622
95.32000000000001	-24.586571533198516
95.33	-19.924942802011383
95.34	-24.4870023304404
95.35000000000001	-27.253684880286063
95.36	-25.33733844191123
95.37	-32.523029663646966
95.38	-30.04171739775187
95.39	-32.11677600584763
95.4	-30.252340628031533
95.41	-28.1126013702797
95.42	-23.527603273876235
95.43	-24.643400028840222
95.44	-29.58218965203383
95.45	-27.36219278118092
95.46000000000001	-35.56862377234401
95.47	-29.242179956111798
95.48	-26.105772334658806
95.49	-22.81821020905469
95.5	-22.728687070893418
95.51	-31.12087532485039
95.52	-31.81757808381531
95.53	-35.17728558711684
95.54	-30.56349001407106
95.55	-30.343983722945577
95.56	-29.145377709836502
95.57000000000001	-29.076699666999854
95.58	-25.0491543178241
95.59	-19.85924444511815
95.60000000000001	-19.909087262781856
95.61	-23.98781998777856
95.62	-23.46019256879591
95.63	-24.108519881679406
95.64	-20.752800181853278
95.65	-20.719943064161708
95.66	-24.591698075271445
95.67	-24.65335884248225
95.68	-22.905911623163725
95.69	-18.160569642597206
95.7	-17.246162305509653
95.71000000000001	-24.32975340657841
95.72	-27.276246239578654
95.73	-22.157479529736854
95.74000000000001	-19.132702536520963
95.75	-25.421722667881586
95.76	-32.05816048544578
95.77	-30.715986994935317
95.78	-26.423309448802762
95.79	-25.773825035560193
95.8	-28.61028355554868
95.81	-22.135220552426922
95.82000000000001	-18.61700527935637
95.83	-16.044840985102546
95.84	-17.070398647070633
95.85000000000001	-16.80429122146457
95.86	-19.6665452747212
95.87	-17.639449640115316
95.88	-17.631403920732847
95.89	-23.141697439549386
95.9	-22.589487917809215
95.91	-22.57650642320724
95.92	-19.30023154247015
95.93	-22.0304751674526
95.94	-25.094812827743837
95.95	-20.705328563349322
95.96000000000001	-26.012997355200206
95.97	-22.45115980717353
95.98	-27.399771311640862
95.99000000000001	-23.883021625978984
96.0	-20.690321005193308
96.01	-20.267795604100982
96.02	-23.669223212270104
96.03	-19.915087304948806
96.04	-21.296538179902992
96.05	-23.749196381825964
96.06	-28.25716196828903
96.07000000000001	-27.44520414159819
96.08	-27.166110477021476
96.09	-25.92828301157402
96.10000000000001	-24.529998667125444
96.11	-24.39544859841903
96.12	-23.884501658940632
96.13	-23.098134168941613
96.14	-25.51095735297681
96.15	-25.338132179770852
96.16	-28.139668164546638
96.17	-23.91366171376197
96.18	-20.69886322478471
96.19	-20.581441324360814
96.2	-20.378270441712804
96.21000000000001	-20.355577018894316
96.22	-17.667326561091393
96.23	-19.176131063757396
96.24000000000001	-21.861269835217193
96.25	-28.679576378508813
96.26	-29.228163519883374
96.27	-22.67633042012838
96.28	-21.95901029073587
96.29	-22.24313518210427
96.3	-26.53334211615798
96.31	-26.739275541434726
96.32000000000001	-20.732908502476693
96.33	-19.31485528266956
96.34	-15.748482615594437
96.35000000000001	-13.591354733567398
96.36	-14.135240301522478
96.37	-10.595724367022173
96.38	-8.813240516199723
96.39	-7.349708685653546
96.4	-9.857691678831069
96.41	-8.917128476089017
96.42	-12.000869588017522
96.43	-8.300533356431519
96.44	-7.816690365455716
96.45	-9.934302672139822
96.46000000000001	-16.610856469000026
96.47	-14.059694512468706
96.48	-11.628511946542892
96.49000000000001	-9.121112946382222
96.5	-8.399796403054212
96.51	-8.754063316127356
96.52	-6.516220842049083
96.53	-2.11947673257851
96.54	-1.5694076593950514
96.55	2.6272686724838374
96.56	5.346160218947899
96.57000000000001	5.462106294522743
96.58	5.713196349665821
96.59	8.034349703743956
96.60000000000001	6.533303549230178
96.61	10.716377430748423
96.62	10.067714121526944
96.63	11.487747949046572
96.64	11.662659550399296
96.65	12.317875468385587
96.66	16.433693587995613
96.67	14.74147590292324
96.68	12.867739525924103
96.69	12.44733709651026
96.7	10.17684654408869
96.71000000000001	11.674813096212874
96.72	10.907172292747942
96.73	12.675861739686765
96.74000000000001	8.884691493070363
96.75	9.055195342395354
96.76	7.884288019382593
96.77	6.8884595622072275
96.78	7.690823275649517
96.79	3.9560257213048695
96.8	5.397032701718024
96.81	6.547907121534175
96.82000000000001	8.585688605167592
96.83	15.274708350159896
96.84	19.121808786035086
96.85000000000001	18.89345718734877
96.86	18.318579437403553
96.87	18.697482608481735
96.88	22.061365265683882
96.89	22.701986494707256
96.9	22.421209186247893
96.91	29.04419609137816
96.92	29.643786593778284
96.93	34.17780384930671
96.94	30.502452803490744
96.95	25.95178481559789
96.96000000000001	24.74560709823367
96.97	21.65393846645252
96.98	18.134577532416262
96.99000000000001	15.097285296522633
97.0	14.504701268913987
97.01	19.456517874616555
97.02	19.334163604111808
97.03	18.819843484850978
97.04	22.470881105599645
97.05	27.954563261268056
97.06	25.844354261375745
97.07000000000001	21.19705369382835
97.08	22.571553911497418
97.09	25.886464188231706
97.10000000000001	23.671482554422486
97.11	21.524554871794024
97.12	19.177557265976738
97.13	24.604168282771862
97.14	24.807476345826764
97.15	21.644158937143583
97.16	25.9976093245798
97.17	22.908341360402716
97.18	26.628552136516028
97.19	23.06024341596798
97.2	22.017386197813227
97.21000000000001	23.328168458673844
97.22	24.569346888153284
97.23	23.916135004737587
97.24000000000001	19.247569912967172
97.25	17.733213897728902
97.26	15.087262269302677
97.27	15.76363882877026
97.28	18.82064850129342
97.29	26.536247731846824
97.3	28.352732821048534
97.31	26.087369839352295
97.32000000000001	23.649151853721218
97.33	28.676188764985124
97.34	32.32532137137073
97.35000000000001	33.59970306537518
97.36	35.73256817308766
97.37	28.976182506649685
97.38	25.881458501434565
97.39	20.997086151198612
97.4	19.122040921687788
97.41	20.26545577715905
97.42	20.821797062228622
97.43	23.11651153825837
97.44	24.329380279642407
97.45	28.958829980237564
97.46000000000001	26.15949690689411
97.47	23.897542708480294
97.48	25.456000586194556
97.49000000000001	26.945652235718775
97.5	27.089190359003904
97.51	25.814850824959425
97.52	29.172993716526307
97.53	28.60994078317781
97.54	25.123465851841072
97.55	22.0639717057899
97.56	22.52189522869952
97.57000000000001	23.346983572394397
97.58	26.520292903850198
97.59	33.20722679571693
97.60000000000001	29.737524308639884
97.61	26.131303139469768
97.62	29.449899884232867
97.63	30.884124706918964
97.64	34.0430825563119
97.65	26.611015563270325
97.66	22.235145043712496
97.67	18.24483711784222
97.68	17.136997960931623
97.69	20.725974579808856
97.7	21.030511842816697
97.71000000000001	17.603562188260685
97.72	16.24714327986073
97.73	17.63513122412145
97.74000000000001	18.835357584243578
97.75	15.983603673297411
97.76	20.055353739208755
97.77	18.376463481066228
97.78	16.240490084586604
97.79	19.199826162991034
97.8	25.220925876747465
97.81	26.36696062036929
97.82000000000001	28.057635437187514
97.83	25.22744273640804
97.84	22.54298528118763
97.85000000000001	22.49889089722472
97.86	24.06019713590948
97.87	21.53715225942543
97.88	19.70440868383863
97.89	22.307063715467947
97.9	20.015907755596213
97.91	26.31862868162292
97.92	24.791945306317007
97.93	24.231938676682837
97.94	21.547915727786123
97.95	20.707794860474973
97.96000000000001	16.19336792906412
97.97	15.171103862242122
97.98	14.248253152664171
97.99000000000001	15.77444543257714
98.0	15.6325827039297
98.01	13.674105267319499
98.02	10.946024712411052
98.03	9.806573157124882
98.04	11.476614947138268
98.05	15.234535123595125
98.06	11.735984981076573
98.07000000000001	8.802221139593772
98.08	11.491151924159102
98.09	10.938187816872325
98.10000000000001	8.662569752551358
98.11	9.347359905341161
98.12	12.22345535794464
98.13	12.313640212000522
98.14	18.059345925885005
98.15	19.839889511812448
98.16	24.954037465767392
98.17	20.993764533996657
98.18	20.818377099377
98.19	21.143643222332116
98.2	18.017979547734306
98.21000000000001	18.305820181495587
98.22	23.89368509361852
98.23	26.377165938668693
98.24000000000001	24.874101157521345
98.25	20.178008568977987
98.26	18.59043193522772
98.27	24.4696324595039
98.28	19.133524182310722
98.29	16.283646555126094
98.3	14.177629148169961
98.31	13.260413562338174
98.32000000000001	11.024200032806622
98.33	9.92157933544053
98.34	15.245607140103749
98.35000000000001	16.47939645392225
98.36	16.94462943148786
98.37	14.053913492967693
98.38	15.502030322476546
98.39	19.14247852545523
98.4	17.996582196455392
98.41	22.41908299777309
98.42	24.509740980712916
98.43	25.717774372980273
98.44	29.675613512827656
98.45	25.547924483152197
98.46000000000001	21.738493728105958
98.47	18.76538415612073
98.48	17.390402493393488
98.49000000000001	16.421053188443665
98.5	13.407267853804669
98.51	14.116879809392334
98.52	26.16140539404002
98.53	21.335375662288847
98.54	22.54004156465027
98.55	21.569952852972772
98.56	18.59714440162513
98.57000000000001	16.68443153998459
98.58	14.692888451385379
98.59	14.905422553378612
98.60000000000001	17.087979289889102
98.61	21.70922113221387
98.62	23.745852459385564
98.63	21.039511114607507
98.64	21.22760320150586
98.65	20.16209126895057
98.66	22.86685906090713
98.67	19.03245931068469
98.68	18.901714851059634
98.69	16.723173360919862
98.7	18.310864593644755
98.71000000000001	23.49466764139102
98.72	23.051986938984708
98.73	22.35706519113453
98.74000000000001	17.344800830289984
98.75	15.056631692373154
98.76	13.226550163172089
98.77	13.372018813015542
98.78	19.000585220537
98.79	25.31836541212172
98.8	22.0154976673549
98.81	22.71773396780515
98.82000000000001	25.941385039707345
98.83	29.102527401977955
98.84	29.65877349488248
98.85000000000001	28.385888545595222
98.86	25.64330906195464
98.87	30.1490375027498
98.88	25.062497117579642
98.89	28.904533877801356
98.9	29.17010181283953
98.91	26.492950523907805
98.92	23.79044929534841
98.93	21.383440988075954
98.94	21.14368563950364
98.95	27.331926868128306
98.96000000000001	27.980399368430362
98.97	24.70349118202935
98.98	23.23305943845018
98.99000000000001	23.650202126377415
99.0	25.016648880498828
99.01	23.7186759890351
99.02	23.522116024607524
99.03	21.31689694621636
99.04	21.17553163581659
99.05	24.511411559867017
99.06	28.60715696783263
99.07000000000001	23.930738181861184
99.08	25.1335694852441
99.09	22.432560762986895
99.10000000000001	22.697616759678738
99.11	19.85971650298969
99.12	28.842374637292075
99.13	24.1211116467105
99.14	19.469663824773974
99.15	17.531483400977972
99.16	18.179690564540547
99.17	13.993625283989383
99.18	11.720301809436817
99.19	9.41390532492019
99.2	12.881392697789776
99.21000000000001	10.0200348495551
99.22	7.8594235579106755
99.23	6.19635768348096
99.24000000000001	6.507393318127008
99.25	8.36910679913699
99.26	14.516907678466143
99.27	19.28057125921788
99.28	16.63130151597287
99.29	14.344508199350281
99.3	12.104637501770746
99.31	14.84253405947431
99.32000000000001	17.742025440853773
99.33	19.155044004682765
99.34	20.469785213667652
99.35000000000001	22.632651084284603
99.36	23.21055066248437
99.37	26.91679912844132
99.38	24.663326959688717
99.39	21.57362238075126
99.4	26.713087012670666
99.41	24.874288590147295
99.42	20.01402922819118
99.43	21.8323763021881
99.44	26.519841532944472
99.45	28.842979096375583
99.46000000000001	24.422924146790066
99.47	19.780626962614832
99.48	15.900238931011451
99.49000000000001	16.85393469793998
99.5	15.209392566500533
99.51	17.068241387189367
99.52	31.630929922599307
99.53	34.537093476635334
99.54	34.237917904090594
99.55	30.320032785574362
99.56	24.901947465396088
99.57000000000001	20.222647561245495
99.58	18.037214539442672
99.59	17.76683445378845
99.60000000000001	18.128763471235885
99.61	19.846896349374195
99.62	17.692818148814105
99.63	18.841007665655624
99.64	19.200439095026837
99.65	20.361459687152696
99.66	20.92172314017069
99.67	16.52500636238085
99.68	14.022938726878191
99.69	12.943960146948434
99.7	20.461534720646632
99.71000000000001	18.698190586698793
99.72	15.51055661840162
99.73	17.516872436372882
99.74000000000001	18.485465075354167
99.75	19.487650695682543
99.76	16.650463860074886
99.77	15.995272580660536
99.78	17.01424109451614
99.79	13.533616641982768
99.8	12.567331199038358
99.81	15.827717323482053
99.82000000000001	19.178472072944572
99.83	21.59461983847568
99.84	24.882182919570212
99.85000000000001	26.761966595468067
99.86	27.147170079065525
99.87	26.09594005879832
99.88	25.249686614386487
99.89	20.275753668628287
99.9	16.20442907074118
99.91	13.705049248918943
99.92	15.961237297623121
99.93	24.47011360840433
99.94	20.81548080728056
99.95	18.59838427705948
99.96000000000001	18.893958501935774
99.97	23.76505583420108
99.98	34.038553800021184
99.99000000000001	29.022063690461646
100.0	27.474383453626242
100.01	24.987222043417976
100.02	23.974382915151313
100.03	25.941193926828767
100.04	21.231253150464003
100.05	20.80205702736437
100.06	24.62167992143496
100.07000000000001	20.351345158516153
100.08	18.388935769261035
100.09	17.26041614969739
100.10000000000001	25.42821341199146
100.11	31.633813759659912
100.12	38.51741674727773
100.13	33.06261435362985
100.14	28.19368013800813
100.15	27.46442332848678
100.16	22.941383919577994
100.17	18.56186534057441
100.18	17.1840930740236
100.19	15.852079652409715
100.2	19.103090639279635
100.21000000000001	15.429171096687936
100.22	19.10351231753331
100.23	15.941471595573104
100.24000000000001	15.354430653445348
100.25	16.175025064098588
100.26	18.151734445451467
100.27	22.085475412759365
100.28	18.800119706264134
100.29	16.992888836959285
100.3	20.13013504575732
100.31	19.437291098060772
100.32000000000001	16.127989128388382
100.33	16.509557169581598
100.34	14.917292572166492
100.35000000000001	21.779345061316217
100.36	21.48116831119388
100.37	17.916724163489906
100.38	16.73293167797764
100.39	19.859511401761363
100.4	20.063661482330296
100.41	26.593458239795897
100.42	24.04057283890975
100.43	26.05848267579977
100.44	24.572314159498852
100.45	23.453024151839152
100.46000000000001	28.203410342735673
100.47	24.520802119739095
100.48	23.824412719528805
100.49000000000001	21.377730356450282
100.5	19.4321066759967
100.51	20.47284257970233
100.52	31.037417298326762
100.53	28.515643068091695
100.54	31.76769067816385
100.55	34.77803738442386
100.56	30.023260252432596
100.57000000000001	33.58599043578374
100.58	31.09691021477342
100.59	26.890696776540103
100.60000000000001	28.369080773842306
100.61	23.169024445571132
100.62	21.354314016408217
100.63	20.03919135631816
100.64	17.668266484818194
100.65	17.454122562564347
100.66	16.32568091959361
100.67	26.842204048051133
100.68	22.75668357384074
100.69	19.164464038401242
100.7	16.25736160966135
100.71000000000001	17.834652538399098
100.72	19.215328981822463
100.73	22.54751741837174
100.74000000000001	22.93786567662369
100.75	24.223542907478368
100.76	23.554661760924347
100.77	22.297258136947427
100.78	24.139716127940655
100.79	27.472393958376017
100.8	28.19050462763241
100.81	21.93872359729785
100.82000000000001	18.271089407891484
100.83	17.03196961905952
100.84	17.400588738117925
100.85000000000001	17.99337188922258
100.86	19.98945475340412
100.87	19.230943857943835
100.88	15.657880300903535
100.89	17.137649695012897
100.9	23.155212648712766
100.91	22.75917192478195
100.92	17.851622146721905
100.93	16.47094637256184
100.94	23.24568632797611
100.95	30.95274568407905
100.96000000000001	31.215540468314796
100.97	37.13995895906069
100.98	33.55742657039614
100.99000000000001	35.96627798493848
101.0	31.324447136065416
101.01	31.052346185220912
101.02	26.888417353527263
101.03	25.45481818482892
101.04	30.496155307727932
101.05	24.3767179128656
101.06	29.73790922907151
101.07000000000001	24.864833469124402
101.08	26.817074124915916
101.09	30.650457981665443
101.10000000000001	33.370209412201746
101.11	27.010852940811816
101.12	23.752877246304504
101.13	24.084444017124195
101.14	27.686531442855262
101.15	28.480477496212412
101.16	29.327310548409326
101.17	27.156040911239398
101.18	28.454448904955182
101.19	25.94361727983596
101.2	22.1884219295843
101.21000000000001	23.309649309023538
101.22	18.904812491971644
101.23	19.727007467595982
101.24000000000001	16.740890533156296
101.25	21.984794833129385
101.26	22.282633203346748
101.27	18.35414672309177
101.28	21.325270871635915
101.29	20.709048996037165
101.3	16.073733588485762
101.31	14.584747558499817
101.32000000000001	17.521500978206312
101.33	15.898970477631362
101.34	12.881081745318633
101.35000000000001	14.865082742152886
101.36	14.808228967317806
101.37	15.561638316749548
101.38	16.91703444260357
101.39	19.23982512457637
101.4	17.869814490749587
101.41	25.17864422305695
101.42	27.144618577456466
101.43	26.73557034049026
101.44	21.809128604135818
101.45	19.07731664354817
101.46000000000001	16.988359187829914
101.47	16.065843279443147
101.48	12.588219643919086
101.49000000000001	11.504626390898302
101.5	13.144669409897372
101.51	13.045853162425065
101.52	23.67338616896081
101.53	21.808643722835175
101.54	19.64005911372557
101.55	26.099784036741273
101.56	22.92880170721437
101.57000000000001	23.07816635322752
101.58	18.122273745422437
101.59	14.19362472712006
101.60000000000001	11.116632411314383
101.61	10.392767989369272
101.62	11.559408432830686
101.63	9.642820545628014
101.64	17.54122285585507
101.65	21.330449690579037
101.66	19.684280647153454
101.67	18.1817111641721
101.68	15.5842303472244
101.69	16.951603240676814
101.7	14.56540050650972
101.71000000000001	12.279411421510009
101.72	10.649474411339261
101.73	10.551423748566755
101.74000000000001	17.538171226238237
101.75	21.87466957634751
101.76	21.885084766267212
101.77	17.019582395517087
101.78	15.447151644263874
101.79	20.24902851874763
101.8	18.280963696590312
101.81	20.593303150741416
101.82000000000001	21.91715148762513
101.83	19.024010799381543
101.84	24.868249387886152
101.85000000000001	29.15798300351286
101.86	27.381787604853915
101.87	24.146183141304135
101.88	22.117998709977766
101.89	24.211865668233862
101.9	28.443904082851457
101.91	30.597584599858166
101.92	27.52414505106622
101.93	23.84862049022462
101.94	19.264236517643045
101.95	17.649004265004084
101.96000000000001	23.138212408119117
101.97	19.700054433036357
101.98	16.189303984814966
101.99000000000001	15.90080882951992
102.0	20.70860161391634
102.01	17.689951298653085
102.02	21.382353558377574
102.03	27.637025065870418
102.04	22.522277318752376
102.05	24.679574506774532
102.06	29.36943574021907
102.07000000000001	23.096394940549665
102.08	19.023464254039244
102.09	20.695063098811833
102.10000000000001	16.713063630275595
102.11	17.674714081903733
102.12	17.9205178626159
102.13	23.057343702589453
102.14	19.898567902526207
102.15	16.526298404710804
102.16	17.116315172112834
102.17	14.730537216070498
102.18	17.856566691964773
102.19	22.414409242556474
102.2	17.682617625654068
102.21000000000001	15.376819680399276
102.22	14.916676148035036
102.23	15.733648039095163
102.24000000000001	18.310437651933956
102.25	14.357058596731253
102.26	12.113854412789772
102.27	11.290697369794373
102.28	12.04699537187351
102.29	14.108267280681362
102.3	11.670269783517762
102.31	18.432583428439308
102.32000000000001	19.14047917055902
102.33	14.869635505200812
102.34	13.142177484231942
102.35000000000001	20.85889540910319
102.36	18.347761088208316
102.37	16.582789288250613
102.38	14.268520709450462
102.39	13.256163686216867
102.4	13.970683014624823
102.41	16.12211397615848
102.42	13.810948408363354
102.43	13.582805845803255
102.44	13.375851253793765
102.45	12.712386115237999
102.46000000000001	14.774253573336686
102.47	12.820752199329961
102.48	14.482685571842127
102.49000000000001	13.168027975907306
102.5	15.535479438733319
102.51	18.120187160365596
102.52	18.146866287985123
102.53	16.41330549842936
102.54	15.9433612553012
102.55	17.084398693979132
102.56	13.368016756890235
102.57000000000001	13.579013007313367
102.58	10.658601936112008
102.59	8.322439172937328
102.60000000000001	6.785423520717993
102.61	15.343456963769219
102.62	17.05554929467881
102.63	17.865909224833228
102.64	13.833693160240738
102.65	11.603600047986605
102.66	12.431039160024184
102.67	10.75075361505541
102.68	12.990580791913256
102.69	13.176583586266268
102.7	14.82859914382218
102.71000000000001	13.52485627359143
102.72	14.748413388983511
102.73	20.627349888305957
102.74000000000001	16.948451576066578
102.75	16.03550689698033
102.76	17.62854690536548
102.77	15.442907650202429
102.78	11.732065361141006
102.79	21.899604446916786
102.8	23.64818409650197
102.81	22.57344674343585
102.82000000000001	20.329861758127084
102.83	16.35842306389186
102.84	13.468572298027087
102.85000000000001	14.606058854425243
102.86	13.856670522974476
102.87	12.640894803949788
102.88	10.258822497680143
102.89	8.788555836316949
102.9	10.590051791632622
102.91	13.259034612961745
102.92	17.100035822940686
102.93	20.850218845001486
102.94	18.703939062018026
102.95	24.254096518874572
102.96000000000001	27.501075727638483
102.97	22.881453748860498
102.98	24.386032357847498
102.99000000000001	25.94866640016953
103.0	28.66624963698148
103.01	33.39921365966495
103.02	30.134263789679572
103.03	29.48699833870821
103.04	28.908760882725492
103.05	28.908904464170586
103.06	27.94230063356991
103.07000000000001	22.850254354246587
103.08	19.37033658873832
103.09	17.661336385478613
103.10000000000001	15.68966142370221
103.11	18.353578074256276
103.12	18.654341606758717
103.13	14.647844012547742
103.14	11.722513593605134
103.15	13.794290201583728
103.16	10.902570339782779
103.17	12.783112355057202
103.18	11.541054279867415
103.19	11.70038878978084
103.2	10.764404636506983
103.21000000000001	12.152885046082824
103.22	12.000919953251916
103.23	11.489591452892787
103.24000000000001	12.580438049465313
103.25	22.69293707623137
103.26	24.702972598150804
103.27	24.851909640851346
103.28	21.094101434091897
103.29	21.3551627222141
103.3	23.463143725048386
103.31	27.158761625857814
103.32000000000001	23.650566708357008
103.33	19.307323996509016
103.34	16.870691304405227
103.35000000000001	16.531347347598974
103.36	17.1434307478504
103.37	16.293903169472216
103.38	16.997709290994816
103.39	15.631381366940404
103.4	14.0719445442466
103.41	18.156776849204057
103.42	19.742602344929956
103.43	22.115334241145217
103.44	27.349303105741352
103.45	26.736436623358827
103.46000000000001	25.51980628216058
103.47	35.0270947810068
103.48	35.96032990761583
103.49000000000001	33.29379114771925
103.5	32.61050369788229
103.51	26.506805462325534
103.52	21.7101618906984
103.53	28.063151917126238
103.54	23.740845378991665
103.55	26.573213040121743
103.56	25.745545849419727
103.57000000000001	23.80768842370592
103.58	34.813005351685106
103.59	27.887784208581454
103.60000000000001	22.040113693496323
103.61	21.407149163500957
103.62	22.616287046405635
103.63	23.50598105048766
103.64	20.2275329560958
103.65	21.403605504192935
103.66	19.175170102993206
103.67	17.5959540698139
103.68	17.240198807460743
103.69	16.72709729874072
103.7	14.563588420964992
103.71000000000001	11.62358249300665
103.72	12.805621097678076
103.73	13.987356168500343
103.74000000000001	19.8246236937611
103.75	22.192696725375722
103.76	24.724567726613788
103.77	30.583260378997288
103.78	27.33343214133531
103.79	26.62952714061666
103.8	35.23460757193202
103.81	33.84167158608453
103.82000000000001	26.81006288292946
103.83	24.56547582493192
103.84	26.548690674044963
103.85000000000001	27.604962546102257
103.86	33.06807972816028
103.87	27.036887526322534
103.88	24.429909522603108
103.89	29.458905264753913
103.9	28.508941655318694
103.91	28.82549719512622
103.92	28.912055941607665
103.93	32.374719473481306
103.94	34.80321784608982
103.95	28.654854829531104
103.96000000000001	26.549430285197314
103.97	25.776317299852874
103.98	31.00497439484212
103.99000000000001	27.64141806765121
104.0	29.88457372985556
104.01	24.33000693902921
104.02	19.441149797284716
104.03	17.103883175415966
104.04	21.97122481679411
104.05	20.53813674486186
104.06	16.5708350986378
104.07000000000001	20.860019412234134
104.08	16.442351825742154
104.09	14.20154674845757
104.10000000000001	13.377735901956225
104.11	12.194818867980203
104.12	12.07763617656106
104.13	22.962511480447215
104.14	21.765556375188254
104.15	25.896228896958732
104.16	27.908692334130805
104.17	26.2225723955752
104.18	23.748263062377017
104.19	28.648865658229823
104.2	24.606232657873147
104.21000000000001	19.114926581517373
104.22	18.30174120358985
104.23	17.07814307750779
104.24000000000001	13.095344681731104
104.25	11.376219989434418
104.26	11.25713964107362
104.27	10.016770742985617
104.28	10.208837805267466
104.29	9.346198690003673
104.3	11.336777554109519
104.31	11.166767847898994
104.32000000000001	12.231769620168592
104.33	9.487182557339992
104.34	20.911240778676664
104.35000000000001	26.55954414782486
104.36	23.05337943970551
104.37	22.40519090387303
104.38	20.351601022164253
104.39	21.961096532444667
104.4	16.934953070630154
104.41	16.434010934605045
104.42	17.461496488975335
104.43	17.585310414912023
104.44	21.94869400592521
104.45	22.734101033646446
104.46000000000001	24.615138564539688
104.47	21.478949496732703
104.48	19.274225999766703
104.49000000000001	16.627951526191033
104.5	17.882835041847358
104.51	21.333664676849192
104.52	17.712271302561735
104.53	19.004589564801314
104.54	16.060341139198258
104.55	15.095692687750503
104.56	17.59666844836731
104.57000000000001	14.473989935769598
104.58	14.448078122600464
104.59	16.522811192727207
104.60000000000001	15.052748455520007
104.61	15.634101301473107
104.62	18.02868932100868
104.63	16.260075228670825
104.64	15.51575793944249
104.65	25.444767968137477
104.66	20.80247482056424
104.67	18.394954219984502
104.68	18.381939255872265
104.69	15.174611499860086
104.7	17.39371655852006
104.71000000000001	19.668358822970198
104.72	21.785301274149784
104.73	24.0612894084609
104.74000000000001	22.668604259091904
104.75	22.587318052319297
104.76	20.47309712286364
104.77	17.050832433266283
104.78	14.493353669499795
104.79	17.159010943569935
104.8	14.998282058100772
104.81	13.179910134289278
104.82000000000001	10.56832686892877
104.83	9.475999997115991
104.84	8.50750421314689
104.85000000000001	13.047549317959017
104.86	11.50307408204311
104.87	10.7428147976822
104.88	8.912940172737052
104.89	6.583344828516636
104.9	5.80067633984195
104.91	8.190882518146589
104.92	9.408118528018186
104.93	18.217718335546415
104.94	22.428537267666595
104.95	21.854247025311086
104.96000000000001	23.378407060864735
104.97	23.4604923121637
104.98	20.147161576632033
104.99000000000001	16.969893113793987
105.0	18.016780109514336
105.01	26.061638306656036
105.02	20.80122997118896
105.03	16.108546444856774
105.04	13.426009981695673
105.05	10.497454403070282
105.06	13.21236653755505
105.07000000000001	11.648581592072524
105.08	11.83243412235404
105.09	9.293898572233699
105.10000000000001	9.294801657366959
105.11	7.640491897821112
105.12	6.419094513555397
105.13	11.168819503336488
105.14	15.650625190539497
105.15	19.38243011730976
105.16	18.772752108115164
105.17	18.055704048177812
105.18	18.24091380241975
105.19	15.428883210438642
105.2	13.990664084375727
105.21000000000001	14.800006509429688
105.22	16.568301377983836
105.23	15.010852245461946
105.24000000000001	12.561647599474833
105.25	16.99127250725569
105.26	17.490342467755568
105.27	18.68923113990728
105.28	27.941956098311273
105.29	28.495657651380956
105.3	24.50906366870443
105.31	23.867641791678846
105.32000000000001	33.6561615432649
105.33	29.33650742564838
105.34	29.479008111585305
105.35000000000001	32.00405133867973
105.36	39.29652760750564
105.37	42.103157185520125
105.38	36.47523404181421
105.39	33.56203882775538
105.4	32.15179600863308
105.41	26.851043361930653
105.42	23.27848761897624
105.43	19.311859053016207
105.44	16.530655135155275
105.45	14.41142830868132
105.46000000000001	12.837404946869432
105.47	19.436366151145116
105.48	15.510333017057587
105.49000000000001	13.881745704516662
105.5	16.450979613002637
105.51	15.063920386793683
105.52	19.357554116723772
105.53	20.5448165560252
105.54	21.04118478348269
105.55	20.777625422951093
105.56	26.451206075163235
105.57000000000001	32.62203136659926
105.58	27.308363890830492
105.59	21.41415762245941
105.60000000000001	20.108715386128342
105.61	21.599420453686463
105.62	24.21570390393775
105.63	22.8406654577846
105.64	19.25270984150805
105.65	28.131533647656518
105.66	35.947792921925966
105.67	33.99214592502799
105.68	30.20266848464852
105.69	29.469250018602278
105.7	22.92836889709214
105.71000000000001	22.16155372512298
105.72	24.721797496638644
105.73	27.60765611940156
105.74000000000001	24.214928220338304
105.75	26.003306228674603
105.76	22.089206067858935
105.77	24.18874247254397
105.78	19.290497997038
105.79	18.297776507727654
105.8	23.137672995559626
105.81	18.98421055083581
105.82000000000001	16.048485547246894
105.83	21.135572352840484
105.84	22.4367916160113
105.85000000000001	21.12744761105712
105.86	21.601576932582425
105.87	22.93948318999212
105.88	25.496575295938463
105.89	25.568275663086425
105.9	20.536598614338928
105.91	17.820882017577333
105.92	17.134708950020304
105.93	17.2972625773115
105.94	13.581655715776833
105.95	20.44444087908771
105.96000000000001	24.63740379726039
105.97	23.913511604312717
105.98	22.830862227744348
105.99000000000001	20.85477343106802
106.0	24.17690629667914
106.01	24.99938095260483
106.02	32.75296323616229
106.03	27.83932858223603
106.04	23.725215551538486
106.05	21.70187014420001
106.06	19.349552281204407
106.07000000000001	17.320074100090846
106.08	15.442256306124364
106.09	13.149734323650659
106.10000000000001	14.757760478937785
106.11	16.124403219894255
106.12	12.849151281014542
106.13	9.573899342139487
106.14	7.723182421917736
106.15	6.206776112549109
106.16	5.268377489965013
106.17	5.352073608209163
106.18	5.6467796266991375
106.19	7.547769514763502
106.2	6.580450057290538
106.21000000000001	9.051240429144134
106.22	7.346474618629626
106.23	8.137744262119629
106.24000000000001	9.620392150504276
106.25	8.9223526278203
106.26	9.231289414926396
106.27	13.427032675318035
106.28	12.918544421992173
106.29	13.022734027041851
106.3	11.472769755286652
106.31	15.839505100391056
106.32000000000001	14.406641404222757
106.33	24.263407237196134
106.34	32.740507385522456
106.35000000000001	30.050370144430065
106.36	24.313233682133095
106.37	23.706894001591102
106.38	24.073206774303628
106.39	28.349955832130266
106.4	27.86536878111352
106.41	22.268882354340562
106.42	22.402145021165303
106.43	28.46725115951752
106.44	24.88041050087587
106.45	21.740148783318933
106.46000000000001	18.92071369262651
106.47	17.161289911977168
106.48	17.05459688218698
106.49000000000001	17.04042307732424
106.5	14.07594387022809
106.51	14.577343485147926
106.52	13.249727297782856
106.53	13.682862927462972
106.54	15.660963518512787
106.55	15.414746362757091
106.56	20.209110464570603
106.57000000000001	22.591398581529806
106.58	23.003849892421645
106.59	21.40999242405267
106.60000000000001	18.018320379744818
106.61	21.501111274814935
106.62	20.38232918751484
106.63	17.852175924663566
106.64	22.695192352600127
106.65	22.962036573497155
106.66	19.170249478521967
106.67	21.45873934480174
106.68	23.916379981003892
106.69	21.00469176158741
106.7	19.206968458440084
106.71000000000001	20.78667762817189
106.72	18.316811100438752
106.73	19.634095291376717
106.74000000000001	16.166575901224512
106.75	14.01409443293909
106.76	17.335040548259247
106.77	22.78035711429285
106.78	19.22547787069913
106.79	26.127086997582634
106.8	28.33468713573021
106.81	26.919479525983235
106.82000000000001	23.812664786923193
106.83	24.937648410056983
106.84	28.550304018721544
106.85000000000001	24.484716372759696
106.86	19.69631918751872
106.87	19.85599335321381
106.88	18.77971972097922
106.89	16.554783195332107
106.9	15.255347694616036
106.91	12.129217759489856
106.92	12.645163728373687
106.93	13.394499367210665
106.94	12.547426436481329
106.95	11.961331096992996
106.96000000000001	12.37687849297494
106.97	11.742914629682456
106.98	12.041476977456451
106.99000000000001	13.364840418820837
107.0	14.438749359352972
107.01	23.447279103152024
107.02	23.443820348625305
107.03	22.47250583539318
107.04	17.593608309975785
107.05	17.51706092003853
107.06	15.358551975252686
107.07000000000001	12.905183030049521
107.08	11.036678346876558
107.09	14.254576163683412
107.10000000000001	11.18450364646902
107.11	11.28165474491254
107.12	17.001445771168186
107.13	18.01597180044411
107.14	19.45198916339356
107.15	17.731425071334243
107.16	20.047603907999363
107.17	20.258309393806613
107.18	22.466731426135382
107.19	21.91358617468099
107.2	25.968884531774673
107.21000000000001	29.143324998141004
107.22	27.050189532665737
107.23	26.289105465432684
107.24000000000001	26.069468618761892
107.25	21.62776547142412
107.26	21.949559359903716
107.27	30.006916792763423
107.28	27.666069003457565
107.29	26.300092336748353
107.3	25.44228726958402
107.31	22.745949438400125
107.32000000000001	22.34709173560438
107.33	20.129450111887845
107.34	17.990596366537822
107.35000000000001	21.917795015751384
107.36	17.432776090222568
107.37	15.605787372730815
107.38	15.431542821068705
107.39	15.654448467201462
107.4	12.97018074207857
107.41	14.598426289985017
107.42	14.928880044966322
107.43	18.388097937227865
107.44	22.013645377902936
107.45	18.921271245806626
107.46000000000001	22.06117612048137
107.47	23.039734314416865
107.48	19.110175963293514
107.49000000000001	20.14800977219828
107.5	15.845742145657583
107.51	14.839559119296698
107.52	13.315600145939715
107.53	18.053566888102917
107.54	15.11345250163553
107.55	15.4760958818297
107.56	15.287044190958396
107.57000000000001	19.291018861327426
107.58	16.298068775830345
107.59	24.992375035364432
107.60000000000001	27.385560380982643
107.61	24.61039574284073
107.62	24.48078114811305
107.63	22.725282950282942
107.64	24.510299241452223
107.65	24.09104008253044
107.66	24.994468204093348
107.67	31.895934719266045
107.68	34.32201824543521
107.69	33.34763086742896
107.7	30.789720658605265
107.71000000000001	25.1025402061414
107.72	22.122176272372997
107.73	29.543005871613403
107.74000000000001	23.909908242366203
107.75	20.953573629997205
107.76	16.7438290675926
107.77	14.919385501273556
107.78	14.138183783156263
107.79	16.73404821091779
107.8	17.873369457093887
107.81	18.373037607817587
107.82000000000001	16.966007488193863
107.83	15.661485067096246
107.84	14.717509614349115
107.85000000000001	11.437789424350392
107.86	11.039916539888809
107.87	12.024854332020272
107.88	11.06459152948012
107.89	11.954266317816394
107.9	11.198323541379022
107.91	19.48412168573595
107.92	30.78881390468582
107.93	32.837613573272904
107.94	32.239905921624405
107.95	28.657975956307773
107.96000000000001	29.8055716351147
107.97	31.822166889277774
107.98	29.00363551040281
107.99000000000001	29.667293586908553
108.0	27.240624710405974
108.01	22.433068908770885
108.02	19.410740850048516
108.03	16.65937600341668
108.04	17.567471496336204
108.05	14.433988791632359
108.06	19.39830589677137
108.07000000000001	17.769735211098375
108.08	16.570481026717534
108.09	14.890215317213189
108.10000000000001	15.650208250977116
108.11	21.231614108060022
108.12	23.582898948031392
108.13	25.13834501321429
108.14	25.2011642583886
108.15	23.55281781859165
108.16	19.59517824251247
108.17	22.61693781321922
108.18	17.961511700506424
108.19	18.534259432905078
108.2	18.749851149801135
108.21000000000001	19.636261617813783
108.22	16.79662225171774
108.23	21.58559659997552
108.24000000000001	19.473680335708337
108.25	15.459387352770877
108.26	11.594082358826082
108.27	10.358604030608726
108.28	9.123125702389611
108.29	13.396117913097784
108.3	12.653457029300384
108.31	15.67558425000666
108.32000000000001	16.465047942607782
108.33	18.31231559372098
108.34	18.94910446478596
108.35000000000001	17.7268863129548
108.36	19.388088864399965
108.37	17.18872881757763
108.38	23.1202100902026
108.39	27.37438309766234
108.4	24.72159035550906
108.41	23.580169768410357
108.42	23.03897202267622
108.43	18.888628214933448
108.44	24.05596895308619
108.45	28.31690317847267
108.46000000000001	25.035105271667764
108.47	27.45862375489828
108.48	30.89832383379536
108.49000000000001	27.64292875782677
108.5	28.656306217566865
108.51	23.417492097525685
108.52	20.688744851426662
108.53	18.751936638417472
108.54	17.214601677371995
108.55	22.695006404801767
108.56	25.126377597428654
108.57000000000001	19.655169537136338
108.58	15.906035552309234
108.59	12.907849766173767
108.60000000000001	10.706109765149616
108.61	11.577265297527925
108.62	22.13366638768005
108.63	20.223147926100282
108.64	29.170795326590504
108.65	29.17845387269553
108.66	26.74453598135015
108.67	25.82514856237138
108.68	23.56807158593527
108.69	18.81236178407732
108.7	15.426256934261096
108.71000000000001	12.019905093920789
108.72	10.382272259009804
108.73	13.081843403664656
108.74000000000001	15.238715897084745
108.75	14.280244423867908
108.76	15.504870717016814
108.77	16.370839724208263
108.78	22.536765794572954
108.79	24.585899120652904
108.8	24.206376480239662
108.81	31.149842854981795
108.82000000000001	28.64412928599503
108.83	25.232477575578155
108.84	23.742931775458462
108.85000000000001	28.29801412993963
108.86	29.676638191955686
108.87	31.73926021270123
108.88	33.09633999202071
108.89	27.10237754507443
108.9	24.948388314917466
108.91	25.3556441985746
108.92	24.911627259107398
108.93	24.444239150630473
108.94	31.019402463354595
108.95	24.843766112825094
108.96000000000001	25.38221790642174
108.97	21.722614489003586
108.98	22.741146636529205
108.99000000000001	23.519192490710722
109.0	28.839770568430872
109.01	26.230228133178123
109.02	20.45703714060691
109.03	19.866173083040806
109.04	22.22875276968822
109.05	20.181298742504726
109.06	20.22884279967095
109.07000000000001	16.87839184629758
109.08	23.72050380886782
109.09	26.189464374642057
109.10000000000001	34.0277858619136
109.11	32.24963954721705
109.12	27.838201024830237
109.13	26.36938355711707
109.14	27.444335210277472
109.15	24.550682961499586
109.16	23.14869958291046
109.17	23.02451391404912
109.18	33.08884942775343
109.19	37.1991046907009
109.2	35.23220298052652
109.21000000000001	34.11970551237645
109.22	28.449737494267918
109.23	28.311531170317945
109.24000000000001	24.20187200699477
109.25	22.636704750465316
109.26	19.73783018720801
109.27	21.647575269439987
109.28	18.482188946060873
109.29	17.82317102626119
109.3	15.478660004082426
109.31	13.404406559996316
109.32000000000001	10.202171542123036
109.33	6.992853289004513
109.34	6.306321694922554
109.35000000000001	8.89677535997969
109.36	6.89372964804951
109.37	6.421521011599383
109.38	5.589348946723154
109.39	12.111045508386285
109.4	13.287285316755725
109.41	10.74428685396651
109.42	7.769864309274771
109.43	9.694629883118667
109.44	8.656340428482837
109.45	6.2186459022029
109.46000000000001	3.7749817146041518
109.47	2.814172278038152
109.48	4.386977500902141
109.49000000000001	4.265631319407923
109.5	5.500702151811005
109.51	9.541128890471505
109.52	11.733270148608371
109.53	12.479885918500255
109.54	16.832522977180037
109.55	13.728632663357995
109.56	12.750330971663496
109.57000000000001	11.642968834544407
109.58	9.062980241812046
109.59	10.478238553039342
109.60000000000001	10.79330171482038
109.61	15.432538257367158
109.62	13.610930273466254
109.63	14.126981171985747
109.64	11.412794210624178
109.65	11.798944860824598
109.66	9.73285031703326
109.67	11.309582486075197
109.68	12.768188712954819
109.69	18.338967253022265
109.7	14.715776803300937
109.71000000000001	13.242084450723226
109.72	16.01519370651185
109.73	16.760943875907294
109.74000000000001	17.449456136848134
109.75	15.562469871399436
109.76	13.99698888692056
109.77	16.59208636734202
109.78	18.46057571256042
109.79	18.100002487251697
109.8	23.320266474294844
109.81	22.559117270613612
109.82000000000001	19.806891043187285
109.83	21.5723760476216
109.84	24.30098229768836
109.85000000000001	26.626233872607123
109.86	24.358624749987918
109.87	19.241761244788144
109.88	16.825076970375118
109.89	17.11241264839703
109.9	17.076349371988094
109.91	19.49119806304332
109.92	26.34501808692309
109.93	20.278054859054507
109.94	16.331852964606156
109.95	12.833406370360569
109.96000000000001	12.022352756684924
109.97	12.848133385173089
109.98	13.3011551537166
109.99000000000001	15.803657166158077
110.0	16.695130392468755
110.01	15.591190990283224
110.02	16.91564757948603
110.03	14.708980542197736
110.04	13.474241854486317
110.05	12.413292152556558
110.06	12.273054016008928
110.07000000000001	8.933390057189978
110.08	10.612367245347933
110.09	12.7332299583858
110.10000000000001	16.82475092020412
110.11	14.340977332425382
110.12	15.795705559154687
110.13	18.127146767661667
110.14	18.42508380590998
110.15	15.307997540607108
110.16	16.380281763741138
110.17	15.279916782890703
110.18	15.93888562844116
110.19	14.185628248337245
110.2	14.856767651496337
110.21000000000001	16.069606650737573
110.22	12.98501220252553
110.23	12.194227355478608
110.24000000000001	12.533503161048197
110.25	16.012156409084064
110.26	13.623769317946733
110.27	14.537224731997453
110.28	12.628500336048974
110.29	15.584669758863775
110.3	15.181063200417094
110.31	13.106671815124216
110.32000000000001	15.199091414012782
110.33	12.735205492142727
110.34	15.459340119726107
110.35000000000001	13.365451234705883
110.36	10.659762630939088
110.37	8.924777554267886
110.38	7.262055391050002
110.39	5.653806845837144
110.4	4.348641728744723
110.41	3.043476611654157
110.42	2.1319683737432977
110.43	1.6220514728819273
110.44	0.019270261472738904
110.45	4.768050645033602
110.46000000000001	16.032160935184685
110.47	22.20392184946862
110.48	21.718352310167795
110.49000000000001	23.592786045746262
110.5	20.77384634567286
110.51	17.236666324467247
110.52	14.41641398671034
110.53	17.02180580146541
110.54	23.749705472856984
110.55	29.633033567496994
110.56	38.40369023195294
110.57000000000001	33.32495560949821
110.58	26.77454743108214
110.59	21.857884311430762
110.60000000000001	20.601261770834338
110.61	25.67323368583625
110.62	22.01158245986134
110.63	18.938034393337603
110.64	23.249421718457455
110.65	23.931653631211788
110.66	23.661813818415315
110.67	22.593591696674597
110.68	19.669141756672126
110.69	26.95164547422473
110.7	27.35812095072826
110.71000000000001	22.120062955463666
110.72	21.768492348462484
110.73	28.976967508549098
110.74000000000001	35.42707173495451
110.75	33.077524086140144
110.76	35.24492089893946
110.77	30.031197938079934
110.78	25.197857174507323
110.79	27.207776398341064
110.8	29.15410211370794
110.81	27.853045278126256
110.82000000000001	35.51286529262835
110.83	29.646645989876372
110.84	25.264968816125325
110.85000000000001	21.717762009415008
110.86	18.72796292918912
110.87	23.60163024090426
110.88	18.37822363896876
110.89	15.754015617579793
110.9	19.618384409206403
110.91	15.24310629788042
110.92	14.171086387498208
110.93	14.387821377277177
110.94	13.586260669723924
110.95	17.10956368177461
110.96000000000001	17.82884196190525
110.97	23.85569029361756
110.98	32.42510618329867
110.99000000000001	33.64740757991148
111.0	28.632431341622528
111.01	24.095610638113087
111.02	22.355150512887825
111.03	19.149277646950242
111.04	16.379310390913307
111.05	12.854299460365901
111.06	11.726272306084546
111.07000000000001	9.355921783950357
111.08	11.419296292721262
111.09	8.550380447087562
111.10000000000001	10.246918410328833
111.11	9.576716462018068
111.12	8.59777431142683
111.13	7.932974136067444
111.14	6.060739394755361
111.15	6.08520618408124
111.16	8.090301754811698
111.17	10.113728616121813
111.18	12.245566663126027
111.19	11.442002565391409
111.2	13.647782136684244
111.21000000000001	16.17178010266247
111.22	19.08602967676805
111.23	34.99502567093471
111.24000000000001	28.126837745772004
111.25	24.26283634059543
111.26	25.063042127977106
111.27	23.67181324612311
111.28	23.674543222892872
111.29	27.125612389186564
111.3	23.929219002550706
111.31	24.976828395497446
111.32000000000001	22.085894239054532
111.33	21.882135063157122
111.34	18.080299526112736
111.35000000000001	14.131201540806437
111.36	11.963726114237446
111.37	12.51204794321125
111.38	10.701865808131712
111.39	12.581958005891218
111.4	20.354396945571562
111.41	18.486829417933542
111.42	18.25787641428644
111.43	24.299381484264998
111.44	21.026081492423554
111.45	25.829445696586323
111.46000000000001	21.37240797783126
111.47	16.65423451277973
111.48	12.842326064455957
111.49000000000001	11.326798787074559
111.5	10.697137108249194
111.51	12.130125065277946
111.52	9.783685635720367
111.53	9.957066691694004
111.54	8.35520585469092
111.55	6.098122115455144
111.56	4.579950873407569
111.57000000000001	0.10649945447114408
111.58	1.875079105445293
111.59	-3.795196067534125
111.60000000000001	-5.296419430593635
111.61	-3.326760451340592
111.62	-4.496409653767293
111.63	-1.5364601022267454
111.64	-5.999242665566564
111.65	-4.003419661593583
111.66	0.7262533122561339
111.67	0.5944625938844709
111.68	1.9960014137039195
111.69	2.553922506602455
111.7	0.9213054979131365
111.71000000000001	2.5982023794678657
111.72	4.8401352703989655
111.73	3.8419394829396403
111.74000000000001	4.94607154349934
111.75	7.076049750195888
111.76	9.97067971363305
111.77	11.467505829397934
111.78	12.245385944450078
111.79	16.11665016210323
111.8	15.062503978070428
111.81	19.614684896160334
111.82000000000001	16.150667451972307
111.83	13.795419753808204
111.84	11.067845985752953
111.85000000000001	8.648390963559756
111.86	9.54717340288171
111.87	12.315270784133759
111.88	9.951059173989558
111.89	22.764129116188165
111.9	22.904624579857256
111.91	18.050091968880967
111.92	17.572727323359754
111.93	15.630485603960517
111.94	14.039080129441135
111.95	23.41701650853181
111.96000000000001	19.397399220015874
111.97	15.60717865665544
111.98	24.90714917278422
111.99000000000001	20.579514625194147
112.0	19.282232168788962
112.01	17.27534777418297
112.02	20.63993049153124
112.03	21.11529166436084
112.04	18.32354415792622
112.05	22.556432479415328
112.06	21.838555392452456
112.07000000000001	28.830887427182674
112.08	26.778773805833833
112.09	25.60659569102924
112.10000000000001	22.569563250981478
112.11	22.292134311726667
112.12	24.343631786433843
112.13	22.6786700984575
112.14	21.889578631030062
112.15	18.767770434185785
112.16	17.153321385857076
112.17	13.852099744912184
112.18	13.610168410789207
112.19	14.026429673016418
112.2	10.5864302733784
112.21000000000001	17.617856451950708
112.22	18.264089681884663
112.23	20.35162205362615
112.24000000000001	21.180174931158742
112.25	17.03651659731383
112.26	16.292256042364365
112.27	12.883881139871114
112.28	11.398001801822366
112.29	11.297523342270658
112.3	13.009494464025744
112.31	11.386304022213167
112.32000000000001	12.404738958020834
112.33	12.46352448407805
112.34	16.578298065390516
112.35000000000001	18.7097062059945
112.36	18.684866564914103
112.37	18.460648854073593
112.38	35.4887696334222
112.39	38.69858399717881
112.4	33.47829964616706
112.41	29.97665221141256
112.42	31.934843461484302
112.43	27.055855357426076
112.44	23.17598471855736
112.45	26.75798923460513
112.46000000000001	25.915387058340553
112.47	32.517330413607
112.48	31.447611787435644
112.49000000000001	30.602128096854706
112.5	29.67151688253354
112.51	27.028049636957967
112.52	28.374936941165046
112.53	29.490041507055256
112.54	25.022296406385845
112.55	24.598386184563715
112.56	23.50087351346055
112.57000000000001	23.149321164095245
112.58	21.356262757001115
112.59	34.167288790452595
112.60000000000001	33.00207060948097
112.61	29.568836499276955
112.62	31.465776040044833
112.63	27.40827019615792
112.64	23.02310768138875
112.65	20.93248448078099
112.66	23.869419251752454
112.67	23.902744446411763
112.68	23.14075651727803
112.69	19.725495382167068
112.7	15.962604977205519
112.71000000000001	15.600724241760368
112.72	20.11882803580419
112.73	26.134900603520478
112.74000000000001	25.98082256858721
112.75	20.822887281282302
112.76	17.73259065127704
112.77	18.602932949783582
112.78	16.837608458541812
112.79	15.737483475955575
112.8	15.175687122470995
112.81	16.916837899361127
112.82000000000001	15.912300061947033
112.83	23.405003689923173
112.84	23.308373135271925
112.85000000000001	26.391111913694363
112.86	26.010818682747573
112.87	25.124103617889727
112.88	29.518525295517268
112.89	26.88840950633557
112.9	25.368609703635776
112.91	27.4648058256433
112.92	24.306562784361724
112.93	28.80088219969454
112.94	23.86095174287262
112.95	21.03270151062613
112.96000000000001	19.26454117728584
112.97	16.913022665514276
112.98	22.157606133166887
112.99000000000001	21.155091048183206
113.0	22.3391072181525
113.01	21.599092152140017
113.02	18.839869162425657
113.03	14.940487641679438
113.04	12.694674787826752
113.05	11.511160034033178
113.06	13.439031449817014
113.07000000000001	19.90351116303527
113.08	19.217697314035576
113.09	23.625670321697285
113.10000000000001	21.618549481155963
113.11	26.127346056607163
113.12	24.01948120940931
113.13	25.429253047929024
113.14	22.49080554057615
113.15	21.674222541800507
113.16	24.091950061597238
113.17	23.0513549443669
113.18	23.85095562275893
113.19	28.47600987364122
113.2	22.868214273798515
113.21000000000001	21.060689822771174
113.22	19.734542191584254
113.23	16.299286138423007
113.24000000000001	13.521309278244164
113.25	17.184749542828623
113.26	14.671289042340936
113.27	13.416638043386756
113.28	12.63955011266224
113.29	23.20753657274655
113.3	22.406383496490463
113.31	18.963587835636762
113.32000000000001	16.405373977923393
113.33	19.316125668058255
113.34	25.078251397196595
113.35000000000001	26.952038040480524
113.36	22.10320898314959
113.37	18.53654417967546
113.38	19.413239396011775
113.39	20.17536428805881
113.4	18.3051400972624
113.41	21.69711549365282
113.42	17.15528441811832
113.43	15.147455199903336
113.44	15.587885172855879
113.45	16.590622922276797
113.46000000000001	23.071647623132844
113.47	19.268081205511958
113.48	17.593165294406607
113.49000000000001	23.92875732236613
113.5	18.755600267046994
113.51	16.82980407162771
113.52	19.64045695759944
113.53	16.51625684952135
113.54	19.578128063137857
113.55	17.071684123088694
113.56	22.809796056523663
113.57000000000001	18.57696654652318
113.58	14.459864500717933
113.59	13.276260749089158
113.60000000000001	14.57603790292015
113.61	14.732645385251736
113.62	13.398616833050472
113.63	10.806203679181053
113.64	8.73965469195203
113.65	7.437221949626647
113.66	6.4361694870091695
113.67	4.1498045477358
113.68	4.2992672695626695
113.69	2.1547064390391713
113.7	6.460634914299974
113.71000000000001	10.445284922452917
113.72	12.15706232553822
113.73	11.535145605549289
113.74000000000001	14.745440673346279
113.75	16.359410324797555
113.76	12.95975074303812
113.77	10.407886600834846
113.78	9.96095726758937
113.79	13.349821061973726
113.8	12.058873306633464
113.81	11.103504812831476
113.82000000000001	12.503471877407172
113.83	10.571704164171482
113.84	13.89851893971874
113.85000000000001	13.528840986276286
113.86	16.066695586509983
113.87	18.570603896430544
113.88	22.126990630573975
113.89	21.70117078696994
113.9	19.19647976465857
113.91	18.30542281355179
113.92	16.11233622306329
113.93	23.13198982177341
113.94	18.087524844433208
113.95	14.178645791484639
113.96000000000001	10.835983065539171
113.97	9.80059482251229
113.98	10.890354770550852
113.99000000000001	13.176467237874816
114.0	12.09904499458385
114.01	15.835138963991048
114.02	15.752816238831567
114.03	17.396237621268
114.04	13.665486885660181
114.05	11.440839519839008
114.06	13.517211819630017
114.07000000000001	11.734069436806513
114.08	12.205972302362287
114.09	17.97806931586999
114.10000000000001	19.963650289084523
114.11	27.908038943564257
114.12	21.86584100942003
114.13	24.198527729738743
114.14	20.79321874927411
114.15	20.868189820078538
114.16	18.76985235413096
114.17	20.83455277230854
114.18	17.06781323468555
114.19	13.809080380037413
114.2	12.240096707949954
114.21000000000001	12.18277254100565
114.22	13.457308301387606
114.23	17.053747682353084
114.24000000000001	16.97554196894134
114.25	15.800205418940154
114.26	14.867855949686843
114.27	18.747598806038216
114.28	23.915138655341284
114.29	24.23032380519593
114.3	23.54358929187578
114.31	21.741776128230352
114.32000000000001	20.53145790493267
114.33	23.993180029569054
114.34	19.59358103472942
114.35000000000001	24.209905187161464
114.36	25.001150455581286
114.37	24.822215304952056
114.38	22.753253621862402
114.39	24.582698693650443
114.4	21.16843279074815
114.41	18.30429160927084
114.42	18.671047981786177
114.43	17.677662132019446
114.44	15.28918912117375
114.45	13.653962244683111
114.46000000000001	10.811964530410695
114.47	10.149630048335414
114.48	9.927510158427303
114.49000000000001	7.212558215692376
114.5	6.447089428329543
114.51	5.430090833638177
114.52	7.282004780109945
114.53	10.343953755181904
114.54	13.3323982761966
114.55	12.749624722149708
114.56	12.327190486778669
114.57000000000001	15.95241209070994
114.58	25.79171932341215
114.59	25.961412421154918
114.60000000000001	30.195039040395695
114.61	25.226177301125503
114.62	25.06149609823588
114.63	33.682851531219995
114.64	32.31192911834244
114.65	27.427212600632068
114.66	24.134919330576416
114.67	26.14400340188454
114.68	32.42839850218355
114.69	27.208931005826766
114.7	26.139743575078377
114.71000000000001	28.197262362268045
114.72	27.847177707784176
114.73	25.710119605174746
114.74000000000001	29.057444004935135
114.75	24.134546065207502
114.76	25.99960650896846
114.77	23.77635837361734
114.78	24.447342462121654
114.79	22.867248635161463
114.8	21.658836695846343
114.81	17.857321426428804
114.82000000000001	23.771309781357544
114.83	23.282773926980884
114.84	19.72986985423536
114.85000000000001	23.601727102428747
114.86	31.87821263956581
114.87	31.550826382747438
114.88	27.942092800626995
114.89	25.23183635752064
114.9	19.920566313994367
114.91	16.115438730090833
114.92	14.724699719647264
114.93	15.123805350254873
114.94	19.561839468826403
114.95	21.21441495144294
114.96000000000001	28.443118198269545
114.97	28.03340190326647
114.98	24.397058192852775
114.99000000000001	23.924709630858015
115.0	29.136393921262016
115.01	28.599579374798513
115.02	25.593422905266188
115.03	20.090637434715312
115.04	16.711916198474807
115.05	15.069051201988206
115.06	19.823210503461638
115.07000000000001	17.26867568623804
115.08	16.517278037278764
115.09	17.863927647196384
115.10000000000001	21.768940448769122
115.11	19.28651143990229
115.12	15.620810124582066
115.13	18.433020700668706
115.14	16.11807286090297
115.15	14.395020101389886
115.16	15.466038016750836
115.17	14.085005162424782
115.18	11.524056035588234
115.19	21.263778856908726
115.2	20.025747658511293
115.21000000000001	15.447336921207398
115.22	13.154124369737996
115.23	10.870265597714944
115.24000000000001	12.311122189745845
115.25	12.71379331255759
115.26	15.40051589090031
115.27	13.657574087754043
115.28	14.343224105687733
115.29	14.726555871076311
115.3	25.60978109620978
115.31	23.41210055336944
115.32000000000001	20.171508129084398
115.33	21.148705176857842
115.34	22.797153279007993
115.35000000000001	21.29648240665369
115.36	19.66952280780846
115.37	17.098762432149208
115.38	23.165293534329802
115.39	29.63751510215036
115.4	28.9401888774864
115.41	27.831993284943692
115.42	27.033227411283058
115.43	22.484018710565508
115.44	20.514636514933127
115.45	16.009547560635667
115.46000000000001	11.713942511883358
115.47	7.544059478714231
115.48	3.5184091560979738
115.49000000000001	3.4664418369645476
115.5	3.2103735481352804
115.51	4.21297664542292
115.52	7.097419335438213
115.53	13.039103314039359
115.54	20.926909193078078
115.55	16.3171764114023
115.56	13.0387964990698
115.57000000000001	16.391118897141883
115.58	15.999690585592923
115.59	15.604427195417347
115.60000000000001	13.438090534166413
115.61	17.5161048488525
115.62	15.38554231547162
115.63	19.87976713014709
115.64	22.08359310078599
115.65	24.00061871283193
115.66	24.555629401397177
115.67	19.84439390626531
115.68	17.457705787401345
115.69	13.62291558449631
115.7	11.085184109968113
115.71000000000001	14.101852041086593
115.72	20.41736196344753
115.73	23.34113539118902
115.74000000000001	18.241058114099246
115.75	14.853299400873052
115.76	12.61728160056428
115.77	12.95732180340533
115.78	13.697376592394448
115.79	10.752597290907264
115.8	7.894766519853886
115.81	7.106332457315214
115.82000000000001	6.317898394776543
115.83	4.996676042235789
115.84	21.088497089903527
115.85000000000001	17.518378175746992
115.86	17.1390755331016
115.87	19.31108187172648
115.88	22.944847347719577
115.89	20.709291358281956
115.9	23.067832553141347
115.91	35.21828091476735
115.92	35.82386422845172
115.93	30.844727892554523
115.94	26.32457577478457
115.95	28.873013663364798
115.96000000000001	27.79583976706718
115.97	27.804042885359397
115.98	27.28188685098054
115.99000000000001	28.719202162253314
116.0	22.005505460892497
116.01	18.417102745421438
116.02	27.27988223628779
116.03	26.60162649632534
116.04	25.421007895206383
116.05	24.995325467111986
116.06	22.913126097985568
116.07000000000001	23.044806960779038
116.08	18.0927223840904
116.09	16.622917299285046
116.10000000000001	16.0919809442384
116.11	20.50326933501902
116.12	17.597659338922035
116.13	15.397777087372791
116.14	18.842127288327827
116.15	15.107442838721715
116.16	15.228438188027274
116.17	13.57205582843117
116.18	11.498866334717306
116.19	22.738544799710745
116.2	24.71500883432789
116.21000000000001	24.15452083109812
116.22	29.806083367357587
116.23	25.157869423821857
116.24000000000001	27.00074491703316
116.25	28.5803181276634
116.26	26.934860748491513
116.27	23.203800829754904
116.28	26.15477692784102
116.29	23.434487725906525
116.3	24.22483294375236
116.31	21.204189298148087
116.32000000000001	22.00275943588908
116.33	21.23560486532445
116.34	19.993305092905914
116.35000000000001	18.84037472510066
116.36	20.021923648983748
116.37	17.58441198643515
116.38	15.368118893260524
116.39	14.370796619942704
116.4	13.938619398845189
116.41	10.710509421241426
116.42	10.275078152004337
116.43	9.742291046462803
116.44	12.182376160914336
116.45	16.71842700394035
116.46000000000001	16.68639921737232
116.47	12.820279520661641
116.48	10.373132418901255
116.49000000000001	10.29668561013257
116.5	14.96325869254556
116.51	15.228613017118288
116.52	13.609583975535948
116.53	13.554678282687407
116.54	19.210579599508232
116.55	19.096553568114462
116.56	20.19773625770952
116.57000000000001	17.456627962528692
116.58	19.426928943875783
116.59	16.275127377923354
116.60000000000001	20.5907393011965
116.61	20.461671849619577
116.62	22.259894667590405
116.63	19.601766990248436
116.64	16.319138622243795
116.65	24.183914678548767
116.66	24.55029458658416
116.67	23.55123802929219
116.68	29.201722550736037
116.69	32.49104935523938
116.7	31.974201015834872
116.71000000000001	28.29342134631018
116.72	28.250413739428833
116.73	25.475697417522564
116.74000000000001	21.87066761949441
116.75	18.371713660876658
116.76	14.023967053164807
116.77	12.252238561717734
116.78	11.442892872434438
116.79	14.384206280185586
116.8	18.74830279418209
116.81	17.016464331939503
116.82000000000001	15.17366719458137
116.83	20.311393516278727
116.84	16.751959013475467
116.85000000000001	15.684209283586362
116.86	14.72352002517458
116.87	31.230556760468264
116.88	26.905087224460694
116.89	27.404615227109204
116.9	23.6771842648232
116.91	22.866833694518437
116.92	19.39539042573623
116.93	20.344434285140522
116.94	21.638417619951838
116.95	18.027980163112634
116.96000000000001	21.362029287423308
116.97	20.298040224425968
116.98	21.04059018381371
116.99000000000001	16.424906663404894
117.0	14.499462244758945
117.01	13.883527294778572
117.02	12.812236779892027
117.03	10.667877629687295
117.04	9.392523107207662
117.05	10.319965979102728
117.06	14.153814676057257
117.07000000000001	18.43393197108941
117.08	14.844539982896151
117.09	11.539497928451196
117.10000000000001	11.56996067153332
117.11	12.991497721578977
117.12	14.833521893151106
117.13	13.211842234237983
117.14	17.489043783735333
117.15	19.98804886818527
117.16	20.286861010247545
117.17	18.753822523058272
117.18	27.38628443238892
117.19	21.404174404074222
117.2	17.588858022896073
117.21000000000001	15.535837311432651
117.22	16.63915832526361
117.23	17.5576653172707
117.24000000000001	18.309382923399806
117.25	18.947576057515555
117.26	17.654930852976342
117.27	14.619235638463728
117.28	15.237988681802275
117.29	17.11706264482595
117.3	17.919599885813934
117.31	21.18755245983129
117.32000000000001	24.855041421310688
117.33	26.415316927147142
117.34	21.54939222639084
117.35000000000001	17.541117687228304
117.36	15.467832543911113
117.37	17.613429093782713
117.38	14.083052555625951
117.39	12.672093498088113
117.4	19.014690121267748
117.41	23.472970370038446
117.42	22.58501952817779
117.43	27.53546018448877
117.44	30.970065338250453
117.45	30.518568662725166
117.46000000000001	26.962085439260118
117.47	24.760485431913903
117.48	27.39005914368971
117.49000000000001	30.253607465548626
117.5	29.220905563381375
117.51	26.188639128974057
117.52	20.607407643244617
117.53	16.831691969807995
117.54	16.612337009676708
117.55	20.316213315570142
117.56	23.60056465734671
117.57000000000001	28.428766818373084
117.58	24.61425583733588
117.59	21.83009144172164
117.60000000000001	21.612413495611623
117.61	18.124487044637107
117.62	24.703476143365453
117.63	24.28728349898442
117.64	21.156670512058195
117.65	17.98810077419756
117.66	19.13895718708552
117.67	26.89469147108334
117.68	28.142535720526332
117.69	26.87042255863757
117.7	21.35992655873913
117.71000000000001	16.848396564988885
117.72	14.700542211735895
117.73	13.718343030331985
117.74000000000001	21.426351467172907
117.75	24.7364859653794
117.76	26.59837313015075
117.77	24.151348147029257
117.78	19.959663567579284
117.79	20.453551141302185
117.8	20.925453673795566
117.81	19.97526090402144
117.82000000000001	20.978795706987192
117.83	19.299768083965663
117.84	21.8907312232916
117.85000000000001	24.905423953721517
117.86	19.96604324088023
117.87	22.24718943109622
117.88	27.262779669601525
117.89	28.142253969996457
117.9	26.754778575521595
117.91	26.88114618917386
117.92	22.927861411811037
117.93	20.8226706502264
117.94	21.856197242648456
117.95	21.79178500023758
117.96000000000001	28.139598577861747
117.97	31.471667664298067
117.98	29.733211441304938
117.99000000000001	22.968422551012623
118.0	18.80052550478701
118.01	20.111977562339817
118.02	18.555178841784866
118.03	16.94930808449386
118.04	19.102523428390956
118.05	19.603896168241373
118.06	20.54414856963973
118.07000000000001	23.571503224881535
118.08	25.007496910481372
118.09	21.77393194285988
118.10000000000001	26.32983468660828
118.11	27.494830547731137
118.12	30.166590633155195
118.13	25.458371915454855
118.14	26.72944069783523
118.15	26.66278130946798
118.16	33.48542014716028
118.17	26.690580051953248
118.18	23.565403305044978
118.19	26.62315380012778
118.2	23.018340867158347
118.21000000000001	23.273796202362963
118.22	22.68939314796014
118.23	18.49386285945099
118.24000000000001	22.67400446165134
118.25	26.46063951846625
118.26	23.65447635398754
118.27	21.066114943099016
118.28	30.120508630574296
118.29	27.206181082674405
118.3	24.542017563702725
118.31	18.848404808042066
118.32000000000001	16.77158505281947
118.33	17.98004201328157
118.34	22.73849217848241
118.35000000000001	27.20174583722678
118.36	25.738606483014916
118.37	23.548873829619836
118.38	21.51769975265338
118.39	23.570761783454746
118.4	24.028435557437263
118.41	22.623364178926384
118.42	18.256493229944752
118.43	16.152176403386843
118.44	14.872751367571075
118.45	11.981930553929404
118.46000000000001	13.06493839825947
118.47	29.12548032888387
118.48	32.393456972018086
118.49000000000001	32.70157163431521
118.5	35.61196758069937
118.51	29.477952928143537
118.52	28.870825554703124
118.53	37.23897308487441
118.54	31.386324198073105
118.55	31.320125818321152
118.56	26.92912997088236
118.57000000000001	25.115520299461927
118.58	24.358256769093963
118.59	21.790508642914823
118.60000000000001	17.77102025004871
118.61	21.328619157794616
118.62	18.740975700491415
118.63	16.349070224801494
118.64	20.252211173400255
118.65	15.702515906154497
118.66	15.224377077411459
118.67	17.161468253554045
118.68	23.78741246369814
118.69	20.99393723698576
118.7	22.053428431106852
118.71000000000001	20.29402608694367
118.72	18.414607661007185
118.73	14.08579715822264
118.74000000000001	12.615910477504707
118.75	12.06131933867564
118.76	12.195084242882055
118.77	14.207964621621137
118.78	19.713025610007637
118.79	26.56341482948775
118.8	20.897823376775936
118.81	22.414728883008692
118.82000000000001	22.71432122176518
118.83	23.090564551136268
118.84	26.91294268997969
118.85000000000001	27.711300821954733
118.86	26.128009931338134
118.87	21.748318376424137
118.88	20.221266194767477
118.89	20.747289400729723
118.9	22.039500099334763
118.91	19.096052324981468
118.92	21.485037973549417
118.93	19.066218439087045
118.94	18.868941245352907
118.95	19.905404959564358
118.96000000000001	17.959198064160905
118.97	15.829566621719223
118.98	14.793805570609605
118.99000000000001	21.721839684436762
119.0	28.04249214730821
119.01	27.585467874117956
119.02	28.778382481352985
119.03	26.643002390920746
119.04	31.900505322596846
119.05	41.532854971858875
119.06	36.46366541983308
119.07000000000001	32.27323782458258
119.08	36.21172541632444
119.09	32.51065579834281
119.10000000000001	38.32021954605555
119.11	36.48955248465602
119.12	28.745335183602478
119.13	29.48059775135957
119.14	23.372186736297063
119.15	18.87496789496064
119.16	16.258718405363528
119.17	17.47973101674488
119.18	18.475939261256727
119.19	15.710315926869585
119.2	13.069485314327974
119.21000000000001	11.179963523565476
119.22	9.161505450234175
119.23	7.52434449174352
119.24000000000001	7.718948607604618
119.25	7.9135527234654415
119.26	17.766514947185343
119.27	26.2863046268799
119.28	25.18164776919854
119.29	21.834845731660955
119.3	21.36327503553281
119.31	19.458544159120077
119.32000000000001	24.377959717142744
119.33	27.110273009059977
119.34	25.303016704239432
119.35000000000001	20.61890447677992
119.36	22.251936647340106
119.37	17.247776048780914
119.38	13.874841205202095
119.39	15.447379339288903
119.4	27.796413496663003
119.41	32.14336652004784
119.42	30.22175126700903
119.43	26.620035534153818
119.44	23.08738878808985
119.45	19.9798460893828
119.46000000000001	18.284650126308605
119.47	17.858032345587127
119.48	13.835273194168229
119.49000000000001	11.705067230112968
119.5	20.42241462050507
119.51	22.078256091968434
119.52	18.12494825771211
119.53	15.733787339741445
119.54	17.372062424861188
119.55	13.78526735387034
119.56	13.102297666767246
119.57000000000001	11.684993969128206
119.58	13.409025026610342
119.59	11.968496254001169
119.60000000000001	10.25984754021904
119.61	13.538446743670951
119.62	13.71961008417373
119.63	12.9656640499875
119.64	19.755971862150307
119.65	20.626818786005693
119.66	19.86354378558685
119.67	21.899893290978753
119.68	17.937409520639726
119.69	17.186373512009187
119.7	20.9947482241227
119.71000000000001	26.37754960012891
119.72	26.09688540703329
119.73	32.837700858803935
119.74000000000001	30.84196755663766
119.75	30.660592941472757
119.76	28.098993235866935
119.77	29.51703190678843
119.78	27.248507730858453
119.79	26.107530005864493
119.8	22.568555706661932
119.81	17.86859703925473
119.82000000000001	14.137176900337339
119.83	11.973684658718177
119.84	9.93977235519721
119.85000000000001	8.361883649477347
119.86	9.363659000894176
119.87	11.527509605690454
119.88	11.234565375827014
119.89	17.46435123700775
119.9	19.392087280588793
119.91	18.875485657729325
119.92	19.92239441429254
119.93	16.56707891120667
119.94	15.957001602025278
119.95	16.73653185475782
119.96000000000001	15.610964905520943
119.97	15.554428926441684
119.98	13.064424409228469
119.99000000000001	10.821807500886099
120.0	12.770819427269112
120.01	27.433841849525965
120.02	22.919323394363033
120.03	18.439575939294084
120.04	20.099821217525044
120.05	17.486930086398452
120.06	13.721541995627
120.07000000000001	12.998996307838858
120.08	16.43736359884508
120.09	18.630896145595642
120.10000000000001	15.852172007375529
120.11	16.361653792030946
120.12	12.849532317573493
120.13	11.112364141814469
120.14	12.891922483469612
120.15	11.178292603998738
120.16	12.4403652928997
120.17	16.047683668508395
120.18	19.88649778168497
120.19	18.180335748861822
120.2	16.131017200145944
120.21000000000001	21.007556995271283
120.22	21.90896034219188
120.23	18.206271078898286
120.24000000000001	18.567232080991406
120.25	16.6444051901799
120.26	13.809608231650351
120.27	13.77412710890167
120.28	16.8924605970409
120.29	18.724393738182552
120.3	19.879231431013242
120.31	26.412132315139747
120.32000000000001	26.642071299948324
120.33	24.47563907506655
120.34	26.71264501157173
120.35000000000001	32.909555667835164
120.36	27.564509358999448
120.37	25.766135486412214
120.38	22.90849984833795
120.39	28.34125995479313
120.4	22.946636400237693
120.41	22.64431801978109
120.42	26.341590047112252
120.43	32.55534324184822
120.44	26.59482869366358
120.45	23.2122310877925
120.46000000000001	25.229509786551546
120.47	22.871597424198406
120.48	21.63297208397733
120.49000000000001	23.05212869769039
120.5	22.16577661137761
120.51	27.80108545053905
120.52	26.365931384746304
120.53	34.64142564923749
120.54	33.97917035434264
120.55	27.213216779487237
120.56	22.01553758394256
120.57000000000001	17.05041397279189
120.58	13.836523758667086
120.59	11.388985230778223
120.60000000000001	9.852112219378975
120.61	8.43671169265586
120.62	11.081244468065204
120.63	10.754559434273872
120.64	10.184129649616283
120.65	19.11509547687536
120.66	19.35967906106588
120.67	17.08254509534968
120.68	15.39363547128523
120.69	14.53020031025281
120.7	16.304798372444907
120.71000000000001	14.939328634446593
120.72	26.558909147953326
120.73	21.03709199755636
120.74000000000001	19.486990558241803
120.75	20.43160964599623
120.76	21.233674899908824
120.77	19.60749005384122
120.78	20.512225345047888
120.79	20.441834662580447
120.8	18.587651927898637
120.81	27.497414706899402
120.82000000000001	21.51855438371936
120.83	19.23349683600372
120.84	17.4227125629853
120.85000000000001	17.22270962140656
120.86	18.5969789725465
120.87	18.425995666071188
120.88	15.668064370368445
120.89	11.934105799505394
120.9	11.431146086432483
120.91	13.932799776873381
120.92	13.460117716488666
120.93	12.899169184548878
120.94	12.754394654403498
120.95	14.430127413992636
120.96000000000001	14.741218847895189
120.97	13.692467671488595
120.98	13.052307076993364
120.99000000000001	11.737602442684043
121.0	10.409387043478715
121.01	9.9514660779756
121.02	17.486704520884786
121.03	15.620090000255146
121.04	25.49220152341398
121.05	21.832278705500663
121.06	18.4832980865419
121.07000000000001	14.876013218494725
121.08	13.274332097490396
121.09	15.616261100427531
121.10000000000001	21.854077007633077
121.11	23.484877066396997
121.12	22.290425509874343
121.13	23.632903660566498
121.14	20.55506375941679
121.15	22.21136611596848
121.16	21.918518597814284
121.17	17.503866877617092
121.18	20.775600168016197
121.19	18.578013729205676
121.2	24.57594341678573
121.21000000000001	23.4688161218976
121.22	27.873555915491313
121.23	31.03625459937381
121.24000000000001	27.55341323870626
121.25	28.786489430928913
121.26	30.335597184461676
121.27	34.808468528150435
121.28	30.96884618059633
121.29	26.68764884008676
121.3	30.487591258222228
121.31	33.500647836697624
121.32000000000001	29.98609279417274
121.33	24.35605950770444
121.34	22.337782497783916
121.35000000000001	21.906430994567906
121.36	19.492394951304547
121.37	19.143649113431664
121.38	19.514859293385566
121.39	24.73538804771488
121.4	21.937048040838253
121.41	31.7478972473287
121.42	25.554112819772683
121.43	26.51882304010644
121.44	24.546037614051194
121.45	24.563936640978238
121.46000000000001	30.616476218796162
121.47	34.25839070523747
121.48	33.16049824557031
121.49000000000001	26.195090270998243
121.5	25.206564494917107
121.51	25.989383344393186
121.52	26.544306469276982
121.53	25.354975141755446
121.54	26.846242614461747
121.55	20.736454027069406
121.56	19.9344245943481
121.57000000000001	20.959631750467455
121.58	23.42614002601019
121.59	24.22674481630724
121.60000000000001	23.13824114362353
121.61	24.478574210430892
121.62	24.368210401664562
121.63	28.35598775242669
121.64	22.103461810271487
121.65	21.414959525225242
121.66	17.96520209087757
121.67	19.967837842427063
121.68	19.735232379748957
121.69	22.754530093422837
121.7	19.65147726171522
121.71000000000001	21.63339331614967
121.72	20.463725589422705
121.73	20.825628535766697
121.74000000000001	25.793227672777352
121.75	25.53059337205842
121.76	21.181016572063587
121.77	19.348701974905836
121.78	17.59734365075269
121.79	21.85221364560275
121.8	23.3310719135751
