0.0	19.333313320921366
0.01	20.981958588536937
0.02	10.229899853698164
0.03	3.024695974086737
0.04	3.2540477360849693
0.05	1.645610908145476
0.06	3.2174211607460936
0.07	3.5060234719159853
0.08	8.616052977583529
0.09	3.826018492600248
0.1	4.778848586576302
0.11	5.945918521115291
0.12	21.22088490241298
0.13	16.207171309993843
0.14	20.569308134178215
0.15	24.056278185490314
0.16	23.782234142273573
0.17	18.43511263838103
0.18	11.006786619454854
0.19	4.823899390961288
0.2	3.1170198511034792
0.21	4.276132425840105
0.22	8.765857639208532
0.23	13.133790256272114
0.24	18.084944842682336
0.25	12.942483595313362
0.26	13.170033120149848
0.27	8.21613767687205
0.28	8.550062674289585
0.29	3.6547580335984353
0.3	2.5883118597419896
0.31	2.979452389862007
0.32	1.0961672081015017
0.33	1.8085695320124042
0.34	3.1788316071837577
0.35000000000000003	11.488158033787641
0.36	20.49750421842549
0.37	23.29416641596972
0.38	18.653437681258772
0.39	14.721285060319527
0.4	18.036283508949403
0.41000000000000003	10.861731285197402
0.42	17.571234758443786
0.43	25.562516242082737
0.44	20.655726433816376
0.45	19.307080763623073
0.46	18.80094155389141
0.47000000000000003	21.135191568642213
0.48	19.803641705488253
0.49	13.588094131818123
0.5	17.272195611659214
0.51	26.314641067060652
0.52	37.976015097922065
0.53	35.26166887723653
0.54	32.47473301793953
0.55	32.6446725912968
0.56	26.580193776603547
0.5700000000000001	20.431277330774773
0.58	17.021668991803235
0.59	4.280931203723997
0.6	3.9005992212663183
0.61	2.016849446184336
0.62	3.8564521909870395
0.63	3.301123127320833
0.64	2.4814842063344873
0.65	1.3614664117862658
0.66	2.3701491940847754
0.67	-2.604885862001524
0.68	-1.6341089288772013
0.6900000000000001	-4.122526753764827
0.7000000000000001	-7.612886656182707
0.71	-6.897505032121653
0.72	-3.9457795268829403
0.73	-3.3872767270735045
0.74	-3.3876541874700563
0.75	-3.7321498389407695
0.76	-4.665557901195498
0.77	-5.4509167978433055
0.78	-9.553742559474133
0.79	-14.912590523929547
0.8	-17.42317642142978
0.81	-12.181577869547853
0.8200000000000001	-11.94677677132766
0.8300000000000001	-10.621951664362637
0.84	-13.54714474098073
0.85	-14.122731292323824
0.86	-11.340504237936255
0.87	-8.61759478476459
0.88	-37.78208286507018
0.89	-29.702606930680936
0.9	-32.25911059255743
0.91	-31.009498834908655
0.92	-12.67523000000974
0.93	-4.843278749336772
0.9400000000000001	-7.62697394191761
0.9500000000000001	-6.976926599954636
0.96	-9.292529187758777
0.97	-14.713242649297868
0.98	-11.689092412990973
0.99	-3.4439822903533788
1.0	-4.907564355765003
1.01	-1.672813503454672
1.02	-4.350036655602212
1.03	1.9519400506057973
1.04	-0.8561264585638038
1.05	-1.0209060646408445
1.06	-0.22857933177417522
1.07	-1.514843011689901
1.08	0.6341037946563856
1.09	1.5030303131930354
1.1	3.9053032486532704
1.11	3.8024503804732386
1.12	3.854225834689381
1.1300000000000001	6.00806768989094
1.1400000000000001	9.483971431939352
1.1500000000000001	15.628610801059077
1.16	19.325330084983637
1.17	10.489726743428646
1.18	12.386190289638558
1.19	-2.324918275972061
1.2	-7.59574354913546
1.21	-6.365437147530549
1.22	-0.44105174564402766
1.23	-2.9061367214879326
1.24	-5.8613209830847754
1.25	-4.1180228333012066
1.26	-5.072999131055952
1.27	-3.4924404503960385
1.28	1.0153462738412766
1.29	-0.5245277228087107
1.3	-4.894458992227992
1.31	-5.886299204899687
1.32	-9.034087793371231
1.33	-3.728302920789181
1.34	-0.5083248659184902
1.35	-1.538582086294897
1.36	-2.4551168878457816
1.37	-3.0019864741503532
1.3800000000000001	-5.636216543043958
1.3900000000000001	-11.642584675273842
1.4000000000000001	-12.863411506500555
1.41	-2.271192621223919
1.42	-4.989426635873642
1.43	0.29625764770546537
1.44	1.6637626986637075
1.45	1.9842501942972701
1.46	7.091473694446394
1.47	19.14852878842923
1.48	16.200727944302603
1.49	21.939257277810015
1.5	18.140223229364192
1.51	20.04756198812785
1.52	16.796653766913312
1.53	13.897825705811785
1.54	28.15610103073407
1.55	24.879357043257738
1.56	11.525340619451176
1.57	9.688005725044109
1.58	12.602784869986598
1.59	25.8924044449151
1.6	24.881941779803476
1.61	20.63594771732465
1.62	13.244417685731559
1.6300000000000001	19.77011861333347
1.6400000000000001	15.882846000412256
1.6500000000000001	29.048204697165794
1.6600000000000001	21.314837315339485
1.67	14.248700756388825
1.68	20.4065501615619
1.69	25.72899692937976
1.7	13.996153746895379
1.71	9.780228118758865
1.72	6.680282325579848
1.73	13.741745886195174
1.74	10.050090236095768
1.75	11.355298364480149
1.76	11.203274913081591
1.77	23.454012211696725
1.78	22.490124366923784
1.79	30.959626680168853
1.8	31.317542181865118
1.81	22.228665813866034
1.82	24.926577421367455
1.83	24.38643944779399
1.84	26.63372217113319
1.85	26.27800049707917
1.86	30.430138804556773
1.87	28.422898665387166
1.8800000000000001	29.68380955890047
1.8900000000000001	28.625838641507613
1.9000000000000001	24.30085424725532
1.9100000000000001	25.729623785129682
1.92	16.050449795909714
1.93	27.160664593874817
1.94	26.699946317986885
1.95	19.15300453604705
1.96	13.190228712474902
1.97	17.014941495633384
1.98	13.481614309207677
1.99	9.637282315524581
2.0	6.751962911843113
2.0100000000000002	8.106555507512248
2.02	4.83176418659362
2.0300000000000002	3.6199138646791016
2.04	3.8068862097912617
2.05	1.4773214640437717
2.06	3.4732506009215083
2.07	2.299816947696613
2.08	1.378745549226824
2.09	-0.5408955974102845
2.1	-1.5689467232565613
2.11	-5.520936254256731
2.12	-10.836109041016185
2.13	-7.44443269031014
2.14	-1.6442043444614238
2.15	2.4600023110989575
2.16	5.155416169931551
2.17	2.142370554237019
2.18	2.275082729928112
2.19	8.195653009320042
2.2	10.709543762648911
2.21	18.3230628827966
2.22	30.153916473105973
2.23	30.74510626323826
2.24	12.857129806671608
2.25	9.50822847223552
2.2600000000000002	6.555134071174793
2.27	3.6061272080329467
2.2800000000000002	6.072440201180232
2.29	9.555468019907794
2.3000000000000003	11.05877842365559
2.31	8.09875936817064
2.32	9.354993835817561
2.33	10.052205190749772
2.34	10.170609907539124
2.35	15.300121255356752
2.36	13.772148123652526
2.37	4.548465067478896
2.38	11.503300440540603
2.39	8.518435978455326
2.4	6.634435590525731
2.41	5.438302271337216
2.42	-0.7313191206709648
2.43	0.5426221881735107
2.44	-2.2918852783282624
2.45	-6.267141942031222
2.46	-10.182483339124234
2.47	-7.504691386746381
2.48	-5.991516974662727
2.49	-2.678237013711229
2.5	-0.28571843810169534
2.5100000000000002	-0.7841699641192709
2.52	2.153436198034428
2.5300000000000002	8.77387995901238
2.54	13.713622321981195
2.5500000000000003	17.510647632373104
2.56	3.7937916517187893
2.57	4.561412791330578
2.58	4.534183190521131
2.59	-2.3025212338224876
2.6	-0.2682426924053546
2.61	-5.187485981289355
2.62	-2.8027236082229328
2.63	-2.5737858656310975
2.64	-7.5741772391490985
2.65	-5.877272940984181
2.66	-0.8694098335251224
2.67	-0.20915463748602747
2.68	-2.241577429505947
2.69	-1.9741189040901326
2.7	-1.3319158023003468
2.71	0.24309264911004033
2.72	2.0754521739550786
2.73	0.8621928360835129
2.74	5.666855692585581
2.75	-1.849195602255428
2.7600000000000002	-8.717076518920248
2.77	-7.82988814676793
2.7800000000000002	-6.548635539533067
2.79	-18.600046749804402
2.8000000000000003	-15.599166397928636
2.81	-11.695954320969292
2.82	-10.138828810389393
2.83	-7.132138496281252
2.84	-9.000787107351153
2.85	-19.879179667046014
2.86	-16.318638365818604
2.87	-14.046194128337818
2.88	-14.257374425525104
2.89	-20.30446463422076
2.9	-28.75860695452671
2.91	-35.3681471757914
2.92	-17.926803659012485
2.93	-16.68889827053387
2.94	-17.980535365809196
2.95	-23.98019225671995
2.96	-23.179914867236675
2.97	-20.87571150376434
2.98	-19.975436385324468
2.99	-17.54517030631096
3.0	-10.167088960605007
3.0100000000000002	-8.83637445047221
3.02	-15.073422799076317
3.0300000000000002	-21.564359339219337
3.04	-18.15773881799449
3.0500000000000003	-13.36188224079359
3.06	-8.077767874393567
3.0700000000000003	-11.501171328135246
3.08	-11.613334530666307
3.09	-16.667938539709848
3.1	-11.519279565477156
3.11	-19.14529765488134
3.12	-16.920576213879155
3.13	-7.35609562215105
3.14	-2.90841892038598
3.15	-3.584857558345857
3.16	0.9670674714353525
3.17	-0.9283540653319099
3.18	-0.34800131947177565
3.19	1.6003672027648725
3.2	-0.1830997233312181
3.21	1.3712169797257299
3.22	-1.859809678864298
3.23	-0.3405980242067965
3.24	0.4551369842955425
3.25	-0.8467892279405681
3.2600000000000002	-1.0890157445555062
3.27	3.9242046794103587
3.2800000000000002	1.1750423053205017
3.29	-1.3080755040585565
3.3000000000000003	-3.1533681803075897
3.31	-5.199474533688743
3.3200000000000003	-2.8453755217041676
3.33	1.982254529164591
3.34	-2.576782375972143
3.35	-7.08448050492313
3.36	-3.3129836017268692
3.37	-4.68692444558843
3.38	-19.48271476096937
3.39	-25.20327736914457
3.4	-21.74380044880822
3.41	-21.40978016705118
3.42	-15.71185741115415
3.43	-17.868443333377392
3.44	-4.034963870452488
3.45	-9.065715844571137
3.46	-7.571618670811337
3.47	0.956993032891275
3.48	-1.2757377183996896
3.49	-4.377261268620761
3.5	-4.449221109221561
3.5100000000000002	-1.2936035239712764
3.52	-0.4110962778915308
3.5300000000000002	-0.9722486651461755
3.54	-3.613743203266917
3.5500000000000003	-4.278207960547932
3.56	-9.532063950443058
3.5700000000000003	-14.032160755559941
3.58	-13.017130391817519
3.59	-23.616891448843713
3.6	-24.204652025529708
3.61	-9.895329844048765
3.62	-1.129380892106262
3.63	6.624614408302792
3.64	10.5439540860209
3.65	10.765566609419695
3.66	7.621996915021296
3.67	7.357121563206954
3.68	-0.3576467282459405
3.69	-4.757299221210624
3.7	-7.0522891289533085
3.71	-3.2055625136970454
3.72	2.889509497489568
3.73	2.1442569273247094
3.74	-1.259062479136789
3.75	0.2781183555330472
3.7600000000000002	-0.7144181707314731
3.77	-0.31080914061881
3.7800000000000002	-1.1951197487977097
3.79	-4.4107129569152095
3.8000000000000003	-5.042216287715991
3.81	-5.280538000868537
3.8200000000000003	-4.574530938698483
3.83	-10.967349495212611
3.84	-10.796407784336147
3.85	-16.388190332017718
3.86	-21.33948930159171
3.87	-16.86817839615232
3.88	-20.26507176264482
3.89	-13.427443883861507
3.9	-13.687599323802546
3.91	-5.459386923048287
3.92	-5.668865785447273
3.93	-0.7926930523119506
3.94	-2.148905563187191
3.95	-0.9726263697375921
3.96	-1.9540075588713812
3.97	-2.2289634505701956
3.98	-6.142636084590077
3.99	-14.793581698679414
4.0	-6.709899359549184
4.01	-30.145430542002554
4.0200000000000005	-37.7266203114612
4.03	-34.30884724775355
4.04	-41.977391224648244
4.05	-34.758078267454394
4.0600000000000005	-28.612218262531776
4.07	-28.08569619958179
4.08	-36.869440451601484
4.09	-27.571449888706148
4.1	-22.621735641614908
4.11	-23.185766406307696
4.12	-15.096788130172902
4.13	-10.376855403104482
4.14	-5.152915464615219
4.15	-12.771490981352438
4.16	-17.622728277530907
4.17	-12.830626897287045
4.18	-28.254424087777878
4.19	-29.631272823781078
4.2	-14.455169361003305
4.21	-15.993456282508498
4.22	-13.074746514895358
4.23	-11.509620003055149
4.24	-10.719191774204388
4.25	-34.900964467888095
4.26	-19.800297444405746
4.2700000000000005	-19.564657205976342
4.28	-17.28283264141294
4.29	-8.913427474768278
4.3	-19.822568860665836
4.3100000000000005	-20.28164281994098
4.32	-5.625149361830196
4.33	-1.60360870953633
4.34	2.5318641480442996
4.3500000000000005	5.209387299588158
4.36	6.232481851014022
4.37	-0.5043147781693875
4.38	-1.4260753198791976
4.39	0.82183985317021
4.4	1.137196397379505
4.41	-1.1947323507523637
4.42	-3.1765599422703383
4.43	-3.7124515926287485
4.44	-3.99568856532262
4.45	-0.37926598758107055
4.46	-3.293874161229109
4.47	-7.1003302134917385
4.48	-5.1334396403071905
4.49	-1.074574200775822
4.5	1.568746654575474
4.51	-0.5140081791779674
4.5200000000000005	-0.4441281405889483
4.53	-7.556794608086558
4.54	-6.827617099795205
4.55	-7.370261332959629
4.5600000000000005	-16.029953249744015
4.57	-16.466875178503447
4.58	-16.573873533667584
4.59	-25.62123160409092
4.6000000000000005	-33.81305086086131
4.61	-38.559493180462006
4.62	-31.00614865962427
4.63	-27.666424579867922
4.64	-25.92217969255821
4.65	-26.92327760985279
4.66	-18.20764869019056
4.67	-23.37127416609103
4.68	-27.979510174965018
4.69	-26.458128028766176
4.7	-36.93530022523222
4.71	-37.69842210354492
4.72	-38.15327837615564
4.73	-41.0740531543099
4.74	-30.124548583337106
4.75	-20.150922246013998
4.76	-17.001888595924303
4.7700000000000005	-12.627810876923546
4.78	-16.794024344940496
4.79	-5.474354205990091
4.8	-3.9400268779510905
4.8100000000000005	-5.2074657713655235
4.82	-22.77127734207217
4.83	-23.246665590694356
4.84	-24.745163545180272
4.8500000000000005	-26.613491813382257
4.86	-32.49541860185151
4.87	-40.33264373902305
4.88	-42.660471256939886
4.89	-31.47461542935024
4.9	-24.242706434747806
4.91	-23.116470360346412
4.92	-16.73939502962843
4.93	-11.734843990302949
4.94	2.62256226210912
4.95	3.670423480864202
4.96	-0.010792806274334979
4.97	-3.715179361103507
4.98	-4.631877420609505
4.99	-2.820873432403132
5.0	-7.858147268462753
5.01	-5.2470054062160285
5.0200000000000005	-6.020877294131493
5.03	-15.666054739889157
5.04	-8.726277406383693
5.05	-17.317014867246538
5.0600000000000005	-7.8278333533119095
5.07	-7.646113295162361
5.08	-2.5214832799404117
5.09	-5.664029762235484
5.1000000000000005	-2.480553046978074
5.11	-0.4393144514028912
5.12	0.8551476675332337
5.13	3.225924374588063
5.14	7.5269586534939075
5.15	11.617219499251641
5.16	3.8475351590623856
5.17	5.650937911066614
5.18	19.25216215471138
5.19	19.35934877335044
5.2	20.93996895469083
5.21	26.244205249500055
5.22	23.7868075919847
5.23	51.786070971308874
5.24	42.98613459192162
5.25	29.46536264380811
5.26	28.166218890353612
5.2700000000000005	17.102333187218488
5.28	13.928407254253075
5.29	15.083844315577323
5.3	20.236832267852755
5.3100000000000005	28.106521868694085
5.32	39.39035580462707
5.33	39.849042328892324
5.34	28.132265984129777
5.3500000000000005	14.625569143887436
5.36	15.18516034775305
5.37	11.874446059530735
5.38	9.20462001335554
5.39	7.991042140029698
5.4	1.881648147236628
5.41	2.143886767741303
5.42	-4.106857936081365
5.43	1.0145565997537995
5.44	-0.521162669474548
5.45	-0.254833002503533
5.46	-0.7504513718734712
5.47	1.1251374821990472
5.48	1.2311940428889567
5.49	2.652268064195032
5.5	-0.29941784487775336
5.51	-2.3619818246520867
5.5200000000000005	-8.361510263835303
5.53	-5.2891862370655565
5.54	-12.321214861485288
5.55	-19.709653716778895
5.5600000000000005	-10.317441099513749
5.57	-4.779416395720342
5.58	-5.028965798826026
5.59	-8.632603135533907
5.6000000000000005	-6.255743347699432
5.61	-5.774579530824998
5.62	-3.572861462857372
5.63	-3.797214534858705
5.64	-2.6477811659435555
5.65	0.33151222125535756
5.66	4.7418009387752225
5.67	2.384846094873946
5.68	-1.1389719670094223
5.69	1.5057485034836535
5.7	2.142148660790249
5.71	2.338518443779088
5.72	-1.2313323874385813
5.73	-2.286321909668791
5.74	1.5027607269286538
5.75	2.8964374280018856
5.76	1.380059981009408
5.7700000000000005	-3.6605717208153687
5.78	-2.8910989616162817
5.79	-0.890204565782376
5.8	-1.4318436126166987
5.8100000000000005	-1.5988792900568118
5.82	-0.3198231160414791
5.83	0.5600547843123025
5.84	-2.240441533259885
5.8500000000000005	-0.8929632792051359
5.86	-0.9061622030245539
5.87	0.43660872739749845
5.88	0.8637149588757712
5.89	5.881244547246969
5.9	6.541097290872403
5.91	7.408272332457647
5.92	10.123190463783741
5.93	11.31589137448884
5.94	21.783181537708852
5.95	24.980225168114664
5.96	19.768978734814223
5.97	13.726881658967788
5.98	26.51211168563882
5.99	25.2742890427391
6.0	15.180203757124135
6.01	32.64188967065458
6.0200000000000005	21.87748661544936
6.03	15.348689666329086
6.04	38.884158812061514
6.05	30.148789432785367
6.0600000000000005	29.250409802551307
6.07	15.298221363848654
6.08	30.143068368176046
6.09	24.224252204942054
6.1000000000000005	24.740413139368645
6.11	20.855230251004222
6.12	15.85563681156741
6.13	11.768742773527467
6.140000000000001	14.366127400308235
6.15	6.424044504207753
6.16	7.436078424841285
6.17	17.953355455204434
6.18	24.061918394536104
6.19	28.32156387312079
6.2	21.399435616313745
6.21	36.27240471609029
6.22	27.390421808540605
6.23	18.6421036181387
6.24	21.624019617312996
6.25	38.05955613992861
6.26	25.976491577634125
6.2700000000000005	20.022902707945594
6.28	34.191746885144966
6.29	28.631765681973523
6.3	17.392510503260652
6.3100000000000005	17.889345649481385
6.32	31.88259181317343
6.33	31.72772591978552
6.34	29.252300185790638
6.3500000000000005	26.37870744165186
6.36	35.31974666170383
6.37	29.171220548221495
6.38	22.26088570280625
6.390000000000001	15.351738913211713
6.4	15.083093792532143
6.41	18.067197694023953
6.42	21.144603958308107
6.43	19.27280309290413
6.44	29.716238590636532
6.45	16.1541641066097
6.46	14.762693118946208
6.47	10.459805977645864
6.48	10.452988549011252
6.49	11.08688168330487
6.5	12.294826165543455
6.51	6.88530287216894
6.5200000000000005	13.92871810844146
6.53	25.520330202357407
6.54	29.527878299181594
6.55	27.45529347341702
6.5600000000000005	30.01219064079422
6.57	12.818229329492155
6.58	7.567263109282926
6.59	1.8869811958633163
6.6000000000000005	-0.1745735868519776
6.61	-1.2867334617897377
6.62	2.918835599384905
6.63	-4.458729274895702
6.640000000000001	-3.69660490000237
6.65	-2.3655609521464265
6.66	2.839819963677946
6.67	4.108943408456475
6.68	-0.35661034748208176
6.69	-4.9511403637896
6.7	-2.66770352522082
6.71	-2.1662027459858413
6.72	-2.891435358211535
6.73	-3.5805056107828594
6.74	-10.559521828312874
6.75	-9.59721302666599
6.76	-10.146949857625717
6.7700000000000005	-10.582958322611047
6.78	-20.816409182649
6.79	-14.819955476231517
6.8	-12.210557037794484
6.8100000000000005	-15.00383296839113
6.82	-15.911996951275187
6.83	-5.385283918088053
6.84	-9.448726900108426
6.8500000000000005	-18.146449558288467
6.86	-29.08716517161037
6.87	-39.48801457045242
6.88	-38.337279609754255
6.890000000000001	-40.13225314751264
6.9	-49.856045519730564
6.91	-35.384161278459075
6.92	-23.687205182216662
6.93	-35.01313372243038
6.94	-41.70822591499096
6.95	-41.62256251273409
6.96	-38.74823407394221
6.97	-32.6271750541571
6.98	-24.18314769017338
6.99	-40.10054404026051
7.0	-28.7620280992492
7.01	-25.966653130153258
7.0200000000000005	-26.351391368455424
7.03	-27.806914047519207
7.04	-29.782057701179866
7.05	-28.06073025402505
7.0600000000000005	-14.204741211223345
7.07	-18.391189961386303
7.08	-12.423099143878629
7.09	-19.01840648079038
7.1000000000000005	-27.388725144854895
7.11	-22.096015414109193
7.12	-26.438520465114006
7.13	-21.791906096072577
7.140000000000001	-22.190971418759723
7.15	-27.898416028963034
7.16	-22.176552299481482
7.17	-12.863109189619548
7.18	-9.005697391328424
7.19	-9.547848685000424
7.2	-17.540822280984248
7.21	-9.431397163954806
7.22	-7.9588275368918735
7.23	-6.067485373803952
7.24	-7.421184481326091
7.25	-1.6691244576882183
7.26	-0.7030211379697971
7.2700000000000005	-0.8584273565994825
7.28	-0.7250657949514805
7.29	1.1928461457175383
7.3	6.71039196884453
7.3100000000000005	6.105175963224208
7.32	4.060964715098525
7.33	2.213879599080832
7.34	0.6573061569764908
7.3500000000000005	-2.508468538095745
7.36	0.13352360085053602
7.37	0.6611645635655727
7.38	-6.561299475966353
7.390000000000001	-7.220812640059825
7.4	-17.28293587481929
7.41	0.5840141816662286
7.42	-1.6526604657524455
7.43	-1.5672610230854525
7.44	-1.6458780322567497
7.45	-1.619623896827701
7.46	0.016559741679664335
7.47	-0.02148301034112263
7.48	-3.311466229288385
7.49	-2.7449144117576414
7.5	-6.694792892967381
7.51	-3.8491344674654284
7.5200000000000005	-4.369580398325195
7.53	-10.59783566136166
7.54	-17.207689349378573
7.55	-15.139847432443718
7.5600000000000005	-24.934204936271268
7.57	-18.197961021223396
7.58	-6.899888429249216
7.59	-3.5534198718184444
7.6000000000000005	-1.0744223694123893
7.61	2.5451005614003095
7.62	9.31998470399148
7.63	11.604091174292542
7.640000000000001	21.31375943556282
7.65	23.213507667599266
7.66	17.591929539413737
7.67	12.57006200172464
7.68	12.164367698761009
7.69	18.29301306261503
7.7	14.640367583255916
7.71	21.525751606349985
7.72	34.564496960932445
7.73	38.72832971179877
7.74	26.787388907689756
7.75	19.98579093617295
7.76	17.13745220842252
7.7700000000000005	13.864020709225038
7.78	9.09750644794595
7.79	2.988178351749288
7.8	1.0854497683957325
7.8100000000000005	0.3829591049952879
7.82	-2.182205362925987
7.83	-4.064401529981785
7.84	-2.830266797372648
7.8500000000000005	0.5439865773401635
7.86	1.1922027579584265
7.87	2.0845325992411103
7.88	4.227593258820108
7.890000000000001	6.329855934008739
7.9	4.371889224923515
7.91	7.637842142747915
7.92	8.806100040638341
7.930000000000001	9.433653179366912
7.94	3.6774084057932153
7.95	2.005120425804296
7.96	-4.26134927279468
7.97	-0.03000534530406556
7.98	0.9941641488650922
7.99	3.1437673553012933
8.0	7.554697555877798
8.01	9.115409522975893
8.02	8.992043414161005
8.03	15.089505904347826
8.040000000000001	10.935520077121401
8.05	1.7620857562533525
8.06	4.047413776026228
8.07	1.2834883021989678
8.08	4.885454658941639
8.09	6.80813220023648
8.1	2.7921269253766194
8.11	2.902159277598878
8.120000000000001	3.326969516907197
8.13	-3.064686875423775
8.14	-5.55420597522576
8.15	-4.738942719157669
8.16	-8.466179099826132
8.17	-5.997170251273215
8.18	-17.07778876036313
8.19	-23.048748572767547
8.2	-25.073172770646586
8.21	-23.04783466432176
8.22	-13.301099596133298
8.23	-23.014716617196797
8.24	-40.947542120255015
8.25	-33.82758546964464
8.26	-33.388374647461994
8.27	-27.88302200769444
8.28	-24.989693979749504
8.290000000000001	-32.14847805228468
8.3	-43.7848052976209
8.31	-39.12973067901212
8.32	-40.34692071830351
8.33	-44.6476898312463
8.34	-32.76833022331974
8.35	-13.64265130702832
8.36	-24.68048830104559
8.370000000000001	-15.31760275229662
8.38	-10.887446464839057
8.39	-3.825373250719835
8.4	-3.04702018517115
8.41	-2.7145512287292646
8.42	-1.2305523943221846
8.43	-7.589821006869234
8.44	-5.6361046058978985
8.45	-17.13260042749924
8.46	-9.592620089404141
8.47	-6.71320890696342
8.48	-9.630173250621018
8.49	-6.987124800970797
8.5	-10.174336210750958
8.51	-3.6205129760914945
8.52	-7.945584291497659
8.53	-7.766309011632932
8.540000000000001	-4.440161487313377
8.55	-3.547507672562367
8.56	-4.764766394239901
8.57	3.9882782650863855
8.58	0.7356882941199087
8.59	0.36162051520226307
8.6	-1.8462931338629298
8.61	-2.137804012853523
8.620000000000001	-0.7814607112411472
8.63	-1.5568881033764284
8.64	0.5158187216209428
8.65	2.7637984704378162
8.66	1.119775381392071
8.67	-0.7376653851357504
8.68	0.9023943078114277
8.69	3.7303998541239656
8.700000000000001	1.270086515397382
8.71	5.559641695921303
8.72	2.132964409679075
8.73	-3.0913347107156057
8.74	-6.68510449349317
8.75	-8.156768651936051
8.76	-8.834124362704015
8.77	-12.228602516626049
8.78	-24.51543535624699
8.790000000000001	-22.90898164579439
8.8	-20.442297724428602
8.81	-29.31678918698842
8.82	-27.891279502554983
8.83	-30.884619958752438
8.84	-20.24093434830072
8.85	-12.170945433154786
8.86	-8.12471942343361
8.870000000000001	-10.521195197972627
8.88	-7.310539321093144
8.89	-6.8857673157349195
8.9	-10.00611264996444
8.91	-10.160290080885426
8.92	-25.43677648038283
8.93	-33.85800101340494
8.94	-28.901564405140444
8.950000000000001	-17.942108346567235
8.96	-12.328161412282556
8.97	-4.288780272419984
8.98	-5.786903183129615
8.99	-3.0134159289394034
9.0	-4.51075089112409
9.01	-10.91467305078077
9.02	-9.826446142524567
9.03	-8.945204539627362
9.040000000000001	-14.185951323695352
9.05	-10.909968513609375
9.06	-9.12014202773925
9.07	-3.5987649222186904
9.08	-4.503390486137152
9.09	-8.17264972388756
9.1	-5.664513526699883
9.11	-5.2050022649926895
9.120000000000001	-8.708786140784516
9.13	-4.985764237919589
9.14	-12.758386575803597
9.15	-9.201337209615504
9.16	-6.707848433778614
9.17	-5.371244913782175
9.18	2.2161449432085956
9.19	5.71345369362419
9.200000000000001	4.150294656911235
9.21	-2.0893074134400558
9.22	-5.198652910619953
9.23	-10.52054277346373
9.24	-7.0469496670014875
9.25	-8.544187341653505
9.26	-2.6915760430860574
9.27	-2.071133280556424
9.28	-5.381351594317265
9.290000000000001	1.7590981850924996
9.3	4.016436131651001
9.31	4.56340396113467
9.32	11.032521946802762
9.33	4.799045549307202
9.34	2.1000975110235918
9.35	1.2611551999101998
9.36	-1.1326419285438496
9.370000000000001	-0.5665142403853815
9.38	0.5667063535226793
9.39	6.418587531189515
9.4	10.566090863754237
9.41	3.4248366367924765
9.42	0.8047416844146925
9.43	1.6067668186431312
9.44	6.719149099517671
9.450000000000001	17.458684740376924
9.46	17.832620517622477
9.47	20.886043242389203
9.48	12.398467143693527
9.49	4.680927513470714
9.5	9.616630027744582
9.51	13.008483788107318
9.52	30.625667976341433
9.53	25.40031755543408
9.540000000000001	19.311991651211276
9.55	13.940495394487675
9.56	11.921254931891019
9.57	7.796560621872536
9.58	9.42673381052085
9.59	6.167188156740479
9.6	-0.7775338576272066
9.61	0.8266708165852049
9.620000000000001	3.103545723994551
9.63	0.7900232923455145
9.64	3.450015548662814
9.65	20.158948940464843
9.66	26.37268057913889
9.67	23.31964314624887
9.68	28.45673855861488
9.69	27.335903798745765
9.700000000000001	28.962112405374956
9.71	32.15746563863683
9.72	36.51441427105152
9.73	40.25017238919172
9.74	33.88851448754415
9.75	37.22372588010102
9.76	31.42194304771916
9.77	26.88917755370257
9.78	22.526288262621243
9.790000000000001	10.0010172387342
9.8	9.591741331827656
9.81	-0.33068810385441233
9.82	1.2959336432505568
9.83	0.8020513911112774
9.84	-0.7097139066134535
9.85	-2.8675170795162677
9.86	-1.0296887061722384
9.870000000000001	-0.9032997670268235
9.88	0.592633594120623
9.89	-0.36450761027521017
9.9	-0.8351552474295245
9.91	-3.108331891506799
9.92	-1.1614937123551992
9.93	-0.607959772650832
9.94	1.320384922519273
9.950000000000001	1.3627790437930012
9.96	2.803687039841437
9.97	1.4474378348265526
9.98	1.1864979237537367
9.99	10.916053217376355
10.0	10.207157766675833
10.01	4.655496845346611
10.02	1.7797760362460349
10.03	4.540055021498214
10.040000000000001	2.7492224758066213
10.05	1.4026730207198417
10.06	-2.5550794246717716
10.07	-6.149222203024571
10.08	-3.189379246560182
10.09	-4.125781947126434
10.1	-2.146094872490863
10.11	-3.847095723326394
10.120000000000001	-1.6260246871047288
10.13	-1.894157878285788
10.14	-3.561796968232822
10.15	-0.21580630158905945
10.16	2.861396251152953
10.17	-2.437854365755957
10.18	-0.007167359565098876
10.19	1.7373722444447768
10.200000000000001	1.1541763560010039
10.21	4.729601927406529
10.22	4.589434032255291
10.23	4.0894421485885015
10.24	15.799269094488126
10.25	16.39967133914
10.26	3.338373935897375
10.27	5.121466002125187
10.28	5.492546916244506
10.290000000000001	0.31160320900448674
10.3	-0.6879257961971671
10.31	1.7327457591567812
10.32	-0.08525421097654778
10.33	-0.7381063526154706
10.34	-0.03612342935276993
10.35	0.04293238027622403
10.36	1.2825204994409805
10.370000000000001	-0.5915319643560668
10.38	-0.7986038372081441
10.39	-5.684289182806993
10.4	-7.363895987658408
10.41	-12.437926714302538
10.42	-5.123917898422125
10.43	-1.6279297910542008
10.44	-2.750202972104148
10.450000000000001	-4.193561687974098
10.46	-4.287535222885381
10.47	-2.556867426784615
10.48	-1.928625467032916
10.49	-3.1398012720250423
10.5	-11.836422183690678
10.51	-11.19251852641166
10.52	-9.451695404315966
10.53	-9.821175394475658
10.540000000000001	-14.226213199744075
10.55	-14.635762800525415
10.56	-12.116217019129262
10.57	-1.8601472803059111
10.58	-1.698265037722344
10.59	-5.987060756609703
10.6	-3.8309988844067044
10.61	2.7072474529670014
10.620000000000001	5.408319076730751
10.63	2.7683901041917527
10.64	2.535757192085085
10.65	2.6097439520784227
10.66	4.011489632828375
10.67	4.644197358583618
10.68	5.364348643481957
10.69	9.158217036214994
10.700000000000001	1.9146681199051654
10.71	2.085338787436313
10.72	0.4794318351220268
10.73	-0.6454214166332803
10.74	0.5183536463554856
10.75	2.396747231757898
10.76	2.056787433073272
10.77	-1.690994976340304
10.78	-5.831285729529603
10.790000000000001	-15.654588840551831
10.8	-18.992923706745003
10.81	-14.036567388345164
10.82	-29.985813284703138
10.83	-16.51010021706143
10.84	-15.147582210404329
10.85	-20.808481105054458
10.86	-21.88996059341415
10.870000000000001	-8.995576015902651
10.88	-2.3053485842781676
10.89	-9.349345540015106
10.9	-7.163420782590588
10.91	-0.9777201210468752
10.92	-6.302815242906733
10.93	-16.411281805677252
10.94	-23.390845924464834
10.950000000000001	-15.09514751153279
10.96	-17.114044989731322
10.97	-23.629256483803495
10.98	-43.86076852676751
10.99	-33.68977704056428
11.0	-35.675547703233384
11.01	-22.78295860680025
11.02	-17.796640729476813
11.03	-14.7526119665078
11.040000000000001	-7.857331109601213
11.05	-5.880555965349985
11.06	-3.7654186844712036
11.07	-1.5271467911979557
11.08	-2.204078049564625
11.09	-2.9360715049455277
11.1	0.19374908021037668
11.11	-0.13506988901155806
11.120000000000001	-0.11796003607396631
11.13	-0.41431907440686205
11.14	0.545026834959739
11.15	-1.0813058462330203
11.16	1.8136062009267329
11.17	3.6783597584493495
11.18	3.245007250994845
11.19	3.1592332849030886
11.200000000000001	4.272428179123887
11.21	3.84483083450318
11.22	8.677256962627306
11.23	22.145365659273683
11.24	13.27677988795976
11.25	12.816162803115361
11.26	16.888265631294566
11.27	6.469764973346011
11.28	7.674211849602525
11.290000000000001	11.666311187327183
11.3	8.889127678673146
11.31	11.503597834423756
11.32	24.067080938932772
11.33	17.80882318608687
11.34	30.55050491060661
11.35	34.75250231940274
11.36	34.040652421851014
11.370000000000001	19.10927921999944
11.38	18.245726908091005
11.39	9.014432953849141
11.4	4.944273290385441
11.41	4.487060736785562
11.42	5.650653046457106
11.43	-1.8394542272446026
11.44	-4.110411242073289
11.450000000000001	-2.5943450792849747
11.46	-5.8080052189975735
11.47	-7.0745773899047775
11.48	-7.480853431950975
11.49	-4.20425100617489
11.5	-1.645825537166026
11.51	-1.312639130538714
11.52	0.3051860802162931
11.53	4.598199215669497
11.540000000000001	6.670997708645679
11.55	4.883837163459953
11.56	2.3359632880749928
11.57	3.567474501579186
11.58	2.8244165067114837
11.59	5.406754189279513
11.6	12.31113221973926
11.61	7.345262999685353
11.620000000000001	8.907372883312695
11.63	8.306661702244908
11.64	7.941095246613242
11.65	7.772759893640189
11.66	9.072118605931106
11.67	11.64313050226202
11.68	4.329487775869016
11.69	2.0496791470404805
11.700000000000001	2.0090435887641904
11.71	-0.283236916310799
11.72	3.7881868341733766
11.73	1.7667966172485503
11.74	1.9490698832889257
11.75	2.8014120700836216
11.76	3.4190870169765475
11.77	5.333262537701622
11.78	6.548965546927146
11.790000000000001	11.714335492281178
11.8	12.588862915923523
11.81	17.226429944945973
11.82	16.6276768166712
11.83	23.776696739856014
11.84	22.92837808341104
11.85	18.553702962077853
11.86	30.41712174480724
11.870000000000001	26.050414916693896
11.88	23.501249873107785
11.89	25.476188707826548
11.9	19.328972553157662
11.91	13.919143846754569
11.92	4.37821492180827
11.93	15.77081583106828
11.94	17.366265075242936
11.950000000000001	9.37871334469966
11.96	16.60684948633957
11.97	16.85752493210722
11.98	15.971008880924947
11.99	10.302647724970381
12.0	3.16879526613594
12.01	2.339008007556889
12.02	0.06555734266919903
12.030000000000001	2.7095549168309496
12.040000000000001	7.054655438096416
12.05	9.216293126244096
12.06	4.775302894982444
12.07	3.6089864975535577
12.08	7.5326767478397585
12.09	1.6915784256280577
12.1	0.1183027266862151
12.11	-1.5357949670986695
12.120000000000001	-2.907544389744724
12.13	-2.7114869559963353
12.14	-1.2849816797848805
12.15	-0.005811938123663091
12.16	0.48956704919946975
12.17	-3.5491459852342673
12.18	-7.27057629833882
12.19	-9.8675492081322
12.200000000000001	-3.2230688507260186
12.21	-3.8487071889445175
12.22	-2.7858495403205894
12.23	-2.0191108089783567
12.24	-1.7601696416821644
12.25	-2.825669036824069
12.26	-2.4673375778335425
12.27	1.57290131415588
12.280000000000001	3.118400991610894
12.290000000000001	8.394481384606348
12.3	11.960057199484423
12.31	20.58440738463686
12.32	27.364125815374475
12.33	39.67587954254163
12.34	35.14697033323656
12.35	25.75155605435734
12.36	18.8752168215962
12.370000000000001	39.01340005950818
12.38	42.905473651298976
12.39	50.3919117017429
12.4	39.66284052925075
12.41	35.0669599734665
12.42	40.788588950722634
12.43	26.604816721774835
12.44	21.618663296777225
12.450000000000001	12.077187188354019
12.46	15.734348534538421
12.47	21.22792120361413
12.48	19.139027387438066
12.49	23.54693493926919
12.5	28.233573720073736
12.51	27.127357147251654
12.52	21.982554584750865
12.530000000000001	17.989005864197754
12.540000000000001	21.450044902019204
12.55	27.367800139973987
12.56	29.694170818511683
12.57	31.03740455800042
12.58	21.255340453009545
12.59	28.02444083150692
12.6	26.47168681838597
12.61	23.538064072785154
12.620000000000001	11.357122946946351
12.63	15.861523998856613
12.64	15.05910880898453
12.65	15.500822329097412
12.66	19.076511300736023
12.67	22.869390675357966
12.68	27.801247760721818
12.69	16.869409584356703
12.700000000000001	7.678280339227543
12.71	8.416581806550317
12.72	11.481924633390658
12.73	9.348957699926792
12.74	5.3005884379525705
12.75	-0.042106213937770955
12.76	-2.6467359718258012
12.77	-6.3075093383378595
12.780000000000001	-2.4854045583338196
12.790000000000001	0.9652179014769061
12.8	7.522267781635776
12.81	10.5960361536696
12.82	7.034986594628501
12.83	9.580093319339191
12.84	10.834326113772793
12.85	11.640690017462742
12.86	7.146162511787997
12.870000000000001	7.981027178134914
12.88	4.4228171771151565
12.89	7.4902807256898045
12.9	5.2047959493808635
12.91	12.66112749828039
12.92	6.906875604243134
12.93	1.6533098167894904
12.94	4.492209688678821
12.950000000000001	6.231683571157138
12.96	5.947564625701296
12.97	7.3798878825883705
12.98	4.3603377881650935
12.99	5.30572649662953
13.0	5.66535642885337
13.01	6.598241320593001
13.02	6.9115183101937365
13.030000000000001	7.64318501800632
13.040000000000001	0.5273254287055245
13.05	-0.4136579088068824
13.06	-1.9106541333981815
13.07	-4.771228903988413
13.08	-0.6287645367113304
13.09	0.7982450816955211
13.1	-1.6033450644561185
13.11	0.40634171365629607
13.120000000000001	1.0621713479309192
13.13	-3.1625425676997905
13.14	-3.371758623067684
13.15	-1.0014898085014627
13.16	2.221118737316175
13.17	6.0485743714649525
13.18	4.827912947639132
13.19	4.812069991419361
13.200000000000001	3.763900836868933
13.21	4.088716404131486
13.22	3.7834972699381537
13.23	3.9421011653588764
13.24	3.5492830509346396
13.25	0.311857258424607
13.26	0.1903429924308709
13.27	0.10351487985762636
13.280000000000001	-2.044592904690511
13.290000000000001	-9.279473342008567
13.3	-10.846586085101848
13.31	-8.851602948367379
13.32	-2.859968783076832
13.33	-5.824731001516118
13.34	-18.643978626053233
13.35	-11.62129017030205
13.36	-3.533309263086609
13.370000000000001	-0.08793946764605845
13.38	-4.706858283219456
13.39	-6.894939985992729
13.4	-5.056273775834893
13.41	-3.767351745743554
13.42	-14.201420236675508
13.43	-7.662539096030529
13.44	-11.091189358237308
13.450000000000001	-16.48418153722578
13.46	-17.780835842001412
13.47	-9.483245618264927
13.48	-12.799120909282221
13.49	-17.18621444726413
13.5	-29.542141138526926
13.51	-23.81014212114585
13.52	-35.585412820565026
13.530000000000001	-35.30777624256587
13.540000000000001	-28.63716199763962
13.55	-5.703233821922408
13.56	-6.424853423308655
13.57	-4.322675807178372
13.58	-5.653244176800079
13.59	-7.109597416798859
13.6	-4.859105281028772
13.61	-8.814772681414647
13.620000000000001	-6.249901009225134
13.63	-5.7128962795941325
13.64	-4.1319945603354515
13.65	-8.213864076283212
13.66	-7.6580125624927184
13.67	-6.1316888266294285
13.68	-4.313750494337922
13.69	-5.148739300782876
13.700000000000001	-23.80405908517693
13.71	-19.368994704909028
13.72	-19.934886375449825
13.73	-2.9393281760565966
13.74	-16.430582341809895
13.75	-20.868693227773868
13.76	-16.06543391274534
13.77	-7.963029079271734
13.780000000000001	-13.459263713355421
13.790000000000001	-6.5481152078449
13.8	-0.12178352862812859
13.81	-0.713736611187443
13.82	-2.9089470311222523
13.83	2.1515170674061106
13.84	5.455331474691745
13.85	0.13008656907850355
13.86	-1.7649931281127056
13.870000000000001	1.1390577424661117
13.88	-1.2933044014084758
13.89	-0.509868035794536
13.9	-5.119845664458242
13.91	-10.983346789992252
13.92	-23.671300199713997
13.93	-36.708568397373625
13.94	-36.37046101618844
13.950000000000001	-39.83368947567022
13.96	-35.29472726813864
13.97	-26.346249983379746
13.98	-24.669732014245504
13.99	-19.612088072186076
14.0	-14.762974135445308
14.01	-14.726025279007409
14.02	-14.68907642256951
14.030000000000001	-8.329257137256237
14.040000000000001	-1.8529117033893685
14.05	-5.0063733623440285
14.06	-1.0531328841632321
14.07	3.1293763512167905
14.08	5.082340936039298
14.09	3.409807875195353
14.1	2.0828487953898636
14.11	2.5337280465841006
14.120000000000001	6.941364957730868
14.13	3.7998494591865994
14.14	-0.21501337435546497
14.15	0.35184725236836906
14.16	-2.156614716864881
14.17	0.0037535572725355517
14.18	2.7775189208248285
14.19	3.743726630226534
14.200000000000001	2.8811093825184297
14.21	4.615873328623433
14.22	6.526593441784287
14.23	8.65064817073706
14.24	10.467184324617328
14.25	7.857678567735851
14.26	4.673322541653828
14.27	6.889890451173121
14.280000000000001	8.415972488830478
14.290000000000001	19.821066217707326
14.3	34.50113505194345
14.31	45.28701744723766
14.32	41.08741017088631
14.33	41.27884967454448
14.34	28.32588246082803
14.35	27.53125560458322
14.36	23.63409401200224
14.370000000000001	21.731517137928563
14.38	15.875899676468947
14.39	9.824596582625066
14.4	19.669995879973744
14.41	9.854166582270071
14.42	3.0826069218580034
14.43	5.017968703750672
14.44	6.094743090731049
14.450000000000001	2.2835902170127405
14.46	2.2452813072450946
14.47	2.648747882855767
14.48	2.0144029841962543
14.49	0.031819596693126805
14.5	1.5328643551372936
14.51	0.1675212454401458
14.52	0.8044212624163423
14.530000000000001	14.132448874107158
14.540000000000001	25.305014870845387
14.55	29.70723275158764
14.56	17.033916483751902
14.57	25.706010001962042
14.58	33.90176823663514
14.59	27.325833919298116
14.6	27.44897026836586
14.61	12.158692941782164
14.620000000000001	9.991405690589252
14.63	6.61500915368167
14.64	3.5300256850669225
14.65	0.8118613004998966
14.66	-0.27895599621321326
14.67	2.8339971251044154
14.68	3.3781215069851362
14.69	2.530460166830517
14.700000000000001	7.1092378635287465
14.71	15.020903707669229
14.72	0.5169415538368702
14.73	0.9706674362132716
14.74	2.855358502711701
14.75	5.977168212440213
14.76	1.3974027967753502
14.77	1.3748902558673721
14.780000000000001	-0.5423447913776643
14.790000000000001	0.2734448308388891
14.8	-1.3217203431909537
14.81	1.7101562305138864
14.82	3.7411549430575213
14.83	-0.3381499671024029
14.84	-2.2530288397102773
14.85	1.8712434688200335
14.86	1.9526651186942556
14.870000000000001	3.8034139547782404
14.88	3.7297914048522625
14.89	4.344102899277194
14.9	6.625043688387406
14.91	8.275009204852026
14.92	16.445125411481605
14.93	7.430300626457038
14.94	3.3645155398593274
14.950000000000001	1.7329203416408798
14.96	0.34671953326863697
14.97	0.32843233437279323
14.98	-3.3135444725724104
14.99	-1.771902163624917
15.0	1.7041693606007395
15.01	-2.5222723687101194
15.02	-2.122895965833019
15.030000000000001	-3.5664609812384884
15.040000000000001	-8.731966928585827
15.05	-17.084432551680205
15.06	-9.738082461052043
15.07	-3.1862702247589807
15.08	-2.243473531663953
15.09	-0.6232143248390812
15.1	0.6232648693448142
15.11	-1.7895321251995753
15.120000000000001	-2.9272700748422475
15.13	-2.0392592701748082
15.14	-1.530261879692503
15.15	1.5400307084694087
15.16	3.9176579157358553
15.17	0.9774219153741598
15.18	-3.1816680478256485
15.19	-5.67585744800815
15.200000000000001	-12.176593231290413
15.21	-14.10137525581521
15.22	-19.331300918157773
15.23	-25.95536257251915
15.24	-20.97656002699259
15.25	-18.02892214906514
15.26	-13.395399541966828
15.27	-14.591582143054731
15.280000000000001	-21.53251036354891
15.290000000000001	-19.38120614773706
15.3	-14.217462618708776
15.31	-19.592636850651363
15.32	-20.52562056305876
15.33	-10.089303477062117
15.34	-7.984138454792704
15.35	-2.2237164223562784
15.36	-4.6382628624648765
15.370000000000001	-4.42440353410521
15.38	-7.004999931184195
15.39	-4.320552387364032
15.4	-2.213125828095194
15.41	2.1749789975052294
15.42	0.4214896870382642
15.43	-3.9349243016811
15.44	-5.679647615022012
15.450000000000001	-0.2510611097541497
15.46	-3.5044758450285665
15.47	-6.703811681963164
15.48	-6.7741841164514
15.49	-4.412723794625833
15.5	-6.893087969393923
15.51	-8.70064190150571
15.52	-6.152286203019578
15.530000000000001	-1.5708819881370109
15.540000000000001	1.4153991393451268
15.55	0.0818402507121084
15.56	5.532276358755798
15.57	0.14699951003189837
15.58	-1.886223273138594
15.59	-3.384067450376239
15.6	0.5292141574712095
15.610000000000001	-0.08311678427529587
15.620000000000001	0.811693288563452
15.63	-2.3551314648565613
15.64	-4.263214316339396
15.65	-3.3377655813009515
15.66	-0.07206368819212285
15.67	1.6740441911367654
15.68	0.3449018454583758
15.69	0.0917865978254131
15.700000000000001	1.6315563901387349
15.71	3.623337606938437
15.72	3.7691463825566367
15.73	6.528709709809699
15.74	11.016502893541615
15.75	11.704689449900389
15.76	10.958212320974045
15.77	2.8300137721273093
15.780000000000001	1.6585506613946015
15.790000000000001	2.7306011104159147
15.8	3.7911416546163546
15.81	17.381431425534103
15.82	27.53284757164801
15.83	29.82019414934351
15.84	28.14433492449753
15.85	25.003838736943628
15.860000000000001	24.924851672828638
15.870000000000001	24.781413718314553
15.88	25.87729581296432
15.89	23.47632735092146
15.9	23.154781944298456
15.91	13.779251246454232
15.92	6.482547335574227
15.93	6.477156398137331
15.94	9.148580075889125
15.950000000000001	8.294813916418807
15.96	7.029553233932818
15.97	3.705041790824046
15.98	3.9880710341206944
15.99	2.1669694297313837
16.0	3.4479754297717697
16.01	8.915341815022066
16.02	9.114998528269513
16.03	6.4392346594384495
16.04	1.9278357846969825
16.05	0.5147826098668008
16.06	-3.6331995053928203
16.07	-5.915769114953455
16.080000000000002	-1.1900478800298016
16.09	-0.41819135744506336
16.1	-0.1799693178481883
16.11	-3.922354744964077
16.12	0.27510423904522424
16.13	1.475730425744894
16.14	3.352036711602962
16.15	0.3248665933108658
16.16	4.882198716266696
16.17	6.738976842900963
16.18	4.559462245596752
16.19	-2.116884135657779
16.2	-1.5740457811154225
16.21	-1.551012181368652
16.22	1.0096185668628783
16.23	1.615618670188803
16.240000000000002	-0.17860066767762778
16.25	-2.470239686355389
16.26	-7.7660648550199936
16.27	-13.023064831661895
16.28	-12.814308758839715
16.29	-12.329938846877287
16.3	-15.729522261307915
16.31	-11.957684249147636
16.32	-4.493059852697999
16.330000000000002	-2.0774350646478736
16.34	-1.3005697719744647
16.35	0.8898292826910167
16.36	4.695019357553332
16.37	16.01158018728569
16.38	28.112712746495824
16.39	27.41459613593044
16.4	28.91967082625422
16.41	11.796314568748613
16.42	7.468133643131282
16.43	5.320397353130866
16.44	8.24585393653607
16.45	13.754323006057831
16.46	9.030333665303885
16.47	9.038838713877281
16.48	4.8448570389201295
16.490000000000002	-0.07131531087037553
16.5	1.6768692299420689
16.51	-3.818575567179188
16.52	-2.0870657282374037
16.53	-0.8279923680966065
16.54	-10.124078679492586
16.55	-11.543102727997267
16.56	-8.927239288733695
16.57	-5.723714983730404
16.580000000000002	-0.48113198202317586
16.59	1.144131839435487
16.6	-1.8176098478937777
16.61	-1.4863875225110907
16.62	-2.0350431498854897
16.63	-0.09157237670218568
16.64	0.37834953073835853
16.65	-1.4116396062227359
16.66	-4.823053330892838
16.67	-8.354530719198545
16.68	-10.28457905850778
16.69	-6.855859434060362
16.7	-4.767490160945261
16.71	-4.155004169950607
16.72	-2.141055568664963
16.73	-3.3005358088906083
16.740000000000002	-14.380634790978254
16.75	-12.312898529535044
16.76	-24.06702617888563
16.77	-11.754287742512963
16.78	-13.658366686731902
16.79	-8.786309626063867
16.8	-2.18339010212362
16.81	-3.188264172103394
16.82	-4.6942648407278265
16.830000000000002	-4.254897947233176
16.84	-4.444473113074952
16.85	-1.867540504567943
16.86	-1.321950804907825
16.87	-6.166325590762875
16.88	-21.67423342835428
16.89	-14.874352548369773
16.9	-12.365674741348936
16.91	-10.75582737368555
16.92	-15.681671521581276
16.93	1.0159269168100327
16.94	2.6949149091076587
16.95	0.971591089964758
16.96	1.3965297643633847
16.97	-0.8228207280727887
16.98	3.1857615521574916
16.990000000000002	0.5470287580513409
17.0	1.859427661632312
17.01	3.651502996034397
17.02	7.038385474753985
17.03	10.75622359065924
17.04	6.597725484866811
17.05	8.975289519079327
17.06	3.96397132011156
17.07	3.268981405731581
17.080000000000002	4.180419088261914
17.09	0.8836177432018908
17.1	-1.0072901736478015
17.11	-1.876665777103633
17.12	-5.934971622703965
17.13	-1.332177823435556
17.14	1.4734690358266838
17.150000000000002	2.8399924843489672
17.16	3.2989111202932353
17.17	11.884819747207823
17.18	2.854598875857703
17.19	3.700631273144188
17.2	7.448612511292517
17.21	23.405172483953063
17.22	11.152138880714586
17.23	27.073192728651975
17.240000000000002	21.957183400872005
17.25	19.784543102243397
17.26	10.769855216053447
17.27	3.7192402892039054
17.28	2.0745049394001267
17.29	3.5839074042730785
17.3	6.972394406559615
17.31	-0.13914424269819584
17.32	2.289830103836015
17.330000000000002	2.846893864434435
17.34	9.114420243805979
17.35	21.206949148172875
17.36	12.644490732175123
17.37	14.209836799430919
17.38	13.600789938129303
17.39	11.595172463471418
17.400000000000002	9.097771985396617
17.41	11.310671033152806
17.42	9.741541183673133
17.43	14.774168467064682
17.44	5.084509733250385
17.45	3.516114202479762
17.46	2.875957331652881
17.47	7.5490255966923705
17.48	8.619752823166472
17.490000000000002	5.412824910891737
17.5	-0.9013347491816542
17.51	-1.333834206879234
17.52	-2.5725750975588237
17.53	-2.389827975741134
17.54	-2.3304387520587024
17.55	-2.687583769856297
17.56	-4.225112467462954
17.57	-3.7913408220545057
17.580000000000002	-0.7979099504853406
17.59	-1.3579896548260915
17.6	-2.6020665350953425
17.61	-2.3639743557076827
17.62	0.6510686818924822
17.63	-14.90302672847077
17.64	-19.580145665772164
17.650000000000002	-28.51709328103273
17.66	-29.00659001904242
17.67	-40.26721811888901
17.68	-31.39561561510921
17.69	-30.733076721001552
17.7	-25.331221207954137
17.71	-24.807483870479793
17.72	-36.44476609776876
17.73	-26.253959051559054
17.740000000000002	-24.65839346737149
17.75	-25.39896144340824
17.76	-25.423077557851354
17.77	-18.857364031133084
17.78	-15.056705931976811
17.79	-13.852316909082647
17.8	-9.946101829973374
17.81	-22.51278276105363
17.82	-19.494791530976826
17.830000000000002	-12.268228552292983
17.84	-25.07427672001261
17.85	-19.250554623577926
17.86	-16.251483086354874
17.87	-11.30900289446549
17.88	-11.665842429922636
17.89	-9.499605164196232
17.900000000000002	-7.7334843241969145
17.91	-13.654866635498042
17.92	-16.509854518477106
17.93	-23.846965358374955
17.94	-21.114897143373174
17.95	-21.454079603509637
17.96	-20.66228745974489
17.97	-31.305721839898453
17.98	-25.868231835008775
17.990000000000002	-20.218685853611575
18.0	-16.25064725210859
18.01	-32.51482146518229
18.02	-26.572291043436792
18.03	-17.056717734335535
18.04	-21.818224703765512
18.05	-22.415840991075775
18.06	-32.618674184517616
18.07	-32.59072462787341
18.080000000000002	-21.29197099153587
18.09	-18.379128075453316
18.1	-13.300555674659073
18.11	-10.582934191345846
18.12	-7.938511434897381
18.13	-5.403035478308616
18.14	-10.742439563011727
18.150000000000002	-10.52878966901963
18.16	-16.537838638630397
18.17	-18.55600352550963
18.18	-36.97940027552851
18.19	-27.84224981204954
18.2	-16.004410269500593
18.21	-32.01828589749681
18.22	-25.732381156732202
18.23	-28.477269895820267
18.240000000000002	-18.634367187311053
18.25	-8.350832064240423
18.26	-25.327537676264715
18.27	-12.151793328023182
18.28	-7.773316662286438
18.29	-11.080977495672752
18.3	-12.753966295939621
18.31	-10.541387418619253
18.32	-9.600611680177963
18.330000000000002	-19.87049571985106
18.34	-19.172612012602713
18.35	-18.274130203195522
18.36	-16.849304337348077
18.37	-11.80379643986665
18.38	-7.852105044698501
18.39	-6.066495605728709
18.400000000000002	-7.839812709917782
18.41	-23.58364358614625
18.42	-23.166807712659168
18.43	-19.112820560340808
18.44	-24.91538818068035
18.45	-8.520013935580037
18.46	-6.195501700846953
18.47	-0.14832499002471383
18.48	3.9413849444609066
18.490000000000002	3.695154757861786
18.5	-0.1057888532423608
18.51	2.3706616365453734
18.52	2.4810873544678005
18.53	1.563498261067224
18.54	0.6513983915019279
18.55	-0.3941378290070483
18.56	0.6416106751086706
18.57	-0.47653663889771414
18.580000000000002	3.148249070514905
18.59	1.7787706342856788
18.6	2.478124169973127
18.61	5.348462599660915
18.62	8.358644152710049
18.63	13.672336049675483
18.64	22.846778477001397
18.650000000000002	20.444978847381364
18.66	10.286478367600967
18.67	9.865311358634477
18.68	22.257880655785122
18.69	18.777212175493954
18.7	21.162104430883122
18.71	15.77804431898332
18.72	11.390212616284671
18.73	14.744125576212289
18.740000000000002	2.170282221476638
18.75	0.8996679946418034
18.76	1.3550779824972612
18.77	3.08733436746688
18.78	4.733182408787998
18.79	4.332401039929257
18.8	9.568245580816612
18.81	16.57355992680558
18.82	38.80563189006498
18.830000000000002	39.03065553491834
18.84	30.656420288685574
18.85	25.18571616803304
18.86	16.412626850710513
18.87	18.710412274830972
18.88	13.397758263190441
18.89	13.016048020296116
18.900000000000002	8.053139064807821
18.91	0.6309784893703883
18.92	0.02801236603480919
18.93	10.61595044143555
18.94	7.821754632354623
18.95	6.426359548927738
18.96	9.851166547947843
18.97	13.843869408154687
18.98	37.36104523245737
18.990000000000002	28.839973111903745
19.0	28.299713258500244
19.01	24.26582622372176
19.02	27.476504708230475
19.03	23.6836749603264
19.04	24.042311645459268
19.05	30.130105796169442
19.06	35.0962733952959
19.07	28.30495553993069
19.080000000000002	17.788703297512843
19.09	18.51168063387652
19.1	29.7322827132445
19.11	18.9648154454213
19.12	13.880553014734902
19.13	23.935867252434956
19.14	20.54917876768365
19.150000000000002	19.497713690999273
19.16	15.93944875401006
19.17	16.818615565853595
19.18	37.49609419261096
19.19	28.05055281230346
19.2	29.006415362985067
19.21	33.62131454591418
19.22	32.210167289747034
19.23	21.904704701940428
19.240000000000002	29.55486934162628
19.25	32.88342289267669
19.26	29.36427162351624
19.27	23.73551389781195
19.28	31.47199418911642
19.29	24.939401157614636
19.3	17.609789455995077
19.31	13.382059278682009
19.32	9.02306681237341
19.330000000000002	5.979364259341256
19.34	1.859361168496284
19.35	2.1502477854694773
19.36	2.9604975561862603
19.37	1.9253268120820743
19.38	1.9259307815487907
19.39	2.744176545591406
19.400000000000002	2.0796316312265093
19.41	4.474208348828262
19.42	3.51913309827813
19.43	10.33556842342636
19.44	17.85429290813217
19.45	16.025873912764165
19.46	21.967001845710843
19.47	13.622790230561314
19.48	6.533877751256153
19.490000000000002	-1.4677075379279096
19.5	0.44200355804955255
19.51	3.834059485337917
19.52	1.6112622442261242
19.53	1.4793558355738268
19.54	2.203593310934381
19.55	-3.7574472992383314
19.56	-18.718147787766828
19.57	-34.316495064759415
19.580000000000002	-35.94823360067194
19.59	-29.82858558148184
19.6	-22.902536303734713
19.61	-31.27707131675178
19.62	-24.182207298280787
19.63	-28.122892248675864
19.64	-33.53965978573556
19.650000000000002	-30.995585457718917
19.66	-30.41419445297709
19.67	-24.867312195723397
19.68	-26.690551438536374
19.69	-26.443945044078593
19.7	-18.597970643921315
19.71	-16.027849211533063
19.72	-12.741833189063923
19.73	-12.907577652888136
19.740000000000002	-34.020874921150096
19.75	-36.41475771326631
19.76	-34.68166751391219
19.77	-26.032543157938477
19.78	-19.39469486199618
19.79	-14.46480952799525
19.8	-10.955499293035144
19.81	0.22668966028164483
19.82	11.029042322860903
19.830000000000002	11.075363085760177
19.84	18.16655431965264
19.85	19.57335280837209
19.86	11.524337139403045
19.87	17.98830335270756
19.88	16.856550529560355
19.89	17.26830813242498
19.900000000000002	13.416057158929933
19.91	38.7681207578187
19.92	23.51501703343802
19.93	20.232547750785145
19.94	17.21787050376823
19.95	12.762285242288886
19.96	5.380543125330697
19.97	2.830853916348421
19.98	7.067590202423435
19.990000000000002	9.198716401350707
20.0	6.307936116673676
20.01	11.81751512496857
20.02	10.74336567826731
20.03	10.021232858039829
20.04	3.990205808802436
20.05	3.15139626427124
20.06	5.844831225188325
20.07	11.888821874772406
20.080000000000002	14.382138693790754
20.09	7.258808756812874
20.1	8.137654869703494
20.11	11.184379296728475
20.12	16.91879195706995
20.13	22.489272155964766
20.14	12.012027926684828
20.150000000000002	11.13820160851007
20.16	12.030827162282446
20.17	24.377356226584077
20.18	14.01753110165844
20.19	11.124616404675686
20.2	8.623802460813735
20.21	16.885175582378665
20.22	18.702043464661585
20.23	27.999520335534918
20.240000000000002	28.034503132988316
20.25	21.7415864967488
20.26	11.155454439482424
20.27	18.87900469749424
20.28	23.822259125962866
20.29	23.458292009058987
20.3	20.878208693211512
20.31	17.16079868717579
20.32	26.208853369570875
20.330000000000002	10.07772718859289
20.34	6.650256478713705
20.35	2.8914399755885145
20.36	6.241317039147157
20.37	9.008727109090332
20.38	13.704851489664504
20.39	22.42716705186614
20.400000000000002	21.13010260175342
20.41	24.08318121606338
20.42	19.601838646927163
20.43	21.150362990097783
20.44	13.940262046067929
20.45	8.31414869822789
20.46	1.8601785650629423
20.47	0.7340104879075239
20.48	-2.3051788285662984
20.490000000000002	1.8271391593836634
20.5	0.2827273923859435
20.51	-1.3894526728788907
20.52	0.44775523525673
20.53	-0.2625879765609474
20.54	-0.7450421105775288
20.55	-6.0097253575611544
20.56	-5.346174413661669
20.57	-4.7779195163166746
20.580000000000002	-10.260392361703824
20.59	-7.582949331080212
20.6	-4.681897832030537
20.61	-21.131348483728168
20.62	-20.962079213166778
20.63	-27.75051783339735
20.64	-30.265184331330538
20.650000000000002	-34.52192479461883
20.66	-37.92916104233522
20.67	-44.36232777395091
20.68	-33.37381784233609
20.69	-34.15057522695202
20.7	-23.88133900352322
20.71	-19.718325773204015
20.72	-20.59877915444674
20.73	-28.19799237544925
20.740000000000002	-25.703355146298545
20.75	-39.43962331982488
20.76	-30.11913494693607
20.77	-27.628716133772187
20.78	-24.637874820042022
20.79	-26.804285159157928
20.8	-28.094929850614687
20.81	-34.88554171100394
20.82	-25.45567229768197
20.830000000000002	-13.184775778785903
20.84	-13.295063038905724
20.85	-21.748803551185954
20.86	-12.85347579855196
20.87	-7.02308257758851
20.88	-19.204106621027808
20.89	-20.021735244723345
20.900000000000002	-22.947468061317128
20.91	-8.850532812843975
20.92	-4.21281301477579
20.93	-4.530895212092183
20.94	-8.897734578223723
20.95	-5.752905564715609
20.96	-6.626289835842983
20.97	-6.431869258348093
20.98	-7.623385311632055
20.990000000000002	-9.262803211062089
21.0	-5.561532919185292
21.01	-15.02597352987037
21.02	-3.40510921035919
21.03	-3.77863366100525
21.04	1.438924892244312
21.05	4.547585161299673
21.06	3.943485350089973
21.07	0.8290316231464325
21.080000000000002	-1.7214716055996686
21.09	-4.838343512465292
21.1	-1.0030314949618118
21.11	-2.3049467240866077
21.12	1.3906045746640174
21.13	0.7727072113722927
21.14	1.5717237945394171
21.150000000000002	0.0015627946521399776
21.16	0.11210498536417274
21.17	3.3421016217606447
21.18	3.566207605514563
21.19	-0.684198908789612
21.2	-0.3466132911716367
21.21	-2.2470356873829647
21.22	-2.4125701812424794
21.23	-0.6214366020303332
21.240000000000002	-0.4895344463504575
21.25	-0.867576683687698
21.26	-2.2723377345488878
21.27	-9.427574743122799
21.28	-13.959147711603814
21.29	-22.360263679203115
21.3	-21.29822911119468
21.31	-16.589939710491617
21.32	-5.833309347682937
21.330000000000002	-2.661888092026405
21.34	-5.461947492664088
21.35	-11.516465840979444
21.36	-14.527421703984196
21.37	-9.034580842061049
21.38	-7.015066062765373
21.39	0.036833118824009484
21.400000000000002	2.312435460165219
21.41	9.81084741030319
21.42	12.908132530407963
21.43	7.4847314415322135
21.44	5.9687592669842475
21.45	8.097804951410101
21.46	6.849741815992376
21.47	1.2489980713889455
21.48	4.828529099968192
21.490000000000002	0.9178249867834339
21.5	-2.736191741188171
21.51	-3.0834756589063814
21.52	-4.4177813680456905
21.53	-3.782500444878019
21.54	-7.167391948261178
21.55	-11.088338005524376
21.56	-15.31146226403741
21.57	-10.148322457197182
21.580000000000002	-14.625574394762145
21.59	-25.900725108396845
21.6	-19.758125909243578
21.61	-15.987468250397066
21.62	-16.131616635073353
21.63	-28.426209508947064
21.64	-45.96852277117243
21.650000000000002	-44.602158806877036
21.66	-38.66262118144035
21.67	-31.86637780339583
21.68	-27.272795572432404
21.69	-27.301062927075435
21.7	-19.666058292291023
21.71	-26.073018992035912
21.72	-23.281757974441113
21.73	-12.000136542249045
21.740000000000002	-21.255772516231815
21.75	-26.9637660927756
21.76	-22.68229872332097
21.77	-21.118095010153525
21.78	-14.91801613410979
21.79	-16.45449724002766
21.8	-11.091272994401946
21.81	-6.724261826566308
21.82	-1.3680426716013838
21.830000000000002	-3.6299740667039915
21.84	1.5144541424301337
21.85	2.4045114939438523
21.86	-0.6257523925526954
21.87	0.023388346292163832
21.88	-0.06347135943182625
21.89	-1.7194596702455542
21.900000000000002	-5.412027520046101
21.91	-4.030929101870531
21.92	-1.4310616325181125
21.93	2.130199066922359
21.94	-0.3077196375131201
21.95	-0.8142941546678696
21.96	-0.9434149013359046
21.97	-6.245866211828892
21.98	-3.5155876806811257
21.990000000000002	-3.0688948250077215
22.0	-9.954419257098177
22.01	-15.52099468122677
22.02	-36.41002309012064
22.03	-24.20163048952833
22.04	-24.2032508362702
22.05	-30.02016242635586
22.06	-32.95605779383539
22.07	-35.3048085725688
22.080000000000002	-34.55143582044238
22.09	-27.389872372916216
22.1	-24.94590689746118
22.11	-17.5793063139135
22.12	-9.30410001058784
22.13	-9.482738832394357
22.14	-12.415932279430525
22.150000000000002	-8.76638741077704
22.16	-6.834574626189557
22.17	-2.895023744583344
22.18	-0.11298151780322284
22.19	-0.33833899167336245
22.2	-4.999089731046582
22.21	-11.392975661603579
22.22	-7.063416178855422
22.23	-3.6169285392971844
22.240000000000002	0.6054591070298407
22.25	-3.543055268431496
22.26	1.3843260364513796
22.27	-5.763113820432878
22.28	-7.423676718601239
22.29	-3.440497863596871
22.3	-2.360069026625812
22.31	-5.60076257026223
22.32	-0.4937029548061536
22.330000000000002	0.046559998335575746
22.34	3.8617982178834898
22.35	2.2388098654671538
22.36	3.532181000679827
22.37	5.574534634265425
22.38	5.599218816671634
22.39	6.642203404630012
22.400000000000002	11.071873157410787
22.41	13.393578747002826
22.42	17.073143072207447
22.43	17.97660181591282
22.44	11.539764247970565
22.45	11.050675405348994
22.46	11.322187562357255
22.47	8.392082016760657
22.48	5.315876550158905
22.490000000000002	3.9568373217183077
22.5	3.517273090674673
22.51	0.6878383832494431
22.52	1.0761990911043644
22.53	-1.9955669490131984
22.54	-3.247859808196565
22.55	-10.6724277640543
22.56	-12.50867915270016
22.57	-25.728365337307316
22.580000000000002	-23.58784478003411
22.59	-14.295687896492113
22.6	-11.273353402806185
22.61	-4.332389225866928
22.62	-1.9953586585888652
22.63	-2.363028386267372
22.64	-3.9201409041575346
22.650000000000002	-6.319274193891725
22.66	-4.859767260650036
22.67	-1.1419070416917436
22.68	-0.2946699722582473
22.69	1.9605477264548112
22.7	1.8504777913311656
22.71	1.7380238011947415
22.72	-0.41627208079171557
22.73	-1.3035625321904063
22.740000000000002	-2.6671906293907566
22.75	-5.030657826387628
22.76	0.43358991266337565
22.77	3.8389582579000003
22.78	2.974718642764767
22.79	5.896199041982482
22.8	7.381537405813833
22.81	10.809291824651178
22.82	7.647048870541729
22.830000000000002	6.393533447155993
22.84	1.1121327212778431
22.85	1.2225271348964084
22.86	-9.107144996589355
22.87	-15.673867667589613
22.88	-15.675023719835451
22.89	-9.326006114474119
22.900000000000002	-14.796135569870183
22.91	-19.30218572777159
22.92	-20.683840760004767
22.93	-20.088522736874825
22.94	-14.88787339861692
22.95	-10.983408924973814
22.96	-11.098316191855869
22.97	-12.258329360298678
22.98	-10.682311177960063
22.990000000000002	-13.963276236430188
23.0	-14.143223250768752
23.01	-5.234255355371292
23.02	-3.797666513410598
23.03	-1.1343345026019687
23.04	2.9459026453712776
23.05	1.52558852248229
23.06	-1.184835158813044
23.07	1.500887043508341
23.080000000000002	0.8690197178343362
23.09	3.784207904881948
23.1	6.944485973234818
23.11	11.448330730488811
23.12	17.65072338450828
23.13	9.121399697714942
23.14	14.419806231089225
23.150000000000002	14.285428438066983
23.16	15.723396457554813
23.17	16.14007378323215
23.18	6.765204820877602
23.19	5.426506052078408
23.2	3.6429375298062623
23.21	0.9307100677958635
23.22	-5.41208435548575
23.23	-16.652608028491734
23.240000000000002	-10.063719352130095
23.25	-10.104984582719649
23.26	-18.36766588189064
23.27	-33.50683787219166
23.28	-26.82967054833225
23.29	-16.048038167807412
23.3	-10.950096661883972
23.31	-7.350003705504738
23.32	-4.645689753210302
23.330000000000002	-2.5832236565114384
23.34	-5.903123724998946
23.35	-10.185996222426017
23.36	-14.613391561448918
23.37	-25.442960441438075
23.38	-18.641963182504956
23.39	-24.38306168520263
23.400000000000002	-39.69275012656243
23.41	-38.85163880576281
23.42	-40.63741361604804
23.43	-40.628062644373294
23.44	-36.16865068502118
23.45	-27.532425159821525
23.46	-24.238171785630712
23.47	-14.72587509843291
23.48	-10.419737336164792
23.490000000000002	-3.171803109675459
23.5	-6.2147065153259655
23.51	-10.89563747259008
23.52	-19.77178905505976
23.53	-20.597374478809694
23.54	-18.907424198065677
23.55	-26.234162929559744
23.56	-23.820556582385475
23.57	-28.00448674800978
23.580000000000002	-34.330080326879724
23.59	-59.51521760246963
23.6	-50.07485540568675
23.61	-36.09214392689171
23.62	-28.02617020497189
23.63	-37.83617529132024
23.64	-26.414368371462572
23.650000000000002	-30.35862104152117
23.66	-32.131194699434204
23.67	-12.747500148057325
23.68	-12.11351930755554
23.69	-6.4936440154848665
23.7	-11.46659798471734
23.71	-9.88463102795959
23.72	-18.610240440938544
23.73	-12.165704458998114
23.740000000000002	-10.454256115425103
23.75	-10.660011782768642
23.76	-10.478646594060896
23.77	-9.233606256527874
23.78	-13.886742776870559
23.79	-13.371283560080295
23.8	-23.14766748302758
23.81	-27.148957906864915
23.82	-34.12380079765505
23.830000000000002	-33.26891099887706
23.84	-34.0902893254288
23.85	-26.538389896272903
23.86	-11.654828119704517
23.87	-13.960514920608706
23.88	-7.906418021096204
23.89	-5.49808446152236
23.900000000000002	-6.04675895085027
23.91	-6.6232345576167
23.92	-1.6940524684637677
23.93	-0.5760319848215613
23.94	0.8036859606048656
23.95	-1.3589519466325062
23.96	0.904668461778167
23.97	-0.23689548603051236
23.98	-3.5645690726852437
23.990000000000002	-8.957927661473533
24.0	-6.112765832918007
24.01	-9.080613049605997
24.02	-11.670233989853132
24.03	-7.8174653587508915
24.04	-4.564816474709434
24.05	-5.357424370013562
24.060000000000002	-8.501507366074728
24.07	-0.418218209088748
24.080000000000002	-1.3803304623006152
24.09	-2.001191141419563
24.1	-2.9948861727083944
24.11	-5.547893726510821
24.12	-12.96424837063574
24.13	-10.787385059118309
24.14	-9.336976751337112
24.150000000000002	-15.009046558012582
24.16	-12.98644116792129
24.17	-10.2260029505952
24.18	-9.2744664882636
24.19	-9.519296754083342
24.2	-6.492373280588432
24.21	-9.128576199135992
24.22	-8.670818676200694
24.23	-13.329689285295025
24.240000000000002	-17.80788439521591
24.25	-16.38099782188023
24.26	-19.954374480006027
24.27	-11.448202906744791
24.28	-9.07291919659566
24.29	-11.657868523225437
24.3	-7.576419856637313
24.310000000000002	-4.268069608152867
24.32	-0.9186551730566167
24.330000000000002	1.8416138315763861
24.34	1.7726119399858378
24.35	0.04739477980728976
24.36	-3.0218788844674673
24.37	-4.7295974533929055
24.38	-6.038264847425868
24.39	-9.149387163128887
24.400000000000002	-8.555824783918542
24.41	-11.482680262766644
24.42	-15.001161291982903
24.43	-14.680487120134599
24.44	-17.771825739819878
24.45	-13.674492640274675
24.46	-19.63996718981779
24.47	-18.465291818028213
24.48	-32.00799829832059
24.490000000000002	-21.53949468502315
24.5	-28.771785544058766
24.51	-26.54638877290948
24.52	-26.167527652309637
24.53	-19.283485868977355
24.54	-16.52294806377657
24.55	-15.86024097868143
24.560000000000002	-30.008642321455874
24.57	-28.879959281846222
24.580000000000002	-24.825317005336462
24.59	-26.743174466025863
24.6	-14.485265260736314
24.61	-4.456466540177717
24.62	-9.082680609016656
24.63	-2.603085752323992
24.64	0.29678373263776164
24.650000000000002	0.7569103530441817
24.66	0.058354449951097634
24.67	-1.3165715110354634
24.68	-2.226391457901202
24.69	-2.1373318773573
24.7	-3.682686952844921
24.71	-3.080197748045587
24.72	-4.206196650423573
24.73	-9.042675810341354
24.740000000000002	-10.847850415927178
24.75	-10.737152243669481
24.76	-14.981071165811114
24.77	-10.967470789395808
24.78	-11.702364562541314
24.79	-1.9778078742158587
24.8	0.19473508433166403
24.810000000000002	3.3360552997445985
24.82	4.200173523621749
24.830000000000002	5.778813881864715
24.84	5.355068697088637
24.85	4.913573143404042
24.86	3.890244723282982
24.87	1.4130326902378014
24.88	2.9088719094447164
24.89	2.3376151488319508
24.900000000000002	4.625867220853628
24.91	0.24174498442103134
24.92	-1.7357668269798587
24.93	-2.674464360493796
24.94	-4.386230325927266
24.95	-4.4285186549287845
24.96	-1.2636727332649482
24.97	4.176526320875777
24.98	4.747373144994059
24.990000000000002	5.548083731678108
25.0	3.212923311515175
25.01	0.40186284280462453
25.02	7.566394907396269
25.03	1.2235531318310122
25.04	3.4553610932214758
25.05	14.315713254151609
25.060000000000002	9.79271587042761
25.07	5.922062302679665
25.080000000000002	4.845223257238716
25.09	5.8090246134192975
25.1	8.571514701835222
25.11	4.860065195790767
25.12	0.774591427839761
25.13	-0.8902357835809342
25.14	-4.018619311004649
25.150000000000002	-3.4513325203471954
25.16	-2.8804090490508933
25.17	5.387529179378471
25.18	3.8651442550160686
25.19	2.87290200549096
25.2	3.490440546812584
25.21	2.8499607576621986
25.22	4.011358046444429
25.23	0.838372694888704
25.240000000000002	-1.4332190659697979
25.25	-1.8571667246735124
25.26	1.4719391133373263
25.27	5.674636729275486
25.28	0.8765975962749812
25.29	1.5061497126876005
25.3	4.48719244657917
25.310000000000002	19.885628949676494
25.32	26.592014532530364
25.330000000000002	28.488448371342308
25.34	26.66879674894612
25.35	19.92055113448206
25.36	10.172530136682482
25.37	20.532692473840687
25.38	24.50547840522998
25.39	28.394349941909553
25.400000000000002	22.25577612095133
25.41	17.774866811515366
25.42	14.543342263022232
25.43	6.702174615970105
25.44	19.537859714013944
25.45	43.403974736306104
25.46	31.465454095056707
25.47	22.39354584420369
25.48	30.00319541710134
25.490000000000002	21.71720789581415
25.5	14.528128187540752
25.51	14.677212742661169
25.52	11.922181800749973
25.53	8.984831226487021
25.54	6.791456696667679
25.55	4.783632921685662
25.560000000000002	3.5813331333038945
25.57	-0.31362227544417753
25.580000000000002	-1.9225070553379848
25.59	1.2212783048109521
25.6	-0.6556293988475529
25.61	-2.4921130441008694
25.62	-13.786820945630724
25.63	-3.616997968076459
25.64	-3.6763894259093535
25.650000000000002	-8.45004804444613
25.66	-6.405956798822195
25.67	-6.707820231520114
25.68	-21.100487739466008
25.69	-13.797781479695477
25.7	-19.73099958361026
25.71	-17.751902445081065
25.72	-11.529163268524677
25.73	-10.950815976764348
25.740000000000002	-15.24610408916449
25.75	-15.023506537060229
25.76	-12.867251201691891
25.77	-15.005310689623139
25.78	-18.917716844461587
25.79	-18.78868653735043
25.8	-11.922431160906816
25.810000000000002	-11.676731927066529
25.82	-13.068247066493191
25.830000000000002	-7.571934469870138
25.84	-3.0959702053909357
25.85	-3.049591717240396
25.86	-10.915341115233284
25.87	-6.902065191736201
25.88	-8.320898281899048
25.89	-14.216908834431063
25.900000000000002	-25.779700693076514
25.91	-22.751982285635766
25.92	-31.701683155259204
25.93	-28.537635678096148
25.94	-23.947449147658666
25.95	-15.709058913404101
25.96	-9.592407011046731
25.97	-2.936606354518976
25.98	-3.012914904648681
25.990000000000002	-1.112136504973917
26.0	-2.8324727166859534
26.01	-3.0072706676090473
26.02	-0.2259280471852759
26.03	-4.803300471797935
26.04	-5.558154860563943
26.05	-12.223397149771717
26.060000000000002	-9.714588251388312
26.07	-9.67414329934011
26.080000000000002	-3.4472679477827244
26.09	-3.551109101457572
26.1	-5.605681903177186
26.11	-7.188454056661997
26.12	-4.752747444296736
26.13	-6.054863249412315
26.14	-17.257564503610713
26.150000000000002	-9.122579060614806
26.16	-4.074940493894716
26.17	-1.2970453474750114
26.18	8.392302686412982
26.19	13.324821603626969
26.2	12.482247920614185
26.21	5.452969699488078
26.22	6.238445869018817
26.23	10.400648187713005
26.240000000000002	4.326747254003691
26.25	14.391610389657874
26.26	26.458444203211712
26.27	23.747583050884085
26.28	20.581327328382798
26.29	21.071755111224466
26.3	17.938358814265474
26.310000000000002	12.173935947736792
26.32	10.010089436140632
26.330000000000002	8.451348371314259
26.34	7.295530203370933
26.35	10.085175978260445
26.36	3.9743639690911285
26.37	-0.029481380324707825
26.38	2.718575252484139
26.39	2.2740818323026963
26.400000000000002	4.101820316817396
26.41	2.4155466279281286
26.42	2.388028467570144
26.43	1.948184676917801
26.44	2.095973767376169
26.45	-0.5556509266598068
26.46	0.23869105402433105
26.47	-2.041654086129594
26.48	-1.8978520489949409
26.490000000000002	0.01902541958211394
26.5	-0.7177192321040203
26.51	0.2790752193754867
26.52	-2.1189557623537256
26.53	-0.011385876545733854
26.54	-1.676148881599167
26.55	-1.670752646091123
26.560000000000002	-1.2830163888986856
26.57	-0.9717914234344217
26.580000000000002	0.06737853657542245
26.59	-2.3992464034063787
26.6	-1.3510457590934837
26.61	-4.969916159706754
26.62	-6.913638217221466
26.63	-4.22862346755811
26.64	0.012624494484190776
26.650000000000002	3.3004198275268766
26.66	-8.676978599046299
26.67	-16.694134623721833
26.68	-18.378723877981514
26.69	-14.267596759513173
26.7	-17.042934708754196
26.71	-17.400052801684467
26.72	-14.350588250964925
26.73	-16.00604295830615
26.740000000000002	-6.990916765983292
26.75	-10.646707821278513
26.76	-13.397615839247004
26.77	-28.602447632902884
26.78	-31.765308733846428
26.79	-23.815045672913076
26.8	-18.87226427788272
26.810000000000002	-16.763140650601674
26.82	-14.926110218512626
26.830000000000002	-3.2081888202250393
26.84	-1.5961093269373674
26.85	1.2237866625912088
26.86	0.6584711114902925
26.87	-5.852699093832211
26.88	-10.205354670931673
26.89	-12.525295694838231
26.900000000000002	-9.829632598939968
26.91	-6.47692747814376
26.92	-3.4741337595673074
26.93	-8.819837717629403
26.94	-5.480700448675246
26.95	-1.596999910879657
26.96	-3.650742897881972
26.97	-2.9159214945690817
26.98	-1.892574038295786
26.990000000000002	2.0091154290406386
27.0	1.224483689422583
27.01	1.6995998281776212
27.02	-3.0912564668884444
27.03	-6.622207475515481
27.04	-4.653555050202119
27.05	-2.222605337749779
27.060000000000002	-4.588714280992839
27.07	-3.1015125848128293
27.080000000000002	-0.6059371548021377
27.09	0.5330214669222729
27.1	0.5603770010765616
27.11	-1.4525485009242587
27.12	-2.527434990790269
27.13	-1.0340106913282507
27.14	-1.4756772586716647
27.150000000000002	0.3414308910827973
27.16	5.448557508164693
27.17	4.021550597119777
27.18	1.6804865661919202
27.19	4.159090572601976
27.2	6.971454224884785
27.21	7.518206628329734
27.22	9.32516013863825
27.23	7.874572250491325
27.240000000000002	11.41998784446574
27.25	14.067114241753126
27.26	9.327016556366177
27.27	3.5623395376759692
27.28	0.8925735124603846
27.29	-0.11229496990796851
27.3	-0.7824695540959012
27.310000000000002	-2.0945139025109385
27.32	-4.579310248341992
27.330000000000002	-12.539102220052314
27.34	-12.077408836178483
27.35	-11.641747147786093
27.36	-12.335285043968439
27.37	-18.772655712232986
27.38	-33.77568433590652
27.39	-32.96815115419169
27.400000000000002	-24.543817950355724
27.41	-32.17997884270872
27.42	-22.398845499242963
27.43	-3.623796870316409
27.44	-1.1673268222291997
27.45	-4.792888953290538
27.46	-9.74044597767878
27.47	0.9167044408356628
27.48	1.56856658072384
27.490000000000002	5.774997896539863
27.5	1.3170260491941779
27.51	-0.021259572935476923
27.52	5.198331099876649
27.53	5.523844793924995
27.54	0.32909044478295496
27.55	0.7244569624515046
27.560000000000002	4.347438992239601
27.57	5.996879004189603
27.580000000000002	-0.38978664302935584
27.59	-1.183184496475524
27.6	3.0531069163189026
27.61	6.247870440496406
27.62	7.7761647171640655
27.63	4.6147623878475255
27.64	8.492344724635585
27.650000000000002	-2.48965178687912
27.66	-5.196508827846702
27.67	-6.188202750571891
27.68	-14.239104854169613
27.69	-20.885051463629473
27.7	-18.92422822285644
27.71	-22.26835315660775
27.72	-29.660137377354094
27.73	-32.062564802049316
27.740000000000002	-37.321872848725405
27.75	-33.653158867749404
27.76	-42.7517855297914
27.77	-29.26544428115517
27.78	-22.171104723581017
27.79	-27.922752043538402
27.8	-24.95213867198566
27.810000000000002	-22.636313862908665
27.82	-23.510027126790934
27.830000000000002	-15.610943159197662
27.84	-14.229363858089958
27.85	-16.07607615040053
27.86	-13.357655797200946
27.87	-3.4986012847423966
27.88	-2.1804975686874037
27.89	0.8087339121378445
27.900000000000002	6.587941812287823
27.91	2.576360541067369
27.92	1.1435110936137236
27.93	3.324024450939841
27.94	-0.32167317353789776
27.95	0.6155206391603728
27.96	3.6345343336974305
27.97	2.8242455006381
27.98	-0.07118941395336557
27.990000000000002	-0.06241912216022044
28.0	-0.7156565955619663
28.01	1.174232897564236
28.02	-0.543167325984271
28.03	-2.217552734319173
28.04	-0.3079742198654679
28.05	-2.7590031192423337
28.060000000000002	-2.972851722056244
28.07	-5.8065952722329355
28.080000000000002	-16.606443292954207
28.09	-19.310750216525303
28.1	-34.88497231037524
28.11	-31.651148097624453
28.12	-38.856862465801726
28.13	-35.45386358679436
28.14	-26.81838539886686
28.150000000000002	-28.612821228349787
28.16	-29.250358256746136
28.17	-40.42001658497861
28.18	-31.463794873942703
28.19	-26.250703227264943
28.2	-41.21303474424988
28.21	-38.13054864125961
28.22	-35.05725787097662
28.23	-22.474541170447615
28.240000000000002	-44.06121984955738
28.25	-31.677079499557085
28.26	-22.71716948524242
28.27	-11.581730791147567
28.28	-8.203590685031383
28.29	-8.059946523055
28.3	-2.1893704426766503
28.310000000000002	-3.377916152902354
28.32	-7.701339098381998
28.330000000000002	-15.496102865786648
28.34	-13.825739738055308
28.35	-9.899430578726633
28.36	-14.559502824864339
28.37	-11.480399789461615
28.38	-15.854520737055545
28.39	-20.622565987127828
28.400000000000002	-15.623237773001323
28.41	-16.32289546932648
28.42	-19.641040610047373
28.43	-12.886531486029906
28.44	-22.810398176247592
28.45	-19.38952330011491
28.46	-19.759238012567188
28.47	-13.043876616830119
28.48	-13.572708853872355
28.490000000000002	-9.560300965551601
28.5	-15.585868353144022
28.51	-20.60710830412854
28.52	-14.288813382118844
28.53	-10.226905214349278
28.54	-7.763019608678613
28.55	-3.110317269662421
28.560000000000002	-1.7414326209372064
28.57	-0.9863235353566552
28.580000000000002	1.175366371372575
28.59	-2.0351274761255342
28.6	-3.665348783644493
28.61	-2.5729188475656546
28.62	1.1526697721058692
28.63	0.44261580198274053
28.64	0.5833181127528198
28.650000000000002	0.45611599897400057
28.66	-3.3270659945625845
28.67	-2.9406540820162075
28.68	1.4491801582190458
28.69	6.52114293300388
28.7	26.049821044348054
28.71	20.484502254538835
28.72	15.28436684510293
28.73	10.462809200838533
28.740000000000002	9.812370239622396
28.75	2.8378383581357536
28.76	1.3434038786715683
28.77	-2.4173844525802246
28.78	0.28456967772034863
28.79	-6.4534285410509185
28.8	-3.8804557908683277
28.810000000000002	-0.7691464874433926
28.82	0.6262074277097377
28.830000000000002	-0.13151082237789596
28.84	1.1032642459449897
28.85	0.6822012585512397
28.86	-0.17259827300182598
28.87	-3.4844402733127846
28.88	-7.071943316439358
28.89	-4.786736513092562
28.900000000000002	-2.7855256012280627
28.91	4.498182464770083
28.92	13.312654419337504
28.93	15.403457065582632
28.94	7.607408990041786
28.95	5.8470106900589185
28.96	1.6328693118171067
28.97	2.3760343864262587
28.98	0.6388952454437531
28.990000000000002	-1.5513862376051437
29.0	-2.201876924540663
29.01	-3.593525722917477
29.02	-2.506605605699406
29.03	-2.017767348815927
29.04	-7.011577781976048
29.05	-5.696489296365591
29.060000000000002	-4.253535303902205
29.07	-1.641046219571802
29.080000000000002	0.9451296842334936
29.09	1.0944691324479745
29.1	11.685999208194442
29.11	10.686430178609472
29.12	14.995910030681221
29.13	10.627806309327005
29.14	14.678643194894175
29.150000000000002	26.61940406386725
29.16	9.655705672241995
29.17	5.691009102799056
29.18	1.1730907241085673
29.19	4.510387843742057
29.2	3.562320390044078
29.21	4.876259403923189
29.22	5.3609229382523065
29.23	5.034974439264049
29.240000000000002	13.440106446208636
29.25	11.446888254395716
29.26	11.974529224103891
29.27	22.444621714104482
29.28	14.609624795405452
29.29	13.55672271936648
29.3	14.729372551953146
29.310000000000002	12.93455609759196
29.32	13.338514025844399
29.330000000000002	24.507696257860385
29.34	30.17196537772573
29.35	30.92543862595632
29.36	37.70061447670617
29.37	28.962724687325906
29.38	20.216782578833513
29.39	26.34898966450559
29.400000000000002	23.92388008834554
29.41	18.7206305119517
29.42	11.040065502782449
29.43	3.8801367809169736
29.44	1.1858115361669201
29.45	0.758733789210619
29.46	-0.9293536268122264
29.47	0.5485123099145227
29.48	-1.453613866246844
29.490000000000002	-5.839803328329231
29.5	-1.3328616491615841
29.51	1.9268368510212337
29.52	-0.20757197959049173
29.53	-0.2571733460057763
29.54	-0.7213565948565298
29.55	-3.3648471364179415
29.560000000000002	-5.795252952779756
29.57	-4.371186892339772
29.580000000000002	-4.300947038872979
29.59	-4.515442295421994
29.6	-12.137589354362447
29.61	-7.1876225001614324
29.62	-2.5716527234050237
29.63	-0.6016190753937186
29.64	0.7519451011856436
29.650000000000002	4.187848028770549
29.66	3.4044741361229973
29.67	-0.34281359254827903
29.68	1.3882062381059392
29.69	5.773633403818765
29.7	6.230874225114372
29.71	8.093086110421488
29.72	11.460188396955708
29.73	11.449798968251354
29.740000000000002	8.143176546084026
29.75	3.292726539746807
29.76	-1.369254579796435
29.77	-2.331461154894594
29.78	-8.644799575136204
29.79	-14.397309853344003
29.8	-17.785860818369486
29.810000000000002	-20.037405290092583
29.82	-35.09770687920023
29.830000000000002	-32.971459178392635
29.84	-29.978164700502354
29.85	-27.901500880917418
29.86	-29.61489296694855
29.87	-28.18208369635512
29.88	-24.076850314046684
29.89	-19.97197418770929
29.900000000000002	-23.090048562477232
29.91	-20.38233229093542
29.92	-17.799576025778002
29.93	-8.41270496371895
29.94	-1.8728321537609567
29.95	-1.9522129538247428
29.96	-1.8271875363915793
29.97	-2.9966646368923633
29.98	0.6739815616198298
29.990000000000002	-0.14620904093521306
30.0	0.7102328059546411
30.01	0.5563524760983369
30.02	-0.9634707873119694
30.03	2.1732514518392634
30.04	-1.4382780792069643
30.05	4.078210714562129
30.060000000000002	10.220626607756731
30.07	6.096459853982506
30.080000000000002	1.5172919445033
30.09	0.8252571694931085
30.1	-0.5484335861130842
30.11	-0.8064578057340932
30.12	0.12801125290007218
30.13	1.9652312156850082
30.14	-0.01297479309164138
30.150000000000002	2.1197880772870326
30.16	2.598177604690501
30.17	3.258586703817925
30.18	5.055266673974291
30.19	3.2050419318069885
30.2	2.026910390695213
30.21	3.51466386804202
30.22	1.1255665916428896
30.23	3.751492066155314
30.240000000000002	1.8272966503491106
30.25	16.95074459471582
30.26	12.721351565551846
30.27	10.290359582225946
30.28	10.330368614050668
30.29	8.800773500096907
30.3	9.948977624303069
30.310000000000002	6.481797060104128
30.32	15.457252648654318
30.330000000000002	17.61120268307611
30.34	13.888468580045153
30.35	12.482478687532662
30.36	11.184349037116084
30.37	16.18558600395494
30.38	12.536088361344456
30.39	12.45215312881501
30.400000000000002	12.544981266810375
30.41	3.661996380654833
30.42	3.8767379590449136
30.43	6.023556987644057
30.44	10.255968900467408
30.45	8.026143249654043
30.46	3.1341053882420726
30.47	5.65546364757831
30.48	23.864744693257464
30.490000000000002	26.92850860496644
30.5	25.326584278998606
30.51	31.829561449479698
30.52	25.034227446851144
30.53	24.905615723297
30.54	26.104545455539796
30.55	23.567234478041406
30.560000000000002	31.113241319074266
30.57	20.329170136710736
30.580000000000002	15.545309346374811
30.59	10.39402038829796
30.6	28.569958049171852
30.61	4.002252931363534
30.62	5.559288619646008
30.63	6.309783208582652
30.64	2.4297382020265355
30.650000000000002	1.0842141483480585
30.66	0.9106720904758777
30.67	1.42206827604284
30.68	-1.3541499777321424
30.69	2.6993064806550255
30.7	3.138070527650469
30.71	-0.7247538809353311
30.72	-6.0308125549514076
30.73	-6.786749522969269
30.740000000000002	-2.5317310944321427
30.75	-1.4145995404554061
30.76	-1.1576836681019553
30.77	-0.9188692628122246
30.78	0.30384852217870995
30.79	2.1657148158733333
30.8	3.3457563298680286
30.810000000000002	2.4964322188686583
30.82	-0.6873459132231399
30.830000000000002	-3.101942489660711
30.84	-2.8633216251053786
30.85	-5.324138221964815
30.86	-1.5415790531973677
30.87	-5.217598716438108
30.88	-1.438278459337654
30.89	-0.6981721945896185
30.900000000000002	-1.1838181960220655
30.91	-0.9237805227898298
30.92	-1.407024158430172
30.93	-0.4241648916495247
30.94	-3.0887287444953917
30.95	-6.385436364426422
30.96	-10.518284007810172
30.970000000000002	-13.715000034686362
30.98	-12.962290017382601
30.990000000000002	-12.561448504729439
31.0	-9.40502002708576
31.01	-16.243711400221997
31.02	-12.687449427331906
31.03	-3.814241739068119
31.04	0.45250961931435907
31.05	2.3594414990400194
31.060000000000002	5.117473532409209
31.07	5.207468062004992
31.080000000000002	5.801773995385906
31.09	3.7377834601390485
31.1	12.865852499765868
31.11	9.3171114350412
31.12	7.4157462977595
31.13	6.5079005967440136
31.14	7.077666227779392
31.150000000000002	8.816323545445238
31.16	7.952214625050255
31.17	9.098968409554994
31.18	5.410301800154688
31.19	1.3172688074850867
31.2	4.764191792573226
31.21	5.8028387816555025
31.220000000000002	5.105010258197598
31.23	4.146594197639326
31.240000000000002	3.930232199205306
31.25	2.2602991988337173
31.26	1.964426771769737
31.27	-1.4088476719680127
31.28	-3.5824113867315805
31.29	-0.05072270428605093
31.3	3.1516723333440564
31.310000000000002	1.3666019402858822
31.32	8.641179591746194
31.330000000000002	16.950575617968738
31.34	19.484226939531297
31.35	22.212378818903115
31.36	13.83564762001557
31.37	10.50859961359632
31.38	7.568360064113695
31.39	7.688238899943613
31.400000000000002	6.239281668068584
31.41	3.119400860586384
31.42	4.989541554480157
31.43	4.85393078391081
31.44	6.9461687096674725
31.45	6.875196396979308
31.46	3.429732197835784
31.470000000000002	4.8919313856391
31.48	2.940689527704094
31.490000000000002	-0.17515864384388216
31.5	-2.232964276774283
31.51	-4.173658841546483
31.52	-1.5162520345057735
31.53	-4.263130321977001
31.54	-2.117688477138267
31.55	-2.291257553933082
31.560000000000002	-1.456366807555039
31.57	0.9683489160886555
31.580000000000002	2.87741569274939
31.59	1.0245865988618161
31.6	4.724596987911915
31.61	5.408226409166699
31.62	8.8327714106775
31.63	3.7850299940579615
31.64	6.71251219934904
31.650000000000002	11.5462148914475
31.66	9.457483301177403
31.67	12.91026313608868
31.68	14.988957885803405
31.69	12.059494669710828
31.7	12.27454106142816
31.71	14.860627723583587
31.720000000000002	31.341958008276425
31.73	19.056200204088494
31.740000000000002	17.778907649211384
31.75	13.835114616456504
31.76	6.497309064252116
31.77	9.871371302070681
31.78	22.801258499527684
31.79	19.565188548829084
31.8	9.21949821604045
31.810000000000002	6.788688321023609
31.82	15.818812047818493
31.830000000000002	29.769133056032626
31.84	25.834695711475366
31.85	23.342513854841734
31.86	12.723537492983095
31.87	15.335924120391281
31.88	13.181657237267977
31.89	19.55878970738007
31.900000000000002	23.46417188822971
31.91	41.92421707772541
31.92	22.168031839591027
31.93	30.785032288615376
31.94	42.86691810353937
31.95	35.49023284209535
31.96	33.35280216295536
31.970000000000002	26.13694798477897
31.98	23.476893324548563
31.990000000000002	20.308962895769994
32.0	25.92538376123949
32.01	28.439163287484938
32.02	26.241693736918307
32.03	26.886815604093325
32.04	28.783739535569
32.05	32.405154410825666
32.06	25.803550627758177
32.07	20.160975424723194
32.08	21.650044644823907
32.09	24.256480114702914
32.1	21.028176754737522
32.11	16.896948090792744
32.12	4.610003038049933
32.13	6.333852053914266
32.14	3.5129468998600726
32.15	5.96747759839845
32.160000000000004	2.4584893156136562
32.17	0.9633209527256876
32.18	0.26561969565128324
32.19	1.4109955389672395
32.2	-0.8110403087349103
32.21	-0.47967697769890866
32.22	-0.6223220452150806
32.230000000000004	-1.9392044751145017
32.24	2.670752270249317
32.25	1.3770686576165103
32.26	1.2026058337600076
32.27	-3.0176482025198963
32.28	-3.827916050133326
32.29	-1.1985761669579371
32.3	-2.7496705067616927
32.31	-10.251614494069617
32.32	-18.443595493198885
32.33	-10.102580513532363
32.34	-24.967868482247646
32.35	-31.348185108893606
32.36	-31.663491898001354
32.37	-35.24017694677421
32.38	-40.38264394481444
32.39	-48.80730982982937
32.4	-40.754910927699605
32.410000000000004	-46.11646943679708
32.42	-41.27873301220075
32.43	-31.101223700594826
32.44	-26.250411140449913
32.45	-25.57574767088264
32.46	-24.732535111283603
32.47	-20.543469781232805
32.480000000000004	-21.46150609310164
32.49	-9.55376632662945
32.5	-8.35512265106062
32.51	-14.433982989066157
32.52	-3.823657299172042
32.53	-0.9645404318735009
32.54	1.3454002890429673
32.55	4.410677656576134
32.56	27.876160440769393
32.57	23.302251176382423
32.58	24.524557384731125
32.59	27.934504020451232
32.6	29.90084242120691
32.61	25.667788691336344
32.62	20.608907613496836
32.63	20.300273856150415
32.64	14.464121603210069
32.65	6.149135803816559
32.660000000000004	0.9696951972102629
32.67	2.0647715908441633
32.68	-1.4939012468141568
32.69	-4.035767711078562
32.7	-6.771752604257225
32.71	-19.14658309328723
32.72	-21.210471953109963
32.730000000000004	-6.5723124007794675
32.74	0.29972134126160616
32.75	0.33219172804660346
32.76	4.224805881906006
32.77	14.607606042095794
32.78	19.27496555110638
32.79	26.362018267428642
32.8	27.220689296723798
32.81	26.149352489130145
32.82	29.1843738072207
32.83	34.46733782189988
32.84	24.73513612589954
32.85	20.757346853792118
32.86	20.042212481356316
32.87	31.9113267483391
32.88	16.576117848414007
32.89	11.816656121287975
32.9	6.9862838384566635
32.910000000000004	10.603813675785029
32.92	23.12463785193018
32.93	15.56338288501077
32.94	22.296366038434794
32.95	23.303204615184164
32.96	20.314251439711107
32.97	23.018826151133677
32.980000000000004	22.62799661117154
32.99	19.579883726397917
33.0	21.88702564945801
33.01	29.476469491009656
33.02	30.527709760358093
33.03	22.457228828907102
33.04	26.58548559921857
33.05	22.764442935957614
33.06	21.377395371337023
33.07	16.576072565718498
33.08	23.213324031873196
33.09	35.290508749828206
33.1	31.79456603496429
33.11	30.627297742682874
33.12	17.428107622420598
33.13	18.492995450985838
33.14	21.770755104090977
33.15	19.039826682857363
33.160000000000004	16.711479700619858
33.17	19.347910538577633
33.18	22.528736782777937
33.19	20.515611502665116
33.2	24.711052526035754
33.21	31.361137756107514
33.22	23.313175211901846
33.230000000000004	23.309299125945525
33.24	18.330608282582673
33.25	30.05921178039089
33.26	27.988505649506543
33.27	41.48141600922768
33.28	43.83125053683865
33.29	35.669758728568276
33.3	21.995487080513634
33.31	39.669873107139814
33.32	37.38774566174445
33.33	39.53992738688453
33.34	38.31196539235833
33.35	26.34993448298795
33.36	34.77323541660069
33.37	28.523094142740216
33.38	25.969404082483347
33.39	23.15803771352373
33.4	28.052113028418397
33.410000000000004	25.081281899752664
33.42	20.828690392338192
33.43	10.377328245727517
33.44	1.6607543018689654
33.45	0.872169689407366
33.46	0.006806320374042617
33.47	3.6590643545706047
33.480000000000004	6.261190646716168
33.49	13.14278165195101
33.5	7.342584330494139
33.51	23.16778331461926
33.52	17.359728828892923
33.53	11.133989970363897
33.54	14.040253227137923
33.55	21.13334466175789
33.56	13.960282498790786
33.57	8.101650070359204
33.58	11.547505659769335
33.59	8.97236089582827
33.6	6.674867825879545
33.61	4.640406257875705
33.62	2.69346268440504
33.63	1.177547194714933
33.64	1.265365451380122
33.65	3.63175223689065
33.660000000000004	7.78371317443565
33.67	4.3108344932317815
33.68	4.603329539129109
33.69	9.29779780712803
33.7	13.940847349002022
33.71	21.75350780811948
33.72	35.31573285484785
33.730000000000004	36.03036904264938
33.74	40.43197767643324
33.75	22.517304199778565
33.76	22.742735966848386
33.77	24.86905161602822
33.78	24.7066428561718
33.79	42.930134586425396
33.8	26.291077273784005
33.81	28.759802947696834
33.82	38.48755994777879
33.83	20.841484222438485
33.84	20.93445246867528
33.85	9.02546515475169
33.86	7.23620265798473
33.87	6.40395599889746
33.88	9.076635863089477
33.89	8.008200128639658
33.9	8.817816913918344
33.910000000000004	8.214832776495237
33.92	7.789001869527512
33.93	2.9363335350508093
33.94	3.079101369463498
33.95	3.161819317452244
33.96	1.8719208107366259
33.97	-0.3880517747412752
33.980000000000004	-0.9076151058264244
33.99	1.296562201780364
34.0	-2.105956508248935
34.01	1.3721557835002818
34.02	-0.6841064456829024
34.03	-0.17323267374285437
34.04	1.024003491425089
34.05	3.2602930254752724
34.06	2.0228358901770007
34.07	3.7756881925130292
34.08	3.586425791177356
34.09	1.4777660054697919
34.1	1.3069788103397149
34.11	4.500386173078781
34.12	4.7822036099343155
34.13	3.2753529922237434
34.14	0.7826826363024172
34.15	2.3756799278509706
34.160000000000004	0.44596881271358785
34.17	1.115252748777228
34.18	6.964175928307655
34.19	8.414811698644922
34.2	13.130222415646715
34.21	6.588813782337215
34.22	5.398049477634238
34.230000000000004	2.5468382681340396
34.24	1.767260652770563
34.25	2.254962325966909
34.26	-1.6437073126592607
34.27	-4.710679958258873
34.28	-0.33731057817286075
34.29	-0.46688476713570004
34.300000000000004	0.15278269325364124
34.31	1.225196940191575
34.32	6.592746773430242
34.33	3.1413177077503973
34.34	5.609376059660697
34.35	0.10860468010901217
34.36	-2.7157748954949277
34.37	-2.2016063429881356
34.38	-3.750326586476985
34.39	-3.5975388890463167
34.4	-1.0375385535963042
34.410000000000004	-1.9880357171716048
34.42	-2.0346243618644113
34.43	-1.3413069529123482
34.44	-1.8935878408739564
34.45	0.913337374793966
34.46	2.447424098772334
34.47	6.805494157169891
34.480000000000004	0.8892417418082298
34.49	-0.36732573771320326
34.5	6.4378354171316525
34.51	8.358216284026915
34.52	3.499842439696657
34.53	-0.6310928727598811
34.54	-0.8546987125424205
34.550000000000004	0.04113924883126376
34.56	-1.7987032453546101
34.57	-5.013051525303848
34.58	-5.98825402840561
34.59	-15.413256783428952
34.6	-20.21039294879288
34.61	-12.259894367807247
34.62	-7.524556666577382
34.63	-11.863532408956551
34.64	-7.0787812628243785
34.65	-4.7486379864583
34.660000000000004	-12.768102048171675
34.67	-20.270492420878263
34.68	-23.931785522268402
34.69	-25.501381198219732
34.7	-32.26516976831736
34.71	-37.65985025868867
34.72	-29.884653721450594
34.730000000000004	-20.8526195555992
34.74	-26.23971382299687
34.75	-29.730059462497355
34.76	-19.154537095177318
34.77	-9.648159934029298
34.78	-12.240237423306448
34.79	-22.40700046754048
34.800000000000004	-15.71582252429621
34.81	-16.435466563776952
34.82	-20.297821824533795
34.83	-19.963212081103528
34.84	-13.93154520988804
34.85	-13.395699876478789
34.86	-10.876801814973279
34.87	-6.64407828980829
34.88	-6.495534758045431
34.89	-4.99743186764062
34.9	-1.248948020756329
34.910000000000004	-1.4570823091038538
34.92	-2.2370676635965805
34.93	0.8783424536428074
34.94	11.340392945928937
34.95	5.179452975863109
34.96	4.95237987526898
34.97	20.52512178607147
34.980000000000004	8.774453486704529
34.99	13.172815875446934
35.0	18.88498942592249
35.01	24.29433223785272
35.02	24.392322555685585
35.03	11.732841214489753
35.04	8.334142987517964
35.050000000000004	9.663484665702708
35.06	11.617608835214515
35.07	14.250045597024295
35.08	12.031621169508375
35.09	17.83847699819722
35.1	26.56915958603274
35.11	22.928096698657235
35.12	18.564393926248414
35.13	17.155491676113435
35.14	1.6915046216748455
35.15	-5.073609678079452
35.160000000000004	-4.631344480937048
35.17	-8.674649455452226
35.18	-8.619714700229308
35.19	-13.284347824002065
35.2	-9.030648487395885
35.21	-5.7859877484049935
35.22	-1.872323949560541
35.230000000000004	-0.1507204761974747
35.24	-1.9684817679508126
35.25	-1.261954626925003
35.26	-1.7654152465638349
35.27	-0.29082302368558627
35.28	0.5504737321250947
35.29	-0.030816068543046186
35.300000000000004	2.341485932749076
35.31	1.323285595123131
35.32	-1.9515507518980737
35.33	-1.8541519296883204
35.34	-3.1096865530614513
35.35	-13.320252097682273
35.36	-7.701175905490972
35.37	-7.459080117644174
35.38	-7.690178154908212
35.39	-5.226512442644791
35.4	-4.516929943020137
35.410000000000004	-4.276150429166114
35.42	-2.9121265113147903
35.43	-3.8539346339856984
35.44	-3.4097553223541275
35.45	-2.5458275023606367
35.46	-1.7916826040506046
35.47	-1.0564016330736363
35.480000000000004	-0.6618399789065571
35.49	-0.5754032299484386
35.5	-2.2577264082439243
35.51	0.0070504006812349106
35.52	0.8369493177012295
35.53	-6.577147025830926
35.54	-8.754527643707398
35.550000000000004	-19.630331571617692
35.56	-22.54901015444378
35.57	-14.324669003194948
35.58	-10.789382633517182
35.59	-9.107252153036505
35.6	-4.859852489541637
35.61	-1.1524296734825912
35.62	0.29199148422759336
35.63	9.617352231301176
35.64	9.320755847835283
35.65	7.488007508840153
35.660000000000004	-1.4260462654167774
35.67	-0.33925556594465583
35.68	1.0468136674301083
35.69	0.9677132914294979
35.7	3.5718418811055708
35.71	7.1634983312429545
35.72	3.333718966228346
35.730000000000004	-1.273309715643153
35.74	2.1138323902616656
35.75	3.6333506180872144
35.76	4.033522128912546
35.77	3.0873820771646354
35.78	7.652837066153566
35.79	4.934574019955437
35.800000000000004	5.740300994402165
35.81	1.571555858251813
35.82	-7.123793543090677
35.83	-13.007749253349532
35.84	-8.06808993431409
35.85	-1.4183370506198056
35.86	0.6228401578424301
35.87	0.5569286638212858
35.88	-0.7129560921196276
35.89	-0.46044132520094444
35.9	-1.1592675515074455
35.910000000000004	-1.4875105575128735
35.92	-4.447826815226378
35.93	-3.8608705127485843
35.94	-4.094483316812129
35.95	-5.614867025740618
35.96	-2.4399684223921145
35.97	-9.030404447261006
35.980000000000004	-7.606015732746459
35.99	-6.656003985160964
36.0	-9.557094088603952
36.01	-6.537568910058388
36.02	-2.758133091215841
36.03	-9.235425097666102
36.04	-4.430907159919416
36.050000000000004	-7.741709438928662
36.06	-11.061272422380037
36.07	-8.905425540387743
36.08	-9.727794947712493
36.09	-8.939651699991716
36.1	-16.14525807383638
36.11	-6.562227794181207
36.12	-6.642884835756287
36.13	-10.03378227121622
36.14	-15.887452936698692
36.15	-8.376050872350692
36.160000000000004	-17.10677992789502
36.17	-14.820208452397498
36.18	-14.29269891622534
36.19	-11.786799633289567
36.2	-12.888214113275971
36.21	-20.398203550275014
36.22	-12.980348708540687
36.230000000000004	-15.559844325130538
36.24	-8.219177766879172
36.25	-2.6453872673637866
36.26	-1.769242135249779
36.27	-1.6020866046926483
36.28	-5.306496176711144
36.29	-3.474826326696017
36.300000000000004	-4.177896113020779
36.31	-4.091380927480288
36.32	-5.751303733007718
36.33	-3.3616663392914807
36.34	-1.341820218910916
36.35	2.278892135892253
36.36	9.160564698240389
36.37	10.308607812925821
36.38	7.541277892286355
36.39	3.5588209706961345
36.4	7.974988729399397
36.410000000000004	4.300818546930353
36.42	-0.3485647255547558
36.43	-2.987931253700491
36.44	-4.084077236972929
36.45	0.17600881995443984
36.46	-2.2543771208673675
36.47	-1.5832987786045778
36.480000000000004	0.2993807816699861
36.49	0.9858869338612122
36.5	-1.2298842416998208
36.51	-0.2779175620632404
36.52	2.0025897900129013
36.53	3.3337765164877124
36.54	2.829005092008104
36.550000000000004	4.536353235386833
36.56	7.881548664611224
36.57	0.7143916121083328
36.58	2.964610764282521
36.59	12.419481485706369
36.6	8.509635321234441
36.61	12.951438533289094
36.62	14.312534404105113
36.63	23.10367311275021
36.64	17.287583004823045
36.65	9.562992017128852
36.660000000000004	8.065588523724397
36.67	14.99022014527879
36.68	15.778844178307168
36.69	22.617813995512712
36.7	23.90399352524482
36.71	22.75508680937128
36.72	41.100036171542186
36.730000000000004	22.494731559753127
36.74	4.368025309675702
36.75	2.704541884598003
36.76	-0.5576643044766527
36.77	-1.8361138920622309
36.78	-0.9691863463013182
36.79	-3.558491112348079
36.800000000000004	-6.4978157408593855
36.81	-22.312858721035816
36.82	-23.75915403350428
36.83	-16.422680730602423
36.84	-21.356126924565842
36.85	-14.535243718581942
36.86	-9.696051582460626
36.87	-9.854257285093711
36.88	-19.075236580711575
36.89	-7.086220527588093
36.9	-9.7863427454457
36.910000000000004	-18.487506437951957
36.92	-21.029423758633417
36.93	-19.969717520061252
36.94	-28.38690137188758
36.95	-26.324755958095402
36.96	-24.782481456619898
36.97	-21.815556710900324
36.980000000000004	-16.814955899920626
36.99	-13.754343143246476
37.0	-4.564576705495751
37.01	-9.174150296611069
37.02	-6.090937174635497
37.03	-9.547148641526848
37.04	-8.855661237541057
37.050000000000004	-6.263629452512431
37.06	0.3629755489259715
37.07	-0.8003030498722671
37.08	0.912963666909587
37.09	4.829272344314968
37.1	3.272202485043851
37.11	3.278381020733647
37.12	3.0926610181665284
37.13	3.2166454307419996
37.14	5.262520818591946
37.15	3.1506669830233585
37.160000000000004	1.7502100643580927
37.17	0.6718384818818508
37.18	0.7188206324542588
37.19	1.9677764903480295
37.2	3.2221176709855195
37.21	-0.9437834064812388
37.22	-0.7266442894536111
37.230000000000004	-1.5380687547987075
37.24	-0.5782581983271531
37.25	1.8523851333316224
37.26	0.8592163775346557
37.27	-3.1212438090774985
37.28	-4.850756271237181
37.29	-8.667179999172744
37.300000000000004	-11.21249186501332
37.31	-9.232812264363508
37.32	-12.474417643875313
37.33	-10.283259484961315
37.34	-10.69434164566782
37.35	-12.79790050254307
37.36	-10.231235597459582
37.37	-2.6754894255762554
37.38	-17.273141294792094
37.39	-23.865860592484854
37.4	-23.32212616918206
37.410000000000004	-17.343656444969007
37.42	-10.96146699191043
37.43	-0.6393204482620294
37.44	-0.1485030177810575
37.45	1.8155171759915911
37.46	0.5370415394276634
37.47	3.2625203522324
37.480000000000004	0.43672469879099524
37.49	-0.41301144558723085
37.5	-0.559911026487625
37.51	-0.44788231626132796
37.52	2.6109029884837143
37.53	2.8487757873194846
37.54	8.230726996978017
37.550000000000004	15.041357833066575
37.56	11.522655269726302
37.57	8.395264299363141
37.58	16.078374618911596
37.59	16.84588907399866
37.6	7.657164940138685
37.61	8.39325760193289
37.62	17.891450439673054
37.63	5.8788053100047675
37.64	3.837787024791506
37.65	0.49182720744379416
37.660000000000004	-1.4584308562216377
37.67	-3.261370436674385
37.68	-2.5709477306196336
37.69	-1.1625062602633394
37.7	1.9405334307400457
37.71	5.5045902132735725
37.72	4.660671310056715
37.730000000000004	5.0674217317808665
37.74	1.1808748806516163
37.75	-1.4026289911814684
37.76	-1.1022054287626908
37.77	0.7867150115040854
37.78	-0.6886480234581654
37.79	-3.933456961856258
37.800000000000004	-7.532390941919217
37.81	-4.639770278306676
37.82	2.7305381577117713
37.83	0.27803275850126064
37.84	-4.174211279264866
37.85	-7.620618168698998
37.86	-1.1103973086288799
37.87	1.5350500348096134
37.88	5.99471829018616
37.89	11.038997744174115
37.9	26.268020275225364
37.910000000000004	31.226925188514635
37.92	27.36113082308195
37.93	21.256596028918956
37.94	20.133946038369835
37.95	18.083155672396444
37.96	19.86841061831025
37.97	13.55402492174182
37.980000000000004	8.396923202303146
37.99	1.8088710983126308
38.0	0.8679494375359645
38.01	9.594417362157673
38.02	13.649655414802734
38.03	10.582997826129294
38.04	5.961021575207795
38.050000000000004	10.24741850038965
38.06	-0.46132205949809896
38.07	-1.3690453564048726
38.08	-2.4925262153757313
38.09	-1.822770680506975
38.1	-0.8019729500016843
38.11	3.5089298435609435
38.12	3.9099493038507314
38.13	10.316313039706992
38.14	8.461239487428383
38.15	8.373091725117956
38.160000000000004	11.6832762627406
38.17	23.048812615888878
38.18	31.305854640440142
38.19	28.131353746218178
38.2	19.45289611875858
38.21	14.974012734044825
38.22	11.883446431037765
38.230000000000004	8.952301281550705
38.24	28.714524020248017
38.25	28.422614352182485
38.26	26.56435067822231
38.27	29.743276903982117
38.28	19.237153432753157
38.29	27.11380132075855
38.300000000000004	28.87883203832068
38.31	19.74397488302559
38.32	19.27740572326733
38.33	17.646487233972266
38.34	25.243946809011636
38.35	31.503575095712005
38.36	25.295210593668365
38.37	25.494745040584448
38.38	24.6367078992286
38.39	30.16388936721913
38.4	33.02257411964252
38.410000000000004	30.387152076643083
38.42	22.11313376113385
38.43	20.51955732844382
38.44	18.109716086137194
38.45	17.684533066184883
38.46	7.700906311797145
38.47	10.794670166063394
38.480000000000004	15.739684964476872
38.49	19.555009861131357
38.5	8.575044141689615
38.51	8.285156298036641
38.52	1.6715294160118124
38.53	-0.877185801080541
38.54	-6.767000419119047
38.550000000000004	-15.036718580851256
38.56	-22.490533229859345
38.57	-34.83597900609611
38.58	-27.447951887016703
38.59	-22.65350932316758
38.6	-21.864345813620105
38.61	-21.70882672092914
38.62	-14.701820611481889
38.63	-6.08914591529931
38.64	-1.6984508157879799
38.65	-0.3772111678344033
38.660000000000004	-0.34061594622284386
38.67	1.7505450492663601
38.68	5.513630919467748
38.69	1.156425007645923
38.7	3.349793649323068
38.71	6.836541367505571
38.72	6.346442776268019
38.730000000000004	8.700931439860566
38.74	15.15195396389246
38.75	1.904296742236751
38.76	-1.0145409846658178
38.77	-3.231219176383137
38.78	-1.6061072931890281
38.79	6.653496859433027
38.800000000000004	11.877424963499356
38.81	3.3070155950585516
38.82	-0.6738729028286838
38.83	-1.0483382303449544
38.84	3.3927270327469747
38.85	16.428091634222273
38.86	16.363181338677617
38.87	15.433478664245081
38.88	16.7107389838608
38.89	12.156877344871857
38.9	13.811006825710358
38.910000000000004	3.304549170900756
38.92	2.6593161355463555
38.93	3.2713289942897545
38.94	1.0020082066732552
38.95	-1.9521144566085185
38.96	0.0844143069950442
38.97	1.6294762573173482
38.980000000000004	2.398334293809488
38.99	2.0157983343309107
39.0	-1.0021767296545478
39.01	3.1438377417415144
39.02	19.928325238149444
39.03	27.453010722812568
39.04	40.85770312521403
39.050000000000004	27.875601653198856
39.06	14.370539361122278
39.07	11.192526266415785
39.08	7.785970428219884
39.09	0.5269345466676355
39.1	-0.15352467179782855
39.11	3.5161599489796096
39.12	11.638523593773902
39.13	14.427259207935956
39.14	13.640251365663222
39.15	11.410585259492256
39.160000000000004	12.511126329515923
39.17	11.559849638285058
39.18	12.599886675725687
39.19	21.063479064187934
39.2	19.741568577644998
39.21	22.912429463398396
39.22	28.910612553615312
39.230000000000004	17.006987846045067
39.24	22.751250951566536
39.25	21.70166616819872
39.26	28.738060194508336
39.27	28.517881269810477
39.28	21.837555934684527
39.29	20.629092924368063
39.300000000000004	16.187279995237642
39.31	14.98030174660159
39.32	13.917416442000789
39.33	14.197335103006042
39.34	18.929739129174664
39.35	19.16224909628589
39.36	15.613163613871604
39.37	12.009086636097797
39.38	10.237828960425256
39.39	2.027571220518732
39.4	-0.6401826976567249
39.410000000000004	-13.566949959076275
39.42	-21.249585817244622
39.43	-15.614888641980713
39.44	-8.457823505322294
39.45	-6.875862566545211
39.46	-6.752581892136578
39.47	-2.737318232585995
39.480000000000004	0.022520608887182686
39.49	-6.436304444996033
39.5	-3.110186368675793
39.51	1.6400763909777287
39.52	2.095905387484851
39.53	2.305311398892099
39.54	2.5636305818799796
39.550000000000004	0.8727282663285835
39.56	0.1251334998496859
39.57	-1.1206355264120875
39.58	-1.5874437587164727
39.59	-1.44012235194511
39.6	-4.744829495315364
39.61	-12.221701491964637
39.62	-19.283245227611378
39.63	-22.325478885155267
39.64	-12.713787039822945
39.65	-14.87257518906664
39.660000000000004	-15.568562336581905
39.67	-6.773955272753994
39.68	-2.0350092977569583
39.69	3.4574337252228005
39.7	2.198056876630992
39.71	1.8932758590795127
39.72	4.680986187207914
39.730000000000004	5.72616701157516
39.74	13.88661322852227
39.75	24.51248154236169
39.76	26.237128767462902
39.77	22.593620174725125
39.78	25.298616100691742
39.79	24.237450455549507
39.800000000000004	16.981519820450384
39.81	5.011999462853364
39.82	1.3461165473299679
39.83	-2.36281133590479
39.84	1.504720582237046
39.85	-3.147029730728588
39.86	0.08511950171169283
39.87	3.7522750129453137
39.88	-1.9319661417186127
39.89	-5.2424492456054805
39.9	-6.20238709219376
39.910000000000004	-8.855526708584648
39.92	-12.642383374999815
39.93	-13.18131922621838
39.94	-2.2658613388968507
39.95	-3.642833725556062
39.96	-5.411459494106529
39.97	-6.625132346472716
39.980000000000004	-23.704903681074242
39.99	-24.841926054111717
40.0	-18.17803073487706
40.01	-19.326662003133297
40.02	-19.49528624226047
40.03	-24.581581270424262
40.04	-36.770764709192164
40.050000000000004	-29.831363281252575
40.06	-30.427033593775413
40.07	-20.412000611066325
40.08	-24.722964739354214
40.09	-21.826265455687842
40.1	-14.254632617021167
40.11	-10.380942509765267
40.12	-15.322243643573703
40.13	-9.547105104623787
40.14	-18.313886058650947
40.15	-21.562654145049102
40.160000000000004	-14.530553611659316
40.17	-7.285912348074072
40.18	-5.980834783470311
40.19	-0.6294559402824136
40.2	0.4634321763417018
40.21	-7.48102365829655
40.22	-7.782630500239401
40.230000000000004	-10.431452081027105
40.24	-13.181574255227057
40.25	-18.433595473094645
40.26	-8.391922630147013
40.27	-8.21999395179752
40.28	-4.362117418278541
40.29	-2.0834714278986453
40.300000000000004	-4.225957774247535
40.31	-0.29863337083639463
40.32	0.7217212910234811
40.33	3.352032745530886
40.34	0.6012312652570232
40.35	-0.8602506857924267
40.36	-1.474565770301431
40.37	-0.8453056857647215
40.38	-2.534214728660611
40.39	-2.151657582116369
40.4	-4.800937991269179
40.410000000000004	-4.4830805345482725
40.42	-5.733795735034042
40.43	-4.897641875252266
40.44	-4.735859193987325
40.45	-5.471812338014767
40.46	-4.270396897398741
40.47	-1.5882083619631955
40.480000000000004	-0.48014697489196456
40.49	-1.6915744921019704
40.5	-2.3722729815121615
40.51	0.7186826171731546
40.52	0.9308561267466662
40.53	-1.7855442042658798
40.54	-0.19392099074823058
40.550000000000004	1.9825426389499339
40.56	1.867113340994148
40.57	2.0968875811659684
40.58	0.7440161020880468
40.59	0.09205682807679241
40.6	-3.839664948323029
40.61	-2.0492670273149987
40.62	-3.453259068009332
40.63	-9.980846335897871
40.64	-8.193173583020332
40.65	-8.22035011563353
40.660000000000004	-7.644165709754544
40.67	0.26523639300019847
40.68	0.8461628860192176
40.69	2.081574728515599
40.7	10.335029212847969
40.71	3.144517541798695
40.72	7.911628880681755
40.730000000000004	1.7046747566410476
40.74	3.938913403032018
40.75	0.7894623180786806
40.76	-2.2299465440892354
40.77	5.233671954722979
40.78	14.543610468913014
40.79	13.166848461460992
40.800000000000004	15.147973858732811
40.81	17.170449985145492
40.82	25.974571643389584
40.83	13.787841694110059
40.84	18.955762623417268
40.85	15.74980425567983
40.86	26.802447919438855
40.87	16.293920721186666
40.88	16.13926912339895
40.89	18.06538541587357
40.9	8.486370785098387
40.910000000000004	5.0421153969897174
40.92	3.9549112953967325
40.93	1.3584942149638664
40.94	-0.9450600487706831
40.95	1.4825693565595948
40.96	1.861319659750419
40.97	-3.256337660832936
40.980000000000004	-3.806748673959295
40.99	-1.883133923499739
41.0	-6.388714254743591
41.01	-3.4307258603600186
41.02	-1.2370016147741305
41.03	-2.572045976313208
41.04	-2.2098849191703365
41.050000000000004	-3.799317983877439
41.06	-23.094078872829737
41.07	-32.8502235525133
41.08	-31.09962456310111
41.09	-20.409522671093573
41.1	-14.204570736378608
41.11	-5.765459223876184
41.12	-5.241415082652148
41.13	0.23700024604697276
41.14	3.0829518000446035
41.15	6.74018809049121
41.160000000000004	0.34443965630906215
41.17	-2.61503685677335
41.18	-12.448191296783651
41.19	-30.818189480906288
41.2	-30.879665444552842
41.21	-31.602446917361075
41.22	-24.91488767378714
41.230000000000004	-18.316448396283512
41.24	-23.84115135393635
41.25	-11.482184963074683
41.26	-34.23629086425617
41.27	-25.36746191808859
41.28	-18.456883559525902
41.29	-21.98998313159429
41.300000000000004	-12.972224302602811
41.31	-23.4483424546983
41.32	-30.200936477724643
41.33	-38.80356698952718
41.34	-26.008911261518232
41.35	-21.06475762892816
41.36	-27.60711092622247
41.37	-19.18908857051843
41.38	-13.81730221790979
41.39	-7.925489935157962
41.4	-9.61867030742696
41.410000000000004	-11.364891892127332
41.42	-12.664380199430104
41.43	-17.599309144702925
41.44	-18.935483039804712
41.45	-16.47949276444962
41.46	-5.9827300280324955
41.47	-9.345025797452553
41.480000000000004	-9.602450273589051
41.49	-8.482893037741475
41.5	-8.702291870466919
41.51	-19.215904236869655
41.52	-24.233397624513294
41.53	-12.73622184273087
41.54	-12.617711057920374
41.550000000000004	-9.998582081461443
41.56	-10.645972047440795
41.57	-11.62326808845934
41.58	-6.326977576821073
41.59	-5.306178579909867
41.6	-8.086847194269875
41.61	-4.5424822527756294
41.62	-0.6525450142024348
41.63	-7.062197564449239
41.64	-12.702005866737373
41.65	-22.467979185402275
41.660000000000004	-23.95398344731134
41.67	-17.369868977377127
41.68	-24.556886727637185
41.69	-26.68009910921745
41.7	-19.05887906202953
41.71	-29.976394192636818
41.72	-32.44397757088102
41.730000000000004	-24.62374575110864
41.74	-17.52089064317213
41.75	-12.417602524974901
41.76	-8.486528293041484
41.77	-10.356278204914327
41.78	-5.005268248288884
41.79	-3.705926558013379
41.800000000000004	-2.2513003214580936
41.81	-0.1932979858969622
41.82	1.1288663830880783
41.83	-0.3945921371855027
41.84	-4.514855070973796
41.85	-5.954681141166024
41.86	-7.826854842031054
41.87	-9.673635861796955
41.88	-5.972575824634226
41.89	-2.3941229032125086
41.9	0.7461948036115985
41.910000000000004	0.35667607375913524
41.92	-3.79537833286548
41.93	-0.6314338613850244
41.94	-1.2756170024987281
41.95	-1.2115942747388184
41.96	-1.3215934944198267
41.97	-3.171587408060897
41.980000000000004	-4.704592552607111
41.99	-4.6969510961146215
42.0	-2.2693143835040015
42.01	-5.412189654488431
42.02	0.7007586308466058
42.03	-0.014028693359538654
42.04	-8.256143986230885
42.050000000000004	-3.2948819926933868
42.06	-3.2670854595162253
42.07	-12.365499568763473
42.08	-19.0101152114759
42.09	-19.49239058780357
42.1	-22.667174852521725
42.11	-17.994667862544087
42.12	-17.977425269714654
42.13	-21.616360929232215
42.14	-26.7408849552184
42.15	-28.49536459003092
42.160000000000004	-23.083841788843557
42.17	-9.717888580841679
42.18	-9.20938141337446
42.19	-0.6407778852095527
42.2	-3.4784157808491254
42.21	-4.863801982279165
42.22	-4.982790666461556
42.230000000000004	-9.268840102562669
42.24	-3.597272599153369
42.25	-1.851200588654077
42.26	-0.44359928944894295
42.27	-1.0077097220535731
42.28	-0.4559719821200488
42.29	0.5884495135202806
42.300000000000004	-1.4952140699312824
42.31	-0.4111465850798941
42.32	-1.6219699674328327
42.33	0.2446844344335355
42.34	-0.7698709365124945
42.35	-4.604803746455895
42.36	-2.4087881838145977
42.37	-8.213885552194878
42.38	-5.979399288668495
42.39	-20.95893920102196
42.4	-33.096007245297734
42.410000000000004	-21.313261393831315
42.42	-27.089520382920455
42.43	-22.038992132551435
42.44	-29.17103504338515
42.45	-35.01394273016566
42.46	-39.197079167722755
42.47	-25.75004767338231
42.480000000000004	-24.531769956219847
42.49	-31.64403682102421
42.5	-31.323757732194927
42.51	-21.131175085827607
42.52	-8.150486117029764
42.53	-8.466062637679782
42.54	-3.877877750614317
42.550000000000004	-1.4254931570454117
42.56	-1.2060971168674572
42.57	-2.561956571785966
42.58	-3.781210164486627
42.59	-6.80795031910363
42.6	-16.54789362752453
42.61	-16.680617158401716
42.62	-8.182806649300739
42.63	-2.907322575412381
42.64	-0.023585369803722875
42.65	0.6204339865781004
42.660000000000004	1.3702636213104251
42.67	1.0266279128049614
42.68	4.059337871725798
42.69	13.26124066878699
42.7	16.424714255039426
42.71	19.45942325435238
42.72	18.995679069921234
42.730000000000004	21.86837760205423
42.74	24.7375216849763
42.75	22.733119550234516
42.76	19.9733493009971
42.77	27.323031335672386
42.78	19.673548239440592
42.79	15.648353493986978
42.800000000000004	10.769387325223569
42.81	13.224246665667527
42.82	22.218227931821772
42.83	28.35234695362875
42.84	17.604226513058688
42.85	10.091393429416511
42.86	6.837987287971123
42.87	7.033887036217387
42.88	7.509132943932994
42.89	17.19568711392595
42.9	12.442001019985199
42.910000000000004	13.333402510330638
42.92	16.741105210837652
42.93	14.274492012175829
42.94	8.0671460559476
42.95	8.02193812053064
42.96	8.668560915560526
42.97	9.92498305948536
42.980000000000004	2.263620072832306
42.99	6.796453742349987
43.0	11.904270397657653
43.01	3.66024291532666
43.02	3.9505233371258766
43.03	1.1719003088646127
43.04	4.172970687615198
43.050000000000004	3.7079260997883883
43.06	5.477375867002382
43.07	6.245228834485464
43.08	7.644994393495282
43.09	7.084966198587431
43.1	1.983686907120112
43.11	0.16420677176217843
43.12	-3.5521996619564145
43.13	-1.9345079401987129
43.14	0.37562262232711685
43.15	-1.7698712216892163
43.160000000000004	-4.323228986014215
43.17	-5.176856041461122
43.18	-8.390449705918721
43.19	-12.526846539797852
43.2	-9.40670883777007
43.21	-9.75505879416518
43.22	-13.157523473559822
43.230000000000004	-22.58989017985423
43.24	-21.554717788154885
43.25	-15.354676392829484
43.26	-10.91337361964556
43.27	-12.454677807833999
43.28	-9.96570924511404
43.29	-8.644169074262571
43.300000000000004	-3.1767722172521373
43.31	-16.479698355335213
43.32	-15.634552586031644
43.33	-5.630443380500718
43.34	-4.377705318932635
43.35	-13.672733894931705
43.36	-30.70048201323477
43.37	-34.017241987875515
43.38	-36.42806987697584
43.39	-23.930667605492307
43.4	-1.5493328839764149
43.410000000000004	-2.7080362136179112
43.42	-2.842510624229037
43.43	-1.3056507691178323
43.44	-2.3999535903381073
43.45	-5.959744345887721
43.46	-8.06245223663806
43.47	-8.476543076605962
43.480000000000004	-4.116929970650165
43.49	-7.001889459334868
43.5	-7.974930062382465
43.51	-5.262431935903982
43.52	-8.790894555776404
43.53	-17.37219788437053
43.54	-17.321060416497986
43.550000000000004	-18.069791977849857
43.56	-22.377898588323248
43.57	-11.2606833979762
43.58	-18.54469453344227
43.59	-25.441657210679356
43.6	-31.56691989400584
43.61	-21.7700486885308
43.62	-18.543153433712053
43.63	-16.631962367923148
43.64	-10.736947667732865
43.65	-17.140491823340703
43.660000000000004	-13.623750457541327
43.67	-10.882306831020541
43.68	-16.120866974513053
43.69	-8.11122127172651
43.7	-2.9738753374728053
43.71	0.822294131738891
43.72	-0.3437707154768771
43.730000000000004	-0.6428382865488722
43.74	-2.6114337446236338
43.75	-6.112728575348008
43.76	-6.308048740849385
43.77	-3.770639856817011
43.78	-12.42620868916749
43.79	-2.0183020743409936
43.800000000000004	-3.220970279297283
43.81	-2.455172210246927
43.82	-1.1302526874465846
43.83	0.30573112972882655
43.84	-8.884093583478204
43.85	-15.313436810385555
43.86	-13.876633946200185
43.87	-8.173412642333547
43.88	-0.012531016941527825
43.89	-1.1830668948159364
43.9	-1.3200207456663404
43.910000000000004	-1.728367631969923
43.92	-7.555646132968357
43.93	-2.9845660497413085
43.94	-1.225611958367593
43.95	-1.443002721949969
43.96	-2.928291871718402
43.97	-3.029970374262927
43.980000000000004	-4.9379856934507265
43.99	-1.0358895815332876
44.0	-5.0792713498438165
44.01	-5.432100317832872
44.02	-6.489908017021592
44.03	-5.397044350682159
44.04	-3.889529506068327
44.050000000000004	-4.351305208816412
44.06	-4.068455558718023
44.07	-2.4479577515504993
44.08	1.3913803121780761
44.09	1.716961830858984
44.1	2.042543349539661
44.11	0.8128689864563631
44.12	-0.8445086558932062
44.13	-5.866369790619361
44.14	2.6395501216456814
44.15	2.439395366670314
44.160000000000004	-1.5273804961173456
44.17	-5.1042274701011445
44.18	-10.413388900470663
44.19	-17.26754234281562
44.2	-8.624818224744438
44.21	1.5609895203812294
44.22	0.8583402889341158
44.230000000000004	-0.22445224780835335
44.24	-0.8746203552581305
44.25	1.8541817135180942
44.26	1.250213567509357
44.27	3.2739708380234034
44.28	2.1565162629119867
44.29	0.3058361405882925
44.300000000000004	1.1774141616792522
44.31	4.783534635865266
44.32	0.9909914142673711
44.33	-1.901831151705163
44.34	3.9271114822901976
44.35	0.710316540258789
44.36	-1.2013839673922606
44.37	0.09191364481947145
44.38	1.139190525954471
44.39	4.7895290154467505
44.4	7.060433315360016
44.410000000000004	9.14304839037558
44.42	25.50298444682483
44.43	13.846589032600837
44.44	14.043078322385687
44.45	18.58619526548946
44.46	19.553077323290243
44.47	34.317418902448814
44.480000000000004	27.34464482579355
44.49	14.515511250435464
44.5	5.650600582289315
44.51	23.949679552935674
44.52	14.24678036613096
44.53	6.247854993605456
44.54	4.59232898675391
44.550000000000004	0.17634179529582375
44.56	-1.1841529826787502
44.57	2.170468642915947
44.58	1.1283844399351242
44.59	3.841188302591632
44.6	6.461789411613764
44.61	8.343107427124712
44.62	5.952535732239802
44.63	4.738464066431046
44.64	17.074567095635633
44.65	11.384449316268194
44.660000000000004	11.647860482857313
44.67	3.7762580770977605
44.68	-0.49319314840199585
44.69	-1.9324836170088735
44.7	-1.972249445684832
44.71	0.3709462729035065
44.72	3.2642422091316248
44.730000000000004	14.594094541293416
44.74	6.221206150904728
44.75	5.925344039858103
44.76	8.054789875385518
44.77	18.471576328751816
44.78	26.444943585564896
44.79	25.093242536894376
44.800000000000004	24.40618678141586
44.81	17.202255108718347
44.82	18.054094880971547
44.83	16.510181580230206
44.84	29.519608703944645
44.85	33.39834678760327
44.86	24.851608030611985
44.87	25.235126674011557
44.88	17.39015771386042
44.89	23.251669228065104
44.9	16.47035285143759
44.910000000000004	12.151703210814507
44.92	6.937434992550104
44.93	2.787504590492071
44.94	2.4344746882083226
44.95	9.878682565535238
44.96	16.971472366540908
44.97	31.758520265180454
44.980000000000004	28.67088309372418
44.99	22.57720237626304
45.0	17.96970907356576
45.01	14.57588381188842
45.02	16.522342762224792
45.03	15.137007623197018
45.04	14.050907535024228
45.050000000000004	14.026822669235637
45.06	11.417111765937419
45.07	10.467728165615586
45.08	6.569577978370983
45.09	10.06846273711397
45.1	5.721243937276803
45.11	0.40036716908951975
45.12	-1.4868215611854143
45.13	-2.3725887108283397
45.14	-1.900459598571217
45.15	-1.581137130478666
45.160000000000004	-4.783343845869836
45.17	-4.02608811893099
45.18	-7.27657808681527
45.19	-1.6637977072305297
45.2	1.5534871238777912
45.21	0.1966376474666832
45.22	0.11151826074684155
45.230000000000004	4.379599550898047
45.24	10.284730070020068
45.25	7.309940882909736
45.26	11.899622141860617
45.27	4.011840195051735
45.28	2.32324443218516
45.29	0.24762765179603224
45.300000000000004	2.38849376662987
45.31	1.3832178687824288
45.32	2.3361583358930056
45.33	10.793081240393409
45.34	5.191862299097098
45.35	1.109110279430666
45.36	2.984512083216385
45.37	3.133749853452762
45.38	1.227867428541472
45.39	-1.324854747687908
45.4	0.31095107446773024
45.410000000000004	-0.2889465726989971
45.42	-5.290198309730474
45.43	-3.919641429612233
45.44	-0.7858797858670808
45.45	-4.675114526044863
45.46	-20.56084190992119
45.47	-13.402858288169421
45.480000000000004	-4.205712137880709
45.49	3.652551542920571
45.5	7.958233534015839
45.51	14.11717704667181
45.52	19.981003410681502
45.53	12.045569778108343
45.54	3.128108118440135
45.550000000000004	2.115693816848485
45.56	16.47580816788031
45.57	23.286560684916246
45.58	21.11189123556321
45.59	9.065170353377571
45.6	5.985131702975527
45.61	3.583219947948594
45.62	3.3388786299257562
45.63	3.9938246932386883
45.64	8.327135653114263
45.65	9.220591325447643
45.660000000000004	9.756856513580907
45.67	11.122646059480761
45.68	14.737379594503487
45.69	9.892258360037012
45.7	4.385026038778832
45.71	5.179497702705482
45.72	5.73811650469058
45.730000000000004	8.053222898791557
45.74	8.72586330096559
45.75	16.255016222273802
45.76	23.264389454566533
45.77	19.623199644118188
45.78	22.7286376493598
45.79	15.031148718951098
45.800000000000004	14.480583659158889
45.81	13.86454996133895
45.82	12.557286447701431
45.83	4.8270562035206614
45.84	10.939790395038635
45.85	4.114789263684658
45.86	7.388863708892922
45.87	2.966395209286308
45.88	1.2110206652708206
45.89	0.24988609564395753
45.9	3.228192848492047
45.910000000000004	4.602427846207932
45.92	2.0844786428073445
45.93	1.8569065543792656
45.94	5.944528506860051
45.95	6.6156353632183125
45.96	4.524029267695782
45.97	8.06949103591018
45.980000000000004	9.158753656793358
45.99	4.339334031918503
46.0	0.7226435826092383
46.01	-0.7897637951204027
46.02	0.06828698042235096
46.03	-2.2658916051884366
46.04	2.4927271337594332
46.050000000000004	8.617538510711597
46.06	7.310868771866401
46.07	13.637115740580526
46.08	18.19553166216092
46.09	13.441098843478516
46.1	6.633962015802247
46.11	5.855375660225596
46.12	12.849725854741065
46.13	9.825044060666576
46.14	17.09093647938073
46.15	22.12780624904848
46.160000000000004	22.836619901077672
46.17	28.588739747947365
46.18	31.599498743526873
46.19	20.06821511169882
46.2	9.8551225505316
46.21	8.01148778367861
46.22	5.82690496048796
46.230000000000004	8.187336752124232
46.24	11.492174225104966
46.25	21.02409204008496
46.26	11.003224461353113
46.27	7.681516687264313
46.28	3.0584912575584378
46.29	4.046071105908195
46.300000000000004	2.8785265612307906
46.31	2.1250152592709566
46.32	-0.7564703026336421
46.33	-3.182366799779034
46.34	-9.881872688651722
46.35	-8.128722348133708
46.36	-9.30514281112554
46.37	-5.843144926466567
46.38	-18.759932797936155
46.39	-16.418387377098377
46.4	-15.132525524682917
46.410000000000004	-25.66548926091824
46.42	-19.67273749837932
46.43	-20.222859696808406
46.44	-28.17130117971573
46.45	-27.341050431109753
46.46	-18.638213291910702
46.47	-21.563206294977554
46.480000000000004	-27.30151432036263
46.49	-16.25559324497597
46.5	-14.472199546563672
46.51	-13.42442708760181
46.52	-0.39002421746003224
46.53	0.26506049609738114
46.54	0.4497017069207027
46.550000000000004	2.271534224616234
46.56	-0.39657831921489195
46.57	0.1726501474717167
46.58	3.77553535744846
46.59	4.781247653074546
46.6	4.34755319170599
46.61	3.6592833556488578
46.62	3.6180379731656678
46.63	1.1905606372069824
46.64	4.545118739190667
46.65	2.6144848569756065
46.660000000000004	3.0205039365021786
46.67	7.401850822705136
46.68	2.5825076425963904
46.69	-1.4126651810745667
46.7	-0.18230777257683597
46.71	1.9370429292259186
46.72	6.106154401375211
46.730000000000004	4.41892926180913
46.74	9.039340850756844
46.75	4.483371863967821
46.76	3.953331269241089
46.77	2.5540319368067514
46.78	5.359228586235598
46.79	3.875893111171411
46.800000000000004	6.330185136934361
46.81	5.29033926050492
46.82	6.083872157568687
46.83	7.567383689644335
46.84	15.172999875325093
46.85	16.56099005289497
46.86	16.958036712262555
46.87	22.355677472937884
46.88	27.824063270109633
46.89	15.094022233398194
46.9	1.995812267519439
46.910000000000004	1.6629067683073522
46.92	0.09384413466190092
46.93	-2.0495321617945925
46.94	-5.641624664302421
46.95	-7.730063447064401
46.96	-7.310783219081168
46.97	-3.0140860743339744
46.980000000000004	-1.8705466997615108
46.99	-2.7548259667314943
47.0	-4.1098048169118355
47.01	-1.5529223984581455
47.02	-1.1753456679817138
47.03	-4.202075932301332
47.04	-5.256540280910416
47.050000000000004	-2.54746769227625
47.06	-1.4717217571853396
47.07	-1.3594156543809004
47.08	2.5756783372498084
47.09	2.710596414262417
47.1	1.0414366221046314
47.11	4.94062350078336
47.12	8.812351664300143
47.13	1.3658892942015728
47.14	4.666631652957663
47.15	3.813922630354925
47.160000000000004	2.468749006726098
47.17	1.650627080305133
47.18	1.8806626947705158
47.19	1.8653747714397662
47.2	1.8215034630466052
47.21	6.273388574886521
47.22	5.412168061502316
47.230000000000004	2.938023218529018
47.24	2.473008268441707
47.25	1.6858313285111899
47.26	1.1166479561463587
47.27	2.7756614376090023
47.28	-1.4947603533935938
47.29	0.2718887810515447
47.300000000000004	-0.07625123959353386
47.31	-2.168064495935291
47.32	-6.136313161633937
47.33	-8.89368350315565
47.34	-2.919295556827847
47.35	-2.5385297266110136
47.36	-3.6135981424253703
47.37	-1.6466513509182819
47.38	-0.5657355462461471
47.39	-7.344364375489459
47.4	0.23664981182210826
47.410000000000004	1.6367422854363074
47.42	2.0243797389673226
47.43	11.590632953992401
47.44	5.362769356154286
47.45	7.799251950738885
47.46	17.71977208507051
47.47	17.22784083067874
47.480000000000004	9.322382636426921
47.49	7.630218781910901
47.5	7.93672805958272
47.51	8.438301152348286
47.52	3.485380999722315
47.53	1.8285505349471238
47.54	6.217849086195403
47.550000000000004	3.2897109876067208
47.56	1.071874970678817
47.57	1.8068343845707773
47.58	-2.240262937654219
47.59	-4.891858780291029
47.6	-4.843276159658893
47.61	-3.5496268900155803
47.62	-0.2620307253778199
47.63	0.4919291557703248
47.64	-0.6547406437160298
47.65	3.4877057741790605
47.660000000000004	5.583164312633734
47.67	9.181323079338869
47.68	9.307311936803588
47.69	2.8234606003708844
47.7	2.6943888169933765
47.71	-0.19569474616881716
47.72	1.5483706188509843
47.730000000000004	-0.6075493108829406
47.74	-3.3570709692779683
47.75	-1.8791160945659335
47.76	0.2755065743627823
47.77	1.090763379615772
47.78	0.6058379108953764
47.79	2.9441285701867637
47.800000000000004	2.6201603978935313
47.81	3.705525410921081
47.82	7.07174341598928
47.83	9.9785596791419
47.84	11.792877632813244
47.85	30.675317999950618
47.86	32.834836189686
47.870000000000005	32.19647592688861
47.88	30.42400801893
47.89	16.440291875959467
47.9	8.758606586595503
47.910000000000004	6.511327952959154
47.92	1.0553092893298681
47.93	1.5480686813322502
47.94	-3.2576252982816962
47.95	-4.208579207040708
47.96	-0.4545103952591489
47.97	0.5792484922369829
47.980000000000004	1.751900146304807
47.99	0.9946686923335007
48.0	4.562142822427368
48.01	5.500442711413392
48.02	5.927191878431278
48.03	2.573450950569339
48.04	0.8527521621295155
48.050000000000004	3.6178258117706923
48.06	5.246698622602218
48.07	3.4614489616721937
48.08	3.1882651078897757
48.09	2.4049541289771765
48.1	2.7171701521307403
48.11	5.505107468412627
48.120000000000005	6.608389633554108
48.13	11.10402580715541
48.14	17.342526209802024
48.15	12.49929339942645
48.160000000000004	9.178454801898466
48.17	11.078168271017324
48.18	9.710858366054198
48.19	13.431735313232982
48.2	0.8909108490700139
48.21	-4.578724776835344
48.22	-1.3284870775351525
48.230000000000004	-5.9593676473384445
48.24	-0.06967210445184178
48.25	-0.2383800308596778
48.26	-0.5356193917628534
48.27	-0.11543189128724224
48.28	2.5749235235916554
48.29	0.7030216969572031
48.300000000000004	1.0827123687364706
48.31	19.59943106428516
48.32	21.304345187374814
48.33	16.454520233146127
48.34	12.245828928828638
48.35	8.806906247350438
48.36	2.6694258942858937
48.370000000000005	1.664858036965979
48.38	-0.4688656723665461
48.39	-7.175018403163917
48.4	-12.492761146242538
48.410000000000004	-7.416655409908007
48.42	-16.16024273543169
48.43	-27.104982405361454
48.44	-32.017743760920695
48.45	-27.78645172747998
48.46	-18.06442144041375
48.47	-19.039406920313823
48.480000000000004	-26.691885673588093
48.49	-29.276722380043108
48.5	-22.79906777804387
48.51	-16.686851672031395
48.52	-12.392669973061016
48.53	-5.390613207891423
48.54	-0.5364513263095043
48.550000000000004	-4.665686730321422
48.56	-4.651635065140146
48.57	-0.599957388503359
48.58	0.5449535191590833
48.59	7.222044406096191
48.6	10.548134548845427
48.61	12.550046122275562
48.620000000000005	12.77212735589502
48.63	13.072388579356929
48.64	3.4680423212291354
48.65	2.5271731144898792
48.660000000000004	-1.7656000138297094
48.67	-3.705035509387272
48.68	-5.555960931295577
48.69	-4.574808002597643
48.7	-4.155405838639922
48.71	-4.318398282971709
48.72	-2.6930251103814378
48.730000000000004	-6.954874811720386
48.74	-10.904764453985251
48.75	-1.8136593049326188
48.76	-2.425546930006579
48.77	-2.605458118907449
48.78	-5.969959659872479
48.79	-3.7270955146771985
48.800000000000004	-8.457313545280885
48.81	-13.3901429692104
48.82	-16.632756803915235
48.83	-13.508205020287644
48.84	-12.029480906953811
48.85	-9.052090625985326
48.86	-27.304051871397363
48.870000000000005	-22.145727705961473
48.88	-14.603602960729482
48.89	-11.188127227554439
48.9	-3.8584376511367835
48.910000000000004	-3.374952139772069
48.92	-5.061536963289828
48.93	-7.433225206850135
48.94	-18.08169325076282
48.95	-19.135277755395144
48.96	-19.209069712387297
48.97	-12.288302844273622
48.980000000000004	-12.888340115555105
48.99	-5.907861464788145
49.0	-6.098576106603449
49.01	-8.835337208048674
49.02	-14.348881536540677
49.03	-30.36201742130594
49.04	-27.48004386175685
49.050000000000004	-18.2436752905405
49.06	-21.102446941743473
49.07	-18.140231309633894
49.08	-17.80306573264045
49.09	-18.269695831229235
49.1	-10.366797287878628
49.11	-0.978694815110614
49.120000000000005	-1.3897015821528347
49.13	-0.6332181928549064
49.14	0.187398385960902
49.15	1.892646663226545
49.160000000000004	3.5978949404933993
49.17	0.2903056309302407
49.18	0.7390090345333756
49.19	5.938180885852287
49.2	18.581455550527206
49.21	44.03745396575893
49.22	34.09421832463916
49.230000000000004	33.06301504559253
49.24	29.324275114238528
49.25	24.703322808340307
49.26	20.56734931561248
49.27	12.19376669781548
49.28	10.358863937062843
49.29	20.91127832176822
49.300000000000004	16.371216520687952
49.31	6.640505174219852
49.32	18.72208227265517
49.33	27.045921800406024
49.34	14.794330806846588
49.35	15.136119227971518
49.36	14.683767530821248
49.370000000000005	23.448654702631302
49.38	28.119323787158553
49.39	30.257557193180876
49.4	18.608415955575474
49.410000000000004	31.262391318669795
49.42	26.44448945063114
49.43	21.858257268563925
49.44	17.828976922163008
49.45	24.64789243557578
49.46	16.670473942329238
49.47	15.343247131886246
49.480000000000004	6.872929536616543
49.49	9.704104464779514
49.5	10.6915738254378
49.51	26.074326834143445
49.52	23.73857992500692
49.53	30.981917889905297
49.54	34.13524079649198
49.550000000000004	30.447161570384218
49.56	29.033889601681217
49.57	25.678073463820077
49.58	27.71362145360339
49.59	26.193113458500267
49.6	23.087537003156967
49.61	23.597866095391872
49.620000000000005	18.22100248907309
49.63	20.12173454409452
49.64	28.70407371745473
49.65	13.818392535780992
49.660000000000004	12.220820826181429
49.67	15.143957214876743
49.68	5.958986432798557
49.69	-0.05345654900506608
49.7	-6.7542444835749755
49.71	-3.224490605393423
49.72	-6.628188068664912
49.730000000000004	-9.107618913241447
49.74	-20.098064885331507
49.75	-16.70263735952883
49.76	-27.741321695354852
49.77	-22.846737222659097
49.78	-31.060132800009466
49.79	-35.79469097303618
49.800000000000004	-33.66079893816345
49.81	-30.85983543310204
49.82	-36.53329876687015
49.83	-27.76829926049459
49.84	-16.009543832243267
49.85	-11.877717126582482
49.86	-3.0005217714964885
49.870000000000005	-3.852799231081905
49.88	-5.0184541480794564
49.89	-9.249359787318022
49.9	-7.017494604802091
49.910000000000004	-6.594414825154591
49.92	-22.492827442459685
49.93	-27.17431976103589
49.94	-26.677848328461934
49.95	-36.39985182943643
49.96	-25.421439891427998
49.97	-28.457451001971528
49.980000000000004	-37.48945532424322
49.99	-34.19087161905789
50.0	-35.160228706881945
50.01	-21.756658195052697
50.02	-14.458051056052323
50.03	-6.980708179799515
50.04	0.023850636323314228
50.050000000000004	1.3113856699525392
50.06	5.554127939384524
50.07	5.790879915972805
50.08	1.8562590494060094
50.09	-1.4529858592377676
50.1	-1.026597595695447
50.11	-4.9806749513210145
50.120000000000005	-6.094814854901214
50.13	-1.7197835966933737
50.14	-3.1474228206694104
50.15	-5.423447198586615
50.160000000000004	-1.7728424988265563
50.17	-4.311561766132772
50.18	-4.500283447809747
50.19	-7.999543321873807
50.2	-5.28489878545488
50.21	-5.736701791840581
50.22	-6.144007404437167
50.230000000000004	-4.428304757091925
50.24	-1.6727079539623477
50.25	1.20382493882219
50.26	3.779429878464865
50.27	4.915050687312587
50.28	-1.1614781676539392
50.29	0.22114387895413526
50.300000000000004	-0.45194120353210815
50.31	0.9104593391897464
50.32	2.4880003895182394
50.33	4.444880800404405
50.34	-0.7628425102434544
50.35	2.347646083754074
50.36	4.623260493743258
50.370000000000005	3.76563696265156
50.38	6.58346265772745
50.39	10.87046249351694
50.4	16.377935216002246
50.410000000000004	34.22321207731907
50.42	42.616692944946784
50.43	27.637549509766828
50.44	17.03897200349
50.45	5.062896946080817
50.46	3.538838454835485
50.47	9.32192315472523
50.480000000000004	12.116139712908195
50.49	24.322445991795156
50.5	24.762672259372142
50.51	24.294770531574038
50.52	18.041225931063288
50.53	11.490538463608845
50.54	15.612572170729358
50.550000000000004	32.978770943087795
50.56	23.420701371246167
50.57	25.626503621123586
50.58	20.52119990500491
50.59	34.94598389210737
50.6	29.76723909534092
50.61	25.1192371121464
50.620000000000005	19.863463604802384
50.63	13.461922011750973
50.64	8.016418705677514
50.65	16.579967233975616
50.660000000000004	13.249515710432105
50.67	6.229093471927189
50.68	4.969277923720178
50.69	1.689007117094227
50.7	0.9149180290223099
50.71	1.1987334326020784
50.72	0.04222635787354544
50.730000000000004	2.3208396555371267
50.74	4.455980846993458
50.75	1.4855505961178501
50.76	-6.319460571581973
50.77	-13.092529946849572
50.78	-14.578672232082946
50.79	-10.947475065880672
50.800000000000004	-3.2955573901917665
50.81	0.5232523025837429
50.82	-1.8534951111876778
50.83	-5.564688814057205
50.84	-6.303734386030272
50.85	-5.177369007365446
50.86	-3.413156010820909
50.870000000000005	-7.790099525500232
50.88	-11.933175846743518
50.89	-13.038853727595797
50.9	-4.089483362736393
50.910000000000004	-0.4003364927926443
50.92	-2.0537720120277476
50.93	-1.963439931809632
50.94	2.6286881778317763
50.95	0.9541984063247577
50.96	4.715291791601594
50.97	5.105162854664767
50.980000000000004	5.06081888905067
50.99	2.002452630351832
51.0	4.891442327974931
51.01	6.859766967218775
51.02	5.945091514768415
51.03	3.7451680915248184
51.04	11.847440360241723
51.050000000000004	7.914452047228211
51.06	10.621022725871958
51.07	9.897860621167121
51.08	12.46332797450983
51.09	9.762397445736134
51.1	9.03736549007968
51.11	1.3206151745151444
51.120000000000005	-2.201780640413551
51.13	0.913755736311134
51.14	3.7888281659584298
51.15	6.972557696797841
51.160000000000004	6.354797526192933
51.17	6.061046787068526
51.18	6.0221807193675545
51.19	12.94337600072088
51.2	8.484173903004077
51.21	6.54082134745041
51.22	5.2771430842677205
51.230000000000004	2.9117200807032155
51.24	5.667261358945774
51.25	4.310818993669629
51.26	13.586150940002538
51.27	10.788063323395116
51.28	7.895931386363391
51.29	12.661327960343643
51.300000000000004	12.791403043196858
51.31	2.9412070380871933
51.32	1.4351371796108072
51.33	2.6893724519007933
51.34	1.181708405379534
51.35	-4.294368978286247
51.36	-5.384863272137398
51.370000000000005	-9.396060145275653
51.38	-9.269875436944101
51.39	-18.603143929347347
51.4	-26.181058415062914
51.410000000000004	-33.573551374249696
51.42	-35.20304840262063
51.43	-27.958709216234006
51.44	-30.298663521234992
51.45	-27.596099317822578
51.46	-22.31883181343357
51.47	-25.25692311511511
51.480000000000004	-28.66578251863493
51.49	-24.558049034343053
51.5	-23.364715537932522
51.51	-37.74193332521505
51.52	-44.824606113138096
51.53	-45.49918308046517
51.54	-37.08843919502698
51.550000000000004	-34.41719123629957
51.56	-30.94757661404125
51.57	-23.983213513152055
51.58	-14.943837324230671
51.59	-17.48750395487745
51.6	-19.39044525476638
51.61	-12.081075066953744
51.620000000000005	-37.776972559436885
51.63	-35.569446328862774
51.64	-28.80107099364023
51.65	-32.353803355341476
51.660000000000004	-34.622261567680304
51.67	-44.729831628744265
51.68	-32.52530032868192
51.69	-13.342457639789854
51.7	-12.672204735157667
51.71	-15.731438509335053
51.72	-19.237456424196687
51.730000000000004	-22.555634261124197
51.74	-17.54563731890211
51.75	-17.67468096605682
51.76	-28.46148780880949
51.77	-30.919049805882725
51.78	-37.46512114944258
51.79	-27.04175871320831
51.800000000000004	-32.6769731153229
51.81	-25.430765025902627
51.82	-26.885949653959752
51.83	-26.116704424195483
51.84	-28.092036621522954
51.85	-31.11945419472713
51.86	-24.92096031064623
51.870000000000005	-26.858459154684038
51.88	-27.716206586729783
51.89	-26.605349327465124
51.9	-28.15707453008717
51.910000000000004	-23.649957813176687
51.92	-29.14411875316938
51.93	-34.10989784705728
51.94	-36.04460306841423
51.95	-28.638624769949566
51.96	-22.513572712641537
51.97	-11.22374951669608
51.980000000000004	-7.3466363347497925
51.99	-16.66506971634021
52.0	-10.432223379444418
52.01	-18.104089038687093
52.02	-18.355281739280777
52.03	-10.881103743687357
52.04	-8.737479750898288
52.050000000000004	-1.4965144927666758
52.06	-2.484587537957862
52.07	-3.6972692950498574
52.08	-2.477813745197363
52.09	-0.8402954985991231
52.1	0.9751145476918546
52.11	0.4093349990007713
52.120000000000005	-0.7072940772453362
52.13	-0.06355531946696043
52.14	-2.916618818781496
52.15	-5.832172961620202
52.160000000000004	-0.8980760397008775
52.17	-0.3144023824160394
52.18	1.4865499682125884
52.19	3.5439631528748845
52.2	-2.529138794042456
52.21	-5.198217115347908
52.22	-5.938293067421749
52.230000000000004	-4.392822218578437
52.24	-3.4171254604866235
52.25	-3.134216069311359
52.26	2.5266397566243644
52.27	10.412850651032564
52.28	14.07148477579532
52.29	12.506396860542358
52.300000000000004	19.058998977664807
52.31	15.412535489694118
52.32	12.053627584772812
52.33	14.772723463178481
52.34	21.151370469237893
52.35	14.050256509185525
52.36	13.442599715013472
52.370000000000005	18.881796623138026
52.38	28.6466861865487
52.39	20.89438921977821
52.4	9.691661900189294
52.410000000000004	7.4443019971319515
52.42	4.201732933019072
52.43	8.158390503141028
52.44	6.359203197943769
52.45	14.323511744165888
52.46	18.173718977772555
52.47	33.02494355385902
52.480000000000004	20.558337058003232
52.49	25.659938705767633
52.5	25.134858384721877
52.51	29.06894584277379
52.52	36.71834376173603
52.53	32.63399276092039
52.54	46.092165631254325
52.550000000000004	34.350240969720176
52.56	28.79426314742038
52.57	26.478639807023615
52.58	26.23290130627377
52.59	29.395286566425654
52.6	26.05050563398642
52.61	21.77397420494404
52.620000000000005	19.015579281777057
52.63	21.405885577200003
52.64	30.01151907935069
52.65	27.737300497827494
52.660000000000004	36.574324586711505
52.67	33.98150200677665
52.68	37.10689001065628
52.69	36.42355075154645
52.7	34.200149093594014
52.71	42.658822072387274
52.72	31.228797975598393
52.730000000000004	23.069287605626137
52.74	7.735714855395599
52.75	2.484838386332596
52.76	4.581908560874614
52.77	5.956518112410402
52.78	3.60530493468603
52.79	0.342076966150612
52.800000000000004	2.910925175600184
52.81	-1.9241212584277878
52.82	-2.0630310554621842
52.83	-4.183269832994591
52.84	-1.40002423613693
52.85	-5.715101849323318
52.86	-10.79796865984839
52.870000000000005	-9.065018249511501
52.88	-5.835614577404825
52.89	-7.536766543938747
52.9	-1.2677967574287354
52.910000000000004	-3.993721555412611
52.92	-3.8424438245677046
52.93	-2.6184979710151426
52.94	-0.5760113413050315
52.95	-2.8031675999064922
52.96	-12.720317709226684
52.97	-14.53358294095219
52.980000000000004	-13.304435495056634
52.99	-10.949131792082307
53.0	-11.927920726058925
53.01	-16.09758343384042
53.02	-8.389118560480643
53.03	-8.44778109794387
53.04	-20.57283431810967
53.050000000000004	-15.725770674393587
53.06	-16.060992037533737
53.07	-19.82250536115478
53.08	-12.567663552660289
53.09	-9.407714220342081
53.1	-6.08814942205348
53.11	-4.096797124546709
53.120000000000005	-2.425471944754356
53.13	-6.47283056258465
53.14	-8.950088827974747
53.15	-19.602044908504592
53.160000000000004	-19.401481786895676
53.17	-14.175919590678845
53.18	-6.9637407783187495
53.19	-2.6610385584779017
53.2	3.01733976217166
53.21	7.148449716290924
53.22	5.97392035039583
53.230000000000004	5.897736176972142
53.24	14.476470192503015
53.25	5.494631410105108
53.26	11.009516269991378
53.27	11.084470983817855
53.28	10.778265150992706
53.29	4.312366568180702
53.300000000000004	0.27084506603479447
53.31	-3.009641438584276
53.32	-13.042250561332473
53.33	-25.720773207479734
53.34	-40.712577508566625
53.35	-47.64126777552661
53.36	-39.91829360923904
53.370000000000005	-28.596670953960192
53.38	-23.365761772762564
53.39	-13.925776114017964
53.4	-21.664792921662677
53.410000000000004	-14.320868685850964
53.42	-12.474974857784291
53.43	-7.090123213139373
53.44	-2.34682304382438
53.45	-0.4046471097574329
53.46	-0.23094959328782294
53.47	0.848123264374201
53.480000000000004	2.383111899071423
53.49	3.67015322827415
53.5	11.855307371944841
53.51	4.69515436359529
53.52	4.815928168676603
53.53	5.447768040993247
53.54	2.5731565215811854
53.550000000000004	2.6277071715429368
53.56	10.185688144978092
53.57	7.779923157571331
53.58	7.06225766833065
53.59	3.4674105018302352
53.6	11.777919345051831
53.61	19.820354310533535
53.620000000000005	25.354577097528388
53.63	24.104919891487842
53.64	16.37182755165439
53.65	18.193453756508386
53.660000000000004	12.589996433745306
53.67	6.472952158642006
53.68	9.846104766946581
53.69	0.15592420885537547
53.7	-1.8395028690553081
53.71	-4.207925072803469
53.72	-6.587021116665352
53.730000000000004	-5.961833011458096
53.74	-5.59507714554397
53.75	-12.27018004856609
53.76	-13.557630847858599
53.77	-7.258109733083788
53.78	-6.006815100581784
53.79	-2.6671520178653814
53.800000000000004	-6.231733417073061
53.81	-2.9604991644806535
53.82	-2.090384141722958
53.83	5.582625766892582
53.84	4.062095666304449
53.85	4.773195540424144
53.86	7.721459124872641
53.870000000000005	-1.7665138732642789
53.88	-1.595687079911123
53.89	-0.7449729046995106
53.9	10.916521771420438
53.910000000000004	10.474611055375176
53.92	8.920869783020118
53.93	16.459793335067385
53.94	29.820007197649247
53.95	34.822614418948326
53.96	23.45466953630366
53.97	17.318404889728015
53.980000000000004	13.32855047170413
53.99	16.485075749218073
54.0	8.959426451188584
54.01	2.5047885269648744
54.02	1.8462180940327375
54.03	3.5458354556045393
54.04	4.430478248890228
54.050000000000004	18.13743934129066
54.06	13.558766806289231
54.07	7.470796722406445
54.08	10.857107363969464
54.09	5.4172386671733115
54.1	6.7267574792121065
54.11	2.30640825671808
54.120000000000005	-0.7676489615167041
54.13	0.9700770519200684
54.14	1.0300811013446636
54.15	10.482257742390116
54.160000000000004	13.667456844586226
54.17	8.363529565006864
54.18	6.461443437251651
54.19	8.833908578582113
54.2	3.784423601646954
54.21	2.0745305637260234
54.22	5.674625962457806
54.230000000000004	15.99806582142972
54.24	6.010813570627046
54.25	0.9790020593598713
54.26	-1.7376619625680445
54.27	-11.652037626309967
54.28	-5.833926997865816
54.29	-11.039034572150845
54.300000000000004	-14.320256180547917
54.31	-4.527050391248584
54.32	-2.429809814524147
54.33	-2.062245065364081
54.34	-1.9526357251111108
54.35	-2.6582105699850103
54.36	-0.6253736342768035
54.370000000000005	0.7081626893682283
54.38	-0.44032988373451015
54.39	1.1524467593361507
54.4	0.022863385227383473
54.410000000000004	0.46746902042873245
54.42	2.1829176847029856
54.43	0.20559999245537627
54.44	1.546426594870462
54.45	0.49778708169283215
54.46	7.988778845666911
54.47	15.201742636095407
54.480000000000004	11.451786681439323
54.49	4.255609825957213
54.5	2.1509538094006095
54.51	9.858249825620648
54.52	11.978035235366875
54.53	5.781274203294767
54.54	11.080969980828153
54.550000000000004	2.4142744785050048
54.56	-0.7592776012878097
54.57	-5.701911672814985
54.58	-6.082971438727683
54.59	-4.901370278686657
54.6	-10.620990395977884
54.61	-21.518657716403307
54.620000000000005	-9.21293081381048
54.63	-8.495271721554245
54.64	-6.090144793901515
54.65	-2.553119923186992
54.660000000000004	-3.901174442956693
54.67	-3.740209350490277
54.68	-1.2383718823825574
54.69	-2.2128081102111707
54.7	-0.48709982937338026
54.71	-0.784558687748742
54.72	-1.0562988952054044
54.730000000000004	-4.204470470474042
54.74	-4.382401699847396
54.75	-3.4386871271057897
54.76	-5.5295689784671875
54.77	-1.259171837173605
54.78	-3.016100200691431
54.79	9.403322686017333
54.800000000000004	11.26197957321274
54.81	6.597860926960802
54.82	7.0140195647948245
54.83	1.743537488842071
54.84	-0.6632923844110631
54.85	2.941516867041107
54.86	6.518706753838496
54.870000000000005	4.699199005588824
54.88	6.118473202109063
54.89	4.00056081639111
54.9	7.753157156033054
54.910000000000004	4.237831304263513
54.92	0.20771390583486163
54.93	0.1585825089066798
54.94	-0.5389099566366352
54.95	-5.232463498165843
54.96	-7.908107192441446
54.97	-4.060302504014568
54.980000000000004	-3.20390026720739
54.99	-1.512692632588996
55.0	2.2684351126851747
55.01	-1.1172104992485632
55.02	-1.6803875979974292
55.03	-3.1080053193751667
55.04	-9.82085574938557
55.050000000000004	-12.132482047800787
55.06	-12.506996258413803
55.07	-11.095022162776798
55.08	-17.41116220814133
55.09	-34.377984625649106
55.1	-28.82500047519084
55.11	-11.749474342592151
55.120000000000005	-14.560771170425237
55.13	-16.57743527366725
55.14	-13.14130757136526
55.15	-14.541256283930942
55.160000000000004	-22.156225067788267
55.17	-26.555589187899606
55.18	-4.5093510981315745
55.19	-1.0338672357187395
55.2	3.147092155676485
55.21	0.9947371630392998
55.22	3.948404200511364
55.230000000000004	-2.8907172090085944
55.24	-0.9933849812178218
55.25	-0.001615699859059966
55.26	-0.6898719190728172
55.27	0.02380849065936253
55.28	1.5836560836155815
55.29	5.326294987083132
55.300000000000004	2.6120100722295265
55.31	5.6296557649349666
55.32	25.038082907141504
55.33	23.367478883903797
55.34	16.73430410225315
55.35	27.11587621853487
55.36	22.416638616558007
55.370000000000005	22.375104059900835
55.38	23.80051490657171
55.39	26.759649408134983
55.4	27.38903237684049
55.410000000000004	28.935648336315783
55.42	32.68463499307715
55.43	31.243388646243556
55.44	22.8247033301828
55.45	26.908936114013503
55.46	21.992489411839582
55.47	13.586713984481191
55.480000000000004	10.661772283257193
55.49	10.505728544281276
55.5	6.796284136913813
55.51	2.509655907616655
55.52	-2.522378180104294
55.53	-7.173161499955817
55.54	-14.800951291235268
55.550000000000004	-28.666140338852404
55.56	-31.258026811084676
55.57	-23.150791249843934
55.58	-20.03834589369451
55.59	-26.67898504842555
55.6	-18.97371937680418
55.61	-13.770245361684367
55.620000000000005	-33.53456333540615
55.63	-24.029470675202315
55.64	-18.790518671758214
55.65	-21.754623638732788
55.660000000000004	-17.509996081293714
55.67	-20.751495965041812
55.68	-13.509146221202771
55.69	-6.676612926576083
55.7	-10.105395309364269
55.71	-10.013327539816222
55.72	-10.427929688469382
55.730000000000004	-8.909077882267256
55.74	-31.281547413861507
55.75	-34.67477597198924
55.76	-26.71949035930221
55.77	-18.23746936302402
55.78	-15.266132024685742
55.79	-11.946707750744718
55.800000000000004	-10.674514324375341
55.81	-5.543294661728512
55.82	-9.40439047004387
55.83	-11.59180845247571
55.84	-22.797030856501948
55.85	-18.313981284597467
55.86	-26.58191942627408
55.870000000000005	-34.34572804654875
55.88	-27.71400353032052
55.89	-19.620538413530753
55.9	-22.746708116327973
55.910000000000004	-13.526131893165035
55.92	-16.58661482096146
55.93	-23.33480445187756
55.94	-48.11879682817063
55.95	-50.065150479128434
55.96	-47.66662864374436
55.97	-28.027566930891624
55.980000000000004	-19.449086935977643
55.99	-13.791597671214701
56.0	-11.087101373001188
56.01	-4.796746251515082
56.02	-6.6652174491876455
56.03	-5.032225563996821
56.04	-8.482119447199135
56.050000000000004	-12.139035315921909
56.06	-13.15808745729193
56.07	-10.889904360015667
56.08	-12.394078972818422
56.09	-4.363817923056807
56.1	-4.54964501894202
56.11	7.170470964666667
56.120000000000005	7.7445010183611735
56.13	5.877722117998956
56.14	5.086695005173842
56.15	5.784449709974033
56.160000000000004	6.482204414774715
56.17	5.701469531852079
56.18	2.2073394480887645
56.19	-0.10757033683348712
56.2	-3.9719961387870195
56.21	-4.307484340523021
56.22	0.3058964107925493
56.230000000000004	-2.048298103198963
56.24	-8.180631030395038
56.25	-7.343754776468541
56.26	-5.145269580257218
56.27	0.09811772827633805
56.28	1.2334815161298078
56.29	0.33480021743147065
56.300000000000004	-1.3362547452106353
56.31	-1.0881244006171915
56.32	2.4906233190691895
56.33	5.162518153119241
56.34	4.108875888722835
56.35	2.4135550054876926
56.36	0.13455004716071253
56.370000000000005	4.021250748987785
56.38	7.622127695256691
56.39	5.30697581903161
56.4	8.911268095730458
56.410000000000004	-0.8371927562999738
56.42	-3.816746736199318
56.43	-19.17785168124594
56.44	-15.075342638847127
56.45	-28.632980394828863
56.46	-26.5175894569124
56.47	-20.874337056639064
56.480000000000004	-19.318064787453334
56.49	-16.57584118120945
56.5	-14.670709590200763
56.51	-9.45717181051903
56.52	-14.465223521117318
56.53	-10.089827757016279
56.54	-11.662769085482694
56.550000000000004	-9.840810814377699
56.56	-8.149882890690858
56.57	-23.88445759165702
56.58	-11.065920937213539
56.59	-7.226215879295899
56.6	0.3312488610725363
56.61	2.4011524235782957
56.620000000000005	4.0842808095458025
56.63	6.072817072810625
56.64	8.225199435767644
56.65	16.23759241118325
56.660000000000004	22.736575777461837
56.67	23.397945924236893
56.68	36.44206283499858
56.69	21.87247286793321
56.7	23.75655749949443
56.71	12.82647806548609
56.72	16.91857857177476
56.730000000000004	25.587978573313425
56.74	30.425068158030136
56.75	17.294230135974622
56.76	13.76016187180567
56.77	10.792048827604019
56.78	5.713737643898937
56.79	10.215234720528189
56.800000000000004	18.656527072780516
56.81	2.303724716742154
56.82	0.453583982853433
56.83	-1.7470850066823664
56.84	-5.125248949617209
56.85	-4.391032814435027
56.86	-6.786282006908489
56.870000000000005	-5.3216339690443455
56.88	-3.8711855476468093
56.89	-2.665303865341084
56.9	-4.384740201486309
56.910000000000004	-6.863536297091243
56.92	-5.660291484964354
56.93	-9.177773208938182
56.94	-8.480294882575336
56.95	-3.125975740322445
56.96	-4.690560430282791
56.97	-2.2137491545676506
56.980000000000004	-3.622823859493603
56.99	-5.504565239454598
57.0	-2.267398775997208
57.01	-3.6622720372056805
57.02	-4.0632386317355325
57.03	-1.5886938093475707
57.04	-1.6243422824740292
57.050000000000004	-0.5787449717803493
57.06	-1.2823070759004283
57.07	-4.878495518651822
57.08	-7.036410984735035
57.09	-3.3997021857733087
57.1	-1.8707573491344751
57.11	-4.434233190895486
57.120000000000005	-2.771316863695904
57.13	-1.0738126997856867
57.14	0.40230580938480043
57.15	-1.4621386773979703
57.160000000000004	-0.01782135348606834
57.17	-0.6254941440926376
57.18	3.7901882496396
57.19	5.383631304056121
57.2	5.314454107449133
57.21	4.209309446476598
57.22	1.0444530587242196
57.230000000000004	1.4366609147084841
57.24	1.3495353853538163
57.25	0.34705818877311967
57.26	0.2839879697462662
57.27	-0.10172526717524846
57.28	-1.2576724040410816
57.29	-1.2087104764808962
57.300000000000004	0.13623300247063083
57.31	0.7799305813105472
57.32	-0.038549982847926836
57.33	-0.5492298216964899
57.34	1.2114706303440652
57.35	0.4533644011975278
57.36	0.6282110160856837
57.370000000000005	-1.393838368777043
57.38	-3.2060194405076987
57.39	0.6501214341093269
57.4	3.3014855725516714
57.410000000000004	1.6995543143305825
57.42	3.405675903208557
57.43	1.0383849260385478
57.44	-0.40503520698845924
57.45	-1.2145899018729054
57.46	-0.3741609694097904
57.47	0.12012224940665744
57.480000000000004	-0.6223087614287508
57.49	-3.035412277697591
57.5	-1.3757307447631362
57.51	-3.4522371712478113
57.52	-18.17031180742302
57.53	-18.28925064712003
57.54	-13.319505981190893
57.550000000000004	-5.71246563081169
57.56	-2.9092629939935954
57.57	-3.6021346292569763
57.58	-3.0371585955224236
57.59	-7.017658254492105
57.6	-6.564095603624862
57.61	-4.274332167050849
57.620000000000005	-3.5465181971716873
57.63	-16.48719224815473
57.64	-13.269572606885898
57.65	-11.8317016043791
57.660000000000004	-12.789682666284294
57.67	-6.846349861436502
57.68	-7.730364464004284
57.69	-5.6048516099020995
57.7	-1.0982543747550255
57.71	-0.9627700919806763
57.72	8.489927148865787
57.730000000000004	5.4065568912427455
57.74	6.283845810295871
57.75	0.639474578831452
57.76	1.371586312626024
57.77	-0.059580475389167234
57.78	-1.3925493283915271
57.79	1.0708688108927882
57.800000000000004	3.4208470167812255
57.81	19.7123026708411
57.82	14.933352174422017
57.83	30.60246085071498
57.84	29.727438602614846
57.85	24.040966319272478
57.86	21.73301984949603
57.870000000000005	14.144531759731723
57.88	23.192145250024705
57.89	29.590603122205593
57.9	27.799140893215892
57.910000000000004	28.234600246674777
57.92	22.791053962089734
57.93	11.976166043473352
57.94	6.915890276910754
57.95	17.846875890560327
57.96	13.49687397312744
57.97	6.37145565990053
57.980000000000004	9.599944049771683
57.99	11.73541381960332
58.0	18.95313337140875
58.01	19.824086662175564
58.02	17.899601448067774
58.03	17.970659222943944
58.04	25.225975971020326
58.050000000000004	27.423999312850892
58.06	19.775289516821474
58.07	16.112914904424862
58.08	7.107432517789119
58.09	8.171268495991846
58.1	6.216692718693959
58.11	3.812432917302799
58.120000000000005	12.286133587393547
58.13	9.951003578799751
58.14	12.701812674198582
58.15	11.097182094280125
58.160000000000004	-0.724355799120507
58.17	7.792429136534788
58.18	8.814330847794052
58.19	4.881817898587605
58.2	6.653456324293378
58.21	15.085960236677987
58.22	35.23390420873049
58.230000000000004	41.27714658797815
58.24	31.59692815087363
58.25	22.03151523755464
58.26	16.94727130591124
58.27	9.087484074836334
58.28	3.2029031097726244
58.29	0.8582577615246237
58.300000000000004	-0.8987239296653092
58.31	0.7627406698245107
58.32	2.1028444425898716
58.33	-0.1381324359918447
58.34	-4.572126395849214
58.35	-2.095069075371454
58.36	-2.574844049148648
58.370000000000005	-1.1107238303343365
58.38	2.126356372903645
58.39	11.328835144621875
58.4	10.381582437197256
58.410000000000004	6.152120571294827
58.42	7.74412102429969
58.43	11.959142545301358
58.44	22.04295652832885
58.45	12.799837942517854
58.46	7.463727817530304
58.47	9.527529586787985
58.480000000000004	15.463211047401987
58.49	15.359250155081552
58.5	26.983988459432197
58.51	37.92653505291115
58.52	28.502736751757173
58.53	31.355732258065334
58.54	34.70977839199987
58.550000000000004	32.471707724858376
58.56	27.321555940835157
58.57	36.437269472226326
58.58	39.65443918831732
58.59	36.24146450352883
58.6	33.55836113164676
58.61	33.46229454280584
58.620000000000005	16.902217551728405
58.63	10.947191052416173
58.64	26.111103711816266
58.65	23.486275800606215
58.660000000000004	15.178092395055012
58.67	9.289883506518057
58.68	14.28030359293475
58.69	18.95897279451359
58.7	27.111819243733407
58.71	20.827494609409108
58.72	18.3574853974676
58.730000000000004	17.20324434689092
58.74	11.72298119356049
58.75	7.992498816627649
58.76	10.17457877961799
58.77	5.709910461569181
58.78	10.409333902065525
58.79	13.182455506577975
58.800000000000004	35.236281330015316
58.81	39.92429335170552
58.82	36.062516941382825
58.83	38.67879346611477
58.84	33.212407453955336
58.85	30.22641700524204
58.86	26.268972302648823
58.870000000000005	27.338262820564815
58.88	21.509606947075596
58.89	40.72109826797243
58.9	27.441746746740062
58.910000000000004	19.123567811534176
58.92	28.398178342236395
58.93	22.044726050293914
58.94	19.505486652912193
58.95	17.2652121266159
58.96	21.18142182362279
58.97	15.745140483970447
58.980000000000004	4.287039805415876
58.99	5.794591931447603
59.0	5.441861454421952
59.01	5.1357787272919495
59.02	3.2429332836287874
59.03	4.3315609606031105
59.04	16.230149746999416
59.050000000000004	16.996103279259568
59.06	12.609499537176594
59.07	7.265743782517021
59.08	0.9763305967541701
59.09	4.397581508755218
59.1	6.685729739464851
59.11	6.303371519608786
59.120000000000005	5.632733904947205
59.13	7.697252402495168
59.14	11.118489466763458
59.15	6.074679003369998
59.160000000000004	0.36803358998706953
59.17	-2.8835233407059797
59.18	-2.7673590531760017
59.19	-3.780223793841418
59.2	-2.7954745827837835
59.21	-2.2213649539947955
59.22	-0.3308253004427825
59.230000000000004	-1.7329642472696734
59.24	-5.149729222865881
59.25	-2.064975194017217
59.26	-6.942348308788557
59.27	-4.193160231371975
59.28	-2.8856245557813924
59.29	-4.605320157196152
59.300000000000004	-0.998850474422344
59.31	-4.897092956643419
59.32	-6.379169426428639
59.33	-5.881712657235115
59.34	-4.802488722896102
59.35	-4.375046402515855
59.36	0.5741949345748071
59.370000000000005	2.2937050474261294
59.38	4.049931917669571
59.39	3.608495096071453
59.4	2.7557999455895543
59.410000000000004	6.814154091240501
59.42	9.645827364263571
59.43	14.793550385773223
59.44	12.978750124215438
59.45	13.201208185591598
59.46	8.271202835697645
59.47	9.741314909763855
59.480000000000004	16.78455873020795
59.49	15.392074139006052
59.5	13.33314690708427
59.51	15.054934371047137
59.52	18.36784603825299
59.53	14.628554848917473
59.54	6.84555792406454
59.550000000000004	9.412151154647255
59.56	6.294380149977977
59.57	2.6369559603132884
59.58	0.008203297441194343
59.59	-3.422611686104842
59.6	-2.602468497103658
59.61	-5.8482796235510675
59.620000000000005	-8.019470006736453
59.63	-27.069199867154072
59.64	-12.104087565743711
59.65	-12.592642811927787
59.660000000000004	-9.548030516502005
59.67	-2.024935873570261
59.68	-4.5644401453218375
59.69	-4.089851560033772
59.7	-0.6224398969680385
59.71	-2.2424951240250053
59.72	-0.2400086475083795
59.730000000000004	0.7244981861722563
59.74	6.01954412075725
59.75	0.7406374630041604
59.76	-0.9322506826791321
59.77	2.688019714797068
59.78	3.3460039847962606
59.79	2.9506878720691367
59.800000000000004	2.5954166968560948
59.81	-2.5160503822710347
59.82	-3.0371190794721916
59.83	-2.3690772709434675
59.84	-7.016373816684849
59.85	-11.27407360937443
59.86	-3.446873413593069
59.870000000000005	-0.17088788049054315
59.88	-1.796294757676445
59.89	-2.5425017925520494
59.9	-1.9679326183653492
59.910000000000004	-3.305165923771339
59.92	-5.996750238476501
59.93	-4.191119600935122
59.94	-1.6084548898678082
59.95	1.3576652478789109
59.96	0.00455965560553777
59.97	3.8145961621824953
59.980000000000004	2.92802868269107
59.99	0.9800390720798998
60.0	2.3563944200835705
60.01	2.102880930503583
60.02	1.004262125250968
60.03	-0.6068064516499954
60.04	-1.8835774484004033
60.050000000000004	-2.688755435870984
60.06	-1.9835026544327519
60.07	-2.134989744430511
60.08	-3.998078726874309
60.09	0.5522255537624483
60.1	-0.6585452509939888
60.11	4.292026465393699
60.120000000000005	1.9799119685288684
60.13	0.4075110294633815
60.14	-3.414820679990127
60.15	-4.13936709099905
60.160000000000004	-4.228276261066647
60.17	-2.3350479701552413
60.18	-3.6009190930210924
60.19	-3.0832500301155217
60.2	-5.2337805988640955
60.21	-6.007180840379455
60.22	-3.4377659223938717
60.230000000000004	-4.9148720495788485
60.24	-6.419886094434301
60.25	-3.9404331782919226
60.26	-1.687690714399968
60.27	-1.9863827237404417
60.28	-2.347699051415425
60.29	-11.168048948705843
60.300000000000004	-8.622896092379401
60.31	-7.059130868434207
60.32	-6.271437148934901
60.33	-0.9994541464406838
60.34	0.3764113724284205
60.35	-0.04858570000402943
60.36	2.3990012658599826
60.370000000000005	0.5388011361399244
60.38	-1.9026882963715115
60.39	-0.34770909929394533
60.4	1.1909207616206219
60.410000000000004	7.732057951441001
60.42	1.7618901226976122
60.43	-2.4465042951805196
60.44	-1.1951568997906534
60.45	0.30893409450511783
60.46	-0.4585188842110249
60.47	-11.234093501317666
60.480000000000004	-10.097502654205066
60.49	-4.339461122446243
60.5	2.135319482946321
60.51	1.303131031320049
60.52	5.380190311748991
60.53	14.178288318347638
60.54	16.760727807612696
60.550000000000004	17.95401891902616
60.56	13.827835203215052
60.57	10.35190542302354
60.58	19.58234845090763
60.59	18.561155553134313
60.6	23.185449845428273
60.61	22.521394569106395
60.620000000000005	31.318291183560433
60.63	26.261825080048173
60.64	30.5682024071866
60.65	21.890039377556477
60.660000000000004	14.792779506368674
60.67	7.5762661976940695
60.68	4.316633156779008
60.69	2.0799943618990393
60.7	6.681376339237205
60.71	17.27273011066797
60.72	7.304879397720404
60.730000000000004	3.4724899603501385
60.74	4.546292459413044
60.75	9.084139567494978
60.76	5.1759112537835215
60.77	6.231833383004661
60.78	9.069063551846789
60.79	10.752442193426747
60.800000000000004	13.171207868870413
60.81	-1.5880912944146932
60.82	2.9833630805132274
60.83	1.8673437969197553
60.84	0.5431874177133664
60.85	-2.0380029710173546
60.86	-4.036254207011938
60.870000000000005	-5.579202158521477
60.88	-5.112685953856188
60.89	-0.4736101958879579
60.9	0.1189895204813344
60.910000000000004	-2.7751420069027697
60.92	-0.7353381129328996
60.93	1.0710985343080461
60.94	0.9456021730456455
60.95	-0.6678451360957759
60.96	-0.9524846937014495
60.97	-2.698518837564611
60.980000000000004	-8.190266139245843
60.99	-8.709244077284996
61.0	-4.739739358564086
61.01	-2.419927458649453
61.02	-0.6595830993476284
61.03	-12.519412688909593
61.04	-10.68374963077975
61.050000000000004	-8.879431588656976
61.06	-11.59670386913048
61.07	-21.047316915880774
61.08	-13.407620688326421
61.09	-8.926474788622984
61.1	-11.325625659428264
61.11	-6.798106738096994
61.120000000000005	-7.135651900295129
61.13	-2.621201246369818
61.14	-3.9314121525319816
61.15	0.6561577041889701
61.160000000000004	3.1144880354829305
61.17	1.3546874450590776
61.18	-2.3455697465368934
61.19	1.0921722747731897
61.2	1.042063598593072
61.21	-2.4761569436970197
61.22	-7.11644692892166
61.230000000000004	-7.053364008162125
61.24	-7.840918315091046
61.25	-12.800083045137978
61.26	-18.584578404008216
61.27	-15.649969171358755
61.28	-20.150282542176928
61.29	-23.765241802834556
61.300000000000004	-17.3400098441726
61.31	-20.43232286291028
61.32	-16.79221279783979
61.33	-12.926679518354204
61.34	-3.0933548381934006
61.35	-3.4131400160885295
61.36	-9.456446779633175
61.370000000000005	-9.760760907455781
61.38	-10.067473226961267
61.39	-22.414489294083094
61.4	-32.73477755705558
61.410000000000004	-25.624836546193052
61.42	-23.943434428188183
61.43	-22.20647850060715
61.44	-12.427444788520631
61.45	-14.264034131066786
61.46	-8.72053206116951
61.47	-6.502584601220969
61.480000000000004	-6.855590308986678
61.49	-4.701314367922626
61.5	-9.440555155924008
61.51	-8.831990768227167
61.52	-7.24348161050634
61.53	-8.615719064486465
61.54	-14.839893208084247
61.550000000000004	-8.434608828889385
61.56	-12.074425490613308
61.57	-9.756334617785178
61.58	-14.949644153545735
61.59	-18.407552517042976
61.6	-15.244156151263905
61.61	-20.988391170879577
61.620000000000005	-19.481829081519514
61.63	-25.709581851485293
61.64	-18.108235180457328
61.65	-22.325127044885054
61.660000000000004	-24.53443984027988
61.67	-28.377581033926408
61.68	-16.30472101418769
61.690000000000005	-15.943957156882357
61.7	-9.486224665500897
61.71	-15.796102511226756
61.72	-16.81881207963842
61.730000000000004	-13.235631352441699
61.74	-11.134583710727204
61.75	-8.741024668136282
61.76	-6.044212807582321
61.77	-8.650422882426364
61.78	-18.10341534746194
61.79	-23.345487037616405
61.800000000000004	-28.77199363696756
61.81	-30.627612841200126
61.82	-29.66279556081015
61.83	-18.469686281760374
61.84	-5.753907500368558
61.85	-7.934954136721621
61.86	-13.219530720940103
61.870000000000005	-30.798434995620617
61.88	-22.259443062140008
61.89	-22.015502605308317
61.9	-17.102573766295475
61.910000000000004	-24.011047087549723
61.92	-22.986746634820783
61.93	-28.398005254354196
61.940000000000005	-31.006806219603522
61.95	-29.61982804554566
61.96	-11.65386692591002
61.97	-16.20982384199039
61.980000000000004	-21.0578481015343
61.99	-16.729173185946355
62.0	-13.993344358418403
62.01	-20.90096583915837
62.02	-10.111602141656538
62.03	-1.1699685545829146
62.04	-0.8118166516792756
62.050000000000004	-3.0937513090493325
62.06	-6.575611650121505
62.07	-4.316913124360879
62.08	0.21373293255482123
62.09	-1.4255115487364518
62.1	-7.241520633567248
62.11	-9.774881385871584
62.120000000000005	-6.379211690123109
62.13	-9.254230542747736
62.14	-11.120417473191301
62.15	-9.617756439524097
62.160000000000004	-3.650953457943468
62.17	-5.504492556454316
62.18	1.778752664002659
62.190000000000005	-1.9654575699146886
62.2	3.1287454847655973
62.21	4.067312980451516
62.22	0.8983414992350375
62.230000000000004	6.715858461466868
62.24	4.307771787041203
62.25	6.883958647586664
62.26	10.458465286352071
62.27	23.44978264304708
62.28	33.071823106414406
62.29	35.79664451172461
62.300000000000004	25.058605527837464
62.31	26.66717534024152
62.32	20.68019503948262
62.33	22.567257523985738
62.34	30.163716741651772
62.35	27.511428749752376
62.36	21.86939773690374
62.370000000000005	21.19390570120641
62.38	32.15343366056784
62.39	36.514812852836215
62.4	26.801086077621495
62.410000000000004	19.95745519610425
62.42	10.844984052521381
62.43	13.347430049771175
62.440000000000005	10.157152505387861
62.45	6.332385418028683
62.46	2.36441217949272
62.47	5.7543631083416225
62.480000000000004	6.8020342863856955
62.49	25.69466246481038
62.5	27.320807185701945
62.51	28.608065903231978
62.52	26.984644795613264
62.53	23.876023598695873
62.54	19.657605007248172
62.550000000000004	14.796107133623167
62.56	9.458167063790869
62.57	11.503087764063709
62.58	12.931634306088043
62.59	9.210914458316404
62.6	17.23514114006491
62.61	16.255058571490512
62.620000000000005	10.979570039831682
62.63	13.239654232014491
62.64	19.804839619344175
62.65	13.177942007019793
62.660000000000004	1.6356262323207253
62.67	1.9717760438518466
62.68	5.496434107755407
62.690000000000005	12.764102328230196
62.7	10.928513640652348
62.71	9.490815459951373
62.72	7.828809795220177
62.730000000000004	7.451797356565587
62.74	11.732693713493111
62.75	25.00066212921509
62.76	22.39426579783443
62.77	28.75148141323797
62.78	20.77552645369674
62.79	11.736398149964172
62.800000000000004	8.604929567484689
62.81	5.236172787624128
62.82	1.7496276941859539
62.83	4.081177446411439
62.84	10.127110504610037
62.85	9.256198886696964
62.86	7.592583656861606
62.870000000000005	23.49808047547448
62.88	30.710346917018985
62.89	25.31413462021878
62.9	29.35679029199918
62.910000000000004	26.12490708611236
62.92	15.033550723045712
62.93	7.520661642100736
62.940000000000005	6.070273652906509
62.95	2.297666769482632
62.96	0.6315264513159927
62.97	3.1493274907132123
62.980000000000004	3.7948475978391922
62.99	2.431799311890692
63.0	1.6280056284480373
63.01	-1.0703133902957453
63.02	-2.025438945709807
63.03	-0.41899098482650826
63.04	2.5101464841848005
63.050000000000004	-0.02602106775702526
63.06	-0.9932088782551051
63.07	-1.8420708725786792
63.08	0.533398931582916
63.09	9.034519755209844
63.1	13.496199906650807
63.11	7.523178595973487
63.120000000000005	7.489907154235444
63.13	6.965862367033437
63.14	16.520617984840452
63.15	19.332667805048974
63.160000000000004	29.488742974877614
63.17	17.92416908688565
63.18	20.14278130250455
63.190000000000005	10.76245703969942
63.2	9.776886425159745
63.21	14.745442981592394
63.22	12.205259081485002
63.230000000000004	11.713596046763563
63.24	7.1089730324597005
63.25	3.7854771464002126
63.26	1.9272397501377954
63.27	-0.8052795402330593
63.28	0.6823059257302874
63.29	2.6243470532799313
63.300000000000004	4.6398176492066225
63.31	4.851135858695901
63.32	8.334025259343392
63.33	11.271180309762538
63.34	3.941679465611922
63.35	0.47303402118103743
63.36	1.7862676362312462
63.370000000000005	2.590313022918702
63.38	2.571018174478989
63.39	2.617911421332089
63.4	2.95603669214726
63.410000000000004	7.85739723677564
63.42	11.536574091387973
63.43	14.219419551933983
63.440000000000005	7.0868284207269765
63.45	2.711357589132742
63.46	1.14862092155463
63.47	5.298528606715612
63.480000000000004	5.529213371334767
63.49	2.526352050495147
63.5	5.6668765082642345
63.51	5.2996917978866085
63.52	6.727358888406831
63.53	8.001614770904258
63.54	8.197266757261051
63.550000000000004	9.385642432301102
63.56	14.292533616822382
63.57	4.182416083077185
63.58	10.547409951028412
63.59	9.875729194974092
63.6	17.94639315218323
63.61	23.86031805250716
63.620000000000005	22.16914061193292
63.63	16.553126672693068
63.64	10.457515367378864
63.65	15.34987049556633
63.660000000000004	11.520708589743128
63.67	18.421095426449202
63.68	18.226553033773587
63.690000000000005	17.112079051927317
63.7	12.471741990878634
63.71	10.689154625069385
63.72	2.9143199851273316
63.730000000000004	1.2451848792151226
63.74	1.4126099349867332
63.75	4.9846935526556795
63.76	6.133777716734458
63.77	7.417464231156252
63.78	1.5780291420038295
63.79	3.4555288834700026
63.800000000000004	2.7048256772318227
63.81	2.6855207672938954
63.82	1.2801625130592265
63.83	3.927895298242745
63.84	9.70432462949281
63.85	9.508207361140004
63.86	3.419103628120214
63.870000000000005	-0.6730696351797513
63.88	0.053566424549758525
63.89	1.3453250986380905
63.9	-0.29975672042014995
63.910000000000004	-1.8198456261508114
63.92	-0.2357444449908376
63.93	-2.3364052439869476
63.940000000000005	-2.4187884147493763
63.95	-4.332242385912365
63.96	-2.960820612956466
63.97	-0.8364592674346772
63.980000000000004	-1.6890616848227717
63.99	-1.0189289092789124
64.0	-2.4286281952868896
64.01	2.067757875514237
64.02	1.7816346494201971
64.03	4.021119500850377
64.04	-0.07332451674029425
64.05	0.8041389790454608
64.06	-0.9548324449733083
64.07000000000001	-4.118394488857816
64.08	-1.9348362959852414
64.09	-0.025848570301797547
64.1	-0.31811835893046414
64.11	-1.2028503611066408
64.12	-2.0603869147519003
64.13	-4.789071310721108
64.14	-6.4965260896076185
64.15	-16.232973598646947
64.16	-14.365940977264385
64.17	-10.391562816615414
64.18	-3.771873211005562
64.19	-2.9213361691570405
64.2	-0.2830840548046981
64.21000000000001	5.88675489573879
64.22	6.394989222889829
64.23	2.3563768063944
64.24	-1.4385517776635302
64.25	-6.346183153225556
64.26	-4.244369438613067
64.27	-5.642900763506637
64.28	-4.722951820431161
64.29	1.0199123789945366
64.3	2.1759631886401434
64.31	4.797595101107685
64.32000000000001	6.06388692868359
64.33	9.07055805752834
64.34	22.93204901632731
64.35	17.548876555295983
64.36	9.651488764241066
64.37	18.122775324967503
64.38	6.503894088981027
64.39	1.3527457324304544
64.4	4.710825672792236
64.41	4.307932665713964
64.42	2.6233471562651616
64.43	5.22991635894471
64.44	1.838846801103244
64.45	6.867946822805671
64.46000000000001	9.274290781477394
64.47	11.934726039672702
64.48	19.793473568205
64.49	18.824648642307626
64.5	1.986571485367038
64.51	1.6546055543458742
64.52	2.011547881380266
64.53	3.209870854557689
64.54	-3.9815042857712797
64.55	-3.804546962684859
64.56	-4.961277723739098
64.57000000000001	-4.292932200452994
64.58	-8.85756612706709
64.59	-15.803996773810786
64.6	-31.24140038200313
64.61	-24.1233004339654
64.62	-17.863449910640547
64.63	-32.71443534272247
64.64	-25.511957153854723
64.65	-29.478863765769535
64.66	-32.38604169808244
64.67	-28.122518401032952
64.68	-27.24561736171865
64.69	-33.50144639201306
64.7	-29.594867884654587
64.71000000000001	-38.590455970438704
64.72	-26.02783353089908
64.73	-24.354491507708854
64.74	-26.841536655839256
64.75	-21.58525785292266
64.76	-25.202449177867944
64.77	-12.082070946339082
64.78	-18.348555082921255
64.79	-17.347188838151432
64.8	-27.232486011422445
64.81	-14.791165020781985
64.82000000000001	-19.70099882487298
64.83	-26.217637477024528
64.84	-36.25075862577962
64.85	-28.04985267276277
64.86	-28.60120854702588
64.87	-11.430980136036053
64.88	-9.336396747090959
64.89	-6.401883645998763
64.9	-9.233959462935887
64.91	-12.222177583145577
64.92	-27.09793958641759
64.93	-21.320202457815952
64.94	-16.784266512458775
64.95	-10.418688175235246
64.96000000000001	-5.5804388665742675
64.97	-6.327374210328341
64.98	-6.803318581559
64.99	-8.039537976834865
65.0	-10.450540557022013
65.01	-13.393702062860982
65.02	-10.159041980334415
65.03	-3.321779597666809
65.04	-1.3523009536130184
65.05	3.496681936804061
65.06	13.788875105976315
65.07000000000001	6.720531643026698
65.08	13.923800473503372
65.09	12.469498480352089
65.1	14.849893964406768
65.11	15.533417760826737
65.12	9.43802889779786
65.13	8.61175342727221
65.14	7.39976136466737
65.15	2.838661402275292
65.16	6.421300646524583
65.17	8.77480084314227
65.18	4.563513540701132
65.19	1.0578967221136366
65.2	1.719239522408427
65.21000000000001	-5.442273198081931
65.22	-3.690623773633152
65.23	-11.739760091302326
65.24	-16.09040209365934
65.25	-25.039247455562602
65.26	-27.415228391226723
65.27	-15.710767538861994
65.28	-6.172277766335187
65.29	-3.7164778926764934
65.3	-0.6442020113278943
65.31	-12.619465239808282
65.32000000000001	-9.970657585635822
65.33	-8.393183970494755
65.34	-4.625856406529156
65.35	-3.228334623920536
65.36	-0.2919216347001333
65.37	-2.923544973055809
65.38	-1.544291253245699
65.39	1.3647196331513194
65.4	5.23922292149207
65.41	12.695177662444193
65.42	21.608974806629817
65.43	20.084385830851982
65.44	13.367471212963686
65.45	10.896838634236186
65.46000000000001	8.100222008158283
65.47	16.904069610559233
65.48	23.370259922079818
65.49	14.810547115691314
65.5	10.000296418666842
65.51	25.05647562702099
65.52	26.95951067438914
65.53	21.365002474937242
65.54	24.325466509069077
65.55	32.59652224197609
65.56	28.251167897712723
65.57000000000001	28.830699472898942
65.58	17.491724081810034
65.59	11.679292049355094
65.6	11.653068481709212
65.61	6.773168825759202
65.62	2.028907997208482
65.63	5.291029637505297
65.64	2.5210236755773274
65.65	1.4339112797843359
65.66	-3.4238356966861936
65.67	-5.287664861517742
65.68	-2.87463915387636
65.69	2.007796184731632
65.7	-1.67847362226814
65.71000000000001	-3.258627099471413
65.72	-3.3258072054610346
65.73	-2.253219778771396
65.74	-11.420591267715345
65.75	-19.657977894922738
65.76	-8.819574555084358
65.77	-6.6870505905686315
65.78	-2.0035526786926963
65.79	0.7624010199126694
65.8	2.575312747943739
65.81	1.39638885388463
65.82000000000001	1.1017316421931476
65.83	5.830272593154513
65.84	8.25903488744604
65.85	23.74668477444395
65.86	18.92847090792366
65.87	10.82382137020608
65.88	25.71772406192652
65.89	24.42373846541112
65.9	24.461124293597706
65.91	41.0639095057989
65.92	36.41350054441777
65.93	47.2636953684433
65.94	34.0956404571621
65.95	40.87715038910634
65.96000000000001	28.29021462527561
65.97	18.791702754180267
65.98	15.570349690234169
65.99	15.461407962533276
66.0	5.443209232205401
66.01	2.7031809170454464
66.02	4.708307647406546
66.03	9.699420819886695
66.04	6.081537457979932
66.05	3.003111284923431
66.06	-2.8266197600501104
66.07000000000001	-6.754414017967508
66.08	-9.531693001320749
66.09	-15.967350340115551
66.1	-9.517469373755313
66.11	-5.667716774121506
66.12	-4.713534182762399
66.13	-3.577952709495622
66.14	-5.245917077898043
66.15	-2.4918012388283133
66.16	0.44444049940306446
66.17	10.0026767680674
66.18	4.289714450021944
66.19	2.420977517036932
66.2	4.683503327457744
66.21000000000001	2.8761455077699885
66.22	3.6732215631779637
66.23	4.943497677526148
66.24	-1.2343046229413261
66.25	0.6134719125812979
66.26	-1.2503994752484537
66.27	0.7500359490743591
66.28	-3.011393475448067
66.29	-3.1002500083404203
66.3	-1.6347123607886591
66.31	-0.7801174432715183
66.32000000000001	-6.033857262978711
66.33	-5.084734502392536
66.34	-6.9141216211475856
66.35	-4.185055970087674
66.36	-0.43001808083237913
66.37	0.49538940629385664
66.38	-1.8014986855694575
66.39	-5.309710753248928
66.4	-5.771888579559007
66.41	-17.68746901849181
66.42	-11.061664679531644
66.43	-7.178712986057366
66.44	-2.211369651276469
66.45	-1.645448977197606
66.46000000000001	-2.592104490646966
66.47	0.5084968023992327
66.48	-1.5572603074024558
66.49	-11.253028679666144
66.5	-10.278639271076251
66.51	-12.291123694085597
66.52	-12.07874272076865
66.53	-3.189657406558234
66.54	-4.0036583725451
66.55	-5.860143663392133
66.56	-6.075305026471842
66.57000000000001	-5.392277078222108
66.58	-4.1443948094521685
66.59	-3.510314212789633
66.6	0.24256095248540602
66.61	2.28874333621391
66.62	2.6684693548184906
66.63	0.6041289462583699
66.64	-0.24283229765759534
66.65	-0.7721300475586161
66.66	-0.7456078927239465
66.67	-2.374044383778574
66.68	1.5582428522095317
66.69	0.4546780826052791
66.7	1.0207334832452821
66.71000000000001	0.6597352007813998
66.72	1.8114541496426242
66.73	2.063955949341524
66.74	-1.2083833861762505
66.75	-3.3633750991155216
66.76	-1.884631294532636
66.77	-3.1325619778364078
66.78	-3.0126017795142164
66.79	-2.7088436945204615
66.8	-2.05835454870479
66.81	-0.8014401767272163
66.82000000000001	-0.4711386646609745
66.83	-0.2535193770888221
66.84	-2.296539204516006
66.85	-8.968903684790398
66.86	-11.425643148716002
66.87	-21.55794559532752
66.88	-4.38311481214698
66.89	-6.906632198718886
66.9	-7.259589911366222
66.91	-1.0069513714761849
66.92	0.25716810238167354
66.93	0.7537319773559494
66.94	2.7666251205432553
66.95	12.259925133237413
66.96000000000001	8.085004265704788
66.97	13.297350503470435
66.98	11.299991668615132
66.99	11.683262896127287
67.0	9.370670806725116
67.01	6.491003344394363
67.02	9.30790843590249
67.03	5.151803116907622
67.04	12.25800598863594
67.05	16.459447276836272
67.06	22.40883487930489
67.07000000000001	13.766041953055247
67.08	11.341870227221596
67.09	9.497171032741335
67.1	1.6454089627698354
67.11	-1.4794519132592923
67.12	-2.5736646267710266
67.13	-5.590104379449025
67.14	-7.550182288306783
67.15	-14.722005270397466
67.16	-14.17067839051991
67.17	-16.82958878776235
67.18	-16.51200571260114
67.19	-19.071831013705346
67.2	-9.80885189229365
67.21000000000001	-10.854884056758662
67.22	-10.650976923746411
67.23	-13.823351065291133
67.24	-11.613115972979788
67.25	-11.473423802312041
67.26	-9.284717485874685
67.27	-4.914643944912135
67.28	-1.4542551923511164
67.29	-7.9225125734285395
67.3	-10.632694025635942
67.31	-16.34791229799541
67.32000000000001	-14.884865492365748
67.33	-10.967335086236774
67.34	-8.972435701694115
67.35	-33.58011152271831
67.36	-27.290703225433653
67.37	-26.418239947214445
67.38	-32.021292287791034
67.39	-22.282698978422907
67.4	-23.713299760487217
67.41	-29.873747727864373
67.42	-24.493476994959757
67.43	-22.018522213153418
67.44	-24.495233938944075
67.45	-13.119385764976357
67.46000000000001	-8.988366054603047
67.47	-13.41002039503448
67.48	-4.592477958556881
67.49	1.0081178261743828
67.5	1.8036078935868975
67.51	7.249596691331112
67.52	1.1187627239549371
67.53	2.285713628184019
67.54	2.24217094682253
67.55	1.9563957061037822
67.56	1.8969062926968283
67.57000000000001	2.263422020229579
67.58	4.242090308953613
67.59	0.3809829758526282
67.6	1.2732386031963874
67.61	4.974424064417932
67.62	7.551839363535351
67.63	6.666436801772987
67.64	8.677552067988067
67.65	6.147203743297608
67.66	3.350335946966971
67.67	5.146840576489707
67.68	11.495543165803138
67.69	6.794140927060894
67.7	19.354274779627872
67.71000000000001	15.490021053957323
67.72	16.73355781289644
67.73	27.963482081157835
67.74	30.388449244086715
67.75	23.998097471676008
67.76	19.82564511497107
67.77	24.5906621389782
67.78	26.935348568049736
67.79	21.270540954900746
67.8	26.366913969193284
67.81	15.559700144272835
67.82000000000001	14.51190655568824
67.83	23.295017947009153
67.84	25.82829453949412
67.85	25.508375225219122
67.86	14.764819088319541
67.87	12.646919999936298
67.88	5.398566416942077
67.89	1.7607689878863582
67.9	3.2200369418753105
67.91	6.363180203283968
67.92	12.991831347868336
67.93	13.274233626822397
67.94	20.54756383911086
67.95	19.39507682189688
67.96000000000001	19.879177925162093
67.97	25.142219688865588
67.98	19.60142905314397
67.99	35.73594240067235
68.0	25.688697251206833
68.01	18.17622613985442
68.02	22.085320660777285
68.03	20.94215079075113
68.04	15.574365804801964
68.05	6.052810203379089
68.06	8.58778483380405
68.07000000000001	10.591289698546449
68.08	19.209514112888858
68.09	14.296311204852012
68.1	8.14662739624116
68.11	9.049752322637456
68.12	15.794278275304666
68.13	5.2272749741125395
68.14	1.8480579226908191
68.15	2.687743120673404
68.16	4.846646039218306
68.17	3.627572531313564
68.18	-0.8535579511695589
68.19	-0.5697706165864125
68.2	-6.173019838044551
68.21000000000001	-10.134038529561186
68.22	-6.310901151526801
68.23	-3.223163855688673
68.24	-2.5703100478428818
68.25	0.06637088595119263
68.26	2.2120836701387674
68.27	1.1921308622481703
68.28	-0.026790014989450914
68.29	-1.0954558285948153
68.3	-1.4071787898342345
68.31	-1.4156117707481697
68.32000000000001	-2.1611389875036577
68.33	-1.2207345607433546
68.34	-4.2959865029194235
68.35000000000001	-9.198697958134716
68.36	-2.3218111281009524
68.37	-3.649670612719725
68.38	0.10961438645971211
68.39	-1.8070872508586107
68.4	-0.2886648937041151
68.41	-3.016615738138885
68.42	-8.422284032903685
68.43	-19.688992418229823
68.44	-26.299552437036002
68.45	-29.823086679090206
68.46000000000001	-36.95430499932787
68.47	-28.241280187305694
68.48	-23.56880865013592
68.49	-33.052131689728704
68.5	-26.05929911826618
68.51	-29.643131985546532
68.52	-20.58595151572971
68.53	-25.11260298572907
68.54	-19.43751405628181
68.55	-11.131914660212583
68.56	-19.53482597015442
68.57000000000001	-19.489050883483422
68.58	-16.727119101454704
68.59	-5.387769898912315
68.60000000000001	-7.9410351760833295
68.61	-12.704832640523467
68.62	-4.200887003932015
68.63	-3.5143347829722575
68.64	0.009028601351119225
68.65	-2.5021247909030944
68.66	-0.6574006392844405
68.67	1.209847951287315
68.68	0.26684209744747545
68.69	-0.8001313083243348
68.7	-1.3766554307343513
68.71000000000001	-4.559027298478473
68.72	2.3236473497725267
68.73	2.951072387953689
68.74	-0.19062914638418446
68.75	-0.8957377196670999
68.76	0.19099245245908297
68.77	2.4122165752772013
68.78	0.10410758031134561
68.79	1.2461431643281142
68.8	-0.874119569954153
68.81	-1.2897758173601255
68.82000000000001	-1.9152377425754918
68.83	-0.8223149234875369
68.84	-1.4991690274540261
68.85000000000001	1.6247919108381739
68.86	2.389545644388182
68.87	4.494040230022765
68.88	2.9252242239925894
68.89	0.40577779276051695
68.9	1.725071344888154
68.91	-1.2947185505536465
68.92	-5.714305021961783
68.93	-0.7908475401517309
68.94	-3.958159870354616
68.95	-2.345694796363433
68.96000000000001	-3.910329617980055
68.97	0.41314875495269365
68.98	2.9592329949547858
68.99	5.34728883186588
69.0	7.976034541684942
69.01	11.31135465519388
69.02	7.653208339344121
69.03	18.892163471204555
69.04	10.472233920089485
69.05	20.753537592511986
69.06	23.608125088202883
69.07000000000001	27.002129157233174
69.08	31.90515428327052
69.09	32.36638683481674
69.10000000000001	27.96690163678174
69.11	20.370162719012797
69.12	13.81455795081592
69.13	10.48629750879391
69.14	9.920590380447289
69.15	14.197263678807502
69.16	20.203445342831692
69.17	21.142619413838396
69.18	17.705945032914165
69.19	11.272188102278463
69.2	10.492556731313078
69.21000000000001	1.7707920504628143
69.22	-2.7555373901791036
69.23	-0.8962441757685982
69.24	0.6587121023599719
69.25	0.17685319157470727
69.26	-1.1874967778762209
69.27	-0.472398823621395
69.28	2.5041428293241808
69.29	24.34127144089838
69.3	22.615501238252193
69.31	18.575549297764567
69.32000000000001	13.989208057493046
69.33	5.7288682962765325
69.34	3.9758049345527
69.35000000000001	1.7584695523709712
69.36	-0.2940164608536346
69.37	-3.0743304425413736
69.38	-8.503723603080703
69.39	-14.957197745790857
69.4	-18.231351498719757
69.41	-25.27029774123936
69.42	-22.022691959191892
69.43	-16.183336983149843
69.44	-18.391731474693465
69.45	-23.018518737290506
69.46000000000001	-36.6406185416977
69.47	-36.6061738920589
69.48	-39.93611036616775
69.49	-33.1421211529712
69.5	-23.62992201440804
69.51	-12.316443244056227
69.52	-12.077022489144946
69.53	-1.7279894821150212
69.54	-0.9927455339721507
69.55	-3.0631887257817656
69.56	-1.3382733707874308
69.57000000000001	0.5347499890670948
69.58	0.6988576294008475
69.59	2.420951842195134
69.60000000000001	0.9728663977042649
69.61	1.5775863340921423
69.62	2.21152932281485
69.63	4.243524973284632
69.64	3.0295798246649355
69.65	2.8007109374071186
69.66	-0.39995232930467217
69.67	-3.1751309028029557
69.68	-5.584317854815108
69.69	-5.868083245489224
69.7	-7.504158523505407
69.71000000000001	-17.2342617150426
69.72	-5.116899520703125
69.73	-9.646666546695737
69.74	-18.194603632726007
69.75	-7.0363715636227
69.76	-6.035351859474132
69.77	-8.518250832782249
69.78	-32.153742823183926
69.79	-39.821998079447724
69.8	-30.203485061852685
69.81	-18.43081305473997
69.82000000000001	-23.522347642485126
69.83	-25.639343813826933
69.84	-31.5605206681758
69.85000000000001	-25.05710325515313
69.86	-27.350681202639755
69.87	-17.55327733457023
69.88	-16.689217376941887
69.89	-22.133850007138992
69.9	-19.558415453777123
69.91	-14.526990437222462
69.92	-11.451140210813191
69.93	-8.35315569150571
69.94	-6.627147905525972
69.95	-9.060612809535042
69.96000000000001	-10.410440828897475
69.97	-35.28281255649049
69.98	-26.42424487828132
69.99	-27.909469810655626
70.0	-15.961029022106315
70.01	-5.386194740354857
70.02	-2.6483432096767716
70.03	2.6699680832334654
70.04	9.597607491116662
70.05	8.253435164328287
70.06	4.094791053501165
70.07000000000001	2.7592878176336235
70.08	4.062203195779525
70.09	4.8915794607881065
70.10000000000001	7.194212869045077
70.11	8.026758210388518
70.12	0.1810053453938057
70.13	-2.1416098072008327
70.14	0.041846087900089736
70.15	-2.136073330491638
70.16	-0.054490473656662555
70.17	-0.6110476486974469
70.18	-1.1824318466292854
70.19	-1.8206616463408365
70.2	-6.115048539207105
70.21000000000001	-3.344508553042943
70.22	-1.2798976748320559
70.23	-6.059995051670276
70.24	-1.0734227168151675
70.25	-0.40648445279465506
70.26	-5.939195616363591
70.27	-7.203271839979471
70.28	-10.36777247389744
70.29	-8.124768302978639
70.3	-8.599522207013855
70.31	-5.52924730621969
70.32000000000001	-0.22469205222480423
70.33	-1.1634114411721272
70.34	-3.478999455342589
70.35000000000001	-5.405843148523283
70.36	-1.655626873739627
70.37	0.3383276830254976
70.38	-2.9540471811240647
70.39	-4.45237986409303
70.4	-0.7789374674867847
70.41	-0.2148191218704739
70.42	0.6347124646011629
70.43	-2.0232070317370185
70.44	0.7517756413689954
70.45	0.0902509304612568
70.46000000000001	-1.4031587455635226
70.47	-0.4338468739233786
70.48	0.1935426378718597
70.49	4.29686069913443
70.5	6.152048750679508
70.51	2.3371838649055916
70.52	12.814618417805775
70.53	16.009521298635164
70.54	11.67627957656663
70.55	9.071304121462024
70.56	15.156931794364107
70.57000000000001	16.748451706652222
70.58	26.117147607365904
70.59	12.897699581844654
70.60000000000001	8.94851358814387
70.61	12.668587642404967
70.62	11.199766341544342
70.63	3.235321527700486
70.64	1.0715885514524144
70.65	0.9848181954839808
70.66	4.348346273922789
70.67	11.534775242675813
70.68	23.672702002492173
70.69	30.744288648100955
70.7	28.184382367368098
70.71000000000001	26.34269184133837
70.72	11.822469575993388
70.73	15.48923244969309
70.74	10.841521661552614
70.75	3.837369282589247
70.76	11.237651439156142
70.77	30.915199308751777
70.78	30.125183716064576
70.79	15.307279156085334
70.8	20.293087135367514
70.81	16.310630917389368
70.82000000000001	20.48683072721203
70.83	18.975008324623364
70.84	19.088331661593756
70.85000000000001	1.4453047995507122
70.86	0.4234308996845392
70.87	-3.4894476723271444
70.88	-4.578127361125445
70.89	-12.351154225596432
70.9	-9.657144102524654
70.91	-2.8667382387435847
70.92	-0.049871531164205014
70.93	-4.489243756361936
70.94	-12.889718454029602
70.95	-24.960478498277084
70.96000000000001	-31.594675719015495
70.97	-24.390562644628407
70.98	-13.71436975474814
70.99	-11.210892211536486
71.0	-4.148123058837285
71.01	-0.08473243694101429
71.02	-1.3366521993564748
71.03	-1.0870523021193708
71.04	-1.295423745795675
71.05	-2.8895727606933654
71.06	-6.261490804464019
71.07000000000001	-4.644910558985898
71.08	-0.4375401766685779
71.09	3.9671495265657333
71.10000000000001	1.208070361460712
71.11	0.6105581761206026
71.12	0.017671406617847073
71.13	-3.052424358383693
71.14	-7.574262083551544
71.15	-19.34629680977422
71.16	-15.001876596851865
71.17	-9.040749244875535
71.18	-5.345301097117868
71.19	-8.489713372806207
71.2	-3.363662915665965
71.21000000000001	-8.955831559027065
71.22	-11.870149031643205
71.23	-11.572864481866409
71.24	-33.329199230711914
71.25	-21.63973474651515
71.26	-17.33065158825411
71.27	-18.11969127437161
71.28	-14.142199163849197
71.29	-15.247237540029927
71.3	-4.816150740261519
71.31	-3.0140738797430955
71.32000000000001	-2.081479775981156
71.33	-0.22623689188020002
71.34	2.4124314432593743
71.35000000000001	1.7776979515497222
71.36	1.3803986409392313
71.37	-1.55947700797354
71.38	-4.802038902730937
71.39	-4.120969181570979
71.4	-1.7543272599929247
71.41	-1.7518716997881618
71.42	-1.5706713685975167
71.43	-3.0745738538449174
71.44	-0.0736082171236786
71.45	-0.42685853242136557
71.46000000000001	0.7809152659556431
71.47	1.1249227158491149
71.48	0.44730942833584114
71.49	6.4530553224100995
71.5	7.303964522136326
71.51	2.508015153456519
71.52	-2.276868331255709
71.53	-9.201828673476479
71.54	-15.128365959978565
71.55	-14.169739194975444
71.56	-20.50539132689117
71.57000000000001	-12.917423879242222
71.58	-4.164355326767356
71.59	-6.566887630108278
71.60000000000001	-8.759055452430243
71.61	-5.806825775976395
71.62	-12.237398682817972
71.63	-13.608929443501495
71.64	-25.417903701341096
71.65	-27.067652091097475
71.66	-21.7730034205607
71.67	-4.969813897565846
71.68	-1.470786988111463
71.69	-2.4004476747830505
71.7	-2.190861426072306
71.71000000000001	0.17007327563112745
71.72	-0.07916923474717542
71.73	-4.465745797656144
71.74	-2.1547678540037416
71.75	-7.180483565513607
71.76	-6.318648461316711
71.77	-14.275969094557746
71.78	-28.957190561098898
71.79	-17.57958196989292
71.8	-14.87141240403571
71.81	-24.67063848806924
71.82000000000001	-14.075356440979428
71.83	-11.695524056881236
71.84	-17.38185943711965
71.85000000000001	-17.543214748844903
71.86	-18.85573764593274
71.87	-15.870837981572162
71.88	-13.328332640115079
71.89	-14.073244316146098
71.9	-20.719327963804215
71.91	-5.2581083314595745
71.92	-3.341156258574757
71.93	-0.27623935544589906
71.94	2.7363532172605005
71.95	1.6874346807406513
71.96000000000001	-0.011101817698260947
71.97	-2.066031647398905
71.98	-2.3629030166516056
71.99	0.3005783391257364
72.0	1.6332906438947188
72.01	0.3090928280432767
72.02	0.022633178585730825
72.03	5.803112789426142
72.04	3.8615245129162816
72.05	8.82710566787898
72.06	7.878833676715194
72.07000000000001	11.223240672607531
72.08	16.816044828260694
72.09	9.93766061996263
72.10000000000001	15.55178822392782
72.11	13.54047732444166
72.12	4.3252587330596945
72.13	5.308696270103084
72.14	7.517362304022946
72.15	9.15721141986005
72.16	11.956822365313892
72.17	10.576345762992414
72.18	11.070549654688014
72.19	2.576207838858334
72.2	1.9933316428201657
72.21000000000001	4.185649675192254
72.22	4.427101315426198
72.23	1.868999629916902
72.24	1.9369852758545338
72.25	-1.4469475895737587
72.26	-0.36274515390658335
72.27	-2.101819107692966
72.28	-0.6795569441837384
72.29	-0.32413661844328673
72.3	-1.7423920519399076
72.31	1.4830959136676396
72.32000000000001	5.734031739578831
72.33	3.499492821125101
72.34	6.4685526567456515
72.35000000000001	12.956937281369457
72.36	7.157019975006603
72.37	5.345126613331981
72.38	5.9833666791269025
72.39	2.959392762323436
72.4	0.07592033941688152
72.41	3.5966109791460283
72.42	5.39691809392762
72.43	4.288269504221524
72.44	0.42979409080616815
72.45	1.8350624769892387
72.46000000000001	3.637152672250233
72.47	2.7929104716246114
72.48	2.441946355269326
72.49	0.28762448281188785
72.5	2.500012079985546
72.51	9.439445511881937
72.52	6.623055589797215
72.53	2.4174052603005856
72.54	2.3652973727705504
72.55	-0.47607868800078146
72.56	0.4081476360754456
72.57000000000001	0.7107954256440808
72.58	-0.5833476704707018
72.59	-3.657480123030769
72.60000000000001	-5.9433887813828274
72.61	-2.187405579679055
72.62	-6.378625465239422
72.63	-13.608265290951628
72.64	-11.899045985158093
72.65	-7.6345551138710235
72.66	-3.73109293750045
72.67	-3.5547689529094035
72.68	-0.9237531609209535
72.69	-1.1414603103201022
72.7	-0.4896975665334443
72.71000000000001	-8.165853187846018
72.72	-15.04917743038163
72.73	-5.003559471055517
72.74	-7.53404202974285
72.75	-15.091434437709484
72.76	-16.271550464854684
72.77	-7.75997028903911
72.78	-4.859983123116761
72.79	-6.353224533450333
72.8	-13.99574243899848
72.81	-18.693600335164167
72.82000000000001	-25.3610373629176
72.83	-25.107833336606497
72.84	-22.159987853039485
72.85000000000001	-42.214191201291456
72.86	-48.0749586689644
72.87	-41.30774901494195
72.88	-32.22706291112733
72.89	-33.2525313140628
72.9	-31.970139631975144
72.91	-34.60788034297272
72.92	-35.39430172485261
72.93	-44.45724930005828
72.94	-53.84777376905633
72.95	-38.07833605595461
72.96000000000001	-36.77567362640626
72.97	-27.85224363782309
72.98	-19.826885754460378
72.99	-24.270205478403337
73.0	-38.06989382243272
73.01	-35.02597746082429
73.02	-39.86309620271975
73.03	-29.036083655390108
73.04	-19.840102316361683
73.05	-25.540436142675905
73.06	-32.78909150166597
73.07000000000001	-23.231926356870073
73.08	-15.826988554888526
73.09	-37.74102662608872
73.10000000000001	-27.02467287097479
73.11	-23.269027320188364
73.12	-20.252086309897507
73.13	-19.214533892155515
73.14	-14.809685904126063
73.15	-10.47208440538272
73.16	-2.8280370377132926
73.17	-2.2574547290837605
73.18	-2.199252128555316
73.19	-1.0295830644313553
73.2	-2.3963283142682275
73.21000000000001	-2.798067875973122
73.22	-7.185571743414131
73.23	-1.6284847320317728
73.24	-1.2557883411232953
73.25	-0.7352157018064882
73.26	0.5430712198389401
73.27	0.4710646075093899
73.28	0.18106375955130072
73.29	-0.20046474595070848
73.3	-3.9375730188917193
73.31	-7.530112445535199
73.32000000000001	-1.5130917702664473
73.33	2.1782043650981304
73.34	7.795656207952558
73.35000000000001	9.909126944985895
73.36	20.905950153297795
73.37	21.461853440083768
73.38	17.46539375402219
73.39	19.344824083402028
73.4	15.231370345879112
73.41	19.963633373026358
73.42	27.09887282604165
73.43	22.236538786015167
73.44	19.97190504803653
73.45	31.147601154324974
73.46000000000001	20.19191049518769
73.47	14.763678825807048
73.48	22.26526718025966
73.49	35.28462517466944
73.5	41.000514634490614
73.51	36.455770995955014
73.52	26.23956640559474
73.53	19.96594955019642
73.54	21.7683792094074
73.55	37.17653654675664
73.56	29.624359993440454
73.57000000000001	25.939936104110576
73.58	21.330686509916305
73.59	21.121308735181547
73.60000000000001	21.161697109923928
73.61	26.629806685147816
73.62	12.63071915694993
73.63	10.818545167204206
73.64	24.02567604454917
73.65	18.55370114006409
73.66	18.39199697729808
73.67	27.861936764381785
73.68	47.168486021912834
73.69	42.10479369633476
73.7	40.67344516064506
73.71000000000001	37.30286715586868
73.72	12.918867165967537
73.73	17.790171337716615
73.74	10.523541459075814
73.75	6.502204183597231
73.76	12.84452572247439
73.77	12.174759438316013
73.78	13.459135346977169
73.79	3.786656336319762
73.8	1.6491596247750149
73.81	3.1319185320309084
73.82000000000001	14.50717254471558
73.83	6.672268797640508
73.84	2.181802783329613
73.85000000000001	5.163905110247991
73.86	8.198813515602165
73.87	3.932887788223981
73.88	4.516000120226598
73.89	3.8745232147069344
73.9	5.75362921224844
73.91	4.381259712857368
73.92	4.658185694434816
73.93	10.35606436465414
73.94	20.578078328505097
73.95	29.18833991306669
73.96000000000001	19.26800441639691
73.97	14.185525619110246
73.98	24.89570608980281
73.99	29.767134966936904
74.0	20.965754186151937
74.01	11.834955418823835
74.02	7.69673503481444
74.03	17.561636344697806
74.04	14.659472785542789
74.05	7.166443682315456
74.06	2.280112677101764
74.07000000000001	6.869068796135465
74.08	6.7448923253319135
74.09	4.340147152010724
74.10000000000001	20.54258503452209
74.11	24.46601322047952
74.12	16.40086373059527
74.13	8.440190257675098
74.14	13.15663245885352
74.15	18.211998859249082
74.16	14.268646256095854
74.17	10.368847980277263
74.18	6.582902868680025
74.19	2.7969577570881645
74.2	0.9142947111864835
74.21000000000001	-3.1087756204807824
74.22	-7.201547291704779
74.23	-6.14824023810865
74.24	-6.018011934765982
74.25	-0.35193788569881435
74.26	-0.9968499222286337
74.27	-0.7969292340091733
74.28	-6.228566038113227
74.29	-1.690922922249812
74.3	-2.5551692736221217
74.31	-3.0793084259027896
74.32000000000001	-3.889405607614449
74.33	-5.357569032039664
74.34	-2.824373552963938
74.35000000000001	-3.553254033446968
74.36	-2.0034431333055482
74.37	-7.6573932779367855
74.38	-5.247320198535131
74.39	-4.6278008702288655
74.4	-7.166571039961451
74.41	0.7914942807669749
74.42	0.2775766551049613
74.43	0.017727682707336403
74.44	-1.7016504329990956
74.45	0.24376289613412627
74.46000000000001	-0.08657832226113422
74.47	2.9983927856478014
74.48	12.274906936425083
74.49	6.128661299054511
74.5	7.696934649756099
74.51	5.301751606526246
74.52	10.277543510021966
74.53	8.935540070559837
74.54	7.529142999782908
74.55	4.060968625594994
74.56	4.028040676120789
74.57000000000001	2.7654190022197738
74.58	0.8707680927910441
74.59	0.5471211574460902
74.60000000000001	2.5417114741610134
74.61	0.11600201434078297
74.62	2.346225387729642
74.63	7.796631116694298
74.64	9.388627655073735
74.65	10.516182482288755
74.66	28.682136642030876
74.67	26.52846811244764
74.68	18.22326370238914
74.69	7.456743589132778
74.7	12.707829766855443
74.71000000000001	39.98563864643317
74.72	29.25926545675281
74.73	19.83503190373123
74.74	35.21210890045083
74.75	32.45883185209282
74.76	25.420126859946354
74.77	18.764360933605996
74.78	20.33968685565143
74.79	18.85836307408187
74.8	22.551428572603758
74.81	20.339311649811354
74.82000000000001	6.94228010023972
74.83	6.522274159996491
74.84	18.587297750951247
74.85000000000001	27.709557304928573
74.86	28.018550046208194
74.87	23.48548079456838
74.88	18.572556978162904
74.89	16.676707971556368
74.9	18.88292420604146
74.91	16.895716136281365
74.92	13.412400969986852
74.93	16.402194981041426
74.94	11.295235640483957
74.95	10.36068784661727
74.96000000000001	2.71331214301566
74.97	3.6870141195614767
74.98	2.3679709012716854
74.99	-3.4282950143356627
75.0	1.2162160924324894
75.01	6.020224183208501
75.02	8.051077413316822
75.03	0.7570504926653361
75.04	5.5798187006383655
75.05	3.381502368739363
75.06	2.009949786820888
75.07000000000001	4.118910630663903
75.08	2.126706955626021
75.09	2.955822061294011
75.10000000000001	5.0116081638080505
75.11	0.5189034414467402
75.12	1.973394659214156
75.13	0.6380909611527948
75.14	-4.185354908534186
75.15	-2.286074539205515
75.16	-5.558917030292918
75.17	-12.114779231560027
75.18	-4.4707077042481265
75.19	-7.1617769349970235
75.2	-6.697333136279632
75.21000000000001	-4.0971294680803405
75.22	-0.2897230042150892
75.23	1.1997492137748325
75.24	4.111661679607747
75.25	11.43210847466957
75.26	5.858985152617979
75.27	9.523398426902752
75.28	8.845732278369828
75.29	9.72418539024362
75.3	15.36731409823828
75.31	10.818319616018082
75.32000000000001	24.719860267194594
75.33	25.2197042182109
75.34	26.0145325080793
75.35000000000001	26.797649659363437
75.36	17.807397348705624
75.37	10.30689701618384
75.38	17.374765796132397
75.39	12.806341061798397
75.4	12.827973321136596
75.41	17.82121844279708
75.42	14.886716364165771
75.43	14.73975399872245
75.44	15.15077677053774
75.45	16.46455816356997
75.46000000000001	25.220033495453904
75.47	13.8645497685298
75.48	17.969959869142084
75.49	24.97085348907444
75.5	18.911502755769316
75.51	12.356313451985795
75.52	34.23238566443485
75.53	31.68699318178114
75.54	29.61300712746363
75.55	24.21742176549379
75.56	23.907725284368773
75.57000000000001	32.78976621334859
75.58	29.191434949615527
75.59	22.11353631403531
75.60000000000001	16.093300373201977
75.61	6.479117766262812
75.62	0.6276208699076576
75.63	3.0224237361917132
75.64	3.462590138443183
75.65	2.7949975017572726
75.66	11.141175082188724
75.67	8.868374477494244
75.68	6.465352680607555
75.69	4.618993119403624
75.7	4.567379216909098
75.71000000000001	4.2693008100538625
75.72	7.809229853623187
75.73	5.530348266639482
75.74	2.524982693324938
75.75	-0.3693033014920401
75.76	2.967129207268519
75.77	1.5423061122936252
75.78	2.2070755475050405
75.79	1.3392438584693735
75.8	-3.102163140603509
75.81	-4.0447266343252855
75.82000000000001	-1.1039716145053844
75.83	-2.6280277174279334
75.84	-1.8531633512293992
75.85000000000001	-0.5446111189851508
75.86	-2.1002182198500825
75.87	-2.1542670331558367
75.88	-6.235747825982147
75.89	-9.521692475832133
75.9	-11.074742502559468
75.91	-5.060427291823801
75.92	-2.701832887147406
75.93	-12.547280427027456
75.94	-9.490096149865272
75.95	-5.576167128901045
75.96000000000001	-8.155359437624611
75.97	-7.231030006516497
75.98	-1.7455171541459276
75.99	0.5379325668285988
76.0	-7.015849303368042
76.01	-11.130475762623243
76.02	-17.595002644901548
76.03	-14.63565361795124
76.04	-33.359527318004005
76.05	-37.17696712942711
76.06	-34.4714200401112
76.07000000000001	-18.92535825466367
76.08	-28.738512337509356
76.09	-28.72892323339746
76.10000000000001	-16.12042959738234
76.11	-8.634504942952942
76.12	-8.692833210483688
76.13	-13.87075930114986
76.14	-10.247064304613978
76.15	-12.82749555014353
76.16	-19.41234810653546
76.17	-34.98060690269465
76.18	-33.15621131105275
76.19	-36.41376716925799
76.2	-36.09902977664903
76.21000000000001	-38.167824693168335
76.22	-28.287056977634197
76.23	-34.41116385134492
76.24	-30.306792847949435
76.25	-24.67146761094636
76.26	-14.671261515265611
76.27	-23.01040941592468
76.28	-18.455789293815148
76.29	-12.438474735091228
76.3	-7.829780426843815
76.31	-4.802618318346952
76.32000000000001	-3.2891207544007326
76.33	-0.6202295172857477
76.34	1.8421194126211842
76.35000000000001	1.274345920442819
76.36	1.384141877881122
76.37	2.109243241901914
76.38	-0.960505351425555
76.39	-8.243158238480182
76.4	-18.686711148688545
76.41	-22.201313124600144
76.42	-25.46371726528268
76.43	-15.057037858694976
76.44	-12.315960327446698
76.45	-10.080673620540002
76.46000000000001	-4.902584490044349
76.47	-13.008127578640996
76.48	-19.53953433185384
76.49	-24.676680192413937
76.5	-21.989506317004473
76.51	-21.94336314631726
76.52	-25.19865636297365
76.53	-18.400228607269177
76.54	-36.925941812167416
76.55	-39.40733980634983
76.56	-39.76322267877491
76.57000000000001	-28.802177959732482
76.58	-24.94915820587673
76.59	-26.311309278871033
76.60000000000001	-23.833420359246176
76.61	-26.501930761918157
76.62	-22.25220186552418
76.63	-36.278147245704105
76.64	-30.75257532721068
76.65	-26.257010607212777
76.66	-29.066885661354256
76.67	-30.5144391404736
76.68	-22.612544753779158
76.69	-16.483953207060118
76.7	-13.892355577666848
76.71000000000001	-19.25390662847472
76.72	-28.708858287068026
76.73	-29.89090212525321
76.74	-33.03138115780781
76.75	-15.248452470470587
76.76	-16.803425063206323
76.77	-12.692266058854942
76.78	-31.899548526834753
76.79	-36.01490529810908
76.8	-33.65618861934208
76.81	-29.525002688741115
76.82000000000001	-28.78995435894795
76.83	-30.72475920153209
76.84	-28.324682068335427
76.85000000000001	-22.122307844986466
76.86	-19.454401144405633
76.87	-18.675984872949147
76.88	-16.694408635631465
76.89	-17.52150329747914
76.9	-31.94656406187484
76.91	-25.17042870260714
76.92	-18.801354674523004
76.93	-14.686979447421647
76.94	-14.917787022033036
76.95	-14.623499261730428
76.96000000000001	-11.614316008905863
76.97	-15.830431523907263
76.98	-14.443790811237875
76.99	-29.185313913155092
77.0	-30.148316585809876
77.01	-30.491123692313558
77.02	-17.893712803580193
77.03	-19.14872763011592
77.04	-21.88695316023867
77.05	-16.919677605286047
77.06	-20.690350557018654
77.07000000000001	-17.280276734088783
77.08	-5.617122999193539
77.09	-1.0726166462463513
77.10000000000001	0.6917095847061135
77.11	1.557200618183244
77.12	-1.1726727683631315
77.13	0.804793838024984
77.14	1.2608016551329453
77.15	2.239891970387309
77.16	4.256928377637115
77.17	5.764483861028483
77.18	3.369217692770497
77.19	4.433478231784585
77.2	0.9552419294658333
77.21000000000001	1.214341078488993
77.22	-1.0786293693969602
77.23	-3.5488683798319003
77.24	-2.883655178875433
77.25	-2.0088081576903947
77.26	0.8752133579417241
77.27	0.4157653925732304
77.28	0.5543531829727213
77.29	-0.022574823778205855
77.3	-0.8407946088635414
77.31	-2.0908676525010077
77.32000000000001	1.6513090874142797
77.33	-0.011629393133565813
77.34	-1.8269560691196045
77.35000000000001	-4.862253591272735
77.36	-16.937435278210927
77.37	-19.14248504878421
77.38	-9.194859941252204
77.39	-6.3835619391243155
77.4	-11.001241510906244
77.41	-6.524537544127085
77.42	-7.356465745790703
77.43	-5.390924423860884
77.44	-5.746228136606324
77.45	-8.886368087692636
77.46000000000001	-3.8865979066397496
77.47	-2.6297385461172196
77.48	-3.689993732552223
77.49	-4.520409002671365
77.5	-1.9136048314532401
77.51	-2.1022475898151063
77.52	-3.4272604348709264
77.53	-7.608826339740029
77.54	-9.224491170420817
77.55	-7.136500858821616
77.56	-10.997266741674922
77.57000000000001	-9.161069995982519
77.58	-3.615572368278845
77.59	-9.820232318285532
77.60000000000001	-3.8543688896705324
77.61	1.1354611138137902
77.62	0.5324692958324548
77.63	0.3982436191425359
77.64	3.396208482133339
77.65	3.5490121613725965
77.66	2.509101021328916
77.67	4.17984164867357
77.68	4.597761836303591
77.69	1.6805549413762424
77.7	-3.3503363738699408
77.71000000000001	-1.1563756713846172
77.72	-2.757616908444272
77.73	-0.8341972164365955
77.74	-4.78758276424958
77.75	-1.987206243049269
77.76	-5.127393600984789
77.77	-0.5992244687511792
77.78	-2.7286551456472115
77.79	-6.003348602849407
77.8	-7.4519424987693546
77.81	-5.245999566447928
77.82000000000001	-0.5403601070712553
77.83	-8.386608780571061
77.84	-7.2372214377409945
77.85000000000001	-25.202617327546402
77.86	-5.82664568497918
77.87	-4.129615223338428
77.88	-5.558090441007022
77.89	-8.618060589458205
77.9	-9.062481993308097
77.91	-7.249515433529062
77.92	-12.073738303845635
77.93	-29.931780254326224
77.94	-26.551022103436008
77.95	-29.434213561178954
77.96000000000001	-35.96406942135452
77.97	-23.245232635996313
77.98	-22.39376015621954
77.99	-15.217979544351037
78.0	-8.853933038424675
78.01	-2.5461238028515676
78.02	3.0231323550306066
78.03	4.009279014554578
78.04	6.6738910829481535
78.05	7.9513473064586835
78.06	3.0428618989751146
78.07000000000001	3.7529945496496113
78.08	1.4808774718607136
78.09	-0.5255105541188406
78.10000000000001	-0.0973332788216317
78.11	2.00660191990893
78.12	-1.5370139367495583
78.13	-0.4950528903353803
78.14	1.7644732301282906
78.15	2.672519557521076
78.16	1.1566690780641657
78.17	-0.9365659665025259
78.18	2.656154346143333
78.19	-1.7572064468832518
78.2	-0.5606660128788568
78.21000000000001	3.6791971813394815
78.22	4.664633662004405
78.23	2.168277111405736
78.24	1.667376911842248
78.25	-1.7233010189726767
78.26	-2.5814583464655976
78.27	-0.8277858307596029
78.28	0.49457659117202435
78.29	0.11966515337995358
78.3	0.2341781440488887
78.31	3.270009383491781
78.32000000000001	15.816856617896672
78.33	25.040241859909134
78.34	20.396496149537818
78.35000000000001	20.48175027612453
78.36	16.78496977453567
78.37	34.55150532022471
78.38	37.07558493308969
78.39	37.212699112815855
78.4	31.62042256706987
78.41	22.466280539574935
78.42	26.760439951696434
78.43	28.79829193278521
78.44	30.957883289714776
78.45	33.48863173341847
78.46000000000001	35.25727459012716
78.47	27.942177748253947
78.48	13.347140804831696
78.49	13.664676841362077
78.5	11.961250098922049
78.51	18.037572108597757
78.52	22.824767788226456
78.53	28.529883014605396
78.54	25.074019348160956
78.55	17.216672622567135
78.56	12.382182544471327
78.57000000000001	17.029114688661714
78.58	16.566195836940715
78.59	26.743011967989407
78.60000000000001	12.921154853088598
78.61	14.53173739304222
78.62	13.447805795754421
78.63	13.195681134304724
78.64	4.920033404860076
78.65	6.485237440140784
78.66	10.433717301949253
78.67	9.316414857102885
78.68	14.421781289540608
78.69	23.549532055906166
78.7	27.056848763882478
78.71000000000001	18.583335492483524
78.72	17.99308460307679
78.73	14.219351748578415
78.74	13.468934853506834
78.75	10.808772250914304
78.76	6.045841757107312
78.77	2.2703835737701374
78.78	6.649032160248506
78.79	3.991373118871567
78.8	21.54661039431456
78.81	21.931957913815697
78.82000000000001	23.768492306493584
78.83	14.561963976050187
78.84	17.993454629308385
78.85000000000001	11.43080645176667
78.86	5.076702901465017
78.87	0.7108377791109649
78.88	-1.3856834012205703
78.89	0.48160244366769694
78.9	1.1096845486766356
78.91	3.57585675006606
78.92	-0.7681487402618786
78.93	1.4305654486968085
78.94	-0.3731636437069735
78.95	4.327861554386235
78.96000000000001	7.752494282274353
78.97	13.332525882194114
78.98	5.4785870003633015
78.99	7.168285746121205
79.0	10.472927758326335
79.01	8.002036510589896
79.02	8.965020598417379
79.03	6.950828096594278
79.04	6.875760153839144
79.05	1.5305537406204315
79.06	0.13777917790120298
79.07000000000001	-1.8576460881224988
79.08	-3.3504793800102894
79.09	-0.7370020601101025
79.10000000000001	0.08288204911952965
79.11	1.2948352387729913
79.12	1.6336158473248035
79.13	1.130743834111437
79.14	2.6700614461558536
79.15	2.929069558435221
79.16	3.5314865566384026
79.17	12.77744808621164
79.18	11.464233439354047
79.19	11.697476967866463
79.2	8.239649099371425
79.21000000000001	6.375263291820295
79.22	4.180206978016517
79.23	1.5246368565225157
79.24	-0.273011092474449
79.25	2.012158650899913
79.26	0.7962152095087239
79.27	4.500262788555315
79.28	1.0597024354469367
79.29	-2.5615961302936636
79.3	-0.340107163446127
79.31	-2.1989649396124396
79.32000000000001	0.2605932774973242
79.33	-0.1765865752205391
79.34	-0.8456514523307554
79.35000000000001	-3.326062019286158
79.36	-1.4241110030645334
79.37	-1.2536274373160632
79.38	-1.9738930868407296
79.39	-3.217475508975517
79.4	-4.734709420806454
79.41	-4.388884324881991
79.42	-4.543218310834767
79.43	-4.899282003797574
79.44	-5.20502969081297
79.45	-2.8264528031614566
79.46000000000001	-10.418779396990374
79.47	-17.35444408643852
79.48	-14.180536616621605
79.49	-4.03607647751426
79.5	-0.628138560935577
79.51	-0.8457381071328539
79.52	-7.108160474291372
79.53	-5.22281098918637
79.54	-8.320372682233252
79.55	-15.104006840319075
79.56	-25.33894649292822
79.57000000000001	-23.015720246056308
79.58	-26.461774478811236
79.59	-38.727272142743665
79.60000000000001	-31.983746569744856
79.61	-24.497577804740136
79.62	-20.82661138138647
79.63	-13.523339491267485
79.64	-14.532515184783975
79.65	-17.42119497977794
79.66	-13.281626517579882
79.67	-16.737373764406005
79.68	-27.364225206392284
79.69	-36.64800684173087
79.7	-34.14329808358978
79.71000000000001	-34.084975532161366
79.72	-40.03211526302342
79.73	-32.751904424305174
79.74	-33.64410228748922
79.75	-24.333040100864277
79.76	-13.568580645660898
79.77	-14.168721318591192
79.78	-14.318357296824045
79.79	-11.978391642013188
79.8	-14.276704347615876
79.81	-16.94185581320098
79.82000000000001	-22.136328281422767
79.83	-15.401699785245864
79.84	-30.650994678960643
79.85000000000001	-24.4291647132582
79.86	-39.17534828490158
79.87	-22.186473521195502
79.88	-10.979955113383921
79.89	-8.757019386328567
79.9	-10.521459724339403
79.91	-13.249987663804214
79.92	-12.107776444292286
79.93	-16.899743134392352
79.94	-11.423944018002937
79.95	-31.734586309364794
79.96000000000001	-23.08851709630303
79.97	-26.088319245335942
79.98	-26.288349126059153
79.99	-28.074627120284422
80.0	-18.940690753908903
80.01	-16.822570198010588
80.02	-13.427355594940085
80.03	-10.125790214708097
80.04	-6.977385960269345
80.05	-11.65918400328714
80.06	-11.322338512477558
80.07000000000001	-6.927690060053727
80.08	-7.111649188631289
80.09	-8.32484609782234
80.10000000000001	-7.544837297359718
80.11	-4.974951371463963
80.12	-10.563323527692463
80.13	-14.033723965280297
80.14	-9.503819935547472
80.15	-11.834610566477195
80.16	-23.840093975952584
80.17	-23.84170158952273
80.18	-32.41016414795321
80.19	-27.169964080451876
80.2	-23.167573284669974
80.21000000000001	-26.471800151276476
80.22	-21.76185668892406
80.23	-23.66062603457008
80.24	-13.014919597794302
80.25	-31.319059148195322
80.26	-32.997934542918195
80.27	-35.83986174769901
80.28	-30.730449962532354
80.29	-30.267379065164118
80.3	-25.052999096793357
80.31	-18.88531619966933
80.32000000000001	-9.060316048855732
80.33	-11.593775256181804
80.34	-11.588633861032145
80.35000000000001	-7.699814278793511
80.36	-2.1701384745509373
80.37	-1.9615317029315433
80.38	-4.081102149875863
80.39	-13.146866438083897
80.4	-9.824939305784273
80.41	-19.52389425460026
80.42	-24.469697986741753
80.43	-28.3301243928277
80.44	-33.99286492249387
80.45	-25.85980014679791
80.46000000000001	-25.08903098847395
80.47	-17.335780411397213
80.48	-22.670361066192893
80.49	-30.233249861349762
80.5	-28.654156774793254
80.51	-32.47070503285668
80.52	-34.020336158619756
80.53	-27.90172346602042
80.54	-17.498868531106485
80.55	-18.00325743661391
80.56	-13.056406655249326
80.57000000000001	-24.132444173441314
80.58	-21.306894438521194
80.59	-17.87187859185398
80.60000000000001	-15.348457690483338
80.61	-18.290270716129847
80.62	-23.653754271370023
80.63	-21.5900882649543
80.64	-20.419814791678633
80.65	-19.34986399051867
80.66	-28.89435898894903
80.67	-28.813220948914573
80.68	-26.008764787067555
80.69	-27.03772788729587
80.7	-20.61955517349867
80.71000000000001	-10.312437660836824
80.72	-18.23030726872681
80.73	-18.44482270228282
80.74	-18.687630531025338
80.75	-18.12525514195288
80.76	-12.78853080284787
80.77	-10.045294057220259
80.78	-13.239428938702432
80.79	-8.054022765481097
80.8	-9.077037875810861
80.81	-14.880763513018069
80.82000000000001	-12.243539646746163
80.83	-9.052955595484283
80.84	-5.904137170852884
80.85000000000001	-1.7620004254615165
80.86	1.0408022690510972
80.87	6.517203204825258
80.88	7.966625173335402
80.89	10.117860161219873
80.9	7.5176274911137995
80.91	0.7140931099994974
80.92	4.021859962398365
80.93	4.874401643649409
80.94	12.85112987523115
80.95	11.247996622921198
80.96000000000001	11.747750827872325
80.97	22.725852864076078
80.98	24.864531210638862
80.99	16.57451701726287
81.0	4.094149765824712
81.01	-0.25275127032228717
81.02	-0.06948411966394125
81.03	-1.0871229588972908
81.04	0.5369267252731064
81.05	4.465264241959059
81.06	9.901077816978894
81.07000000000001	19.61896951249191
81.08	25.571573758186055
81.09	23.08285394872025
81.10000000000001	35.36511088091465
81.11	30.267546198212447
81.12	26.744520534039047
81.13	23.5572876650555
81.14	18.413518634032187
81.15	25.681263321714894
81.16	16.18105241851937
81.17	8.508396085125888
81.18	10.32041495721962
81.19	5.890737376912387
81.2	8.266027686188608
81.21000000000001	5.279800255773203
81.22	2.6704638182980585
81.23	2.5912134834078056
81.24	2.6429104567496564
81.25	0.06089915136911209
81.26	0.7572520288560933
81.27	3.1713464852565187
81.28	0.7211884344943335
81.29	0.19912922253047588
81.3	-0.9025050852685995
81.31	3.5514611327850205
81.32000000000001	5.323569928165233
81.33	7.2845684708023795
81.34	15.033541562253186
81.35000000000001	18.29780237064702
81.36	14.97418868135351
81.37	23.662140094461318
81.38	18.98050970770096
81.39	12.45306312835852
81.4	10.209575254473735
81.41	19.323757917274047
81.42	20.538197248664805
81.43	21.1829561526452
81.44	28.741426474237034
81.45	26.873008812572692
81.46000000000001	30.745282907167066
81.47	29.439921687795
81.48	15.563554375262063
81.49	14.25138901336798
81.5	28.62968790312447
81.51	47.46571413789192
81.52	35.50165669334139
81.53	26.777073104544012
81.54	25.452188584213854
81.55	22.95970449470457
81.56	15.7649913621046
81.57000000000001	18.756761295526744
81.58	15.778352358265986
81.59	33.42226137949085
81.60000000000001	34.78462720295218
81.61	51.72062223922958
81.62	42.97362981494492
81.63	30.09279364329539
81.64	22.27264518528543
81.65	24.039516883573896
81.66	21.43535925796644
81.67	19.927708659219025
81.68	40.41446974360355
81.69	38.50315731409466
81.7	27.50510309568681
81.71000000000001	25.40911190936106
81.72	24.35170076550513
81.73	20.701264586374734
81.74	24.149794879661027
81.75	34.336427321365605
81.76	32.6727381940295
81.77	38.367456869906064
81.78	23.163822734268052
81.79	16.258021691483787
81.8	26.29436967239368
81.81	17.912374193401927
81.82000000000001	14.302449166776846
81.83	11.035962245810184
81.84	7.799833704366744
81.85000000000001	12.787808520241184
81.86	9.45707565006582
81.87	6.526245954707839
81.88	4.440020639214178
81.89	2.0953722394204535
81.9	0.5077821506026098
81.91	-0.7077703267950165
81.92	2.667408294699371
81.93	1.738413687548771
81.94	0.5366047541752248
81.95	-0.6057894320312419
81.96000000000001	-2.4153124804166546
81.97	-3.1121491509883823
81.98	-4.4926574391013165
81.99	-5.750846565985776
82.0	-11.354147779476403
82.01	-11.080268229569304
82.02	-11.616470447279212
82.03	-14.919059130523909
82.04	-7.845756723939147
82.05	-7.065028317369527
82.06	-20.065507985688484
82.07000000000001	-16.98455398792845
82.08	-23.06565777012235
82.09	-10.081357122172404
82.10000000000001	-14.055576388252625
82.11	-6.940345677083073
82.12	-10.59306481941135
82.13	-7.689573821597855
82.14	-5.821611646626524
82.15	-7.907262584571275
82.16	-12.570714223130656
82.17	-15.8563294247247
82.18	-31.70407112996609
82.19	-20.041764715583962
82.2	-16.20421283875041
82.21000000000001	-17.90024486545324
82.22	-11.803476424657411
82.23	-15.905897736355385
82.24	-20.843235878144146
82.25	-14.878057235564784
82.26	-8.600160715010105
82.27	-4.7463080956225205
82.28	-8.413848181399265
82.29	-14.989039478092451
82.3	-21.659925421713858
82.31	-8.371870503143828
82.32000000000001	-6.899832650722651
82.33	-11.110073131988756
82.34	-18.62410300398831
82.35000000000001	-44.79093924749214
82.36	-29.10892517712585
82.37	-28.562260030812016
82.38	-22.032754793880237
82.39	-23.25276877984047
82.4	-29.78079662650494
82.41	-28.64729513138067
82.42	-41.524349338472746
82.43	-40.882314675996604
82.44	-27.472008609657813
82.45	-26.133077665775446
82.46000000000001	-20.17247717886955
82.47	-13.984636699686265
82.48	-12.791683331142783
82.49	-12.657863105025118
82.5	-21.697808858927527
82.51	-15.583939633124022
82.52	-23.415872776955936
82.53	-18.30073510708343
82.54	-10.864234623259915
82.55	-18.229669866497527
82.56	-38.07441904814403
82.57000000000001	-38.754255539492235
82.58	-39.660685082813885
82.59	-38.33709096414777
82.60000000000001	-27.211973973640482
82.61	-17.19062847119545
82.62	-14.672400278525588
82.63	-7.859745014173587
82.64	-3.0428945559516754
82.65	-10.936022850715782
82.66	-9.84055841828521
82.67	-8.802315828348712
82.68	-7.426615407269856
82.69	-7.452778335643741
82.7	-2.364510579544786
82.71000000000001	1.6578223261895655
82.72	3.039479721303981
82.73	9.792264936983255
82.74	8.057730426575095
82.75	16.13701280704423
82.76	22.511981487529958
82.77	10.397656020491837
82.78	8.978552219782436
82.79	1.928598549659946
82.8	0.31970725428211055
82.81	-2.563056622684732
82.82000000000001	-0.192698019547344
82.83	5.679426256655598
82.84	5.436566751416439
82.85000000000001	7.873636115132904
82.86	2.9640182083644637
82.87	2.3679471751243786
82.88	-0.7534897454994168
82.89	-5.145750593201357
82.9	-4.122106884267221
82.91	-0.030378403433221606
82.92	13.772652238005431
82.93	7.131159272926835
82.94	10.580254180937748
82.95	18.684524298086977
82.96000000000001	15.301688326366552
82.97	4.871073146502712
82.98	2.9112776864873897
82.99	5.893919286007663
83.0	0.20801274598382802
83.01	-0.34669932031535766
83.02	-1.041710601497418
83.03	2.2502136590658166
83.04	0.44450039732878155
83.05	-0.08751712310927971
83.06	-2.617739046105317
83.07000000000001	-5.651987845860546
83.08	-9.486445807519589
83.09	-3.9376787234109383
83.10000000000001	0.37225590653953256
83.11	-0.023255019419580598
83.12	-3.268782742885932
83.13	-2.3529325853180323
83.14	-0.8410821147892812
83.15	-1.6872292081204392
83.16	-2.266402210133515
83.17	-5.618249901390841
83.18	-6.803614248646269
83.19	-4.519424806431855
83.2	-1.371741207134317
83.21000000000001	-1.4170168662626914
83.22	-3.6618862730235144
83.23	-2.7146811344529653
83.24	-1.502128383393518
83.25	2.7541335455527625
83.26	1.4889731007467362
83.27	-0.4387165907509206
83.28	-1.3319045359945703
83.29	-3.930109207767355
83.3	-4.313842878865605
83.31	-5.625517821758963
83.32000000000001	-1.5216061651850252
83.33	2.024358782310196
83.34	-1.656894131330298
83.35000000000001	-9.616495317523533
83.36	-9.265211039835691
83.37	-4.195492925476583
83.38	-5.507692880592808
83.39	-3.448870350659119
83.4	-7.195747042299103
83.41	-10.76714102018306
83.42	-9.136098121555316
83.43	-6.829547714861624
83.44	-12.590172318045122
83.45	-6.5898239823977285
83.46000000000001	-1.9749850524671357
83.47	-1.0216112922924627
83.48	-1.1116806819860081
83.49	-4.6469481741996495
83.5	-8.337440617258265
83.51	-7.9652156212476655
83.52	-0.3440443251189096
83.53	-2.4238488731384202
83.54	-4.784551189267652
83.55	-7.978551922518362
83.56	-10.16759991475638
83.57000000000001	-11.058006429514762
83.58	-5.493842692566401
83.59	0.3010996319850898
83.60000000000001	0.36808038239908497
83.61	5.694989232242218
83.62	12.007046361553178
83.63	1.8688556393613904
83.64	2.723236416605075
83.65	1.185299443316108
83.66	1.383350805583343
83.67	-1.0126327292991617
83.68	-1.2876379041695893
83.69	-1.362649852881137
83.7	-1.768702112327033
83.71000000000001	-4.122823369489805
83.72	-2.8870696119434607
83.73	0.3708698263790137
83.74	0.2585273757713282
83.75	-0.27343010711649296
83.76	1.9655788202589537
83.77	-1.519606944799715
83.78	0.5563831375120794
83.79	0.22245265849614723
83.8	-7.2793041843818385
83.81	-0.26718740359503873
83.82000000000001	-0.4632120299796818
83.83	0.766811246097687
83.84	1.0031424346242916
83.85000000000001	1.592263748165716
83.86	4.0888813295122715
83.87	4.997344348985058
83.88	5.594096053745977
83.89	5.684443937122604
83.9	7.238387434531684
83.91	9.395886258501271
83.92	12.522958848711989
83.93	5.764359611840397
83.94	9.825551222774736
83.95	6.384267583182793
83.96000000000001	5.754520187916067
83.97	5.121976518746953
83.98	2.7255653150483314
83.99	7.309673386843303
84.0	-1.444850354421408
84.01	-10.282489310061166
84.02	1.2658895864578643
84.03	-1.3155007442269677
84.04	-3.0482148245973524
84.05	-4.880231487963161
84.06	-4.077833790375958
84.07000000000001	-10.782203971490157
84.08	-13.988532894888413
84.09	-5.917730343778502
84.10000000000001	-15.93633487834382
84.11	-10.239651082148965
84.12	-10.552011674990554
84.13	-18.43595572210936
84.14	-22.677495383219206
84.15	-18.657398989643024
84.16	-6.915570299589532
84.17	-3.6075309099791393
84.18	-11.810537969967998
84.19	-14.076699488292183
84.2	-17.523021494478662
84.21000000000001	-12.524070150900256
84.22	-14.554186825347175
84.23	-17.952993221668454
84.24	-16.487394044251417
84.25	-6.417964884590813
84.26	-15.041866876112326
84.27	-19.529254057640376
84.28	-21.749068747166174
84.29	-17.352156247088992
84.3	-13.355077020030457
84.31	-12.79762585587789
84.32000000000001	-12.107688088829574
84.33	-11.562455791050171
84.34	-24.778435920316582
84.35000000000001	-19.247720284878408
84.36	-9.767399444168449
84.37	-12.4513723835519
84.38	-9.561451029497391
84.39	0.05045223768575982
84.4	1.5922914831904738
84.41	-1.4931522928283751
84.42	-2.5550804939000673
84.43	0.1321730744328397
84.44	1.7964679078157721
84.45	7.58755239053875
84.46000000000001	5.966783431593884
84.47	7.29075428537466
84.48	1.3945968157027901
84.49	-1.5470189295337253
84.5	2.421259809962181
84.51	3.703658647506519
84.52	3.616284684636381
84.53	6.802736933671511
84.54	16.226841823387957
84.55	25.64951220378691
84.56	25.792905902559056
84.57000000000001	14.522680780226937
84.58	18.38263256206397
84.59	15.996828339467758
84.60000000000001	9.901989242471059
84.61	5.151625127702492
84.62	3.140110584224736
84.63	-2.020066206451866
84.64	-2.4730688173766002
84.65	-0.5445577509452584
84.66	-1.518754772295833
84.67	-1.8807883682422792
84.68	-2.205520103722219
84.69	-7.44686680681272
84.7	-12.816052152336807
84.71000000000001	-4.667637462669606
84.72	-2.12737414551666
84.73	-1.2466524793638192
84.74	-2.2489412756076153
84.75	-0.72360117300894
84.76	-3.0324039865790358
84.77	-3.0209482952028663
84.78	-6.242144850870679
84.79	-5.015753482292195
84.8	1.0505081046775162
84.81	1.6645873124416541
84.82000000000001	0.8097815211314456
84.83	-0.42987218183714915
84.84	-0.975827880265436
84.85000000000001	-0.9492781173547992
84.86	0.3045854836956675
84.87	1.595199421895677
84.88	6.7588688293556896
84.89	5.469026580310987
84.9	0.6067080710032318
84.91	2.768119264575116
84.92	3.527783936184741
84.93	4.3236405084766885
84.94	4.095400540283506
84.95	6.256954090998146
84.96000000000001	3.8076100727261495
84.97	5.7406265368260225
84.98	9.491506808016965
84.99	7.1443598248519775
85.0	7.062272806678224
85.01	5.619109978399225
85.02	5.143329408580796
85.03	0.7286735783825186
85.04	-1.7845013073453455
85.05	-0.6422153507530434
85.06	-0.8865797797737479
85.07000000000001	0.03506692132477567
85.08	-4.712156621384941
85.09	-3.3915409253960687
85.10000000000001	-1.8544393994436414
85.11	0.4167270121869314
85.12	5.410285531858232
85.13	4.837058428452419
85.14	3.0347339116462155
85.15	0.13653052172376992
85.16	-1.498041949248085
85.17	-0.6581497871328738
85.18	-3.758286912526183
85.19	-4.593345711682568
85.2	-2.2928648743811113
85.21000000000001	-1.6895091305561656
85.22	-1.1581045858175565
85.23	1.9486378058073517
85.24	11.945729263175057
85.25	12.817327024026534
85.26	16.280572908249113
85.27	4.377729960570347
85.28	0.06326879214766487
85.29	-1.0827868984689566
85.3	0.16626456261813496
85.31	2.1376263392181403
85.32000000000001	0.3956310331623284
85.33	-0.049014837683373745
85.34	-2.055115463048984
85.35000000000001	-12.099874266969636
85.36	-22.114785804341963
85.37	-19.956682215854368
85.38	-28.390141184307435
85.39	-30.533559896721048
85.4	-34.45992764040214
85.41	-32.3990343294567
85.42	-38.16060542544951
85.43	-25.68458989039338
85.44	-18.408125433768014
85.45	-17.815635125206615
85.46000000000001	-21.49736254959797
85.47	-16.095603510542016
85.48	-13.984196318528959
85.49	-11.889832406653465
85.5	-14.158640611086337
85.51	-10.917962288496863
85.52	-2.4375818165203293
85.53	-1.380104978012396
85.54	-2.1741531345463216
85.55	-0.12025507204980798
85.56	2.1554399237724224
85.57000000000001	2.1767376046904197
85.58	1.7335704252926072
85.59	2.285272290715962
85.60000000000001	1.1068159949676237
85.61	-0.14317304884789323
85.62	-0.3166618645928041
85.63	0.33290062994995157
85.64	0.06577322123450978
85.65	2.7860746446148514
85.66	3.3035265437508214
85.67	-0.15548241995941015
85.68	1.4585731695396102
85.69	1.8050326986375782
85.7	-0.21865604317940174
85.71000000000001	-3.101766567893262
85.72	-0.4631811804469845
85.73	-1.4713653029243998
85.74	-0.5866163238714825
85.75	1.4041618773812274
85.76	-0.3279106487266834
85.77	-0.2643622919187535
85.78	-0.9461860106663477
85.79	-0.1645302546067044
85.8	-1.2353105124280903
85.81	-0.8838902139442354
85.82000000000001	0.9810731874164978
85.83	3.149107221338733
85.84	2.077173325232402
85.85000000000001	1.1545559228836801
85.86	5.26661673995554
85.87	1.5604910071955218
85.88	-0.3875492754786197
85.89	-0.7793302625377562
85.9	-3.6915741204596135
85.91	-1.483254002015844
85.92	0.3229159594768475
85.93	0.14912653587260122
85.94	4.403582575664457
85.95	2.957928406498201
85.96000000000001	-0.4988855942600389
85.97	-1.6573552686796582
85.98	-2.004460115812836
85.99	-0.15942924785163956
86.0	2.4000070944582674
86.01	2.1669338302661822
86.02	-1.042549155575009
86.03	-21.528481428128263
86.04	-20.204816393341854
86.05	-21.140104609509393
86.06	-19.332272097410904
86.07000000000001	-12.118589677571215
86.08	-1.1488811607959344
86.09	3.511547163377944
86.10000000000001	-1.1199544159858514
86.11	-1.570136183119297
86.12	2.2537107578310485
86.13	2.71344555543497
86.14	2.6725249339788735
86.15	1.6758799355555216
86.16	1.6884229054117452
86.17	10.253061022041855
86.18	14.752406326860651
86.19	8.638536413823138
86.2	5.6593882938750575
86.21000000000001	9.532990624854753
86.22	-0.42386770765023685
86.23	-3.2811108513609715
86.24	-5.766165338777687
86.25	-8.657858108130645
86.26	-5.922712579303024
86.27	-2.0264769110055263
86.28	-3.1926906917193785
86.29	-7.648138887790617
86.3	-5.363158822054244
86.31	-7.3849306894673745
86.32000000000001	-9.245515937485571
86.33	-8.644595288787372
86.34	-7.6529745656228165
86.35000000000001	-9.232104204984658
86.36	-26.409463603999278
86.37	-29.11814422106887
86.38	-32.33412532227944
86.39	-36.00387726790848
86.4	-20.79493220757855
86.41	-14.014692356472134
86.42	-8.35384493577178
86.43	-2.9433546489404736
86.44	2.8142532629289794
86.45	1.281408392884284
86.46000000000001	-1.1033446188420126
86.47	-4.116466279185561
86.48	-4.417950148051286
86.49	-3.8112795347457773
86.5	0.33400497451141237
86.51	0.09023992753697771
86.52	-1.3742728083727032
86.53	2.3194608021329555
86.54	2.788989769167301
86.55	1.7698608472540018
86.56	0.540053636364116
86.57000000000001	0.2436697332539308
86.58	-1.9827234532822136
86.59	-0.5500597927070708
86.60000000000001	-1.7227804125309427
86.61	-6.295797821875027
86.62	-9.832907150083674
86.63	-12.473838576051273
86.64	-9.17391487103397
86.65	-7.242804398808258
86.66	-11.723428143847174
86.67	-24.462881247911678
86.68	-19.02026154127647
86.69	-9.03017316204074
86.7	2.2144965840558894
86.71000000000001	4.632959941660753
86.72	-1.0279196859696278
86.73	-1.6918342471926888
86.74	-2.368092790950439
86.75	-5.0199948009209026
86.76	-3.6593982572075157
86.77	-1.9998846617701251
86.78	-2.35762959585715
86.79	0.19529010069421412
86.8	-2.1879293045622283
86.81	-1.2914469820644807
86.82000000000001	-3.639591842693473
86.83	-3.6996139530760277
86.84	-4.778522762377184
86.85000000000001	-8.134905900266611
86.86	-7.4199096597273035
86.87	-7.644477063165018
86.88	-3.727540084517531
86.89	-4.3964368244233585
86.9	-38.16072690564247
86.91	-30.16611452993785
86.92	-24.121385913157443
86.93	-17.93130560284963
86.94	-10.788643279720539
86.95	-5.664591798669249
86.96000000000001	-6.985935139422185
86.97	-8.257428008807217
86.98	-5.455515086850313
86.99	-5.971183787937291
87.0	-2.149055876948701
87.01	2.226342008502145
87.02	5.396968004332146
87.03	20.09857058486068
87.04	16.030454283189822
87.05	18.48028072497102
87.06	8.345778432140545
87.07000000000001	14.378432310863419
87.08	15.253339030910901
87.09	14.181298067470573
87.10000000000001	9.614398248798029
87.11	24.49924445714576
87.12	19.862496409437114
87.13	16.316331224516787
87.14	19.248840379941168
87.15	18.614628272611863
87.16	8.890313308172463
87.17	12.89160306726504
87.18	8.269650570761069
87.19	8.740960076843198
87.2	12.421055893591
87.21000000000001	10.468930463673264
87.22	9.083933557980904
87.23	9.374640528203761
87.24	10.942691489712633
87.25	14.149127393685337
87.26	18.750489944986104
87.27	36.24336437980668
87.28	45.537588709421954
87.29	39.82779749319115
87.3	27.73287699240493
87.31	17.528513804583437
87.32000000000001	13.916798676889847
87.33	12.011371752359203
87.34	18.377174609059885
87.35000000000001	20.306973688524806
87.36	23.305839845005707
87.37	19.794097477385673
87.38	19.28526986752458
87.39	23.457390405843977
87.4	19.173309373439302
87.41	14.72623149002918
87.42	5.778056827716702
87.43	5.859678626778858
87.44	2.0722243816396646
87.45	-4.8909361187606
87.46000000000001	-0.8009723286154459
87.47	1.645199356366518
87.48	-0.43377564201245994
87.49	-2.0208851184921035
87.5	-3.435252922185154
87.51	-1.1318499048073298
87.52	-1.2272457737078695
87.53	-4.068865216126629
87.54	-2.8793564391959383
87.55	-0.49016044295252387
87.56	-0.8504103900641553
87.57000000000001	-2.7698085745923855
87.58	-0.5184355299515745
87.59	-0.9730838858903326
87.60000000000001	-4.938201849893071
87.61	-7.545723685818509
87.62	-4.266262509105429
87.63	-3.3351311948603413
87.64	-1.3245807904372604
87.65	-1.8337362052581971
87.66	-12.482352461624478
87.67	-7.9636726864556815
87.68	-10.431704407410779
87.69	-8.43775781077263
87.7	-13.716696982173465
87.71000000000001	-6.376418945240841
87.72	-6.408900874324039
87.73	-2.9749603076102225
87.74	-3.934650058844626
87.75	-4.90222602219919
87.76	-19.746044727758534
87.77	-9.492228693700092
87.78	-10.11355442143196
87.79	-31.728302761361878
87.8	-27.38090833742073
87.81	-20.63744186782117
87.82000000000001	-9.64089656359933
87.83	-8.319793113176743
87.84	-18.511477609373074
87.85000000000001	-11.313125959524436
87.86	-13.60537131270972
87.87	-16.164803626165195
87.88	-24.591529495943178
87.89	-24.468152393222688
87.9	-25.26663036095123
87.91	-17.41516429709681
87.92	-15.128385240325255
87.93	-8.675022282435942
87.94	-6.963171362517584
87.95	-11.089620829898195
87.96000000000001	-4.1005335973016654
87.97	-2.2533510193945494
87.98	-3.5842113528944473
87.99	-5.884082312732937
88.0	-4.242389690122596
88.01	-5.3078643104596095
88.02	-3.723067828061086
88.03	-0.3468186218406526
88.04	-3.1312680236531802
88.05	-4.520733722509918
88.06	-6.667307686192793
88.07000000000001	-4.399868978522323
88.08	-7.573953559653118
88.09	-18.69737035223255
88.10000000000001	-23.258952083501494
88.11	-18.777962608050167
88.12	-14.335552294242593
88.13	-7.457064657424665
88.14	-20.15590097640636
88.15	-14.71408585113316
88.16	-8.248251919543144
88.17	-7.594714203524361
88.18	-2.896849598600167
88.19	-5.789110152021949
88.2	-2.6549480556061265
88.21000000000001	-0.6659169641588908
88.22	0.5172460797682785
88.23	0.3000355696859766
88.24	0.5021810620665825
88.25	2.2557456307421044
88.26	1.0584782714758065
88.27	2.5767940825417726
88.28	8.099507990180813
88.29	1.4813629626017837
88.3	2.617475623858057
88.31	11.10095765492439
88.32000000000001	3.4389660584613226
88.33	6.9732551612453815
88.34	-3.2768322641744554
88.35000000000001	-7.889564890786456
88.36	-10.896155584750968
88.37	-9.811245484834208
88.38	-7.968689776421935
88.39	-3.9390299747602313
88.4	-4.5687853241487115
88.41	-2.0246430107828597
88.42	0.7024032248480842
88.43	1.7337573651112157
88.44	9.069237503289964
88.45	19.274986447391804
88.46000000000001	22.44582276824254
88.47	15.582274356018644
88.48	12.012463530869505
88.49	8.455708975995629
88.5	4.90156114166116
88.51	10.34022178172681
88.52	10.14573204109916
88.53	2.0819522744177763
88.54	0.23897422531995183
88.55	3.1077524500277685
88.56	8.25241671117697
88.57000000000001	18.914847133010735
88.58	14.176229540261714
88.59	9.290236378030492
88.60000000000001	2.6296280188983485
88.61	1.8319787844051143
88.62	1.2026826347154507
88.63	-1.8844766930857122
88.64	-3.6228037812061653
88.65	-3.7873340945083083
88.66	-0.7796558299180889
88.67	-2.4015897833344226
88.68	-5.445914173220858
88.69	-7.856284936568144
88.7	-7.96313963660452
88.71000000000001	-9.421645448724384
88.72	-5.0512498036947555
88.73	-1.0274999970081442
88.74	3.849823111564232
88.75	2.031329520673534
88.76	1.8966341099375144
88.77	1.394678471612691
88.78	0.1542779666323237
88.79	-6.1004852337755295
88.8	-15.510819029445965
88.81	-20.006911623208396
88.82000000000001	-13.650860536845492
88.83	-13.245239017723442
88.84	-15.040654076274816
88.85000000000001	-9.576791032075503
88.86	-4.983397380678947
88.87	-4.17999153765579
88.88	-1.0055377035401398
88.89	0.8034073154683731
88.9	-1.3363084076773513
88.91	-2.09372000520878
88.92	-1.9218847674763777
88.93	-1.3916193613064234
88.94	-0.3147303623419461
88.95	-6.347351943131203
88.96000000000001	-10.464622221375382
88.97	-5.771315617339233
88.98	-11.62049178538751
88.99	-1.0613520251686177
89.0	1.1005540640488367
89.01	1.3713614613664817
89.02	0.32473057412878253
89.03	-2.204189991536393
89.04	-2.2677325019972034
89.05	-2.155399012945067
89.06	-1.8066405344553786
89.07000000000001	0.04300986722809775
89.08	2.0509184375161693
89.09	1.4782997364440484
89.10000000000001	3.8360172816353786
89.11	12.933898461759625
89.12	35.52225868397946
89.13	31.528940724250226
89.14	27.12298412551213
89.15	20.70621321117843
89.16	18.079071030352477
89.17	6.794302875749541
89.18	-1.190882175400592
89.19	1.5107372979322151
89.2	3.216168769513353
89.21000000000001	2.106377459219138
89.22	0.48923416235797546
89.23	-3.0307968945096313
89.24	-3.1947616168878428
89.25	-1.3928130260880363
89.26	5.241381159545415
89.27	6.6834088229440125
89.28	7.752687632290101
89.29	8.48692647251801
89.3	0.5055008737263608
89.31	2.3325376646846006
89.32000000000001	8.136848560162118
89.33	4.035332948717937
89.34	1.0515988450578655
89.35000000000001	1.7526585257971186
89.36	2.92469301977004
89.37	-1.8791196519967184
89.38	-5.6539099772116534
89.39	-6.330936799103141
89.4	-1.7369758428858229
89.41	-0.3436515683798502
89.42	-4.92106997032386
89.43	-11.856973803531524
89.44	-23.799384138470288
89.45	-22.819992682670833
89.46000000000001	-12.431954470028897
89.47	-7.8084133971883745
89.48	-1.161845114195119
89.49	1.1024046847922888
89.5	2.4434739069406484
89.51	5.257852667999758
89.52	1.6132838753220482
89.53	4.193930000810588
89.54	2.5504764161255973
89.55	6.138080446808607
89.56	1.012424088133876
89.57000000000001	-0.9506694524001723
89.58	-0.6826012438235407
89.59	-1.3085780661876483
89.60000000000001	-2.254326054491059
89.61	-1.7271971903857595
89.62	-1.1349833090389245
89.63	-6.561066363833754
89.64	-1.2520688450126232
89.65	-3.610411240041146
89.66	-1.4468666630715843
89.67	-1.2895703438954136
89.68	-1.7453263650348043
89.69	0.18101383874400878
89.7	1.8455886338195866
89.71000000000001	2.279067073848603
89.72	3.697228248502587
89.73	8.50273173228117
89.74	17.25720277817176
89.75	18.231895257201323
89.76	23.917655944148926
89.77	25.45620095604898
89.78	24.263709661514625
89.79	5.94293954499586
89.8	4.610427423854179
89.81	6.147890543805924
89.82000000000001	4.273184160957844
89.83	11.550067331287446
89.84	9.116955017699384
89.85000000000001	12.111612663378109
89.86	14.139664237682696
89.87	17.495358841509667
89.88	5.512502371543863
89.89	5.264906255446709
89.9	6.998961593132766
89.91	2.2321380684765937
89.92	0.6740782617413379
89.93	0.4552632138943522
89.94	1.4543757860256024
89.95	-0.5599854002012069
89.96000000000001	-0.5756126992342052
89.97	-3.1114030850244236
89.98	-5.02378358299412
89.99	-9.731444564419027
90.0	-4.730672005050127
90.01	-9.593743367953776
90.02	-23.273613251264013
90.03	-21.709130464999586
90.04	-24.58497421493049
90.05	-13.146353795744783
90.06	-12.699582757149821
90.07000000000001	-9.917969045320351
90.08	-9.57941899853799
90.09	-12.08543367723246
90.10000000000001	-10.029969940282246
90.11	-8.869722374822175
90.12	-12.869138698245159
90.13	-9.004108695108918
90.14	-10.878683491588943
90.15	-7.637913504660996
90.16	-2.0024312457496083
90.17	-5.530057007798198
90.18	-17.436619495240787
90.19	-9.419889370211077
90.2	-19.529018020057965
90.21000000000001	-11.473343204089671
90.22	-8.668750818774937
90.23	-4.533740836130269
90.24	-9.098630006711213
90.25	-11.892796837134638
90.26	-5.163088615351835
90.27	-7.053159523379454
90.28	-6.203693641013714
90.29	-4.788887593485292
90.3	-5.5595937565173585
90.31	-2.515424059891816
90.32000000000001	0.7954247602019028
90.33	-3.0869176017024684
90.34	-7.6676115602667
90.35000000000001	-6.10867456287857
90.36	0.4479935057260567
90.37	1.8097134368444114
90.38	0.16782068165892405
90.39	1.7644871439438725
90.4	2.85431591786413
90.41	4.307590627801146
90.42	1.6504080794772966
90.43	2.6040940944805118
90.44	-0.8473494486417075
90.45	-4.5513012727244995
90.46000000000001	-1.0590570185352919
90.47	-1.131105831685018
90.48	-0.1613228624416429
90.49	-6.240442590097953
90.5	-5.399973146877856
90.51	-5.567254983565367
90.52	-7.1646543244432115
90.53	-7.5202766192953785
90.54	-4.994000592676005
90.55	-5.015981301358982
90.56	-12.1862794807673
90.57000000000001	-10.606861124846581
90.58	-7.8162674151789995
90.59	-3.6707327657121347
90.60000000000001	-0.8860442401905564
90.61	-3.4180335967761253
90.62	-6.314721127572803
90.63	-11.183348203291462
90.64	3.964634737814547
90.65	0.13407427789192441
90.66	2.7789846741612845
90.67	4.21518166901653
90.68	0.002552516486663276
90.69	0.39296782189176976
90.7	-1.6386341897012364
90.71000000000001	-9.835094376749943
90.72	-5.375114780492208
90.73	-11.55776060079839
90.74	-15.537646534313035
90.75	-18.02406763434267
90.76	-18.406236785200655
90.77	-22.691756403876585
90.78	-26.316920221857373
90.79	-26.136988870196603
90.8	-24.18637463191391
90.81	-23.59853105313725
90.82000000000001	-25.87615758767782
90.83	-27.78459271060199
90.84	-33.13414579317745
90.85000000000001	-22.56112225679848
90.86	-21.777983893299265
90.87	-13.457413684223066
90.88	-22.34301925315277
90.89	-19.70827040523807
90.9	-26.934963339656857
90.91	-21.82002663673936
90.92	-24.380402269497747
90.93	-31.236233059580833
90.94	-32.518953395791264
90.95	-21.421005736664814
90.96000000000001	-12.062450279074632
90.97	-9.369228832325753
90.98	-6.4290047706387945
90.99	-7.956563576144552
91.0	-4.820741152623621
91.01	-2.5844428493603426
91.02	0.3132072472524823
91.03	-2.319533538098976
91.04	-2.7261871677462066
91.05	-0.7670777326585686
91.06	-2.243864573019095
91.07000000000001	-5.268719775268039
91.08	-3.1039658661040197
91.09	0.8381657723548199
91.10000000000001	1.4315046259549526
91.11	-0.6648043616963117
91.12	-2.7037572997329615
91.13	-0.47567130079013636
91.14	-2.2900565837443763
91.15	-3.337737675505492
91.16	-6.116569498725022
91.17	-4.316638847251459
91.18	-9.19456994394039
91.19	-25.845938016569583
91.2	-16.124490625757876
91.21000000000001	-19.160780507395984
91.22	-14.219242693806928
91.23	-15.428570875861451
91.24	-11.991556470165841
91.25	-3.643648058821119
91.26	-14.802064545933188
91.27	-10.31810460238561
91.28	-15.536977273920312
91.29	-19.648194808623945
91.3	-10.032985997910874
91.31	-9.29831532496786
91.32000000000001	-23.14299518754807
91.33	-29.28960892674606
91.34	-18.42033172980084
91.35000000000001	-15.156289440307157
91.36	-35.868261999436626
91.37	-31.49129172702182
91.38	-29.74257738536173
91.39	-26.71884237504491
91.4	-17.042566003752903
91.41	-24.166798939591757
91.42	-17.871649741675423
91.43	-23.928025036739385
91.44	-15.525285656790382
91.45	-8.367092053964003
91.46000000000001	-3.0256329939170645
91.47	-1.4232837166859322
91.48	0.5644601402526697
91.49	1.3110481032952839
91.5	4.977629243381676
91.51	6.190989688646101
91.52	19.990509063934226
91.53	15.53605963183059
91.54	11.016270260641878
91.55	13.054856396729459
91.56	7.677048089835922
91.57000000000001	11.935132916683182
91.58	11.176685711553867
91.59	6.598698110783108
91.60000000000001	4.967403743909539
91.61	8.425778624806734
91.62	2.7584580613283913
91.63	4.979112965995341
91.64	13.313771428418999
91.65	22.871734216608434
91.66	14.880539883594496
91.67	24.74681392516312
91.68	19.553561818457226
91.69	19.59933277252506
91.7	22.752258026656683
91.71000000000001	21.285017335945906
91.72	29.89329416272639
91.73	11.592400542768452
91.74	6.18097301930628
91.75	16.614338402778287
91.76	6.899793389473837
91.77	4.52941834859344
91.78	2.3645494220871557
91.79	3.3318311720071203
91.8	4.8309984304808165
91.81	6.978764948189515
91.82000000000001	3.8572558546276614
91.83	8.990353107272515
91.84	21.440025717553972
91.85000000000001	14.76021791503582
91.86	8.545177842731972
91.87	4.5314089240860955
91.88	3.4935129509105085
91.89	8.030155761359435
91.9	5.036410925860405
91.91	1.5008302780761902
91.92	2.529301137115367
91.93	2.5104265775284604
91.94	2.2695422251681348
91.95	-1.3827917285778113
91.96000000000001	-0.9904361144526209
91.97	-2.6612277493073364
91.98	2.326575683922148
91.99	2.8782680529356326
92.0	13.744575048690141
92.01	5.7267200171079145
92.02	7.344139880863284
92.03	5.570288819040076
92.04	4.584709508196831
92.05	1.969551027739584
92.06	2.5957192989645854
92.07000000000001	5.3975165228271305
92.08	4.140799234893857
92.09	4.75356531854754
92.10000000000001	10.598710334170843
92.11	6.517412616251738
92.12	17.445630815271567
92.13	2.81419581123954
92.14	6.132853223203432
92.15	6.237510399426752
92.16	1.5558977015960598
92.17	1.2200702574717548
92.18	1.8864009238143185
92.19	2.192019879883892
92.2	1.7239579783124657
92.21000000000001	3.8789135489283098
92.22	6.816403666391456
92.23	6.259176369370072
92.24	1.4678762405523622
92.25	-1.55228117649384
92.26	-2.1855035371913565
92.27	-1.7282271662275772
92.28	-2.779155225679348
92.29	-3.426674325482888
92.3	0.4258006012126789
92.31	2.393149605113321
92.32000000000001	1.023234750635612
92.33	1.2860042214660834
92.34	2.5199168460291803
92.35000000000001	0.47542489683853534
92.36	1.0519608447765043
92.37	0.456351164721352
92.38	0.7666595646319007
92.39	4.052523856749184
92.4	1.3839301537073554
92.41	-0.15452474544251693
92.42	-0.9575861951126053
92.43	1.4992143727148262
92.44	3.685099912633062
92.45	0.9690879001687456
92.46000000000001	1.2278630107397235
92.47	-1.7395406344229196
92.48	0.45690269551782436
92.49	-0.5752485709331405
92.5	-0.17028370160883238
92.51	0.6996423719420001
92.52	1.6776568041196305
92.53	1.966524142768507
92.54	5.061084589647892
92.55	5.15425932278636
92.56	2.2203727004356377
92.57000000000001	-0.29767816767644395
92.58	-0.4681973134338903
92.59	-4.76356248181512
92.60000000000001	-3.397389937590685
92.61	-9.75834131055696
92.62	-3.2562026871834036
92.63	-8.049406794204156
92.64	-4.551943856287739
92.65	-2.9205440191322674
92.66	-1.6883334661303329
92.67	-5.147010263183065
92.68	-8.967172223773488
92.69	-4.94205924273935
92.7	-5.67745458031528
92.71000000000001	-6.391001843339885
92.72	-2.8852945500181746
92.73	-13.048604237800108
92.74	-11.990614854480915
92.75	-6.502529347549012
92.76	-2.2216543769406245
92.77	0.9781095926984694
92.78	-0.5391458379915154
92.79	-3.819965663296456
92.8	-7.477954771258332
92.81	-8.45042610200515
92.82000000000001	-11.69157553471106
92.83	-6.598000906481297
92.84	-1.201262551756427
92.85000000000001	-4.032223070060819
92.86	-3.3635556469032606
92.87	2.2697238418484775
92.88	5.792401739869634
92.89	6.975898270173649
92.9	3.582390962472003
92.91	5.332332836796115
92.92	5.995027575872406
92.93	4.938689122810352
92.94	7.110451610045283
92.95	5.3920809704027715
92.96000000000001	-0.28900718773396017
92.97	-3.5357765597278803
92.98	-5.203205129892604
92.99	-5.132525957332306
93.0	-5.755273208804796
93.01	-3.6160010594133296
93.02	-2.8045796371559204
93.03	-4.563359272486018
93.04	-1.4490947605008524
93.05	-1.8751216815728382
93.06	-1.7393474801583635
93.07000000000001	-6.826724351069954
93.08	-6.850832098720158
93.09	-3.676316369137968
93.10000000000001	4.656274007846511
93.11	4.670628058368804
93.12	2.24730063901127
93.13	5.393818624182707
93.14	0.4808856905471154
93.15	0.16697389942021712
93.16	0.6761670735306081
93.17	-0.25874448654083076
93.18	-0.40454360419766117
93.19	-2.6772231957479344
93.2	-1.273084597265245
93.21000000000001	2.6301825393144216
93.22	4.159395918393771
93.23	3.7262547225618086
93.24	-0.06807793006687367
93.25	-3.6021727088677937
93.26	-4.650982244362818
93.27	-8.361826032104194
93.28	-16.133610088306025
93.29	-23.22992003677902
93.3	-19.13390484490936
93.31	-16.877998810189396
93.32000000000001	-18.719993211223855
93.33	-16.928171976760133
93.34	-32.62127751656672
93.35000000000001	-23.16781696669433
93.36	-17.834702483879475
93.37	-32.84377819613879
93.38	-14.966292291320075
93.39	-21.16332103649649
93.4	-21.137415630108535
93.41	-16.554624150839835
93.42	-28.30473217299632
93.43	-24.135177556832037
93.44	-23.425785539815408
93.45	-26.692257956622406
93.46000000000001	-38.483956643782896
93.47	-24.055618926793933
93.48	-18.80484772746991
93.49	-17.650361956319298
93.5	-2.5914368752146832
93.51	-2.978713702052796
93.52	-10.472207761787725
93.53	-12.930351138158823
93.54	-3.0302639906779345
93.55	-4.914230846795452
93.56	-5.486475102244384
93.57000000000001	-5.737410298010487
93.58	-0.46061509817253704
93.59	-4.509461024739552
93.60000000000001	2.995656876364194
93.61	7.433942356843945
93.62	9.768202473780349
93.63	10.19042707266929
93.64	15.137994891736216
93.65	10.252757707686143
93.66	10.219222626640631
93.67	26.546313301285537
93.68	23.331955261293366
93.69	13.961664549293356
93.7	16.346867790063627
93.71000000000001	22.235024429111554
93.72	37.70489177536771
93.73	29.87178736735342
93.74	24.167821856374474
93.75	17.65551660064237
93.76	11.68715429243572
93.77	8.71438493908382
93.78	11.99552750025177
93.79	7.4616138678171104
93.8	10.039751464333268
93.81	7.060059720151563
93.82000000000001	2.0332782530979734
93.83	2.469962141539434
93.84	2.636058419570065
93.85000000000001	3.6508355184968826
93.86	6.615880627737257
93.87	5.544404182516528
93.88	4.200597022985399
93.89	4.432999071000337
93.9	3.018702156558674
93.91	0.5705962673846416
93.92	1.2718023124308564
93.93	2.130084611474132
93.94	1.688591059592552
93.95	-9.435635634889781
93.96000000000001	-7.783805544222984
93.97	-5.510852063936672
93.98	0.10383968542315587
93.99	0.8064367120689183
94.0	1.0174406825179325
94.01	0.986273281995546
94.02	0.5727573319061
94.03	-0.6201650425430476
94.04	-3.7052456023327136
94.05	-1.7731992390928202
94.06	0.7555478075717867
94.07000000000001	-0.8495822997304638
94.08	-0.5133325775151353
94.09	-0.12267057825760586
94.10000000000001	-1.0113388984612377
94.11	-2.8198230816397607
94.12	-0.8682506545229784
94.13	-2.811939813885931
94.14	-1.6729056931398076
94.15	-0.11022613297659967
94.16	3.2971554580048483
94.17	2.7186107172782346
94.18	1.184433343263256
94.19	0.11210481296281549
94.2	-2.12979409278325
94.21000000000001	-2.1340536753812387
94.22	0.5062349313739352
94.23	-2.7026685701224173
94.24	-2.684087772906181
94.25	-5.630773520434849
94.26	-15.37942893712966
94.27	-21.985820388609643
94.28	-18.13713707532351
94.29	-22.81131275978201
94.3	-7.35561637648773
94.31	-3.521304128412572
94.32000000000001	-13.272975011357747
94.33	-17.702965013380762
94.34	-14.15964382807825
94.35000000000001	-26.11961594065506
94.36	-25.3050582954787
94.37	-10.228752468509803
94.38	-3.4124646138609505
94.39	-1.2876404215083914
94.4	-5.053988610297714
94.41	-8.818535639777783
94.42	-13.809481885111653
94.43	-15.915287990014614
94.44	-15.831169424639494
94.45	-19.490466487398358
94.46000000000001	-10.454869335837385
94.47	-16.519724778395048
94.48	-8.253291309910823
94.49	-11.451977535895447
94.5	-8.984654955524675
94.51	-8.101289716366862
94.52	-7.272444792650191
94.53	-4.362353692749147
94.54	-1.3329136337309502
94.55	0.10248034556238812
94.56	-4.416422530254275
94.57000000000001	-5.219488541734588
94.58	-14.614363133933546
94.59	-37.73258037061106
94.60000000000001	-27.877609188132837
94.61	-15.850114148513258
94.62	-11.782975698795699
94.63	-9.134804975671019
94.64	-15.01142265715053
94.65	-17.78834757376536
94.66	-19.184292319916604
94.67	-31.617228272481558
94.68	-33.38775108311811
94.69	-25.64644578754531
94.7	-19.15819136534337
94.71000000000001	-17.957672971532315
94.72	-11.022425974967403
94.73	-9.624230856397835
94.74	-14.988253563850622
94.75	-20.753204031873015
94.76	-15.411215403549958
94.77	-13.351918643099125
94.78	-28.86347591949801
94.79	-36.639283461672214
94.8	-39.57966861985055
94.81	-33.42972344560475
94.82000000000001	-28.891068662920812
94.83	-16.054097011468937
94.84	-10.242436334850117
94.85000000000001	-14.50709317751323
94.86	-5.269144203915148
94.87	0.4982475222105547
94.88	1.7703539952682357
94.89	0.10407155323348657
94.9	0.07507935306329017
94.91	0.9729474119987352
94.92	1.7485992623088844
94.93	4.436235001538835
94.94	7.651285740425177
94.95	5.369488284715662
94.96000000000001	0.3066952287396445
94.97	-2.3263122133909904
94.98	-4.918530485175228
94.99	-3.4824590139626426
95.0	-0.06691704193173785
95.01	-0.42229241020614167
95.02	-1.1480601616696384
95.03	4.904775927583321
95.04	9.036937701357953
95.05	12.612909927641192
95.06	16.57720303446993
95.07000000000001	19.917541248526195
95.08	36.92526422273591
95.09	35.478804611922975
95.10000000000001	32.77991334160004
95.11	31.22121030416667
95.12	28.836628466040775
95.13	43.370767799584634
95.14	45.779280432727234
95.15	39.335795119847276
95.16	29.21192339122923
95.17	22.75142579750337
95.18	20.000490717177474
95.19	18.697777544348593
95.2	35.279379479866144
95.21000000000001	34.35501468839915
95.22	27.556378364949097
95.23	23.47335611824731
95.24	45.37144232444666
95.25	38.997630319892714
95.26	33.48283234193342
95.27	30.67845609286042
95.28	50.72130223468892
95.29	44.429228975656265
95.3	34.3088027286797
95.31	36.93321440465883
95.32000000000001	31.483348004088203
95.33	35.49183836720926
95.34	33.004048562641984
95.35000000000001	26.302911299136305
95.36	19.008199370080693
95.37	2.295014786996084
95.38	2.947299453798507
95.39	6.546860582298091
95.4	7.497803695335546
95.41	9.441710431608247
95.42	8.597933633210147
95.43	4.570871685958144
95.44	5.82577817578611
95.45	6.145887594017106
95.46000000000001	3.9493815679409083
95.47	5.764951349230404
95.48	3.791830901454603
95.49	14.57184533368121
95.5	22.2712894603327
95.51	12.893279343106638
95.52	39.836464577297065
95.53	31.589829322148592
95.54	23.768451042659652
95.55	6.93966406299139
95.56	3.9571125416753135
95.57000000000001	0.5500289571275963
95.58	0.24038220585006664
95.59	3.276212091780202
95.60000000000001	0.4560996485585183
95.61	0.2593357834624994
95.62	-0.5988373664645694
95.63	-0.27923394939867374
95.64	1.2999640522895628
95.65	-2.671910625500627
95.66	-1.0932744461406227
95.67	-1.4437282604395245
95.68	-3.160673764528127
95.69	-3.4377063472844696
95.7	-1.077848264585917
95.71000000000001	1.783650091503575
95.72	2.44784661030693
95.73	1.6953377751989545
95.74000000000001	2.9219709270691983
95.75	2.99648493797116
95.76	2.900683419308737
95.77	5.017288044664588
95.78	-0.21500186324462617
95.79	-3.0198615840844685
95.8	1.578900733178644
95.81	5.515193004693453
95.82000000000001	0.8927103755796124
95.83	2.8027143483008112
95.84	1.2717936833091683
95.85000000000001	1.6456783664354107
95.86	2.890111898918845
95.87	5.53411525592556
95.88	3.14008427835444
95.89	2.6104543787194356
95.9	2.455138485488617
95.91	2.5601179790241577
95.92	-0.41879276580618274
95.93	9.690895001890171
95.94	11.25501371382675
95.95	25.539905863262863
95.96000000000001	19.805725956085897
95.97	22.827992557452557
95.98	17.856243235838114
95.99000000000001	16.295598435836396
96.0	12.532130514560357
96.01	8.805429613494919
96.02	6.1972962525827295
96.03	4.579904364132365
96.04	5.456742501220284
96.05	0.5926907513909614
96.06	2.171104371637405
96.07000000000001	0.07240740733418571
96.08	-0.7674862001807592
96.09	0.8181637037688202
96.10000000000001	3.6046683662079726
96.11	-1.3459725013613737
96.12	2.612408458076318
96.13	3.426012031757925
96.14	9.276943937550742
96.15	17.342379091692084
96.16	13.569507914439534
96.17	9.355214534873319
96.18	12.094980149730791
96.19	8.605070765870193
96.2	3.357962159558766
96.21000000000001	-0.7335064191130893
96.22	-2.8023210719825755
96.23	-0.5669842180851206
96.24000000000001	-2.9799793585926944
96.25	-4.254818417284725
96.26	-4.145923893939297
96.27	-0.7942136989569759
96.28	-0.5368930352293113
96.29	1.3897941153898155
96.3	1.7744519264849723
96.31	0.7488041196014217
96.32000000000001	-1.0369032952037354
96.33	2.167170487291163
96.34	1.5948312331240957
96.35000000000001	0.2440946799679207
96.36	-0.9251082924767393
96.37	-2.119338438140379
96.38	-7.900935783884952
96.39	-1.874742432776282
96.4	-1.531945303710659
96.41	-6.044908857420077
96.42	-3.552646804360204
96.43	0.42259115659489166
96.44	5.175331778740169
96.45	4.605388562999774
96.46000000000001	4.629599451865191
96.47	7.121859234078066
96.48	7.464978604869409
96.49000000000001	3.5097347091532916
96.5	7.973875748220018
96.51	13.709742402349045
96.52	19.484614379419092
96.53	27.326559166643968
96.54	21.03119047945704
96.55	13.222016392253755
96.56	10.554569667085747
96.57000000000001	42.091294746647506
96.58	32.84745859793514
96.59	28.65834104825466
96.60000000000001	20.715377616144444
96.61	25.998465540519458
96.62	20.687955945999803
96.63	24.572839495437126
96.64	27.96972250868658
96.65	20.079671303176735
96.66	6.945234064082459
96.67	5.508340082088334
96.68	5.728775163324198
96.69	6.639767489235639
96.7	5.196935338190145
96.71000000000001	4.441902602371089
96.72	0.6406593723871105
96.73	1.4353993491009711
96.74000000000001	8.768701340985757
96.75	0.4262179824854778
96.76	6.17356248874439
96.77	17.651312266546906
96.78	21.577935768303707
96.79	27.9209194883434
96.8	27.236905822080903
96.81	22.688939832864886
96.82000000000001	20.582747879824097
96.83	16.08797741502315
96.84	25.738310674263364
96.85000000000001	30.501613634948452
96.86	31.072421651418143
96.87	31.20948120808108
96.88	13.687224734371375
96.89	10.992924007553999
96.9	9.534519821850948
96.91	6.831383884026691
96.92	3.1132873885515235
96.93	6.717643685548646
96.94	5.2558055879913494
96.95	0.9872990461418603
96.96000000000001	-1.1793460978262578
96.97	0.3106328338776628
96.98	-0.3745266946124131
96.99000000000001	-3.25975242176923
97.0	-0.002349515886814424
97.01	4.287483357211311
97.02	2.392704149613331
97.03	-0.430534615825216
97.04	-2.40424380528141
97.05	-5.042265282750887
97.06	-19.334104070078997
97.07000000000001	-18.217507338526232
97.08	-16.273139598737927
97.09	-9.601236362200947
97.10000000000001	-4.6655731559320275
97.11	-4.7285964033165255
97.12	-10.242990210745402
97.13	-10.522813860943087
97.14	-9.724110919280943
97.15	-6.130075017184762
97.16	-0.7573097512803533
97.17	-0.35788551926612056
97.18	-0.8210237699153544
97.19	-5.600828348827915
97.2	-3.2812267585416643
97.21000000000001	2.9966186134658654
97.22	4.793115122017031
97.23	1.6942334642193881
97.24000000000001	-0.864440649349413
97.25	-0.27637434869913796
97.26	-3.8972372449122576
97.27	-3.8863184614428867
97.28	-5.218739965240217
97.29	-6.0483074370619985
97.3	-7.2513412317125026
97.31	-10.5953421818205
97.32000000000001	-26.348225890627326
97.33	-27.417952432878526
97.34	-24.883349037833195
97.35000000000001	-36.19053925240076
97.36	-35.83082491386385
97.37	-26.536151727953325
97.38	-20.58714109829204
97.39	-15.729777930714446
97.4	-11.335983821539061
97.41	-19.596629503072382
97.42	-22.949221211868583
97.43	-19.92424273163942
97.44	-16.71018829627519
97.45	-14.299474839219272
97.46000000000001	-10.436739368497939
97.47	-6.1210597541099885
97.48	-5.993345332898111
97.49000000000001	-8.940704959442401
97.5	-13.400624868491013
97.51	-14.629989936250118
97.52	-16.00383348198222
97.53	-21.469453774468327
97.54	-14.986820589477363
97.55	-7.224876811516473
97.56	-6.417376665238141
97.57000000000001	-4.712992328298081
97.58	-0.839838313511089
97.59	-2.422180887024598
97.60000000000001	-4.924763881777057
97.61	-6.415659143903975
97.62	-6.406880717231245
97.63	-7.638975085008543
97.64	-9.385072972734811
97.65	-8.534222512522568
97.66	-21.471481439340142
97.67	-26.17958039229807
97.68	-12.777402825625433
97.69	-24.3017429717943
97.7	-6.993910617583185
97.71000000000001	-3.044192253410462
97.72	-1.3239396918989432
97.73	-3.43174357645405
97.74000000000001	-4.148968049652382
97.75	-0.6050661645092732
97.76	-0.8373060584164869
97.77	2.101698120171919
97.78	-1.3028931752412154
97.79	1.5161315425666024
97.8	5.262865612397834
97.81	2.324509300024561
97.82000000000001	2.983343637580095
97.83	-2.485669524763537
97.84	-1.4801822341760558
97.85000000000001	-1.1163710072654198
97.86	-1.7259177263394962
97.87	-6.8787539090279735
97.88	-8.177636404736504
97.89	-3.458357234043017
97.9	-1.974254767705234
97.91	0.7562876790207096
97.92	0.831402785105179
97.93	2.2656612966557583
97.94	2.441093502491339
97.95	-1.739506896601357
97.96000000000001	-5.162698595109148
97.97	-8.700186362111218
97.98	-10.917035497132812
97.99000000000001	-7.836300923986524
98.0	-9.0224122279834
98.01	4.669230843972772
98.02	4.193535467642178
98.03	3.122751294904081
98.04	0.9715527270333914
98.05	-1.8738883629643477
98.06	0.5069373197330999
98.07000000000001	1.2553628681488938
98.08	3.90553951257717
98.09	12.08869973003501
98.10000000000001	14.305603758119986
98.11	13.022516511802852
98.12	17.633645752133965
98.13	23.158488582055885
98.14	14.833425287838502
98.15	19.421018491361618
98.16	20.123859832214055
98.17	8.639169013217234
98.18	6.923905783321127
98.19	9.01432256854395
98.2	7.750106468744374
98.21000000000001	8.182240255794996
98.22	3.5437383563132743
98.23	0.9351388293267505
98.24000000000001	-1.7298280507663246
98.25	-2.8678917063147047
98.26	-1.0313158799139466
98.27	-3.2055962317835713
98.28	-8.228937525038866
98.29	-4.833398873420482
98.3	-1.6186753374419556
98.31	-2.3843249979898316
98.32000000000001	-2.332523446765783
98.33	-2.2616938950374372
98.34	-2.6033949322244045
98.35000000000001	-4.4391258238926286
98.36	0.6748149567416184
98.37	-0.06384382274634566
98.38	-2.690804658965246
98.39	-7.175268496894154
98.4	-1.29287299507246
98.41	-6.2184648236612405
98.42	-0.8836912551715174
98.43	-4.916665255445946
98.44	-4.56746731293774
98.45	-4.800239615290237
98.46000000000001	-11.647846637236196
98.47	-14.807085412124458
98.48	-34.83949818464442
98.49000000000001	-39.2165300886731
98.5	-39.61595053648234
98.51	-29.022148333886637
98.52	-27.3215533974847
98.53	-24.70541294104131
98.54	-32.34718981153961
98.55	-30.44635979162024
98.56	-31.221933093833947
98.57000000000001	-25.38637892477971
98.58	-24.825807513946998
98.59	-21.06788758827999
98.60000000000001	-30.687922327144285
98.61	-36.44169259162394
98.62	-32.14212823891386
98.63	-29.22819584413264
98.64	-29.49489938114845
98.65	-43.86070867154127
98.66	-40.901979641400665
98.67	-31.720653092826268
98.68	-29.357185514636488
98.69	-24.304660954663703
98.7	-15.897228871873454
98.71000000000001	-10.320955536419405
98.72	-12.731521430227893
98.73	-6.769282024845759
98.74000000000001	-11.68866359261443
98.75	-18.17169037561016
98.76	-17.32060623040229
98.77	-12.352177565438897
98.78	-6.025188240450496
98.79	-6.063978636578042
98.8	-4.969052567325858
98.81	-2.301483932273297
98.82000000000001	-4.7473207938852315
98.83	-6.332165779002948
98.84	-7.174481573335826
98.85000000000001	-4.676013380939214
98.86	-1.8686973534501934
98.87	-0.2130080050335337
98.88	-1.884435197241356
98.89	-0.9944450229141513
98.9	1.071014099652203
98.91	-0.9978735789331604
98.92	-1.6885184925888672
98.93	-0.5939520334028817
98.94	-1.3834414240312423
98.95	-2.3738681476483277
98.96000000000001	-4.991164768070677
98.97	-2.631017878667102
98.98	-0.3466435306254041
98.99000000000001	2.6616928921098686
99.0	1.4521918262391116
99.01	0.1781170275326715
99.02	0.7387045842124802
99.03	-0.5213952648337453
99.04	-1.8217289328168034
99.05	0.8699208835844121
99.06	3.2087384909000507
99.07000000000001	3.571952406617301
99.08	4.61825791396812
99.09	3.376520118932265
99.10000000000001	1.1804848989402241
99.11	1.6215605114316292
99.12	8.004160971723254
99.13	11.385583571815697
99.14	5.3189134142571834
99.15	3.0717176150059182
99.16	-0.9266395044555389
99.17	-3.1545850986598993
99.18	-6.309316160612286
99.19	-12.456036036078828
99.2	-5.7912553014120105
99.21000000000001	-7.878109810528923
99.22	-1.9671423924720677
99.23	-3.178913211995141
99.24000000000001	-0.7675934641777731
99.25	-0.365309039582032
99.26	2.200025506499308
99.27	4.922959197435367
99.28	8.763621500394736
99.29	8.239277115380538
99.3	10.694631769712405
99.31	6.634720162830088
99.32000000000001	4.957043381962372
99.33	3.8367665056039475
99.34	3.7480844037272623
99.35000000000001	1.2963073062609483
99.36	-0.24865318755393812
99.37	-1.045296237039756
99.38	-2.1403992004694903
99.39	-0.8034881631248799
99.4	-3.6778857243451832
99.41	-8.52507783094549
99.42	-7.310294970737058
99.43	-1.396029339393679
99.44	-1.0215011363135547
99.45	-1.6166490048425564
99.46000000000001	1.3195571427618742
99.47	0.3241175025386887
99.48	4.5690773142030805
99.49000000000001	10.396725388166463
99.5	7.149810464389417
99.51	11.650259198665555
99.52	18.290395508189114
99.53	7.583126149987272
99.54	10.770830463462746
99.55	16.45001983503433
99.56	9.277652279971523
99.57000000000001	10.424827439576308
99.58	28.94380864138943
99.59	36.98786939853543
99.60000000000001	35.544204566549226
99.61	35.14415170662423
99.62	31.829746843327975
99.63	26.151573135777756
99.64	22.10173678118928
99.65	15.44751440430521
99.66	2.2625229197381715
99.67	1.8917519388619732
99.68	-2.4813159471242696
99.69	-4.788918506993862
99.7	0.5677793928416847
99.71000000000001	3.8788511770120095
99.72	7.368941916785399
99.73	17.891023141585414
99.74000000000001	19.69693121594922
99.75	22.60590758259801
99.76	23.89318570485327
99.77	14.701193012857518
99.78	24.63052744590659
99.79	17.900993256127972
99.8	3.348225493402657
99.81	-0.17037632434962877
99.82000000000001	3.5043352503891945
99.83	4.970319838430797
99.84	4.637893065207649
99.85000000000001	1.8346824481360597
99.86	0.5429455280720822
99.87	4.893171491865679
99.88	4.761731792187503
99.89	-1.0890345304153584
99.9	1.9010713883495318
99.91	2.500150165444133
99.92	5.138768052481156
99.93	4.30116587189394
99.94	6.7614566431549
99.95	12.270999341392338
99.96000000000001	7.655165231551498
99.97	9.9371220912591
99.98	13.179076706641068
99.99000000000001	9.281832844888855
100.0	10.365060714242023
100.01	10.092892210126449
100.02	23.140144020458177
100.03	14.674893539022168
100.04	18.28535733493172
100.05	12.950920485309894
100.06	12.422378844913155
100.07000000000001	24.726673033379377
100.08	24.78244784523837
100.09	17.912929498405372
100.10000000000001	8.989452753881249
100.11	3.2518316690279385
100.12	6.59245507277602
100.13	4.413811124846237
100.14	5.002477367551767
100.15	1.6519699949364546
100.16	2.3139038553165534
100.17	0.597986393153101
100.18	1.535473992203231
100.19	2.9801046066169947
100.2	5.763001379627866
100.21000000000001	8.900843643271445
100.22	0.2514124569306094
100.23	4.172567483442161
100.24000000000001	0.5599081278171437
100.25	2.1990305360212403
100.26	-2.68949820537044
100.27	-0.8423420590451516
100.28	0.3598114194264053
100.29	2.8625326901739485
100.3	6.809659828822303
100.31	16.41358753378973
100.32000000000001	12.301813341908609
100.33	12.656963374409758
100.34	10.841953749409633
100.35000000000001	7.503835903137469
100.36	-0.03563394750939789
100.37	-2.0534231314895153
100.38	-8.726636416047999
100.39	-9.316594996128215
100.4	-3.687547131713174
100.41	-1.8806153742437197
100.42	-0.8507512997780631
100.43	-5.334627581817797
100.44	-7.283955075390627
100.45	-6.312727941241589
100.46000000000001	-9.25146658489099
100.47	-18.372940005527425
100.48	-28.65362800079874
100.49000000000001	-39.262957111586175
100.5	-27.256585446107703
100.51	-29.84909284346423
100.52	-28.30730417284016
100.53	-18.77821612231591
100.54	-27.327607642666397
100.55	-19.85772643402274
100.56	-26.782215039261633
100.57000000000001	-35.92965538985113
100.58	-34.407231109814006
100.59	-22.347661034093367
100.60000000000001	-24.055059535671706
100.61	-24.310027249887447
100.62	-15.634682560756284
100.63	-21.61160998692588
100.64	-17.088754407177912
100.65	-11.926496873631582
100.66	-6.14332475580672
100.67	-10.719010885628048
100.68	-10.563679985953922
100.69	-6.637397338646079
100.7	-2.0182077484014727
100.71000000000001	-3.261563603897004
100.72	-3.9004705841069898
100.73	-1.784698258948247
100.74000000000001	1.0666315271991498
100.75	-4.940911284532923
100.76	-2.928409724125695
100.77	-12.553372403656128
100.78	-17.658747517634353
100.79	-14.693802258918458
100.8	-14.414432891055629
100.81	-19.21870805542224
100.82000000000001	-17.44363080048895
100.83	-12.216065136606677
100.84	-8.647307944238397
100.85000000000001	-6.11866903639779
100.86	-7.0738995523375765
100.87	-9.072698610627707
100.88	-6.519587460914468
100.89	-22.032464379355698
100.9	-22.21094898950167
100.91	-19.06706615568063
100.92	-11.200781978332952
100.93	-9.20304706670457
100.94	-7.970837309077667
100.95	-11.513967305978555
100.96000000000001	-9.415087976976505
100.97	-4.0805626495620215
100.98	-10.209758219052615
100.99000000000001	-20.984770046865247
101.0	-19.081232954845053
101.01	-25.51200284685808
101.02	-25.690004787222524
101.03	-18.866166076827604
101.04	-13.323916004825332
101.05	-9.508989164805412
101.06	-4.061188784725207
101.07000000000001	-1.9630857435357114
101.08	-1.6552195276776143
101.09	-0.47648978843258005
101.10000000000001	-0.003938737816692353
101.11	0.5851920760095793
101.12	4.870036507310527
101.13	3.8723463201344934
101.14	2.571376673633775
101.15	0.33172586501487944
101.16	0.7990547111836379
101.17	4.879295488448233
101.18	1.3070168479355968
101.19	0.3351625902858674
101.2	4.476928821696905
101.21000000000001	7.2455650102701314
101.22	7.386379584580889
101.23	3.8054307780934575
101.24000000000001	14.505937709550482
101.25	14.198720637965572
101.26	14.571594580178605
101.27	10.141767775412061
101.28	4.583656692807631
101.29	3.172787857926054
101.3	4.944962971913368
101.31	7.498902124987485
101.32000000000001	12.556270762235076
101.33	15.065699285578752
101.34	7.718536143548958
101.35000000000001	6.20872801816413
101.36	8.513108977937762
101.37	6.2616370856752095
101.38	3.1008249766511358
101.39	-1.4568961510659648
101.4	-13.306000748194501
101.41	-19.72473391031307
101.42	-39.537643273319986
101.43	-40.72346441165856
101.44	-29.02234523697279
101.45	-15.549630081773483
101.46000000000001	-29.44192606435588
101.47	-39.350242025077776
101.48	-36.978892461595784
101.49000000000001	-34.34138370622029
101.5	-39.53292685795521
101.51	-31.640142867651793
101.52	-34.58893461140394
101.53	-28.32090281938511
101.54	-27.107998032109347
101.55	-29.527479633520063
101.56	-11.250914233099726
101.57000000000001	-11.227454365536143
101.58	-14.942518355795125
101.59	-15.753589453878371
101.60000000000001	-18.00107347851894
101.61	-20.436668976807244
101.62	-22.966634959502258
101.63	-15.48575396151468
101.64	-22.390711842625308
101.65	-27.43038087794635
101.66	-27.952900141632064
101.67	-22.26280872784435
101.68	-26.704765522940516
101.69	-31.59913901185918
101.7	-27.239848234665107
101.71000000000001	-15.735550901319986
101.72	-28.2732235645933
101.73	-18.143800102562
101.74000000000001	-21.2369605100616
101.75	-16.640488088066782
101.76	-31.715271755682373
101.77	-25.6716349882054
101.78	-28.31856209624242
101.79	-24.751391544401702
101.8	-18.403140080534133
101.81	-6.538751817124236
101.82000000000001	-1.9684686823440272
101.83	-2.1600823179148763
101.84	-2.9320999522799887
101.85000000000001	-2.1858271078712157
101.86	-5.582069760040497
101.87	-6.382700928235134
101.88	-5.338499320302427
101.89	2.1471944848312354
101.9	0.6966352228495626
101.91	1.3373594868156438
101.92	4.906372576540557
101.93	-0.26158483520611275
101.94	-7.836530962486288
101.95	-6.105643054290131
101.96000000000001	-2.461825975987885
101.97	-0.308592634798315
101.98	-0.7676184505759943
101.99000000000001	-2.138263682676548
102.0	-5.075571986629559
102.01	-6.263870785272064
102.02	-3.470354022442793
102.03	0.3641666751491219
102.04	-0.23056144606506024
102.05	1.8232687176992948
102.06	3.244451048118544
102.07000000000001	-1.733571486706288
102.08	-3.423626340329252
102.09	-10.096194723871795
102.10000000000001	-11.166306945795716
102.11	-7.180880439929204
102.12	-2.7235552953759767
102.13	-4.624941262435076
102.14	-14.15687331046786
102.15	-20.25399200086053
102.16	-29.727172306265548
102.17	-25.394098240735996
102.18	-24.966875451783164
102.19	-18.865595305854434
102.2	-10.510771932319201
102.21000000000001	-4.2006296334696565
102.22	-9.546824092901469
102.23	-10.162743128939486
102.24000000000001	-11.04228708633573
102.25	-1.5368394826843275
102.26	1.9309246138956664
102.27	-1.9053104279622606
102.28	0.5867136996598716
102.29	2.116460910062788
102.3	-1.1601929742747306
102.31	-1.088532511858368
102.32000000000001	-1.3640424866750223
102.33	0.7056881071500839
102.34	3.830221529327823
102.35000000000001	5.703503024274978
102.36	1.6828812984747512
102.37	0.3881178350537765
102.38	0.8049031250354552
102.39	0.9010653095911653
102.4	-2.25208347748074
102.41	-5.483477111946801
102.42	-1.7499652023194545
102.43	-8.158366864083462
102.44	-8.792591837278483
102.45	-15.197798582910153
102.46000000000001	-15.224752238229645
102.47	-19.01923746868498
102.48	-13.959967760160385
102.49000000000001	-11.609758515621428
102.5	-10.139905322298468
102.51	-11.485519481555906
102.52	-2.8143883802607292
102.53	1.7270086225749335
102.54	0.42705988105042453
102.55	0.7274874467953115
102.56	-1.3720243700811068
102.57000000000001	2.2138373476403883
102.58	3.1142616034445516
102.59	0.6003485928490384
102.60000000000001	3.7799355734858957
102.61	4.311282816082621
102.62	1.6472179869612051
102.63	3.7069810576420865
102.64	7.880346050790254
102.65	4.874488872857105
102.66	7.477968465005781
102.67	5.477366922597123
102.68	8.860673827284714
102.69	5.078809730677058
102.7	4.885412387151263
102.71000000000001	4.726494783383855
102.72	4.383020451097735
102.73	4.147671594909976
102.74000000000001	10.947580624797322
102.75	14.105270255416336
102.76	3.5743670758920785
102.77	-0.5903263606292708
102.78	1.1018834554837122
102.79	-0.2536177562694472
102.8	2.7663801394828833
102.81	-1.5718519127611532
102.82000000000001	-0.539039358422702
102.83	-4.57218699257158
102.84	-8.9438377979587
102.85000000000001	-6.502001400734704
102.86	-4.548873571990396
102.87	-0.6285463673118984
102.88	-0.4716732479111937
102.89	-1.5317602974318347
102.9	-1.6735618677934423
102.91	-1.759090805276474
102.92	-0.2736496266992944
102.93	0.366659477502118
102.94	-2.224428082029573
102.95	-2.3045282756055347
102.96000000000001	-7.829582031612933
102.97	-6.6785866922140835
102.98	-7.086800946169595
102.99000000000001	-3.810495858310019
103.0	0.2259485356424828
103.01	2.443638374416275
103.02	8.101101083586046
103.03	14.346024026934325
103.04	11.664575852321017
103.05	12.885102494182176
103.06	14.642863422449539
103.07000000000001	20.604328261237583
103.08	9.854289559553443
103.09	7.517446021706573
103.10000000000001	8.306480668771242
103.11	10.628290125979392
103.12	19.275801374926115
103.13	31.13731377450963
103.14	21.7291708005003
103.15	17.070138563264045
103.16	12.270527748286824
103.17	20.142481225990945
103.18	19.085583663057985
103.19	24.116227401902275
103.2	19.828369566050938
103.21000000000001	25.42707540209229
103.22	23.656164406382896
103.23	23.820582688330205
103.24000000000001	22.348606078259156
103.25	20.090016065843965
103.26	13.332079725372713
103.27	18.951026761077117
103.28	10.331037027991544
103.29	12.374242482805244
103.3	13.56526859328568
103.31	11.625916741185113
103.32000000000001	12.711775632368026
103.33	5.103209243820245
103.34	13.894804096338504
103.35000000000001	37.650228937493296
103.36	30.657255152651526
103.37	23.405785250228877
103.38	17.341120246307504
103.39	17.192537365740087
103.4	22.173623450190856
103.41	18.411331841398816
103.42	13.812953082623743
103.43	1.0059220010344851
103.44	-0.5782537817006834
103.45	-6.3248014792558855
103.46000000000001	-12.779570359181262
103.47	-9.672517609105503
103.48	-7.457604165628977
103.49000000000001	-5.704192657590578
103.5	-4.845568282071674
103.51	-1.7451537979911669
103.52	-5.613331587092734
103.53	-2.2138527912701145
103.54	-0.4859919553832746
103.55	2.6858824806696826
103.56	2.414888905455928
103.57000000000001	-2.443432566349133
103.58	-2.637841142284692
103.59	-0.9644766662097106
103.60000000000001	-4.857106690814861
103.61	-3.700475483285621
103.62	-9.348253664329814
103.63	-1.9199148617015356
103.64	-0.7235134644291703
103.65	-0.12065785753944122
103.66	2.411978044354619
103.67	4.357099571329052
103.68	5.168135439384727
103.69	-0.7906564022335896
103.7	-2.236924435868438
103.71000000000001	-4.12978309019688
103.72	-6.879284581842982
103.73	-3.6077680327987682
103.74000000000001	0.1593969282694956
103.75	1.0468679180056537
103.76	0.7857087744444267
103.77	-0.4061126128528758
103.78	1.137726582782744
103.79	1.2955338184507137
103.8	6.085822284751399
103.81	12.761537029381483
103.82000000000001	8.413596409107118
103.83	10.515561149528715
103.84	10.998140260886402
103.85000000000001	15.078324034791784
103.86	4.912203398562216
103.87	3.1902359834551723
103.88	2.1575882976022958
103.89	2.886399598545065
103.9	3.187095258881891
103.91	1.8497869097637942
103.92	3.2114793711162766
103.93	-2.207888416469063
103.94	-1.1802474719211762
103.95	0.08469825979253438
103.96000000000001	-2.364998167388861
103.97	0.5103478450701218
103.98	-4.591151027994454
103.99000000000001	-0.16464017204119963
104.0	-0.27540026335852547
104.01	1.339965478132832
104.02	-0.9141593776355287
104.03	-3.399388559042001
104.04	-2.3516161624873044
104.05	2.1378550675575814
104.06	-3.178591096097451
104.07000000000001	-18.56178931654291
104.08	-29.392261384907492
104.09	-27.713770149370347
104.10000000000001	-11.513334657449619
104.11	-11.617147339900992
104.12	-5.129033991569357
104.13	-3.3599465296226554
104.14	1.7714508369911364
104.15	2.8298435925305983
104.16	4.63312809829861
104.17	4.042732670476246
104.18	5.443371562520397
104.19	3.1162447571886793
104.2	4.479328098669878
104.21000000000001	3.6687649342922484
104.22	3.2780159583395676
104.23	1.927360061926739
104.24000000000001	2.7672126610764947
104.25	-0.11162246054010709
104.26	1.6343153907871277
104.27	3.79379227367274
104.28	1.7284675663762776
104.29	2.2109488408685127
104.3	0.23032468683306567
104.31	2.2937016363152
104.32000000000001	2.545132182738392
104.33	0.6839167115112741
104.34	-2.1185370666647985
104.35000000000001	-6.370912511844183
104.36	-17.112242496045386
104.37	-26.50030878874996
104.38	-25.513929919222615
104.39	-29.014959337464862
104.4	-24.668266231590525
104.41	-14.259510866960976
104.42	-5.962206159034307
104.43	-7.945680074895376
104.44	-3.180809654181238
104.45	-0.9090634644299357
104.46000000000001	-1.0340558334690486
104.47	-1.3207091513226303
104.48	0.5667385665233338
104.49000000000001	0.985299843445072
104.5	-0.9223420378320644
104.51	-8.647889251941903
104.52	-3.899330451118264
104.53	-3.270817755283918
104.54	-7.584076751414028
104.55	-9.70051544439394
104.56	-6.512955568806233
104.57000000000001	-27.685506051783065
104.58	-30.886002148441495
104.59	-29.15173736337498
104.60000000000001	-38.173863839432066
104.61	-36.578670630962804
104.62	-29.288627868541994
104.63	-25.042385525513186
104.64	-28.547238023460867
104.65	-42.88643341615414
104.66	-41.4836774429378
104.67	-37.82504733978766
104.68	-35.781817416687595
104.69	-32.32181836882257
104.7	-23.164166429149148
104.71000000000001	-12.4179183678801
104.72	-16.311850964768762
104.73	-9.602545751652682
104.74000000000001	-7.393075707563331
104.75	-6.493839508666622
104.76	-8.158921283383991
104.77	-8.025843956306227
104.78	-8.803728856342053
104.79	-7.700061165694577
104.8	-13.638190401693842
104.81	-0.03791100172125068
104.82000000000001	-0.6005333498944888
104.83	-2.3196774513291825
104.84	-4.749989259925964
104.85000000000001	-2.392768554899125
104.86	-2.2048226961259503
104.87	-1.1654142792260243
104.88	-0.9186056071669789
104.89	-0.23758865594896017
104.9	0.6239178298272404
104.91	-1.35885833169132
104.92	-2.6831997214632106
104.93	-4.380162387478928
104.94	-7.026390529657242
104.95	-7.16997537902243
104.96000000000001	-8.653997423469853
104.97	-6.653368316980269
104.98	-5.034534121901099
104.99000000000001	-8.825289722582022
105.0	-8.14615686162834
105.01	-5.472906377226348
105.02	-17.840735271392553
105.03	-14.20557093695959
105.04	-13.641136243187356
105.05	-33.786136495155034
105.06	-20.386776839443016
105.07000000000001	-14.404092063235996
105.08	-11.479948492992904
105.09	-8.765704190384204
105.10000000000001	-5.029992645502047
105.11	-1.5512214514815084
105.12	-1.775104481762512
105.13	0.5841804272274306
105.14	4.935782081196284
105.15	3.8112498070782426
105.16	-0.9336590893338369
105.17	-0.28762551669556025
105.18	-0.86735367933802
105.19	-2.310456242913583
105.2	-1.9241648184098668
105.21000000000001	-2.578170088880175
105.22	-1.6008055044053515
105.23	-3.064758657042547
105.24000000000001	-1.5863168063986677
105.25	-1.2303967987623483
105.26	1.208809680564088
105.27	-8.316555432200552
105.28	-10.48851183369654
105.29	-7.577616612149411
105.3	-6.010195603798926
105.31	-14.581255321789056
105.32000000000001	-12.688078162037206
105.33	-15.425916924539628
105.34	-10.963391716443025
105.35000000000001	-15.913825206041315
105.36	-19.534073471533304
105.37	-15.426298400528015
105.38	-17.89163371284709
105.39	-4.218357490153324
105.4	-0.04251041752772801
105.41	3.929428592641617
105.42	1.3515770548871398
105.43	2.4397840614337905
105.44	0.5241492710659639
105.45	-1.746181273184376
105.46000000000001	-5.145947757654715
105.47	-7.8882665631550495
105.48	-9.42787227194746
105.49000000000001	-6.929231995020121
105.5	-5.175388819967082
105.51	-3.076464257120279
105.52	-2.5202774821260516
105.53	-8.22774616645784
105.54	-6.173538286585694
105.55	-4.083979820132737
105.56	-2.2052349602968264
105.57000000000001	-3.8149112560173024
105.58	-6.214858985363455
105.59	-5.9446125441837685
105.60000000000001	-5.428626708022376
105.61	-2.6330257549676532
105.62	-2.2234275164872717
105.63	-6.3577410773815926
105.64	-4.497920008598241
105.65	-5.894632582223757
105.66	-0.7243945371963477
105.67	-3.7676090306151346
105.68	-3.925414288104118
105.69	-6.599866401238008
105.7	-1.4078506131758888
105.71000000000001	-0.22900906545083596
105.72	2.822020649047967
105.73	4.753537999223526
105.74000000000001	2.899980246061983
105.75	1.7862799100275384
105.76	3.7969185153305207
105.77	-2.5874448406624473
105.78	-0.9904573459610921
105.79	-2.334453233973833
105.8	-9.618056439253136
105.81	-8.807947689079601
105.82000000000001	-13.384986976079897
105.83	-16.354822758449835
105.84	-14.096069285534274
105.85000000000001	-18.44672418053541
105.86	-9.16284261252744
105.87	-7.743921438564122
105.88	-11.31659014823723
105.89	-8.923493017442105
105.9	-18.22465462296177
105.91	-22.08406011101196
105.92	-25.015876372838672
105.93	-23.309504188765498
105.94	-19.310683168314757
105.95	-12.71390878479821
105.96000000000001	-18.463649931210547
105.97	-25.041144553639576
105.98	-28.38868765282394
105.99000000000001	-14.787471722944046
106.0	-6.37095312135377
106.01	-6.7538458746537415
106.02	-12.629907773799996
106.03	-28.498316091649077
106.04	-17.97640109185648
106.05	-20.13469771236432
106.06	-28.49712812893821
106.07000000000001	-34.98902102333896
106.08	-31.217673814110835
106.09	-10.00011275258645
106.10000000000001	-14.762561373162056
106.11	-15.887685852529678
106.12	-3.6421790425902416
106.13	-5.4947356744542954
106.14	-5.560204282814864
106.15	-3.1931522318894423
106.16	-1.7934054570381084
106.17	0.24886953187119576
106.18	0.9995261647429796
106.19	0.7326046810623544
106.2	-1.6896555556824149
106.21000000000001	-4.064103360201067
106.22	-3.256570680880367
106.23	-2.0817557487975713
106.24000000000001	-2.4589645972868825
106.25	-2.6680384144774947
106.26	-1.7442782571331044
106.27	-2.3065633938007863
106.28	0.006289452084253767
106.29	-6.061258511249969
106.3	-5.383567006520767
106.31	-4.329983723194457
106.32000000000001	-6.384587216267635
106.33	-30.68878752243698
106.34	-25.728378585980327
106.35000000000001	-26.931881795118898
106.36	-22.230154400033918
106.37	-20.9963606315368
106.38	-23.6799039025757
106.39	-21.27153120224804
106.4	-21.58910077540068
106.41	-24.072671920784856
106.42	-18.802826554064694
106.43	-10.395954440660537
106.44	-14.766231756861421
106.45	-24.740026629952595
106.46000000000001	-26.574059211455648
106.47	-19.98505248459962
106.48	-31.862824332191977
106.49000000000001	-20.871004549769257
106.5	-16.14581632655872
106.51	-14.60066160221238
106.52	-7.909473984851222
106.53	-8.488553154618089
106.54	-16.263637219020946
106.55	-26.054684190053845
106.56	-26.67039857612155
106.57000000000001	-22.791757664628616
106.58	-23.65099867241617
106.59	-39.67801736943258
106.60000000000001	-36.61363946781901
106.61	-28.81528930868232
106.62	-40.23762195857386
106.63	-15.265255755435916
106.64	-4.514010974989336
106.65	-1.8765218181702223
106.66	1.0427442438443202
106.67	4.921356098553658
106.68	9.885241016287079
106.69	22.69693275120514
106.7	22.086017043010884
106.71000000000001	25.056029768482826
106.72	21.91013653492071
106.73	9.46268399196276
106.74000000000001	3.894489860731822
106.75	0.10052417515792163
106.76	3.065959446845187
106.77	1.703729610699702
106.78	0.9059587442571527
106.79	-5.645224396735734
106.8	-5.764271230829408
106.81	-6.681409614647434
106.82000000000001	-4.612161546567928
106.83	-17.03930593596594
106.84	-18.661352265998172
106.85000000000001	-14.536226613715085
106.86	-10.845149299467886
106.87	-7.4794351930711045
106.88	-3.4305897100948766
106.89	-17.698569393413013
106.9	-2.7032651969177732
106.91	-0.20247439988598578
106.92	2.4626527459074623
106.93	1.9677737492668068
106.94	0.28928721814474895
106.95	3.1800283171593664
106.96000000000001	0.5166230374447298
106.97	-1.1978578036269583
106.98	0.2131870983927313
106.99000000000001	-0.5028984956822975
107.0	-1.8491808811451549
107.01	-2.942127574517174
107.02	-1.4152823866818407
107.03	-1.2086798708757522
107.04	-5.83999555574552
107.05	-0.9458627409104251
107.06	1.7894852794169134
107.07000000000001	12.124521585030175
107.08	15.946246417351317
107.09	19.86523437259036
107.10000000000001	9.190756387244724
107.11	6.395798584862328
107.12	3.46285672828829
107.13	3.8275603305003436
107.14	6.122263502435759
107.15	1.9448620179991807
107.16	-2.15578279766328
107.17	-2.859181576775135
107.18	-10.404294393295368
107.19	-9.379976922786811
107.2	-12.079248596763515
107.21000000000001	-16.013495017262322
107.22	-14.419815193027583
107.23	-15.892364740613777
107.24000000000001	-7.725637428688659
107.25	-1.030005285767645
107.26	-3.1043488880147234
107.27	-4.47424996272524
107.28	-6.3713585052218535
107.29	-12.442193396565068
107.3	-16.590749729855798
107.31	-15.322058106857302
107.32000000000001	-10.575886768392508
107.33	-5.410588166468699
107.34	-5.072881978422078
107.35000000000001	-5.862527981824604
107.36	-5.173831259046262
107.37	0.8702288935565444
107.38	-1.580169307024079
107.39	3.3890837426329585
107.4	8.173403205373235
107.41	22.33247862730576
107.42	13.693217050216331
107.43	23.655795598221026
107.44	15.70813178582423
107.45	7.1939432623728825
107.46000000000001	2.5476297718234187
107.47	3.5125640932200293
107.48	8.63507026129282
107.49000000000001	12.535359362034411
107.5	18.74095609539214
107.51	25.896830174280677
107.52	17.2483078804687
107.53	18.699724904634373
107.54	13.503123796899121
107.55	9.01620578149256
107.56	6.0437892806298
107.57000000000001	9.056036244255193
107.58	24.033396712848923
107.59	20.817803824621816
107.60000000000001	15.228766295637021
107.61	16.316826512612494
107.62	11.851140528205052
107.63	6.44229089114781
107.64	7.236819492349604
107.65	5.078977561883511
107.66	8.812811976560933
107.67	2.50681509190862
107.68	2.321019422389067
107.69	4.6213977367429155
107.7	3.2780222264056547
107.71000000000001	1.410272283237433
107.72	3.0866827070975438
107.73	5.440179082742346
107.74000000000001	6.0412528260785905
107.75	11.3249476986906
107.76	9.600817367046847
107.77	13.32750011537972
107.78	12.192463849943193
107.79	11.485332323246384
107.8	3.1177637156973104
107.81	2.9401999313424176
107.82000000000001	3.0662490089813192
107.83	-4.47739950399974
107.84	-25.36353546850329
107.85000000000001	-29.760771748895536
107.86	-31.605620744638106
107.87	-32.79458328748241
107.88	-30.40569056330135
107.89	-30.84543100029461
107.9	-28.499994004161547
107.91	-21.905236769702835
107.92	-29.4432256369005
107.93	-42.361556255720664
107.94	-31.275947152839397
107.95	-19.627104762944278
107.96000000000001	-12.290215305371975
107.97	-13.30080916871657
107.98	-21.528765923865336
107.99000000000001	-16.612076113871595
108.0	-12.734865915674003
108.01	-8.000192359857339
108.02	-8.73408254777263
108.03	-10.563872635544971
108.04	-11.78240380017972
108.05	-11.968287890699473
108.06	-12.009007529792465
108.07000000000001	-16.98645584821144
108.08	-23.26649228037815
108.09	-33.944869355952264
108.10000000000001	-23.481572973036943
108.11	-25.815439192143227
108.12	-26.464593420419618
108.13	-22.81197214966653
108.14	-1.8373474462331068
108.15	-4.911459863407127
108.16	-8.015741105888399
108.17	-5.0697436276773535
108.18	1.6944343037211878
108.19	-1.5725195950057225
108.2	-3.741891046359159
108.21000000000001	-7.413033147221364
108.22	-9.096403808597344
108.23	-12.094934758840257
108.24000000000001	-4.2141664491152016
108.25	-11.027515653856971
108.26	-5.469434081608423
108.27	-11.5420217214418
108.28	-16.437153966295508
108.29	-12.811731451451642
108.3	-14.132711526169649
108.31	-11.15435370897428
108.32000000000001	-15.687978211432908
108.33	-12.360028760312202
108.34	-7.0970173904561795
108.35000000000001	-2.4761010089560576
108.36	-5.18456092521347
108.37	-8.537617216648998
108.38	-4.810505346628909
108.39	-2.4622760215190476
108.4	-4.662669131191998
108.41	-2.6036208431426906
108.42	-0.3090835063214013
108.43	-0.19431873340888528
108.44	-4.675481038287002
108.45	-1.6599816875826843
108.46000000000001	-9.557205832588759
108.47	-0.872064453483856
108.48	1.2648989885846664
108.49000000000001	1.610152938037272
108.5	2.5943918721078085
108.51	8.988756925318988
108.52	13.315868453374346
108.53	3.649596856247978
108.54	3.6368959948708635
108.55	-1.2064870753742747
108.56	-3.359283319157055
108.57000000000001	-0.6162870090586361
108.58	-2.631449338028063
108.59	-5.87374976368117
108.60000000000001	-2.8397132898119612
108.61	-3.233981680943179
108.62	-2.2338283593863952
108.63	-1.0064271630196857
108.64	-1.0268512348625112
108.65	-1.1367239695155869
108.66	-6.727688105376031
108.67	-8.179907163147936
108.68	-0.025758674419659257
108.69	-2.8126789892286976
108.7	-3.547312111537494
108.71000000000001	-4.3962484303589875
108.72	-3.7808691995992323
108.73	-5.615534616736572
108.74000000000001	-6.208765355100803
108.75	-4.158753460720666
108.76	-1.318423774260297
108.77	2.748209053016551
108.78	4.733665138652358
108.79	3.6870592999792495
108.8	5.284691392176882
108.81	7.596470259877579
108.82000000000001	4.287665794224266
108.83	2.7285026411043347
108.84	0.2343566289334358
108.85000000000001	-1.9166885390041541
108.86	-5.945281226133817
108.87	-5.533160803856237
108.88	-5.098317637363582
108.89	-4.5741510153922365
108.9	-3.026963119377889
108.91	-5.041939605265163
108.92	-12.061066541327364
108.93	-9.918928628933866
108.94	-18.693744682619425
108.95	-22.255810308121713
108.96000000000001	-10.08270262480317
108.97	-29.4371733053668
108.98	-31.19168377604228
108.99000000000001	-21.11561376721756
109.0	-18.110577527674693
109.01	-7.475607520871448
109.02	-1.2461645500641394
109.03	-2.179368288550375
109.04	-3.0162559636320383
109.05	-3.911098246001214
109.06	-14.423205434724153
109.07000000000001	-19.363768682822265
109.08	-21.265265473669846
109.09	-18.496661792968005
109.10000000000001	-25.148449239409608
109.11	-22.284857882176986
109.12	-18.225717635098928
109.13	-17.712418173023455
109.14	-14.766885736512164
109.15	-6.8380533285718945
109.16	-4.764608679125319
109.17	-5.461473718639601
109.18	-1.8456020661721864
109.19	-8.457067505970379
109.2	-15.322027065016997
109.21000000000001	-11.400499528864728
109.22	-23.45172683002162
109.23	-32.132485688917754
109.24000000000001	-25.331717050261926
109.25	-20.25112101084423
109.26	-12.030310655128565
109.27	-4.865660572161432
109.28	-0.12984467206198033
109.29	-1.103702973125493
109.3	-1.8273330987824854
109.31	0.8885578736699116
109.32000000000001	2.700909537481297
109.33	1.2692287765269323
109.34	0.4034040254417159
109.35000000000001	5.843752589171403
109.36	-0.2310994744455159
109.37	-9.225125087729086
109.38	-25.603640516151387
109.39	-22.869229628644163
109.4	-20.01455170863416
109.41	-29.967679070484998
109.42	-14.960439509780988
109.43	-11.573351655355976
109.44	-6.05636344715594
109.45	-0.8075639214822657
109.46000000000001	-2.2503622397676053
109.47	-1.2794004891911797
109.48	-3.0177646007917946
109.49000000000001	-5.2390423431334305
109.5	-2.600554071803731
109.51	1.5312469684404502
109.52	1.7127271154647121
109.53	3.4690752466151795
109.54	7.269073655488706
109.55	9.159750762398488
109.56	6.845774330928891
109.57000000000001	4.218781683419954
109.58	1.9775991139974058
109.59	1.4697989049507318
109.60000000000001	-1.2753887788297265
109.61	-5.28213357166442
109.62	-6.2572558772402465
109.63	-5.889005633546173
109.64	-2.723484438750391
109.65	-5.247230930133168
109.66	-19.48245075329973
109.67	-13.416964745681634
109.68	-11.41866289616242
109.69	-7.104324797725271
109.7	-22.217355788104882
109.71000000000001	-21.606313231037042
109.72	-22.195998990154525
109.73	-30.111403580090567
109.74000000000001	-30.486107460440724
109.75	-29.170552478218966
109.76	-21.12552616494815
109.77	-26.682046424154755
109.78	-30.762267623797637
109.79	-27.506949842289487
109.8	-28.529428511895723
109.81	-16.1654946207556
109.82000000000001	-8.355424526602452
109.83	-9.979337151737797
109.84	-3.7929613325634604
109.85000000000001	-8.245250682272852
109.86	-5.904257905319622
109.87	-5.430474442828199
109.88	-3.084655800742823
109.89	-0.08516722116677634
109.9	1.7683818597936927
109.91	-1.0873393756002059
109.92	-1.4646789566464196
109.93	-1.3848202519224777
109.94	-3.50575309445179
109.95	-23.26379748420556
109.96000000000001	-26.530639785919334
109.97	-16.63414341102633
109.98	-14.155372827572661
109.99000000000001	-10.735428492235439
110.0	-5.692536872701174
110.01	-4.4322624920471485
110.02	-1.498502761274993
110.03	-0.7922517435726018
110.04	-1.938478501384515
110.05	-2.1240221679000735
110.06	0.3666518842672326
110.07000000000001	4.305094638010497
110.08	7.139462582933975
110.09	4.804124783819529
110.10000000000001	4.067101557037028
110.11	-3.6073843280708227
110.12	-2.3123688315241844
110.13	-1.2244069343807982
110.14	0.6498463755613391
110.15	-0.420817229061164
110.16	2.146258622884005
110.17	2.035465749888476
110.18	4.070736229307369
110.19	8.278317921567366
110.2	7.096477358637013
110.21000000000001	8.704747527572968
110.22	11.520773152442136
110.23	19.801684232182982
110.24000000000001	18.49057081330355
110.25	16.038000108746466
110.26	13.725886270440197
110.27	14.00045062969301
110.28	11.28395579636788
110.29	14.922530165741758
110.3	21.888625808635428
110.31	16.172216087122003
110.32000000000001	8.561775553925019
110.33	10.415272181731305
110.34	13.442281138926884
110.35000000000001	14.591440760992441
110.36	9.95445050443788
110.37	24.00203290376224
110.38	13.264740689692049
110.39	15.328511302163212
110.4	8.080568285424265
110.41	17.91564347635673
110.42	22.163512188441093
110.43	19.39853419337591
110.44	17.0627292083836
110.45	13.53131219937332
110.46000000000001	10.717557992007505
110.47	6.5197024962341805
110.48	-0.9657498750015904
110.49000000000001	0.6557953242041223
110.5	-0.3933292593440635
110.51	-2.9995679946650324
110.52	-0.2725078250023796
110.53	1.9539578023432567
110.54	0.8455264780489942
110.55	0.5392296441488893
110.56	-2.2886161874654802
110.57000000000001	-1.766034253936382
110.58	0.3933807243779464
110.59	2.668879123764158
110.60000000000001	1.2481713516473962
110.61	2.0750674188698732
110.62	3.5711229825547792
110.63	21.996765912648844
110.64	5.76039873582622
110.65	4.719730665065095
110.66	3.603085749233776
110.67	0.42509241718825613
110.68	-1.8053226704721188
110.69	-3.7680184064885323
110.7	0.38545471986446805
110.71000000000001	5.031224500206372
110.72	4.542471014624633
110.73	1.6199033075422486
110.74000000000001	1.1430823278997881
110.75	6.360131364059985
110.76	15.705051884035248
110.77	23.814957122645122
110.78	14.471369943273386
110.79	6.5805085128075245
110.8	5.60768100764569
110.81	10.446959014617166
110.82000000000001	2.05411413749836
110.83	-1.4229874811447485
110.84	-3.9934742679809743
110.85000000000001	-7.132990384078698
110.86	-9.408682920720583
110.87	-12.404787877303068
110.88	-1.1611090624797527
110.89	1.3910864372737295
110.9	2.3763134967273185
110.91	1.6556025640749226
110.92	0.032475939554947285
110.93	-1.4024041392634026
110.94	-2.290276103111853
110.95	-1.9639490710399898
110.96000000000001	-0.8213106197000872
110.97	2.013157791652094
110.98	3.4597361474821056
110.99000000000001	5.32518887896632
111.0	5.729156205074341
111.01	5.120121629324789
111.02	1.023758338743907
111.03	0.19061386553227674
111.04	1.8752148705380238
111.05	0.7822180751185278
111.06	-5.4039209045359735
111.07000000000001	-8.108941079291911
111.08	-8.218583907223382
111.09	-5.8281815017469345
111.10000000000001	-8.836461032448144
111.11	-9.84208288145074
111.12	-1.8017458672745261
111.13	3.246311156829774
111.14	-0.7673661433061787
111.15	-3.313311404750825
111.16	-6.820502547991981
111.17	-5.907166638373333
111.18	-15.445322679581926
111.19	-11.954659894592817
111.2	-14.398536973667703
111.21000000000001	-15.94302011948809
111.22	-22.19016003416122
111.23	-22.328976665870787
111.24000000000001	-17.904636838809875
111.25	-21.122696790869124
111.26	-9.199601400635016
111.27	-2.4968057683298595
111.28	-1.2823887334399875
111.29	-3.742563948681163
111.3	-2.597774115730567
111.31	-1.850178113391059
111.32000000000001	-2.121927651365401
111.33	-3.0473019509022317
111.34	-1.9463150521289463
111.35000000000001	-2.8089537111856138
111.36	-4.407970083133095
111.37	-11.099709451099075
111.38	-13.99478467898037
111.39	-21.84640287683685
111.4	-16.43007869539305
111.41	-9.59173440386295
111.42	-22.80920778666618
111.43	-24.57219281290253
111.44	-24.830831487344106
111.45	-22.335959661084935
111.46000000000001	-21.24457540986424
111.47	-25.02242887174519
111.48	-34.82074850521469
111.49000000000001	-34.37942548729497
111.5	-19.406718091038567
111.51	-17.4287774006682
111.52	-9.337786025727619
111.53	-11.373282107592665
111.54	-8.530447774975043
111.55	-7.410870959401626
111.56	-16.336052463814895
111.57000000000001	-14.909742579731319
111.58	-41.654060936635545
111.59	-30.38858968278748
111.60000000000001	-19.892689187634325
111.61	-6.479712956809318
111.62	-2.024156342858983
111.63	3.1616418985348393
111.64	-6.815640607797608
111.65	-3.533355305298773
111.66	-6.656986512024815
111.67	-6.473038394927772
111.68	-5.569557978009405
111.69	-7.1999984367401835
111.7	-1.8806940889964243
111.71000000000001	-1.0112910674469562
111.72	2.1970663918738342
111.73	1.40500312900068
111.74000000000001	2.6803593457288613
111.75	6.105379245425432
111.76	5.0747791296204765
111.77	8.029973426105743
111.78	4.027032273860252
111.79	6.358695377962606
111.8	0.4397101937191521
111.81	-1.4034929144943902
111.82000000000001	-0.037030876434801255
111.83	0.31162385810284354
111.84	0.6089755017481373
111.85000000000001	-0.8828142217595192
111.86	-0.6641431854857776
111.87	-2.7829130462029834
111.88	-2.442065349118631
111.89	-9.64135044571485
111.9	-7.054483862702928
111.91	-0.7636855772074659
111.92	-1.4134333936052805
111.93	2.082289567014237
111.94	5.7192514299139505
111.95	8.010023427091808
111.96000000000001	10.721627930519805
111.97	17.72271134124856
111.98	10.280025542492691
111.99000000000001	7.462691840671635
112.0	3.6084523454859965
112.01	-5.840701828152776
112.02	-5.342872234505994
112.03	-6.923801003965586
112.04	-9.190783495130987
112.05	-5.723551815978957
112.06	-5.283595721992507
112.07000000000001	-9.767857517277799
112.08	-13.41519700950733
112.09	-11.95306798204047
112.10000000000001	-11.67350852067761
112.11	-19.168414688962795
112.12	-20.592373339648752
112.13	-28.212034189436043
112.14	-22.71308977509906
112.15	-17.232118306132957
112.16	-16.366842174591028
112.17	-12.67868838899149
112.18	-19.282161568825252
112.19	-7.4176542123920735
112.2	-12.142863110218858
112.21000000000001	-6.691292151933518
112.22	-4.154415741196568
112.23	-1.0077858592156554
112.24000000000001	-8.653649537481579
112.25	-7.253056402590145
112.26	-5.895716295551862
112.27	-9.592085911793962
112.28	-30.73994318832374
112.29	-23.69336707341343
112.3	-16.1738116606802
112.31	-10.129264089621241
112.32000000000001	-11.775468935636658
112.33	-7.477009222462463
112.34	-6.707364608575503
112.35000000000001	-2.2935374825251977
112.36	2.9974829732178043
112.37	1.7687864570404892
112.38	0.35837369346537346
112.39	2.6412423936984113
112.4	7.657290240275786
112.41	9.032086302693436
112.42	8.894478306436763
112.43	5.255759185782716
112.44	2.1813062287173057
112.45	2.3389821111680336
112.46000000000001	-0.4094015902240729
112.47	-3.479594402497204
112.48	-4.727883142667896
112.49000000000001	-6.587618128375445
112.5	-1.5039838747356
112.51	0.15538412123575254
112.52	3.058576467128968
112.53	9.219207132557301
112.54	13.044478280993374
112.55	10.207283386988788
112.56	7.328468917051531
112.57000000000001	4.060755789211236
112.58	4.926855099822226
112.59	3.0458614510074042
112.60000000000001	6.597702969096968
112.61	5.445352539371012
112.62	4.24516784755152
112.63	3.6187069028259735
112.64	15.483826366685975
112.65	16.700781375734987
112.66	9.679878202501138
112.67	7.257953320545479
112.68	8.444593291473955
112.69	10.642787001994595
112.7	11.080061339300986
112.71000000000001	14.970530853033159
112.72	18.344675141549512
112.73	28.384852442554156
112.74000000000001	27.65747729238742
112.75	18.138192777926125
112.76	33.946256377763326
112.77	23.515764158501614
112.78	28.716440047333748
112.79	21.872829968601486
112.8	19.785988406600957
112.81	20.58405535743924
112.82000000000001	23.697771438787495
112.83	21.946577193431004
112.84	33.300452855224314
112.85000000000001	51.04325280258502
112.86	37.96749011293818
112.87	35.26993958861756
112.88	35.330772812462016
112.89	27.663169556457916
112.9	29.823717392358596
112.91	18.775616081442536
112.92	9.240453053318754
112.93	12.19944877581814
112.94	14.629228839646533
112.95	22.09635543213621
112.96000000000001	25.336101957028603
112.97	22.53151944653572
112.98	19.511974807752487
112.99000000000001	25.38179195780509
113.0	28.911565896380495
113.01	34.2832361903224
113.02	40.549897281126334
113.03	30.98289806563766
113.04	29.541755195164995
113.05	29.364588697894185
113.06	30.2833952425286
113.07000000000001	11.3709106040009
113.08	5.7042119219064595
113.09	6.247348304592047
113.10000000000001	14.696338133638541
113.11	20.49696448976536
113.12	13.915716689265006
113.13	14.527522878720134
113.14	11.353213407520581
113.15	6.719114413247918
113.16	5.157449670761819
113.17	5.1256254826237475
113.18	3.12171971876674
113.19	5.298505041879005
113.2	7.521522288767855
113.21000000000001	13.570242657374894
113.22	13.301820366445217
113.23	5.333500594000208
113.24000000000001	5.297843910398308
113.25	-0.23481161262120043
113.26	1.268793498365177
113.27	1.1027826745762397
113.28	4.7147276065407
113.29	9.930290958914602
113.3	1.7591817734397093
113.31	3.336806356402015
113.32000000000001	4.670520098103202
113.33	5.294953637645837
113.34	5.0851942122609355
113.35000000000001	2.7569542721336626
113.36	-1.0339543416503119
113.37	-7.165971778988378
113.38	-9.755852191142711
113.39	-11.594255044525811
113.4	-27.525609252353604
113.41	-24.072595516426954
113.42	-23.760849264891363
113.43	-17.259425543222246
113.44	-24.153917086598337
113.45	-20.368307802517343
113.46000000000001	-21.771958497197662
113.47	-20.263688099236496
113.48	-22.29135739231168
113.49000000000001	-18.673979597551163
113.5	-17.3073886365331
113.51	-14.087931260828613
113.52	-9.9216823211534
113.53	-10.012672507865535
113.54	-10.02888269849165
113.55	-4.90544842709512
113.56	0.3272756035169111
113.57000000000001	-0.009826731864332746
113.58	-1.2689764521864462
113.59	-0.9829378075437865
113.60000000000001	-1.5824502362509998
113.61	-4.859771060798084
113.62	-2.6661231577751656
113.63	-0.8041426753851157
113.64	-4.590100617836045
113.65	-4.397832454298503
113.66	-1.7360508037995384
113.67	-0.2414978550016077
113.68	-5.13866480066537
113.69	0.30538097983316875
113.7	1.6567755596487137
113.71000000000001	5.300396143695302
113.72	21.365873851298726
