0.0	19.333313320921366
0.01	25.261769682250566
0.02	23.971614161333207
0.03	25.25567965847434
0.04	20.88830171310882
0.05	18.941658693873197
0.06	19.59695998230746
0.07	15.381727168055612
0.08	12.40415694591265
0.09	15.012560435335903
0.1	25.737220899617938
0.11	29.422916164130836
0.12	23.41414858792147
0.13	22.951251680325154
0.14	22.96768316719133
0.15	18.21556778377933
0.16	14.413816228025912
0.17	13.415257481178578
0.18	16.64706550887606
0.19	18.96903753679169
0.2	18.912413921943223
0.21	25.887606478956332
0.22	28.03572143927283
0.23	23.09808812048048
0.24	19.083251973307977
0.25	17.562435629958152
0.26	15.61086301410036
0.27	23.297656853606433
0.28	19.89989594705076
0.29	18.02333500328126
0.3	28.59940437599428
0.31	27.42067180212486
0.32	35.20242620548673
0.33	35.6848309897614
0.34	38.310802646240695
0.35000000000000003	34.73942926226796
0.36	31.328067088844804
0.37	30.201019142071406
0.38	28.72499593537768
0.39	22.827769992398647
0.4	19.376386882462707
0.41000000000000003	19.763911699498454
0.42	22.667975637521902
0.43	21.46179268838219
0.44	20.801867911917043
0.45	20.533989457451213
0.46	19.461331439981556
0.47000000000000003	16.220397601485534
0.48	15.947339021473791
0.49	13.148665905615264
0.5	11.957940488109891
0.51	15.687266242523759
0.52	13.795873980931107
0.53	12.559544829195806
0.54	12.163967791417441
0.55	16.291524242742383
0.56	15.322115699778866
0.5700000000000001	13.930398251339575
0.58	15.755148620614866
0.59	12.562439980014963
0.6	10.890331279320828
0.61	12.738942623210585
0.62	11.004315772621789
0.63	12.978174066103948
0.64	10.098687016172411
0.65	7.475829317970746
0.66	9.287506747287539
0.67	7.464196983812432
0.68	5.66835455956106
0.6900000000000001	7.927048238139759
0.7000000000000001	17.538818910462407
0.71	24.392769101919356
0.72	26.252872676594208
0.73	27.431360662541824
0.74	24.180387695229044
0.75	18.712219290790582
0.76	19.21664051842246
0.77	23.25487776139723
0.78	29.626521770913378
0.79	29.923381747438263
0.8	28.05701824250953
0.81	23.306737121336422
0.8200000000000001	18.83006772225039
0.8300000000000001	14.596952470409192
0.84	14.201837227104509
0.85	19.09160933877222
0.86	19.50207040239054
0.87	16.155790654587594
0.88	12.829239554906863
0.89	11.913608832935516
0.9	11.709443945227688
0.91	12.672769981052722
0.92	11.414040495722514
0.93	14.057008206708087
0.9400000000000001	13.296050109686648
0.9500000000000001	21.69387813257772
0.96	25.619609902265697
0.97	21.518050704696545
0.98	20.266918853791495
0.99	26.773815869237637
1.0	23.797695063162905
1.01	18.464632026027125
1.02	14.540787291367359
1.03	10.839748343122885
1.04	16.35904808405992
1.05	17.407527673694176
1.06	17.72164995071737
1.07	20.615597287699465
1.08	20.42333005215308
1.09	19.02803495257944
1.1	18.187846583611947
1.11	17.295038860924468
1.12	22.33745367218467
1.1300000000000001	18.755614326553317
1.1400000000000001	19.138036041759886
1.1500000000000001	19.993516391046878
1.16	19.84689482784791
1.17	24.160788538840237
1.18	22.26881715377798
1.19	17.220673228024285
1.2	17.960484519791112
1.21	15.265237114956365
1.22	14.080945177106187
1.23	15.070372455844922
1.24	14.376896326164013
1.25	12.448644913564673
1.26	12.036800269368616
1.27	10.333606760638919
1.28	8.49797606582521
1.29	8.323758585795453
1.3	9.882652609003872
1.31	10.70848993137643
1.32	7.8515756832792825
1.33	5.004000517739883
1.34	2.1669855038357513
1.35	0.7952905876159377
1.36	-1.794210464520015
1.37	-1.5380502089873729
1.3800000000000001	-3.557991459058806
1.3900000000000001	-8.122211281896734
1.4000000000000001	-9.621690174415605
1.41	-9.304638980259758
1.42	-10.511414606327872
1.43	-8.190145949473749
1.44	-12.948473255370565
1.45	-11.728494394774888
1.46	-8.945665591862157
1.47	-13.808405087950922
1.48	-13.73616860303591
1.49	-18.80188460164477
1.5	-19.35607438547736
1.51	-14.955419191822916
1.52	-13.248223374821077
1.53	-11.378765932118029
1.54	-11.220729586262868
1.55	-12.256800586920466
1.56	-11.48699946550781
1.57	-9.045448965990712
1.58	-7.0042700235459465
1.59	-11.92756834868306
1.6	-11.484727982719875
1.61	-12.984601370399584
1.62	-14.529031902245428
1.6300000000000001	-10.453634163731461
1.6400000000000001	-6.747621025189759
1.6500000000000001	-10.402396088139486
1.6600000000000001	-12.586135746496636
1.67	-13.732548132978222
1.68	-12.69419046180925
1.69	-11.498181616265521
1.7	-13.424163532409091
1.71	-23.712988916498677
1.72	-20.118413877384178
1.73	-23.127403983158064
1.74	-23.644295815871665
1.75	-22.186877663936706
1.76	-22.247968294930704
1.77	-20.682958846600798
1.78	-17.560404659668123
1.79	-16.911072839052636
1.8	-15.938801898355178
1.81	-18.675214145862036
1.82	-19.03657587796314
1.83	-21.691657526076455
1.84	-22.968137946916467
1.85	-23.628571879773364
1.86	-23.079651070042235
1.87	-25.87807606032444
1.8800000000000001	-22.7300979684649
1.8900000000000001	-20.31152111702817
1.9000000000000001	-15.943178574136788
1.9100000000000001	-16.535974722054863
1.92	-12.758592295209354
1.93	-10.752107356837184
1.94	-11.02250206585054
1.95	-12.020093363773404
1.96	-21.182645116462197
1.97	-25.110049929959583
1.98	-24.74565089577973
1.99	-23.044423068093103
2.0	-18.71548287276035
2.0100000000000002	-19.712906553114657
2.02	-20.064033024494545
2.0300000000000002	-29.5538577082598
2.04	-27.55043370156621
2.05	-30.244610641161064
2.06	-30.341773584743876
2.07	-26.258803621202777
2.08	-22.328939201765657
2.09	-20.422092959377416
2.1	-20.829782549592665
2.11	-18.534511689768024
2.12	-18.270033160770577
2.13	-16.857973020372654
2.14	-12.940880768532487
2.15	-9.877419353282988
2.16	-19.544205477811182
2.17	-24.874259918135934
2.18	-22.937355406533282
2.19	-24.35352024969186
2.2	-19.159471744632608
2.21	-17.882906283252037
2.22	-23.86771675826304
2.23	-30.939644980508607
2.24	-26.502713329871057
2.25	-23.000223563875643
2.2600000000000002	-18.631658833586105
2.27	-14.697449968101207
2.2800000000000002	-12.154372974533404
2.29	-11.111647056351686
2.3000000000000003	-12.592111420242658
2.31	-10.414987793670598
2.32	-6.658064448289972
2.33	-4.311910564415789
2.34	-2.297426343014146
2.35	-0.8063110904998698
2.36	1.6003659472528249
2.37	-3.8064243448656496
2.38	-10.465228159151481
2.39	-10.356699267053468
2.4	-12.661058562137265
2.41	-12.880290137776745
2.42	-14.923348559121457
2.43	-15.929821945178368
2.44	-14.258423163560508
2.45	-17.173219992876657
2.46	-13.167284970301822
2.47	-13.219703479792058
2.48	-17.357284848355803
2.49	-14.653059378996844
2.5	-17.8479999015097
2.5100000000000002	-13.944710469134654
2.52	-12.770623403575375
2.5300000000000002	-19.7826338893337
2.54	-17.49610125594251
2.5500000000000003	-16.234822925300044
2.56	-14.802272971911805
2.57	-11.361535983258722
2.58	-8.20385571244007
2.59	-6.887028436676587
2.6	-8.647884592389966
2.61	-4.546279862689514
2.62	-3.52331285874188
2.63	-5.141899696224191
2.64	-2.6074778629384556
2.65	-2.632691539578825
2.66	-0.6852728718851387
2.67	0.14354284437589537
2.68	0.8909534819531949
2.69	0.42503651207133764
2.7	0.16627084838605002
2.71	-0.44022961212271605
2.72	1.7869294215712563
2.73	0.49960929851589253
2.74	-1.863885499167337
2.75	-2.0849613258995894
2.7600000000000002	-0.9671176510273318
2.77	-0.5533805006441026
2.7800000000000002	0.39376380393566673
2.79	-0.27368094054536807
2.8000000000000003	-1.6952446853291354
2.81	-3.897403217750877
2.82	-3.3276155310121216
2.83	-2.4849743058449416
2.84	-4.701705677733138
2.85	-8.705621919994568
2.86	-10.980374912589737
2.87	-15.113812906123469
2.88	-12.317010126631336
2.89	-13.419652810966802
2.9	-10.13340869351542
2.91	-9.735184961484093
2.92	-12.81380235395256
2.93	-13.998315588860404
2.94	-15.978265251007311
2.95	-13.935886369109642
2.96	-17.84618070057385
2.97	-20.40764692567576
2.98	-17.265407832609306
2.99	-17.953900931786745
3.0	-14.97663180342897
3.0100000000000002	-12.035184889422998
3.02	-13.234839510078395
3.0300000000000002	-11.425241801571655
3.04	-16.639915445641517
3.0500000000000003	-16.581169853579684
3.06	-16.766776901495174
3.0700000000000003	-14.05088099848238
3.08	-14.023004878480574
3.09	-12.555416587587537
3.1	-13.459636750680511
3.11	-11.825250430664417
3.12	-10.906832287111248
3.13	-14.7397570369479
3.14	-15.79708247155823
3.15	-16.93799135273656
3.16	-14.560700959718632
3.17	-13.444935852998102
3.18	-18.65784502542937
3.19	-17.46226180598111
3.2	-16.049426314985375
3.21	-16.39352440949697
3.22	-21.60388739869809
3.23	-28.429680612857954
3.24	-26.603317376810594
3.25	-30.623466913006517
3.2600000000000002	-34.19874775796353
3.27	-28.46157520522923
3.2800000000000002	-25.667677169530307
3.29	-22.594383853327333
3.3000000000000003	-18.161627088183405
3.31	-21.649109452014493
3.3200000000000003	-17.09964533802856
3.33	-13.955535656808495
3.34	-19.151877827769443
3.35	-18.943197027586127
3.36	-14.446485070055122
3.37	-14.11464752597585
3.38	-13.095291857021774
3.39	-15.392048183028251
3.4	-15.150237352800485
3.41	-13.025752598569152
3.42	-14.248354253746095
3.43	-11.129217485189482
3.44	-15.728852427167233
3.45	-21.681146293512946
3.46	-16.715809474598238
3.47	-19.318020928379664
3.48	-24.8492187120122
3.49	-21.220322781607482
3.5	-20.768154520024872
3.5100000000000002	-28.0417115521918
3.52	-33.37436092421853
3.5300000000000002	-37.31630692658887
3.54	-29.387217655531234
3.5500000000000003	-32.68129170176348
3.56	-34.92212594449531
3.5700000000000003	-31.572985964137676
3.58	-27.790193133489574
3.59	-27.29668012475705
3.6	-25.611911200591784
3.61	-22.462209931171305
3.62	-23.096818904422115
3.63	-18.912468008850315
3.64	-15.127156254458145
3.65	-15.76762160719429
3.66	-21.759303466125143
3.67	-21.25958779952901
3.68	-18.367620205097523
3.69	-14.746825708486147
3.7	-16.056313395301913
3.71	-12.864172593964632
3.72	-14.198481389355422
3.73	-13.49451200832769
3.74	-14.706500178056174
3.75	-13.108955210866467
3.7600000000000002	-19.908157739609084
3.77	-22.958577579672298
3.7800000000000002	-27.51056818572912
3.79	-23.014372832950812
3.8000000000000003	-24.242864944263886
3.81	-26.335376092244122
3.8200000000000003	-28.043459995648103
3.83	-22.24690240197097
3.84	-23.05651420782306
3.85	-24.53549170229957
3.86	-20.543044990755586
3.87	-20.397179792086902
3.88	-23.11236069766976
3.89	-18.41553463250757
3.9	-14.435969156987424
3.91	-14.114264776100875
3.92	-18.602504404235205
3.93	-18.292463708159758
3.94	-14.001392945375908
3.95	-12.278111088848613
3.96	-14.52982892621064
3.97	-16.234660854611402
3.98	-12.452197725902062
3.99	-11.923109798521727
4.0	-15.137519572753922
4.01	-12.985102664623163
4.0200000000000005	-11.494135115577278
4.03	-16.135616855537663
4.04	-12.5448950545507
4.05	-8.769729077558143
4.0600000000000005	-8.185554970433476
4.07	-7.9344338992807435
4.08	-7.0427824332644935
4.09	-16.10781993710769
4.1	-21.160769356839882
4.11	-20.334774115538444
4.12	-21.281621569876673
4.13	-22.17185618025963
4.14	-18.801917450180763
4.15	-15.938679973207304
4.16	-13.412164343703814
4.17	-12.163406222836068
4.18	-12.222157573069552
4.19	-21.557984506199656
4.2	-22.17467005630934
4.21	-22.817121112539326
4.22	-20.86467638038701
4.23	-21.4615082907941
4.24	-19.14768058473494
4.25	-14.519230272250333
4.26	-15.897558180176953
4.2700000000000005	-15.109249407258856
4.28	-17.042862280787276
4.29	-17.214439743503963
4.3	-18.506306012071015
4.3100000000000005	-16.649771148734313
4.32	-13.073808049967258
4.33	-15.608762085145196
4.34	-12.222655543911491
4.3500000000000005	-11.354825862202095
4.36	-13.589292656087913
4.37	-10.831311171143138
4.38	-9.091005641907739
4.39	-12.726700502702942
4.4	-13.485097473663627
4.41	-17.42849293466831
4.42	-15.109551790377209
4.43	-13.878194981799801
4.44	-13.774705068679106
4.45	-29.182649588241553
4.46	-22.945446048561003
4.47	-18.044508869904785
4.48	-16.24451358588412
4.49	-12.22878387837975
4.5	-11.85090742631434
4.51	-9.284797886608542
4.5200000000000005	-9.351585641213356
4.53	-5.459708909824615
4.54	1.8459660071525923
4.55	-4.570135217131389
4.5600000000000005	-3.385644867088743
4.57	-1.6322672382833896
4.58	-1.590906849717109
4.59	-1.8844153226785192
4.6000000000000005	-4.390760051204148
4.61	-5.088004506631766
4.62	-2.8796907338354614
4.63	-6.786027744909788
4.64	-12.45640409905149
4.65	-14.69928356429569
4.66	-14.602039377455133
4.67	-21.02245612296984
4.68	-16.540931941739426
4.69	-15.590559686996958
4.7	-15.829257735445925
4.71	-16.411319901703788
4.72	-19.2721572429968
4.73	-18.315508185810987
4.74	-13.71328246859911
4.75	-19.84189919532826
4.76	-15.815646398510724
4.7700000000000005	-13.623727246576777
4.78	-12.344783113190717
4.79	-18.48711654150667
4.8	-21.00177101063526
4.8100000000000005	-22.503142379843496
4.82	-18.97379417508132
4.83	-19.909193634915347
4.84	-22.49340029850311
4.8500000000000005	-25.423102837945848
4.86	-27.124775063839376
4.87	-25.34779279879302
4.88	-25.163388191761612
4.89	-22.89317101371962
4.9	-18.600459504543256
4.91	-14.556637795084312
4.92	-12.795587178795241
4.93	-20.61675865981622
4.94	-27.319991137784925
4.95	-26.956127202089377
4.96	-25.590057849151915
4.97	-30.758113631733078
4.98	-28.219564323352905
4.99	-22.88847193388366
5.0	-24.39621718833313
5.01	-22.06698949327713
5.0200000000000005	-23.623294084293942
5.03	-23.105517088935805
5.04	-21.461037608808
5.05	-23.696536273897454
5.0600000000000005	-27.767479847085582
5.07	-32.80553878911045
5.08	-32.82821506950699
5.09	-25.494834433234804
5.1000000000000005	-23.67311782082205
5.11	-21.407478391671415
5.12	-19.850511910025784
5.13	-18.591197700683022
5.14	-15.903681106232497
5.15	-12.102579422582172
5.16	-11.557417992716351
5.17	-14.183351717566927
5.18	-14.013283334288323
5.19	-12.711929383458449
5.2	-10.987251884770542
5.21	-10.70013000413539
5.22	-8.657358421346956
5.23	-9.418442771093646
5.24	-10.651227613625936
5.25	-15.004987286277403
5.26	-23.876718261654894
5.2700000000000005	-21.26988860130836
5.28	-26.276640220570222
5.29	-20.430645057783167
5.3	-15.659782686453033
5.3100000000000005	-17.808765716574293
5.32	-16.096253942281148
5.33	-16.381025517671652
5.34	-16.944239460308822
5.3500000000000005	-16.748878536450547
5.36	-15.331727840051412
5.37	-16.86992626479226
5.38	-12.009773715413864
5.39	-14.210787606226507
5.4	-16.203473431708503
5.41	-17.166566120727033
5.42	-14.469031144868625
5.43	-11.908436159529908
5.44	-26.104348131544427
5.45	-24.97333028579567
5.46	-25.40199073419324
5.47	-20.408094295044666
5.48	-17.534160509626457
5.49	-20.67125777767803
5.5	-20.229212507638298
5.51	-21.852545573671993
5.5200000000000005	-25.021214752594556
5.53	-22.94748705091795
5.54	-18.81849573142131
5.55	-16.817616752399413
5.5600000000000005	-15.191579068561285
5.57	-17.617837732505848
5.58	-14.603723719447755
5.59	-13.121590138294714
5.6000000000000005	-10.567936153705505
5.61	-11.439158628371041
5.62	-21.03987921574861
5.63	-24.457510746668476
5.64	-25.202598231395157
5.65	-26.842126501764252
5.66	-23.91368051308548
5.67	-21.339107198367255
5.68	-24.10004393275185
5.69	-19.831065416006222
5.7	-19.941874433772764
5.71	-20.889382845143174
5.72	-22.130460470715715
5.73	-23.411728887485758
5.74	-23.81658540784922
5.75	-20.835027387012424
5.76	-20.72538423944664
5.7700000000000005	-24.614061466101166
5.78	-33.54955867852581
5.79	-29.19572725472004
5.8	-31.631447455337703
5.8100000000000005	-24.87449779159436
5.82	-22.256239128589645
5.83	-19.45201939075223
5.84	-20.844132003884322
5.8500000000000005	-18.50003983619895
5.86	-16.29527499823828
5.87	-16.255122635319317
5.88	-14.695821003818947
5.89	-11.798521500347407
5.9	-11.078352452489998
5.91	-13.38961548536174
5.92	-13.237346908999646
5.93	-12.929285886730367
5.94	-15.495607249553878
5.95	-14.7882814236893
5.96	-22.689299239396906
5.97	-24.337359638014423
5.98	-19.199664362588575
5.99	-16.98284160245358
6.0	-17.45243341895913
6.01	-14.258204155634147
6.0200000000000005	-18.60395417056025
6.03	-14.474749851206921
6.04	-21.579071382773645
6.05	-19.033116155881302
6.0600000000000005	-15.48517213564718
6.07	-12.227640252552357
6.08	-13.163260362043815
6.09	-18.232660150400672
6.1000000000000005	-21.0545450984188
6.11	-16.194478353279717
6.12	-13.629157311423493
6.13	-10.794666016937965
6.140000000000001	-11.56389032173091
6.15	-10.58763395182482
6.16	-17.342481509716936
6.17	-14.38602494122935
6.18	-27.026112229438315
6.19	-25.196924661830113
6.2	-25.378618837989475
6.21	-21.13866170639829
6.22	-20.933125703820565
6.23	-17.341111045177975
6.24	-14.73632568167478
6.25	-15.965202629194165
6.26	-15.415638005333566
6.2700000000000005	-11.901379050166721
6.28	-9.156041687717952
6.29	-11.792062189526549
6.3	-13.107402660976854
6.3100000000000005	-14.12170257381899
6.32	-15.947655889874104
6.33	-13.730183857938089
6.34	-11.03250989500259
6.3500000000000005	-9.410905806146197
6.36	-7.479769012938791
6.37	-8.383025176507727
6.38	-8.680302130590622
6.390000000000001	-10.234099706595586
6.4	-10.384266938017626
6.41	-17.80007189219381
6.42	-20.34537528634557
6.43	-17.942853915047372
6.44	-16.920436295168532
6.45	-24.323838810425485
6.46	-23.623819814521
6.47	-34.11870206050594
6.48	-32.61287532987229
6.49	-25.341059072133156
6.5	-24.729700566656263
6.51	-26.86509013303163
6.5200000000000005	-28.370507003067257
6.53	-22.487093784922298
6.54	-20.206001365551213
6.55	-19.638096451443815
6.5600000000000005	-18.329097151476326
6.57	-26.692073968426897
6.58	-26.347857494362174
6.59	-20.163785391244588
6.6000000000000005	-17.602838381089068
6.61	-14.411281146309944
6.62	-15.066319924267177
6.63	-11.678663538941986
6.640000000000001	-9.759522955912649
6.65	-9.82791885846292
6.66	-10.305993913409004
6.67	-12.657034103394253
6.68	-9.762519880831507
6.69	-6.916351724541638
6.7	-7.373504942950671
6.71	-8.006463015946105
6.72	-8.604543614517313
6.73	-8.216965185349958
6.74	-19.47758151882878
6.75	-23.77687909417955
6.76	-26.087287616701527
6.7700000000000005	-26.80126530379874
6.78	-28.854573352264715
6.79	-25.523286678088535
6.8	-29.49513666205329
6.8100000000000005	-25.42244601326975
6.82	-20.63649531512496
6.83	-20.588573835260487
6.84	-18.758098785919234
6.8500000000000005	-23.570180787638982
6.86	-18.598956277762063
6.87	-27.484694822414575
6.88	-24.615046630960027
6.890000000000001	-24.107192340657544
6.9	-22.583565207291496
6.91	-17.924477101257853
6.92	-15.45354082014661
6.93	-13.041018525430479
6.94	-13.868796866186727
6.95	-14.216214641396956
6.96	-17.766601640896813
6.97	-16.642289844291746
6.98	-15.5992421724964
6.99	-12.782297197790118
7.0	-12.570418684036325
7.01	-11.767974223577967
7.0200000000000005	-13.425583488683907
7.03	-15.725787998593713
7.04	-17.19664846459583
7.05	-18.518622970908147
7.0600000000000005	-24.17568774881546
7.07	-24.097050678130728
7.08	-25.187097679265833
7.09	-31.591071115449065
7.1000000000000005	-29.8679068940634
7.11	-26.344920111303892
7.12	-23.352704663519773
7.13	-18.670207178372717
7.140000000000001	-21.55483425371222
7.15	-17.50175616593615
7.16	-13.724997977793853
7.17	-12.309259485934863
7.18	-12.247596860255019
7.19	-10.19851198486526
7.2	-8.661734577910304
7.21	-9.857482613874502
7.22	-13.1101316451599
7.23	-10.084314706053972
7.24	-10.312806310911652
7.25	-8.186426611072612
7.26	-4.576308718717205
7.2700000000000005	-11.752213267239986
7.28	-8.931459798777448
7.29	-7.557101838127474
7.3	-6.472284046107171
7.3100000000000005	-7.423328273223148
7.32	-8.533981256103107
7.33	-18.563642242397346
7.34	-16.89482822533036
7.3500000000000005	-17.997985379258896
7.36	-18.510859730150678
7.37	-16.54956093182093
7.38	-13.450137545461654
7.390000000000001	-15.25511781474293
7.4	-15.974999645738436
7.41	-14.119032178585478
7.42	-15.63447443791104
7.43	-11.415132192567125
7.44	-10.25702801889807
7.45	-8.13054058493791
7.46	-12.32460068486399
7.47	-10.407401599154028
7.48	-8.345309129815986
7.49	-7.914644132587935
7.5	-8.25458541588914
7.51	-7.3553198595970954
7.5200000000000005	-8.247816984818877
7.53	-7.645488869356809
7.54	-3.9450806543880605
7.55	-3.0706856153571467
7.5600000000000005	-1.5719398580935768
7.57	0.1784315453037233
7.58	0.34859887515606613
7.59	0.1998443197593671
7.6000000000000005	-1.1406944681924296
7.61	-2.698429499044685
7.62	-1.820285551131792
7.63	-3.070688512046177
7.640000000000001	-3.2395586924287496
7.65	-5.769357633134432
7.66	-10.972680031912303
7.67	-9.616323716556776
7.68	-8.898961907571042
7.69	-8.025827234451867
7.7	-8.836145223851544
7.71	-12.668525725548223
7.72	-9.968318106269178
7.73	-8.814286989242982
7.74	-7.653429807597588
7.75	-11.668325535537987
7.76	-9.516791494382934
7.7700000000000005	-5.470454453625985
7.78	-6.640133519660416
7.79	-7.052026335487754
7.8	-9.687817656867301
7.8100000000000005	-14.35022818481493
7.82	-13.337713678765724
7.83	-10.653036273467082
7.84	-9.281983733124083
7.8500000000000005	-15.751276435178443
7.86	-14.359609083531625
7.87	-12.257192993970456
7.88	-11.460033727216578
7.890000000000001	-12.569835228423472
7.9	-13.707370599370831
7.91	-12.45863752082481
7.92	-12.724724389695817
7.930000000000001	-9.591774286422334
7.94	-7.650492374581834
7.95	-9.609143425645483
7.96	-9.078247008467537
7.97	-15.147011167755958
7.98	-12.41878939842242
7.99	-10.41233082648202
8.0	-10.506892823985416
8.01	-9.473177788449666
8.02	-11.461482110196354
8.03	-12.591272976973316
8.040000000000001	-19.057100194850072
8.05	-15.149257218404383
8.06	-12.884330476488849
8.07	-10.510051213589398
8.08	-9.912318701259963
8.09	-9.88395908461743
8.1	-7.561401594906656
8.11	-6.149964899565803
8.120000000000001	-4.745394568808064
8.13	-4.989625968621907
8.14	-3.7421708557045648
8.15	-3.062081964783587
8.16	-1.226813663124845
8.17	-0.16273557333195354
8.18	-1.4518412382820198
8.19	-0.6275057029131674
8.2	-0.6761331035448771
8.21	-2.754248494071192
8.22	-3.92078882819142
8.23	-1.137745897902253
8.24	-3.411477036862409
8.25	-8.73492072120042
8.26	-8.92572427408635
8.27	-13.114010828233992
8.28	-10.591401557954304
8.290000000000001	-10.894526510457606
8.3	-11.546835708587842
8.31	-8.631280234140437
8.32	-11.307797712719063
8.33	-8.84392556773479
8.34	-12.202063158350459
8.35	-10.071149494927756
8.36	-9.367753057715621
8.370000000000001	-13.372399365623409
8.38	-12.048149092616955
8.39	-15.560444258799473
8.4	-14.570657132571755
8.41	-25.831003561982907
8.42	-26.916877336458988
8.43	-20.9751194722083
8.44	-16.76693326771567
8.45	-13.50539615351742
8.46	-10.655343879571145
8.47	-9.234197718634888
8.48	-7.3375873412699875
8.49	-6.789470194789014
8.5	-4.246050342858503
8.51	-1.6204446037290843
8.52	-1.3129584915578356
8.53	-2.3387808295811254
8.540000000000001	-4.6723168289539085
8.55	-3.474259296431095
8.56	-0.6847914245324641
8.57	2.851135113104689
8.58	5.2674109976052605
8.59	9.804152871225597
8.6	7.061164062853846
8.61	4.865354169770013
8.620000000000001	8.945447358491323
8.63	10.97091196520422
8.64	7.3556215759488
8.65	11.167164388732395
8.66	8.576564609178757
8.67	11.224942962918202
8.68	8.37903660346789
8.69	9.33889173150903
8.700000000000001	8.246827042588107
8.71	13.824337025647214
8.72	11.492694145761524
8.73	13.901935208980662
8.74	12.630839391715625
8.75	14.911248348130055
8.76	13.994309996144255
8.77	20.045778919555637
8.78	15.57290370763112
8.790000000000001	12.515247208493161
8.8	13.6332467744704
8.81	23.10723500841919
8.82	18.193772038321242
8.83	16.357226840077427
8.84	22.586978514868576
8.85	24.316270875391783
8.86	30.78178240292204
8.870000000000001	25.224321918128574
8.88	24.604299029760387
8.89	23.3234428967222
8.9	22.000401468466688
8.91	17.159884532777532
8.92	16.285838794076497
8.93	15.776295395060338
8.94	12.1957383637146
8.950000000000001	10.454756235708672
8.96	11.715411926279446
8.97	27.37886767768934
8.98	22.613127253542757
8.99	17.256489291289462
9.0	14.35208518335401
9.01	12.092980110348137
9.02	11.819861191866206
9.03	11.288553442810658
9.040000000000001	8.596269300041447
9.05	10.656235931838992
9.06	10.909377618434013
9.07	8.099367779268038
9.08	6.554143073169412
9.09	4.662939351070424
9.1	6.209517200745195
9.11	18.764719326398133
9.120000000000001	19.24350670596362
9.13	19.667152597419395
9.14	20.683634548324992
9.15	16.613288956268686
9.16	16.360083590611936
9.17	12.87466836581142
9.18	12.148207837185987
9.19	12.117719502605995
9.200000000000001	12.282336893206613
9.21	10.621088086912218
9.22	17.559648668570407
9.23	16.996064150602848
9.24	15.053689290168476
9.25	17.88496331601706
9.26	14.180720196384577
9.27	17.92175011308583
9.28	22.287693702046816
9.290000000000001	24.397616992262144
9.3	20.188536072729832
9.31	17.29041499307675
9.32	20.078860628600278
9.33	19.57552443193821
9.34	18.224712283737322
9.35	20.026117028089818
9.36	23.185245846727348
9.370000000000001	21.440673918586363
9.38	21.191856725801703
9.39	21.632357217013787
9.4	22.181700191115322
9.41	17.149036712865623
9.42	12.993973784115493
9.43	14.949237384574454
9.44	17.713222298886194
9.450000000000001	16.27520330453579
9.46	15.3547729461163
9.47	15.957813116493208
9.48	13.676437182954896
9.49	13.054237168626823
9.5	12.755376306450085
9.51	13.256113971203296
9.52	11.999332639035318
9.53	8.741005519025311
9.540000000000001	11.927790769135616
9.55	15.999365161615884
9.56	22.922563866038992
9.57	19.708150892725055
9.58	16.892987467928666
9.59	22.09982288930402
9.6	27.99657415865619
9.61	24.554966839113938
9.620000000000001	25.977005242528776
9.63	22.267492959885686
9.64	27.431250296486144
9.65	25.003915269850232
9.66	21.682098477261345
9.67	16.504194474861933
9.68	14.868751735401665
9.69	18.84520601042787
9.700000000000001	15.867670309853063
9.71	12.90659936225303
9.72	18.21773693271375
9.73	20.32350317908018
9.74	15.630804264853488
9.75	16.83715251364811
9.76	20.337837872127537
9.77	17.20849022027024
9.78	14.323394919856382
9.790000000000001	14.99090393952307
9.8	13.452393620847069
9.81	9.585469167096262
9.82	9.545165467890973
9.83	11.508388792803931
9.84	11.465472881864628
9.85	14.690478298959075
9.86	19.071322069666145
9.870000000000001	14.920752191538359
9.88	11.605731566549544
9.89	8.926684606877966
9.9	9.797199679013804
9.91	10.65620104156767
9.92	10.760045073084024
9.93	13.81589349021436
9.94	14.37243838916814
9.950000000000001	13.361902611361488
9.96	10.738494710886442
9.97	11.422455661690181
9.98	11.12966112923197
9.99	10.782426016214387
10.0	18.272314577270805
10.01	16.395233526296852
10.02	17.479168322445595
10.03	17.204079738715972
10.040000000000001	19.875491692179367
10.05	15.244329541319852
10.06	15.270282873354956
10.07	16.564968506724387
10.08	16.09715157614477
10.09	20.58716915594222
10.1	18.93893038208757
10.11	21.68497817546152
10.120000000000001	18.77563646942522
10.13	15.669531824416358
10.14	17.1687617223915
10.15	17.384943920336504
10.16	16.174500287284115
10.17	13.425726923416342
10.18	12.364811892506035
10.19	15.629987965528482
10.200000000000001	12.458033532471608
10.21	11.90498987664504
10.22	9.922032104140062
10.23	8.854061890889783
10.24	9.103847158059345
10.25	8.639327330503887
10.26	20.892554939484604
10.27	22.634253802267853
10.28	22.122574340398167
10.290000000000001	24.297826185925917
10.3	28.348203811403625
10.31	26.234942763857266
10.32	22.836249064867637
10.33	22.12731040214185
10.34	18.847556713621326
10.35	20.124574930039945
10.36	15.09144221846049
10.370000000000001	20.65598934367169
10.38	24.168836201974532
10.39	30.043365188712446
10.4	23.97267596851781
10.41	23.246030837606373
10.42	25.6252422787458
10.43	20.00150177014253
10.44	17.208343049707917
10.450000000000001	19.495427319027563
10.46	26.721182882845643
10.47	23.286495205790644
10.48	21.47262325696976
10.49	16.9539894145382
10.5	13.82980008632749
10.51	11.207389886068535
10.52	8.537415112216921
10.53	5.530879311811159
10.540000000000001	7.423155360275101
10.55	4.752486713073576
10.56	1.3171948424253475
10.57	-1.6745751534320472
10.58	-4.617369483416974
10.59	-6.783882088259521
10.6	-13.511493335902058
10.61	-17.77759113998479
10.620000000000001	-14.047597586074843
10.63	-10.746317698349982
10.64	-8.050275981500356
10.65	-7.877599275433667
10.66	-7.745291335155858
10.67	-9.192318495893304
10.68	-8.007734555005342
10.69	-9.198385208671892
10.700000000000001	-10.558600201630666
10.71	-11.15224718209219
10.72	-13.606334741413852
10.73	-13.36943353067288
10.74	-15.378159206683845
10.75	-11.95238143426685
10.76	-10.821681722809965
10.77	-9.449763754236399
10.78	-9.715357939105452
10.790000000000001	-14.256801431947139
10.8	-18.173910076002436
10.81	-18.414447641203484
10.82	-15.895455436357839
10.83	-12.778866230585358
10.84	-9.452303832035842
10.85	-11.008934307275496
10.86	-21.12913177523976
10.870000000000001	-19.565540132411215
10.88	-28.73687014588457
10.89	-28.9545678753843
10.9	-22.18480292901211
10.91	-17.73786929873644
10.92	-18.431123666514047
10.93	-26.936954143977918
10.94	-28.583467734970935
10.950000000000001	-23.157445699660208
10.96	-23.002222002587423
10.97	-28.055853249472055
10.98	-26.268892873637093
10.99	-22.153291463486404
11.0	-22.921687693083467
11.01	-20.337903134973878
11.02	-21.83780643540024
11.03	-23.04510077306896
11.040000000000001	-21.98811443432713
11.05	-23.020961452930905
11.06	-21.46970016050341
11.07	-22.548073276702333
11.08	-22.70982381980067
11.09	-19.056326831485894
11.1	-14.876657381873063
11.11	-12.257329603145225
11.120000000000001	-8.679314845486799
11.13	-9.358950640384395
11.14	-7.1580480952018375
11.15	-7.255864732898963
11.16	-6.902385678236878
11.17	-5.490326111397555
11.18	-5.085543420538702
11.19	-2.543138482131618
11.200000000000001	-0.4563466121245149
11.21	-0.5011153665207304
11.22	-2.0648498603542222
11.23	-7.367672473743265
11.24	-9.38516395893039
11.25	-11.773843402232304
11.26	-20.69102899739323
11.27	-18.61941287641051
11.28	-16.547300859485112
11.290000000000001	-18.139248665888037
11.3	-16.42404259958411
11.31	-13.382325707926649
11.32	-10.712585723969609
11.33	-8.104699204493544
11.34	-5.710202321104863
11.35	-7.251707202782932
11.36	-6.903982186181682
11.370000000000001	-9.049483222861113
11.38	-12.203014910790317
11.39	-9.879302673989393
11.4	-14.099190235556835
11.41	-11.754382560257348
11.42	-12.142462438963326
11.43	-8.11085368714201
11.44	-7.464837003379916
11.450000000000001	-4.401421871562488
11.46	-9.174979167960467
11.47	-8.607726079282527
11.48	-6.169802097881456
11.49	-9.08127746689893
11.5	-16.87228233411185
11.51	-16.833884589576858
11.52	-20.932304986193717
11.53	-16.237219754652955
11.540000000000001	-15.227765780977364
11.55	-14.635666145934161
11.56	-16.874089194614868
11.57	-20.656801006529555
11.58	-16.562148925473327
11.59	-12.467496844417093
11.6	-10.746494365043555
11.61	-9.187379056615997
11.620000000000001	-14.182548879334904
11.63	-13.705195953247378
11.64	-14.407637570052298
11.65	-12.176263245047787
11.66	-15.781260409947057
11.67	-12.16781680567286
11.68	-16.087113714478683
11.69	-19.10948724144384
11.700000000000001	-23.495788252851558
11.71	-22.872722002254335
11.72	-23.586846807183168
11.73	-20.6540654670162
11.74	-20.599428553702065
11.75	-19.411322247774468
11.76	-21.63686678530108
11.77	-18.89957771845503
11.78	-16.270178735276435
11.790000000000001	-13.551140193077652
11.8	-20.306621315132798
11.81	-25.934653886550574
11.82	-20.73773463679197
11.83	-16.02151764780761
11.84	-14.06292408525413
11.85	-22.70222516249165
11.86	-19.548402052514156
11.870000000000001	-18.279767794301797
11.88	-20.168984618350724
11.89	-15.574812300231958
11.9	-12.768112537714336
11.91	-20.63335938837852
11.92	-19.261763655827714
11.93	-17.622912423345888
11.94	-16.35226335559456
11.950000000000001	-13.447648127665637
11.96	-10.58159472917673
11.97	-6.587364872262598
11.98	-12.247999673365507
11.99	-13.261568219769304
12.0	-12.87463284238208
12.01	-17.240118195425037
12.02	-17.700942265008358
12.030000000000001	-15.921311757309264
12.040000000000001	-15.775271343889168
12.05	-12.614301550563821
12.06	-15.745378994280836
12.07	-15.47885004867936
12.08	-19.666524470130266
12.09	-21.609263846235816
12.1	-19.260946967511938
12.11	-25.95631181684485
12.120000000000001	-24.056782795106134
12.13	-26.126738940020953
12.14	-20.41948579986905
12.15	-23.982268182013634
12.16	-21.538850702101975
12.17	-16.895615318345463
12.18	-14.790165031399164
12.19	-13.003177015585388
12.200000000000001	-12.720175414875603
12.21	-10.270336004950943
12.22	-10.759295347677803
12.23	-10.419914565024909
12.24	-9.901483938108457
12.25	-8.221630412172583
12.26	-8.34315978743831
12.27	-5.764969990209699
12.280000000000001	-4.475762169879477
12.290000000000001	-8.870122148489267
12.3	-11.861496022104857
12.31	-18.11520058685518
12.32	-18.748086630924885
12.33	-22.103228767738436
12.34	-24.826737244588518
12.35	-32.006950372008944
12.36	-24.955228829837356
12.370000000000001	-24.565554608303607
12.38	-23.817138540783795
12.39	-22.446565915840157
12.4	-18.656763898353717
12.41	-17.672261189123848
12.42	-21.037121942576135
12.43	-27.358399676524158
12.44	-25.48856423022481
12.450000000000001	-24.280503851856707
12.46	-25.399732100259598
12.47	-28.64807377423262
12.48	-30.473706500982654
12.49	-24.650388907759503
12.5	-20.837949712180713
12.51	-18.983912999719607
12.52	-17.102693005559317
12.530000000000001	-15.69951532293065
12.540000000000001	-11.792855649511695
12.55	-12.16867093037779
12.56	-18.736534418620284
12.57	-17.253707770168347
12.58	-13.294412618906748
12.59	-17.944791968220716
12.6	-20.70570817062662
12.61	-19.059325607507265
12.620000000000001	-22.290364852882533
12.63	-24.654268951988954
12.64	-19.401130638532806
12.65	-17.844422433199213
12.66	-17.143378137274585
12.67	-18.509440644649867
12.68	-25.294813228132764
12.69	-28.734369101204088
12.700000000000001	-27.292429359417348
12.71	-30.249765343138968
12.72	-28.50423467754705
12.73	-28.462470238640066
12.74	-26.378266972389397
12.75	-27.14022877598445
12.76	-25.42459512282258
12.77	-21.947455273924785
12.780000000000001	-21.676601896094375
12.790000000000001	-19.390260973849713
12.8	-23.38422138388379
12.81	-18.210139585544052
12.82	-19.539041212736482
12.83	-28.76233242735553
12.84	-22.319615367923745
12.85	-20.324733688190364
12.86	-18.292828759633995
12.870000000000001	-15.213870521268833
12.88	-18.48893654749485
12.89	-18.320126070774915
12.9	-14.672982130584474
12.91	-15.901701536493823
12.92	-13.826950553961202
12.93	-17.53034378038859
12.94	-25.565846094576568
12.950000000000001	-21.265708378117477
12.96	-19.289520674573314
12.97	-18.810609688644874
12.98	-16.31756419482974
12.99	-15.428476788701532
13.0	-15.000805231056408
13.01	-14.580525398864001
13.02	-15.60397215172124
13.030000000000001	-21.58096844652603
13.040000000000001	-16.949986729564788
13.05	-15.655397755598
13.06	-12.544788566925362
13.07	-8.645898508112953
13.08	-6.807885653856141
13.09	-6.429670938147045
13.1	-7.024091569559406
13.11	-6.4672805263272615
13.120000000000001	-4.573006684357444
13.13	-6.154339364575621
13.14	-8.36549825630652
13.15	-7.751899814511593
13.16	-10.48832383398055
13.17	-8.96876747458531
13.18	-11.159584642687099
13.19	-14.06025876573483
13.200000000000001	-11.110624789471455
13.21	-11.307460005066666
13.22	-10.794018369889105
13.23	-9.069475016894224
13.24	-13.945665814097001
13.25	-14.349742257211364
13.26	-13.062083346395768
13.27	-18.17285664950827
13.280000000000001	-19.16907129850965
13.290000000000001	-25.695140406716764
13.3	-23.657680335993614
13.31	-20.720872993906067
13.32	-22.100358058446954
13.33	-18.024924247143755
13.34	-24.567068800132798
13.35	-20.66780458129788
13.36	-16.435945404731058
13.370000000000001	-20.64531707356488
13.38	-17.72706257389708
13.39	-14.05476126985249
13.4	-10.3824599658079
13.41	-8.885851120539476
13.42	-7.5022542736498
13.43	-7.123348969419299
13.44	-7.631236250576792
13.450000000000001	-6.103569305426483
13.46	-4.928212213045845
13.47	-2.63082154349485
13.48	1.3603153019057668
13.49	3.0657495389402034
13.5	8.282988660924131
13.51	8.848478636922122
13.52	10.060577480328368
13.530000000000001	11.691234889302583
13.540000000000001	19.15424212631078
13.55	21.253640810693145
13.56	21.17875810385632
13.57	17.596008608562357
13.58	17.659622489182407
13.59	16.757743432008603
13.6	14.191599743160214
13.61	15.469592514789301
13.620000000000001	14.455422277121157
13.63	11.436444448644842
13.64	12.057194541021657
13.65	10.451309975493471
13.66	13.515872337313361
13.67	16.564598044990248
13.68	13.280109548631984
13.69	13.943909833144174
13.700000000000001	19.15921603357643
13.71	15.713943707685779
13.72	14.821880915321312
13.73	11.564367032247723
13.74	8.953752530668531
13.75	13.781163913900873
13.76	11.39583084739293
13.77	12.946083405379731
13.780000000000001	13.314359975197378
13.790000000000001	9.897376042392795
13.8	12.56075051868388
13.81	12.367430637536627
13.82	14.074430017668286
13.83	14.51224251208954
13.84	13.678962548628874
13.85	16.32152084639836
13.86	13.779021378041483
13.870000000000001	14.559494883315365
13.88	15.3349517349155
13.89	15.562932589323834
13.9	15.104880813557003
13.91	20.478881167276626
13.92	20.759410635933694
13.93	17.072900375892992
13.94	22.31281094558708
13.950000000000001	31.18108262884223
13.96	31.896282017989353
13.97	27.923855818164366
13.98	24.841182683896424
13.99	24.118259790058797
14.0	19.112332592288563
14.01	18.66969886449564
14.02	14.526834999404183
14.030000000000001	12.621365389740665
14.040000000000001	13.620945983540803
14.05	10.645949106563096
14.06	18.720519651227093
14.07	15.726466517693087
14.08	16.317465275767116
14.09	16.052610406612192
14.1	22.863919561432457
14.11	26.03645325879623
14.120000000000001	24.522222047987416
14.13	22.824528969397186
14.14	24.547787042557772
14.15	24.14842519807065
14.16	20.66369006458725
14.17	22.654506859261307
14.18	24.655880730006817
14.19	20.459323013427397
14.200000000000001	16.288498739774138
14.21	24.847262275164308
14.22	22.189147676700944
14.23	19.35423762857405
14.24	22.867366256618684
14.25	25.820824519305084
14.26	22.438747497307794
14.27	16.718777079140853
14.280000000000001	19.949849995439976
14.290000000000001	21.03173631771197
14.3	24.463487241909917
14.31	19.488434223827554
14.32	19.46441242009563
14.33	22.48871700839531
14.34	21.147122442542493
14.35	19.607779099253456
14.36	19.27177601226716
14.370000000000001	19.95522369037968
14.38	18.94334499283765
14.39	18.545906117636683
14.4	27.630301672284283
14.41	24.299534279656974
14.42	21.361203389688313
14.43	18.991816634769748
14.44	18.793053084164946
14.450000000000001	18.863547632923233
14.46	17.291912936379994
14.47	16.908754643861325
14.48	16.117115202617807
14.49	14.78051240845752
14.5	13.685686606344492
14.51	15.42463397477658
14.52	17.046811086765672
14.530000000000001	13.51439832830384
14.540000000000001	13.153076957523995
14.55	14.574916490295896
14.56	17.164748448837162
14.57	18.125550688972254
14.58	15.737287718313054
14.59	21.106280929953122
14.6	19.540772693644485
14.61	15.371352398219521
14.620000000000001	15.923216452105892
14.63	18.306364644953764
14.64	17.7242002063237
14.65	15.990861602752114
14.66	19.67893332708684
14.67	19.294999449601256
14.68	18.351416599831083
14.69	16.063102172618105
14.700000000000001	20.77206609174653
14.71	19.350992233629025
14.72	17.262217973095677
14.73	18.554980147912932
14.74	18.645195864159774
14.75	22.189697641970938
14.76	18.333959590837733
14.77	21.105034172814307
14.780000000000001	31.26192106343342
14.790000000000001	30.204296495966915
14.8	23.530225025593364
14.81	18.260965173386023
14.82	16.065837645807772
14.83	18.701929307442956
14.84	23.12537866160338
14.85	21.809609804949083
14.86	20.296753278118633
14.870000000000001	17.89786425379212
14.88	15.03481327935999
14.89	15.141432974842743
14.9	16.72411462445924
14.91	13.018390334300506
14.92	20.47618648921689
14.93	17.629618308132518
14.94	20.46262469893809
14.950000000000001	22.023056806680824
14.96	21.603619919402657
14.97	23.683201412889204
14.98	20.39921009987899
14.99	19.435403347292937
15.0	17.30610320893196
15.01	19.377561214258712
15.02	20.66671809642787
15.030000000000001	17.259230412118907
15.040000000000001	17.010837820343923
15.05	16.438035891811058
15.06	17.78739036254922
15.07	14.548240985890756
15.08	11.107781030508036
15.09	11.549025299344942
15.1	10.365100598524354
15.11	11.276930416044028
15.120000000000001	9.587309336807978
15.13	14.54159852455584
15.14	11.768773274095869
15.15	12.992420310000766
15.16	18.70870451080852
15.17	17.75013815549754
15.18	18.653042015810144
15.19	20.02551628306548
15.200000000000001	25.03586901452168
15.21	35.01420013774155
15.22	29.917125105039727
15.23	23.598983255858773
15.24	23.0289337140315
15.25	21.39391934613734
15.26	16.168388889719708
15.27	16.81168073391227
15.280000000000001	16.780013853767006
15.290000000000001	15.933993361705491
15.3	12.857137985085751
15.31	10.499397143481758
15.32	10.167568766242336
15.33	16.623821553034936
15.34	23.891651610140393
15.35	18.780232673752156
15.36	17.946139391794432
15.370000000000001	20.002323150886316
15.38	17.342125279997102
15.39	18.39828161779968
15.4	15.696802831881923
15.41	17.70501636059636
15.42	16.116316688844094
15.43	24.455113659276005
15.44	26.908959693875268
15.450000000000001	23.924568062005104
15.46	20.75448964229859
15.47	18.322032372968025
15.48	14.532041207648893
15.49	10.803727155183402
15.5	11.892082878517632
15.51	11.247414541173232
15.52	10.50000433456986
15.530000000000001	9.72406619933927
15.540000000000001	12.054843599427286
15.55	14.669310040235258
15.56	17.262198780034836
15.57	21.238506595026212
15.58	16.95007550974646
15.59	13.78353652864887
15.6	16.44074600405834
15.610000000000001	15.979297374257019
15.620000000000001	14.685546563243035
15.63	13.494614996131226
15.64	12.130976687542045
15.65	17.589188755771964
15.66	20.349029700724966
15.67	15.477488776288165
15.68	24.241343200200856
15.69	21.743431823768702
15.700000000000001	18.300469873938702
15.71	20.85896161384514
15.72	21.88390176566781
15.73	22.616312144610184
15.74	19.900312896319925
15.75	17.425234415650472
15.76	13.950925512067759
15.77	11.143268925158289
15.780000000000001	10.08919128850158
15.790000000000001	11.65038464624986
15.8	10.95162318622993
15.81	9.902392682537693
15.82	8.599818482634738
15.83	7.390222396462645
15.84	7.531185889755781
15.85	8.193624955047776
15.860000000000001	13.412451167427193
15.870000000000001	18.119707989856977
15.88	14.757243379604912
15.89	15.395277304083113
15.9	12.95354297010457
15.91	13.241660797394102
15.92	15.2997221517555
15.93	14.404146254899874
15.94	11.317589677445637
15.950000000000001	10.917726140340873
15.96	12.964532193723196
15.97	12.823644016785153
15.98	9.233646930785039
15.99	8.492410282606283
16.0	7.748201320307777
16.01	5.570757087267964
16.02	5.190658726946101
16.03	5.278936623686962
16.04	5.842525290825038
16.05	7.698715075591527
16.06	6.501693685195472
16.07	7.470797260009772
16.080000000000002	5.033537915893389
16.09	5.641355978874719
16.1	6.966854165488007
16.11	11.919323481331663
16.12	19.471856806058046
16.13	31.487216379127254
16.14	28.867938408933387
16.15	25.75393305417909
16.16	22.779013392595754
16.17	19.180948212886864
16.18	21.580544284081448
16.19	20.465251616033598
16.2	18.407608404641426
16.21	15.281621081413647
16.22	13.836036601052506
16.23	10.409117536183087
16.240000000000002	8.624312928469758
16.25	8.273362397319076
16.26	7.282231546319594
16.27	12.94498325815296
16.28	10.607985648038985
16.29	11.907926996349692
16.3	15.254744702493955
16.31	22.11999073358289
16.32	17.935896714190168
16.330000000000002	14.104157559722628
16.34	13.474439292252578
16.35	11.975486447256573
16.36	15.125830344222681
16.37	19.204864272969587
16.38	17.798327040607695
16.39	19.083588889325526
16.4	15.469859091295204
16.41	12.645453312114844
16.42	12.409090520383243
16.43	12.810709366814077
16.44	14.49489530287305
16.45	27.61485263546862
16.46	23.716095126457688
16.47	18.489737453377398
16.48	15.069853163502115
16.490000000000002	14.784509768052963
16.5	14.873561593311514
16.51	15.600409161073776
16.52	14.298905550768046
16.53	15.242614503388287
16.54	12.431739207688892
16.55	14.5486240653023
16.56	13.26096328681322
16.57	11.17840504712664
16.580000000000002	11.900539300372724
16.59	8.606450284922767
16.6	8.324171812305412
16.61	14.849025297657276
16.62	14.899716055271607
16.63	26.55850417599389
16.64	22.0355157780165
16.65	19.95630739480114
16.66	18.714740116915564
16.67	19.340423986940493
16.68	18.08145799032916
16.69	14.460990375371134
16.7	14.999352297730658
16.71	13.85563115479819
16.72	17.739479286242727
16.73	22.907943393833527
16.740000000000002	23.28178649805883
16.75	21.86627055446541
16.76	20.40862859929607
16.77	16.273160997823112
16.78	17.32685990814215
16.79	16.197357208185405
16.8	15.993027463776267
16.81	16.446126687189622
16.82	19.308927147393057
16.830000000000002	21.568943687198576
16.84	17.955205439888758
16.85	19.682366202846662
16.86	15.55332933696617
16.87	11.958099751878741
16.88	9.99890592839521
16.89	9.466984987046988
16.9	8.159205353472968
16.91	10.670452837255628
16.92	8.484632551926806
16.93	7.7804073362111055
16.94	9.353618743540611
16.95	6.774414201394694
16.96	5.372278140919211
16.97	5.318253393660285
16.98	6.308211285545635
16.990000000000002	4.704220772251634
17.0	11.889018053956338
17.01	11.725315779038949
17.02	9.13079230659283
17.03	10.41848119013723
17.04	10.274864734113734
17.05	10.835982945679813
17.06	10.494242996196931
17.07	7.63900255256169
17.080000000000002	9.839613038434205
17.09	11.105366106074882
17.1	12.974968225571805
17.11	18.853199242357515
17.12	17.350564997638102
17.13	15.222645429072651
17.14	12.587501032189675
17.150000000000002	10.89561367981422
17.16	11.802333045164158
17.17	10.420635713338534
17.18	9.988518061592355
17.19	11.149758388517489
17.2	10.602882203981656
17.21	8.78821307231801
17.22	6.688380485819154
17.23	6.094774254422712
17.240000000000002	6.7322539618949815
17.25	8.883287758308114
17.26	17.71718332786582
17.27	23.447272730732557
17.28	23.922226335748757
17.29	18.476566114118683
17.3	17.92635285445729
17.31	17.313179374327596
17.32	14.801681608031501
17.330000000000002	12.298115913752724
17.34	18.025224006197593
17.35	22.560050138251686
17.36	17.94083144634667
17.37	17.638438634099778
17.38	16.63904952937258
17.39	22.083478462349188
17.400000000000002	20.43860579190121
17.41	16.49473597803368
17.42	16.614196932599498
17.43	13.08490494342555
17.44	10.22885492397224
17.45	8.080425743335645
17.46	8.189483676999819
17.47	5.845909137956822
17.48	2.1028266250546475
17.490000000000002	0.40890496107981605
17.5	1.9657740426647874
17.51	-1.6475058043193713
17.52	-2.5015326355177407
17.53	-4.460189643975103
17.54	-3.944763224354123
17.55	-3.957593394607694
17.56	-5.636178879516023
17.57	-8.438910537701359
17.580000000000002	-9.97872968022485
17.59	-10.523486268741939
17.6	-9.33847931614554
17.61	-10.084578554945663
17.62	-8.629662251137317
17.63	-10.440456619733936
17.64	-14.18234326303824
17.650000000000002	-23.915515701682008
17.66	-23.05937515030223
17.67	-17.976547592744943
17.68	-15.002504995957256
17.69	-14.06061171396223
17.7	-10.318110939561436
17.71	-10.485818422608965
17.72	-17.850462560516753
17.73	-16.046373143169586
17.740000000000002	-14.44558128050004
17.75	-9.993208033196108
17.76	-7.695999861769785
17.77	-8.786134752293924
17.78	-12.471943340271403
17.79	-11.220861915774522
17.8	-9.837380704728886
17.81	-10.417840382102334
17.82	-11.010888546146115
17.830000000000002	-11.62833740366841
17.84	-13.799244356520843
17.85	-15.166433181473838
17.86	-16.707448917592423
17.87	-21.14099139299461
17.88	-20.601779785910708
17.89	-31.657819293922017
17.900000000000002	-25.495543536246533
17.91	-22.770641618443204
17.92	-19.389198619151507
17.93	-19.841319053323115
17.94	-18.48989291969076
17.95	-18.878873900020903
17.96	-19.997737529514954
17.97	-15.600357136897069
17.98	-14.130872943701974
17.990000000000002	-17.437765702417618
18.0	-17.30334516329446
18.01	-14.50231823556664
18.02	-18.828451707971503
18.03	-17.630419494400076
18.04	-18.677136812284946
18.05	-20.668259812776206
18.06	-25.48848851894384
18.07	-24.654227583820287
18.080000000000002	-18.869712727532228
18.09	-15.390345457788037
18.1	-13.386715619966385
18.11	-12.068155654675536
18.12	-10.187777030989201
18.13	-12.295633172446395
18.14	-11.85654244701973
18.150000000000002	-16.282299464297587
18.16	-16.40701709451415
18.17	-18.469319878223807
18.18	-18.02545337206007
18.19	-16.451906859787506
18.2	-12.591456309868574
18.21	-15.069439719213758
18.22	-23.28622452881427
18.23	-18.70619026656267
18.240000000000002	-14.975667900416594
18.25	-12.264030751003851
18.26	-19.08189618837087
18.27	-18.890674883702157
18.28	-19.260348530784754
18.29	-23.585202596908793
18.3	-24.05888745777958
18.31	-18.200596798550595
18.32	-20.357241803805938
18.330000000000002	-22.53308700780611
18.34	-23.979488142903755
18.35	-24.112767834969567
18.36	-21.533347861998948
18.37	-18.524959168760134
18.38	-17.800542102060625
18.39	-14.762105278473447
18.400000000000002	-15.626773917014685
18.41	-12.72035558759106
18.42	-15.523354213430952
18.43	-12.282700822702747
18.44	-12.596829597949517
18.45	-13.03375907903903
18.46	-12.385595476657075
18.47	-11.289013869570969
18.48	-11.478041549384415
18.490000000000002	-19.9401546524384
18.5	-16.088201974593932
18.51	-12.236249296748106
18.52	-9.647867691580604
18.53	-7.608335590706994
18.54	-4.018262922620099
18.55	-2.4220356503343727
18.56	2.328801020622936
18.57	6.176027780412641
18.580000000000002	8.725597078857872
18.59	13.031370996713587
18.6	10.325627210409946
18.61	8.534647193915296
18.62	7.35099718936627
18.63	9.173477710619153
18.64	14.365913896445658
18.650000000000002	13.603956108784356
18.66	14.531839604438051
18.67	16.51858482804027
18.68	16.87192182576211
18.69	18.057447371846052
18.7	13.820927446414164
18.71	11.202599811773103
18.72	9.120847336273275
18.73	8.838196190269322
18.740000000000002	12.61455358815175
18.75	19.14132724766673
18.76	18.050981024420004
18.77	14.860940968563764
18.78	13.924124846055753
18.79	10.812698162901311
18.8	8.380550387559916
18.81	5.346969199209232
18.82	1.868673386674678
18.830000000000002	3.585607698769346
18.84	6.643475628842225
18.85	8.32869060929033
18.86	10.411454307708082
18.87	12.150163388016454
18.88	17.1733650434206
18.89	15.66643190098523
18.900000000000002	16.80008622652828
18.91	22.56622827563367
18.92	16.87038979371782
18.93	13.397178144672234
18.94	11.76878840046786
18.95	12.729769975743901
18.96	17.06560876082845
18.97	14.621783522637003
18.98	16.526070121227868
18.990000000000002	14.735428916234461
19.0	12.055215945589783
19.01	13.528115182987339
19.02	14.264038190990167
19.03	13.67123860364241
19.04	11.980667952224422
19.05	11.182976242578576
19.06	10.252697872663665
19.07	12.359485840477811
19.080000000000002	15.003881267165825
19.09	18.16439281117434
19.1	13.548682956114023
19.11	12.374582067697364
19.12	13.20407940026
19.13	13.724209364601759
19.14	17.061706755406455
19.150000000000002	13.817762628719736
19.16	13.63608805385045
19.17	15.562692808720486
19.18	21.96994689685629
19.19	24.308946820147995
19.2	21.76059728877626
19.21	20.303680458479448
19.22	20.88101162183506
19.23	19.508900684907463
19.240000000000002	15.11844276522074
19.25	11.612965908816497
19.26	12.389626075400423
19.27	20.80220188863629
19.28	17.03700854421758
19.29	16.6157026995947
19.3	22.110665327083666
19.31	22.04040599493734
19.32	19.264281916327004
19.330000000000002	18.480428480587335
19.34	17.690436928359983
19.35	18.01074163409522
19.36	14.40801789561849
19.37	12.919531979332087
19.38	14.87072553781123
19.39	14.023971529007325
19.400000000000002	17.38938279096996
19.41	25.55769860782314
19.42	21.58178499846426
19.43	18.891698166250734
19.44	17.463103673341823
19.45	22.96744533193655
19.46	17.579674248167237
19.47	22.3607241216134
19.48	19.508964152770954
19.490000000000002	21.388597405616363
19.5	17.479669481218135
19.51	18.571188072630655
19.52	17.802636863547423
19.53	22.93400042552896
19.54	18.892714965137884
19.55	14.964218659232433
19.56	12.266346313120152
19.57	10.223954301760374
19.580000000000002	10.440911428119733
19.59	8.015616699445868
19.6	9.564913740203625
19.61	4.995276545919496
19.62	3.846823870778878
19.63	6.59398715749442
19.64	4.668320095635643
19.650000000000002	3.8918660499270885
19.66	6.58219599347654
19.67	8.365925212675972
19.68	7.861140770637053
19.69	21.27806578738645
19.7	23.794043782235466
19.71	26.493618283882626
19.72	26.393969755769238
19.73	25.614514831248286
19.740000000000002	22.087585850506127
19.75	19.222714290026847
19.76	17.521658144311406
19.77	18.099495364377656
19.78	19.192523488798894
19.79	15.97783402992925
19.8	18.00995857371724
19.81	13.321424550691143
19.82	17.305956137882507
19.830000000000002	13.995763182870743
19.84	19.772093877690462
19.85	27.742709148563065
19.86	23.970952665214874
19.87	19.14143843079503
19.88	15.498998016835413
19.89	14.795176735189772
19.900000000000002	18.160647092539932
19.91	18.77595967835819
19.92	15.788575831586538
19.93	18.800255611454133
19.94	18.56354525046923
19.95	18.51605783638684
19.96	16.34758392393226
19.97	16.047049931552408
19.98	18.527675313206107
19.990000000000002	16.647878475671355
20.0	14.788236451256765
20.01	24.06851967584242
20.02	18.62452358143936
20.03	18.35549407679181
20.04	16.66134466748928
20.05	15.030056415347529
20.06	14.84604916798918
20.07	14.291011271891215
20.080000000000002	16.472859593531915
20.09	15.135836571765417
20.1	13.380713724443812
20.11	10.54340498519136
20.12	15.164596984276882
20.13	14.041931225937082
20.14	20.347690896049492
20.150000000000002	22.10539283540577
20.16	17.746633092657877
20.17	17.959661304178308
20.18	13.611208712017136
20.19	9.44153457299696
20.2	8.883766942618351
20.21	14.49034733292613
20.22	15.527973742953744
20.23	18.986303042531738
20.240000000000002	25.60474950696006
20.25	22.813911556523973
20.26	22.669865985449018
20.27	25.457750076642604
20.28	20.05591085466078
20.29	16.944016632251074
20.3	15.942587234624561
20.31	12.638969214682815
20.32	11.287239838119048
20.330000000000002	12.165408590057655
20.34	10.777899388448855
20.35	15.329829907549456
20.36	19.39101010653236
20.37	22.269116825630448
20.38	17.58596562696818
20.39	18.07136228321706
20.400000000000002	17.70906603442993
20.41	17.06655142038937
20.42	20.80293716371781
20.43	21.228064814605986
20.44	20.38006684650707
20.45	23.33954416688846
20.46	28.286105362919
20.47	28.533167964593925
20.48	27.52859449263258
20.490000000000002	24.264591086612512
20.5	23.246317194970594
20.51	23.167740532698534
20.52	23.83238234987479
20.53	19.28439902924687
20.54	17.72804457529462
20.55	19.227282231875954
20.56	15.256154643746294
20.57	13.929375679247254
20.580000000000002	13.058608044486286
20.59	14.443582426605179
20.6	11.622726251370535
20.61	21.48036061303142
20.62	18.691786457999243
20.63	22.242883516733524
20.64	19.42192321970839
20.650000000000002	24.951495638609124
20.66	19.645809646055074
20.67	21.352146730878832
20.68	19.169475474146196
20.69	18.468274367521563
20.7	14.704545847358759
20.71	12.649796298471738
20.72	12.198451374888334
20.73	10.687474288373087
20.740000000000002	9.489388214002576
20.75	14.137422230718824
20.76	13.048735973227693
20.77	11.887914408987125
20.78	8.993070802632113
20.79	7.585473936106483
20.8	7.5800120721449735
20.81	13.001566754648703
20.82	14.260648437091968
20.830000000000002	14.104356727701523
20.84	17.815041362580452
20.85	17.599574619238428
20.86	25.69419470931387
20.87	19.787859584128622
20.88	19.749763900702398
20.89	28.653071168458826
20.900000000000002	29.110776968277886
20.91	27.040657659846378
20.92	21.686932781326117
20.93	23.853565998221736
20.94	19.601602380619486
20.95	19.0785766652855
20.96	19.372178930481976
20.97	21.70148335986796
20.98	22.86709862430004
20.990000000000002	26.170675570016044
21.0	25.510155214011654
21.01	22.7213999377032
21.02	20.483934412123922
21.03	18.809375007168967
21.04	20.788130651274493
21.05	15.926492198442654
21.06	12.67325885222732
21.07	15.121730635158949
21.080000000000002	17.704930361651016
21.09	19.427426551589374
21.1	22.588180988561835
21.11	23.031818544826198
21.12	18.558852954213144
21.13	24.911255611295495
21.14	19.646875137042016
21.150000000000002	18.428133261708453
21.16	24.96238752366831
21.17	24.18551363233645
21.18	24.045934371362833
21.19	19.240269529009677
21.2	16.718264568069344
21.21	14.269277611360224
21.22	10.676510731577341
21.23	5.545363759229245
21.240000000000002	4.675780176124786
21.25	6.043285671502982
21.26	6.043189702370387
21.27	10.15997612042632
21.28	8.928260037174702
21.29	14.561482871863651
21.3	22.137091679480406
21.31	19.840825400931895
21.32	17.751152572083722
21.330000000000002	26.016935596828393
21.34	24.498203685100716
21.35	20.263044574961768
21.36	15.607649267904161
21.37	15.528753121957733
21.38	12.95487456309422
21.39	12.695050924814785
21.400000000000002	16.414358174650854
21.41	15.01060180565055
21.42	15.935610176814565
21.43	13.247522240732435
21.44	12.243517836095606
21.45	15.899653843915589
21.46	12.026824434278364
21.47	11.716555840875111
21.48	9.036968607159569
21.490000000000002	6.569928128959868
21.5	3.7713756313246853
21.51	3.405106036616705
21.52	6.086759220656862
21.53	5.401017970996305
21.54	7.942060052860827
21.55	8.675208313475306
21.56	10.520045697862809
21.57	15.575576618415779
21.580000000000002	12.224258513654533
21.59	12.768039884478975
21.6	19.166180987833528
21.61	19.509312102080035
21.62	17.503332723906613
21.63	17.311810783923374
21.64	14.623063233938085
21.650000000000002	12.530464315141709
21.66	11.234872317689554
21.67	12.475544689599591
21.68	10.58841596008172
21.69	9.267963664679442
21.7	8.190804493435282
21.71	8.171103353051752
21.72	12.84268927438009
21.73	24.62875973157181
21.740000000000002	21.342780122953055
21.75	19.030757808184184
21.76	20.570315992547126
21.77	18.821353800157667
21.78	25.019360509278744
21.79	28.28961687519579
21.8	25.890374175126162
21.81	30.831951289583113
21.82	35.41842006604642
21.830000000000002	30.92245492793941
21.84	24.08613182613724
21.85	23.554655717019553
21.86	21.47991192529855
21.87	26.907286240893086
21.88	22.52902150458514
21.89	17.762395019861756
21.900000000000002	14.832766362590936
21.91	14.976848541479747
21.92	19.041730579225373
21.93	17.994423394920616
21.94	18.06786387229768
21.95	14.799928405307021
21.96	14.754977370996237
21.97	13.461388664789897
21.98	16.206364711520028
21.990000000000002	12.94512250595449
22.0	9.47679336677712
22.01	6.58287907104918
22.02	6.778729623268325
22.03	7.629787529366158
22.04	6.816782794487879
22.05	11.95410774954804
22.06	13.591348139913084
22.07	17.23038297364738
22.080000000000002	17.9493261371996
22.09	18.64522900386946
22.1	15.308804742456276
22.11	19.219743804454076
22.12	20.047201848638974
22.13	27.61746814819384
22.14	26.998577041352792
22.150000000000002	22.811270003243365
22.16	18.11529042769229
22.17	26.511939175907436
22.18	25.333126351750664
22.19	27.143118483298608
22.2	22.634165198485928
22.21	18.09140420125978
22.22	13.621062124064245
22.23	12.354475168972428
22.240000000000002	10.025423670660942
22.25	6.579890483397057
22.26	4.902960192385093
22.27	6.938927107556012
22.28	8.021593055999078
22.29	6.862123628540067
22.3	7.924507159148312
22.31	5.353660999524343
22.32	2.8511735133874887
22.330000000000002	0.41175559869009076
22.34	6.166164295969043
22.35	8.072107001389902
22.36	9.877452804041612
22.37	8.501614978900808
22.38	7.410319337304501
22.39	10.27258691567577
22.400000000000002	10.565407095517871
22.41	22.811789233610607
22.42	24.94306704338535
22.43	25.902748700752028
22.44	24.82019709725226
22.45	20.043159601056466
22.46	22.297528757858014
22.47	18.30123540649752
22.48	16.58490014078736
22.490000000000002	18.662604787757857
22.5	18.925038426712966
22.51	19.47946187129633
22.52	19.505218075187308
22.53	19.98341994600774
22.54	16.06104177717344
22.55	13.712556320224932
22.56	11.571351337480703
22.57	9.291459850219313
22.580000000000002	11.152156911550652
22.59	13.528968832868015
22.6	14.752442518909605
22.61	22.901937421891144
22.62	27.69235017786418
22.63	27.11266378089742
22.64	22.5776446237216
22.650000000000002	18.606673730513883
22.66	18.21484248019067
22.67	15.869566780139003
22.68	16.03592623131135
22.69	12.779006527632085
22.7	11.28145490471515
22.71	11.676925316402185
22.72	15.084618533434043
22.73	15.987442334927579
22.740000000000002	12.952563728428437
22.75	8.271697107045973
22.76	11.205945687645634
22.77	15.164066824452012
22.78	11.78226548157985
22.79	10.492269019946116
22.8	11.697413393912843
22.81	10.818586994449175
22.82	17.979380060663853
22.830000000000002	15.223992040105195
22.84	12.884126918166732
22.85	14.541828085054865
22.86	27.93536562062725
22.87	21.819079735344697
22.88	19.74999899592915
22.89	18.718476755213413
22.900000000000002	15.822239143495644
22.91	14.464730641414288
22.92	16.11866672861346
22.93	15.722478123095168
22.94	14.755564964642712
22.95	19.04878276586232
22.96	19.250053848634373
22.97	14.87245470337868
22.98	18.373510831812087
22.990000000000002	17.231777417204118
23.0	13.315539230593721
23.01	11.47655612223937
23.02	10.883603078811399
23.03	15.529542195954132
23.04	12.038671076372243
23.05	12.734276200381645
23.06	17.076282211914524
23.07	13.387985875121824
23.080000000000002	18.66179676032539
23.09	15.630767378536062
23.1	18.561791048369194
23.11	17.78400460879725
23.12	27.728946866185236
23.13	29.01249459092656
23.14	27.494070993638445
23.150000000000002	30.30940599470123
23.16	24.87640490170882
23.17	24.939851042598416
23.18	23.802576090826825
23.19	23.530580450712502
23.2	21.22146361130102
23.21	20.330241595750604
23.22	19.457456029538594
23.23	19.89361464770936
23.240000000000002	17.290919989314762
23.25	17.984927653776946
23.26	20.030316355329816
23.27	21.306973017142454
23.28	18.442192013144467
23.29	14.305131036199585
23.3	11.15952555636846
23.31	15.213491016969364
23.32	15.57772849128525
23.330000000000002	25.686797595222306
23.34	22.164936765034582
23.35	20.59111170828592
23.36	23.796080731062553
23.37	26.795942796137734
23.38	27.436471230279526
23.39	24.173258658916524
23.400000000000002	21.587685799632535
23.41	17.700073354984944
23.42	16.9730040639599
23.43	20.092773253494855
23.44	31.502181972164834
23.45	28.34011006522182
23.46	31.979830832970382
23.47	27.173321797818453
23.48	23.668349712084456
23.490000000000002	28.379251766959307
23.5	21.86501060924075
23.51	16.75018820696223
23.52	15.320503414486762
23.53	15.818937610361276
23.54	19.192404023238055
23.55	17.405992548194728
23.56	13.626189639445936
23.57	11.35932242932782
23.580000000000002	10.692989801214202
23.59	16.044371734532458
23.6	13.158630297948875
23.61	14.39100413628724
23.62	13.329372979137961
23.63	19.14935548859899
23.64	22.18996222235648
23.650000000000002	19.38964227750095
23.66	17.663526697920343
23.67	17.19504826323803
23.68	14.332705290393976
23.69	13.125713099091346
23.7	10.094520611605304
23.71	12.601818839110274
23.72	16.32705428926942
23.73	13.757811879675677
23.740000000000002	11.711106892790749
23.75	10.701754420037133
23.76	7.762423393623627
23.77	7.368065168443734
23.78	12.922883856549616
23.79	11.922268118516039
23.8	12.436654706866355
23.81	13.458761954614328
23.82	23.013202565015447
23.830000000000002	19.76230464922997
23.84	16.397874047106228
23.85	15.442353768329141
23.86	16.052592848908038
23.87	12.401780025340539
23.88	12.166761816015866
23.89	10.12837225647027
23.900000000000002	11.348574523306278
23.91	11.011489132506945
23.92	8.818018986428008
23.93	8.994247255833232
23.94	10.227240470971404
23.95	13.681092034565436
23.96	12.837368245728745
23.97	10.714149118246912
23.98	13.79583741875577
23.990000000000002	17.441098646615487
24.0	13.699094884443157
24.01	12.131400337789405
24.02	11.228702101590429
24.03	12.787124128279403
24.04	12.874932813866431
24.05	9.920300923585014
24.060000000000002	9.098435523281067
24.07	10.56775125157483
24.080000000000002	10.484103464674263
24.09	11.647667401632056
24.1	11.538163271052673
24.11	12.32358554122038
24.12	15.368278931327168
24.13	13.93768623096763
24.14	9.919722557993024
24.150000000000002	17.416176431880018
24.16	24.283111643096124
24.17	20.27433474480677
24.18	18.13581977583255
24.19	19.142882307811448
24.2	22.832243673893725
24.21	21.39057471926503
24.22	16.727595637998043
24.23	13.576499167180081
24.240000000000002	16.206614694687207
24.25	18.03079714970668
24.26	19.63417484296815
24.27	17.041383128500527
24.28	18.634257555546363
24.29	18.31256127656402
24.3	21.34335228933861
24.310000000000002	19.745466152832634
24.32	22.94541969891576
24.330000000000002	19.28286284431519
24.34	15.067784384932777
24.35	15.59619194288822
24.36	20.095109398400545
24.37	17.79046669958409
24.38	26.217987803853518
24.39	26.751434497418167
24.400000000000002	27.215228048448083
24.41	23.852896977932854
24.42	22.71006188904856
24.43	22.187836018847914
24.44	17.206930724389288
24.45	12.83234586941376
24.46	19.290487602161807
24.47	17.13495323597074
24.48	18.49761279618041
24.490000000000002	16.3144514269502
24.5	12.94254652457594
24.51	12.38650278561509
24.52	18.36106206612384
24.53	14.609628173458452
24.54	19.831633186456685
24.55	27.966910757218567
24.560000000000002	24.849547594883735
24.57	24.627653393191366
24.580000000000002	26.256826253304343
24.59	24.488216787570067
24.6	25.130873347368954
24.61	20.52211037341203
24.62	16.71420678238419
24.63	19.043093068469794
24.64	17.810003499021867
24.650000000000002	16.02800587747396
24.66	17.39896060993799
24.67	13.43748387053221
24.68	12.89197101675305
24.69	20.257094748911864
24.7	17.145588413908364
24.71	19.58704181955538
24.72	22.044899793920305
24.73	19.695360555841624
24.740000000000002	19.340447897966623
24.75	18.662213990731257
24.76	15.207286871922731
24.77	11.060352185845629
24.78	8.29886185823917
24.79	10.632791359537658
24.8	8.60421764403276
24.810000000000002	7.916703986968977
24.82	9.154435890148834
24.830000000000002	17.506778562251643
24.84	16.75320737253949
24.85	13.468936642183142
24.86	13.632271483959046
24.87	12.987641617831981
24.88	17.419903361058072
24.89	18.455917026762407
24.900000000000002	23.20930415314665
24.91	22.340643362113685
24.92	17.332114197564152
24.93	13.47775020614746
24.94	10.614240604772856
24.95	11.325919924155444
24.96	10.706481556733019
24.97	9.283304624562268
24.98	11.875209603007098
24.990000000000002	12.023689008137959
25.0	11.44430349534978
25.01	9.03728311603918
25.02	7.831565392845317
25.03	8.758614100944769
25.04	9.983267463011188
25.05	10.034984421652721
25.060000000000002	16.32320592383859
25.07	13.521988625914641
25.080000000000002	15.024379564775257
25.09	20.773521349683232
25.1	25.417144547681225
25.11	19.922601957197678
25.12	20.76267151420514
25.13	20.0967235955088
25.14	16.54566580627365
25.150000000000002	15.438966920520265
25.16	18.76621843877055
25.17	15.035881188429128
25.18	15.199100979697864
25.19	11.291954852655024
25.2	10.249943625392762
25.21	10.602824400816113
25.22	10.634712022039663
25.23	9.90407986950384
25.240000000000002	9.76225051226078
25.25	11.92572848240491
25.26	11.318536354222779
25.27	13.542805147974349
25.28	17.060949754790162
25.29	17.955714613369143
25.3	18.78710100222041
25.310000000000002	19.672819184076058
25.32	17.379600844127072
25.330000000000002	18.018787953313712
25.34	17.53559509200273
25.35	16.82476136961787
25.36	13.861575383828622
25.37	16.52792725340737
25.38	14.729098209805798
25.39	16.899509038774944
25.400000000000002	13.187128703078493
25.41	9.444296611372993
25.42	10.212237505990048
25.43	7.818412434838416
25.44	12.429134944562604
25.45	12.91791576798866
25.46	19.587267393773175
25.47	26.35967794714542
25.48	21.6097966178597
25.490000000000002	17.72248582212443
25.5	18.80433305666736
25.51	17.20696289214528
25.52	18.57090369634009
25.53	20.588630988408454
25.54	27.971280342887063
25.55	23.95681528396187
25.560000000000002	20.588985783149543
25.57	17.306451015878135
25.580000000000002	14.584886676901334
25.59	11.283448115080235
25.6	10.859983167342529
25.61	12.937881266006249
25.62	18.303548138033825
25.63	18.74641973059178
25.64	14.41982621566711
25.650000000000002	10.799197496300701
25.66	8.546701570605004
25.67	9.94099752681576
25.68	6.875497770076571
25.69	8.362301268791077
25.7	9.009450743395767
25.71	9.9237265707832
25.72	10.329271212592513
25.73	9.552571692350623
25.740000000000002	15.787615711354135
25.75	24.62038221829074
25.76	19.198889325654022
25.77	18.604615053394816
25.78	18.416912093668593
25.79	18.58285295511331
25.8	18.987302359381673
25.810000000000002	15.434693479129578
25.82	12.84826868078102
25.830000000000002	13.453948914904892
25.84	12.196211116436015
25.85	14.357985084777644
25.86	17.51238001935931
25.87	16.355564251254748
25.88	19.121171601664095
25.89	20.061676077485103
25.900000000000002	15.776065199789512
25.91	12.629637698734147
25.92	9.78908790249277
25.93	9.834955282825545
25.94	6.232162346661258
25.95	6.755805134953961
25.96	3.662843011284407
25.97	2.597026186608659
25.98	4.451035888019749
25.990000000000002	8.856027765268744
26.0	6.064972597150988
26.01	5.862558755901488
26.02	11.24077123595269
26.03	13.617242796659408
26.04	16.215643327417006
26.05	15.148453450270173
26.060000000000002	22.879964037029993
26.07	21.51660867767659
26.080000000000002	17.78073806320202
26.09	15.852595202950365
26.1	14.951336663207746
26.11	13.453782412873874
26.12	15.317040208208564
26.13	17.14047919170971
26.14	16.4894305029369
26.150000000000002	18.92315654275098
26.16	16.730833851114735
26.17	16.526993666892803
26.18	16.20289879520021
26.19	12.60656162606239
26.2	9.304766854262754
26.21	12.380447434785271
26.22	13.770014649227127
26.23	18.108732815308127
26.240000000000002	15.041461207896832
26.25	19.71080073511364
26.26	21.62357249612368
26.27	19.928394990878846
26.28	19.06264147743498
26.29	14.942970305050675
26.3	14.138358468146748
26.310000000000002	15.395502355183446
26.32	16.391487487614107
26.330000000000002	14.125728252152953
26.34	15.232948923115794
26.35	12.421447039457167
26.36	12.055911858293506
26.37	18.648121986824943
26.38	20.83474869161498
26.39	23.033917951629036
26.400000000000002	22.85006244962743
26.41	28.57398269251162
26.42	27.237776492433383
26.43	29.444554749738817
26.44	29.186871382387665
26.45	26.343776499388746
26.46	24.00487769858269
26.47	27.105214009933313
26.48	26.17658790018977
26.490000000000002	25.991575444064473
26.5	25.37577354197455
26.51	19.920211791964363
26.52	16.994912537134624
26.53	14.781718606220773
26.54	12.5701901074411
26.55	15.924195097827694
26.560000000000002	15.205709272223253
26.57	17.18421897565388
26.580000000000002	15.867879816454554
26.59	15.944730994659004
26.6	16.341698409097457
26.61	17.83889102379518
26.62	14.966392057153469
26.63	11.773618309871287
26.64	11.275370982148882
26.650000000000002	12.640598836014467
26.66	16.60359370729551
26.67	19.85906374117248
26.68	18.733306027256404
26.69	17.93988214902446
26.7	20.73201044684444
26.71	21.74983155236024
26.72	24.162129840880134
26.73	24.78344759694111
26.740000000000002	20.40009022735131
26.75	17.13643295265818
26.76	17.905908902659363
26.77	26.66395441413914
26.78	22.69740990116197
26.79	17.969011963361478
26.8	15.72895327292852
26.810000000000002	17.36887342025614
26.82	22.59517677231936
26.830000000000002	17.301260318235492
26.84	15.888294094179857
26.85	13.659986479888344
26.86	14.181341820316362
26.87	15.819508502828391
26.88	20.615642475022668
26.89	17.292723320275137
26.900000000000002	23.320829293503984
26.91	29.676343116840105
26.92	27.683968519126573
26.93	23.13317083370973
26.94	20.790996740596153
26.95	17.095732834525286
26.96	15.342346485209346
26.97	21.823928806478147
26.98	23.517206183184317
26.990000000000002	25.76217971749048
27.0	30.27422026621395
27.01	28.216805191538967
27.02	21.798366707371688
27.03	16.618564372323924
27.04	12.415763264843998
27.05	10.93625948502827
27.060000000000002	7.09108757700933
27.07	5.802242612471701
27.080000000000002	6.694537905939657
27.09	16.05828538792311
27.1	14.291418195839217
27.11	15.00868550604246
27.12	15.530220460481724
27.13	20.56316143406607
27.14	17.432521134078712
27.150000000000002	13.493289345134825
27.16	10.955837879024592
27.17	10.78611453604151
27.18	10.368585214250462
27.19	12.72188221440585
27.2	11.8148797388862
27.21	10.894369543264967
27.22	12.965377657808833
27.23	17.546214351699348
27.240000000000002	16.946906264210487
27.25	14.472242179611488
27.26	16.581372379134766
27.27	15.917372590678394
27.28	17.03726890480695
27.29	16.205766836210508
27.3	17.367361344055084
27.310000000000002	17.598028179093006
27.32	16.010569326725026
27.330000000000002	13.876550036071155
27.34	10.972648996907655
27.35	9.480364098785824
27.36	17.4409647806768
27.37	18.26236925951193
27.38	19.330295253487282
27.39	18.852757054197834
27.400000000000002	22.831617643265
27.41	26.78518321654638
27.42	25.50043783030959
27.43	25.47775926016993
27.44	22.40447050958567
27.45	24.15628186678164
27.46	18.94140553321676
27.47	15.338905835564765
27.48	12.58306210835547
27.490000000000002	10.938637041597453
27.5	11.765584113434102
27.51	13.324097145673376
27.52	13.480499558221375
27.53	19.44627679919029
27.54	25.098142848753035
27.55	26.97783818837064
27.560000000000002	28.9911045417137
27.57	24.379456466743587
27.580000000000002	20.06696623026765
27.59	16.74986547884439
27.6	14.20116062859677
27.61	15.142100229199473
27.62	16.779514989553384
27.63	15.423448020860581
27.64	20.724166929026552
27.650000000000002	16.160978327799132
27.66	14.506866268305675
27.67	19.175324397012698
27.68	18.900151442590033
27.69	17.383383069525355
27.7	17.03957933915087
27.71	13.357529295507653
27.72	15.6176968310918
27.73	10.861872149193227
27.740000000000002	8.341694626331732
27.75	11.514630734970444
27.76	10.581320317172832
27.77	11.640371782659813
27.78	14.024418863007163
27.79	11.704112743918687
27.8	9.444546020524971
27.810000000000002	7.297012525243078
27.82	5.3225673061189065
27.830000000000002	2.3064225543383667
27.84	0.7825343545631483
27.85	-0.6255377679366297
27.86	-4.57631251240179
27.87	-7.0543383365261665
27.88	-8.313247090589899
27.89	-7.110989619735715
27.900000000000002	-7.616183038333322
27.91	-9.281956473972363
27.92	-15.893272653449532
27.93	-15.809511607916518
27.94	-19.21549518948779
27.95	-20.410248860392358
27.96	-19.07704644915456
27.97	-18.19557529897681
27.98	-16.3213780704613
27.990000000000002	-12.57775036874233
28.0	-11.24525995219987
28.01	-11.210145613324082
28.02	-14.8816934042256
28.03	-15.873933242542691
28.04	-12.691740526073566
28.05	-10.67324512580525
28.060000000000002	-9.38925546062924
28.07	-12.787070497988578
28.080000000000002	-10.788065433307315
28.09	-7.1394915660389655
28.1	-6.857949363640138
28.11	-7.060121375174024
28.12	-5.703903706005112
28.13	-12.35387733489913
28.14	-10.686741103482088
28.150000000000002	-12.191030570272044
28.16	-13.693902336833437
28.17	-20.1647583703273
28.18	-19.1541645174283
28.19	-18.20104301477142
28.2	-20.01429167990446
28.21	-21.72251941364014
28.22	-18.032753615355492
28.23	-24.69099673193586
28.240000000000002	-18.561275810828484
28.25	-14.968894596076694
28.26	-12.896614871662832
28.27	-12.458487365277179
28.28	-13.193591039262648
28.29	-13.82626703732188
28.3	-13.581029007691098
28.310000000000002	-12.857030052273076
28.32	-13.105794574989302
28.330000000000002	-21.659130742048603
28.34	-16.79629333029903
28.35	-13.832128012058703
28.36	-11.441951086958326
28.37	-9.794837290960526
28.38	-9.417993111083282
28.39	-15.800301942880273
28.400000000000002	-15.88065779663299
28.41	-15.376243409272664
28.42	-23.711786450106292
28.43	-20.035812837895996
28.44	-20.556394914654998
28.45	-20.716065613632647
28.46	-18.950810578784566
28.47	-19.388518355466303
28.48	-20.089687128615942
28.490000000000002	-18.797609913925026
28.5	-18.925950524701385
28.51	-21.850639503304244
28.52	-21.74581151839449
28.53	-24.500419281944197
28.54	-19.508501088941557
28.55	-21.640536556362232
28.560000000000002	-20.87032354535657
28.57	-21.967575012345417
28.580000000000002	-22.37790318005882
28.59	-17.68143618541066
28.6	-14.654423733819609
28.61	-14.236971224645476
28.62	-17.175106884835525
28.63	-13.353685651618669
28.64	-13.20863735515262
28.650000000000002	-12.873334907529346
28.66	-10.942403933788839
28.67	-13.346064686177407
28.68	-13.387623202321338
28.69	-13.8988720502574
28.7	-14.138895544604319
28.71	-16.13725990128957
28.72	-16.23327513447456
28.73	-17.056906705902765
28.740000000000002	-29.999210258234704
28.75	-28.255102713045023
28.76	-27.108334887231827
28.77	-26.014728268512915
28.78	-21.469380889620513
28.79	-21.424605598679907
28.8	-21.295178346672888
28.810000000000002	-19.67810774249784
28.82	-21.52467049001872
28.830000000000002	-18.595971063830323
28.84	-19.03029557823742
28.85	-25.756711046728313
28.86	-21.713157124179983
28.87	-17.388228857702924
28.88	-16.87491547332565
28.89	-20.00350109839957
28.900000000000002	-26.73357322041065
28.91	-27.802245733156823
28.92	-31.013620990244085
28.93	-28.58433938059763
28.94	-24.642369222182776
28.95	-25.578652911431874
28.96	-22.192400762161924
28.97	-18.279778459015443
28.98	-16.459509215819352
28.990000000000002	-18.075679070149963
29.0	-14.643195660319027
29.01	-17.248662827059597
29.02	-18.528000724924446
29.03	-15.841891062852119
29.04	-12.257001280081006
29.05	-8.762471687650466
29.060000000000002	-5.347454334948308
29.07	-4.99828880189058
29.080000000000002	-0.035427716947353374
29.09	1.0979215935293762
29.1	-2.320461954771486
29.11	-4.147771515021967
29.12	-6.487562251217516
29.13	-7.134097114151608
29.14	-5.06783795489147
29.150000000000002	-0.5066779608545389
29.16	-1.5719149084978103
29.17	-4.672819299510851
29.18	-6.381690386366998
29.19	-6.543651019115226
29.2	-6.296329157031146
29.21	-5.9051299299216495
29.22	-8.3402189959585
29.23	-7.481512007949129
29.240000000000002	-6.622493817149306
29.25	-9.11945698556552
29.26	-10.305909080303934
29.27	-12.781017707843462
29.28	-13.812624382385003
29.29	-13.068554752912089
29.3	-12.909287614452522
29.310000000000002	-13.496033011421657
29.32	-11.003481366033087
29.330000000000002	-11.754090891052858
29.34	-13.649676005658236
29.35	-10.657559188749913
29.36	-9.97115618863183
29.37	-17.664288460106025
29.38	-32.56542894239706
29.39	-30.598259748597883
29.400000000000002	-27.55399711536038
29.41	-24.88368704730497
29.42	-19.5406988415638
29.43	-16.79190162180586
29.44	-21.372592498716543
29.45	-16.971533461274138
29.46	-12.845165608935003
29.47	-9.327375959727231
29.48	-10.99389214085156
29.490000000000002	-12.91910449624409
29.5	-11.032621546387796
29.51	-12.425152317723557
29.52	-13.419525508573425
29.53	-14.24984225123605
29.54	-15.27675301218931
29.55	-12.869518460028866
29.560000000000002	-11.390009438315229
29.57	-9.315215960743503
29.580000000000002	-11.205224744343944
29.59	-10.100207056320455
29.6	-16.217227062137887
29.61	-23.360741860053977
29.62	-20.145013769411598
29.63	-21.471750779884243
29.64	-17.201723749661035
29.650000000000002	-23.59940533617516
29.66	-20.396693491122797
29.67	-18.65552898731026
29.68	-22.02285327969517
29.69	-22.732084790383524
29.7	-23.74333660211033
29.71	-18.205014461808037
29.72	-18.12059696863582
29.73	-15.084407033312264
29.740000000000002	-13.745345037036286
29.75	-10.571315804716479
29.76	-8.67310286825811
29.77	-7.372201390820903
29.78	-10.681208665178543
29.79	-11.616569529207547
29.8	-15.837018924296292
29.810000000000002	-17.56795153532003
29.82	-18.704491023573905
29.830000000000002	-17.797201138530276
29.84	-14.23960963706201
29.85	-15.678270227932789
29.86	-22.587705171819092
29.87	-26.18916533405953
29.88	-20.60940759237693
29.89	-18.41390345264585
29.900000000000002	-21.30618059036572
29.91	-20.183686955977613
29.92	-20.44912267190125
29.93	-20.69023530002073
29.94	-19.131910583270624
29.95	-15.403339719973458
29.96	-13.817341722384867
29.97	-11.47068435021078
29.98	-11.403800543389364
29.990000000000002	-10.050943473019071
30.0	-14.389900295084749
30.01	-10.265108668416122
30.02	-6.496799988714081
30.03	-8.187316737136152
30.04	-10.402034745761881
30.05	-9.521819112226359
30.060000000000002	-11.711682881389429
30.07	-11.823513419610588
30.080000000000002	-18.052869100832975
30.09	-19.561154261855258
30.1	-16.043787721298983
30.11	-20.745860905407604
30.12	-18.103303327237043
30.13	-19.094218007132074
30.14	-16.255794928326562
30.150000000000002	-22.54049188699526
30.16	-20.70544631949923
30.17	-18.90504683835534
30.18	-17.943484793683236
30.19	-13.58757526377105
30.2	-11.803554238041723
30.21	-9.55812586272148
30.22	-8.768814716716582
30.23	-8.448334346560687
30.240000000000002	-12.981580206972032
30.25	-13.063708220550406
30.26	-12.862605195815828
30.27	-14.162809752831071
30.28	-17.43586540024676
30.29	-24.590415763308524
30.3	-21.02858781896895
30.310000000000002	-25.988933838256447
30.32	-25.889639242203558
30.330000000000002	-26.13975503390395
30.34	-23.704067829063725
30.35	-19.144405712507908
30.36	-21.500215567682506
30.37	-27.317531439394898
30.38	-26.305375206729433
30.39	-23.044848291862788
30.400000000000002	-21.640095274369365
30.41	-17.769908697719494
30.42	-16.597756920450472
30.43	-13.795086053264061
30.44	-12.184243128450742
30.45	-13.781834023410736
30.46	-12.595837497751104
30.47	-15.88303428996934
30.48	-14.577120380803029
30.490000000000002	-14.675749787025477
30.5	-13.19450560529355
30.51	-15.896042195982828
30.52	-14.99499277006806
30.53	-14.409851954910575
30.54	-18.37258868659663
30.55	-16.755458147040837
30.560000000000002	-13.456734036547207
30.57	-11.112672400178365
30.580000000000002	-11.227892162724867
30.59	-12.91181862655132
30.6	-14.530952148691393
30.61	-12.21742710748849
30.62	-10.216014695396495
30.63	-9.209992988298309
30.64	-10.636180056030685
30.650000000000002	-9.515872779676547
30.66	-22.467161874625322
30.67	-33.48167881470766
30.68	-28.831630880229497
30.69	-25.081417345914375
30.7	-20.966444407848893
30.71	-20.086930428494668
30.72	-19.84904278446269
30.73	-18.709380118461823
30.740000000000002	-17.290125909865235
30.75	-18.647981706082426
30.76	-18.404387892761253
30.77	-18.63996525571713
30.78	-17.96640847852683
30.79	-21.229173756602123
30.8	-18.482243503590393
30.810000000000002	-18.532157507218432
30.82	-21.92228869212114
30.830000000000002	-25.24587464594519
30.84	-23.33965621260012
30.85	-20.99544072982488
30.86	-24.239103838302984
30.87	-22.413218002278708
30.88	-18.790695601863906
30.89	-16.203285970210306
30.900000000000002	-15.007654915513589
30.91	-17.681764482777794
30.92	-15.16837537804214
30.93	-12.317978151065558
30.94	-10.848114525412123
30.95	-9.209179698770305
30.96	-8.741447383045289
30.970000000000002	-9.295818333033486
30.98	-15.339237072259028
30.990000000000002	-17.5178361538148
31.0	-20.128113891755888
31.01	-19.139747356730922
31.02	-15.123670845407581
31.03	-16.63349734870155
31.04	-13.82311308317476
31.05	-11.862847057356559
31.060000000000002	-15.689261051993647
31.07	-20.804200182630158
31.080000000000002	-17.368043365865596
31.09	-24.20089754268658
31.1	-21.092206331125976
31.11	-18.485190425566962
31.12	-15.964239629064325
31.13	-16.918646277540898
31.14	-28.4896255151639
31.150000000000002	-31.26719778456257
31.16	-27.992776974264586
31.17	-23.242727728321007
31.18	-28.368607226812106
31.19	-23.485159225403457
31.2	-19.29484071971116
31.21	-18.973761836813626
31.220000000000002	-17.089249952844764
31.23	-13.274418947834295
31.240000000000002	-11.7967431113359
31.25	-13.957151297164602
31.26	-11.79124004548419
31.27	-13.868292571054601
31.28	-18.16335407915504
31.29	-16.26746929457995
31.3	-17.70628759692092
31.310000000000002	-14.14671808811334
31.32	-11.868970479269404
31.330000000000002	-10.505575498128296
31.34	-12.038903022899028
31.35	-12.76600097733686
31.36	-17.76186640919868
31.37	-20.450041729749294
31.38	-17.23821535124252
31.39	-22.959931582933
31.400000000000002	-23.43916125730345
31.41	-23.86941531144993
31.42	-20.514294293078798
31.43	-26.41650020124834
31.44	-29.409573717977548
31.45	-25.398172031816014
31.46	-23.30166277549244
31.470000000000002	-22.371136697348877
31.48	-21.322528161783136
31.490000000000002	-21.77312034910925
31.5	-16.98739067112085
31.51	-15.777698946618328
31.52	-16.38227004761116
31.53	-15.11008521920673
31.54	-19.19167843273473
31.55	-17.643997186794202
31.560000000000002	-17.510119279623694
31.57	-13.048224443620928
31.580000000000002	-10.286623310156234
31.59	-12.526583141882693
31.6	-12.821380972400707
31.61	-18.26587993870212
31.62	-19.02771534007041
31.63	-21.461119658918744
31.64	-18.272780675588976
31.650000000000002	-22.266674090325008
31.66	-17.428126532898695
31.67	-14.970809966186811
31.68	-13.03261908185314
31.69	-14.713404401917995
31.7	-11.28059007501743
31.71	-8.96786764480769
31.720000000000002	-7.578802098449333
31.73	-12.132068204301481
31.740000000000002	-11.364980574528929
31.75	-12.640644116352522
31.76	-16.812367502788536
31.77	-16.900473288726413
31.78	-13.8025932691713
31.79	-15.517270920427555
31.8	-13.12555550709992
31.810000000000002	-10.668132334068957
31.82	-13.112085383712902
31.830000000000002	-17.827729130136383
31.84	-13.583428920731862
31.85	-12.903074053370036
31.86	-10.841545627306365
31.87	-11.72533702502122
31.88	-15.818747394119361
31.89	-19.312240083945714
31.900000000000002	-19.595866240324288
31.91	-19.062389923110167
31.92	-16.61907246399238
31.93	-14.300929278221624
31.94	-22.098448434172244
31.95	-20.461767191094427
31.96	-19.3001648024278
31.970000000000002	-14.99456342435079
31.98	-13.109459589786317
31.990000000000002	-19.671742365343867
32.0	-18.28262017069366
32.01	-16.879099072832222
32.02	-20.038390774288327
32.03	-15.773695309201592
32.04	-12.626722288631543
32.05	-24.66538347573691
32.06	-22.975265545315995
32.07	-17.449991042313506
32.08	-15.185187366742422
32.09	-19.833250563725535
32.1	-17.415756189294214
32.11	-22.01356144153627
32.12	-17.240195640213607
32.13	-14.702449070519373
32.14	-11.800175308239394
32.15	-13.756887328328004
32.160000000000004	-11.468184470048039
32.17	-14.719010712519177
32.18	-13.207311582825344
32.19	-10.162775624458389
32.2	-12.6338937344945
32.21	-13.3003855684044
32.22	-14.81251513109879
32.230000000000004	-20.414198873889177
32.24	-21.567755588476604
32.25	-19.334616343003145
32.26	-21.665375626600813
32.27	-17.672692909735158
32.28	-20.96062431590824
32.29	-19.83297074384854
32.3	-24.66849190414247
32.31	-23.506845753620667
32.32	-19.226474948015202
32.33	-14.93981346587556
32.34	-11.115481914375273
32.35	-8.246542156677267
32.36	-5.37760239897926
32.37	-5.608508715697584
32.38	-4.4483223370130345
32.39	-4.018183663432944
32.4	-6.602972965290084
32.410000000000004	-7.673147240286251
32.42	-7.606528981362908
32.43	-11.22111075454991
32.44	-14.326958335148065
32.45	-11.368357750796106
32.46	-11.64008897192733
32.47	-11.310884197101332
32.480000000000004	-18.288780736139255
32.49	-18.386119383437187
32.5	-19.971081204533203
32.51	-19.11621791789201
32.52	-20.256084731780618
32.53	-18.066710801848423
32.54	-21.964506556382588
32.55	-17.418974847779737
32.56	-15.257173745282257
32.57	-29.510829008052124
32.58	-28.21264839823203
32.59	-22.161729575540406
32.6	-21.75955598475774
32.61	-20.729382456655557
32.62	-16.50983698381648
32.63	-13.238656265874933
32.64	-10.817114926030422
32.65	-15.640405505958476
32.660000000000004	-16.369093136434838
32.67	-15.865152460381411
32.68	-22.844093430198345
32.69	-32.2803353349557
32.7	-30.70422440552662
32.71	-28.545226870922214
32.72	-22.20287413375924
32.730000000000004	-21.89772159400003
32.74	-19.298545518219754
32.75	-15.257204390042721
32.76	-12.16639357484177
32.77	-12.088458401526248
32.78	-10.464706614935611
32.79	-9.680954406655689
32.8	-8.474679298180243
32.81	-7.465368038024311
32.82	-11.433682521890532
32.83	-10.43614222326964
32.84	-13.07158153510635
32.85	-11.925124892785627
32.86	-10.02737506602277
32.87	-11.593368477937783
32.88	-11.590576887823742
32.89	-14.091077983273244
32.9	-23.075738728813672
32.910000000000004	-27.947878006134854
32.92	-26.132730691322624
32.93	-26.84557655283045
32.94	-23.91612204374537
32.95	-23.294408404951337
32.96	-21.564870663546557
32.97	-18.720783295183942
32.980000000000004	-15.205241284375788
32.99	-13.20265206334978
33.0	-13.387232610175035
33.01	-10.53665841256866
33.02	-6.586341347239778
33.03	-4.403466358309059
33.04	-2.044152011391426
33.05	0.07313303194230641
33.06	4.270037162237326
33.07	2.0435407555719802
33.08	2.1983282362456604
33.09	4.424988342299834
33.1	1.6433215828014707
33.11	2.2966178306678504
33.12	5.1321143044725135
33.13	10.787586485321395
33.14	9.994628925242347
33.15	12.336726587168535
33.160000000000004	15.450865993297525
33.17	14.171220337060342
33.18	13.091240982570428
33.19	11.397619069069611
33.2	9.402780220413126
33.21	7.97115136213596
33.22	4.251591680272149
33.230000000000004	4.424438821704563
33.24	5.511927746267568
33.25	7.389225412034375
33.26	11.335086163913763
33.27	14.158218372645623
33.28	13.36159814534599
33.29	13.814040443554068
33.3	12.585931724435078
33.31	19.57396241829812
33.32	18.302081937193027
33.33	14.107698993436241
33.34	12.249174945966361
33.35	12.593821718085115
33.36	16.081009965153378
33.37	19.582772180264314
33.38	17.4765855438842
33.39	16.10303739128452
33.4	15.608199904470757
33.410000000000004	11.643219633614015
33.42	10.526047391199207
33.43	8.368584101315957
33.44	7.4883850075678255
33.45	8.56474793212084
33.46	10.79321468454437
33.47	10.76550169095766
33.480000000000004	9.421009923427686
33.49	8.687833906643391
33.5	8.060472293260375
33.51	9.567598650353679
33.52	11.177661916172648
33.53	13.95696893158537
33.54	12.546252050426576
33.55	12.423201430192076
33.56	11.356610469605986
33.57	11.674992285739851
33.58	9.523762657988858
33.59	10.162545072947442
33.6	10.921134873347173
33.61	12.719930085019435
33.62	13.154232999627988
33.63	12.058932344862544
33.64	11.511233550607262
33.65	10.556469006914265
33.660000000000004	6.9426226988842945
33.67	8.999628044405714
33.68	7.844942826475385
33.69	7.158962966872836
33.7	9.326613617922163
33.71	8.110624848073407
33.72	10.43730405161399
33.730000000000004	10.779280256951989
33.74	9.638045374727072
33.75	12.770219129076004
33.76	15.051030267800204
33.77	13.098725701856342
33.78	11.330321803769934
33.79	8.530042084423798
33.8	7.204526701887615
33.81	10.508780655577175
33.82	12.099544932949007
33.83	9.642777051621467
33.84	12.877195582463852
33.85	16.191291972838446
33.86	23.70389770637611
33.87	25.428475020753332
33.88	22.757622549941434
33.89	18.35250784956248
33.9	18.335583885514072
33.910000000000004	14.223455960897928
33.92	12.585457042233136
33.93	13.04542414757045
33.94	10.337675317655172
33.95	11.780817302834771
33.96	11.55036507547919
33.97	16.107652237130043
33.980000000000004	12.998621843083734
33.99	13.07082583897228
34.0	18.234204833076088
34.01	15.294907470537517
34.02	13.714118192593801
34.03	17.128458145531003
34.04	20.800264844089007
34.05	20.275101102949087
34.06	17.716627176644177
34.07	15.56941149707024
34.08	12.546141587919033
34.09	15.996015644763355
34.1	17.88609753089887
34.11	24.154791871412808
34.12	22.075523249083044
34.13	21.20537271445074
34.14	24.208812515905848
34.15	20.20195033815223
34.160000000000004	19.37012527752246
34.17	18.570436532290213
34.18	16.6620006867576
34.19	16.661732204046327
34.2	14.697630654720356
34.21	11.320093285187822
34.22	14.34106360055152
34.230000000000004	14.700356939712702
34.24	13.913761912618256
34.25	14.508279531226298
34.26	12.698988105765896
34.27	10.729105931970375
34.28	11.989038936909665
34.29	14.632553273627241
34.300000000000004	14.89631185614633
34.31	16.057257793023712
34.32	20.08028958073789
34.33	19.46205260515459
34.34	16.145655895230615
34.35	13.526540530520217
34.36	17.435289059231874
34.37	14.852674147319197
34.38	13.86034367984538
34.39	17.17351671754084
34.4	20.882607601277904
34.410000000000004	17.539593994436995
34.42	21.03620609702469
34.43	20.38175148660432
34.44	18.11743402255451
34.45	14.943007843234339
34.46	11.582454814686137
34.47	10.03126547602831
34.480000000000004	7.702203248044426
34.49	10.662582086140379
34.5	8.416199759787299
34.51	9.640732872059184
34.52	12.2440135554221
34.53	10.387480809354134
34.54	11.694696595567082
34.550000000000004	10.205171073527866
34.56	11.819584965893252
34.57	12.509427245830604
34.58	19.4898412955103
34.59	16.509305286225523
34.6	29.817538729172004
34.61	31.379537307290157
34.62	32.358192221283204
34.63	33.79112573204607
34.64	28.383396407947547
34.65	28.784753146246732
34.660000000000004	22.805558333908404
34.67	22.48467141297332
34.68	19.077805119097153
34.69	21.80644105184315
34.7	24.23409622921379
34.71	22.92485105878862
34.72	24.483297213101903
34.730000000000004	23.974350844756923
34.74	20.34037209558484
34.75	22.34321508594014
34.76	21.993184071104828
34.77	19.683064688149255
34.78	15.379907532658235
34.79	15.728674411203734
34.800000000000004	15.178702938221756
34.81	17.69101867708876
34.82	15.756280267578473
34.83	12.458305306925963
34.84	10.005865211019591
34.85	8.91026382777365
34.86	7.736848494846389
34.87	7.672793426021987
34.88	10.901531896526695
34.89	13.367220865961581
34.9	16.15134055653022
34.910000000000004	16.550289120739585
34.92	14.400167403230371
34.93	12.6383462901485
34.94	10.162011243513085
34.95	8.771741857343793
34.96	9.653357976441955
34.97	10.043156886702956
34.980000000000004	10.119659782828668
34.99	10.274739048158908
35.0	12.240959663862695
35.01	15.429469403043372
35.02	16.910078701533312
35.03	20.533757169470654
35.04	18.891292239937638
35.050000000000004	14.425322294616219
35.06	11.057534699401161
35.07	10.533056296978785
35.08	15.380374419891126
35.09	19.477674537327335
35.1	26.103649163842118
35.11	20.142737726572072
35.12	16.689436687659356
35.13	19.572236834166063
35.14	22.136161933657867
35.15	21.00400675906235
35.160000000000004	20.900984122080693
35.17	15.920813116677593
35.18	20.96315709571294
35.19	16.654329096988043
35.2	13.461058582357499
35.21	10.566714656118668
35.22	12.265341305822053
35.230000000000004	13.177847039701955
35.24	13.05161073417421
35.25	19.834473683452988
35.26	16.10052533502271
35.27	15.921581208771224
35.28	24.253713869419354
35.29	19.43796364047244
35.300000000000004	19.91076043140987
35.31	22.19807500020727
35.32	26.403247032485
35.33	26.28709126168834
35.34	23.587116616209546
35.35	21.2199854051859
35.36	17.897926998220143
35.37	15.617206337099862
35.38	10.606347179238867
35.39	11.741879707224703
35.4	17.00605898420415
35.410000000000004	17.535474010418
35.42	17.314458045244294
35.43	19.893304059515515
35.44	20.020367054230555
35.45	18.142912602452444
35.46	19.70624479009978
35.47	27.185213318103987
35.480000000000004	23.509809275935012
35.49	30.765583701695377
35.5	24.674500284709172
35.51	22.059266404306502
35.52	23.632295570167685
35.53	24.923298901367616
35.54	20.227446240935922
35.550000000000004	16.475470648847335
35.56	19.86671330426443
35.57	21.87644465654011
35.58	19.48509360602248
35.59	20.149593942119083
35.6	16.607442241846403
35.61	13.933599215347224
35.62	13.830546653019834
35.63	16.845453319974588
35.64	15.075100342904241
35.65	13.677690747365043
35.660000000000004	18.097339112156323
35.67	25.221269478645834
35.68	19.76046302342692
35.69	16.09483246622155
35.7	12.434566140870693
35.71	9.437946649470847
35.72	6.211663627846179
35.730000000000004	5.108823684599301
35.74	7.177595865140733
35.75	8.09475270056134
35.76	5.929572845739456
35.77	7.915338536361433
35.78	7.381099834195703
35.79	5.15627817835154
35.800000000000004	4.895873131349718
35.81	2.8783303399674263
35.82	2.365096390862597
35.83	2.0975693240874618
35.84	2.8325794307267214
35.85	2.567536974459183
35.86	6.5192197832323835
35.87	4.546417674371018
35.88	8.497960678791385
35.89	7.242304238611028
35.9	6.972001970065048
35.910000000000004	9.298246155456095
35.92	9.575740548366687
35.93	8.50270700184269
35.94	8.989590996344553
35.95	7.644817614801853
35.96	6.929090106884017
35.97	5.3768605336686015
35.980000000000004	5.260009311112871
35.99	15.195941953296993
36.0	29.603664817104878
36.01	29.69006914741674
36.02	27.387545559086938
36.03	23.80288677916363
36.04	18.77455960050475
36.050000000000004	15.500763284075838
36.06	17.508706507788876
36.07	26.092831629718873
36.08	24.043410965673257
36.09	28.460037063596662
36.1	22.36094920858002
36.11	21.689408772642388
36.12	26.262787288304267
36.13	33.12907491344415
36.14	32.151762177710296
36.15	27.114606579014424
36.160000000000004	22.065257017525823
36.17	19.110306736197447
36.18	23.124115663867734
36.19	18.905895754695543
36.2	19.60975420025412
36.21	18.00568729461539
36.22	16.254644932026824
36.230000000000004	15.548905831127776
36.24	13.995673587931032
36.25	15.173511173698474
36.26	12.349599678868373
36.27	10.720480307767659
36.28	11.933802141425339
36.29	17.979395373694622
36.300000000000004	16.61041951294976
36.31	15.478232400303218
36.32	18.272391135366682
36.33	18.95951084219488
36.34	20.114394539738253
36.35	25.322616506447094
36.36	26.111406581726644
36.37	23.948880911107572
36.38	23.224068673429358
36.39	18.111785784771328
36.4	14.826938010692174
36.410000000000004	11.865571863361826
36.42	10.731580017575274
36.43	18.722990501480876
36.44	14.765164886338598
36.45	12.498697659000417
36.46	11.707244388700904
36.47	13.991519878774112
36.480000000000004	19.06316282457765
36.49	18.32734924508149
36.5	16.784755395975665
36.51	17.381208291754795
36.52	23.339069086891126
36.53	18.190481117251718
36.54	15.055598961606734
36.550000000000004	12.095712696172525
36.56	10.025798211014676
36.57	9.397774788693235
36.58	9.041874332022195
36.59	10.645710232163571
36.6	17.355769289229894
36.61	27.787187831778606
36.62	23.29076049858084
36.63	34.66324200894027
36.64	29.01575366849871
36.65	26.619843726562397
36.660000000000004	23.487354741563696
36.67	26.948408958351756
36.68	26.48255638050268
36.69	21.319025766079484
36.7	25.935507415191374
36.71	24.246883800759257
36.72	21.098432264964973
36.730000000000004	29.0269220997978
36.74	25.05799996685502
36.75	23.356810782079116
36.76	27.84802428193699
36.77	32.36598867263585
36.78	28.701882600236075
36.79	25.969726697406177
36.800000000000004	24.121245106593904
36.81	26.238812395281876
36.82	23.09490353965263
36.83	25.994291957620916
36.84	26.652647788212633
36.85	24.373594733779758
36.86	26.325738719987914
36.87	23.248098258886802
36.88	19.890837965987778
36.89	17.898513596285923
36.9	15.210990743373642
36.910000000000004	14.658857651421773
36.92	18.951831063126196
36.93	14.746833037391859
36.94	21.249462310398002
36.95	25.95639706717764
36.96	25.346741302585773
36.97	20.660267542276678
36.980000000000004	17.229368984225978
36.99	21.85756873448426
37.0	19.83329818502295
37.01	23.913501897982933
37.02	22.791441139329542
37.03	20.93082493299446
37.04	17.93574988552019
37.050000000000004	18.706246193230424
37.06	16.60379562174319
37.07	13.454083403700572
37.08	11.479731207283821
37.09	14.418799042246064
37.1	20.168915152865587
37.11	20.959066880390548
37.12	29.04461717354485
37.13	22.593493806384714
37.14	22.290749160061708
37.15	22.92696790879066
37.160000000000004	25.65868435012198
37.17	24.33414805924046
37.18	21.267881713460174
37.19	20.683591681262854
37.2	18.760962772235793
37.21	26.420971330965582
37.22	20.609453965293806
37.230000000000004	21.72525270607909
37.24	18.938938875759316
37.25	17.071145989377243
37.26	13.312218710831624
37.27	10.999894355591524
37.28	11.030166509097263
37.29	9.419723868275614
37.300000000000004	9.778668506188914
37.31	10.194996906939721
37.32	16.70544851718306
37.33	14.406122602644748
37.34	11.452016088582758
37.35	16.357333279978526
37.36	14.312664572479841
37.37	13.745318996738806
37.38	14.560084044251376
37.39	16.003556835284996
37.4	16.940356148866968
37.410000000000004	14.302487961645019
37.42	15.846654990488009
37.43	17.844601953485093
37.44	16.674896467516756
37.45	27.76683874963881
37.46	25.070588912293385
37.47	22.023417529153797
37.480000000000004	22.272653387007253
37.49	19.99129919893307
37.5	19.673047812398067
37.51	17.9126905713083
37.52	18.025108420350033
37.53	14.332604513580758
37.54	14.884415668584088
37.550000000000004	14.426348496271785
37.56	12.956456425748259
37.57	13.371668823560556
37.58	12.703695167999255
37.59	11.106465947716497
37.6	10.158918766387059
37.61	7.900627083581998
37.62	7.122905226289778
37.63	9.796147070387704
37.64	10.16611374215808
37.65	16.78275533829646
37.660000000000004	14.904692125345766
37.67	17.677390490316693
37.68	14.185892272669003
37.69	12.42256386297969
37.7	14.974939495780367
37.71	17.086339483724863
37.72	13.208907802991744
37.730000000000004	13.566272860764135
37.74	18.30602530729868
37.75	15.497910461583551
37.76	14.445825989658204
37.77	15.59863843941549
37.78	13.326747377625159
37.79	17.33670028082121
37.800000000000004	18.192494130531
37.81	21.84369516317764
37.82	19.69696955984708
37.83	24.23141705793385
37.84	24.630131229957925
37.85	21.09577252145563
37.86	21.53264212928965
37.87	23.78254339565426
37.88	27.171303275818314
37.89	30.21625760219505
37.9	29.128202184291002
37.910000000000004	22.83847691953592
37.92	21.1082239713759
37.93	20.575293122200623
37.94	17.33420322886015
37.95	18.174296009767815
37.96	17.6837868613287
37.97	19.6616332926518
37.980000000000004	22.081982338884796
37.99	25.18108139338535
38.0	28.40880691783699
38.01	23.889389952095243
38.02	19.247818612824208
38.03	16.25145614865399
38.04	14.32165565543357
38.050000000000004	15.796848118211742
38.06	18.961374784775447
38.07	23.275900610516576
38.08	22.231364811864722
38.09	17.578659434536842
38.1	14.818972692486462
38.11	11.746060803979747
38.12	9.787154418433794
38.13	9.052328094653104
38.14	10.580732749114125
38.15	17.367851022331585
38.160000000000004	21.229487859872094
38.17	18.22264330902516
38.18	20.75018362173469
38.19	18.736721443141207
38.2	15.270466319253284
38.21	14.417711285907142
38.22	14.05729483888452
38.230000000000004	14.077429640679817
38.24	14.6761012198817
38.25	11.284821522299163
38.26	10.62529383810919
38.27	10.548306875837179
38.28	14.722604491558537
38.29	14.817283333569417
38.300000000000004	14.090243711517806
38.31	12.0097601922813
38.32	10.193690425527794
38.33	10.439647946554187
38.34	16.180598509359495
38.35	18.744443221364893
38.36	24.678296361063392
38.37	22.722080158737615
38.38	19.711797248889805
38.39	18.00323770622072
38.4	14.872233218533887
38.410000000000004	11.570143697416812
38.42	9.389728099311805
38.43	6.739484154174867
38.44	6.522259140462914
38.45	6.8141993015657505
38.46	7.356093711344629
38.47	10.969916362675383
38.480000000000004	21.60293675940439
38.49	19.349956601310566
38.5	17.38005730550689
38.51	18.568986433078848
38.52	14.156167922901517
38.53	14.233271480797605
38.54	12.885399885816911
38.550000000000004	14.227084452026407
38.56	12.349536850883498
38.57	12.846670158176645
38.58	13.050671128950013
38.59	11.340879691420835
38.6	10.099874620613857
38.61	8.63442770638142
38.62	7.02449170159651
38.63	9.050311541066854
38.64	11.101392543445884
38.65	14.367611375499864
38.660000000000004	13.63503179684036
38.67	12.044904698381368
38.68	10.021320602138463
38.69	9.518848945274772
38.7	7.70182998340029
38.71	5.539365079203424
38.72	3.380905889956179
38.730000000000004	4.95001935915647
38.74	11.249550227506743
38.75	10.007647648034625
38.76	14.81762905767827
38.77	13.68814044447212
38.78	14.865312652750196
38.79	15.64703824311026
38.800000000000004	16.396514354089174
38.81	14.568570627134322
38.82	25.520429678365872
38.83	22.08505078902938
38.84	22.116123818799686
38.85	24.896979887895448
38.86	25.654935824585483
38.87	24.853553908834947
38.88	30.1085613544994
38.89	24.40680720538229
38.9	27.445562659788674
38.910000000000004	24.48296899296087
38.92	19.06895024705743
38.93	15.516562249918938
38.94	19.029937136523163
38.95	18.563029933780037
38.96	20.729037205520736
38.97	20.243189393789763
38.980000000000004	20.301646665630464
38.99	20.098119976219593
39.0	15.129332109633934
39.01	19.936631882523123
39.02	26.143179817199552
39.03	24.93460977182048
39.04	24.012511830236367
39.050000000000004	22.285869686556786
39.06	25.471979359039484
39.07	21.403061930287688
39.08	18.356930850689373
39.09	15.76644682699921
39.1	17.21775304750301
39.11	17.01073945229266
39.12	16.1097282187597
39.13	12.854707767664012
39.14	10.524370611715595
39.15	9.23704918678276
39.160000000000004	7.015216136973315
39.17	4.384134968578003
39.18	5.288046241590865
39.19	7.06536244422092
39.2	5.971258981267822
39.21	6.213504493544197
39.22	12.5383183522396
39.230000000000004	16.928195200359568
39.24	13.519930545135024
39.25	11.021546904022335
39.26	11.220759043687119
39.27	9.397218719103853
39.28	14.519042304656613
39.29	13.029596242422988
39.300000000000004	19.21417202086034
39.31	15.764890023653827
39.32	16.034764936781524
39.33	19.84712744777865
39.34	18.677554581855233
39.35	19.133856435452273
39.36	21.509496312298957
39.37	23.485504941802045
39.38	20.21497106794739
39.39	16.865068320150524
39.4	14.860576921426704
39.410000000000004	12.827262059253723
39.42	11.635943275009147
39.43	16.49167491857037
39.44	18.21410554497255
39.45	18.834473757832466
39.46	21.715317589786316
39.47	28.69865999071418
39.480000000000004	27.68031519586367
39.49	31.302876355504615
39.5	25.605974138599155
39.51	19.29099243865445
39.52	19.396456496138416
39.53	19.97873036759608
39.54	24.72335726969257
39.550000000000004	20.337063985905676
39.56	21.245972197894375
39.57	19.209427882461554
39.58	18.459890648383777
39.59	17.488413157856943
39.6	22.114914247480968
39.61	23.19494446835473
39.62	30.46210342085029
39.63	27.835230463758794
39.64	21.930025879022335
39.65	17.957780640952574
39.660000000000004	17.376420338136658
39.67	13.620218433670662
39.68	11.958531430870467
39.69	12.34291652765904
39.7	12.368587574086677
39.71	18.813283092523285
39.72	22.162677705821284
39.730000000000004	18.77475915400417
39.74	16.30299876190269
39.75	14.285099264577523
39.76	13.238335210818489
39.77	13.873542465804357
39.78	14.724945861063745
39.79	15.853694767161464
39.800000000000004	14.177610081044941
39.81	17.876619813852034
39.82	20.233625248207854
39.83	16.895736121059066
39.84	25.655925708353774
39.85	21.956828751141718
39.86	17.853456107178783
39.87	13.885365308964504
39.88	12.047395840316351
39.89	11.286815298903186
39.9	10.247437331573922
39.910000000000004	8.093613020245812
39.92	15.795768245647297
39.93	16.523838844436487
39.94	17.601150283143802
39.95	16.15943410041685
39.96	20.18794854734655
39.97	19.732564364382494
39.980000000000004	23.307548460853646
39.99	27.38598485298496
40.0	24.839688084091108
40.01	27.790242677865685
40.02	28.15937263204584
40.03	25.23662405929478
40.04	18.925100921466022
40.050000000000004	14.608408355301158
40.06	10.408605578148755
40.07	11.124166157614994
40.08	8.579216545961051
40.09	5.481487374004264
40.1	5.344615076538443
40.11	3.470016572103054
40.12	2.070440184274739
40.13	-1.0263923826015902
40.14	-5.929843573174135
40.15	-7.139586973764139
40.160000000000004	-8.783687375750286
40.17	-14.13097964410201
40.18	-12.697178463500823
40.19	-12.816771569920888
40.2	-19.99347668135649
40.21	-16.929316916178394
40.22	-13.407947025334009
40.230000000000004	-14.001239244343488
40.24	-18.039813108540006
40.25	-13.954306715920865
40.26	-12.202382993013563
40.27	-14.372511714768798
40.28	-12.329853142933263
40.29	-12.37458704270617
40.300000000000004	-11.211580687614378
40.31	-13.42962387427676
40.32	-17.976799738809905
40.33	-18.754376680349285
40.34	-20.159304197807877
40.35	-21.03459160708107
40.36	-17.70771985697085
40.37	-15.730314328438897
40.38	-14.969684134452399
40.39	-12.42514871147389
40.4	-13.237949614751022
40.410000000000004	-12.890864347745312
40.42	-10.169447969693927
40.43	-10.304959279690559
40.44	-21.953005996627006
40.45	-23.209403599557504
40.46	-18.78066451537489
40.47	-20.349249468534687
40.480000000000004	-27.31817790495506
40.49	-26.249643174060054
40.5	-28.517939430260938
40.51	-28.995269370607517
40.52	-28.854461450306744
40.53	-24.027863383603673
40.54	-19.058441279381924
40.550000000000004	-16.01116173737336
40.56	-15.608362210401081
40.57	-25.468251517727694
40.58	-19.907480341450015
40.59	-15.762297251867855
40.6	-16.579310384832503
40.61	-26.07883578861009
40.62	-24.04746389310494
40.63	-22.477931861603725
40.64	-22.281961203450425
40.65	-21.207081742456097
40.660000000000004	-27.499346907774868
40.67	-21.576826116598372
40.68	-18.350413765049822
40.69	-18.932863273798144
40.7	-15.882712922806173
40.71	-12.37892624099385
40.72	-9.007841204872486
40.730000000000004	-10.378546889919548
40.74	-13.598325805506189
40.75	-15.559629245761757
40.76	-14.290885125421713
40.77	-15.111134773134744
40.78	-15.350843918282987
40.79	-14.605430856753943
40.800000000000004	-14.332561744275054
40.81	-14.652648828044287
40.82	-11.910536617195937
40.83	-11.933884036749141
40.84	-15.47432781796163
40.85	-15.986437267693706
40.86	-20.49456685916126
40.87	-15.950514868645003
40.88	-17.961585458181663
40.89	-20.72651349014893
40.9	-19.850821771857206
40.910000000000004	-16.05635859536584
40.92	-17.78070716818213
40.93	-25.70790769766966
40.94	-25.66206879753797
40.95	-25.686765171261793
40.96	-19.95936328706387
40.97	-26.01678087463952
40.980000000000004	-20.985754350161564
40.99	-18.335715097096596
41.0	-14.54203597154585
41.01	-12.8889781586952
41.02	-10.947896665028773
41.03	-7.545730360464892
41.04	-12.690164776043492
41.050000000000004	-14.151105215984034
41.06	-11.381002003775542
41.07	-9.231262473161081
41.08	-19.539725701525708
41.09	-16.152941138382516
41.1	-14.987340014373055
41.11	-16.46589389004415
41.12	-18.25047098815955
41.13	-14.527464573746434
41.14	-12.168961247232884
41.15	-11.283387650102851
41.160000000000004	-21.122851903594217
41.17	-16.728859946910923
41.18	-15.238439317571238
41.19	-15.776807807384966
41.2	-13.41666273297968
41.21	-12.372159436470074
41.22	-12.176965132481234
41.230000000000004	-9.975777807437344
41.24	-11.179638284134636
41.25	-8.891903138313154
41.26	-6.4774404247475905
41.27	-4.874793428902712
41.28	-1.0115127808689424
41.29	0.7480067129752728
41.300000000000004	-2.174030682129836
41.31	-1.1944941163826608
41.32	-0.959561789000272
41.33	-0.11301927199504136
41.34	-1.2196995710590441
41.35	-2.130407510844924
41.36	-2.398675871177153
41.37	0.3905267793452757
41.38	1.1903481001762262
41.39	-3.6994578146583557
41.4	-4.3780845059985305
41.410000000000004	-5.772998406949377
41.42	-7.269410876781427
41.43	-9.82154430559084
41.44	-6.559668297871245
41.45	-10.455043763088991
41.46	-11.633994851572023
41.47	-13.83849152781989
41.480000000000004	-15.46690232208037
41.49	-15.152068834836065
41.5	-15.231068147544187
41.51	-17.842523423950013
41.52	-16.67216618404557
41.53	-13.368308425145894
41.54	-14.437916768954164
41.550000000000004	-15.094471078374537
41.56	-21.739346652788267
41.57	-18.026925288087835
41.58	-16.653474570479307
41.59	-24.301743240214705
41.6	-24.97390348823421
41.61	-22.202077174732942
41.62	-26.496880831673984
41.63	-27.821294376712935
41.64	-23.948916798221628
41.65	-22.121987300221523
41.660000000000004	-19.975802077864863
41.67	-22.292727093319733
41.68	-21.846969068603276
41.69	-17.895574686788162
41.7	-14.510727919373357
41.71	-18.327831857708976
41.72	-19.299181321080255
41.730000000000004	-28.905657529619585
41.74	-22.566520557885074
41.75	-17.742650635568232
41.76	-13.872625447542587
41.77	-11.19148818784407
41.78	-11.788970544294495
41.79	-10.185175316878885
41.800000000000004	-8.896988004991664
41.81	-8.426322444549465
41.82	-10.137901145958573
41.83	-12.717315112976191
41.84	-15.517845833855299
41.85	-16.546630410815023
41.86	-17.41262266778963
41.87	-14.799214547544652
41.88	-13.37633983442352
41.89	-15.068488294205252
41.9	-15.201651893755104
41.910000000000004	-17.991925175247708
41.92	-23.74387665821397
41.93	-22.59653186302222
41.94	-20.832483645872674
41.95	-17.199276378235634
41.96	-14.563407013926774
41.97	-18.92137988565255
41.980000000000004	-16.13305232732515
41.99	-13.609811327476054
42.0	-16.746772518002285
42.01	-12.77649344887091
42.02	-9.356801046526137
42.03	-6.466906339396179
42.04	-4.514333261149089
42.050000000000004	-4.840168260991325
42.06	-3.564015420682049
42.07	-2.5085487980630012
42.08	-0.6690306100445329
42.09	2.0974416031864833
42.1	-1.0939177792731962
42.11	0.9866147881321453
42.12	3.1899390078841545
42.13	1.8826831406020073
42.14	1.4295476684629551
42.15	1.112296794603878
42.160000000000004	0.2800413894467882
42.17	-0.17816268364561713
42.18	-2.3261005826378938
42.19	-3.332856223771296
42.2	-5.604035779032724
42.21	-6.86951864108915
42.22	-5.606943477037768
42.230000000000004	-5.370428262921263
42.24	-5.214866051157213
42.25	-4.30345803790187
42.26	-4.023296009409069
42.27	-0.1881425021534125
42.28	-0.7301016712719876
42.29	1.054663146839485
42.300000000000004	2.0545384146076873
42.31	3.7971244730823317
42.32	3.2839384030116117
42.33	4.107862035563101
42.34	3.4847474014978093
42.35	4.132088530226039
42.36	3.9992120681571595
42.37	4.549777565639089
42.38	3.0690302791244437
42.39	3.535981531538275
42.4	6.906959916780088
42.410000000000004	5.929539809745507
42.42	5.66642981727818
42.43	7.917256657586052
42.44	7.671114822427536
42.45	7.252329712787193
42.46	11.215825624444793
42.47	12.091064917937178
42.480000000000004	12.46696945359508
42.49	12.09163427590974
42.5	16.28407918303914
42.51	20.536471212535837
42.52	26.373404942245298
42.53	31.144288467539752
42.54	24.83694912339606
42.550000000000004	19.89432229937962
42.56	15.010290416091083
42.57	14.553268399003377
42.58	19.231047347073204
42.59	21.31485697162826
42.6	16.51377387524367
42.61	15.565908763417875
42.62	17.067573171435416
42.63	14.830227699659929
42.64	18.469386452664242
42.65	19.127452729180355
42.660000000000004	15.337107332926536
42.67	14.416518718523683
42.68	15.243200602527384
42.69	14.593001907249947
42.7	12.35973415954927
42.71	14.907948917090392
42.72	14.07666160475462
42.730000000000004	10.795260606384234
42.74	9.526411672581395
42.75	10.540678964961762
42.76	18.79037280930854
42.77	19.03552572060991
42.78	18.16624618961997
42.79	24.88525822781711
42.800000000000004	21.36634656532903
42.81	17.179343342288988
42.82	17.98006112012533
42.83	17.94670765755671
42.84	22.21404388517225
42.85	17.63446436159396
42.86	17.366324239002534
42.87	22.50297815797736
42.88	21.19430919690549
42.89	27.052618935232363
42.9	27.1666686537082
42.910000000000004	25.324598396373162
42.92	21.105561950919654
42.93	30.587680382016302
42.94	27.137938643700224
42.95	26.803153579631143
42.96	25.04936040154006
42.97	24.916027709039444
42.980000000000004	25.301916502890002
42.99	20.133372325026457
43.0	19.85886508145564
43.01	15.809622528142977
43.02	11.975214302436973
43.03	10.590224986160429
43.04	9.205235669883884
43.050000000000004	8.499167239366646
43.06	8.940466744801352
43.07	9.697062173570721
43.08	10.924724099240189
43.09	9.92141808216062
43.1	7.981006377119559
43.11	8.530705965684463
43.12	11.664878383521124
43.13	14.042476592448397
43.14	16.48500896745307
43.15	24.066159287297204
43.160000000000004	25.11729802929312
43.17	24.391967193496892
43.18	20.49863113130316
43.19	21.967555617664054
43.2	18.152030173149104
43.21	17.221555037617964
43.22	16.46401182379036
43.230000000000004	13.430315986926805
43.24	13.67316155206428
43.25	11.62717365211965
43.26	9.597354397064132
43.27	6.962924282661665
43.28	10.571121650876975
43.29	9.944541092433633
43.300000000000004	9.00531336295546
43.31	8.142834194668032
43.32	8.348020836196538
43.33	9.887480321034456
43.34	12.544647462768918
43.35	12.364545667530304
43.36	12.774578047518325
43.37	13.771324582921393
43.38	18.392641730200857
43.39	18.17085892258825
43.4	15.855862564900274
43.410000000000004	16.976580963581057
43.42	15.782591143815406
43.43	19.272379151235175
43.44	16.567693036997895
43.45	16.897237713054384
43.46	16.24183019239274
43.47	19.728229380762073
43.480000000000004	20.842013769921685
43.49	17.945210975572305
43.5	13.617759057032993
43.51	14.292231818980925
43.52	13.379100176019007
43.53	25.723149669895896
43.54	20.121968789421743
43.550000000000004	17.098657646177227
43.56	16.773603434225688
43.57	12.836235463369958
43.58	10.005337359292275
43.59	6.606550725116644
43.6	4.303310604099849
43.61	2.940852220120551
43.62	4.925834206557882
43.63	12.510366738684416
43.64	16.77569441828507
43.65	18.63372515861015
43.660000000000004	24.69804964207235
43.67	22.949828091600533
43.68	21.08175077339424
43.69	25.43516715666753
43.7	28.66141542317377
43.71	25.147176554383503
43.72	29.959026904884716
43.730000000000004	26.586366648466313
43.74	22.866733811376925
43.75	19.71075837222028
43.76	19.46413020332828
43.77	20.316784488156788
43.78	17.74599585298828
43.79	17.926458258184073
43.800000000000004	14.615167857257207
43.81	12.43762027760664
43.82	12.110187749616808
43.83	11.800179744159026
43.84	14.778866814392117
43.85	16.700844795944473
43.86	16.54764809429364
43.87	13.215804717881728
43.88	11.828393556497645
43.89	9.896637181802163
43.9	10.807687787560015
43.910000000000004	9.406211516650828
43.92	8.104963828124337
43.93	7.016860716952454
43.94	5.792376833293661
43.95	7.608036331442221
43.96	5.841529451158659
43.97	3.588809709519198
43.980000000000004	1.2496029962934392
43.99	0.6667103954385171
44.0	-2.7114228630764865
44.01	0.9515839696553321
44.02	2.384239101306398
44.03	1.874806391102886
44.04	5.049714335339994
44.050000000000004	8.177731821578092
44.06	7.8554691145564215
44.07	4.00433617690394
44.08	3.571194852210027
44.09	2.656775147370553
44.1	2.072043152976141
44.11	5.022718496032672
44.12	5.907147876847561
44.13	5.875970470904125
44.14	6.943283180471736
44.15	7.644513533028589
44.160000000000004	12.875335588841057
44.17	13.782093425890983
44.18	11.873356911508237
44.19	13.483838513429658
44.2	12.775627813767004
44.21	10.050237577619127
44.22	17.121185758852587
44.230000000000004	19.50022133353561
44.24	19.00733850488469
44.25	15.451032004831841
44.26	18.52150087500589
44.27	22.61506877899448
44.28	25.804093973909946
44.29	25.99088974951121
44.300000000000004	25.26043894360956
44.31	23.300220571757205
44.32	18.896824379881064
44.33	15.610164477218861
44.34	12.158046400636541
44.35	10.144253891425269
44.36	10.061666509235032
44.37	8.340775082599691
44.38	5.545343220024608
44.39	3.2355114849378244
44.4	1.1443929261922348
44.410000000000004	0.5019499499371068
44.42	6.33431960687681
44.43	6.16923623206073
44.44	4.162385718511517
44.45	7.7578507820659715
44.46	8.65812146956285
44.47	11.767424708811834
44.480000000000004	12.19845397106645
44.49	10.955548121530239
44.5	9.981361334818365
44.51	8.929363593412491
44.52	7.14031664809117
44.53	6.22916518416684
44.54	8.30385601100048
44.550000000000004	8.837376269061895
44.56	14.400570855531859
44.57	17.62192666680632
44.58	15.297491819336246
44.59	13.737622008051591
44.6	12.807271534555309
44.61	14.962737220721912
44.62	11.554519192916697
44.63	11.415913790739227
44.64	9.156838458989203
44.65	8.839088124123288
44.660000000000004	8.449496500440853
44.67	6.624420544095605
44.68	4.407527090505122
44.69	0.2728376688640674
44.7	2.8512307468306908
44.71	-0.11169211962549717
44.72	-5.277028073355832
44.730000000000004	-6.756142053837575
44.74	-1.5252177707275545
44.75	1.595227686299619
44.76	1.1527500895609384
44.77	2.75516168256553
44.78	4.846498874126401
44.79	5.2923355853873595
44.800000000000004	7.341746470041443
44.81	8.77295357528159
44.82	10.15813984435211
44.83	10.21304128610489
44.84	9.281696091611318
44.85	10.447785364762165
44.86	12.090304998818445
44.87	10.701791507285712
44.88	21.769226890879843
44.89	20.95952248459956
44.9	20.55323593047818
44.910000000000004	16.31976006004383
44.92	15.859955677936194
44.93	16.27889383710729
44.94	27.04859575620297
44.95	21.068980737737313
44.96	18.745235366378974
44.97	18.663986756089844
44.980000000000004	16.857825407689017
44.99	18.556414630548023
45.0	14.991616810734625
45.01	13.63757887980318
45.02	10.492548008393312
45.03	8.073619718104688
45.04	8.71559526904005
45.050000000000004	8.107661432294282
45.06	7.468151214467347
45.07	13.770434067019886
45.08	14.535965287120625
45.09	15.638395914568756
45.1	11.800487410448618
45.11	9.559106541823146
45.12	7.752327388432773
45.13	6.986837982480334
45.14	6.346369926061823
45.15	7.822445915812947
45.160000000000004	6.199537664598814
45.17	5.312805251640669
45.18	6.470149589998942
45.19	9.70394794328691
45.2	13.185526347252337
45.21	14.34544409074201
45.22	13.634100769797598
45.230000000000004	14.732213302846647
45.24	21.31911642242142
45.25	24.150245677382497
45.26	24.068591998097737
45.27	18.356248244518596
45.28	18.12481987016495
45.29	15.403830846600142
45.300000000000004	11.357586622446105
45.31	7.567822960185325
45.32	6.337177459349444
45.33	4.063543932886382
45.34	7.575913752723142
45.35	7.161243363107929
45.36	6.442843160785077
45.37	7.623211395085599
45.38	9.817571955769528
45.39	12.627748890802925
45.4	10.530946803272949
45.410000000000004	12.773189443767166
45.42	9.698973557725786
45.43	5.831813762799632
45.44	2.575780546249369
45.45	2.9770023335643176
45.46	2.2493954761087247
45.47	3.383336717868247
45.480000000000004	4.9993924966264345
45.49	3.2883129289280237
45.5	1.6880319638132015
45.51	1.5752288431088284
45.52	-0.5739708264595949
45.53	-4.2054468732563315
45.54	-8.999136306093911
45.550000000000004	-5.593141805683251
45.56	-3.2406316373708672
45.57	-4.785355303248971
45.58	-2.923668021200767
45.59	-3.8904734765644418
45.6	-1.84999229996252
45.61	-2.9483642169964406
45.62	-4.7916927703778835
45.63	-6.29622215928194
45.64	-9.286562940607324
45.65	-8.584767895543644
45.660000000000004	-7.911390868619729
45.67	-6.69183029194821
45.68	-9.243886449215744
45.69	-13.024593545632207
45.7	-12.337776665907587
45.71	-13.16812396917332
45.72	-12.978409312330841
45.730000000000004	-14.560872860851758
45.74	-14.162795527424965
45.75	-13.59720092849666
45.76	-14.113765611998444
45.77	-17.215127680438354
45.78	-17.92768496703215
45.79	-21.353212731863355
45.800000000000004	-17.49999716495886
45.81	-19.359097541129923
45.82	-16.68787290368767
45.83	-14.69959866196283
45.84	-16.38241323903073
45.85	-12.864772529256667
45.86	-9.951806297283504
45.87	-7.039182266601171
45.88	-7.654363845879259
45.89	-7.254433318571586
45.9	-5.956086158027985
45.910000000000004	-4.795426179264658
45.92	-5.538944676913558
45.93	-5.876515096571071
45.94	-4.424578503189796
45.95	-6.16182240852054
45.96	-6.074284641885634
45.97	-4.533334271844874
45.980000000000004	-4.843514095774909
45.99	0.35002921393025405
46.0	1.8473509485362958
46.01	3.712230633662667
46.02	6.643772444148239
46.03	6.504758514520214
46.04	3.261771746163617
46.050000000000004	1.1396578034614577
46.06	3.877670906145313
46.07	5.521367812266633
46.08	3.3142795548862902
46.09	4.6930595456311135
46.1	3.5360849818723277
46.11	5.209055445588911
46.12	7.249997070669246
46.13	10.654564040413923
46.14	9.9527386042903
46.15	16.848809643206597
46.160000000000004	17.941388024347688
46.17	16.4449290674884
46.18	14.319867197117109
46.19	12.525602258675365
46.2	9.717740571096247
46.21	7.453154574253706
46.22	4.940550323697913
46.230000000000004	2.0593451564624594
46.24	-0.6410589365496644
46.25	-1.403531819919832
46.26	1.2428069299513582
46.27	4.513883314201729
46.28	3.088246329512014
46.29	4.894673562586243
46.300000000000004	6.663284987924682
46.31	7.017935406958968
46.32	6.520126525064537
46.33	4.650330279182309
46.34	-0.9644374507905129
46.35	0.7830245559925672
46.36	2.9697204230169243
46.37	2.4653801421557566
46.38	3.1211532267152617
46.39	8.933714967976677
46.4	12.583141508978128
46.410000000000004	11.680364686846483
46.42	15.580880958012752
46.43	11.934526622597279
46.44	9.192270069488329
46.45	8.569754343132875
46.46	5.8743011225824215
46.47	6.589079100781278
46.480000000000004	7.912677909337306
46.49	7.08235593705874
46.5	8.927361862732283
46.51	6.8795162413814035
46.52	1.6206132273754605
46.53	2.411516728532862
46.54	2.7044513730671738
46.550000000000004	4.487776056458677
46.56	2.6740692032739117
46.57	0.6565168901793186
46.58	-0.48321244473011965
46.59	3.021696610675252
46.6	8.512397764626167
46.61	6.878680554278536
46.62	4.852075676242282
46.63	8.497659475434302
46.64	8.505825097890783
46.65	10.675950006203257
46.660000000000004	7.600194965037695
46.67	4.574450873555195
46.68	5.077483922957549
46.69	1.5233986411254032
46.7	1.1662775350926453
46.71	3.6122457323019335
46.72	9.964367977259482
46.730000000000004	11.146946533472883
46.74	15.209758376948106
46.75	18.50321692798627
46.76	23.418341454272763
46.77	24.571976960189208
46.78	28.274045854565692
46.79	27.37635828194851
46.800000000000004	24.239591946479024
46.81	25.746050261686563
46.82	24.14497531856907
46.83	23.284691519780328
46.84	18.675885296148493
46.85	18.126558636719594
46.86	15.05579986185856
46.87	13.06940499788013
46.88	12.133314359884016
46.89	11.324619442609496
46.9	10.056158918124604
46.910000000000004	10.895852117966072
46.92	10.140964851910311
46.93	9.928091235340577
46.94	7.587177173319597
46.95	4.830451913804797
46.96	4.845352282136359
46.97	4.327641521869521
46.980000000000004	8.01713570126418
46.99	4.5642461177849825
47.0	6.6523666606302285
47.01	1.5248087513671844
47.02	0.6474833138990848
47.03	2.5579496015454986
47.04	0.3337127659773948
47.050000000000004	-0.4509503013283143
47.06	1.235517420099843
47.07	1.9516989685062744
47.08	-0.7415978809921697
47.09	-7.509765284357036
47.1	-8.40568142367818
47.11	-9.744207796902536
47.12	-7.8874887605214985
47.13	-6.565213361254234
47.14	-7.860763976381555
47.15	-7.405973815336596
47.160000000000004	-4.005684027936884
47.17	-1.0118752444403774
47.18	-4.055695593164948
47.19	-4.774970618415032
47.2	-6.227782178006121
47.21	-8.049266760739291
47.22	-7.614286149078382
47.230000000000004	-7.711666233822728
47.24	-7.735561400365547
47.25	-8.573936109464565
47.26	-4.878850575454978
47.27	-3.084873050077879
47.28	0.6636869168494308
47.29	2.686076703450719
47.300000000000004	3.5868280920143465
47.31	5.309936362133333
47.32	6.2988405346733325
47.33	9.002330661019405
47.34	7.2168407368281
47.35	7.813488129675851
47.36	7.620856116749574
47.37	6.394441078046534
47.38	8.739356722845551
47.39	11.207317591653945
47.4	13.984077527201638
47.410000000000004	15.266616731857686
47.42	14.1980423108276
47.43	11.708947648900866
47.44	11.773306425361767
47.45	15.343497759307905
47.46	16.49763091007401
47.47	14.833388463274344
47.480000000000004	16.011677738200497
47.49	15.711519529395984
47.5	12.58670426731678
47.51	11.682678870938446
47.52	11.5201992296405
47.53	21.833869379800564
47.54	22.06066503664149
47.550000000000004	18.070874202033394
47.56	17.311462980361952
47.57	20.81431450532427
47.58	18.732565829769044
47.59	16.220816955237247
47.6	22.708005568407344
47.61	28.76443741363739
47.62	24.055835115776105
47.63	20.147042794244932
47.64	18.793175790418367
47.65	17.38751060458096
47.660000000000004	16.00838320959666
47.67	16.448087694179254
47.68	20.664847009828225
47.69	19.64414762402909
47.7	21.818351077000163
47.71	18.42572905380475
47.72	13.958237500554837
47.730000000000004	9.916847373536362
47.74	7.556161904008371
47.75	4.401383362622756
47.76	4.590596032995591
47.77	-1.848032707009492
47.78	-0.8830827913604544
47.79	-0.7807506769970115
47.800000000000004	-0.17044124611801584
47.81	-0.9063066040194238
47.82	2.6269502572891326
47.83	3.006751041278703
47.84	2.6601729616652436
47.85	2.326294630557045
47.86	3.847175539560482
47.870000000000005	6.758781413639682
47.88	8.033483306291131
47.89	9.976532371023074
47.9	9.239962529902543
47.910000000000004	12.21259699397611
47.92	13.919550742879387
47.93	17.622764227697317
47.94	14.061378478565404
47.95	19.925529239648682
47.96	22.09729414695776
47.97	30.231299580720556
47.980000000000004	23.543299479513593
47.99	22.721016129768106
48.0	25.915662055329168
48.01	19.88790865954002
48.02	17.890729995461154
48.03	18.194629830563205
48.04	17.485433815602455
48.050000000000004	14.104409186618971
48.06	11.764007931140783
48.07	11.962965162941329
48.08	11.752352378307624
48.09	9.3435428324609
48.1	8.449811900838847
48.11	6.450980495419849
48.120000000000005	5.824308504253763
48.13	4.007838246309731
48.14	3.895199942038337
48.15	4.2888698614654714
48.160000000000004	2.531976354884543
48.17	5.664698679828204
48.18	8.152284446869613
48.19	8.413364242964201
48.2	11.41092098851168
48.21	11.786489116424384
48.22	15.89018296945078
48.230000000000004	16.555209317786854
48.24	22.584173273157287
48.25	25.94533480756546
48.26	23.716397495263223
48.27	24.502962982013283
48.28	32.45532384662932
48.29	26.347849643704905
48.300000000000004	28.449483406688884
48.31	26.307698428249196
48.32	20.716804480010286
48.33	18.32995950324809
48.34	17.352638803091168
48.35	17.081478593927915
48.36	14.700306582428734
48.370000000000005	16.095196234335962
48.38	15.252669611586906
48.39	15.860144774917993
48.4	15.270722617279102
48.410000000000004	12.21773152151698
48.42	9.693526742706181
48.43	7.490300693256595
48.44	5.55258915084257
48.45	5.504762781416097
48.46	4.312123102567577
48.47	8.130642589598356
48.480000000000004	11.076630193190487
48.49	8.790988539748282
48.5	5.662942869374086
48.51	5.379079073586171
48.52	6.946482258118803
48.53	12.804034172281026
48.54	14.555216131015028
48.550000000000004	17.165908386440833
48.56	18.422727399837193
48.57	18.378368822339326
48.58	20.54046509724556
48.59	24.26981609341834
48.6	19.54796711800207
48.61	16.84120076006477
48.620000000000005	15.275758725809498
48.63	11.910217150766995
48.64	13.427080224889144
48.65	16.905380355781855
48.660000000000004	16.777189244078382
48.67	13.196315507509615
48.68	10.957023427934827
48.69	15.718033369274407
48.7	15.937148275586528
48.71	21.785630383429435
48.72	21.638473071031463
48.730000000000004	20.747673870600643
48.74	24.9772030715017
48.75	28.44334296259088
48.76	26.888751337779812
48.77	20.569626105813366
48.78	16.65770790728145
48.79	18.157981427935958
48.800000000000004	15.41051419797949
48.81	19.180430453433523
48.82	18.4295103440519
48.83	14.474940549635404
48.84	10.699355186634513
48.85	12.797613942954225
48.86	18.681720592721845
48.870000000000005	14.654969844225057
48.88	12.496928383688806
48.89	13.612713070786228
48.9	13.338812885887766
48.910000000000004	14.82860279061387
48.92	19.668021840544107
48.93	17.741972774382187
48.94	15.08615553558397
48.95	16.978695893136834
48.96	14.827487339150208
48.97	11.85001446502366
48.980000000000004	14.789695981288348
48.99	15.021696393560807
49.0	11.86426070478503
49.01	12.446349231138997
49.02	13.535469860026229
49.03	22.427396019793676
49.04	20.827253711533675
49.050000000000004	16.802857773918724
49.06	15.735203447514891
49.07	17.7685507417849
49.08	16.1161064488911
49.09	17.587662258550694
49.1	22.946241672038862
49.11	20.978844776544086
49.120000000000005	16.502607696012245
49.13	12.926048774872136
49.14	16.067428746575864
49.15	15.445053038094704
49.160000000000004	14.931510778051068
49.17	14.611675418611945
49.18	13.95504026672212
49.19	12.828285353721528
49.2	13.40061639335516
49.21	11.13693315269973
49.22	12.157290665579277
49.230000000000004	10.720484440674605
49.24	11.463566251894624
49.25	9.16907784834679
49.26	9.517363507019324
49.27	8.656528485829098
49.28	9.669139946651102
49.29	7.9836828685945065
49.300000000000004	8.885402544790583
49.31	11.851429016463737
49.32	12.39437090807991
49.33	10.073768027057149
49.34	9.793196727800414
49.35	5.945529124113317
49.36	6.2443383793328024
49.370000000000005	4.2096927188049404
49.38	4.432604477130647
49.39	-0.6292266540852054
49.4	-3.286958469206265
49.410000000000004	-1.657672216321002
49.42	-1.1211845255723767
49.43	-0.41514600020169573
49.44	-2.384653161394758
49.45	-4.527708411406615
49.46	-5.412517486100062
49.47	-10.082475710373847
49.480000000000004	-10.434134049761397
49.49	-10.833835374778744
49.5	-8.96424386314662
49.51	-9.264474562145667
49.52	-9.532395272211843
49.53	-8.301103982293087
49.54	-7.393301619495078
49.550000000000004	-4.292800649559198
49.56	-4.4729248015083725
49.57	-5.774109140950297
49.58	-4.945851853155498
49.59	-6.968174689777868
49.6	-5.547320515370212
49.61	-5.774990650144949
49.620000000000005	-4.1628978724059325
49.63	-1.9611463396682487
49.64	-4.015565140390448
49.65	-3.8753668763448683
49.660000000000004	-3.6099409594161602
49.67	0.5084255088185652
49.68	3.9529417592328775
49.69	6.0538426188282335
49.7	12.438734022488013
49.71	8.980982806769042
49.72	7.16246357901261
49.730000000000004	8.547185915978643
49.74	8.452629113886795
49.75	6.871541949032254
49.76	6.07538822265969
49.77	7.852122320154538
49.78	6.793508466504709
49.79	4.665919964970195
49.800000000000004	1.874812682433636
49.81	1.761306926458871
49.82	3.347771138747417
49.83	2.545466705350997
49.84	3.717893577465197
49.85	5.15793982584276
49.86	9.89967436376896
49.870000000000005	12.235088159277343
49.88	10.09042967718537
49.89	10.5260880309097
49.9	11.166596615333647
49.910000000000004	9.144521904128272
49.92	11.5984287736127
49.93	12.014404587647883
49.94	13.437201067796334
49.95	17.777775454148596
49.96	24.991136440601004
49.97	25.135417486624988
49.980000000000004	22.783365962364584
49.99	19.89455556056402
50.0	18.677100828466504
50.01	20.006190337643577
50.02	19.836648700751613
50.03	19.816530699860444
50.04	21.957807783673253
50.050000000000004	20.9846170198188
50.06	18.30649342385384
50.07	16.65365403937226
50.08	16.954063985282897
50.09	26.245726080365298
50.1	33.240966592852075
50.11	30.10215792982107
50.120000000000005	29.30921658970634
50.13	25.60186050297054
50.14	23.170266959078276
50.15	22.96428367717459
50.160000000000004	27.603442110982336
50.17	22.695432500423557
50.18	22.36260668210635
50.19	21.833536198303726
50.2	17.487726222208757
50.21	17.515587007692012
50.22	18.72482096081062
50.230000000000004	19.719666862966587
50.24	15.114192602012999
50.25	15.231194140963387
50.26	17.755688106940458
50.27	15.444317549914677
50.28	14.9530172730654
50.29	14.960778335602905
50.300000000000004	20.091516835570268
50.31	16.27683636846821
50.32	18.800085763939457
50.33	21.771654641421616
50.34	16.650307539691383
50.35	21.135185187452176
50.36	22.49964927435148
50.370000000000005	17.77263052239221
50.38	14.247129387732613
50.39	11.5791268899623
50.4	14.021211069662895
50.410000000000004	11.003369904217019
50.42	9.804978947093652
50.43	11.722562076255908
50.44	11.44627043956851
50.45	14.327311127662329
50.46	12.91603720501154
50.47	8.699262593107685
50.480000000000004	4.383352878529715
50.49	5.700954892717199
50.5	7.727748471843017
50.51	12.86853902342755
50.52	11.804663408893324
50.53	9.968809224202035
50.54	11.866205272786969
50.550000000000004	15.331826573240948
50.56	14.138675465191385
50.57	11.72924495382113
50.58	11.792757052500818
50.59	15.868892648413356
50.6	13.73364835909728
50.61	13.63757824677188
50.620000000000005	13.545434788152109
50.63	15.435337368889657
50.64	15.259742026837081
50.65	18.767888303469903
50.660000000000004	16.131587074077014
50.67	13.507878366212887
50.68	16.852403353171148
50.69	14.44665747499825
50.7	15.59730129023334
50.71	15.125220946660015
50.72	14.629299712741025
50.730000000000004	13.33163058510596
50.74	13.625373390712399
50.75	14.086189345638848
50.76	12.040646918541272
50.77	9.856325592858898
50.78	7.0051404970339
50.79	8.47782747113627
50.800000000000004	9.68137782150545
50.81	12.180169014285882
50.82	9.540263864880492
50.83	12.31181581402703
50.84	9.211076452738165
50.85	10.469189391115645
50.86	10.388572674670941
50.870000000000005	12.168283731544696
50.88	10.511332870551849
50.89	8.858746483135267
50.9	10.211803152075912
50.910000000000004	10.177138075267342
50.92	8.195292507603904
50.93	7.660453082253288
50.94	8.82277461445354
50.95	12.07029944348797
50.96	17.073918769300295
50.97	22.536215260512513
50.980000000000004	19.616434287989268
50.99	18.659272232644668
51.0	17.475600130885226
51.01	15.084996941766116
51.02	20.522437626088845
51.03	19.191983457706954
51.04	19.129297224295673
51.050000000000004	20.379037257918117
51.06	20.51163369302424
51.07	20.318040257962615
51.08	19.779541739654817
51.09	19.0720926890605
51.1	18.863923144559205
51.11	19.91255410438767
51.120000000000005	20.525127360396272
51.13	21.413370177584223
51.14	18.458132895517807
51.15	17.565238285906187
51.160000000000004	13.543553636516332
51.17	10.842612481860888
51.18	8.736163765818873
51.19	6.841227605578146
51.2	6.094318311494612
51.21	8.048187019144624
51.22	7.459526472433679
51.230000000000004	6.764411858458799
51.24	4.975272654222535
51.25	1.7459162458352797
51.26	-1.5051089543104836
51.27	-4.704234824518015
51.28	-5.133564221456198
51.29	-3.2047311606290454
51.300000000000004	-2.30968448289997
51.31	-1.6538421043472418
51.32	-0.015879870104174888
51.33	1.6506005216064836
51.34	2.4745647921423073
51.35	2.4774485136909496
51.36	3.6154803638527238
51.370000000000005	7.4392006758424385
51.38	7.6037444537109415
51.39	6.916359642530746
51.4	3.938572081912389
51.410000000000004	4.976190532968272
51.42	10.013095158650696
51.43	13.390762780751318
51.44	11.29217983397032
51.45	13.809872633833765
51.46	12.938437424030512
51.47	10.51313635543103
51.480000000000004	12.34453110713678
51.49	11.797594143936921
51.5	12.00590433703091
51.51	9.439385594182253
51.52	7.998099346948823
51.53	8.825447313282492
51.54	8.628195088626518
51.550000000000004	7.139246649577419
51.56	9.040975371513666
51.57	7.401122704188753
51.58	6.219815374225631
51.59	4.004593965364181
51.6	3.237357196755661
51.61	3.4383525103306276
51.620000000000005	7.375241619700687
51.63	7.308446715086298
51.64	8.72177359831237
51.65	10.17517658515621
51.660000000000004	13.17137560006513
51.67	14.483065620539575
51.68	13.184636373301197
51.69	11.138860860841271
51.7	12.701851417459135
51.71	15.661899863639809
51.72	18.336211729575425
51.730000000000004	18.18181026049233
51.74	20.21941402903474
51.75	22.243924314233414
51.76	22.74859268135715
51.77	26.839273452204587
51.78	25.7370111076763
51.79	25.627519915470483
51.800000000000004	20.48908011730545
51.81	15.976117223663232
51.82	13.501603286243016
51.83	11.553794375446826
51.84	9.051955299653908
51.85	12.162413432463557
51.86	12.185094319440928
51.870000000000005	11.677991558914224
51.88	9.091464822422196
51.89	13.056915119489924
51.9	13.466005096860107
51.910000000000004	11.304117755665699
51.92	6.59848403249956
51.93	12.218046775007053
51.94	21.23634293932612
51.95	19.697306747989114
51.96	16.63174515159903
51.97	14.761524791488622
51.980000000000004	13.408276540391215
51.99	11.200582973432539
52.0	13.812843236336725
52.01	13.395306057143596
52.02	10.272574622661551
52.03	9.32724158003145
52.04	8.379665608586652
52.050000000000004	10.134999347867087
52.06	7.004717574737294
52.07	7.186908480294084
52.08	6.0911867111071
52.09	6.908555046417598
52.1	4.198263559625212
52.11	5.870049730753256
52.120000000000005	7.602244791821991
52.13	11.800691863977802
52.14	12.877515367002951
52.15	9.85073911984937
52.160000000000004	8.72085969123004
52.17	7.654351772954034
52.18	6.987962219178238
52.19	10.648430672107956
52.2	12.138868347085245
52.21	15.043340239399617
52.22	11.854166361963413
52.230000000000004	11.984733662875156
52.24	18.011004246954883
52.25	21.652265244391398
52.26	19.379574085385034
52.27	16.834146477879933
52.28	12.969181924425515
52.29	10.534379747869618
52.300000000000004	8.300969751228282
52.31	9.936780021496322
52.32	11.868803137782571
52.33	8.578904290018569
52.34	10.657781907736199
52.35	11.606596417867074
52.36	11.846675799127192
52.370000000000005	9.612262756010942
52.38	9.88576051530235
52.39	11.702842912655242
52.4	13.807082003868375
52.410000000000004	11.56085319037548
52.42	10.156426801801667
52.43	14.851963096217803
52.44	13.407223208821232
52.45	11.581361926946709
52.46	10.133747630943624
52.47	8.448025012567628
52.480000000000004	12.705929280937175
52.49	12.52771157833464
52.5	13.695967954691328
52.51	10.965505454567648
52.52	13.041949562129574
52.53	11.534024039036167
52.54	8.929630464392691
52.550000000000004	10.643024319220201
52.56	16.801058876271686
52.57	13.956443638198627
52.58	16.112231759661462
52.59	17.149535916539072
52.6	18.473967692261795
52.61	19.695613401122753
52.620000000000005	19.30173891498804
52.63	19.85550417629821
52.64	17.931819937802604
52.65	15.888785105180721
52.660000000000004	19.48859886744247
52.67	18.414084158768052
52.68	18.251472438139178
52.69	13.26346904185805
52.7	9.719263208083504
52.71	8.170611103276276
52.72	6.455064674576669
52.730000000000004	7.269765025936295
52.74	6.824751082073771
52.75	12.559461574377242
52.76	11.23235973523233
52.77	14.444892254885954
52.78	14.259917452614943
52.79	14.126039291111777
52.800000000000004	12.377893637595058
52.81	14.026847320872603
52.82	12.369079672777819
52.83	11.292707311533492
52.84	19.663081725723934
52.85	16.78788277325758
52.86	16.235664632804905
52.870000000000005	16.75650317266617
52.88	12.886172732516597
52.89	13.781420875848
52.9	10.893344176466032
52.910000000000004	9.823795942201281
52.92	9.368622028076475
52.93	10.63364812933094
52.94	15.427464410639265
52.95	12.010243312967804
52.96	12.540957812086189
52.97	12.164961615340914
52.980000000000004	18.155503806817933
52.99	16.706835769580373
53.0	20.896754128438932
53.01	22.74006378948818
53.02	25.824817612718547
53.03	30.417195877280328
53.04	26.46317317565687
53.050000000000004	24.80725520484489
53.06	21.60996266597991
53.07	23.73990352610906
53.08	23.10700910875806
53.09	17.924971568083187
53.1	15.00296197390415
53.11	15.044700789207699
53.120000000000005	21.388935581729545
53.13	19.19796074740724
53.14	16.29677973879445
53.15	16.36863389151781
53.160000000000004	16.107968346942254
53.17	19.746488142581324
53.18	15.760112713239616
53.19	16.689737510739416
53.2	18.96962809137693
53.21	23.783925449421663
53.22	24.513364888252816
53.230000000000004	19.161950753438592
53.24	17.587185721120097
53.25	18.830663980458624
53.26	17.948197551674514
53.27	17.718095825483257
53.28	25.94983307880793
53.29	31.528572684637588
53.300000000000004	26.34910542058226
53.31	26.86840193039674
53.32	24.97223920242913
53.33	21.932923688197178
53.34	22.663159798459876
53.35	18.114046348508317
53.36	15.243709271277188
53.370000000000005	12.508581228980137
53.38	27.887238496863734
53.39	25.0015809309227
53.4	22.895066329835394
53.410000000000004	30.491145631825923
53.42	27.665069968508647
53.43	21.529128082302165
53.44	16.515756060293267
53.45	16.4263864061056
53.46	12.349378556913125
53.47	11.788965237712583
53.480000000000004	15.738640494931717
53.49	20.105795128259388
53.5	20.628271150556195
53.51	16.41055020140955
53.52	19.21135338155607
53.53	14.913287516154217
53.54	13.15219427958224
53.550000000000004	12.43510472413082
53.56	11.31316458410321
53.57	21.384143257347077
53.58	19.4321762497517
53.59	17.659618937061776
53.6	17.36133243960105
53.61	18.323532566218486
53.620000000000005	16.995637883949897
53.63	13.055850220151994
53.64	10.7375359133202
53.65	11.967151020876004
53.660000000000004	14.632110082156004
53.67	15.798009107795664
53.68	17.124100636521067
53.69	17.973171508880412
53.7	15.645119731012134
53.71	12.92595863398894
53.72	17.160982679096552
53.730000000000004	16.497340060210295
53.74	18.681391937954942
53.75	20.303856046386112
53.76	22.340131812106748
53.77	23.08102383094317
53.78	22.054991794527133
53.79	16.21115080107433
53.800000000000004	15.667212510063631
53.81	11.676731427949743
53.82	8.685261558636814
53.83	6.220536194138323
53.84	4.520254877309565
53.85	12.96949681098355
53.86	14.258956779784116
53.870000000000005	12.231874601091805
53.88	13.010777492600095
53.89	23.729479266153636
53.9	19.179435868109266
53.910000000000004	20.989966615183477
53.92	23.93383787157893
53.93	21.3133757587703
53.94	18.74466831587193
53.95	19.036210759345874
53.96	15.309584360968676
53.97	13.567151585789743
53.980000000000004	16.380164130431098
53.99	18.684027683848335
54.0	18.63671220619174
54.01	14.187457527775967
54.02	10.590897813737241
54.03	9.757601859424542
54.04	10.096634973517633
54.050000000000004	17.980950007142113
54.06	16.81955658229334
54.07	15.18526461654727
54.08	15.98430287647208
54.09	20.191291860636497
54.1	22.297811689372093
54.11	21.53587780642869
54.120000000000005	20.245061568821836
54.13	19.057952040625988
54.14	17.511153073354887
54.15	17.75983727763868
54.160000000000004	13.755800240713409
54.17	10.942563954669337
54.18	11.284985618192273
54.19	8.502496680266088
54.2	7.369125302900996
54.21	9.120013257770497
54.22	22.154241319800363
54.230000000000004	19.112797595264915
54.24	16.476418070081028
54.25	14.188124647204594
54.26	12.616105433377307
54.27	14.401490768637924
54.28	23.789126815610555
54.29	18.492018587803667
54.300000000000004	16.44550918128569
54.31	13.424268670173674
54.32	11.281701740678294
54.33	9.356972530101892
54.34	11.008654695995524
54.35	10.08990307893781
54.36	11.261573111172927
54.370000000000005	12.967457602312649
54.38	13.413417169310467
54.39	20.28470665354704
54.4	20.9200017696908
54.410000000000004	17.01356383079624
54.42	19.047274343433443
54.43	21.12695689567256
54.44	20.94442122576308
54.45	19.6991394849263
54.46	17.78838505009292
54.47	16.39530623574131
54.480000000000004	14.55519384777342
54.49	19.466176624489393
54.5	15.391688622535357
54.51	12.34502503954191
54.52	13.359452491680713
54.53	12.830625423299434
54.54	15.999544692441914
54.550000000000004	13.494615967297813
54.56	17.73646794626081
54.57	19.410666227719677
54.58	22.020751391899662
54.59	19.53205386484067
54.6	19.636846805895114
54.61	22.60137832083503
54.620000000000005	21.944159827885283
54.63	18.901773279480153
54.64	22.447595459755696
54.65	21.64655095319222
54.660000000000004	21.814434394559342
54.67	22.590667294379422
54.68	28.182333217082025
54.69	25.987966369834183
54.7	22.716204201750198
54.71	19.10090320541319
54.72	21.933467676649556
54.730000000000004	18.56695139452779
54.74	19.430391344938545
54.75	19.122898301065103
54.76	22.985543329101557
54.77	17.58518712282921
54.78	17.878128143333146
54.79	15.294087898313679
54.800000000000004	16.190132312073818
54.81	14.403502867686733
54.82	15.123618306820084
54.83	17.861635440248392
54.84	23.68223320508116
54.85	26.08612579104369
54.86	26.451232738635948
54.870000000000005	27.26131800915457
54.88	23.17518510834602
54.89	23.810027296673507
54.9	24.646544757813423
54.910000000000004	20.04900555883543
54.92	24.911837494391307
54.93	20.381088577556227
54.94	21.35185792360514
54.95	19.9977337207028
54.96	17.09373101443546
54.97	16.76499992643357
54.980000000000004	12.999883840032473
54.99	10.20953926471427
55.0	8.150038301745253
55.01	6.000421308032831
55.02	3.2102502177730994
55.03	2.9480491333043233
55.04	1.2671208535260063
55.050000000000004	3.5190825387555282
55.06	1.4288707971088432
55.07	1.4470351233008683
55.08	0.7168989896399419
55.09	0.02671827340235048
55.1	2.205185285336231
55.11	3.7246727494506993
55.120000000000005	3.203398245432178
55.13	5.348649723396796
55.14	4.916752509166869
55.15	10.678877354788176
55.160000000000004	8.436798169304806
55.17	8.447185332934165
55.18	10.93281328316733
55.19	17.755810789132337
55.2	13.913127149615153
55.21	12.64348009949533
55.22	18.299323244974104
55.230000000000004	16.053898178924175
55.24	14.547211528524235
55.25	19.939471037968254
55.26	21.126501506449358
55.27	22.034687977801777
55.28	23.049516070393107
55.29	25.267941818438473
55.300000000000004	23.393930665190677
55.31	23.466852199275742
55.32	22.026234327875997
55.33	16.789709063809298
55.34	17.699161758374487
55.35	16.160714812685793
55.36	12.454426912104639
55.370000000000005	13.917128945801837
55.38	11.148495369991585
55.39	9.664218215625992
55.4	9.136797341881753
55.410000000000004	18.572951814018428
55.42	23.679334514527113
55.43	22.654757472029427
55.44	20.983182209165033
55.45	17.15445007779355
55.46	14.871891219534279
55.47	12.984499051590785
55.480000000000004	9.519113472798793
55.49	6.4699078415792535
55.5	7.116093560685816
55.51	7.762279279792378
55.52	5.010996268007917
55.53	5.756892134287246
55.54	8.49266404556479
55.550000000000004	8.697962502976
55.56	9.564608858175335
55.57	14.349472538581866
55.58	19.03718870032022
55.59	17.69369201783245
55.6	13.485593407276548
55.61	10.867178913129917
55.620000000000005	7.655279731172804
55.63	7.664827291228468
55.64	6.246184632566147
55.65	5.067759107762344
55.660000000000004	4.199830895116647
55.67	2.8955265152840797
55.68	2.912330979506875
55.69	3.3089749869615463
55.7	4.265770412579336
55.71	2.6345311619168976
55.72	5.856541783748563
55.730000000000004	5.870319467650076
55.74	13.178277587153087
55.75	12.990434731290414
55.76	14.48067047032394
55.77	20.641927429523236
55.78	16.013657431200205
55.79	14.808840523469238
55.800000000000004	21.459372087836794
55.81	19.452968207606816
55.82	24.271565011356103
55.83	22.91803367558972
55.84	21.14553718055723
55.85	18.763254504723797
55.86	17.44909529691458
55.870000000000005	14.251790448117571
55.88	10.864506429502507
55.89	18.05329021220578
55.9	16.41288004522527
55.910000000000004	12.946180633904344
55.92	12.500901003172968
55.93	10.17813595142175
55.94	12.319923257916145
55.95	12.069464014239442
55.96	9.813810693952247
55.97	7.99073039414141
55.980000000000004	10.064425190735358
55.99	12.23383547483479
56.0	10.870116909878892
56.01	10.227462701388761
56.02	13.389731873112309
56.03	12.747228842973595
56.04	14.47990771263841
56.050000000000004	17.49862813115611
56.06	21.654895129493383
56.07	26.400204270614395
56.08	27.164992544349676
56.09	24.690442203402917
56.1	29.636305690543068
56.11	24.329927865921636
56.120000000000005	20.367234368491182
56.13	18.948080129281244
56.14	28.43248582014907
56.15	26.235034637588218
56.160000000000004	25.725885895033198
56.17	23.006720140752833
56.18	21.17487196269279
56.19	19.435903326450227
56.2	19.768528267651323
56.21	20.5985258908761
56.22	20.4173855910775
56.230000000000004	17.818457683364173
56.24	14.804612598564407
56.25	15.27744292553459
56.26	20.931815447563174
56.27	17.796848330648363
56.28	13.471501553535393
56.29	12.179848314168389
56.300000000000004	10.962835326484464
56.31	9.52435110085642
56.32	12.870287407006213
56.33	19.306181351991263
56.34	15.323711690036872
56.35	17.059070845646964
56.36	21.288645426443797
56.370000000000005	18.429908699236087
56.38	17.63984785018007
56.39	24.293614299279863
56.4	24.286902179191966
56.410000000000004	29.464821771354583
56.42	25.482035689620474
56.43	23.116578189755177
56.44	18.116830889756127
56.45	14.844038034154647
56.46	15.250816894450052
56.47	12.264440217782756
56.480000000000004	12.417676306322253
56.49	9.305976618054418
56.5	9.682534225104023
56.51	9.409652447719113
56.52	9.083725090507306
56.53	10.81724657838294
56.54	8.164381730460132
56.550000000000004	8.526265512974312
56.56	7.341409647765593
56.57	8.40869884314673
56.58	9.970943140299351
56.59	8.581618240262094
56.6	7.995138196611192
56.61	7.867761053640305
56.620000000000005	17.116675438097975
56.63	15.966066962073876
56.64	12.23064147296667
56.65	9.605270869882716
56.660000000000004	9.367660720276257
56.67	7.362137834317718
56.68	6.206179778891735
56.69	5.808087836791673
56.7	6.745737834052022
56.71	8.763062872279454
56.72	9.781813221351852
56.730000000000004	7.844629185920424
56.74	7.091205932139372
56.75	7.668345492300152
56.76	6.705617325553652
56.77	7.383636766280453
56.78	10.83227974003291
56.79	16.69908405276904
56.800000000000004	14.503156476972602
56.81	14.555893763512072
56.82	21.444602287685502
56.83	16.354567685444515
56.84	12.824427842946248
56.85	12.788820474832661
56.86	16.000357200880956
56.870000000000005	18.005399178771473
56.88	19.112703492768656
56.89	19.541880217071153
56.9	20.39665533557134
56.910000000000004	17.421901692000944
56.92	16.43264738505497
56.93	12.821226859546869
56.94	18.988039438040264
56.95	16.929518770298724
56.96	14.151315156856844
56.97	13.64457718190018
56.980000000000004	13.733558432597375
56.99	10.770473084194393
57.0	12.780810130113958
57.01	13.398000122587652
57.02	22.493328246373473
57.03	20.374564207858608
57.04	16.989300668320237
57.050000000000004	21.59007985411316
57.06	16.70527799113462
57.07	12.958419487457203
57.08	10.13980895106248
57.09	8.888435706092128
57.1	7.5838979434776475
57.11	10.516296995061145
57.120000000000005	8.972569701051366
57.13	9.291567446068282
57.14	8.196047914733608
57.15	7.1146600252977565
57.160000000000004	12.218164167292851
57.17	12.468483931660028
57.18	10.585685477160554
57.19	10.454376658631817
57.2	14.0091196313697
57.21	16.101538846174748
57.22	17.546741102759306
57.230000000000004	16.821070446819157
57.24	16.294806403140075
57.25	14.093906747796282
57.26	15.87240040759405
57.27	14.165319000007866
57.28	14.850376730939363
57.29	16.560855713924294
57.300000000000004	14.83204058105871
57.31	11.887686505612615
57.32	10.33428686556601
57.33	9.742715211927536
57.34	13.69743226308132
57.35	12.199516886746851
57.36	10.010225483298717
57.370000000000005	9.183147847102413
57.38	8.144711371362282
57.39	10.102424212745165
57.4	10.596174536422875
57.410000000000004	11.092178747120286
57.42	14.681677335277838
57.43	14.410815481501695
57.44	16.482792068218505
57.45	13.168269755000104
57.46	17.419762120172223
57.47	18.162016289379686
57.480000000000004	16.659027955362884
57.49	15.917412076462146
57.5	15.758631755915374
57.51	19.705620402111578
57.52	20.648913389788863
57.53	20.930161370314924
57.54	18.661991291911527
57.550000000000004	16.283890458982462
57.56	16.168819781916785
57.57	15.118548305143
57.58	15.711582650012076
57.59	12.88060108307984
57.6	11.790948571070226
57.61	10.601748885759513
57.620000000000005	9.77208773426557
57.63	10.819176496497105
57.64	11.276956397926623
57.65	10.977326709500604
57.660000000000004	14.76960474963906
57.67	14.657072611610223
57.68	12.526822795127119
57.69	10.898993564210206
57.7	12.83478393952022
57.71	12.238263926046429
57.72	15.358081940980362
57.730000000000004	19.829244020417278
57.74	15.528011190582244
57.75	12.079310616534594
57.76	9.353233627165027
57.77	10.843964564019547
57.78	9.310273082609719
57.79	14.054027921748965
57.800000000000004	13.26454461460486
57.81	16.20950932847931
57.82	20.58046011450949
57.83	22.209521453639454
57.84	19.06133776662566
57.85	14.521549341654996
57.86	12.980623288330046
57.870000000000005	16.179544910868483
57.88	19.42527843227666
57.89	16.123963730727134
57.9	17.435682712904896
57.910000000000004	20.043673774520624
57.92	19.087616882007694
57.93	19.467412802970937
57.94	16.63915437526383
57.95	15.6456853475915
57.96	14.162734427332797
57.97	12.772533736849276
57.980000000000004	10.068141151503456
57.99	8.723063953520098
58.0	9.583095485692818
58.01	13.012931657021102
58.02	11.484669684128464
58.03	10.893397671515155
58.04	10.59463204722936
58.050000000000004	11.674671542388001
58.06	12.671775551547666
58.07	13.349515685687368
58.08	12.0887055406846
58.09	10.34805827225286
58.1	8.479017893188235
58.11	7.096328094646231
58.120000000000005	14.83335554272382
58.13	17.085004797847464
58.14	17.641451014410524
58.15	14.581967710336562
58.160000000000004	11.432807095274004
58.17	8.825951494244126
58.18	9.931220030469996
58.19	11.385373624734719
58.2	16.189955202386727
58.21	13.69718267652391
58.22	14.95670647760472
58.230000000000004	12.047476959638775
58.24	10.240968457780227
58.25	11.573273195573266
58.26	10.917295095551808
58.27	10.008365330514597
58.28	7.521911181056452
58.29	8.492318184962905
58.300000000000004	8.760591119913375
58.31	11.913780882818278
58.32	16.074119983091595
58.33	14.935690593099126
58.34	13.214099397742341
58.35	10.136791901498423
58.36	10.881812024667415
58.370000000000005	8.960149424652666
58.38	16.871697655799334
58.39	16.982854456994076
58.4	23.545651553583564
58.410000000000004	18.879619003528433
58.42	14.766169242187429
58.43	11.318623263870533
58.44	12.348863597103868
58.45	10.417123363731541
58.46	7.5911056895182485
58.47	5.8792922792882125
58.480000000000004	7.4266261399267455
58.49	12.999392269014999
58.5	12.625295308321284
58.51	16.10208312369946
58.52	15.366814399959475
58.53	13.267889163827585
58.54	10.39997475972299
58.550000000000004	9.466356248720974
58.56	14.440638956171085
58.57	15.197397657793603
58.58	18.950014559160508
58.59	30.341206141723948
58.6	26.238954868021757
58.61	23.468604173808846
58.620000000000005	19.50490081506287
58.63	18.958510030035757
58.64	18.85303045630306
58.65	18.807222107092965
58.660000000000004	14.67898809070263
58.67	11.187583428957069
58.68	8.514647131763066
58.69	8.518093315588644
58.7	7.686951987500159
58.71	10.624328614455854
58.72	14.126344722518095
58.730000000000004	12.141931388053463
58.74	8.367337921585204
58.75	8.70687266275151
58.76	9.420749820539609
58.77	9.38512952630222
58.78	8.104158835403604
58.79	14.591055969204044
58.800000000000004	15.478162884662202
58.81	13.643390266755546
58.82	13.846704718251317
58.83	18.524615387306834
58.84	20.964821387530577
58.85	16.49643271321114
58.86	13.540404848105165
58.870000000000005	13.107656547376353
58.88	15.616937037502334
58.89	12.549515774504409
58.9	9.967623839712525
58.910000000000004	7.834930926461308
58.92	13.484003097326546
58.93	17.389544510064603
58.94	16.780720563301838
58.95	20.45331829281472
58.96	23.71046803963969
58.97	28.1339945141858
58.980000000000004	23.287356604652548
58.99	22.164940587473687
59.0	23.84666945109983
59.01	22.97050851907026
59.02	25.10327342309998
59.03	20.338662007036902
59.04	16.08176474842778
59.050000000000004	13.491823514168996
59.06	11.865177262628146
59.07	11.966011566083147
59.08	11.56962841496647
59.09	12.014012740091118
59.1	12.79431849146409
59.11	10.31587267762903
59.120000000000005	8.92789694912764
59.13	9.083068078631971
59.14	7.347076996299802
59.15	7.8674813528512
59.160000000000004	8.348579775240978
59.17	6.743114659352416
59.18	10.454968903104007
59.19	9.245733219200668
59.2	11.813664157132415
59.21	17.403846802260535
59.22	23.10277959377547
59.230000000000004	21.764438365981455
59.24	20.359997265791733
59.25	24.96283040649507
59.26	23.409413128647063
59.27	26.20717259797672
59.28	30.151443710065855
59.29	28.87205359288652
59.300000000000004	29.714453420978327
59.31	23.07623883769099
59.32	21.257108040142562
59.33	22.762248246468126
59.34	25.531420592548724
59.35	24.599490636087157
59.36	19.008118793604925
59.370000000000005	18.313033105171105
59.38	15.64349656439197
59.39	14.430026007528353
59.4	20.49076429083589
59.410000000000004	17.159907772663882
59.42	13.369363413515348
59.43	11.946380316684703
59.44	10.478572820049692
59.45	15.869932678512273
59.46	12.50325823821836
59.47	11.599197091716983
59.480000000000004	9.683773094596251
59.49	9.318214431541541
59.5	11.50069098338657
59.51	14.588254029313838
59.52	14.07765966676076
59.53	16.265524068786203
59.54	11.989727842732536
59.550000000000004	9.316508856788673
59.56	10.897466510460644
59.57	9.087369763261725
59.58	15.568616512056929
59.59	12.4611569299583
59.6	17.925173757759193
59.61	26.98470911799162
59.620000000000005	22.00721480521431
59.63	19.7385384935413
59.64	18.59987488635999
59.65	14.906853123689093
59.660000000000004	11.673487809103987
59.67	13.573965520394788
59.68	21.147995199875925
59.69	22.538438267922967
59.7	23.47553220501348
59.71	21.867425626416498
59.72	21.713072627247676
59.730000000000004	22.66280675836714
59.74	17.105784592623934
59.75	16.722469498912425
59.76	15.215182381084116
59.77	11.650065735178261
59.78	8.75718835196108
59.79	8.162135497935582
59.800000000000004	8.737393657779382
59.81	8.060217311068667
59.82	7.173671370474019
59.83	5.6747429585936375
59.84	10.264616784083318
59.85	13.607346853412816
59.86	15.707211973655852
59.870000000000005	14.176064303706426
59.88	17.58220317750001
59.89	16.77549094429225
59.9	13.190238172009835
59.910000000000004	11.627374131611612
59.92	10.718079767783385
59.93	10.53083390632732
59.94	13.587636996120215
59.95	14.235699591379861
59.96	14.97735501617378
59.97	16.61357878771581
59.980000000000004	15.517498915584932
59.99	15.961354411150568
60.0	24.629198396170136
60.01	20.42027684467485
60.02	16.74826070923718
60.03	16.637342784387624
60.04	13.137620378457603
60.050000000000004	9.580926801606438
60.06	17.918267681160376
60.07	15.829095621060082
60.08	13.152771329742055
60.09	21.341731500972223
60.1	16.306046963656513
60.11	14.07891371370055
60.120000000000005	12.221137413207972
60.13	9.93075858444245
60.14	12.687395141055848
60.15	15.729676205841427
60.160000000000004	17.0793837467327
60.17	22.891917424949458
60.18	18.524053527369542
60.19	14.632074896016812
60.2	15.329803606046678
60.21	17.02456818572689
60.22	23.489864205697675
60.230000000000004	18.674635418597354
60.24	20.84299531422222
60.25	15.921501283649906
60.26	24.559114126235766
60.27	22.590804792981274
60.28	22.20637748166271
60.29	32.22853823254944
60.300000000000004	27.606239802534855
60.31	22.452127052301996
60.32	20.681256887544613
60.33	24.009224863620467
60.34	27.869633234013833
60.35	22.037245101500123
60.36	19.444343386031655
60.370000000000005	21.942020623129544
60.38	24.78009658810137
60.39	21.060788286500188
60.4	16.5033375287078
60.410000000000004	16.364548388218893
60.42	15.419437015797074
60.43	14.316651345183086
60.44	11.716198908564667
60.45	9.004793031213266
60.46	13.605170988772112
60.47	27.196388629745293
60.480000000000004	28.47293728378121
60.49	34.67856360296423
60.5	30.087023722923956
60.51	27.739258128316315
60.52	30.455705891379033
60.53	23.523795906866415
60.54	22.12179586042799
60.550000000000004	21.10684861795831
60.56	22.109586704655023
60.57	24.36068034714333
60.58	19.182842331767603
60.59	18.058463013720804
60.6	19.127198292445886
60.61	23.746403815364964
60.620000000000005	25.388408368433527
60.63	19.763215843045018
60.64	18.958775440244885
60.65	15.256228863340482
60.660000000000004	11.565451432432646
60.67	14.235402834293987
60.68	19.765712889427917
60.69	20.403276148437314
60.7	22.05526926222572
60.71	21.21309544172721
60.72	26.2077121600528
60.730000000000004	32.25579867952589
60.74	34.82760237998745
60.75	31.11060242812929
60.76	25.119609643859704
60.77	32.42421355677173
60.78	34.201823484668445
60.79	27.26069684697707
60.800000000000004	21.329130760939154
60.81	18.075974788606132
60.82	15.022936836821486
60.83	15.313421230679719
60.84	16.32146636145928
60.85	13.454935462556653
60.86	11.48912735418253
60.870000000000005	9.74188362062043
60.88	8.092724045559631
60.89	6.741404812207621
60.9	6.188017225332772
60.910000000000004	5.605808219390714
60.92	9.033926497090224
60.93	15.452584406980135
60.94	15.032844725341292
60.95	15.047700043166993
60.96	19.56616714749391
60.97	17.166584201483833
60.980000000000004	19.358619151143746
60.99	19.571647682016366
61.0	17.452369091968883
61.01	13.725491769951187
61.02	18.19878116678977
61.03	16.220952600030653
61.04	12.671608006881025
61.050000000000004	10.108524031723311
61.06	7.761251025421191
61.07	9.03214707019326
61.08	11.252477473034087
61.09	11.77547065296589
61.1	10.05176140614242
61.11	8.170527579897497
61.120000000000005	21.447452135797324
61.13	26.338390129135565
61.14	20.399368736491827
61.15	22.64493211406816
61.160000000000004	24.36870198969757
61.17	20.515121711982236
61.18	16.179437231191216
61.19	12.578051519864477
61.2	13.782007787740001
61.21	13.968427592502541
61.22	13.87743427501047
61.230000000000004	10.891934163813412
61.24	8.412220296413984
61.25	8.11636155575949
61.26	16.008431071271943
61.27	16.35095391602196
61.28	17.772757692881058
61.29	17.315479559269768
61.300000000000004	20.62797588728549
61.31	16.299725302971616
61.32	11.923513412997279
61.33	7.357239641368178
61.34	2.790965869735834
61.35	0.3030596050368821
61.36	-2.2469780016743823
61.370000000000005	-3.469688624204977
61.38	-3.4779054993442746
61.39	-3.9375144490905547
61.4	-5.838680573588468
61.410000000000004	-5.779457314979241
61.42	-8.079212915849434
61.43	-8.656393138950946
61.44	-8.064815223353326
61.45	-11.577341064636942
61.46	-9.659657391540648
61.47	-10.836355686785376
61.480000000000004	-11.240897742366272
61.49	-10.333694142699992
61.5	-12.16116686513854
61.51	-11.073875587737136
61.52	-10.631122520432887
61.53	-10.370338139489851
61.54	-12.201419985806089
61.550000000000004	-17.39819660751909
61.56	-16.228843734196595
61.57	-18.785215189907607
61.58	-20.060059825395566
61.59	-15.393157115972528
61.6	-11.35516582177199
61.61	-8.484515038002696
61.620000000000005	-8.375793340383023
61.63	-5.741372773551288
61.64	-6.174237535051606
61.65	-6.697620383490041
61.660000000000004	-3.391585584194164
61.67	-3.946459854441774
61.68	-6.176908619463225
61.690000000000005	-4.9426311848683495
61.7	-3.324626116561209
61.71	-9.595355219350065
61.72	-11.944531379216563
61.730000000000004	-23.001094412915926
61.74	-18.90853348774274
61.75	-18.687248676203765
61.76	-19.241757780440345
61.77	-23.50060265536164
61.78	-25.259696330650268
61.79	-28.356543464647277
61.800000000000004	-22.710170086589468
61.81	-18.57201180214903
61.82	-15.775936696079835
61.83	-15.154879256564113
61.84	-12.980517038847951
61.85	-16.246976985006057
61.86	-15.616825700654054
61.870000000000005	-18.827107275092022
61.88	-20.538845325115275
61.89	-29.632361665371143
61.9	-27.980797933845764
61.910000000000004	-25.451690605339586
61.92	-20.3475506236331
61.93	-22.98856144511413
61.940000000000005	-22.353693972383304
61.95	-26.09329229558248
61.96	-26.08668619294598
61.97	-20.30376896159729
61.980000000000004	-16.130780731479646
61.99	-23.253821608109874
62.0	-20.249027532372093
62.01	-17.706545376761373
62.02	-16.531059839880214
62.03	-22.192340288972243
62.04	-20.393209788364747
62.050000000000004	-19.325777600504797
62.06	-20.113980785171893
62.07	-17.76529728029871
62.08	-17.08959669847593
62.09	-18.350327348275055
62.1	-16.178539323429693
62.11	-12.496973056471582
62.120000000000005	-12.008699220812145
62.13	-12.164213463661605
62.14	-12.777756610288423
62.15	-13.207300269052343
62.160000000000004	-16.125220346260072
62.17	-22.60894673420383
62.18	-18.27952980212767
62.190000000000005	-14.101262074693885
62.2	-12.327329023693848
62.21	-13.758028372911687
62.22	-13.686583651616269
62.230000000000004	-14.925962133715506
62.24	-16.312338942789292
62.25	-13.209656393482199
62.26	-12.542494647127986
62.27	-18.971088711247084
62.28	-18.006529504425068
62.29	-15.970304410512068
62.300000000000004	-20.566154161802604
62.31	-16.35969343760151
62.32	-11.884875236923806
62.33	-11.046147787188875
62.34	-13.39206505747862
62.35	-10.734072703929499
62.36	-8.122943836704653
62.370000000000005	-5.596103417288224
62.38	-5.4136228275784
62.39	-3.885070182457876
62.4	-4.335571842445709
62.410000000000004	-11.074524984221178
62.42	-9.564373294192933
62.43	-13.686667606059245
62.440000000000005	-10.807996384186213
62.45	-8.928963880361188
62.46	-7.756945885269325
62.47	-5.8547526260953955
62.480000000000004	-8.049270403605282
62.49	-7.938799992024893
62.5	-7.43921334873146
62.51	-7.769143080565189
62.52	-9.519031830957557
62.53	-9.84173606876021
62.54	-12.382054110079249
62.550000000000004	-15.432248579995063
62.56	-13.149634538465918
62.57	-10.380839644158252
62.58	-11.277664749824686
62.59	-10.52835601253272
62.6	-9.035621833399604
62.61	-17.456152922542863
62.620000000000005	-23.095644702354576
62.63	-30.434802903699882
62.64	-28.034852941943434
62.65	-24.45143145378613
62.660000000000004	-22.636295747381602
62.67	-17.582506961956927
62.68	-14.187164707421015
62.690000000000005	-11.423486771424859
62.7	-17.392461924597043
62.71	-15.73984689109308
62.72	-13.338580992860036
62.730000000000004	-14.216628617994674
62.74	-17.41545247237369
62.75	-20.388199313504458
62.76	-19.801100811237887
62.77	-16.67073681635433
62.78	-13.093931830630366
62.79	-13.971447625410853
62.800000000000004	-13.743242656302039
62.81	-14.08687819262718
62.82	-14.171629296296523
62.83	-17.480382000854807
62.84	-19.058096708771604
62.85	-19.9189481799519
62.86	-16.587478000269375
62.870000000000005	-14.640308611181592
62.88	-13.517287149097564
62.89	-11.049831178319312
62.9	-12.93770495683194
62.910000000000004	-14.657286539850704
62.92	-19.10305028713206
62.93	-16.429352897006346
62.940000000000005	-16.3928606602359
62.95	-20.336513028786644
62.96	-23.801806892189514
62.97	-33.768907106990596
62.980000000000004	-32.981214793566075
62.99	-38.20369925807371
63.0	-31.088122614218975
63.01	-30.164474788576005
63.02	-25.561650414958557
63.03	-27.941397609304676
63.04	-27.788340377059658
63.050000000000004	-27.58748311172767
63.06	-26.609834352010953
63.07	-21.574231677671026
63.08	-21.77036740422993
63.09	-18.258669421938233
63.1	-14.949693077452597
63.11	-15.804186508216633
63.120000000000005	-17.62964043045366
63.13	-13.718213925576212
63.14	-10.943857084355844
63.15	-11.104849543241041
63.160000000000004	-7.966511316389563
63.17	-5.705861453850875
63.18	-5.292579018148953
63.190000000000005	-5.976403689148608
63.2	-11.176811024418392
63.21	-12.096883144870398
63.22	-20.60280092349457
63.230000000000004	-23.165589402743866
63.24	-18.144578181504343
63.25	-19.9072063518454
63.26	-20.97555525956533
63.27	-16.360542065249515
63.28	-12.994176159997203
63.29	-10.703510710403219
63.300000000000004	-15.600867141227035
63.31	-15.387327925298775
63.32	-20.385282250434084
63.33	-24.444905347822534
63.34	-24.132364101046413
63.35	-18.789036663088446
63.36	-17.478996768264278
63.370000000000005	-24.255737103068434
63.38	-25.418066283230537
63.39	-21.353481191973966
63.4	-19.59328414219348
63.410000000000004	-20.206891519769172
63.42	-25.160579380253296
63.43	-23.83916353828122
63.440000000000005	-27.212928584589893
63.45	-21.872608080370977
63.46	-27.02103267543687
63.47	-26.049157719471356
63.480000000000004	-22.52054771826078
63.49	-20.484845168557126
63.5	-20.075431650249715
63.51	-21.550678117890836
63.52	-20.3789815274569
63.53	-18.575609032412334
63.54	-19.78357214487927
63.550000000000004	-21.735379186555438
63.56	-20.157727744021358
63.57	-21.14147162925646
63.58	-18.381910617996976
63.59	-23.030503861919843
63.6	-28.62734716690732
63.61	-21.90668424459514
63.620000000000005	-19.011133612871543
63.63	-16.630771061460436
63.64	-16.12077591842519
63.65	-21.018540819857616
63.660000000000004	-17.33250266155531
63.67	-16.56776882519327
63.68	-24.62105871585323
63.690000000000005	-25.564237251218625
63.7	-21.54674723846592
63.71	-16.999902300176746
63.72	-14.903186586864678
63.730000000000004	-12.341229200780399
63.74	-10.311776322072825
63.75	-8.914970344666623
63.76	-7.308053780020928
63.77	-11.217290141242614
63.78	-8.978424392021141
63.79	-10.09477582286785
63.800000000000004	-14.133890066094452
63.81	-14.335843159517651
63.82	-11.166137845747032
63.83	-10.521240324085198
63.84	-19.019213430044736
63.85	-23.9181963740467
63.86	-19.58996192143534
63.870000000000005	-18.25054548945065
63.88	-15.673361053554832
63.89	-11.475187337041248
63.9	-9.966212392658239
63.910000000000004	-6.431966098382099
63.92	-6.262825414213373
63.93	-7.003303929482761
63.940000000000005	-7.497742676244613
63.95	-5.970806026718878
63.96	-7.362838179708299
63.97	-11.124582746115259
63.980000000000004	-12.671967216916226
63.99	-9.827540518678918
64.0	-8.54455495436726
64.01	-8.224335991619824
64.02	-7.294828870447296
64.03	-7.312396660858842
64.04	-9.321815830696902
64.05	-7.353684743077374
64.06	-10.317583983368845
64.07000000000001	-8.14678193245019
64.08	-5.544591236866551
64.09	-8.019792676917135
64.1	-19.646161127808202
64.11	-20.633376099716905
64.12	-15.804768014576082
64.13	-21.53587126313114
64.14	-18.163346456372164
64.15	-16.35972957511976
64.16	-13.277084140499657
64.17	-13.259817067272357
64.18	-14.6029565632713
64.19	-22.576662383201572
64.2	-25.327611805953488
64.21000000000001	-21.25033296780882
64.22	-24.43749774685565
64.23	-23.51595552362943
64.24	-19.500758025535713
64.25	-23.74673945553778
64.26	-29.188460931837586
64.27	-26.798621915775243
64.28	-26.82295399717161
64.29	-21.92424497646637
64.3	-22.435485681968697
64.31	-19.612152369030508
64.32000000000001	-15.369649036901201
64.33	-17.065416757816443
64.34	-19.182460584184113
64.35	-26.02276382087653
64.36	-24.576572561929645
64.37	-26.11848532397353
64.38	-24.69597204933382
64.39	-21.39528154214859
64.4	-19.564975802461316
64.41	-27.235420184423994
64.42	-24.98582490197053
64.43	-20.830623374841593
64.44	-19.34929201596602
64.45	-22.350003968232375
64.46000000000001	-18.901103084683804
64.47	-20.98767082293756
64.48	-21.301708743251154
64.49	-18.333954495946802
64.5	-17.244926427462044
64.51	-22.074508661035136
64.52	-32.664568738635886
64.53	-30.16710959757905
64.54	-23.951309141520625
64.55	-22.171067321194226
64.56	-32.08358996315364
64.57000000000001	-25.6310262249943
64.58	-24.089704062244273
64.59	-27.000840085088832
64.6	-22.31004964610919
64.61	-21.64875141858595
64.62	-18.740058971015106
64.63	-18.23868601129601
64.64	-15.347972153055881
64.65	-22.163329532652888
64.66	-23.62721915354838
64.67	-25.291208332989324
64.68	-30.13186084150452
64.69	-27.923608610696604
64.7	-26.316413277135826
64.71000000000001	-27.599405822935662
64.72	-25.78504221982753
64.73	-20.649599972169376
64.74	-20.29434360814678
64.75	-20.356181280214457
64.76	-20.175265445484836
64.77	-16.520805336726063
64.78	-15.44600074803915
64.79	-16.43176353418483
64.8	-12.723069060662112
64.81	-11.47293241612769
64.82000000000001	-12.823166544767277
64.83	-12.999263241989638
64.84	-10.625589520082265
64.85	-11.112290816414589
64.86	-12.555048924253615
64.87	-18.216284922538936
64.88	-20.597968990068996
64.89	-17.021547966800686
64.9	-22.86199918299366
64.91	-23.69916486600969
64.92	-19.793244605263936
64.93	-18.261206231540783
64.94	-17.128372378251125
64.95	-14.887068800725714
64.96000000000001	-14.748453927470964
64.97	-16.191044132194246
64.98	-18.540156176845294
64.99	-21.621613628114343
65.0	-17.90933052349037
65.01	-14.050520681615303
65.02	-10.543756976803062
65.03	-8.97656855332087
65.04	-7.612283718461015
65.05	-7.0744943629883315
65.06	-7.227646869650269
65.07000000000001	-7.041717684932136
65.08	-4.794539263535863
65.09	-2.2166289303055704
65.1	-5.141086921942141
65.11	-8.62264078615932
65.12	-14.42274084685849
65.13	-19.225161737793275
65.14	-21.83326214392192
65.15	-21.58866690458798
65.16	-17.237187768361196
65.17	-14.013807653637391
65.18	-14.677799931120237
65.19	-15.710088487418684
65.2	-12.293376949270824
65.21000000000001	-13.604164721021089
65.22	-13.44257667921135
65.23	-11.701259181962168
65.24	-6.9231242020641695
65.25	-7.098317326814207
65.26	-5.506369104092984
65.27	-6.310886881324501
65.28	-6.655411742208917
65.29	-12.697713010623396
65.3	-17.2859892600534
65.31	-17.065859527995855
65.32000000000001	-13.242182851660246
65.33	-10.48106084650093
65.34	-9.528053682794656
65.35	-10.319841632268554
65.36	-10.837247944900135
65.37	-10.079181126898487
65.38	-17.152140218180406
65.39	-18.111910990227493
65.4	-15.279559881643568
65.41	-19.77610133917496
65.42	-18.86959862251713
65.43	-25.10986349665641
65.44	-27.989196626657783
65.45	-23.498470963079864
65.46000000000001	-23.01562708105257
65.47	-22.35791664793745
65.48	-26.57980255625519
65.49	-25.077223309810343
65.5	-20.837400374003728
65.51	-20.15558951018804
65.52	-24.281919907399278
65.53	-23.890025837618296
65.54	-19.99536098770086
65.55	-23.911722271065063
65.56	-18.476799876690922
65.57000000000001	-16.15424306522999
65.58	-14.457389920800404
65.59	-14.892974066940608
65.6	-19.826884700243493
65.61	-23.221923542918915
65.62	-26.789839948149755
65.63	-20.646874406706825
65.64	-15.505271858633028
65.65	-15.583227136784641
65.66	-12.328334019198866
65.67	-19.226489751397125
65.68	-20.499101747671766
65.69	-17.10099158032033
65.7	-22.00702395536542
65.71000000000001	-26.897236379180423
65.72	-27.317674416361598
65.73	-25.832105868737862
65.74	-21.02340638939752
65.75	-16.586131450428653
65.76	-13.398958369933808
65.77	-12.133710692481257
65.78	-11.852479393372665
65.79	-9.929394199090027
65.8	-9.027247292723477
65.81	-9.961040830961636
65.82000000000001	-9.66884902498971
65.83	-13.896810555500531
65.84	-14.684612641721268
65.85	-21.9188146776171
65.86	-19.85456416732444
65.87	-21.929967908621432
65.88	-29.17440537143424
65.89	-24.972693511264254
65.9	-22.25505963245532
65.91	-17.66939354251956
65.92	-14.470209283494128
65.93	-17.366062155711912
65.94	-15.612231006612456
65.95	-17.308822414634104
65.96000000000001	-15.13004355197099
65.97	-11.841111686301389
65.98	-12.961696061773075
65.99	-11.20849116855628
66.0	-12.5609926332625
66.01	-11.1819981793417
66.02	-12.515366346322365
66.03	-9.681972540963253
66.04	-8.115321429135859
66.05	-7.505114064879861
66.06	-10.210897856813219
66.07000000000001	-9.380433594499584
66.08	-7.8819742059129085
66.09	-5.546449350288517
66.1	-4.7720129175253465
66.11	-4.909200614476806
66.12	-7.13992989052166
66.13	-7.015051664788067
66.14	-5.726119747574035
66.15	-5.392570344052304
66.16	-4.932925673010127
66.17	-3.3407161622770407
66.18	-5.019745165396169
66.19	-7.3866224103985125
66.2	-15.701661834449585
66.21000000000001	-20.126396953134797
66.22	-16.02516327035679
66.23	-19.045103059469
66.24	-22.442483890114353
66.25	-17.918145436304236
66.26	-17.38734035782292
66.27	-16.03771721000567
66.28	-14.395250078451358
66.29	-12.19142693660401
66.3	-12.679936929733763
66.31	-9.513331581197088
66.32000000000001	-11.659972589490959
66.33	-13.861538458053964
66.34	-14.04337211044655
66.35	-17.9255471134881
66.36	-18.487457306677882
66.37	-20.408099400881085
66.38	-17.611025211691203
66.39	-15.744991178318323
66.4	-16.550342867036754
66.41	-18.94244394584946
66.42	-15.78306938324249
66.43	-16.11111099326107
66.44	-17.73255894173658
66.45	-21.609891659467113
66.46000000000001	-18.679064823926282
66.47	-20.443176385935494
66.48	-19.134293695049262
66.49	-18.139438755439187
66.5	-14.24497247722226
66.51	-10.443602566124506
66.52	-11.669870953531653
66.53	-11.579880387584149
66.54	-14.608823181517181
66.55	-14.244510128328372
66.56	-11.149731167339986
66.57000000000001	-9.931393623748473
66.58	-12.478454939344244
66.59	-14.237901586365918
66.6	-16.436970615873083
66.61	-22.53770811755647
66.62	-20.455656517456003
66.63	-16.37269798569377
66.64	-12.424492686188822
66.65	-11.284927890266596
66.66	-10.280921501162908
66.67	-12.837945460658878
66.68	-13.186545331314091
66.69	-15.002015076014716
66.7	-23.4034945554178
66.71000000000001	-23.544225837221866
66.72	-20.887141738653316
66.73	-22.809748572574414
66.74	-22.190664593355226
66.75	-19.271590125222694
66.76	-19.462038922291978
66.77	-23.03298857909385
66.78	-20.244196074447075
66.79	-19.414533530011454
66.8	-20.875556479059906
66.81	-19.74549645669884
66.82000000000001	-14.991958969220175
66.83	-12.35955208474752
66.84	-9.990222344708489
66.85	-9.86951538856547
66.86	-8.859021463011588
66.87	-7.380842589398409
66.88	-7.192270110450848
66.89	-8.234218609123067
66.9	-8.929865390810683
66.91	-6.942128814514905
66.92	-3.647716182268792
66.93	-6.137112951519729
66.94	-5.262099009163327
66.95	-4.141850563170725
66.96000000000001	-2.6687890383447397
66.97	-2.179640745148546
66.98	-5.856150756307127
66.99	-5.7800135759573195
67.0	-4.808358577330692
67.01	-3.4240785444866817
67.02	-2.6294192522485043
67.03	-4.695993451705032
67.04	-1.5455963193945679
67.05	0.7657597781397524
67.06	-0.08921947874487524
67.07000000000001	-1.9893915244266476
67.08	-4.468140926042686
67.09	-11.590725932933761
67.1	-14.224942763888267
67.11	-13.79344106725667
67.12	-11.884749812137708
67.13	-13.61765557739402
67.14	-12.721793823601391
67.15	-13.409261171068623
67.16	-11.892678021553687
67.17	-11.000674278900696
67.18	-11.850296788819808
67.19	-10.342694979893254
67.2	-8.558300307035875
67.21000000000001	-11.72711640214835
67.22	-10.732790263568939
67.23	-7.806698769626764
67.24	-8.721933696156016
67.25	-7.87495506177985
67.26	-9.763890846086097
67.27	-22.567570105732067
67.28	-20.359229560305398
67.29	-22.472359172755237
67.3	-17.88028879541388
67.31	-14.229946619597275
67.32000000000001	-11.143893595085498
67.33	-8.811015310234945
67.34	-6.940989027658285
67.35	-9.714821342622928
67.36	-11.515666041755265
67.37	-12.745588077747474
67.38	-14.429074508725039
67.39	-15.242368523273155
67.4	-14.129884588601733
67.41	-12.440467000268038
67.42	-18.887355444960264
67.43	-25.73300292885612
67.44	-27.367189695759073
67.45	-22.79146792955157
67.46000000000001	-20.773261232928657
67.47	-15.512861524408349
67.48	-17.184398551081888
67.49	-15.311567552405693
67.5	-12.468786303479682
67.51	-17.91991720537797
67.52	-16.425658017109484
67.53	-13.089480126455392
67.54	-13.36318544582656
67.55	-10.897048879203108
67.56	-7.819618895567061
67.57000000000001	-12.510045318689935
67.58	-13.123968095178018
67.59	-12.170256898536863
67.6	-10.574682563322666
67.61	-9.480942979673078
67.62	-12.556171093050052
67.63	-10.514328815026227
67.64	-10.416358048807966
67.65	-11.117315802678856
67.66	-20.421378628494494
67.67	-15.7423040079256
67.68	-18.500966282959507
67.69	-17.64979691058089
67.7	-15.769282829291964
67.71000000000001	-12.593880194075426
67.72	-13.33741035974529
67.73	-14.52348934184274
67.74	-13.07850418956441
67.75	-19.991151101121666
67.76	-15.874246232012373
67.77	-12.172166136931272
67.78	-14.17727621493669
67.79	-14.094361607200732
67.8	-14.558180197515838
67.81	-14.456049697263673
67.82000000000001	-13.565135061403888
67.83	-12.683287204154352
67.84	-19.481251055238676
67.85	-17.233178028325057
67.86	-18.480387607497324
67.87	-19.864781105441416
67.88	-26.686578049485565
67.89	-26.84755285705879
67.9	-25.572249434473687
67.91	-20.915885939974537
67.92	-20.090000285743603
67.93	-17.681360572727684
67.94	-13.836279585200119
67.95	-17.44059129493151
67.96000000000001	-16.119269827505846
67.97	-14.140281681648705
67.98	-12.258326393435322
67.99	-18.203940744105765
68.0	-22.849704184832916
68.01	-25.25009924731562
68.02	-22.40646916150597
68.03	-18.759215833132373
68.04	-27.777515949628228
68.05	-24.92449034926991
68.06	-22.585550032143065
68.07000000000001	-22.48637081291746
68.08	-20.92279500431226
68.09	-18.69134428494009
68.1	-15.549497645998299
68.11	-13.593228146262813
68.12	-12.79313459133101
68.13	-13.428405793962158
68.14	-14.183482288100645
68.15	-16.332143123733683
68.16	-12.988244624505677
68.17	-13.710485766865913
68.18	-13.274658334542327
68.19	-11.487820076297297
68.2	-10.70961998371873
68.21000000000001	-11.516490209736821
68.22	-10.755021796027144
68.23	-10.822908957335617
68.24	-9.4836177384464
68.25	-10.286405976509444
68.26	-8.980659390670068
68.27	-11.007766126207338
68.28	-14.110430783937057
68.29	-14.755425142300574
68.3	-18.8755058614485
68.31	-14.217322846466782
68.32000000000001	-23.816645876321207
68.33	-22.601910313865183
68.34	-26.35800563238646
68.35000000000001	-25.14213636084794
68.36	-20.62075088065409
68.37	-18.393990653393843
68.38	-22.768939202553543
68.39	-28.568028523138025
68.4	-28.707723319179593
68.41	-26.056520360082153
68.42	-20.97255049179575
68.43	-19.008390151805656
68.44	-25.408851177572277
68.45	-31.81280531526759
68.46000000000001	-26.955617991164917
68.47	-25.133801250639447
68.48	-21.840218472499608
68.49	-21.60240739817044
68.5	-21.329657446319235
68.51	-23.141097556540682
68.52	-20.6206880470988
68.53	-17.43974560545929
68.54	-26.796608934938853
68.55	-28.470368675004206
68.56	-30.064153697173143
68.57000000000001	-25.199074167640646
68.58	-26.252751004235492
68.59	-28.6079251205335
68.60000000000001	-32.260784055026555
68.61	-26.558518533819836
68.62	-25.222444024588032
68.63	-23.52222709498301
68.64	-20.601852070702225
68.65	-23.462137745517513
68.66	-18.741178658448494
68.67	-14.19792320636512
68.68	-11.351019009444665
68.69	-8.386232236729004
68.7	-18.0364229220278
68.71000000000001	-21.418434204864013
68.72	-17.63401095969319
68.73	-15.355797079016561
68.74	-14.210663177773585
68.75	-22.182142340179553
68.76	-25.091781609065325
68.77	-19.996153443499097
68.78	-27.60919179541325
68.79	-23.484687947169327
68.8	-21.5137509325344
68.81	-18.847436325776883
68.82000000000001	-14.60686665571405
68.83	-11.951860683450173
68.84	-17.753159873845068
68.85000000000001	-16.655281271774886
68.86	-13.028081994732453
68.87	-10.705386334472587
68.88	-13.598228405394128
68.89	-15.586254354924298
68.9	-14.532131109487182
68.91	-11.263491671951671
68.92	-7.496041440726539
68.93	-10.706202241265448
68.94	-7.652093233980707
68.95	-8.985666705101549
68.96000000000001	-12.977479520444227
68.97	-13.30053898940574
68.98	-15.216532814916526
68.99	-16.909795755166332
69.0	-16.675929791396918
69.01	-17.668484646640437
69.02	-21.051024517457737
69.03	-19.770108236254423
69.04	-19.81975511181677
69.05	-17.46213876620552
69.06	-16.448875512389623
69.07000000000001	-14.39420804016913
69.08	-16.063071636141526
69.09	-15.23813131069285
69.10000000000001	-17.457699193498716
69.11	-14.240264582392427
69.12	-18.536557578465274
69.13	-21.692984202566308
69.14	-20.564075676579115
69.15	-22.385247294867284
69.16	-21.155787279918485
69.17	-18.333339590147304
69.18	-14.305822275877102
69.19	-14.559731215767176
69.2	-12.304232147753115
69.21000000000001	-14.980665463854196
69.22	-15.544558668841592
69.23	-12.465305406794569
69.24	-12.667466454157582
69.25	-10.399440309813103
69.26	-8.663995161167218
69.27	-7.1848271275596405
69.28	-5.115523638731627
69.29	-9.786826744518995
69.3	-11.669460098351779
69.31	-10.420899243350032
69.32000000000001	-14.466849934165033
69.33	-22.282431086224634
69.34	-25.70478311136476
69.35000000000001	-22.927822115729057
69.36	-18.836148542748887
69.37	-16.9460698809105
69.38	-15.97972371931926
69.39	-17.440397477728833
69.4	-13.764002924586231
69.41	-10.554687584388299
69.42	-10.176002386666518
69.43	-12.118826884675167
69.44	-12.569361896145153
69.45	-13.468431524587626
69.46000000000001	-13.231966213367693
69.47	-16.311944858961454
69.48	-12.944208835025389
69.49	-10.357072352495143
69.5	-12.330538742112289
69.51	-14.455195352106509
69.52	-12.30292671099243
69.53	-11.64446962938634
69.54	-18.886047840637616
69.55	-19.711780004683444
69.56	-20.0564762031058
69.57000000000001	-19.230014954381392
69.58	-13.887459654267653
69.59	-13.617904504565393
69.60000000000001	-17.81052202267245
69.61	-19.16691442572545
69.62	-15.18848604898621
69.63	-14.282541381552457
69.64	-11.756864126652937
69.65	-13.523335673466246
69.66	-11.305524087931685
69.67	-10.891241324247899
69.68	-7.939443381723195
69.69	-7.117564329355082
69.7	-11.94557768646599
69.71000000000001	-11.868290920717726
69.72	-16.17003450788981
69.73	-13.830824120246366
69.74	-12.219535542589037
69.75	-20.776526312376
69.76	-23.188197023746934
69.77	-18.609262946048972
69.78	-22.85570726615943
69.79	-18.668318596544736
69.8	-17.769150055937118
69.81	-21.302433346831556
69.82000000000001	-19.786083798982848
69.83	-21.464043227435422
69.84	-20.875987899399547
69.85000000000001	-16.63064166483797
69.86	-14.9069754645568
69.87	-15.60729868769224
69.88	-20.57464004768476
69.89	-16.16953793933854
69.9	-12.896232326560654
69.91	-10.218995927649425
69.92	-10.58503153369112
69.93	-12.79725337162996
69.94	-12.10543476549586
69.95	-10.569090807285589
69.96000000000001	-10.201920963257502
69.97	-9.675444887361712
69.98	-13.381088053467465
69.99	-13.61465261102508
70.0	-15.528162170007892
70.01	-17.788070955705237
70.02	-16.57054992413455
70.03	-13.863087474709122
70.04	-11.672100429447934
70.05	-13.339184425475757
70.06	-15.511085325756248
70.07000000000001	-17.480879262336376
70.08	-13.995618039389777
70.09	-11.499902276615815
70.10000000000001	-11.626677036088443
70.11	-18.08919937845744
70.12	-19.5953804892742
70.13	-18.97709811707186
70.14	-24.77094544954558
70.15	-23.189453552289088
70.16	-21.586676099130397
70.17	-17.505776774504668
70.18	-20.149244264260204
70.19	-20.6021630792256
70.2	-21.21122480107375
70.21000000000001	-16.4614795766786
70.22	-12.667560456273353
70.23	-15.20214532298699
70.24	-24.452644534786966
70.25	-25.274975045869155
70.26	-22.09214049117324
70.27	-21.30390932825373
70.28	-19.86216132793955
70.29	-15.168668511357254
70.3	-12.135715984910382
70.31	-15.133420282571594
70.32000000000001	-14.424768558324436
70.33	-12.630498045872594
70.34	-13.720424275540225
70.35000000000001	-17.414330733267693
70.36	-14.014326311264615
70.37	-15.414235825700068
70.38	-11.825792447421529
70.39	-11.66055271830434
70.4	-14.960548035380416
70.41	-12.123880302892859
70.42	-13.449049699837012
70.43	-23.398522218411244
70.44	-19.46063057067007
70.45	-17.437865513115128
70.46000000000001	-16.240841127808583
70.47	-12.579045828676112
70.48	-11.4513264322476
70.49	-12.44430052985875
70.5	-11.523410883971188
70.51	-16.596145030397434
70.52	-16.47878662372797
70.53	-15.871369825017853
70.54	-14.324472215856153
70.55	-15.252013614573068
70.56	-14.42934404963461
70.57000000000001	-16.82298923907658
70.58	-12.579988875953452
70.59	-8.762289076585038
70.60000000000001	-7.923257247837744
70.61	-13.169366180348568
70.62	-12.172414827190103
70.63	-12.346690100494417
70.64	-13.888452367349538
70.65	-18.829805427246022
70.66	-16.611145479277177
70.67	-24.701137904212324
70.68	-28.62053060272201
70.69	-22.43457385807426
70.7	-16.515031595196003
70.71000000000001	-19.130372217806457
70.72	-17.965234132408643
70.73	-15.813537390779763
70.74	-12.053142889567757
70.75	-8.626523722567615
70.76	-9.888534478100032
70.77	-13.744702523877251
70.78	-24.43121572025637
70.79	-21.8211583331247
70.8	-16.60692807114789
70.81	-12.854578671707522
70.82000000000001	-11.30806387407051
70.83	-10.31827956290528
70.84	-10.531094218907592
70.85000000000001	-8.177345527376813
70.86	-9.088987567553323
70.87	-13.992905023865138
70.88	-15.870175607405233
70.89	-12.92125828319839
70.9	-13.90705828609863
70.91	-15.047050146059924
70.92	-13.227116941316238
70.93	-10.717358150751036
70.94	-15.33212529127043
70.95	-15.865487402573956
70.96000000000001	-16.40595816394718
70.97	-17.52169692661681
70.98	-19.89948355780824
70.99	-18.900395411159543
71.0	-17.117141846745106
71.01	-17.224770800386903
71.02	-13.320337596924698
71.03	-15.273625593618172
71.04	-13.956235051754879
71.05	-23.799021974236293
71.06	-19.102194800350972
71.07000000000001	-21.834616882998287
71.08	-17.380693346777562
71.09	-21.163225922953263
71.10000000000001	-16.6487918732107
71.11	-11.944464461427998
71.12	-16.72403142696405
71.13	-16.7415155201363
71.14	-17.140615547206508
71.15	-15.364388984154807
71.16	-15.410515667197213
71.17	-11.754801733857256
71.18	-17.631755352487804
71.19	-14.830454423471844
71.2	-11.419927901160232
71.21000000000001	-8.688892424490087
71.22	-8.572205288349368
71.23	-14.761386308993297
71.24	-16.61680707152976
71.25	-23.31294522785259
71.26	-18.32518095627872
71.27	-16.535303254917196
71.28	-19.253058692727162
71.29	-14.90354529768622
71.3	-11.812711391861212
71.31	-12.288666293776616
71.32000000000001	-14.65297759697768
71.33	-22.500496059964195
71.34	-19.22987448041621
71.35000000000001	-20.964895348056803
71.36	-21.265863314148906
71.37	-16.709751232002006
71.38	-17.834877496206598
71.39	-14.97189085225012
71.4	-13.17648733999576
71.41	-23.550333922058897
71.42	-23.148087344022695
71.43	-18.5562055432074
71.44	-15.728870362385054
71.45	-26.722179258392444
71.46000000000001	-20.946556034781263
71.47	-26.11800393388444
71.48	-20.888836384309258
71.49	-18.091607640964654
71.5	-13.83569192366344
71.51	-11.016830626512613
71.52	-9.461776608181577
71.53	-7.913369843754806
71.54	-8.804687797513738
71.55	-7.644640730586239
71.56	-7.152159261401781
71.57000000000001	-7.343860643312772
71.58	-9.006780126278962
71.59	-7.8803079364844875
71.60000000000001	-9.349261132207692
71.61	-9.75800436225726
71.62	-11.860289309671616
71.63	-9.146493205152446
71.64	-18.169822854888285
71.65	-14.307441046296889
71.66	-12.125618521107395
71.67	-10.710944656798272
71.68	-22.67152792385526
71.69	-21.40485198053487
71.7	-15.881874618445467
71.71000000000001	-16.53172477297817
71.72	-21.42105555108694
71.73	-20.850681540688104
71.74	-21.020055246967082
71.75	-19.644324588024507
71.76	-21.494284448330063
71.77	-20.8429562451951
71.78	-19.899551657547207
71.79	-17.982047750757097
71.8	-15.248402229868619
71.81	-13.01806165169354
71.82000000000001	-11.625014999838392
71.83	-12.73488103778819
71.84	-9.60156320601962
71.85000000000001	-8.734840646544841
71.86	-5.948018765360006
71.87	-10.816891255237595
71.88	-9.627586782468772
71.89	-9.790320926872429
71.9	-11.377141960704309
71.91	-15.130956816207057
71.92	-12.994746386160262
71.93	-11.82242670988247
71.94	-12.202866427382679
71.95	-24.68345920528807
71.96000000000001	-21.665302449047317
71.97	-18.581160657633394
71.98	-27.624076630787826
71.99	-24.40994142746619
72.0	-23.01409345379336
72.01	-23.541054909128686
72.02	-20.820412088850464
72.03	-18.698733214568712
72.04	-21.934151123794678
72.05	-26.158949329583162
72.06	-27.566714188569517
72.07000000000001	-26.124239175204444
72.08	-20.779455768253992
72.09	-18.562292565031186
72.10000000000001	-14.257718659941863
72.11	-10.744159490640397
72.12	-10.569664216147842
72.13	-12.550443835191437
72.14	-15.414806681332834
72.15	-14.855405896083877
72.16	-14.983526992994628
72.17	-13.543796308009886
72.18	-11.604630604100558
72.19	-10.465087207444016
72.2	-8.203133716640867
72.21000000000001	-6.427771278208046
72.22	-8.490458737706922
72.23	-7.685967750585905
72.24	-6.417104599376434
72.25	-3.9374744863863826
72.26	-4.241546558147475
72.27	-5.555022566078871
72.28	-3.2662270979792307
72.29	2.8561906093324883
72.3	1.131114770448254
72.31	7.373495878653944
72.32000000000001	8.141706380674815
72.33	12.076075408395933
72.34	15.328607117581546
72.35000000000001	19.53170096372845
72.36	18.337497942429206
72.37	16.676942676907203
72.38	13.998186610090382
72.39	11.034289979487724
72.4	15.844916289914877
72.41	15.013031605998638
72.42	12.410987876640945
72.43	8.742911134995994
72.44	9.380418620382027
72.45	8.203478978117513
72.46000000000001	8.539214551492536
72.47	11.321703828690264
72.48	11.202674178876173
72.49	11.19765570252621
72.5	8.989367637762998
72.51	15.127883713787433
72.52	13.419451678340778
72.53	12.277729213211861
72.54	13.65815948157641
72.55	16.340336698357955
72.56	14.842867821371225
72.57000000000001	25.55011390291123
72.58	27.300123371661243
72.59	23.922882606997593
72.60000000000001	26.991531437872624
72.61	30.786405412047547
72.62	25.530996891198285
72.63	32.38298725802294
72.64	37.07126217999969
72.65	35.738686843954696
72.66	33.30854903509592
72.67	32.96996290948117
72.68	30.279125672586495
72.69	26.291599439724216
72.7	26.507939400141876
72.71000000000001	23.612820588519558
72.72	27.96901976559575
72.73	25.958528385848144
72.74	21.878999773891206
72.75	18.20987225996914
72.76	20.874120276085304
72.77	27.98416601859351
72.78	21.91046750713815
72.79	18.560189602381115
72.8	18.976752350357984
72.81	14.565556672716049
72.82000000000001	13.063175084384486
72.83	12.686019282076732
72.84	14.733558711773702
72.85000000000001	16.061801520927524
72.86	17.994352174713864
72.87	19.035002146580737
72.88	14.951011524955685
72.89	12.064308103871715
72.9	12.080964349782096
72.91	8.266495153662136
72.92	8.65410135874422
72.93	8.130643837680056
72.94	5.098442229958531
72.95	6.667845452153809
72.96000000000001	4.723848197409431
72.97	2.7406709907035505
72.98	2.1313534117780346
72.99	6.080628061919806
73.0	9.186511232399502
73.01	5.940203376043684
73.02	5.6363593640758465
73.03	6.238192791674203
73.04	6.600637992302704
73.05	11.123178825955367
73.06	14.102130935660083
73.07000000000001	12.745610760527757
73.08	14.209440816669156
73.09	12.750015774321335
73.10000000000001	15.223837028762139
73.11	16.856155716868646
73.12	13.474839984625248
73.13	14.647236978465978
73.14	16.461844005869832
73.15	19.93872211077704
73.16	19.927907362912286
73.17	26.415628060796976
73.18	23.941168898358978
73.19	19.358339567764105
73.2	20.28166557025812
73.21000000000001	17.392530278978846
73.22	14.866113746019252
73.23	15.257238356358105
73.24	15.946309258228291
73.25	17.986006030139052
73.26	21.21247338691087
73.27	21.437145194981643
73.28	20.79666207544215
73.29	20.47405623006607
73.3	19.768254314742585
73.31	16.444557251924486
73.32000000000001	18.200549004300562
73.33	26.235261253509996
73.34	25.118461904950934
73.35000000000001	23.186803407515317
73.36	19.023999902587445
73.37	15.58783421244206
73.38	15.896009608915959
73.39	13.696519491099291
73.4	11.657557243249913
73.41	15.744944139501168
73.42	22.310516630446198
73.43	22.732721669839826
73.44	26.89641290239662
73.45	27.05175160696888
73.46000000000001	23.264869087200278
73.47	20.198071977198207
73.48	16.899749885307415
73.49	21.924442583221175
73.5	22.175423604810018
73.51	17.192211795571062
73.52	17.68349995550296
73.53	23.745300311639046
73.54	18.90628602580807
73.55	19.992739937392226
73.56	19.50275765567209
73.57000000000001	21.219116866787004
73.58	23.032560368352385
73.59	30.8853438347839
73.60000000000001	32.432165382708305
73.61	31.858857125034323
73.62	28.72243816332461
73.63	30.228502534621764
73.64	26.411456391907475
73.65	21.25418847391044
73.66	20.935014924510558
73.67	22.285523199528367
73.68	20.560571027973996
73.69	19.55584420257321
73.7	17.98840312294903
73.71000000000001	17.94860040930077
73.72	17.516861662604214
73.73	16.49659495071356
73.74	14.37880772046304
73.75	12.453815996674242
73.76	9.228431299944575
73.77	6.895617756347284
73.78	9.838394995277694
73.79	9.177802483047774
73.8	9.178520725722583
73.81	8.721911900678762
73.82000000000001	5.771672897739691
73.83	5.815845311227178
73.84	5.696760761884821
73.85000000000001	0.9811887580192586
73.86	-2.3110954060411233
73.87	-1.0605967945548156
73.88	-0.7527210360368999
73.89	-0.4704689666314139
73.9	-2.352720650163227
73.91	-6.282423493004963
73.92	-3.5879206880329244
73.93	-5.982515876084424
73.94	-3.342568852660896
73.95	-3.2399120330379456
73.96000000000001	-3.455085364848204
73.97	-1.9919264868809452
73.98	-1.1019589722028336
73.99	-0.38574744741622075
74.0	1.5737611327937022
74.01	3.4872463558341082
74.02	5.2471081387431635
74.03	5.983765875915525
74.04	8.164533723190694
74.05	12.32773249578488
74.06	11.14902303685629
74.07000000000001	10.394910792060713
74.08	16.873325945065723
74.09	14.557111624821854
74.10000000000001	15.698091406654985
74.11	25.31392845992692
74.12	23.314008496830613
74.13	26.239431823137842
74.14	25.293597705941018
74.15	27.56735000475692
74.16	28.381681774727014
74.17	28.21157861933741
74.18	21.95307863251912
74.19	16.810652715835854
74.2	14.567575831261097
74.21000000000001	12.361705792455343
74.22	11.048098071948834
74.23	9.358998795056037
74.24	10.560377571206228
74.25	12.26757024009254
74.26	12.76242693961792
74.27	12.728421717775124
74.28	13.643723470279273
74.29	8.650374825697261
74.3	5.598283087255728
74.31	5.654533986967029
74.32000000000001	5.281039951325474
74.33	6.436484559271125
74.34	14.60504805212902
74.35000000000001	14.184207889906013
74.36	13.437025377339888
74.37	14.319369714043997
74.38	17.521943942893255
74.39	16.15611405089828
74.4	30.815866858061824
74.41	26.434726608077252
74.42	20.315629767433297
74.43	19.62952117999917
74.44	17.260240667627887
74.45	21.09933533753067
74.46000000000001	16.548619902308197
74.47	13.785180719809293
74.48	14.313160752596279
74.49	27.708260120690692
74.5	28.33768368509854
74.51	25.58861872232229
74.52	20.15369735137959
74.53	15.95049302877009
74.54	19.729535938919415
74.55	17.64879830654095
74.56	18.76935157105906
74.57000000000001	22.8410363125085
74.58	22.684561938766976
74.59	18.60365826803888
74.60000000000001	20.553034294248793
74.61	27.07880921878674
74.62	21.44443203940257
74.63	16.914230972108477
74.64	26.679272371556937
74.65	22.962712348047287
74.66	19.864057536173178
74.67	18.071047266404932
74.68	23.239411666294558
74.69	21.707662995823124
74.7	24.46581435527701
74.71000000000001	23.661328191584033
74.72	20.919045237912353
74.73	18.07165134836965
74.74	16.696634958508138
74.75	16.88212751524588
74.76	19.83630465119222
74.77	16.355901798292994
74.78	14.243411291171315
74.79	16.15243351172142
74.8	14.399857393966787
74.81	11.757565899427325
74.82000000000001	13.16495389526118
74.83	14.401204280641348
74.84	12.122973305241635
74.85000000000001	16.301302204514332
74.86	16.62972827075181
74.87	17.121497203191378
74.88	14.423589058044207
74.89	11.80916116052001
74.9	14.290266619102743
74.91	15.20612775642896
74.92	14.708001024531665
74.93	11.550714783342972
74.94	8.375926487624302
74.95	9.893025152816199
74.96000000000001	7.92663680819811
74.97	7.647320822914986
74.98	6.938984065793956
74.99	5.089017981262633
75.0	6.766755511516917
75.01	10.139022620119746
75.02	7.959084970052551
75.03	8.591320534026853
75.04	9.14723419199759
75.05	12.741138870491058
75.06	12.576214317106125
75.07000000000001	10.95574994519515
75.08	10.379580568564593
75.09	12.867051277904098
75.10000000000001	11.938776542319381
75.11	11.559183788362763
75.12	10.48649697009867
75.13	8.693289862183788
75.14	11.296054134432385
75.15	9.727265328158138
75.16	10.180083506898674
75.17	8.633612062568488
75.18	8.868610338877168
75.19	8.271498220984155
75.2	17.75952123347589
75.21000000000001	18.84281618444075
75.22	19.820327785558742
75.23	20.768753386504724
75.24	22.372527701856782
75.25	18.152461028842026
75.26	17.611371753012122
75.27	18.846595055733513
75.28	16.11946429635547
75.29	11.944397184240659
75.3	7.5806215396244605
75.31	3.7829719431379436
75.32000000000001	4.971240668631154
75.33	6.898335466978286
75.34	5.599530522954882
75.35000000000001	5.655290874845796
75.36	3.0754132411884916
75.37	0.34341485719852993
75.38	-4.228640402153942
75.39	-4.020896268505802
75.4	-8.346717507230872
75.41	-10.629423529367488
75.42	-10.592973089460921
75.43	-9.917095993599062
75.44	-10.737973314405322
75.45	-7.850009807626139
75.46000000000001	-8.435579835692376
75.47	-11.45601690546237
75.48	-12.387033766834346
75.49	-16.55291311291094
75.5	-17.53941620971248
75.51	-13.658428953759175
75.52	-13.093271349938984
75.53	-10.255604210400023
75.54	-9.834706529518899
75.55	-17.542119638452814
75.56	-20.271169789950985
75.57000000000001	-20.620139658847638
75.58	-16.34552848130579
75.59	-14.534188914267272
75.60000000000001	-11.869538758290497
75.61	-11.123195250236071
75.62	-12.186173545273292
75.63	-10.099137973427482
75.64	-10.13823166565374
75.65	-17.625219806722942
75.66	-19.948235462648636
75.67	-19.445412602829723
75.68	-22.310351977441492
75.69	-17.533395560074986
75.7	-13.66821048124939
75.71000000000001	-14.41150423650806
75.72	-16.24465320389474
75.73	-28.70654928425095
75.74	-24.27124448362884
75.75	-23.58476782433683
75.76	-35.23709671543279
75.77	-27.496252780524305
75.78	-23.982143510362146
75.79	-22.80739240520459
75.8	-20.99668601706341
75.81	-20.7966918086468
75.82000000000001	-19.675379136478043
75.83	-16.62668149300272
75.84	-13.394452391890225
75.85000000000001	-11.083641516355359
75.86	-10.728612176155407
75.87	-9.830500529844326
75.88	-9.900562564633685
75.89	-12.061770143052966
75.9	-10.896667183963562
75.91	-9.635307768970387
75.92	-14.42990134547381
75.93	-17.88342633123914
75.94	-19.023926760949376
75.95	-16.97097396657187
75.96000000000001	-15.75140867595166
75.97	-16.240308155983392
75.98	-17.241186052417746
75.99	-14.262420104429909
76.0	-10.882032710055512
76.01	-8.094617520863444
76.02	-7.354070898445722
76.03	-8.446067358725996
76.04	-8.026731328004468
76.05	-7.274014122166286
76.06	-7.871407352892293
76.07000000000001	-9.511531747632914
76.08	-11.320317825526933
76.09	-9.665667612869242
76.10000000000001	-12.711198164392721
76.11	-13.623090901932187
76.12	-11.992090481372298
76.13	-14.48596022140183
76.14	-13.332326486805307
76.15	-10.057122386633186
76.16	-17.382895912766422
76.17	-13.43978544477075
76.18	-13.513666727589873
76.19	-16.613190390914596
76.2	-18.863519154006735
76.21000000000001	-19.2995175874731
76.22	-18.49415254457142
76.23	-15.423509167631794
76.24	-12.225753662182006
76.25	-10.802613876926726
76.26	-8.606790197689993
76.27	-8.435759320071973
76.28	-11.129755656203084
76.29	-10.114460124660955
76.3	-10.636994170160145
76.31	-8.674224659041132
76.32000000000001	-11.026644236347062
76.33	-20.479072343059784
76.34	-22.42992424197303
76.35000000000001	-19.547569986810576
76.36	-20.032907753800536
76.37	-17.776866003962233
76.38	-21.597591047891587
76.39	-19.29891813394948
76.4	-24.933956161106778
76.41	-27.221537577197882
76.42	-27.65555227108049
76.43	-22.829962525828456
76.44	-20.175194005081003
76.45	-18.289913399490676
76.46000000000001	-19.01804067945682
76.47	-14.749650420760757
76.48	-13.885658686405442
76.49	-14.264653688302298
76.5	-15.286377760449131
76.51	-14.276668944723585
76.52	-18.931577514561873
76.53	-18.690287164644875
76.54	-20.907241631992044
76.55	-16.303690881732013
76.56	-13.257960835833732
76.57000000000001	-12.81178459457035
76.58	-14.298527480975906
76.59	-14.996583173804948
76.60000000000001	-17.251593331737787
76.61	-13.352547469473416
76.62	-12.258399586105973
76.63	-10.16857639626201
76.64	-11.467908454201291
76.65	-12.730617941746317
76.66	-13.352212212482383
76.67	-16.610476188720547
76.68	-19.60700433816438
76.69	-22.266910396348262
76.7	-21.627936523311508
76.71000000000001	-20.909291978428794
76.72	-22.88731285917392
76.73	-22.478521501649098
76.74	-19.09067835839693
76.75	-18.154020323371935
76.76	-14.349230149390058
76.77	-11.185504260137584
76.78	-9.230115432994399
76.79	-10.748183812214656
76.8	-11.440411809341725
76.81	-8.794107313388958
76.82000000000001	-12.496122324907759
76.83	-14.061797051815134
76.84	-20.873293337323663
76.85000000000001	-15.403550154530008
76.86	-17.909974576483858
76.87	-18.078694299798826
76.88	-16.535166065461933
76.89	-13.160630898270297
76.9	-13.141605137073418
76.91	-15.261329429465022
76.92	-16.80675972383227
76.93	-14.057056360704316
76.94	-20.505024517718994
76.95	-19.342857732932433
76.96000000000001	-14.447886970573112
76.97	-14.822405818118053
76.98	-12.357239984625934
76.99	-13.309854490438289
77.0	-13.736306376539197
77.01	-14.430935011902834
77.02	-13.526101695117836
77.03	-13.676754384296315
77.04	-10.309040498225537
77.05	-8.176756810647824
77.06	-10.109872588745699
77.07000000000001	-15.594100082622067
77.08	-15.15288811455249
77.09	-14.116443234389076
77.10000000000001	-18.069065563881917
77.11	-16.167327087293224
77.12	-20.815504107830968
77.13	-17.08936518826518
77.14	-13.75850124294543
77.15	-18.06071196522062
77.16	-14.03222301322896
77.17	-15.632295737976193
77.18	-13.204342267018266
77.19	-14.521981896405014
77.2	-11.661205432248739
77.21000000000001	-9.03387348094229
77.22	-6.1786274421887075
77.23	-3.9520793029333703
77.24	-1.8396486461225319
77.25	-2.369325622466951
77.26	-0.8515011054871504
77.27	0.9580036105194775
77.28	4.89953787655695
77.29	6.706976703331259
77.3	4.078844434211529
77.31	6.293965233542933
77.32000000000001	7.705874875817394
77.33	11.111835885629231
77.34	12.334836351384594
77.35000000000001	16.405845369028487
77.36	18.749118345854384
77.37	16.539746542930835
77.38	18.087508638698782
77.39	14.42882947258561
77.4	12.674580782023101
77.41	13.705252777455785
77.42	14.51757596200482
77.43	15.579867423049263
77.44	16.852544097584072
77.45	14.321496467368918
77.46000000000001	14.830299348904921
77.47	16.63799845121233
77.48	22.858583590966806
77.49	20.147305987568714
77.5	15.93459648643248
77.51	13.106042617344718
77.52	11.488833366434978
77.53	11.22139630383446
77.54	10.596343936987592
77.55	14.675485803966165
77.56	11.11981088199936
77.57000000000001	12.11622721904795
77.58	21.64059501011463
77.59	21.3594599033607
77.60000000000001	16.544143464772123
77.61	12.973857790036467
77.62	9.077177304824247
77.63	7.397839714523911
77.64	5.572437346292784
77.65	2.589737866692265
77.66	5.239096007639271
77.67	4.328903960375585
77.68	6.473974449734603
77.69	7.294840640058241
77.7	6.036542882970742
77.71000000000001	5.315232693101565
77.72	4.808925092138465
77.73	6.2108268514913405
77.74	8.557019116752969
77.75	8.53655973614272
77.76	13.239636441249065
77.77	15.395694557915926
77.78	15.237347324179883
77.79	14.138261233008933
77.8	14.298735952445474
77.81	14.186302927134387
77.82000000000001	12.131035328155336
77.83	17.880809651172385
77.84	14.473658792784208
77.85000000000001	14.271383673828641
77.86	12.594017546305059
77.87	13.0252348692933
77.88	11.860741399724494
77.89	10.054998166149991
77.9	12.661032091753112
77.91	15.568395188588767
77.92	13.3532653702473
77.93	13.919891974264925
77.94	16.62929963798654
77.95	23.208002821082015
77.96000000000001	18.16334325097004
77.97	15.543604561683528
77.98	13.826886153102993
77.99	16.67201705244032
78.0	13.998280006612806
78.01	14.189633100558462
78.02	11.256036726082117
78.03	9.482872888879443
78.04	16.465427686514193
78.05	23.504186713156095
78.06	30.97607619988464
78.07000000000001	41.47179854871868
78.08	40.2626582001923
78.09	36.51775743727203
78.10000000000001	31.059297122675776
78.11	38.35061590515769
78.12	36.22547345596785
78.13	28.937327154880233
78.14	27.84890375008932
78.15	21.956721657382623
78.16	19.407438145535878
78.17	24.793408955093224
78.18	20.1451944025808
78.19	18.305642951853372
78.2	17.82386992475726
78.21000000000001	16.898668787765548
78.22	17.740144174556892
78.23	15.349094397808571
78.24	12.096535186995597
78.25	9.16331419587358
78.26	6.896497850039577
78.27	4.629681504208792
78.28	2.8953790540474866
78.29	3.086880114928864
78.3	5.379552137267428
78.31	9.202690429891886
78.32000000000001	13.30403738898951
78.33	15.71050093549239
78.34	15.919704258712567
78.35000000000001	18.228799501015235
78.36	15.759664076171747
78.37	19.825813720310908
78.38	15.398890180615965
78.39	25.505260975807534
78.4	23.810579895460965
78.41	23.892095860597774
78.42	28.75246979976382
78.43	23.631672062095806
78.44	18.10583660623064
78.45	16.509045966652806
78.46000000000001	13.327868947221061
78.47	11.94953165265192
78.48	12.450410947375328
78.49	15.320190268724339
78.5	13.299160561167865
78.51	18.02620508093242
78.52	15.620637419916786
78.53	14.516343269556739
78.54	10.726648111256512
78.55	8.620432492546723
78.56	8.66933750585965
78.57000000000001	14.62389912851643
78.58	14.224095551348984
78.59	13.164788663195568
78.60000000000001	11.272077478336522
78.61	18.265566665412294
78.62	17.58154364060949
78.63	19.393072466969276
78.64	17.003813817523476
78.65	13.762638537726048
78.66	14.363934365429527
78.67	14.042460245015645
78.68	16.754092360694983
78.69	13.881754159583226
78.7	16.388781913557466
78.71000000000001	23.33046846534347
78.72	27.286687368536874
78.73	25.788997976995145
78.74	22.641616288585336
78.75	19.600159225016334
78.76	18.580056810088166
78.77	19.748120546697585
78.78	23.306838598894743
78.79	17.74738630681627
78.8	14.477283900007516
78.81	13.645549021395167
78.82000000000001	12.316022376456782
78.83	14.433185464875027
78.84	13.049939785054503
78.85000000000001	11.778366576472697
78.86	10.834938193844458
78.87	15.56130719095718
78.88	14.956973147854168
78.89	13.648922281835219
78.9	13.42014338346614
78.91	14.805063816952234
78.92	13.451216039838487
78.93	11.348316859849856
78.94	17.19405851884365
78.95	14.782161111996087
78.96000000000001	12.604726481721594
78.97	11.272730624541069
78.98	15.837539690482291
78.99	12.814068343929618
79.0	11.252457907294994
79.01	15.212526788871973
79.02	13.890219085448177
79.03	12.741367748904713
79.04	14.461470725254948
79.05	21.440403193661584
79.06	25.195781205395146
79.07000000000001	19.532132433556306
79.08	17.61285796829066
79.09	16.35669063677253
79.10000000000001	12.781906746611087
79.11	10.570176780176995
79.12	8.312699996183534
79.13	7.541360765310344
79.14	6.293938398578312
79.15	8.268033313457451
79.16	7.142415154191614
79.17	7.629977153236983
79.18	7.7381251571197005
79.19	11.279506320195047
79.2	9.320476447721367
79.21000000000001	7.39640521770442
79.22	5.97797014959605
79.23	8.868215507144727
79.24	7.504619704806066
79.25	7.110140580345033
79.26	6.215301063265135
79.27	4.658855773770913
79.28	4.555998410867122
79.29	7.404797250905879
79.3	9.344505639737461
79.31	9.440536519283906
79.32000000000001	10.626012744175949
79.33	17.321294762053576
79.34	19.284689182337104
79.35000000000001	14.912535311031013
79.36	13.786705689605588
79.37	12.673903080330401
79.38	10.576061623618692
79.39	10.260780252368258
79.4	10.110294600652491
79.41	10.649519331082768
79.42	9.884196602528146
79.43	12.020657171091926
79.44	9.616741318017533
79.45	9.861974667655842
79.46000000000001	9.727018495052553
79.47	9.108245461609746
79.48	6.183883073751354
79.49	8.309427429714072
79.5	8.491482670285416
79.51	8.38365357566882
79.52	6.84056318720352
79.53	16.09596320200928
79.54	16.426589618185794
79.55	21.36662403818119
79.56	18.174088227397885
79.57000000000001	14.822238641024079
79.58	12.55172884400134
79.59	10.346924120400216
79.60000000000001	11.826134304168741
79.61	12.31227040798047
79.62	13.534102291258447
79.63	11.813615601713307
79.64	13.708207151884666
79.65	10.19749842913329
79.66	9.814143692194941
79.67	11.02006414483674
79.68	9.714955274685847
79.69	10.249771784336515
79.7	7.1495122131169095
79.71000000000001	5.986898096152063
79.72	5.270035372396504
79.73	5.893858982398883
79.74	7.383346240067191
79.75	14.277356458675683
79.76	12.225863998575111
79.77	20.834737019192833
79.78	16.49870335831324
79.79	17.473343146226078
79.8	26.19439569480569
79.81	25.435257689097227
79.82000000000001	25.750059796469333
79.83	22.255926021253952
79.84	27.768103112242418
79.85000000000001	30.312050798445096
79.86	23.427391508725787
79.87	27.330628643660813
79.88	24.007318194185814
79.89	22.132408310323758
79.9	18.296228001638845
79.91	14.150780539916516
79.92	15.236585666379504
79.93	15.993957544758766
79.94	18.97935535134739
79.95	16.42612669607923
79.96000000000001	13.2315668932365
79.97	14.86624828871953
79.98	14.810964668922281
79.99	18.81482030205327
80.0	16.791208905850958
80.01	13.091139192222597
80.02	12.352162794633958
80.03	12.01332540642959
80.04	9.489325545488635
80.05	11.73684518514533
80.06	10.643817707884093
80.07000000000001	8.248902017128698
80.08	9.516901085257297
80.09	9.158610434997847
80.10000000000001	12.012320382775044
80.11	13.57121609068726
80.12	11.875750612437912
80.13	10.860127136013169
80.14	12.108085311603057
80.15	12.499123178049702
80.16	11.645503678139434
80.17	11.581501086018239
80.18	8.841364979738449
80.19	5.863790461669382
80.2	4.9315750820139295
80.21000000000001	4.896182253061075
80.22	5.645255796728535
80.23	7.497431916651326
80.24	5.814641132840136
80.25	8.361187242119616
80.26	8.90083583072736
80.27	7.864575801414749
80.28	7.8513287380228975
80.29	12.905831048312177
80.3	10.523036797677566
80.31	9.278223799068819
80.32000000000001	6.817366877076632
80.33	10.847776828994283
80.34	14.11289594354304
80.35000000000001	19.898862013948513
80.36	24.378808291829543
80.37	21.848927940234844
80.38	21.475660646402396
80.39	24.405581528406685
80.4	24.608220974160925
80.41	25.053681631171756
80.42	24.929347698721333
80.43	19.72655123600417
80.44	19.197568373359573
80.45	22.666765477970777
80.46000000000001	17.62620806444835
80.47	18.80604398434965
80.48	19.664709398576488
80.49	19.731606396288292
80.5	15.627557061739802
80.51	12.162237550705782
80.52	9.50921639204006
80.53	7.720856710320749
80.54	7.220764070163474
80.55	4.126053866735352
80.56	3.5841402005142946
80.57000000000001	8.728555599321664
80.58	13.827011092377626
80.59	14.404049407878713
80.60000000000001	12.090435984507339
80.61	10.351801145369416
80.62	12.70835305151095
80.63	12.014876993986427
80.64	11.155304107917372
80.65	11.018467307442547
80.66	11.40371665613445
80.67	10.409929410447265
80.68	9.478039997535845
80.69	12.336767963181774
80.7	11.216852170797871
80.71000000000001	16.676222922963063
80.72	13.956243312550248
80.73	16.631826257615945
80.74	17.574301912329503
80.75	14.338701973726769
80.76	12.01001483303459
80.77	16.47033527247848
80.78	20.235371124969582
80.79	17.45656165378985
80.8	15.206320178642542
80.81	17.732602794968862
80.82000000000001	16.167802335238484
80.83	22.96280853523274
80.84	28.37364353940479
80.85000000000001	22.102228165287077
80.86	16.526590398607237
80.87	15.157180332243806
80.88	14.480568626081446
80.89	11.099297713991666
80.9	9.034094876983529
80.91	9.096913525486178
80.92	11.82250304595896
80.93	10.965338284869501
80.94	18.78686041502796
80.95	16.45283343474554
80.96000000000001	12.772252660358063
80.97	11.48923234905867
80.98	12.399469880142378
80.99	20.925187235686003
81.0	17.273799762421923
81.01	15.19961283538215
81.02	22.82058718798641
81.03	20.831524798832117
81.04	18.13519924571422
81.05	25.770691940116905
81.06	25.26290351242478
81.07000000000001	24.462657165578964
81.08	20.380308076798315
81.09	17.72754399270049
81.10000000000001	23.291886528651695
81.11	21.7936942533011
81.12	21.550106659755595
81.13	28.896057575400693
81.14	21.9523895273362
81.15	22.38872373375231
81.16	17.432383818811978
81.17	14.212155990454118
81.18	14.236124530046515
81.19	14.447825019868338
81.2	11.32618078582565
81.21000000000001	8.7151864416394
81.22	12.93374656194184
81.23	13.8940186098252
81.24	10.358395711669884
81.25	9.682434717328931
81.26	12.365965299879395
81.27	12.905697980456322
81.28	10.73090489840538
81.29	12.826772905578121
81.3	14.007411162727948
81.31	14.013811804858038
81.32000000000001	15.3338641802207
81.33	16.190583828180056
81.34	17.35984104045133
81.35000000000001	18.46834481653518
81.36	18.542029691543604
81.37	16.352554536404064
81.38	18.660724213210084
81.39	15.353608338354181
81.4	16.73689237347607
81.41	13.111659628130637
81.42	8.40758901205793
81.43	8.23094708018569
81.44	12.525786958211231
81.45	11.405860087411359
81.46000000000001	12.6042440954135
81.47	9.813215298387158
81.48	4.798501345920999
81.49	3.883082019882783
81.5	3.0735948067449783
81.51	4.212555146774015
81.52	3.997188147741785
81.53	4.158451167836063
81.54	3.6871520001149305
81.55	1.5043394384026176
81.56	-0.07198496223668707
81.57000000000001	0.8911000320224
81.58	-2.190836589703539
81.59	-1.2358806223127605
81.60000000000001	-1.8648126756950991
81.61	0.6456960065696582
81.62	1.7875665105258842
81.63	0.8738929236627055
81.64	-1.9062768408295674
81.65	-1.8111092274759142
81.66	-3.8276765374193302
81.67	-3.67865254955576
81.68	-2.6383877287039623
81.69	-2.0516120008748198
81.7	-5.821441712021516
81.71000000000001	-3.67223989938995
81.72	-4.255884647919066
81.73	-3.3744350323349543
81.74	-0.3008202285435673
81.75	3.1612256259436307
81.76	4.819544008927263
81.77	5.219380494618802
81.78	8.623190776229185
81.79	7.1012112366322775
81.8	5.433964241801959
81.81	4.198271239261126
81.82000000000001	4.430812410353168
81.83	5.037132418261408
81.84	9.874869831683068
81.85000000000001	14.780154221290891
81.86	13.45615645337974
81.87	14.196121630125218
81.88	10.638255052466864
81.89	8.336101500754225
81.9	6.688667249525809
81.91	6.264750881095793
81.92	8.414243928805226
81.93	9.085613215985298
81.94	7.22320457392397
81.95	8.198961953793559
81.96000000000001	7.045943656033448
81.97	8.362429936165132
81.98	8.608622734205294
81.99	5.982189419016013
82.0	3.6737372884209423
82.01	2.732258095556107
82.02	3.406130753047683
82.03	4.041672405071
82.04	-0.524629096434634
82.05	-2.814789056291435
82.06	1.2315639711312782
82.07000000000001	0.9975838217332584
82.08	0.7053052874445104
82.09	-0.6287420225274053
82.10000000000001	-0.8828445117015725
82.11	0.1961991741153187
82.12	-3.1519863852228207
82.13	-4.834503306313093
82.14	-7.4269914165284465
82.15	-6.967359858955191
82.16	-6.040293256381898
82.17	-6.108523581030449
82.18	-6.617762647835728
82.19	-6.899182906422658
82.2	-6.091383708502097
82.21000000000001	-5.227260580955715
82.22	-6.276058686574441
82.23	-6.3622909865815025
82.24	-4.823425644950406
82.25	-6.679574299674199
82.26	-5.599259792205786
82.27	-6.0514088262764405
82.28	-9.946293106864642
82.29	-14.162795336796243
82.3	-24.02231071001409
82.31	-20.31264379958046
82.32000000000001	-17.98324651007133
82.33	-16.77325159474774
82.34	-14.97593104254054
82.35000000000001	-14.999545499276541
82.36	-11.449186722294577
82.37	-9.549347223425661
82.38	-14.306438863103775
82.39	-19.01959540770711
82.4	-23.85044281937713
82.41	-20.303840111833882
82.42	-29.177589336540333
82.43	-27.888853805950912
82.44	-30.88243028382812
82.45	-24.46292507199963
82.46000000000001	-24.21489425527039
82.47	-30.92592899695884
82.48	-26.35902855225085
82.49	-30.323545324806293
82.5	-25.092670381040847
82.51	-32.42860239065835
82.52	-27.422286229006126
82.53	-25.666162335534004
82.54	-20.026252580734372
82.55	-17.396159591610022
82.56	-18.07509204768304
82.57000000000001	-14.68110656189221
82.58	-12.904270113688236
82.59	-11.349349051229831
82.60000000000001	-11.573026455555807
82.61	-17.00519520564151
82.62	-21.96994612826453
82.63	-18.975721451363896
82.64	-17.05915156823626
82.65	-15.794433036447451
82.66	-14.30459403632957
82.67	-15.085472545383999
82.68	-17.247352958100237
82.69	-16.873547100937774
82.7	-14.160064600635305
82.71000000000001	-10.8958941021261
82.72	-14.336240617408324
82.73	-14.455168848337937
82.74	-14.860776453682012
82.75	-11.298939884408075
82.76	-11.086460026035024
82.77	-7.783218328426405
82.78	-6.287922569652147
82.79	-6.675651748411507
82.8	-6.013892290708365
82.81	-5.089026843148951
82.82000000000001	-2.811055107691676
82.83	-0.2250772048972523
82.84	2.2293992361916337
82.85000000000001	6.556004578062578
82.86	5.389810215642761
82.87	4.775170504764968
82.88	6.053745003104923
82.89	7.417094383936405
82.9	14.493595999997002
82.91	12.984717087597106
82.92	10.082550889462604
82.93	7.801909604809982
82.94	13.269982891732395
82.95	13.24856258213478
82.96000000000001	17.227548907682234
82.97	22.454197148293296
82.98	26.53030503019273
82.99	29.605178019381185
83.0	25.073946086076358
83.01	28.575674910567788
83.02	25.143403774280834
83.03	21.786011871111054
83.04	24.196070892512807
83.05	22.717087367892912
83.06	20.31691530445908
83.07000000000001	24.142339059644904
83.08	19.035192346657748
83.09	20.49531146064774
83.10000000000001	20.37381918647322
83.11	16.266955087886014
83.12	16.6849921919906
83.13	20.738836389437235
83.14	21.82421407418597
83.15	30.524317773159186
83.16	26.397805050922745
83.17	27.455547801997728
83.18	22.262922255462428
83.19	20.784631134666686
83.2	17.14288450783152
83.21000000000001	14.670929772914242
83.22	11.934009473951757
83.23	13.553543671315177
83.24	12.88767560555269
83.25	16.261545844503463
83.26	13.268530151978336
83.27	10.730239900249968
83.28	9.758472982679876
83.29	7.362169075837913
83.3	9.780804532109379
83.31	9.349863960203242
83.32000000000001	6.279511908433942
83.33	4.265919285842358
83.34	5.816511839765483
83.35000000000001	10.951056340394803
83.36	9.54846627355057
83.37	7.597973421927026
83.38	12.807922406162051
83.39	10.947025806891837
83.4	9.37966302220277
83.41	7.503130553612714
83.42	7.112212369787531
83.43	8.941123138074673
83.44	7.637662417880507
83.45	12.599937208883087
83.46000000000001	15.32504382635774
83.47	12.85455033554845
83.48	12.256540402762232
83.49	11.299593777536098
83.5	9.87117134214632
83.51	8.737178906253353
83.52	6.91154479788001
83.53	8.361880666982287
83.54	7.62353556095597
83.55	7.022682661373879
83.56	9.485107138055172
83.57000000000001	7.351029548291904
83.58	8.311339972703466
83.59	15.358421169223352
83.60000000000001	14.221195414421908
83.61	12.021249335173932
83.62	11.057072442671007
83.63	12.561335021526657
83.64	12.922884966595895
83.65	12.53664589104737
83.66	9.883282299318344
83.67	9.80423993543736
83.68	7.597196043079352
83.69	7.990896828555199
83.7	7.240384970490469
83.71000000000001	4.07264880175803
83.72	2.9026435975859215
83.73	3.2205262971487394
83.74	1.0956116292778142
83.75	-2.5939881409555636
83.76	0.7282382816092282
83.77	0.9514095580961631
83.78	-2.695634233388103
83.79	-5.193497062486997
83.8	-4.093743378693372
83.81	-5.904886572155173
83.82000000000001	-1.9723580930736753
83.83	-5.111290126801155
83.84	-4.938610579072899
83.85000000000001	-5.7488575957335195
83.86	-7.947967943991333
83.87	-4.348784902402067
83.88	0.027890400454125806
83.89	3.7565764348115036
83.9	2.4003191568845423
83.91	4.396279106810127
83.92	7.041492544131615
83.93	7.9878787808925305
83.94	13.413743312683977
83.95	15.780444795902914
83.96000000000001	13.474086777880649
83.97	13.851240027947865
83.98	17.07276077225798
83.99	14.920796481858948
84.0	11.601000450182486
84.01	9.882450108712277
84.02	13.501587810679634
84.03	18.147352809622276
84.04	16.561144910716322
84.05	21.592639839354163
84.06	19.852690360993286
84.07000000000001	15.935202191490736
84.08	18.271832503715665
84.09	19.025705675307027
84.10000000000001	14.749919309990226
84.11	16.88611904016443
84.12	21.46836229202526
84.13	32.14978980202087
84.14	26.5409114636678
84.15	20.42746658321952
84.16	23.129156694914204
84.17	21.946934203429585
84.18	16.75109859183039
84.19	15.32080527123043
84.2	12.94100722608174
84.21000000000001	11.21200013371705
84.22	12.292261926591285
84.23	11.825926338769031
84.24	10.96409623482318
84.25	10.502245366310175
84.26	11.46274501937318
84.27	10.742236119223758
84.28	14.45087801931689
84.29	12.70084258763517
84.3	13.423218150455181
84.31	15.124285082349067
84.32000000000001	19.263035501214755
84.33	29.34790656561562
84.34	26.27798839369129
84.35000000000001	26.88280109266591
84.36	33.01760070602629
84.37	34.08176487528245
84.38	38.88523480954277
84.39	34.792059469640904
84.4	34.63333372217369
84.41	30.14818638615057
84.42	32.6149809474381
84.43	25.70961610676445
84.44	25.30596792560312
84.45	26.48694270467104
84.46000000000001	30.509397106058724
84.47	23.715373273391727
84.48	22.02396317141781
84.49	23.100132795736933
84.5	29.88977465005307
84.51	27.355080993467467
84.52	25.00808007569969
84.53	23.225473357122695
84.54	20.15986417807866
84.55	24.347777908235557
84.56	20.2983667704302
84.57000000000001	19.66372876762159
84.58	20.187849629800624
84.59	20.658726486671537
84.60000000000001	23.26019155457802
84.61	24.305147642951184
84.62	18.46947299386524
84.63	18.371591729250408
84.64	17.156204892402812
84.65	16.476161412118774
84.66	18.379431458286444
84.67	16.63362566781355
84.68	14.391112072938386
84.69	12.8431585017599
84.7	13.07906917876516
84.71000000000001	11.367831945265896
84.72	9.084418484893657
84.73	9.167874192216102
84.74	7.814587464020495
84.75	7.334572866891148
84.76	8.267258026140745
84.77	7.76624172305906
84.78	8.330771741137001
84.79	7.570739229114215
84.8	12.45575276714665
84.81	10.508208493931585
84.82000000000001	8.944088522706867
84.83	8.457585557549683
84.84	9.374811860718793
84.85000000000001	9.795120221178621
84.86	13.751176890930845
84.87	12.570733876020498
84.88	11.825944433674776
84.89	12.889015704582853
84.9	17.055532636741727
84.91	23.65484583565586
84.92	20.23308924483413
84.93	20.995966629518254
84.94	19.45217336770954
84.95	23.028292338730758
84.96000000000001	27.059496936704775
84.97	22.660756228442448
84.98	28.689030651885133
84.99	25.868045986989696
85.0	24.00458862917732
85.01	20.04620884805344
85.02	16.673908701401007
85.03	15.011993482907709
85.04	17.331452324298063
85.05	16.90065254016313
85.06	18.098179101947576
85.07000000000001	14.229774952826038
85.08	12.870869038614307
85.09	12.260260715206295
85.10000000000001	11.37554002341596
85.11	12.253692351179101
85.12	12.25580432978754
85.13	11.626698042346513
85.14	12.82461280639904
85.15	11.936448984495867
85.16	17.985983590537536
85.17	16.909746332628753
85.18	24.126375961285508
85.19	21.188345975737676
85.2	24.907361040986913
85.21000000000001	23.290863955416864
85.22	24.814540186091545
85.23	29.40552674336675
85.24	34.3064453270792
85.25	30.388816020801684
85.26	24.45905768679846
85.27	19.085569870943626
85.28	14.677584016681045
85.29	10.925932284266601
85.3	11.062535362160135
85.31	11.391145064877316
85.32000000000001	13.379115742507098
85.33	20.106882308218523
85.34	15.699926517236413
85.35000000000001	16.161212269599194
85.36	13.115786691843294
85.37	10.475361701709184
85.38	9.85666040689248
85.39	12.428300666067077
85.4	9.72809011807593
85.41	9.79038397018191
85.42	8.998682456938669
85.43	9.353835603130259
85.44	8.980786802926886
85.45	8.682458252246809
85.46000000000001	9.216941503913947
85.47	10.936137001408992
85.48	12.263887623487296
85.49	14.020357271656522
85.5	11.002911380470408
85.51	12.667313455730902
85.52	9.1234292755522
85.53	7.108875248176188
85.54	7.598004713285451
85.55	12.669202470840522
85.56	12.406012138197067
85.57000000000001	11.561632802154994
85.58	10.60549765825996
85.59	12.188541075327471
85.60000000000001	10.305400824610166
85.61	15.730322900226776
85.62	16.907175424931793
85.63	17.313913890979155
85.64	17.603512978528112
85.65	19.89313610179524
85.66	15.63092705033023
85.67	18.963105570324675
85.68	19.447400704760557
85.69	14.919277306687466
85.7	11.16894261356765
85.71000000000001	9.475449761550767
85.72	18.918909691015248
85.73	15.997826903249097
85.74	13.325244472821836
85.75	13.889788773390128
85.76	15.348888024916212
85.77	20.64937300967849
85.78	17.85473697495234
85.79	18.030534019725785
85.8	18.96250555490563
85.81	15.70835462900126
85.82000000000001	12.2935905416565
85.83	10.016560169370244
85.84	19.561848903066284
85.85000000000001	15.06295304160264
85.86	14.408451885957552
85.87	10.772117249932224
85.88	8.33999591275482
85.89	9.254404264529713
85.9	12.030187144602474
85.91	6.94379924067327
85.92	3.522781695851969
85.93	6.499141633646299
85.94	5.379212751481368
85.95	3.0321262383677814
85.96000000000001	1.8974044316259167
85.97	3.699343326322537
85.98	5.377118253730192
85.99	3.99898029806426
86.0	1.0798526727356104
86.01	1.5643408150419167
86.02	1.207867754845842
86.03	1.4820536101203177
86.04	3.633736632789032
86.05	5.003742690929493
86.06	4.290855719907734
86.07000000000001	5.021412158436921
86.08	3.8440063745596342
86.09	5.029991512291302
86.10000000000001	10.383285994147842
86.11	12.181393179118661
86.12	14.917124466978365
86.13	15.457485767580744
86.14	11.983319877332912
86.15	16.414171524086335
86.16	15.668217955321955
86.17	11.618135253932873
86.18	9.693643047952657
86.19	11.828878488874677
86.2	10.354207101086265
86.21000000000001	9.092065187009547
86.22	9.287475839901195
86.23	5.869436672713559
86.24	6.69817085952225
86.25	16.292070999500172
86.26	14.535250923343977
86.27	11.77134456261672
86.28	17.483333532551352
86.29	19.37278020894751
86.3	19.660239579502708
86.31	21.185929632230955
86.32000000000001	24.30707951802644
86.33	20.722522910633487
86.34	17.768953724463355
86.35000000000001	18.395530831443295
86.36	16.224096076092376
86.37	15.853508835344087
86.38	14.409347237831568
86.39	13.90481097883315
86.4	16.672492964965734
86.41	14.124486553888014
86.42	13.595679615505317
86.43	15.739020035624376
86.44	16.99750210268052
86.45	22.20801355354221
86.46000000000001	17.233518185802346
86.47	16.114772991559242
86.48	17.577698340933427
86.49	14.037792677811224
86.5	12.138201369318331
86.51	13.563988670742079
86.52	14.660719190767342
86.53	16.93800021802735
86.54	17.407650906623495
86.55	12.669741860705905
86.56	10.512836888742841
86.57000000000001	12.852396622623404
86.58	9.936391621235805
86.59	10.616967255899755
86.60000000000001	12.694082918273379
86.61	14.8974100720408
86.62	13.611633815371512
86.63	10.707484956974103
86.64	11.212195315321093
86.65	11.336121111698553
86.66	16.143323027465225
86.67	14.38685242588047
86.68	15.693788289956405
86.69	13.527207911621778
86.7	15.17313363014553
86.71000000000001	13.362284460603325
86.72	10.633768346787564
86.73	11.336975136746595
86.74	14.758939345880691
86.75	16.560600491608245
86.76	15.370204597001958
86.77	16.293688470894505
86.78	24.853270686290518
86.79	23.586048491404323
86.8	19.437491935602328
86.81	23.41747414444284
86.82000000000001	23.748742723189487
86.83	18.29579389329612
86.84	17.93301873108289
86.85000000000001	20.18943402574123
86.86	20.814523892030504
86.87	26.977386494783374
86.88	21.185312307444228
86.89	18.940268999265196
86.9	27.264797166645696
86.91	25.60436476971759
86.92	24.9953415211324
86.93	29.055710857338283
86.94	26.288741402925453
86.95	25.957250201480566
86.96000000000001	26.36258852442177
86.97	22.477264521879235
86.98	19.5025236287342
86.99	17.994951037244086
87.0	14.443426976183135
87.01	15.857749619288521
87.02	18.698680887271372
87.03	15.02913045327561
87.04	12.723500349935188
87.05	13.450806601003483
87.06	13.440872935883977
87.07000000000001	11.33206522207325
87.08	9.101892995149381
87.09	7.487208804590855
87.10000000000001	11.759097188489314
87.11	9.823801151386398
87.12	12.69906250673505
87.13	13.494372433872446
87.14	13.344158970073494
87.15	19.908556419679968
87.16	27.442917469074928
87.17	21.89036762636635
87.18	17.382850898638925
87.19	15.851064487274643
87.2	15.865289290063632
87.21000000000001	19.797286010530335
87.22	23.761904324294047
87.23	26.489485407281393
87.24	28.2837207835454
87.25	22.58608018878203
87.26	20.299316048636356
87.27	15.932880343064888
87.28	13.02994309354747
87.29	11.612148178552925
87.3	9.876095441288943
87.31	8.432429238564264
87.32000000000001	7.648819818123905
87.33	7.043134731760703
87.34	9.115964134479928
87.35000000000001	17.13889603530301
87.36	14.033686592403974
87.37	12.831571299738199
87.38	11.680757731142146
87.39	9.79353750982902
87.4	11.575149244365868
87.41	22.794710201951247
87.42	25.330054533548157
87.43	24.207781912510594
87.44	25.693860991802225
87.45	25.243692277915823
87.46000000000001	20.271354294800403
87.47	21.165855339662713
87.48	17.403476215477532
87.49	18.00183807978904
87.5	22.593885541806667
87.51	23.577449927687677
87.52	29.03970161504455
87.53	26.13272162547134
87.54	21.730252580480588
87.55	18.03142891961487
87.56	16.779047268046504
87.57000000000001	20.391851903359065
87.58	16.700839731628278
87.59	16.72545137502269
87.60000000000001	15.132058248717435
87.61	16.61431056052492
87.62	15.493037811021152
87.63	20.380417641984092
87.64	18.76294702399522
87.65	21.378711184577067
87.66	20.49852377336705
87.67	20.229229719964902
87.68	17.932495933783166
87.69	15.455021249862051
87.7	13.72058856939081
87.71000000000001	16.900960029274405
87.72	19.14273490596998
87.73	17.69947042568305
87.74	19.97251702042969
87.75	21.04325586712631
87.76	23.0288031288798
87.77	18.844878964069387
87.78	15.30505696391618
87.79	14.17326328316164
87.8	10.973391626479524
87.81	8.186471599533098
87.82000000000001	6.8986626092513115
87.83	7.626502481108881
87.84	14.203378073634758
87.85000000000001	14.29781419456983
87.86	16.716707788885767
87.87	12.87179783506695
87.88	10.923557271272003
87.89	9.063380733851227
87.9	7.869153028776417
87.91	7.266184405344254
87.92	6.153964678883215
87.93	7.864907359849621
87.94	8.510785811054413
87.95	7.621286138878086
87.96000000000001	3.676983493882644
87.97	-0.6932692491613407
87.98	-5.917492287570948
87.99	-23.496505467313085
88.0	-21.55013860408061
88.01	-17.195456384453735
88.02	-18.260440524461416
88.03	-17.620363673222837
88.04	-14.186933806669977
88.05	-13.74748611870281
88.06	-13.245455126370057
88.07000000000001	-14.840176669781059
88.08	-11.743403544853837
88.09	-9.531920668718262
88.10000000000001	-10.256784319511592
88.11	-12.3436703267387
88.12	-15.561981402837265
88.13	-16.759432038469207
88.14	-12.519567471371325
88.15	-9.831945782276442
88.16	-7.4798055512594015
88.17	-5.0582510151507165
88.18	-10.81703515302392
88.19	-21.101423582613272
88.2	-29.190409344797153
88.21000000000001	-31.276161854309514
88.22	-24.51470036507092
88.23	-20.359400171358896
88.24	-17.477588801189928
88.25	-15.716047597406956
88.26	-14.36898035719215
88.27	-17.784516323151685
88.28	-18.720996296538345
88.29	-18.257736789688277
88.3	-24.166607089991626
88.31	-22.07113633090559
88.32000000000001	-19.58012243396684
88.33	-22.163044391750727
88.34	-25.334130432388438
88.35000000000001	-26.90610859947525
88.36	-20.975844093227956
88.37	-21.11532914888803
88.38	-17.634254782280635
88.39	-18.61794848622841
88.4	-16.582453329268603
88.41	-20.068200468082125
88.42	-19.00000741930151
88.43	-15.344745935500889
88.44	-20.620690111196115
88.45	-17.92092986910635
88.46000000000001	-20.658624320805657
88.47	-16.268262899514976
88.48	-13.056583993176739
88.49	-18.051652907456976
88.5	-15.837639612088585
88.51	-13.626658076092562
88.52	-11.568691946465702
88.53	-10.476179851724652
88.54	-8.92676764134467
88.55	-6.843531157730742
88.56	-5.710684714516461
88.57000000000001	-9.330455740842535
88.58	-8.689612531889132
88.59	-5.493255971385193
88.60000000000001	-7.7639115121353175
88.61	-8.589385619988644
88.62	-9.696774255593313
88.63	-10.623537377721659
88.64	-14.70443748383568
88.65	-21.885083707222936
88.66	-17.786738329528013
88.67	-21.24109840197276
88.68	-21.067195114356974
88.69	-26.04821959177037
88.7	-29.38673822281953
88.71000000000001	-28.085181825612064
88.72	-22.569662870485384
88.73	-22.579556823613096
88.74	-25.894960518856426
88.75	-22.322051409183462
88.76	-18.148639807130678
88.77	-23.716810821889048
88.78	-18.685694860890266
88.79	-15.108012362552234
88.8	-11.756893440323923
88.81	-8.73233718845994
88.82000000000001	-8.275310993682247
88.83	-6.9991317402377895
88.84	-7.1673609237718825
88.85000000000001	-5.830444358069105
88.86	-5.754412012427256
88.87	-3.883342843928948
88.88	-4.776331537907794
88.89	-8.237363783721753
88.9	-4.482161213731207
88.91	-1.6674460854818165
88.92	0.12196380484354147
88.93	5.410383019486144
88.94	9.82978220946993
88.95	9.726737489551214
88.96000000000001	10.964779964986596
88.97	10.630587893552045
88.98	8.754473562080024
88.99	8.150557381214922
89.0	11.309165387150534
89.01	11.059346389385622
89.02	9.183654275787921
89.03	8.710009064448569
89.04	10.809791713589432
89.05	10.195963447289643
89.06	9.836834634998477
89.07000000000001	9.981563186558144
89.08	9.823724976750889
89.09	9.06397835914996
89.10000000000001	9.933299131606809
89.11	16.385877234643072
89.12	15.285609160597636
89.13	21.06263127489679
89.14	19.42480690419278
89.15	21.587029420176105
89.16	16.812892277721115
89.17	15.778969870916642
89.18	15.66500942473563
89.19	14.924263422063683
89.2	16.7982883968678
89.21000000000001	20.26079203525511
89.22	22.325128282391788
89.23	24.97076221681139
89.24	24.050831779566554
89.25	21.825964897581102
89.26	22.936608731656346
89.27	25.095731903175828
89.28	24.94821445158992
89.29	22.001995417720735
89.3	19.604208128874667
89.31	16.50746106350506
89.32000000000001	13.87866092559338
89.33	12.670862629365146
89.34	10.743505149161027
89.35000000000001	11.543425663605491
89.36	10.99423764748289
89.37	8.894670702146504
89.38	9.841415867156305
89.39	11.394205249896434
89.4	19.54023415913381
89.41	21.239299397969052
89.42	17.84993764263726
89.43	13.761542750933746
89.44	11.02153297018687
89.45	9.528926357778168
89.46000000000001	10.49517690597661
89.47	18.242179339479307
89.48	20.611554815137186
89.49	21.254959568321137
89.5	17.2071144584485
89.51	16.258642714098425
89.52	14.718954336445035
89.53	14.598664113702904
89.54	16.14407414621631
89.55	13.63937716006894
89.56	11.579472284450759
89.57000000000001	10.481207227847852
89.58	15.919452677607216
89.59	14.21292486662734
89.60000000000001	12.074945018304343
89.61	9.936965169984383
89.62	8.910620942602387
89.63	9.919241322298141
89.64	10.927861701995324
89.65	11.590443823501122
89.66	9.00669217176085
89.67	10.383193771918599
89.68	15.026941305256697
89.69	20.46600755712051
89.7	19.21999526752261
89.71000000000001	14.958969636659935
89.72	11.79359909571276
89.73	14.84746152862674
89.74	20.34218724186412
89.75	19.69165352678829
89.76	18.355602945817136
89.77	20.341867218451426
89.78	23.749915545482878
89.79	26.978199978822662
89.8	27.15547130577264
89.81	23.317402239544737
89.82000000000001	24.586365926177717
89.83	18.972790074638006
89.84	18.492220792523366
89.85000000000001	21.653406777054684
89.86	21.90074723064112
89.87	18.24265968843184
89.88	17.362091546520436
89.89	18.87118070890228
89.9	19.347658788416915
89.91	19.080965514337496
89.92	15.02725058310516
89.93	16.00484509809425
89.94	16.79140071624527
89.95	14.383954364547096
89.96000000000001	13.850445305088515
89.97	14.341614175940826
89.98	14.433766381323979
89.99	11.326906410811336
90.0	9.216493222003718
90.01	7.350222385344662
90.02	4.5964434725469205
90.03	3.076199338975674
90.04	0.5613182054109535
90.05	1.6600862853459453
90.06	0.6783052040530859
90.07000000000001	-1.105762386896553
90.08	-3.2825410238658
90.09	-5.733219653666848
90.10000000000001	-3.329594109008958
90.11	-1.4705510075073775
90.12	-4.578732533651287
90.13	-8.090336609295518
90.14	-9.286834455794356
90.15	-17.926878708954213
90.16	-18.772581721263037
90.17	-16.06773656859214
90.18	-15.42032644253692
90.19	-15.102877068146535
90.2	-16.936879194525726
90.21000000000001	-20.887535407691164
90.22	-21.677467449803135
90.23	-20.62346948396714
90.24	-15.896176235276686
90.25	-12.48428517881784
90.26	-12.919272382181935
90.27	-16.407763676152303
90.28	-16.904423454430635
90.29	-15.915415430718593
90.3	-12.506777213191645
90.31	-11.528946786211156
90.32000000000001	-13.589612200615218
90.33	-15.72123683746204
90.34	-15.093034208307655
90.35000000000001	-18.72132627342512
90.36	-15.866074374644143
90.37	-15.973812599401166
90.38	-13.779058617479928
90.39	-18.662331433389248
90.4	-14.929331457178902
90.41	-11.669547007526555
90.42	-12.430747462325584
90.43	-10.482141210575584
90.44	-15.656928375632756
90.45	-17.13965007565879
90.46000000000001	-14.026342598663696
90.47	-11.070962189602245
90.48	-8.082050563775613
90.49	-7.9555556881942175
90.5	-6.586804990014013
90.51	-5.683600876846356
90.52	-10.15557748386521
90.53	-8.798067100757144
90.54	-8.373454964337673
90.55	-8.883084109131223
90.56	-7.477550787603124
90.57000000000001	-5.65414321355386
90.58	-11.687121906335213
90.59	-12.554134133614006
90.60000000000001	-16.325000882042886
90.61	-15.127203549889614
90.62	-12.26479181715595
90.63	-12.083108737836529
90.64	-11.769011011658653
90.65	-17.26114225173971
90.66	-17.924331622614297
90.67	-19.69283899940639
90.68	-20.044895629437743
90.69	-15.291460049780948
90.7	-12.969607532444982
90.71000000000001	-10.479090841879676
90.72	-8.108171905244767
90.73	-8.195225053097806
90.74	-8.28227820095072
90.75	-7.903561397445084
90.76	-9.459456992616564
90.77	-7.852680102781697
90.78	-7.170223297538038
90.79	-8.110132935508918
90.8	-9.745266193399026
90.81	-8.802306058878505
90.82000000000001	-8.159477349156818
90.83	-10.62116730713578
90.84	-13.423853446271059
90.85000000000001	-11.036574684112914
90.86	-9.392672825278437
90.87	-8.342795674556452
90.88	-10.281523047012392
90.89	-13.499083408374512
90.9	-10.158780667493975
90.91	-8.968490590265828
90.92	-9.508963632072561
90.93	-8.607625971826835
90.94	-17.913371573459926
90.95	-14.737855213606275
90.96000000000001	-15.62896607382586
90.97	-16.208299240911245
90.98	-15.05622893376889
90.99	-16.989362423216804
91.0	-15.732025786943769
91.01	-16.910946744138986
91.02	-15.744320143172786
91.03	-15.227362590189356
91.04	-20.167628938611944
91.05	-19.471412412078962
91.06	-15.160147901353868
91.07000000000001	-12.907792412864342
91.08	-12.546757034664084
91.09	-10.627064383405468
91.10000000000001	-9.336998921690837
91.11	-12.567043255268654
91.12	-18.69744828246597
91.13	-19.284657375102963
91.14	-19.190547854976128
91.15	-21.360996110176497
91.16	-16.455402072434953
91.17	-17.74899548897165
91.18	-15.579746815376954
91.19	-12.838447478118896
91.2	-13.24328801444378
91.21000000000001	-15.405041947911327
91.22	-12.84430784064717
91.23	-14.258189609926871
91.24	-13.62187216732018
91.25	-14.859563193167608
91.26	-10.995789280405914
91.27	-12.515844192319872
91.28	-17.89819735725769
91.29	-19.552046815009216
91.3	-22.688730928070473
91.31	-19.536248237760773
91.32000000000001	-18.977362392147217
91.33	-27.750669379293274
91.34	-25.770957198058444
91.35000000000001	-27.946242428694827
91.36	-22.01645195099186
91.37	-17.585306392440156
91.38	-13.395121675165115
91.39	-11.675234175052962
91.4	-10.347528028398022
91.41	-9.439095083523634
91.42	-16.30503693924342
91.43	-13.506105898708519
91.44	-12.786340501508434
91.45	-12.712405272020957
91.46000000000001	-12.949173780816967
91.47	-10.93516119434911
91.48	-9.35950694155766
91.49	-12.622401094558812
91.5	-17.935330877037337
91.51	-20.347601909920467
91.52	-17.635202132095305
91.53	-15.433942707348622
91.54	-18.988281896053575
91.55	-24.771736330278806
91.56	-18.957790932127146
91.57000000000001	-23.543799846811776
91.58	-24.59605568723474
91.59	-28.01706623206913
91.60000000000001	-22.044774164608587
91.61	-25.57080841289101
91.62	-23.526603806857942
91.63	-18.457307831514402
91.64	-14.51118899936564
91.65	-13.256772824475686
91.66	-12.002356649587515
91.67	-15.950422030377748
91.68	-14.956735485805474
91.69	-17.0827873081241
91.7	-27.126408847929028
91.71000000000001	-28.9276800602172
91.72	-30.350790934366618
91.73	-29.269280438459617
91.74	-27.602537024923958
91.75	-26.21382793434656
91.76	-20.39705598313521
91.77	-16.03929997203162
91.78	-15.990745458194514
91.79	-18.15146201547243
91.8	-14.26991267786233
91.81	-16.10439823468061
91.82000000000001	-15.90724030049985
91.83	-13.601098340423215
91.84	-14.333601939535333
91.85000000000001	-12.394229001137132
91.86	-13.007428447084921
91.87	-13.219270528782022
91.88	-15.119381934530843
91.89	-11.602505660075824
91.9	-16.605905703295278
91.91	-12.973694623253662
91.92	-8.872334318826143
91.93	-4.30607363566348
91.94	0.48128526131962823
91.95	4.513871398878763
91.96000000000001	10.29417925937114
91.97	10.568954799209955
91.98	9.196131801503967
91.99	12.261118797663492
92.0	16.217022033511384
92.01	19.024827956600994
92.02	18.902278302713235
92.03	14.779808425170643
92.04	12.009006732815905
92.05	13.187832097864751
92.06	12.157846429929348
92.07000000000001	17.559447010562096
92.08	14.570018727889249
92.09	18.51356440303876
92.10000000000001	18.459585277111046
92.11	20.517266024779495
92.12	21.961835155858907
92.13	21.945836883273667
92.14	22.361897322432526
92.15	21.707774735869272
92.16	22.057706432925844
92.17	19.198039995059762
92.18	18.637622240304513
92.19	19.231908207634508
92.2	14.767468527749358
92.21000000000001	10.816866365471153
92.22	11.44512021979602
92.23	9.464732822908315
92.24	7.626125441613312
92.25	9.350455338298678
92.26	12.482463117019234
92.27	11.090240846556199
92.28	19.278420962502636
92.29	26.227066201147228
92.3	23.112451413431653
92.31	17.617453019471878
92.32000000000001	15.055023196127928
92.33	16.33389855912757
92.34	20.571595029453754
92.35000000000001	19.583394942923444
92.36	16.24568923064218
92.37	17.254787944359613
92.38	29.14901773035113
92.39	27.804119061186405
92.4	22.977421242831934
92.41	19.064358321016325
92.42	18.21987884153511
92.43	15.049362347913386
92.44	11.56267909942428
92.45	7.35063946597462
92.46000000000001	3.8806559769020987
92.47	2.976549088462103
92.48	5.192504880157387
92.49	1.6007689370180036
92.5	0.5076478389497647
92.51	0.6636311328414441
92.52	1.8359540563294707
92.53	1.4152385199363546
92.54	6.548088424298236
92.55	5.934730514220123
92.56	5.600221670860175
92.57000000000001	17.161685139110617
92.58	15.855076468372097
92.59	12.304126025148626
92.60000000000001	9.46038063146609
92.61	13.120874513359073
92.62	12.358275736600014
92.63	15.74554174867489
92.64	15.991384216828424
92.65	18.53602931627543
92.66	22.27927316348027
92.67	20.084276350540275
92.68	23.31915652417172
92.69	22.966695227055226
92.7	23.541300944172306
92.71000000000001	21.007977998519717
92.72	23.40203457696772
92.73	19.959373624997195
92.74	18.29446498416572
92.75	18.93695629664006
92.76	23.839116117786027
92.77	24.584814791008846
92.78	22.19328754681279
92.79	19.221906521782792
92.8	15.87550724603536
92.81	17.709778907670966
92.82000000000001	18.971594586035664
92.83	21.990205288299567
92.84	18.591979649352236
92.85000000000001	20.799299414094925
92.86	18.062352632145586
92.87	17.395917090474587
92.88	17.230426117936293
92.89	13.086343004166839
92.9	10.302036323086625
92.91	8.125333348354532
92.92	7.59493193258514
92.93	5.0654827059907594
92.94	5.6266598011952125
92.95	6.846748126755146
92.96000000000001	16.341973460442208
92.97	15.539975420421664
92.98	12.163761448209943
92.99	14.113778066366963
93.0	12.548147861324109
93.01	12.557212504018938
93.02	20.044091609229124
93.03	19.700029845890914
93.04	15.55554469204415
93.05	12.769130197341738
93.06	11.227058717375376
93.07000000000001	8.814243553256334
93.08	6.7127275019794395
93.09	4.941875853659255
93.10000000000001	1.816471245519807
93.11	0.2852445634147664
93.12	3.2742641731637447
93.13	5.558732272596165
93.14	8.530491457727038
93.15	7.765627529816929
93.16	9.704762051810425
93.17	7.8654486243208845
93.18	10.143707478893758
93.19	9.707908362672626
93.2	11.415696590504236
93.21000000000001	8.86436809943752
93.22	6.8247964153774525
93.23	6.61551911282542
93.24	7.6809877367967925
93.25	7.084282087438127
93.26	10.21275247700927
93.27	9.98000062067439
93.28	13.943999294669334
93.29	18.353877442478996
93.3	18.5208785494371
93.31	15.427991349081408
93.32000000000001	30.274201377162832
93.33	29.071540274223306
93.34	23.18868180932496
93.35000000000001	22.2009721619263
93.36	21.86182449579629
93.37	20.54529897801695
93.38	20.583463496910092
93.39	23.60381669519791
93.4	22.008563685414046
93.41	19.336758528836796
93.42	14.71417579389309
93.43	18.36800626774891
93.44	14.156315739990312
93.45	14.659740313787127
93.46000000000001	23.33520118398796
93.47	22.189830052271713
93.48	25.146916465716583
93.49	20.66246352515046
93.5	20.621105638126885
93.51	16.164255871162936
93.52	14.62289220592721
93.53	18.115776694409135
93.54	15.241971505615993
93.55	12.42836689479829
93.56	23.62393151526169
93.57000000000001	21.763645383906464
93.58	20.840260310171647
93.59	21.28769335186726
93.60000000000001	21.05814477260427
93.61	18.090172336655343
93.62	17.22104846435063
93.63	16.530645786271855
93.64	17.63796387855399
93.65	21.35829105787344
93.66	16.712882048822927
93.67	16.72355914836456
93.68	14.300629527681773
93.69	13.05644362214831
93.7	13.521945302786495
93.71000000000001	10.271872444052665
93.72	7.3233196715338025
93.73	5.889769151190662
93.74	7.256443122409299
93.75	6.777442035639986
93.76	7.0920367075525474
93.77	3.714374471814127
93.78	6.003248725616913
93.79	5.362952855935849
93.8	6.7665410711789065
93.81	5.099777967984405
93.82000000000001	6.823341016586287
93.83	11.896745292636714
93.84	12.625377480086081
93.85000000000001	10.454439425933312
93.86	12.84095120013724
93.87	15.842031215634039
93.88	14.851802055594003
93.89	16.016616966933547
93.9	20.053611873991166
93.91	18.642502418614608
93.92	17.252930515504328
93.93	12.652472381469359
93.94	9.340202492817815
93.95	13.067364742214561
93.96000000000001	21.556482567925006
93.97	18.18563590156173
93.98	18.59213252470778
93.99	16.87507385373658
94.0	18.482101799453325
94.01	17.573010956613338
94.02	13.593693020592339
94.03	11.814919180963596
94.04	8.94083609166537
94.05	6.298285572924561
94.06	7.89827984737392
94.07000000000001	6.939577555394449
94.08	7.7806780810523115
94.09	9.190613929905929
94.10000000000001	9.883268350774172
94.11	10.888535117516716
94.12	9.164171752605224
94.13	8.250846499373406
94.14	8.041970192026453
94.15	7.475742698736559
94.16	10.263873791515456
94.17	13.360669206490739
94.18	9.76800804517667
94.19	10.207991053471343
94.2	10.551077836480754
94.21000000000001	11.221951402996538
94.22	8.371642440277274
94.23	7.841113710309344
94.24	7.685973284832584
94.25	4.726179251485173
94.26	2.911925168998329
94.27	4.017143025900536
94.28	4.581182479624906
94.29	2.2304404579185646
94.3	-1.3258100783426663
94.31	-5.7527235159589365
94.32000000000001	-8.690289537295373
94.33	-6.961265710808722
94.34	-8.374771946757459
94.35000000000001	-12.838833923524888
94.36	-10.940273957113222
94.37	-11.491495507665402
94.38	-11.074121123724357
94.39	-12.49018795229707
94.4	-9.206697411990454
94.41	-7.083388400453418
94.42	-7.799100479299942
94.43	-5.088511439949811
94.44	-4.521440068336666
94.45	-4.880388580590939
94.46000000000001	-7.270676918513356
94.47	-8.658965901194971
94.48	-9.589775452042444
94.49	-12.49873313716448
94.5	-16.684634163612643
94.51	-17.077928946542308
94.52	-16.88969056760977
94.53	-15.923259438690556
94.54	-12.196110935172936
94.55	-11.707594715298313
94.56	-10.833722062685975
94.57000000000001	-12.134447398091318
94.58	-10.642376106264127
94.59	-12.60973654766406
94.60000000000001	-13.983361910962168
94.61	-17.692752608016757
94.62	-25.048147904621132
94.63	-23.207174462825396
94.64	-19.798718706193355
94.65	-21.64364456917279
94.66	-21.391016394219136
94.67	-22.319834552462837
94.68	-17.44404116740206
94.69	-15.614702933629578
94.7	-17.70154999016979
94.71000000000001	-21.184354922819253
94.72	-27.733443119158974
94.73	-25.37003215130115
94.74	-22.46215423207667
94.75	-17.5911705877821
94.76	-16.903368387064848
94.77	-30.893115398480877
94.78	-24.06391436867326
94.79	-20.62018660425831
94.8	-17.34818504530817
94.81	-14.198608666794424
94.82000000000001	-13.751423543147485
94.83	-14.603217773379576
94.84	-15.902855800081241
94.85000000000001	-19.797793724243565
94.86	-19.51416634491932
94.87	-14.969128754690816
94.88	-13.819421802045976
94.89	-15.39060663540872
94.9	-13.185914327190323
94.91	-15.467597778387875
94.92	-14.792342403668169
94.93	-16.143447293962286
94.94	-15.907642099972708
94.95	-17.02938190765023
94.96000000000001	-19.89624226595074
94.97	-22.484871207624796
94.98	-21.9198810735181
94.99	-18.37002325442914
95.0	-17.009218980120714
95.01	-15.42965122458905
95.02	-12.876943088093523
95.03	-10.867622116260726
95.04	-9.836757499101994
95.05	-8.775551710289275
95.06	-7.698403358324011
95.07000000000001	-7.386575630592678
95.08	-8.213774762552848
95.09	-9.041863569971285
95.10000000000001	-7.900597353033407
95.11	-5.843105591716409
95.12	-9.595659443088755
95.13	-8.136027635577744
95.14	-10.23260186285888
95.15	-8.1060347907182
95.16	-12.74489120249011
95.17	-13.232587850063183
95.18	-11.317056470428252
95.19	-9.123465052142873
95.2	-8.192881704209244
95.21000000000001	-10.607634100836805
95.22	-12.463039080165057
95.23	-12.381312424093853
95.24	-16.71827690334942
95.25	-20.208436868997428
95.26	-19.837888813962916
95.27	-27.58698698668433
95.28	-26.383680444265135
95.29	-31.36917502701492
95.3	-28.941139439140436
95.31	-23.44847287416632
95.32000000000001	-19.974621480105657
95.33	-19.798823537725255
95.34	-14.530581375719409
95.35000000000001	-16.934394671253997
95.36	-17.701500116140785
95.37	-18.92395152529257
95.38	-18.07018463608761
95.39	-18.63166780504845
95.4	-23.253475636401713
95.41	-22.554786348879333
95.42	-22.349794725958727
95.43	-19.62700757058947
95.44	-17.258544632111917
95.45	-15.661284051088238
95.46000000000001	-17.961810051164207
95.47	-20.053769674715994
95.48	-18.80505542262611
95.49	-14.576451174417391
95.5	-15.677240231462475
95.51	-14.427399286637709
95.52	-13.239288394934297
95.53	-10.206176371910303
95.54	-8.732177260596751
95.55	-12.608859786567633
95.56	-10.713236860109161
95.57000000000001	-14.681076982511867
95.58	-18.755611929104244
95.59	-23.303009879966947
95.60000000000001	-21.669797688780612
95.61	-24.07987269150042
95.62	-22.527833133482414
95.63	-19.860480676886873
95.64	-16.60012960599958
95.65	-16.392343763475164
95.66	-12.577124438322134
95.67	-9.592603435695246
95.68	-6.159811562354685
95.69	-4.418246786612423
95.7	-8.952724187200149
95.71000000000001	-10.903230409487373
95.72	-12.110361876312162
95.73	-14.664886892554687
95.74000000000001	-15.47507969456627
95.75	-18.84789216567413
95.76	-19.839523853719
95.77	-19.206083507223372
95.78	-18.06073096880251
95.79	-13.86790882902495
95.8	-12.24382634268614
95.81	-9.943253081665107
95.82000000000001	-6.2404224011334195
95.83	-5.592922330414024
95.84	-5.877709358944304
95.85000000000001	-4.277317840064344
95.86	-4.506555234888758
95.87	-1.164985093134462
95.88	-1.3602697485196562
95.89	-5.742929061379739
95.9	-8.914451879451509
95.91	-7.169215967969708
95.92	-2.908714290041817
95.93	-5.028832951773279
95.94	-4.939908313014984
95.95	-4.3656374061347165
95.96000000000001	-7.391940434247511
95.97	-7.1780542549893145
95.98	-8.342000616835975
95.99000000000001	-7.114276487075927
96.0	-7.783617634846597
96.01	-11.914781844761167
96.02	-10.51208229284795
96.03	-7.607151316378169
96.04	-3.8495984709664293
96.05	-4.792590819695119
96.06	-5.886026651369232
96.07000000000001	-7.726575244587141
96.08	-7.5407036652378965
96.09	-7.813455421628558
96.10000000000001	-10.151865955650146
96.11	-7.848609751845771
96.12	-7.783093570103263
96.13	-10.372819522421782
96.14	-8.335868815369704
96.15	-9.649163259547826
96.16	-11.637986199154092
96.17	-10.127214190697257
96.18	-11.803560315478164
96.19	-8.645707763534903
96.2	-15.963067586562055
96.21000000000001	-13.98003795078205
96.22	-14.672585037950698
96.23	-12.907264085042735
96.24000000000001	-12.316573404415504
96.25	-13.748586064583835
96.26	-12.341044087998696
96.27	-9.54714709484069
96.28	-9.393717906312173
96.29	-8.295762219624427
96.3	-10.798144729986554
96.31	-12.077179745068184
96.32000000000001	-14.637194284693175
96.33	-17.358671383071805
96.34	-15.300841634963382
96.35000000000001	-13.568255251612587
96.36	-17.35673633949934
96.37	-15.291708205279773
96.38	-14.365431530317707
96.39	-14.05681351036722
96.4	-14.221408457512895
96.41	-14.375617552602517
96.42	-10.78033969476955
96.43	-8.837501097295226
96.44	-11.245698621245532
96.45	-18.39941717949995
96.46000000000001	-15.551099465779346
96.47	-12.890712850571637
96.48	-19.254331387960416
96.49000000000001	-20.955992225403392
96.5	-19.56302192037524
96.51	-15.516699191498297
96.52	-12.775109532652987
96.53	-17.513877451788215
96.54	-13.348538053704411
96.55	-12.021723317877058
96.56	-9.469620732409497
96.57000000000001	-10.98395179914271
96.58	-15.606540287291157
96.59	-17.542705042101733
96.60000000000001	-16.90910494865265
96.61	-16.758734106410593
96.62	-19.727438320364115
96.63	-20.755281017755816
96.64	-20.167170782866815
96.65	-18.043994285886274
96.66	-16.744090123585003
96.67	-18.536977226419
96.68	-20.424272543534332
96.69	-19.284267657357486
96.7	-18.458536873208065
96.71000000000001	-16.197101065895325
96.72	-19.184991577104878
96.73	-15.491600652149144
96.74000000000001	-11.928391464015359
96.75	-13.700390432299232
96.76	-20.167034339220347
96.77	-15.812796824506117
96.78	-13.51174558200304
96.79	-14.04082853647816
96.8	-10.80584657363373
96.81	-15.542727477084382
96.82000000000001	-15.922944018118462
96.83	-17.448662966209596
96.84	-20.496548956545126
96.85000000000001	-19.348217310804404
96.86	-18.0672143824504
96.87	-40.51484004888369
96.88	-37.622426886960234
96.89	-29.368935805361165
96.9	-28.48505443888796
96.91	-29.404784284423855
96.92	-29.776028469196934
96.93	-25.014273426767293
96.94	-20.66939632341015
96.95	-17.85934185374804
96.96000000000001	-17.89630803025219
96.97	-24.265184370691326
96.98	-24.807304968822084
96.99000000000001	-20.687308407577074
97.0	-17.05764459959684
97.01	-15.598007553911783
97.02	-11.878429883185747
97.03	-7.079689796921684
97.04	-12.551270243695537
97.05	-15.303495438739319
97.06	-12.017592020831172
97.07000000000001	-10.064630734075402
97.08	-8.669987805032195
97.09	-8.61340906088142
97.10000000000001	-7.892417755209713
97.11	-9.147739881122574
97.12	-9.471095049773224
97.13	-6.28384260573867
97.14	-4.883557151783104
97.15	-4.287978056392972
97.16	-6.045101564317878
97.17	-7.535594797735327
97.18	-10.570410213341045
97.19	-12.409496777796473
97.2	-13.238642549448297
97.21000000000001	-10.112358305106115
97.22	-6.892164599844083
97.23	-6.424029467579851
97.24000000000001	-11.329197132656866
97.25	-12.736667738959703
97.26	-10.727997176589254
97.27	-15.481607049041108
97.28	-22.07204363505609
97.29	-16.953761713245637
97.3	-14.572477655334804
97.31	-11.154262124239454
97.32000000000001	-15.29276896887497
97.33	-18.81594749174193
97.34	-18.7187194330072
97.35000000000001	-18.743591830953875
97.36	-17.547303870403965
97.37	-17.207925258379607
97.38	-16.46406502523696
97.39	-18.768654188115363
97.4	-16.469009018475752
97.41	-15.4383938029133
97.42	-16.300778977654385
97.43	-19.13177772996106
97.44	-18.123873617822202
97.45	-18.47591281284843
97.46000000000001	-26.556855382475245
97.47	-30.51645748091731
97.48	-24.765750461901927
97.49000000000001	-21.499905885997727
97.5	-20.978248276337855
97.51	-20.106812200759805
97.52	-18.39712210464579
97.53	-14.739103401124884
97.54	-13.299386044096252
97.55	-19.70345049761066
97.56	-15.654175199930368
97.57000000000001	-15.408355771211589
97.58	-16.299785398016184
97.59	-15.655307247023764
97.60000000000001	-14.817040753572796
97.61	-17.603926145840518
97.62	-18.968643596230535
97.63	-14.976921255569053
97.64	-14.995837903829985
97.65	-15.011779886570547
97.66	-14.042588332808133
97.67	-12.872117099630719
97.68	-9.721063125072472
97.69	-6.774315530069605
97.7	-6.105791815047422
97.71000000000001	-5.680490850367214
97.72	-5.154633833505205
97.73	-7.958248917366856
97.74000000000001	-9.773379889082022
97.75	-10.853734137079073
97.76	-21.7915357193639
97.77	-19.634576979739624
97.78	-15.559286266074018
97.79	-13.607427777551298
97.8	-14.857984608780285
97.81	-14.195019810915436
97.82000000000001	-10.889618968415213
97.83	-8.953291030238514
97.84	-9.623603978733678
97.85000000000001	-10.590633623647266
97.86	-11.652081533671028
97.87	-10.579019619803118
97.88	-12.751179159700765
97.89	-10.305534403329093
97.9	-10.402811941193587
97.91	-12.203431211192934
97.92	-12.770686883671754
97.93	-18.110928538487677
97.94	-18.205826190544617
97.95	-16.656041097508375
97.96000000000001	-18.941412875767863
97.97	-18.84732642733873
97.98	-14.710948167819405
97.99000000000001	-13.460444676654744
98.0	-17.569812135642607
98.01	-20.543401158612735
98.02	-16.435910537966176
98.03	-12.470037529332215
98.04	-10.080758026731598
98.05	-10.977321283178595
98.06	-10.710183396483883
98.07000000000001	-15.664081145360258
98.08	-17.07265067784797
98.09	-17.361821705851327
98.10000000000001	-24.43962814203083
98.11	-23.77688592071141
98.12	-21.797452780861253
98.13	-21.954054339421997
98.14	-24.5932630962496
98.15	-28.240707891119285
98.16	-24.92278995155975
98.17	-21.32862266781329
98.18	-20.37334989239787
98.19	-30.60815410582244
98.2	-27.88122430347147
98.21000000000001	-28.252396434282414
98.22	-26.932755867818848
98.23	-26.768283532848194
98.24000000000001	-22.852502071852303
98.25	-19.201887733794656
98.26	-23.021035598358267
98.27	-23.850431040034085
98.28	-22.68465297784232
98.29	-22.425977312702162
98.3	-20.18840627292735
98.31	-16.101188984675765
98.32000000000001	-19.579785505427463
98.33	-22.93896596355897
98.34	-22.174700779339737
98.35000000000001	-18.732355144360874
98.36	-18.0773853295137
98.37	-16.566321916963393
98.38	-12.43844251762654
98.39	-9.160304449824073
98.4	-7.436380949241303
98.41	-5.760486244156192
98.42	-7.155995057352686
98.43	-8.761746500769071
98.44	-6.398422582612494
98.45	-4.451829709638937
98.46000000000001	-8.452519585698099
98.47	-8.483617339239363
98.48	-9.120372644966055
98.49000000000001	-6.425244076256023
98.5	-4.180452351920973
98.51	-9.031885330004632
98.52	-23.104828333076846
98.53	-26.819004805833092
98.54	-24.739336811704412
98.55	-23.460289097356494
98.56	-23.82620602186489
98.57000000000001	-26.67804434010827
98.58	-28.86701345145007
98.59	-24.738377112925487
98.60000000000001	-23.41942779693164
98.61	-22.615179647503037
98.62	-21.515699785779702
98.63	-17.253594465631117
98.64	-15.910522625274147
98.65	-14.169785303942735
98.66	-12.562845732859499
98.67	-12.576222669915257
98.68	-13.251791906398557
98.69	-11.54344996391202
98.7	-14.829338546644825
98.71000000000001	-28.207453238113025
98.72	-24.132773612825822
98.73	-24.64421480196778
98.74000000000001	-21.877911422689095
98.75	-27.280675598576206
98.76	-23.7397586977777
98.77	-18.415662230953966
98.78	-17.653664535934578
98.79	-15.733081688890485
98.8	-22.694457050969266
98.81	-19.047909793788033
98.82000000000001	-18.4460016200878
98.83	-21.301219182983147
98.84	-16.36159249242756
98.85000000000001	-16.23252008759043
98.86	-15.255941310958253
98.87	-14.85842525081842
98.88	-14.021822966102635
98.89	-19.768101188674134
98.9	-20.15970791666089
98.91	-15.853222872520131
98.92	-14.84998826881506
98.93	-14.7351517333942
98.94	-11.536523575888005
98.95	-11.58970502282034
98.96000000000001	-9.369832058749015
98.97	-9.121101792352633
98.98	-8.83640520138473
98.99000000000001	-7.195340866584363
99.0	-9.355419614890483
99.01	-9.859850857112056
99.02	-12.789933345231251
99.03	-10.481242495274449
99.04	-8.569737210618982
99.05	-7.349823258329357
99.06	-8.419274141077269
99.07000000000001	-8.109070960410582
99.08	-10.122421751260088
99.09	-15.220636778709316
99.10000000000001	-15.036175793023688
99.11	-17.658040174309498
99.12	-27.778477269397925
99.13	-26.427933228368794
99.14	-26.049613115648
99.15	-24.307946437866914
99.16	-26.134319347360563
99.17	-26.424357806179238
99.18	-22.40885932367291
99.19	-23.50949599480075
99.2	-22.10388433998776
99.21000000000001	-24.31871008877928
99.22	-27.269244620289506
99.23	-31.97691116586574
99.24000000000001	-28.36414287400912
99.25	-22.87140223686471
99.26	-21.748287705532636
99.27	-21.552694948009037
99.28	-19.94615022370862
99.29	-20.93583449970349
99.3	-19.030581800906795
99.31	-23.88465077462497
99.32000000000001	-18.685910746396058
99.33	-18.376756782572073
99.34	-18.55953678891462
99.35000000000001	-16.30358548216747
99.36	-13.263485103194071
99.37	-10.770965097354233
99.38	-12.120343810379602
99.39	-11.215270031063318
99.4	-13.512840149772858
99.41	-10.711560395759058
99.42	-10.341599826799007
99.43	-15.111167980789286
99.44	-21.888955366103037
99.45	-17.192832320873375
99.46000000000001	-15.015950499417666
99.47	-12.327636651117327
99.48	-13.758431474118938
99.49000000000001	-20.786139074064383
99.5	-28.42616923634413
99.51	-33.57095035627012
99.52	-32.23421114519662
99.53	-25.13927530978053
99.54	-19.7041866602945
99.55	-17.324736455768743
99.56	-15.409596649402262
99.57000000000001	-12.705564878348449
99.58	-12.95249912199968
99.59	-20.37948254620434
99.60000000000001	-17.628251559120113
99.61	-14.875521163393419
99.62	-20.849379887797177
99.63	-20.191784322320864
99.64	-18.379407187125075
99.65	-17.556613266648515
99.66	-13.629855643306895
99.67	-13.091666554688015
99.68	-15.97543216740871
99.69	-12.722324690577503
99.7	-11.585583386193335
99.71000000000001	-10.06482337530165
99.72	-8.193830034970693
99.73	-8.779421462108472
99.74000000000001	-14.819772830898017
99.75	-12.781471281313554
99.76	-14.855887516554763
99.77	-18.109994069342378
99.78	-21.18914607939118
99.79	-16.95273274807957
99.8	-14.881016442355241
99.81	-14.663794677290282
99.82000000000001	-15.078211144226938
99.83	-20.92900083313199
99.84	-16.604118772309995
99.85000000000001	-17.066405322255417
99.86	-23.077163906850235
99.87	-20.320252060047864
99.88	-20.36745265080944
99.89	-17.03496026667706
99.9	-20.147921539587674
99.91	-19.924732885184305
99.92	-15.377730104402765
99.93	-12.199468511274913
99.94	-11.818501397207728
99.95	-12.292253144051788
99.96000000000001	-20.53098230983757
99.97	-20.519071130642544
99.98	-22.54128990552656
99.99000000000001	-19.356676649184745
100.0	-15.013620707273079
100.01	-17.358876917337824
100.02	-16.290451992476253
100.03	-14.384888555144315
100.04	-13.712178325824743
100.05	-11.96703258212551
100.06	-15.151442540514148
100.07000000000001	-11.70261375074333
100.08	-14.799946930627595
100.09	-23.553670214055284
100.10000000000001	-23.072414230015827
100.11	-21.164886114520776
100.12	-19.130999108776265
100.13	-21.433293785112653
100.14	-17.78851847745751
100.15	-22.602775727041045
100.16	-18.52475009491953
100.17	-17.81257819225045
100.18	-16.847776240268765
100.19	-13.543998861733094
100.2	-15.690427210144462
100.21000000000001	-22.06977844762906
100.22	-23.578942103108943
100.23	-21.96581069680403
100.24000000000001	-18.263468815048054
100.25	-16.033157337838464
100.26	-15.74466770007074
100.27	-15.000646707963144
100.28	-12.472932368545687
100.29	-11.129006959074971
100.3	-10.95779580598829
100.31	-11.469757176932486
100.32000000000001	-13.63668873083929
100.33	-10.307981361092926
100.34	-12.756359547299747
100.35000000000001	-12.475851008399001
100.36	-10.89030965873621
100.37	-12.869735517180855
100.38	-13.064442656270112
100.39	-13.848663757439033
100.4	-13.090692724227631
100.41	-14.14356141635149
100.42	-14.469108867932812
100.43	-18.95876980364215
100.44	-24.04854319438913
100.45	-21.284559882054264
100.46000000000001	-17.386515158243004
100.47	-18.875337739617958
100.48	-18.68734141543378
100.49000000000001	-25.492492977176873
100.5	-24.782705823919862
100.51	-26.25691036534835
100.52	-21.511993627518276
100.53	-26.646323100838245
100.54	-21.961238858294003
100.55	-17.88243590789072
100.56	-13.775393957200198
100.57000000000001	-13.971764189063716
100.58	-21.106795224581294
100.59	-17.848507721896507
100.60000000000001	-20.115515984300504
100.61	-17.042131710401335
100.62	-18.994447797373553
100.63	-17.869520324430525
100.64	-16.519384492437815
100.65	-18.678088821852853
100.66	-15.156651879630436
100.67	-19.06713239861378
100.68	-16.411161053730446
100.69	-19.76873225752939
100.7	-20.024164515738157
100.71000000000001	-16.62465614804968
100.72	-17.59435098711503
100.73	-16.650183318972303
100.74000000000001	-16.73345075121192
100.75	-15.419397904696174
100.76	-14.04129028701312
100.77	-18.325354315775662
100.78	-14.038825423033257
100.79	-13.937333948321594
100.8	-15.665391387661295
100.81	-21.82759169629901
100.82000000000001	-21.41409254842077
100.83	-24.190871537570267
100.84	-25.824618173549002
100.85000000000001	-20.097092860691554
100.86	-17.810290748654495
100.87	-17.67290733620896
100.88	-16.08021675269365
100.89	-14.127912581784631
100.9	-11.00539652157409
100.91	-12.701445760560668
100.92	-15.970583027174639
100.93	-12.56409069125083
100.94	-11.931704873998234
100.95	-14.081411146970545
100.96000000000001	-17.930643670341787
100.97	-18.740068997363952
100.98	-13.954105251181897
100.99000000000001	-16.309370933815007
101.0	-17.514779328274518
101.01	-16.483949147567472
101.02	-14.881619993498061
101.03	-18.21459709054657
101.04	-16.1844922095011
101.05	-13.92325827211649
101.06	-13.120241411536039
101.07000000000001	-12.959536256007773
101.08	-12.514858112488607
101.09	-14.139703202671003
101.10000000000001	-23.08228037040498
101.11	-19.314081773989734
101.12	-16.884873121016447
101.13	-17.684246346119277
101.14	-14.148252790545875
101.15	-14.846615651503916
101.16	-15.680296313949528
101.17	-15.982274811335834
101.18	-18.293609196566052
101.19	-20.492083660482457
101.2	-16.3110147309202
101.21000000000001	-25.893473544330934
101.22	-22.938270854648916
101.23	-22.581546708336067
101.24000000000001	-22.864819946448694
101.25	-21.71256621220369
101.26	-21.477938925439044
101.27	-16.39132283378832
101.28	-19.485647863223818
101.29	-19.026578351849835
101.3	-15.113474971313238
101.31	-14.198513269258422
101.32000000000001	-14.44160070563666
101.33	-13.398551595004557
101.34	-19.441964097965116
101.35000000000001	-19.558508379339205
101.36	-16.37792688297789
101.37	-15.35334063789832
101.38	-13.24551716793032
101.39	-14.047020708311523
101.4	-10.23294400512025
101.41	-17.274982401083154
101.42	-15.427433420373308
101.43	-23.598694887079372
101.44	-19.986092568276003
101.45	-21.33667718023522
101.46000000000001	-21.103156636005984
101.47	-29.895563860740292
101.48	-25.40586965821689
101.49000000000001	-22.905866390124043
101.5	-30.7100459893421
101.51	-27.63219014872057
101.52	-27.926884135675653
101.53	-29.856837073659772
101.54	-27.545444879305037
101.55	-25.068675867706325
101.56	-20.83979177715368
101.57000000000001	-21.890407776975874
101.58	-25.092002055992523
101.59	-25.38003691707577
101.60000000000001	-20.49057548750985
101.61	-21.33003509628781
101.62	-19.121131379496575
101.63	-14.985933665854857
101.64	-11.943508742427083
101.65	-17.17845094205724
101.66	-19.530655485756895
101.67	-18.399929478945264
101.68	-19.319671982447204
101.69	-21.4808633465255
101.7	-22.431047045798305
101.71000000000001	-19.8288954562301
101.72	-17.508073626300252
101.73	-17.277154759223546
101.74000000000001	-18.113966805316032
101.75	-19.118676932135262
101.76	-17.768632199262328
101.77	-19.171158435585433
101.78	-18.24556357514791
101.79	-17.277079714452025
101.8	-16.743502704482154
101.81	-15.30592644360163
101.82000000000001	-11.440207579192025
101.83	-10.728404492254178
101.84	-9.070789168505987
101.85000000000001	-9.873921594527571
101.86	-13.549126631686224
101.87	-15.860767820610807
101.88	-15.981112732988159
101.89	-18.429664768918347
101.9	-27.234591059239634
101.91	-21.47564189706723
101.92	-21.291798206268567
101.93	-18.22197162745582
101.94	-17.98027921936396
101.95	-19.13760249148499
101.96000000000001	-18.967556497817867
101.97	-25.185446234695043
101.98	-21.967580898444634
101.99000000000001	-17.66086618125234
102.0	-15.938458849202261
102.01	-14.668971461044729
102.02	-16.835412199247806
102.03	-20.574272282305454
102.04	-25.148054678565543
102.05	-20.31101474598733
102.06	-20.03675567465262
102.07000000000001	-15.424313644638755
102.08	-15.006515946227642
102.09	-13.13946592977257
102.10000000000001	-23.07885408752945
102.11	-20.18150380728243
102.12	-16.594443527114194
102.13	-14.232641433767391
102.14	-18.431514275317127
102.15	-21.526345298183152
102.16	-19.162324296767867
102.17	-22.02031610469586
102.18	-17.14834382399443
102.19	-17.678102452790853
102.2	-18.85995949637557
102.21000000000001	-19.851201317176425
102.22	-15.522792485610264
102.23	-12.302763381247631
102.24000000000001	-16.471924973109974
102.25	-15.615240251650034
102.26	-13.131843207254866
102.27	-13.372167170736763
102.28	-15.442493933967757
102.29	-12.618484124691726
102.3	-10.109083038561018
102.31	-6.202544675314156
102.32000000000001	-8.688249369164666
102.33	-15.187203475081253
102.34	-16.900704485767676
102.35000000000001	-20.83028079727092
102.36	-25.928774966221134
102.37	-20.942973696174793
102.38	-20.437246198891234
102.39	-18.637783561170536
102.4	-28.101771971783215
102.41	-22.389359583012858
102.42	-25.717147422891053
102.43	-20.57366890020783
102.44	-23.608071920904123
102.45	-24.872225004145328
102.46000000000001	-21.89656572916249
102.47	-17.278804121459743
102.48	-17.759426248977128
102.49000000000001	-16.615573956339293
102.5	-16.0644548747081
102.51	-18.00666133746533
102.52	-25.129966680061862
102.53	-24.8223983587747
102.54	-23.263262957078823
102.55	-36.55961921068228
102.56	-34.89427310150179
102.57000000000001	-27.337132431657817
102.58	-24.21779082857254
102.59	-30.58088274622084
102.60000000000001	-30.30084567264677
102.61	-25.59220651829899
102.62	-21.468161949142242
102.63	-17.680344277618573
102.64	-33.300229176627305
102.65	-26.76755211672927
102.66	-26.646784418115967
102.67	-20.535453367959462
102.68	-20.170498094398443
102.69	-19.68539280742536
102.7	-16.719333120727548
102.71000000000001	-22.637868628316138
102.72	-20.698151343945838
102.73	-20.658741623768183
102.74000000000001	-15.288707174248332
102.75	-15.010166743464755
102.76	-16.47048736407645
102.77	-16.57151466903998
102.78	-12.656476263448651
102.79	-11.251301389186226
102.8	-17.763510893600227
102.81	-16.85304224197161
102.82000000000001	-16.2066296042899
102.83	-16.618977282692345
102.84	-20.042361383776377
102.85000000000001	-29.48379074797875
102.86	-26.991680916429566
102.87	-28.998588503600324
102.88	-27.450670550678133
102.89	-24.056892183306715
102.9	-21.93252755917115
102.91	-21.267781432447748
102.92	-19.523633223137736
102.93	-16.118520859376304
102.94	-14.818874987132395
102.95	-12.211511419327314
102.96000000000001	-9.60246505419619
102.97	-15.598464866499741
102.98	-23.659125426289318
102.99000000000001	-21.579938244780422
103.0	-17.084437215095917
103.01	-19.743233325830026
103.02	-18.699876265290115
103.03	-16.610792242201907
103.04	-18.387075738861796
103.05	-15.036027228911088
103.06	-11.869535864148878
103.07000000000001	-11.221443425483411
103.08	-25.864081884616038
103.09	-26.58693518194581
103.10000000000001	-23.871408468571413
103.11	-19.33030590712655
103.12	-16.11955805031635
103.13	-15.257482305696
103.14	-12.76804833289768
103.15	-11.69258257590486
103.16	-11.82727573795256
103.17	-10.859728405971603
103.18	-15.762265171328497
103.19	-21.342763870956137
103.2	-16.54094709473232
103.21000000000001	-16.69737224418439
103.22	-23.971280507633193
103.23	-26.979210446761616
103.24000000000001	-24.758253207229338
103.25	-22.16902489542073
103.26	-21.501918653639482
103.27	-19.501916575179283
103.28	-23.551186645802574
103.29	-20.668486901883806
103.3	-24.830313698132887
103.31	-22.537334478023226
103.32000000000001	-23.022465563030803
103.33	-18.911688592866856
103.34	-17.40488343623706
103.35000000000001	-20.047045710619773
103.36	-23.841933396288486
103.37	-26.09660645462703
103.38	-26.186245646842405
103.39	-25.91034893050503
103.4	-21.570729345233215
103.41	-17.803863371030847
103.42	-19.650917955231716
103.43	-17.50333888759272
103.44	-22.434459534237835
103.45	-20.85385827891748
103.46000000000001	-18.016398265935447
103.47	-15.26884237483542
103.48	-11.701491096840032
103.49000000000001	-10.112320878401098
103.5	-12.35242409048108
103.51	-9.891795496120665
103.52	-6.071447260048771
103.53	-3.2986067888596264
103.54	-8.02400091594119
103.55	-5.839351308571971
103.56	-5.013152938972178
103.57000000000001	-6.599561260247883
103.58	-6.530725385014332
103.59	-6.720660510690413
103.60000000000001	-10.649817873352873
103.61	-8.672327855688382
103.62	-19.075747420686497
103.63	-15.889752018179204
103.64	-18.53954618385778
103.65	-22.09635764875368
103.66	-22.58363319382519
103.67	-24.922547649023326
103.68	-24.05932798841733
103.69	-25.487359052316954
103.7	-25.867172818458286
103.71000000000001	-23.532712985418968
103.72	-18.462133997190236
103.73	-14.377828639988156
103.74000000000001	-12.493782955439432
103.75	-17.897908390746476
103.76	-15.446977375852521
103.77	-15.435128553055554
103.78	-13.740211485627137
103.79	-18.840485505230852
103.8	-17.956466237531274
103.81	-21.74648796345864
103.82000000000001	-20.636858561115055
103.83	-21.319209203978886
103.84	-20.135010697369935
103.85000000000001	-18.521171749111915
103.86	-19.18713603301999
103.87	-15.375345254031116
103.88	-16.01284442529751
103.89	-17.00949534049274
103.9	-13.344227921269995
103.91	-10.014865733987685
103.92	-9.481424011861062
103.93	-20.94561393793599
103.94	-25.075404291439888
103.95	-19.44752658889461
103.96000000000001	-19.16915336120337
103.97	-21.70891007649341
103.98	-16.57800799622165
103.99000000000001	-14.401507989414352
104.0	-12.881155447377044
104.01	-11.629328040470018
104.02	-18.136638787414743
104.03	-15.525735304253875
104.04	-18.957868315885708
104.05	-16.040980599843536
104.06	-13.745530965187863
104.07000000000001	-13.834790913218624
104.08	-11.44134452647459
104.09	-9.421205213194288
104.10000000000001	-10.277071362264847
104.11	-9.357583516553603
104.12	-12.59551054539426
104.13	-25.780391304213282
104.14	-24.143574657529953
104.15	-25.996772385972545
104.16	-21.316191586113856
104.17	-24.67537407367582
104.18	-23.32246397238153
104.19	-20.10718743783546
104.2	-20.5355998553973
104.21000000000001	-19.862752744915557
104.22	-16.36124904097367
104.23	-19.042201175328433
104.24000000000001	-16.383657196368024
104.25	-13.713325752474493
104.26	-13.043052411352232
104.27	-14.233877861511871
104.28	-12.475466796634327
104.29	-16.923039354290474
104.3	-18.818391696410522
104.31	-19.284921852719698
104.32000000000001	-16.41587778664516
104.33	-13.939671122108834
104.34	-14.940667361776022
104.35000000000001	-12.953184213497538
104.36	-27.04251536623913
104.37	-26.041345657749577
104.38	-24.50516765025835
104.39	-19.14684270918344
104.4	-18.481204977824554
104.41	-14.922216664922443
104.42	-16.553564756121666
104.43	-12.769251824249643
104.44	-12.485253689632994
104.45	-10.43469739479791
104.46000000000001	-9.201970790926945
104.47	-19.556519982543065
104.48	-18.710960581094017
104.49000000000001	-21.638826543731913
104.5	-16.765153215060064
104.51	-13.624653367352058
104.52	-14.831826140165228
104.53	-13.547297123031345
104.54	-10.782802824221495
104.55	-9.477963891472786
104.56	-10.850180841433748
104.57000000000001	-14.044818985776118
104.58	-23.590486531341305
104.59	-28.452322725090195
104.60000000000001	-25.730341295024314
104.61	-19.926260985200773
104.62	-19.39168093790236
104.63	-15.201748935661309
104.64	-13.25262283649456
104.65	-11.381581978504297
104.66	-13.886601556678665
104.67	-11.079375011154884
104.68	-14.714458234755377
104.69	-11.473893346737954
104.7	-8.32352756308606
104.71000000000001	-5.668543827800295
104.72	-4.177315603408837
104.73	-2.471610464830365
104.74000000000001	-0.29148364583711706
104.75	-5.050887462693955
104.76	-6.6753315135239255
104.77	-14.920628988116347
104.78	-17.7652411592189
104.79	-16.649973191349012
104.8	-14.72345290334968
104.81	-13.972376486758204
104.82000000000001	-15.428813648495803
104.83	-14.20849625319902
104.84	-11.203081493808012
104.85000000000001	-15.746042956925903
104.86	-14.992803067184658
104.87	-17.47392063235262
104.88	-15.640866768417828
104.89	-19.86578092984151
104.9	-15.22908355454738
104.91	-16.40923172645006
104.92	-19.84031477745062
104.93	-20.798833665869946
104.94	-21.49761284977998
104.95	-20.404997832324412
104.96000000000001	-25.477215587462762
104.97	-26.693750069128022
104.98	-23.350645892493677
104.99000000000001	-17.71169577146528
105.0	-22.73461761897187
105.01	-21.646646172565433
105.02	-18.4645250006188
105.03	-21.74817837780026
105.04	-21.191211830645354
105.05	-17.36714794822198
105.06	-14.993783734521761
105.07000000000001	-18.891990739909595
105.08	-15.842489448821375
105.09	-18.119984738137884
105.10000000000001	-18.10845077896892
105.11	-14.078712540559957
105.12	-8.78798336123182
105.13	-7.393412435739248
105.14	-7.529510106389914
105.15	-7.540537247731657
105.16	-5.531836323180986
105.17	-3.050057077555825
105.18	-1.6302500766223837
105.19	3.6165003486072202
105.2	6.034014887127217
105.21000000000001	7.248694228019434
105.22	7.5497579417692995
105.23	4.387590525466623
105.24000000000001	2.9609620493685638
105.25	1.312908025897673
105.26	0.8618708272182056
105.27	2.5992631176652607
105.28	3.819935560598243
105.29	7.607624661176778
105.3	9.697697035758052
105.31	7.525432747181818
105.32000000000001	10.617987452068986
105.33	10.56398614719432
105.34	10.796329080901991
105.35000000000001	11.063523576712427
105.36	15.387758376799422
105.37	13.268011831651924
105.38	14.018206219051224
105.39	14.506005402128661
105.4	16.323325256710486
105.41	12.852362097980693
105.42	10.16556434520376
105.43	6.749877702719583
105.44	5.191700443703997
105.45	3.364115381021946
105.46000000000001	3.1344519550566976
105.47	5.0999354862948705
105.48	2.8071109873405553
105.49000000000001	5.1896116741145715
105.5	8.033009902653829
105.51	6.652091163633551
105.52	4.51136729444713
105.53	3.5472632241225193
105.54	7.945758981715917
105.55	8.857732928564564
105.56	8.970744092851048
105.57000000000001	8.57807832829132
105.58	8.624748745362965
105.59	5.869573862831634
105.60000000000001	7.427398849357675
105.61	8.609811912000284
105.62	13.270470205781796
105.63	18.827103982612403
105.64	16.805598851641935
105.65	17.9492866955697
105.66	17.809010646093668
105.67	17.20804647781019
105.68	15.370805700062979
105.69	14.24267092162634
105.7	13.280181977390429
105.71000000000001	13.465698192587364
105.72	15.148956576780868
105.73	18.548404198572133
105.74000000000001	16.370319771112747
105.75	19.526988235625105
105.76	15.93952975119731
105.77	15.41887536460743
105.78	17.587554532680837
105.79	17.52144934659833
105.8	15.569807028184087
105.81	16.939136959991323
105.82000000000001	14.50919176662203
105.83	13.602894792087604
105.84	11.450765182594472
105.85000000000001	15.221466455106482
105.86	12.763880839818118
105.87	10.145647531433214
105.88	8.42837280918378
105.89	10.160153576642543
105.9	10.855003042023226
105.91	12.15000184954425
105.92	12.756731592727661
105.93	10.859715493812496
105.94	9.573839935587936
105.95	7.365681256110099
105.96000000000001	5.654415229232171
105.97	20.195010343967517
105.98	23.004045320170448
105.99000000000001	17.90093549924611
106.0	15.692646814570104
106.01	15.244598439610542
106.02	15.70950730962765
106.03	25.06245587155486
106.04	23.384070912779592
106.05	19.537918014588087
106.06	16.982447589127382
106.07000000000001	14.724224868778764
106.08	18.320570041332434
106.09	25.533918589439683
106.10000000000001	21.171809309892048
106.11	19.156416548415798
106.12	17.323359330291783
106.13	17.503313448186816
106.14	16.65311251932216
106.15	13.446925641558318
106.16	11.225185289520123
106.17	12.487583700397575
106.18	10.428431163740607
106.19	7.3786411705384864
106.2	6.121266077709664
106.21000000000001	5.503923090038543
106.22	8.864442465572278
106.23	12.32967979183259
106.24000000000001	19.539751479527023
106.25	19.488161137587593
106.26	18.154814863456224
106.27	28.678341034283484
106.28	33.08438091684157
106.29	29.915687291866274
106.3	25.70762290801678
106.31	29.631682669336612
106.32000000000001	28.5940399774447
106.33	24.817846840064153
106.34	21.264891154288918
106.35000000000001	23.63454303331515
106.36	20.355276493708107
106.37	23.822992776120522
106.38	22.323115583376087
106.39	17.473111264281687
106.4	14.904050939872576
106.41	19.561723699018774
106.42	17.224557208044075
106.43	18.643561074672533
106.44	14.597907123610948
106.45	11.037294639030637
106.46000000000001	12.013406615169883
106.47	15.812506630716912
106.48	18.57465170451516
106.49000000000001	22.084170139867307
106.5	21.435332483363524
106.51	21.78497662928474
106.52	16.903078008219865
106.53	13.496973421796731
106.54	14.576621358499885
106.55	17.2126845055366
106.56	14.35235696313368
106.57000000000001	13.391959920474322
106.58	13.781168631218561
106.59	13.861763379301175
106.60000000000001	16.431082044847468
106.61	14.952225422824514
106.62	20.549461342347453
106.63	19.421710263196726
106.64	17.695840192054078
106.65	15.935778316785035
106.66	12.313403457013314
106.67	12.36239136298317
106.68	9.828959385442072
106.69	11.228053277728758
106.7	12.66507935042894
106.71000000000001	14.340699442128823
106.72	14.050631946138918
106.73	18.834130142197775
106.74000000000001	16.108418488597305
106.75	21.852203028378206
106.76	20.07474330466309
106.77	17.854103551037888
106.78	15.65248427503114
106.79	16.300271874957144
106.8	22.403053659045238
106.81	23.306200270143925
106.82000000000001	20.718013464944068
106.83	19.63152014079559
106.84	23.116909938276027
106.85000000000001	22.64122010927101
106.86	17.809786889964858
106.87	16.86039193550343
106.88	16.55678938094086
106.89	19.099097213647433
106.9	16.777157589174813
106.91	18.026863558341997
106.92	17.67150608121275
106.93	15.191669915417638
106.94	13.23063529268803
106.95	13.765816543489294
106.96000000000001	15.410728858795824
106.97	17.81105088759187
106.98	15.766812223899443
106.99000000000001	16.30417861801493
107.0	15.123501595862752
107.01	11.790742221043597
107.02	10.260108111437718
107.03	9.553618955079386
107.04	6.8270388784432
107.05	7.378382142741686
107.06	6.30710620262149
107.07000000000001	7.58946880220276
107.08	8.738572601717202
107.09	7.162508598042006
107.10000000000001	6.6941483627646985
107.11	6.246901954271377
107.12	16.29542201882897
107.13	15.158926225408138
107.14	12.17264948550965
107.15	21.88380618867317
107.16	19.028919728429777
107.17	15.999299206604626
107.18	11.929698601604272
107.19	17.57604899840598
107.2	14.46963976404317
107.21000000000001	12.702490582930468
107.22	12.5063518722659
107.23	11.487982598089395
107.24000000000001	12.027326199132105
107.25	14.571671677012597
107.26	11.819686368475775
107.27	13.407129008865928
107.28	12.208814904293941
107.29	13.805495604301523
107.3	16.58070061793778
107.31	13.572295456621355
107.32000000000001	13.06554803603706
107.33	9.298685547408397
107.34	6.1532257823090415
107.35000000000001	3.921552621371576
107.36	6.2529552950276255
107.37	5.7716764277834125
107.38	4.877811925393917
107.39	10.150660993517448
107.4	11.322080116360944
107.41	10.460796358392802
107.42	8.630143958822416
107.43	10.472008581240384
107.44	10.502815050259434
107.45	14.341097411059428
107.46000000000001	15.838818126342872
107.47	13.357561884579312
107.48	12.39491430480663
107.49000000000001	10.12683340390257
107.5	13.81848033370144
107.51	13.3156610155576
107.52	10.481722437112383
107.53	7.635634941089576
107.54	7.220428685303644
107.55	5.724759672859784
107.56	14.573575058434672
107.57000000000001	14.177698298071087
107.58	11.612655515712104
107.59	19.097230307412882
107.60000000000001	21.148646773426673
107.61	20.79389917677925
107.62	17.903329502820995
107.63	21.036419679760627
107.64	18.934613413663726
107.65	18.370422286858336
107.66	17.64969535669224
107.67	15.800294287175705
107.68	13.574829321924817
107.69	14.77138440460343
107.7	11.760651531219162
107.71000000000001	17.28269027052934
107.72	14.777561890704556
107.73	11.682338941850427
107.74000000000001	12.107705047324778
107.75	11.4317710747541
107.76	10.753278003858071
107.77	7.899016279191491
107.78	9.827772568354472
107.79	14.363593404028151
107.8	13.378737113176857
107.81	10.878542736850024
107.82000000000001	9.121335294494738
107.83	8.348174831576703
107.84	6.960006491076931
107.85000000000001	3.2718542140889793
107.86	-0.08240372751279663
107.87	-1.004516039236413
107.88	-1.0518443564328046
107.89	-0.04654088646605314
107.9	-0.2527940333119333
107.91	0.6141659578080646
107.92	2.8762147188412244
107.93	4.949137037149474
107.94	2.6390820635654832
107.95	3.395907725009953
107.96000000000001	3.492822357628396
107.97	2.709981651442971
107.98	1.9539816070786755
107.99000000000001	5.607675503182052
108.0	7.55467168554127
108.01	9.937072232298314
108.02	9.709398643426661
108.03	13.656241406020486
108.04	16.364321546914482
108.05	12.82885624443043
108.06	15.171453911984656
108.07000000000001	17.405915835012575
108.08	21.2369963254157
108.09	19.673787979964445
108.10000000000001	19.118105566965813
108.11	14.971667334359193
108.12	13.336584881367784
108.13	14.102507813088325
108.14	17.425329641417775
108.15	17.281043431488563
108.16	16.47082809714212
108.17	27.025407504227285
108.18	21.185059033334237
108.19	20.49117639562022
108.2	19.621553470215577
108.21000000000001	19.909865036305202
108.22	24.82219046738856
108.23	20.006835490948408
108.24000000000001	16.923268023275167
108.25	18.92556555185702
108.26	19.73968216797808
108.27	24.21406224377246
108.28	26.0700359499436
108.29	21.621324920433892
108.3	19.810477664324647
108.31	16.8317758753357
108.32000000000001	14.122876169794266
108.33	13.244225141141658
108.34	20.91836942722396
108.35000000000001	18.645116453464425
108.36	15.877715147140506
108.37	14.377354018198547
108.38	12.309674341493563
108.39	14.246528165855674
108.4	13.98408028336175
108.41	15.58031200412728
108.42	26.689388787391902
108.43	22.67218963627986
108.44	17.895877134921555
108.45	17.19487125164614
108.46000000000001	28.218735740447606
108.47	21.98102638831077
108.48	17.584369073891647
108.49000000000001	15.916206059995725
108.5	16.281461729580982
108.51	14.999435255523498
108.52	14.418867195477821
108.53	11.24022287183462
108.54	7.624933742553903
108.55	5.5845212310956365
108.56	12.680367860846628
108.57000000000001	18.21859494549434
108.58	16.918921679325553
108.59	13.751140869780293
108.60000000000001	12.156342168786633
108.61	22.58679649614712
108.62	27.568274045050035
108.63	22.80527079542134
108.64	18.443973397824422
108.65	17.435846867017837
108.66	16.63990665183335
108.67	18.14471675521353
108.68	20.216232272431768
108.69	26.921472245592806
108.7	20.784370100781768
108.71000000000001	18.288024988629296
108.72	18.911821350166857
108.73	15.342891387399224
108.74000000000001	12.71956716448466
108.75	16.508600807015476
108.76	18.773536651241564
108.77	15.448210357299459
108.78	13.050143772498608
108.79	11.359748209598774
108.8	8.990768662186582
108.81	7.042891361917751
108.82000000000001	3.986231284998632
108.83	6.299262276732524
108.84	12.625469193784319
108.85000000000001	13.250576070312842
108.86	13.67915534991891
108.87	12.46339430231205
108.88	19.259663884589724
108.89	18.28231359819968
108.9	15.005137605248512
108.91	14.945146874325895
108.92	15.484696601983497
108.93	14.202950787711575
108.94	12.672093879705558
108.95	9.830344892452413
108.96000000000001	10.783175915759411
108.97	11.64552051935185
108.98	17.603018716887828
108.99000000000001	17.978430040418925
109.0	19.522320069390318
109.01	15.114449055484164
109.02	14.795757832112203
109.03	10.897258737066121
109.04	7.627322164252322
109.05	11.157607214899294
109.06	10.9818767727341
109.07000000000001	11.362101685859475
109.08	12.458260631623373
109.09	13.213548432459424
109.10000000000001	13.000723524297012
109.11	16.935642934379768
109.12	16.396836339778243
109.13	14.808876053694046
109.14	11.701323273195118
109.15	9.651640922776293
109.16	8.00447709634763
109.17	8.689655331746593
109.18	10.845001068497202
109.19	15.98967422177521
109.2	16.41769206087899
109.21000000000001	17.23694574025953
109.22	17.820564419817224
109.23	18.192199553254746
109.24000000000001	18.693562440930364
109.25	17.219011288863296
109.26	20.78351401187937
109.27	16.674208749636335
109.28	17.75277040572771
109.29	14.452241130405202
109.3	13.087039303655422
109.31	10.706568101284613
109.32000000000001	9.613286847642854
109.33	9.28229064006471
109.34	7.211667653573158
109.35000000000001	5.185215506062566
109.36	6.465361497624109
109.37	7.849637208336018
109.38	12.544694842506287
109.39	10.547746435999034
109.4	9.24759713462137
109.41	18.370209347095525
109.42	16.57791769732754
109.43	14.559707888517153
109.44	26.102241031418068
109.45	20.57347811763151
109.46000000000001	23.97197497672557
109.47	27.4960003326891
109.48	27.397625143907767
109.49000000000001	28.43854947463252
109.5	25.608192827752408
109.51	33.10487918020448
109.52	28.26342604418972
109.53	32.39050564593447
109.54	26.73018990271715
109.55	31.11383555977599
109.56	30.274971539291318
109.57000000000001	28.643679907113707
109.58	23.23148061165827
109.59	19.480604745332514
109.60000000000001	17.86495051186831
109.61	16.024222017138378
109.62	14.047260860013107
109.63	11.107960635871757
109.64	9.492014209622608
109.65	10.996256095891326
109.66	17.32129298540795
109.67	15.481635871033195
109.68	17.602463957315106
109.69	21.751026818640476
109.7	17.043328158663336
109.71000000000001	14.648546462883399
109.72	18.190245509131753
109.73	19.876446131568404
109.74000000000001	18.881395165878416
109.75	21.217784882820865
109.76	23.442188056993324
109.77	30.48395207460597
109.78	30.9967267284789
109.79	28.51591445344227
109.8	28.128635813792936
109.81	28.226914372549214
109.82000000000001	29.003095421449665
109.83	30.402227114426548
109.84	23.570334130305305
109.85000000000001	18.361977893389312
109.86	15.748504421650912
109.87	13.602515305272048
109.88	13.427856757319633
109.89	18.97876995224033
109.9	15.281104789415723
109.91	19.15403767252215
109.92	17.03421247609136
109.93	13.416628841103227
109.94	12.259762648400933
109.95	12.977031905438125
109.96000000000001	10.575601241515638
109.97	8.267599358060407
109.98	9.32521312880102
109.99000000000001	9.004570863741046
110.0	11.813361822598948
110.01	10.866637640338295
110.02	13.830959291544485
110.03	12.934411137572539
110.04	10.212433110420408
110.05	9.135036449312246
110.06	6.442961869313507
110.07000000000001	6.198483945289907
110.08	4.830309117470197
110.09	4.935414227148501
110.10000000000001	3.8690351839011
110.11	3.3443906686660667
110.12	5.664663106314904
110.13	15.937552730596247
110.14	25.261025674809588
110.15	25.415478058391333
110.16	28.625372359724803
110.17	25.341180047066917
110.18	24.606112994159343
110.19	22.32000563293074
110.2	22.83723160361874
110.21000000000001	18.024354683183557
110.22	17.57393223164528
110.23	26.217540435688427
110.24000000000001	24.21702466981078
110.25	23.495415615077604
110.26	19.65624082834584
110.27	16.94528389292733
110.28	18.352467991784472
110.29	18.451231306651696
110.3	16.830806455569498
110.31	17.43629548455522
110.32000000000001	13.545823507187956
110.33	13.346054465072694
110.34	20.57782808325125
110.35000000000001	21.366027818455052
110.36	26.20826299092006
110.37	35.20809942481468
110.38	27.920502984613154
110.39	24.72071609627966
110.4	23.848406236200002
110.41	22.961822381389087
110.42	28.910904660415916
110.43	23.629307979341757
110.44	26.824513637632826
110.45	28.497757459054476
110.46000000000001	25.35279316620813
110.47	25.990018706817096
110.48	25.53086707919889
110.49000000000001	19.75530329255701
110.5	21.52694561347083
110.51	16.627960971354753
110.52	12.346071790220728
110.53	12.25201065699388
110.54	14.777866302035237
110.55	12.629900677365628
110.56	13.266722732148166
110.57000000000001	16.899537736846135
110.58	15.619837726543432
110.59	14.00416026653643
110.60000000000001	13.199751815667785
110.61	14.81910450003837
110.62	11.101098749821832
110.63	15.95268028671865
110.64	14.670609739227828
110.65	24.40393506645047
110.66	25.397511417176204
110.67	20.30764138400422
110.68	20.033785529202124
110.69	20.184669269098396
110.7	17.310140064163367
110.71000000000001	13.414989799458027
110.72	12.906019608640648
110.73	13.155638832118225
110.74000000000001	12.474794611822585
110.75	13.982383522631894
110.76	15.529574904951817
110.77	17.52894182789111
110.78	16.924593592652972
110.79	20.399714271081486
110.8	17.85530185352004
110.81	27.133856728436186
110.82000000000001	27.788310524653685
110.83	22.569726678490643
110.84	19.945471901983776
110.85000000000001	15.475232307551241
110.86	13.435815080885774
110.87	12.83004843414915
110.88	14.725581314753006
110.89	15.254473110848386
110.9	13.54016708228179
110.91	11.37249827912647
110.92	10.147121478497853
110.93	9.908993473268776
110.94	10.152253565269687
110.95	14.72955195233534
110.96000000000001	16.001552396598115
110.97	14.108368625496563
110.98	14.747695514253799
110.99000000000001	15.208734669792227
111.0	16.206721850483248
111.01	18.341809824958627
111.02	15.337312810211879
111.03	15.532205890730213
111.04	16.510374033340376
111.05	15.923587262589814
111.06	16.26039128947309
111.07000000000001	15.640480975355358
111.08	20.001910607177027
111.09	16.102600656863277
111.10000000000001	13.704862347876253
111.11	16.2335354892596
111.12	17.519061841303113
111.13	16.76672210625999
111.14	12.757527667257001
111.15	10.540407967810095
111.16	9.780868484569135
111.17	10.717612546304604
111.18	11.484187132402067
111.19	10.42994406151972
111.2	14.808671449654751
111.21000000000001	15.130024882309677
111.22	13.800704640871936
111.23	15.584186691986782
111.24000000000001	16.174222658595486
111.25	12.977266663252157
111.26	17.602062040556948
111.27	23.755607571561267
111.28	19.81503993936668
111.29	25.058914505743154
111.3	21.357099911213556
111.31	19.488715738267288
111.32000000000001	15.666840492777304
111.33	14.577579038146107
111.34	17.251050124004564
111.35000000000001	15.54621724764556
111.36	21.208642934392326
111.37	22.1038925002062
111.38	25.460116969793813
111.39	26.277166295672657
111.4	28.26043871853232
111.41	24.83740608015161
111.42	23.286709330109513
111.43	23.231350887305428
111.44	24.215274194033075
111.45	21.642631430830154
111.46000000000001	17.61743808827741
111.47	16.601190965151023
111.48	14.177007597154315
111.49000000000001	11.649055187255577
111.5	16.69458190043538
111.51	16.61064204239355
111.52	13.274701274499613
111.53	11.081572993801746
111.54	9.90750038614859
111.55	14.953911356917914
111.56	15.57036179960731
111.57000000000001	12.765216054698373
111.58	12.796186791680155
111.59	9.46876923588426
111.60000000000001	11.164622080114526
111.61	11.588038005912452
111.62	9.756148848166271
111.63	9.780043085290083
111.64	10.291235099110443
111.65	14.809893496058951
111.66	15.917459446984713
111.67	12.632515434288067
111.68	11.929240688433065
111.69	13.200758396292159
111.7	12.734284972970082
111.71000000000001	11.040196788284623
111.72	8.727615725404032
111.73	11.728985515325565
111.74000000000001	10.988500768169805
111.75	14.254748854081358
111.76	14.403113534455287
111.77	14.5793753128104
111.78	15.951436998643018
111.79	15.224207167143135
111.8	22.356186907211807
111.81	20.28266345370994
111.82000000000001	22.626179660930216
111.83	25.343157144450142
111.84	24.75024699449794
111.85000000000001	26.590384370586612
111.86	20.2028658548631
111.87	15.343785540274824
111.88	14.986742110339906
111.89	20.698269027180654
111.9	17.84784901280104
111.91	15.446586055984085
111.92	13.45691330699781
111.93	19.7070684800623
111.94	16.661953131872952
111.95	18.690938335332298
111.96000000000001	22.45181831670869
111.97	26.518000166299785
111.98	23.935512273037066
111.99000000000001	18.315149376507044
112.0	20.226111461315167
112.01	22.87377738929678
112.02	23.880595550809158
112.03	21.739545332334412
112.04	17.95085054395483
112.05	15.458666396406274
112.06	20.650849922690167
112.07000000000001	15.711389581924927
112.08	16.548631913382536
112.09	16.052179411033595
112.10000000000001	13.507119773699834
112.11	10.288372568898962
112.12	8.866934120502394
112.13	15.864180976039224
112.14	17.772467139008633
112.15	26.63302824945486
112.16	25.855215898341907
112.17	25.84036217965962
112.18	20.198069931685716
112.19	17.661498212816504
112.2	16.712287530994878
112.21000000000001	19.6662519734178
112.22	17.98905872717852
112.23	13.93071269420666
112.24000000000001	11.589533092379373
112.25	17.67003328877019
112.26	14.306578186626538
112.27	11.098571844765507
112.28	11.394876079398687
112.29	10.81807643699978
112.3	9.832569000591606
112.31	12.062978193709263
112.32000000000001	9.45630280574728
112.33	11.080453160761992
112.34	12.974896882317443
112.35000000000001	11.126781141130827
112.36	10.839901537023994
112.37	9.986545263919947
112.38	11.762961987164523
112.39	16.991771713032406
112.4	14.814572818628568
112.41	12.177419411456253
112.42	10.761059210702632
112.43	15.731210481182314
112.44	12.481055267015972
112.45	10.97432585709503
112.46000000000001	8.221693739130469
112.47	5.399280805025542
112.48	1.5220495113339654
112.49000000000001	-1.7874315295966303
112.5	-0.23141365541675674
112.51	1.6564361312180407
112.52	0.04951498368443054
112.53	-2.4960183442248596
112.54	1.2761016029295051
112.55	1.2050275449407906
112.56	7.300823542314922
112.57000000000001	10.927171039614008
112.58	14.399930565667344
112.59	20.113197251233053
112.60000000000001	16.72695730446495
112.61	15.828551814587074
112.62	13.397109935062343
112.63	16.623016350564292
112.64	18.255488094913595
112.65	14.776018978034523
112.66	17.27833693603553
112.67	14.791728495006808
112.68	19.880699141498454
112.69	20.308010083898317
112.7	20.97437002535726
112.71000000000001	18.125173464570118
112.72	13.826680466400745
112.73	11.673792826963254
112.74000000000001	9.863668198500939
112.75	7.495233664366302
112.76	4.884276101402979
112.77	9.698466549691563
112.78	10.7249724609041
112.79	17.253414569845255
112.8	17.38067778012868
112.81	15.345612196178344
112.82000000000001	15.316130614539729
112.83	13.057071407842308
112.84	10.0989984544049
112.85000000000001	10.542901344926895
112.86	11.858898932546925
112.87	11.36188742616173
112.88	13.069301876075789
112.89	9.970455926004341
112.9	14.028336063715669
112.91	16.061392902481057
112.92	17.878113325551375
112.93	17.847405758641525
112.94	17.07434335439278
112.95	14.323553835663208
112.96000000000001	15.85580692756996
112.97	18.24031459535278
112.98	18.360718219376647
112.99000000000001	17.121580383182184
113.0	14.342627864091423
113.01	14.243285800993233
113.02	10.500218370207765
113.03	12.638803110275036
113.04	15.918508364381305
113.05	18.4856564247977
113.06	25.68716568063027
113.07000000000001	28.58137835420922
113.08	27.496758580174898
113.09	21.30066462976717
113.10000000000001	19.77861726119114
113.11	17.912043261433013
113.12	16.67780660011679
113.13	17.56507557525913
113.14	17.381482102643496
113.15	17.68301683174752
113.16	15.693065233211417
113.17	16.377875112627176
113.18	14.656104640532734
113.19	13.726542704894037
113.2	14.342047151520488
113.21000000000001	12.833577457280066
113.22	11.785885255928696
113.23	14.810394818676727
113.24000000000001	10.96568004358662
113.25	13.803633274869272
113.26	26.794222548593304
113.27	26.314084414826013
113.28	30.381216499289334
113.29	25.59176930252518
113.3	25.453517385463062
113.31	21.25539905387835
113.32000000000001	21.413532371390026
113.33	21.11034252868095
113.34	18.628572035463932
113.35000000000001	14.981453272349736
113.36	16.27002462427888
113.37	23.680989336857067
113.38	20.506604536504746
113.39	24.925462572817604
113.4	22.63565456249283
113.41	25.3445451327159
113.42	21.03127031493342
113.43	22.119691892556226
113.44	24.685054379347108
113.45	19.627580345780775
113.46000000000001	14.865890868218735
113.47	10.719914470220067
113.48	7.566641413270084
113.49000000000001	10.972359638703367
113.5	15.003322652480577
113.51	15.629826207104921
113.52	22.37408461798125
113.53	26.572952501738058
113.54	21.376764463639585
113.55	17.755400091389962
113.56	14.804456378437525
113.57000000000001	14.682842713264488
113.58	19.512620284642153
113.59	22.355772596032097
113.60000000000001	17.4510845880886
113.61	15.742667044338683
113.62	14.836838658684938
113.63	16.871654618124982
113.64	20.200750632791593
113.65	16.505139103544586
113.66	15.690121812555537
113.67	15.434330999957625
113.68	14.371423074424868
113.69	14.202179186970227
113.7	11.930749250324872
113.71000000000001	8.361844828984003
113.72	4.661271137215421
113.73	4.506753209701511
113.74000000000001	3.552461311174931
113.75	4.539336653309957
113.76	6.035559670170805
113.77	6.8159602415319815
113.78	17.81282537734227
113.79	17.211262914455425
113.8	17.109669799241626
113.81	19.195936575520303
113.82000000000001	22.084577360783307
113.83	26.063393644664348
113.84	21.232775049064607
113.85000000000001	17.21249410618116
113.86	15.830509316168799
113.87	12.70296879054216
113.88	17.847733760987293
113.89	15.363298674540118
113.9	16.13822022722109
113.91	22.22757289316611
113.92	20.580252379791773
113.93	28.1882285261005
113.94	25.169106285153656
113.95	27.48141831240472
113.96000000000001	24.31098406551313
113.97	32.918160477542656
113.98	27.08555520232657
113.99000000000001	26.414806273292395
114.0	21.12103471794212
114.01	23.601366558368156
114.02	20.313265260053537
114.03	23.887337622710877
114.04	26.50214318593072
114.05	21.987306666121196
114.06	29.831405494484112
114.07000000000001	29.550193522204655
114.08	22.97281387523757
114.09	20.37049321854181
114.10000000000001	18.990104924342784
114.11	15.058179468909634
114.12	12.769946995802574
114.13	10.891320379820286
114.14	10.260476565040772
114.15	11.929957857526997
114.16	10.9776093152564
114.17	8.190297507760398
114.18	15.99488985580385
114.19	14.674930678794693
114.2	14.348677058058103
114.21000000000001	10.94110431595358
114.22	8.826825599909679
114.23	6.038035049201651
114.24000000000001	4.942564170324248
114.25	7.423612440847962
114.26	13.73884569430038
114.27	14.751127656641657
114.28	15.12818792046836
114.29	13.749609247075709
114.3	11.887557790772679
114.31	10.48416970796877
114.32000000000001	8.558895232747503
114.33	9.670737579835933
114.34	8.363094707045493
114.35000000000001	11.705395858307245
114.36	11.450884416093919
114.37	8.722938041220836
114.38	9.102295289865694
114.39	11.366800275218877
114.4	12.185735793692702
114.41	12.944568565106698
114.42	13.835678412168242
114.43	16.290613209040643
114.44	18.675312047687036
114.45	14.746375633184522
114.46000000000001	14.398555082746672
114.47	11.848418217899033
114.48	11.167579763873277
114.49000000000001	8.961690376233923
114.5	7.064306252019106
114.51	7.218741556437684
114.52	7.306965097124765
114.53	7.538077774367176
114.54	9.547980281204207
114.55	11.963711031320466
114.56	14.12173023969222
114.57000000000001	12.722176910314573
114.58	17.23822473388587
114.59	17.21847399600956
114.60000000000001	15.146444966459107
114.61	12.152268116623386
114.62	12.31779663559619
114.63	13.028244348928366
114.64	17.450931502812587
114.65	15.295610067366601
114.66	27.66824346323727
114.67	28.144132710015498
114.68	28.373998540021983
114.69	25.980093921731967
114.7	25.509245716614227
114.71000000000001	22.332656374010494
114.72	21.71206079324086
114.73	24.160149309259698
114.74000000000001	25.35246599267396
114.75	28.145656818564255
114.76	26.242428438287295
114.77	21.785481487846962
114.78	19.724937806175625
114.79	21.67133620987993
114.8	19.174678899167482
114.81	15.273925709971302
114.82000000000001	12.077861983891994
114.83	11.189915173614704
114.84	12.521450663014278
114.85000000000001	10.885771123839568
114.86	17.36548448570641
114.87	19.385379337981327
114.88	20.24056794822122
114.89	27.046343898475644
114.9	29.541646330486266
114.91	30.899095641707426
114.92	32.914587216142635
114.93	30.752904518157884
114.94	24.821015401814027
114.95	21.83134939171201
114.96000000000001	24.813799534539413
114.97	22.527034573746256
114.98	25.281935682905655
114.99000000000001	27.856839703454458
115.0	21.792874531992748
115.01	18.103139324143893
115.02	18.436154710733927
115.03	23.902484053657258
115.04	30.34435153143993
115.05	26.714363315226084
115.06	23.719685978785833
115.07000000000001	26.663322481905517
115.08	26.399731879790064
115.09	24.887376972526848
115.10000000000001	28.44539015465815
115.11	26.187364355436408
115.12	26.16783539380878
115.13	25.233273595316334
115.14	22.55617864659653
115.15	17.69315312925796
115.16	15.750020631406684
115.17	15.622332469251962
115.18	16.95293510052327
115.19	15.204812343913483
115.2	14.869028339862645
115.21000000000001	15.879907478145606
115.22	16.45895376117653
115.23	13.361747605090164
115.24000000000001	10.19950064330939
115.25	8.03269398779816
115.26	6.106496834109994
115.27	7.519718314752986
115.28	8.764249346306322
115.29	13.088526876066478
115.3	20.261118134598775
115.31	17.509151199899645
115.32000000000001	14.41630642183576
115.33	15.351257997806362
115.34	17.814888002923883
115.35000000000001	16.124727017913187
115.36	21.32027492112988
115.37	23.433080993846588
115.38	23.620649269099186
115.39	18.86979079881899
115.4	19.77271714286788
115.41	16.11726365248708
115.42	13.479823307671847
115.43	13.60758356343382
115.44	11.30420225937625
115.45	11.278004710527552
115.46000000000001	11.9652602695344
115.47	23.88515974382289
115.48	19.48682473084095
115.49000000000001	15.790186177340946
115.5	13.577707848206286
115.51	11.332921963802438
115.52	17.283512899268054
115.53	34.90368698813611
115.54	31.30405624862851
115.55	30.46268478519247
115.56	31.20279717172675
115.57000000000001	26.229146562195254
115.58	23.952749907727988
115.59	26.217858904406032
115.60000000000001	20.471842591796076
115.61	17.757552538082322
115.62	16.046116431896962
115.63	17.752567354497625
115.64	28.958561151216482
115.65	23.389163449820618
115.66	18.247317685635657
115.67	14.341871087725202
115.68	12.262768816743778
115.69	22.91705418633611
115.7	22.48511271220471
115.71000000000001	31.03091785706129
115.72	28.637553863660322
115.73	26.26660554655702
115.74000000000001	24.74355874566163
115.75	21.680350029562177
115.76	17.541808484698123
115.77	18.647295484450165
115.78	18.525689496461755
115.79	18.891206969352858
115.8	21.764420513438296
115.81	21.885094725225994
115.82000000000001	16.590860674195746
115.83	14.695454751937989
115.84	16.30209801409443
115.85000000000001	13.705482744479323
115.86	12.40954615598943
115.87	11.001246677378486
115.88	10.843469646885243
115.89	13.995660026453827
115.9	18.986513057203915
115.91	16.985674038684348
115.92	18.46604280547644
115.93	19.17051967156025
115.94	15.001332215220886
115.95	18.226097402779544
115.96000000000001	15.902200814252032
115.97	13.61378429244848
115.98	11.042662453273717
115.99000000000001	12.480885534745143
116.0	16.731862492634942
116.01	21.30497603679201
116.02	17.173690577142608
116.03	21.323427992759004
116.04	18.265503799832484
116.05	16.132123141036466
116.06	13.055107611049005
116.07000000000001	11.632211835450034
116.08	17.50701125070373
116.09	13.416910304796096
116.10000000000001	17.393162022384413
116.11	27.437077192561617
116.12	23.91061652272478
116.13	23.36290570958898
116.14	24.477923776345833
116.15	18.616193923296017
116.16	26.857669184251876
116.17	26.578790204737928
116.18	21.723417651907063
116.19	24.03339697864787
116.2	24.504705157661036
116.21000000000001	25.88009875854073
116.22	23.97426343488789
116.23	18.33167353219684
116.24000000000001	19.457684767764697
116.25	29.131413707352923
116.26	32.33268754458631
116.27	27.10377342128111
116.28	22.55136583524314
116.29	23.387991254154027
116.3	25.153042294089126
116.31	32.92846576655326
116.32000000000001	36.571132508616785
116.33	32.88189923650818
116.34	25.993207929645973
116.35000000000001	25.242857126031545
116.36	25.586081613691118
116.37	22.142651509074966
116.38	17.890206651911498
116.39	13.549359921144358
116.4	14.147706468077125
116.41	15.286363035768401
116.42	14.95652229653959
116.43	16.221458379241508
116.44	16.312419434589746
116.45	15.410031359973406
116.46000000000001	20.14414541119632
116.47	19.134525013679134
116.48	20.910190548946293
116.49000000000001	22.449354553769002
116.5	17.549520252029968
116.51	17.94557658593378
116.52	20.03339985208377
116.53	16.373252530650014
116.54	14.71468784058028
116.55	15.07829551803937
116.56	11.946405087199143
116.57000000000001	8.68944405585791
116.58	5.761570492161668
116.59	10.07070753609366
116.60000000000001	11.073186014519527
116.61	14.625327729223445
116.62	15.318585350989746
116.63	20.046256162659542
116.64	26.971516629381554
116.65	28.685851228636665
116.66	28.438417176636754
116.67	29.28352626673467
116.68	30.41389571113507
116.69	26.070358356011766
116.7	23.93487325301785
116.71000000000001	25.034413096218994
116.72	30.317476185803095
116.73	26.2944974525411
116.74000000000001	20.76780719984283
116.75	20.09222826978672
116.76	25.751797353150977
116.77	25.044072119387117
116.78	24.94652596280615
116.79	30.248029150900244
116.8	23.712355733591924
116.81	19.73305357856592
116.82000000000001	20.396350258724766
116.83	21.914801275040166
116.84	19.91841973371021
116.85000000000001	17.475052124925433
116.86	15.242887757120393
116.87	10.990907612631473
116.88	8.807462847736131
116.89	8.500782620966296
116.9	10.3169918365477
116.91	9.460232615647922
116.92	11.437894896051233
116.93	15.120562044973903
116.94	17.87777007545163
116.95	25.649221746767907
116.96000000000001	21.810855584996258
116.97	21.571199229368496
116.98	23.21807963248196
116.99000000000001	18.984532678210602
117.0	23.433433801916696
117.01	21.23255899047605
117.02	21.941092022162458
117.03	27.968784398915822
117.04	22.50415918953023
117.05	24.403093802640967
117.06	34.50028438042307
117.07000000000001	33.87743904775248
117.08	29.651632793619576
117.09	23.297652080803005
117.10000000000001	19.47014336778427
117.11	15.882709785027696
117.12	24.175488731694937
117.13	22.563799952749186
117.14	20.865183510580227
117.15	23.084237429090617
117.16	28.261927029097713
117.17	30.214957173773758
117.18	24.326729735769565
117.19	24.178384182318343
117.2	21.86694366513171
117.21000000000001	21.487689956364708
117.22	18.376029457189937
117.23	17.306703895704217
117.24000000000001	16.930734966711213
117.25	26.229801580946692
117.26	25.758431491217156
117.27	22.87253709603558
117.28	25.849906623058363
117.29	25.08035975609039
117.3	27.67738892298878
117.31	25.996326470203464
117.32000000000001	21.057353897040016
117.33	17.53786812144215
117.34	21.275982369987094
117.35000000000001	33.8418969482526
117.36	28.90443711457666
117.37	29.52733082369911
117.38	23.852975461377255
117.39	18.880107089034578
117.4	14.87323929163935
117.41	11.679848655711679
117.42	10.442483866745391
117.43	8.81363536025546
117.44	16.383520006088464
117.45	12.79689137580026
117.46000000000001	10.296495476014764
117.47	17.138886823026937
117.48	22.54242892091894
117.49000000000001	21.85967931375723
117.5	16.47946931170255
117.51	14.313790824015209
117.52	13.663183826390574
117.53	12.954340531186759
117.54	16.775243250744886
117.55	26.13702241467889
117.56	27.85841200170956
117.57000000000001	22.93451447874569
117.58	19.742631813661188
117.59	16.51667692715472
117.60000000000001	14.798491356574875
117.61	11.921971962218166
117.62	8.968960062732732
117.63	6.075124331308495
117.64	3.1919753707313254
117.65	0.5322008879952711
117.66	-0.8083391802516334
117.67	0.8306946367371163
117.68	2.340891306310537
117.69	3.1788864761220723
117.7	3.43975847800397
117.71000000000001	2.562001094573136
117.72	4.924873001978778
117.73	6.070439355772987
117.74000000000001	7.769984053505168
117.75	8.635384584933524
117.76	10.314084036040246
117.77	17.723413746136195
117.78	16.013670830388907
117.79	25.405864855672547
117.8	19.6444945258811
117.81	24.772832193427675
117.82000000000001	28.87314333352728
117.83	26.454448382921203
117.84	28.403449221019557
117.85000000000001	25.623757581880387
117.86	21.212757698439027
117.87	20.70588630216002
117.88	20.636396558426412
117.89	20.54694619331587
117.9	21.89933750391242
117.91	16.40513267744809
117.92	14.014827841187296
117.93	16.585855870683275
117.94	15.58995456404697
117.95	17.70382526617392
117.96000000000001	15.283336946693867
117.97	16.584772396958055
117.98	12.798587419377835
117.99000000000001	10.794321195149195
118.0	9.126461169216178
118.01	15.28824875139678
118.02	13.651530738506603
118.03	13.043970458243908
118.04	14.629952658449703
118.05	15.064539312432796
118.06	21.352849183172662
118.07000000000001	17.552743706827698
118.08	15.034052968553873
118.09	12.200019621594935
118.10000000000001	10.932004151593533
118.11	9.76360749524768
118.12	13.939364649316897
118.13	15.746170182974137
118.14	20.362617757757217
118.15	16.205115579155915
118.16	14.876222011789713
118.17	17.06167231376917
118.18	16.494433334622943
118.19	16.167290946712495
118.2	16.44291437917626
118.21000000000001	20.14589098881137
118.22	24.239369754916623
118.23	21.246735214894066
118.24000000000001	27.24992164173652
118.25	24.010899798953265
118.26	27.769235332916654
118.27	35.249285099489775
118.28	30.403126224857857
118.29	25.902157739099298
118.3	24.34933103319098
118.31	24.8490691077947
118.32000000000001	20.82898798577584
118.33	21.698501014343577
118.34	18.228402173215475
118.35000000000001	17.40743986506571
118.36	19.769562631792855
118.37	20.916261968452275
118.38	16.681959471668016
118.39	19.708535908550854
118.4	20.616790352508477
118.41	18.561026408789203
118.42	18.33746354519814
118.43	17.051095371939216
118.44	18.05789538836461
118.45	21.344525776711095
118.46000000000001	20.258824887420914
118.47	16.121366222631433
118.48	12.214372636018217
118.49000000000001	16.85124596524945
118.5	18.35511597706163
118.51	14.096897726231376
118.52	12.218643032876676
118.53	11.220276863585203
118.54	10.265135967077127
118.55	8.383633356630837
118.56	8.73395023374512
118.57000000000001	12.014220762442076
118.58	16.26194501698155
118.59	14.35823604721972
118.60000000000001	17.919035349813754
118.61	18.71662971384467
118.62	21.103235853474676
118.63	20.32887105487213
118.64	19.346137430023035
118.65	20.67756751333532
118.66	27.341385980433046
118.67	23.766204268625344
118.68	18.221934349074036
118.69	22.054095464931716
118.7	19.30573824541102
118.71000000000001	20.187581918170892
118.72	19.5349290037038
118.73	21.393939010021153
118.74000000000001	22.756450970304122
118.75	18.54666878464429
118.76	14.523562299251353
118.77	12.405765278216693
118.78	12.029289389641308
118.79	11.609926612248724
118.8	11.734538302844205
118.81	10.207403945613747
118.82000000000001	9.165909358882542
118.83	12.539873842216654
118.84	16.238866091150044
118.85000000000001	19.096477349892442
118.86	16.503013963461004
118.87	17.53243714012644
118.88	15.65043326303558
118.89	22.116307969752143
118.9	19.320509264532554
118.91	20.120482944006884
118.92	20.69081638075536
118.93	25.059428473527447
118.94	28.5158090226967
118.95	26.095526701272277
118.96000000000001	20.187804795315124
118.97	16.617925098511307
118.98	16.804366830616527
118.99000000000001	15.341771020381778
119.0	12.121734533184876
119.01	18.31628423318998
119.02	21.286271185626063
119.03	21.912334927689237
119.04	20.130310344932816
119.05	20.93016481618333
119.06	19.75007373921752
119.07000000000001	18.59059018688485
119.08	29.51884632514268
119.09	39.161755273819715
119.10000000000001	33.609613676334504
119.11	29.697196341217968
119.12	24.6596860272556
119.13	27.455488745471204
119.14	24.028565417402966
119.15	27.046924320260583
119.16	29.014031585977975
119.17	28.352831916804167
119.18	30.127475631447616
119.19	24.22076640690542
119.2	19.779716525897506
119.21000000000001	22.57954168914317
119.22	20.70264070038386
119.23	20.744632224961844
119.24000000000001	21.669922553260037
119.25	27.02475323927142
119.26	26.48926048043599
119.27	28.68915226121004
119.28	23.936351258948868
119.29	21.207798341800643
119.3	23.403096643613765
119.31	24.031517795163438
119.32000000000001	28.72662831001288
119.33	24.800865725894322
119.34	19.220860724938536
119.35000000000001	15.967766338858475
119.36	14.643033946230892
119.37	15.630849571175187
119.38	14.317077361964131
119.39	12.146315926488132
119.4	12.145088461588418
119.41	9.442680082882683
119.42	9.930517652859885
119.43	8.268443611781677
119.44	10.253470570738392
119.45	10.904777022277253
119.46000000000001	12.959147614509158
119.47	16.868056611908717
