0.0	19.333313320921366
0.01	22.32300877076822
0.02	21.196184374723643
0.03	22.40984417038917
0.04	18.395034789784837
0.05	17.79113420783224
0.06	21.706164208546145
0.07	18.89506888201591
0.08	19.118722968373316
0.09	14.544569707966092
0.1	15.369635986627856
0.11	12.123087036004282
0.12	9.280313099991753
0.13	7.141793144187247
0.14	5.514037793631019
0.15	8.5939419043429
0.16	7.737112384954052
0.17	3.9687350966283543
0.18	1.340772860260949
0.19	6.451326815261689
0.2	4.746723327977388
0.21	3.915308581859471
0.22	1.7418901425637345
0.23	-2.522143332034544
0.24	-0.9184313722798855
0.25	-5.566067908046455
0.26	-7.055908561281354
0.27	-16.30353233773328
0.28	-12.726020550029936
0.29	-9.419491499666941
0.3	-9.513862328595582
0.31	-13.645625708616326
0.32	-13.597688959159047
0.33	-13.015455423561518
0.34	-13.683578959759997
0.35000000000000003	-23.032604575078214
0.36	-29.22696877787658
0.37	-23.484361325169974
0.38	-20.892069228361542
0.39	-16.205052893726947
0.4	-13.714211324574915
0.41000000000000003	-13.304466540569564
0.42	-16.908594759803304
0.43	-14.676901015448568
0.44	-18.844259762329994
0.45	-16.17678650286634
0.46	-18.6382903335214
0.47000000000000003	-19.028001873433528
0.48	-17.98535039538357
0.49	-15.702643441377376
0.5	-18.153000659403485
0.51	-14.559592323940352
0.52	-16.05038009756916
0.53	-13.568723072626797
0.54	-12.435912083674053
0.55	-15.609194894884315
0.56	-12.08710350584655
0.5700000000000001	-11.71647262945882
0.58	-11.47199949390882
0.59	-11.840177558428568
0.6	-14.970817259171314
0.61	-13.448917802695954
0.62	-24.057898029313183
0.63	-24.73751274081977
0.64	-21.7529827928564
0.65	-28.020812390654342
0.66	-24.00083101584588
0.67	-25.973164842688504
0.68	-23.239427028502746
0.6900000000000001	-20.342689829437607
0.7000000000000001	-15.773264148274931
0.71	-13.09106910223178
0.72	-15.883823294690488
0.73	-11.593510386568576
0.74	-13.677414917387905
0.75	-23.6118421395714
0.76	-19.010644483568612
0.77	-15.817163806126176
0.78	-12.960243555035262
0.79	-11.943280971120778
0.8	-8.834442615309191
0.81	-6.80625455529223
0.8200000000000001	-11.23548968758789
0.8300000000000001	-12.699216250015466
0.84	-15.333774848467568
0.85	-17.822973155250036
0.86	-19.886229344530054
0.87	-20.270557052602634
0.88	-17.868499500222352
0.89	-21.2418479836691
0.9	-24.199259528373428
0.91	-26.364380883505532
0.92	-28.840399601370784
0.93	-25.899690800240126
0.9400000000000001	-26.52369057129835
0.9500000000000001	-24.189299017289667
0.96	-20.271737031977622
0.97	-16.783592294915184
0.98	-12.960237092424554
0.99	-12.061150641556523
1.0	-11.834223919813157
1.01	-20.26634690646668
1.02	-17.490322288628718
1.03	-21.235636793443412
1.04	-20.90662004820105
1.05	-16.263648940243993
1.06	-13.936369356934346
1.07	-17.85308941786594
1.08	-14.23472902860505
1.09	-12.628970796784474
1.1	-20.588120718101308
1.11	-24.85863930621671
1.12	-23.524849067002116
1.1300000000000001	-24.362165880852025
1.1400000000000001	-20.731214876122092
1.1500000000000001	-15.744941064111332
1.16	-17.387935037089097
1.17	-21.2845169912296
1.18	-22.11933897590227
1.19	-20.290690369170946
1.2	-19.331358692221492
1.21	-17.947967889240598
1.22	-15.622911880059608
1.23	-10.853738314510071
1.24	-9.831778999486152
1.25	-8.213498967045473
1.26	-5.751704415349023
1.27	-2.1367318762375582
1.28	1.0910594842657182
1.29	0.26747300564634896
1.3	-2.1839843444819103
1.31	-3.3641368978322834
1.32	-4.420908400299907
1.33	-18.028655444370457
1.34	-20.790051630310778
1.35	-26.677273264490232
1.36	-23.876691474155994
1.37	-20.215224295802173
1.3800000000000001	-17.569935057964127
1.3900000000000001	-19.151725501189674
1.4000000000000001	-21.014518917936794
1.41	-26.844571216860952
1.42	-23.04693106444935
1.43	-26.38273477854426
1.44	-23.643940785131313
1.45	-18.467091708685228
1.46	-14.446768889010597
1.47	-12.539982178461488
1.48	-9.361969707880517
1.49	-10.774480509805615
1.5	-18.035004698974934
1.51	-14.078233944966628
1.52	-18.771579939493837
1.53	-15.21717320354882
1.54	-17.036794124835435
1.55	-15.790187336157471
1.56	-11.829422079736451
1.57	-9.410889239866009
1.58	-11.250526390784865
1.59	-11.844413891803104
1.6	-15.326019030949826
1.61	-17.09026084292723
1.62	-13.620636473905893
1.6300000000000001	-15.36305838148983
1.6400000000000001	-11.790903686709179
1.6500000000000001	-13.739331322122942
1.6600000000000001	-11.039376977951028
1.67	-10.018185678334556
1.68	-8.967038290704696
1.69	-13.682918868230397
1.7	-18.539475243928305
1.71	-19.95544775849148
1.72	-18.367520685189508
1.73	-17.574567528052253
1.74	-14.461773349369007
1.75	-14.019023121344581
1.76	-11.337044253809278
1.77	-9.440527816550777
1.78	-10.429530898227018
1.79	-13.912942857833347
1.8	-14.105390118946415
1.81	-13.17670751402506
1.82	-14.341359543651429
1.83	-11.540588925903569
1.84	-11.058200285661183
1.85	-14.34084139226863
1.86	-20.822056079701717
1.87	-17.409350011367376
1.8800000000000001	-21.40670104011239
1.8900000000000001	-22.664824492085412
1.9000000000000001	-21.685101672279274
1.9100000000000001	-17.809980536380795
1.92	-21.827748313877454
1.93	-22.423019345327884
1.94	-18.913402325613124
1.95	-25.91475702924119
1.96	-26.181621285073838
1.97	-31.65640231282382
1.98	-36.32925016175669
1.99	-28.483189944418182
2.0	-30.140080309022277
2.0100000000000002	-28.829114485737325
2.02	-29.620936550472436
2.0300000000000002	-25.246253284786803
2.04	-26.002068564667347
2.05	-24.725930320786297
2.06	-25.237562352047412
2.07	-22.668650469895304
2.08	-20.019086525589064
2.09	-23.443276557614492
2.1	-22.86478297970534
2.11	-26.308685779842936
2.12	-22.919957738714867
2.13	-21.399644551102284
2.14	-19.66638154101358
2.15	-17.023843129643474
2.16	-22.295564090968924
2.17	-20.93847111796737
2.18	-18.739347286296994
2.19	-15.140146609247465
2.2	-16.713611889557924
2.21	-13.862705678382188
2.22	-21.955256761139292
2.23	-17.380670696424282
2.24	-14.294531314629733
2.25	-12.69590799150079
2.2600000000000002	-16.94364780657015
2.27	-16.067214954429723
2.2800000000000002	-13.95399489307933
2.29	-18.38954891924049
2.3000000000000003	-20.638485941261962
2.31	-24.643326851140575
2.32	-24.658243353285197
2.33	-21.44505617980294
2.34	-21.613958899454648
2.35	-19.56234185260407
2.36	-17.74091633954335
2.37	-21.45520827490747
2.38	-21.187708466032905
2.39	-20.904609170765706
2.4	-16.816045658725933
2.41	-13.79698591214566
2.42	-16.759310617779434
2.43	-15.848773466711586
2.44	-12.711500990605305
2.45	-12.102801434440451
2.46	-12.753722221133003
2.47	-10.85036822153238
2.48	-14.542447044997449
2.49	-14.605874824691949
2.5	-14.396392173145813
2.5100000000000002	-12.053482371669574
2.52	-12.414901770349845
2.5300000000000002	-10.301771092005625
2.54	-9.44266342198119
2.5500000000000003	-11.23770437780461
2.56	-9.236135323783143
2.57	-7.583637320843678
2.58	-6.066573932137556
2.59	-5.820178341122961
2.6	-5.475076579577966
2.61	-2.7291302723938817
2.62	1.882730744245116
2.63	-2.8223459689035097
2.64	-4.231942304397224
2.65	-3.223647259149142
2.66	-3.59843689526938
2.67	-1.5352372682399216
2.68	2.4882800226394757
2.69	4.390798519419215
2.7	14.568386930246495
2.71	13.486900993544461
2.72	11.574079018780354
2.73	12.699599233695183
2.74	19.0899172027556
2.75	19.556790992994067
2.7600000000000002	22.99343156615397
2.77	19.443670501759893
2.7800000000000002	22.174880767858802
2.79	16.87269872894868
2.8000000000000003	22.370245768708124
2.81	19.110093091271
2.82	21.877648613529438
2.83	24.739921159026654
2.84	20.51247912949411
2.85	15.901052673585948
2.86	15.762411491057136
2.87	14.712290977573689
2.88	14.596450649623169
2.89	12.398538758028009
2.9	8.714462539260982
2.91	7.311336495154296
2.92	5.981369820598463
2.93	9.677883681053967
2.94	10.753851985295938
2.95	11.594221858177471
2.96	15.721118801750206
2.97	13.74195459679493
2.98	9.799539244583038
2.99	9.965744381053232
3.0	17.636742816753745
3.0100000000000002	23.170954390949497
3.02	22.212067474272146
3.0300000000000002	17.733781532084127
3.04	19.100607673814096
3.0500000000000003	17.671132073288994
3.06	15.474662284816803
3.0700000000000003	20.274590709051566
3.08	16.752362563667006
3.09	16.573073659239633
3.1	17.297062683279975
3.11	16.15071484012671
3.12	18.99347736340379
3.13	17.73336418020303
3.14	13.70410243749084
3.15	10.676792454779502
3.16	11.547094948547382
3.17	9.556954962222667
3.18	10.101649564874084
3.19	8.079240031075937
3.2	8.287904881182822
3.21	13.611535407877362
3.22	12.35213918238182
3.23	9.340715365356361
3.24	10.618136416887275
3.25	13.523315276575302
3.2600000000000002	12.56298957256109
3.27	16.366674817147103
3.2800000000000002	14.221457136334218
3.29	13.626138108788012
3.3000000000000003	12.6454417443742
3.31	14.37487745378816
3.3200000000000003	17.401371556374954
3.33	16.622488813877887
3.34	16.354014172662303
3.35	17.837368713844384
3.36	14.740101113616305
3.37	13.683162866018375
3.38	10.74348885493263
3.39	9.528457999862699
3.4	8.993016252872936
3.41	7.896367823987059
3.42	8.311639188860388
3.43	5.788866668141954
3.44	4.166224589713923
3.45	5.902224124791115
3.46	7.446569795145129
3.47	4.013941389306835
3.48	5.1362238073795465
3.49	6.96235862234865
3.5	6.488823032083012
3.5100000000000002	5.324476127035555
3.52	2.4963224041995584
3.5300000000000002	3.676623514559591
3.54	7.573033134733295
3.5500000000000003	15.363633967317456
3.56	14.729530262934224
3.5700000000000003	12.563250531086691
3.58	15.392439235881971
3.59	11.654438632073973
3.6	10.033885510976491
3.61	8.201448033889463
3.62	9.182485049229618
3.63	10.989205090947111
3.64	12.296886354722021
3.65	12.879965510026368
3.66	10.083508593974402
3.67	7.3735768564078485
3.68	5.087513536179701
3.69	2.8014502159516548
3.7	3.09868402932141
3.71	-0.918449189275266
3.72	-1.6777879689356323
3.73	1.0441069173615525
3.74	1.0785768883768536
3.75	-0.5611527650381781
3.7600000000000002	3.0698601204978098
3.77	-0.8134314906635994
3.7800000000000002	2.2621330992258315
3.79	3.242548529655583
3.8000000000000003	5.787458600914379
3.81	10.79408413688449
3.8200000000000003	10.952579673722983
3.83	15.666232525186231
3.84	18.571410571853683
3.85	19.392178509312966
3.86	15.488384409783018
3.87	22.400907550459277
3.88	21.190547504366084
3.89	20.683835126106466
3.9	20.295447031411033
3.91	17.95742821508108
3.92	17.068129520757246
3.93	18.848159726753202
3.94	15.435193436849659
3.95	21.942472050969982
3.96	19.303936322776984
3.97	22.048316974633455
3.98	17.27665370475932
3.99	22.729732718544984
4.0	17.031754585963412
4.01	17.61454293589764
4.0200000000000005	13.331041135978738
4.03	11.02745574547603
4.04	23.337711846778177
4.05	20.319404283668153
4.0600000000000005	28.96968032701991
4.07	31.07349159373451
4.08	29.19249256857399
4.09	29.522537577724552
4.1	24.870780411612305
4.11	27.88691971427483
4.12	25.42907772917876
4.13	21.13404090886017
4.14	23.128047650816338
4.15	18.752712376755284
4.16	19.209141718310857
4.17	16.27262855689282
4.18	13.426508017726958
4.19	12.350125458943282
4.2	17.34532792226584
4.21	13.838517826071973
4.22	11.365512431375006
4.23	11.848924819802715
4.24	9.960200403770937
4.25	11.14766399394512
4.26	14.151536465241048
4.2700000000000005	12.648137594094386
4.28	12.800315404928012
4.29	17.81799663548675
4.3	23.172386092820965
4.3100000000000005	20.84788075391016
4.32	23.139022034443077
4.33	18.14628961162735
4.34	14.502815560738695
4.3500000000000005	11.408678257042709
4.36	10.364755906072338
4.37	10.28966001667065
4.38	10.943131331517733
4.39	10.180873356334075
4.4	12.05782441315377
4.41	10.507493265156977
4.42	10.198792437286809
4.43	11.262467658359379
4.44	9.584237671745498
4.45	9.667758201134095
4.46	8.346420687879249
4.47	10.838262111045283
4.48	16.81584102058567
4.49	13.629900978412968
4.5	16.388986649854488
4.51	13.513293599704362
4.5200000000000005	19.886804290186472
4.53	19.49653510246565
4.54	19.311993679896027
4.55	20.255805623682182
4.5600000000000005	19.496968257098505
4.57	20.74484911682812
4.58	28.801490921303778
4.59	26.824429322143153
4.6000000000000005	24.808382914762973
4.61	29.23539232174455
4.62	26.757559657212347
4.63	21.64725778747945
4.64	16.779581195896494
4.65	13.091551051307638
4.66	10.13475380840308
4.67	11.421542041580166
4.68	15.41139433923555
4.69	12.061918620901434
4.7	10.344713990768517
4.71	9.256910470415475
4.72	16.14724264084175
4.73	19.78902745681692
4.74	16.899610811049754
4.75	18.63998414238343
4.76	19.802443339264574
4.7700000000000005	17.6574726451021
4.78	16.426501754006352
4.79	16.5807722963034
4.8	16.444039370215272
4.8100000000000005	13.456453642895289
4.82	13.92641180134998
4.83	15.464376242280261
4.84	13.512390239192428
4.8500000000000005	13.752754566334175
4.86	19.65463828632492
4.87	16.129390209218972
4.88	16.75388958591978
4.89	15.37894222218127
4.9	17.10998269433316
4.91	17.47442872203834
4.92	20.650231038348387
4.93	16.895247405902555
4.94	15.692975006709428
4.95	17.41615784707442
4.96	14.450296867849683
4.97	13.312378490493558
4.98	10.246443347286961
4.99	6.2095779527155495
5.0	7.672883187667611
5.01	7.850904439049022
5.0200000000000005	5.322298768252174
5.03	5.166854600563844
5.04	3.8011980025044063
5.05	2.683701522499977
5.0600000000000005	3.6126063059801945
5.07	6.0355592616941065
5.08	3.9021820007489825
5.09	11.003678821181966
5.1000000000000005	10.908357374582634
5.11	14.870858753268106
5.12	21.98929578351261
5.13	18.799308218924466
5.14	15.786157811147723
5.15	22.808843959344046
5.16	19.88312396727667
5.17	24.493174436114295
5.18	19.17233869269434
5.19	18.15506959903165
5.2	14.766593992955432
5.21	10.972941438034553
5.22	15.186946230189214
5.23	13.254028110267551
5.24	15.50238465706782
5.25	18.72758522938512
5.26	18.854196290057466
5.2700000000000005	17.588157696083517
5.28	16.47616731230156
5.29	19.49080550782846
5.3	17.790479560154072
5.3100000000000005	17.562421279916627
5.32	20.168025178101527
5.33	28.145285731892688
5.34	23.107708479484025
5.3500000000000005	18.95876987573849
5.36	17.347891568822813
5.37	15.114656660443295
5.38	13.077693256621698
5.39	16.29530829288989
5.4	22.94588707062768
5.41	18.574891992662277
5.42	15.62435631299375
5.43	11.7512313403559
5.44	12.788287522871634
5.45	10.071599447565744
5.46	10.286893683035691
5.47	11.087736933039098
5.48	9.878616455228851
5.49	8.46616449251732
5.5	10.260351518057973
5.51	8.99873570704727
5.5200000000000005	6.316178254784201
5.53	3.6336208025213694
5.54	1.324046378711761
5.55	-0.19561495222965566
5.5600000000000005	-1.715276283171208
5.57	-2.48145026199589
5.58	-2.9336822425611375
5.59	-1.8207606341646305
5.6000000000000005	0.8070425824974763
5.61	2.2407759766514856
5.62	5.232325681254673
5.63	3.44000843356212
5.64	1.9721938429166788
5.65	0.29996691617481247
5.66	1.654679718223442
5.67	8.49744529557497
5.68	5.144108907289521
5.69	7.232791183304109
5.7	9.375510008471569
5.71	6.038284717973137
5.72	5.240456549697962
5.73	4.26573160208514
5.74	7.43499278834483
5.75	7.281075809949207
5.76	8.512486503121638
5.7700000000000005	6.280734525970423
5.78	12.710259067902236
5.79	11.168877697171117
5.8	11.858677247993244
5.8100000000000005	12.421930619301195
5.82	8.863474899368354
5.83	11.114790994302602
5.84	12.70028711751028
5.8500000000000005	12.771552735597199
5.86	15.007893773085838
5.87	11.57609395721381
5.88	12.398138429828569
5.89	10.43298951880827
5.9	13.69403076854239
5.91	10.82681757767403
5.92	7.973927542082864
5.93	5.956335638453603
5.94	7.66657998514761
5.95	15.924607343331076
5.96	12.970730460210122
5.97	14.406743736178504
5.98	11.097005604783472
5.99	9.32892937761197
6.0	11.113907142473488
6.01	17.473015242893705
6.0200000000000005	17.494890014702158
6.03	20.109145587185225
6.04	19.470205979543454
6.05	18.846866388334895
6.0600000000000005	14.857387857115492
6.07	14.958691622341169
6.08	11.926943086617007
6.09	8.680987359632603
6.1000000000000005	7.508361742698471
6.11	6.231440424427238
6.12	7.971921830046499
6.13	6.854003693512423
6.140000000000001	4.93662451238223
6.15	3.2899776945458776
6.16	3.262130380862732
6.17	3.440081681832647
6.18	4.846752614525422
6.19	4.581588522418122
6.2	3.7161126308275447
6.21	4.151520623541729
6.22	0.8672630762081197
6.23	-6.879388087898537
6.24	-8.699663103912789
6.25	-8.499288796457693
6.26	-7.82156637068989
6.2700000000000005	-7.010546572573718
6.28	-13.24676146680975
6.29	-10.475106273916246
6.3	-11.204285590985306
6.3100000000000005	-12.650866236123285
6.32	-15.68583859023507
6.33	-16.28385115707219
6.34	-17.636993924818146
6.3500000000000005	-15.13316025391847
6.36	-20.194465647667766
6.37	-17.65799147645184
6.38	-15.236319934967261
6.390000000000001	-19.53175591036539
6.4	-18.854949772160012
6.41	-21.198988466942218
6.42	-18.20775286434579
6.43	-16.596727256089224
6.44	-12.640580417259438
6.45	-15.200275389412619
6.46	-14.298297279491313
6.47	-11.738016754296085
6.48	-10.628910400231934
6.49	-9.847183517740824
6.5	-8.831391450626853
6.51	-7.03436707165908
6.5200000000000005	-6.794504105969066
6.53	-6.799754720107931
6.54	-11.695854275957084
6.55	-15.480976740423163
6.5600000000000005	-13.128996156365313
6.57	-12.027456725635872
6.58	-18.28102433903762
6.59	-17.568182107904853
6.6000000000000005	-17.826518870465353
6.61	-17.790201267848357
6.62	-15.875319858526614
6.63	-16.78297648904458
6.640000000000001	-13.014244514931484
6.65	-12.736175680022056
6.66	-11.877630288056974
6.67	-9.125906173442809
6.68	-7.018136022686731
6.69	-9.549594614785427
6.7	-14.436117872875302
6.71	-13.880646548750645
6.72	-11.483718601061835
6.73	-8.936934485737929
6.74	-5.7253850281400345
6.75	-3.457330110807931
6.76	-2.5499402637905715
6.7700000000000005	0.1613063273744789
6.78	1.6063474649961635
6.79	0.6592604962637265
6.8	0.0491424587425465
6.8100000000000005	-0.6492090891332662
6.82	-1.253441898830133
6.83	2.5610486623790916
6.84	-0.4591533225448433
6.8500000000000005	-3.479355307469046
6.86	-5.226247726632697
6.87	-6.069369956123726
6.88	-6.912492185614755
6.890000000000001	-5.068793057023842
6.9	-3.914515819700761
6.91	-4.203287562416768
6.92	-3.954845106036422
6.93	-1.5794996513228565
6.94	-2.3155102131339853
6.95	-0.5333681187174258
6.96	-3.4317210679650505
6.97	-5.046655010731384
6.98	-4.097359288373917
6.99	-7.066579759192925
7.0	-5.514846006251091
7.01	-10.374334009098689
7.0200000000000005	-13.94819203409124
7.03	-12.932569610514342
7.04	-14.993347410279497
7.05	-18.664876780694915
7.0600000000000005	-20.780184894234317
7.07	-16.460024375779106
7.08	-13.358403932260304
7.09	-13.364174438173755
7.1000000000000005	-20.95895366558061
7.11	-19.034536679321953
7.12	-16.998668526728046
7.13	-18.113225430156895
7.140000000000001	-17.46044441215436
7.15	-17.48880913808424
7.16	-19.01385848254466
7.17	-19.5065789687136
7.18	-24.772669062395344
7.19	-23.040895511882628
7.2	-24.55804975488749
7.21	-18.652991191398062
7.22	-14.474484458861708
7.23	-14.995140981800139
7.24	-15.903672145060737
7.25	-13.149347283250812
7.26	-14.684189341751432
7.2700000000000005	-22.227775162253238
7.28	-21.291045644505285
7.29	-25.665742374933416
7.3	-21.610788066632402
7.3100000000000005	-19.13265217177741
7.32	-15.306974114896756
7.33	-17.38409083364944
7.34	-21.635525833751622
7.3500000000000005	-32.19580484581009
7.36	-29.183894602965072
7.37	-25.72291272085278
7.38	-23.332548001658683
7.390000000000001	-18.215840877693108
7.4	-13.573505344626376
7.41	-9.584643119463346
7.42	-6.568664180463742
7.43	-7.325678744322313
7.44	-18.09872067207006
7.45	-15.495320800027239
7.46	-18.967747134174424
7.47	-17.053500491892002
7.48	-19.203926391693656
7.49	-20.41303133574335
7.5	-17.149306100512657
7.51	-16.725035018830933
7.5200000000000005	-17.90100892784305
7.53	-26.617348299423305
7.54	-24.516400363059777
7.55	-22.970558072550652
7.5600000000000005	-18.781989559395523
7.57	-19.48458449854891
7.58	-20.951359114402884
7.59	-23.415253875383044
7.6000000000000005	-20.069729503871933
7.61	-17.174851971629174
7.62	-20.7938657030351
7.63	-20.35826486806697
7.640000000000001	-27.129435556057338
7.65	-24.218531328712004
7.66	-21.31859425659552
7.67	-19.391805809958832
7.68	-15.038278244377317
7.69	-15.170656012182759
7.7	-13.737908934484697
7.71	-12.827033079729041
7.72	-16.666561671946724
7.73	-14.86337405589116
7.74	-11.762849440404711
7.75	-10.022096271486525
7.76	-9.530997730164225
7.7700000000000005	-13.356349107602739
7.78	-15.590724648912085
7.79	-20.37417838563584
7.8	-18.18082604297071
7.8100000000000005	-17.936299796388184
7.82	-24.01988832090041
7.83	-19.654653367793355
7.84	-19.030320100176358
7.8500000000000005	-14.808625778050379
7.86	-18.374380369339328
7.87	-18.92757230587468
7.88	-17.430152327716083
7.890000000000001	-20.217976370436944
7.9	-23.513863109733606
7.91	-19.552593727405736
7.92	-24.14183164187934
7.930000000000001	-24.925047088989864
7.94	-27.341940130317504
7.95	-24.94719023456271
7.96	-18.98952077888785
7.97	-15.734819700160852
7.98	-12.852810078420767
7.99	-12.346454599536521
8.0	-11.178319130652879
8.01	-14.488759137401996
8.02	-14.96982353604474
8.03	-11.113757761255815
8.040000000000001	-17.774915341039698
8.05	-21.859189754133403
8.06	-16.922049737511767
8.07	-16.891481399481616
8.08	-13.193113405482109
8.09	-9.937176044937818
8.1	-9.527505687763817
8.11	-12.921854254659591
8.120000000000001	-20.240003343469073
8.13	-17.459160959561387
8.14	-15.424088776684416
8.15	-12.21547852695897
8.16	-11.358382091171945
8.17	-11.16142198628158
8.18	-12.59361111446317
8.19	-15.960028232143086
8.2	-14.623333152186914
8.21	-15.083463874546153
8.22	-11.061529889120301
8.23	-9.706559881201567
8.24	-8.121248207541639
8.25	-8.633445423152823
8.26	-14.46772506701996
8.27	-11.18890789270608
8.28	-8.604901742870524
8.290000000000001	-9.179447195392772
8.3	-11.96787771939421
8.31	-11.4318795561037
8.32	-12.18134044411593
8.33	-14.256921396917596
8.34	-15.146560180428969
8.35	-11.917335784447058
8.36	-9.887903592213037
8.370000000000001	-8.775495534179074
8.38	-9.02700022806322
8.39	-12.620574733129633
8.4	-10.369887826004287
8.41	-8.017261171219541
8.42	-10.160657685919414
8.43	-8.430234430606244
8.44	-7.818064819677126
8.45	-7.219112428037787
8.46	-8.574874344369464
8.47	-12.940134154833162
8.48	-10.948461559590356
8.49	-9.489336110068924
8.5	-8.224996531564088
8.51	-11.842929758751746
8.52	-12.033126083131402
8.53	-17.607029664319473
8.540000000000001	-22.225538368092604
8.55	-18.23608378899303
8.56	-14.81831753001092
8.57	-11.062021863640094
8.58	-8.380452445515784
8.59	-7.542527677124027
8.6	-5.145164188443369
8.61	-5.261519795826856
8.620000000000001	-9.033839391272123
8.63	-10.479565562408073
8.64	-13.911036491357686
8.65	-16.301451164973667
8.66	-23.565836496217123
8.67	-20.456097731240284
8.68	-16.19498272340054
8.69	-18.02077611809184
8.700000000000001	-16.638297196236003
8.71	-15.676664141239216
8.72	-16.833239694118458
8.73	-25.22093160525988
8.74	-21.29201792129188
8.75	-18.629997981381404
8.76	-20.236761805344642
8.77	-23.824076936387648
8.78	-23.568595933519223
8.790000000000001	-20.440689176171258
8.8	-19.54679454857729
8.81	-17.76701403553932
8.82	-22.380997263624597
8.83	-24.849514577718626
8.84	-19.986800856608003
8.85	-21.00274093781741
8.86	-20.464971261487538
8.870000000000001	-16.417774771907126
8.88	-15.946628591717774
8.89	-15.915545124078266
8.9	-16.437794812679993
8.91	-16.897037501986592
8.92	-12.894127780195287
8.93	-13.170028650962578
8.94	-13.132414926508636
8.950000000000001	-13.500789457924839
8.96	-8.317560827211665
8.97	-11.30502555874849
8.98	-8.663441677263618
8.99	-19.31902570556716
9.0	-17.597403530236157
9.01	-19.57548245195623
9.02	-15.084625032878604
9.03	-12.757949370621603
9.040000000000001	-12.859931367046753
9.05	-10.101801710203445
9.06	-13.643297902125832
9.07	-21.875643887678752
9.08	-21.18108209422619
9.09	-21.101042974375623
9.1	-21.340205559041454
9.11	-17.8260835569825
9.120000000000001	-18.172811151990604
9.13	-19.006074219810674
9.14	-17.282805543132458
9.15	-23.650726291243753
9.16	-24.45872898972067
9.17	-23.33893506351722
9.18	-30.680366230687763
9.19	-30.05880955293079
9.200000000000001	-32.05162356991801
9.21	-25.29151506221712
9.22	-22.737223679639424
9.23	-19.641556439999874
9.24	-18.909321756703868
9.25	-14.679612344314798
9.26	-14.713173189374164
9.27	-15.332526507365651
9.28	-12.248565604546892
9.290000000000001	-17.1440264226131
9.3	-14.541197844171817
9.31	-16.039842316424537
9.32	-20.66973750911288
9.33	-21.99178868942977
9.34	-24.81974649133985
9.35	-30.624436703397784
9.36	-25.720201308034433
9.370000000000001	-21.741038346913378
9.38	-18.04135057872182
9.39	-16.408873245646628
9.4	-15.042049336445832
9.41	-14.26073725702295
9.42	-11.102054571893001
9.43	-8.471390210798942
9.44	-6.471355462376776
9.450000000000001	-7.706137713377464
9.46	-10.107632439985803
9.47	-10.521487805517733
9.48	-13.062320986218358
9.49	-19.47733349818745
9.5	-15.575587050530666
9.51	-12.880715107737677
9.52	-10.690329225653002
9.53	-11.488497608060824
9.540000000000001	-11.563128182635436
9.55	-11.509851008696145
9.56	-16.013131859686332
9.57	-19.577821808246526
9.58	-21.226145622184113
9.59	-23.56953700188957
9.6	-25.713103429317997
9.61	-24.378912809457177
9.620000000000001	-20.075303222138803
9.63	-22.307052522633057
9.64	-33.06921784907692
9.65	-25.85622603350477
9.66	-20.727506823238276
9.67	-19.177951937677864
9.68	-20.675312670208957
9.69	-19.375061388442358
9.700000000000001	-16.51977084424479
9.71	-16.330992941867166
9.72	-19.376052891792714
9.73	-19.144252359416225
9.74	-19.229986376509093
9.75	-26.054209691068717
9.76	-24.897910467469558
9.77	-26.711788612109416
9.78	-21.46747603278177
9.790000000000001	-19.263360679561682
9.8	-21.0157364683795
9.81	-23.609003738455378
9.82	-24.07831392535154
9.83	-21.83870670517378
9.84	-17.538724267101916
9.85	-14.223715665624532
9.86	-11.709907085309915
9.870000000000001	-14.83395810729489
9.88	-13.138796426769886
9.89	-12.046907789547644
9.9	-12.582578663651732
9.91	-11.066256158576948
9.92	-10.996765725352796
9.93	-12.494294012377072
9.94	-23.080801503539448
9.950000000000001	-24.049171589674888
9.96	-20.573620802432817
9.97	-16.10309956333242
9.98	-12.722507029263237
9.99	-16.84854775112605
10.0	-14.14044938453404
10.01	-12.231282127829896
10.02	-14.447280289030811
10.03	-20.284748727337384
10.040000000000001	-18.453692561091287
10.05	-19.338084681187798
10.06	-21.286739948871094
10.07	-17.003623892256005
10.08	-21.051250584023887
10.09	-16.330362259324243
10.1	-12.831450618188098
10.11	-10.371160383666265
10.120000000000001	-9.610219645786628
10.13	-13.327972333688022
10.14	-10.988380168765133
10.15	-10.663868063954794
10.16	-12.569878868878593
10.17	-9.958947228792463
10.18	-12.422266675248306
10.19	-13.752516727095882
10.200000000000001	-15.809827849761325
10.21	-12.812294976276634
10.22	-16.581742645459954
10.23	-13.648831924285517
10.24	-13.816150979106112
10.25	-11.615592957083491
10.26	-15.623142473748144
10.27	-15.28290484770085
10.28	-25.23742669221981
10.290000000000001	-24.708024394669902
10.3	-20.03422812866489
10.31	-23.21613501317599
10.32	-25.665941686154788
10.33	-23.320523630362285
10.34	-21.536602991036844
10.35	-19.278088089060233
10.36	-23.877276971952195
10.370000000000001	-20.855845195740134
10.38	-23.824758376868456
10.39	-25.046181875172493
10.4	-22.44214335505414
10.41	-21.076484463516042
10.42	-15.80925944527102
10.43	-13.917248716648285
10.44	-14.40236616375486
10.450000000000001	-12.012827425233663
10.46	-10.859549916965902
10.47	-9.793059094346184
10.48	-11.549953504197564
10.49	-13.59008032577136
10.5	-20.058458138503912
10.51	-16.00232547108326
10.52	-15.67161780049298
10.53	-15.02248783304854
10.540000000000001	-14.928005980092074
10.55	-17.37641096227926
10.56	-16.070837960765342
10.57	-18.174286935728155
10.58	-19.34424085591963
10.59	-22.41709987217481
10.6	-21.44372352431804
10.61	-18.882879559928863
10.620000000000001	-17.734497201476014
10.63	-18.326191320697298
10.64	-20.267464869136163
10.65	-23.116163970356567
10.66	-20.310667362509445
10.67	-25.46491510794661
10.68	-23.844181044279974
10.69	-23.0505023325439
10.700000000000001	-23.86513238084874
10.71	-20.2341262999027
10.72	-22.39002769777791
10.73	-28.146241222874533
10.74	-22.154217902944147
10.75	-18.7616307604725
10.76	-17.12195435634773
10.77	-19.20993426879111
10.78	-13.873536946934554
10.790000000000001	-21.156802160451857
10.8	-16.393393999214172
10.81	-17.066339766191835
10.82	-22.194092144761846
10.83	-22.988871292029458
10.84	-18.022177321784813
10.85	-16.153058540322835
10.86	-14.726010899424725
10.870000000000001	-23.364199816979518
10.88	-23.909987546792227
10.89	-23.39993331040946
10.9	-22.43296446163069
10.91	-20.6172131184281
10.92	-21.006033215366163
10.93	-23.021421331365367
10.94	-23.40660393488329
10.950000000000001	-24.07980927270699
10.96	-20.572419495256845
10.97	-20.192909478817903
10.98	-26.11091426751411
10.99	-21.200871650019543
11.0	-21.727062983567432
11.01	-18.065807915699143
11.02	-13.508931000256299
11.03	-16.235342143948092
11.040000000000001	-13.702484280359288
11.05	-12.64736678266161
11.06	-10.314097617848345
11.07	-14.94109309833174
11.08	-17.551563202159713
11.09	-21.68804373337423
11.1	-18.014240751879825
11.11	-19.364527729771943
11.120000000000001	-18.75500324822066
11.13	-17.98830802018687
11.14	-14.080182317923068
11.15	-10.452696436981942
11.16	-9.735153264782648
11.17	-7.338504227939355
11.18	-3.6413634181542096
11.19	-5.936967524222571
11.200000000000001	-4.427664899332714
11.21	-4.009568544888535
11.22	-2.3142157135306936
11.23	-0.8759952244056264
11.24	-0.7870889046138922
11.25	-0.8790782273024716
11.26	0.5458880496566073
11.27	5.953569500991961
11.28	4.759260429086188
11.290000000000001	2.7697685986089287
11.3	5.099716167221905
11.31	5.596213190072384
11.32	6.970292880594335
11.33	20.69303746256085
11.34	22.245493667287594
11.35	19.35017091070473
11.36	24.053975070811177
11.370000000000001	19.627001636997957
11.38	16.738543532179776
11.39	19.08312098289605
11.4	17.69149665000411
11.41	15.53888897473739
11.42	14.601701317869399
11.43	17.649166742550797
11.44	18.59236297130093
11.450000000000001	17.17684286887927
11.46	18.018777745969302
11.47	17.789491555490926
11.48	16.000421138032994
11.49	13.907820423156792
11.5	17.69885672531469
11.51	15.223556961380199
11.52	12.978244755802645
11.53	14.074805530358748
11.540000000000001	11.50651057134838
11.55	7.391955400154129
11.56	6.9034744790520755
11.57	9.212077976622146
11.58	6.939237905909266
11.59	7.435548314714898
11.6	7.8943151972678605
11.61	7.251428647223328
11.620000000000001	4.240707926242659
11.63	6.4989845907796155
11.64	7.801874790883744
11.65	15.551984857884838
11.66	14.204869628863712
11.67	12.634534347248307
11.68	13.3581938502023
11.69	12.650104400549306
11.700000000000001	15.692724458195867
11.71	13.074124283469978
11.72	18.535499546397382
11.73	14.360563663937823
11.74	15.16070800128567
11.75	15.850041056593437
11.76	21.893332032268933
11.77	20.903216160560792
11.78	22.413955371927678
11.790000000000001	23.25443316309035
11.8	18.8210847104259
11.81	19.68296272151196
11.82	18.601223127585403
11.83	16.214996038514613
11.84	15.614762413559383
11.85	17.656001298645165
11.86	21.420580865385396
11.870000000000001	16.9738321816338
11.88	14.96600152177294
11.89	13.875202973493485
11.9	17.034692595783664
11.91	15.874131772878817
11.92	12.00819634138681
11.93	8.185057428028987
11.94	7.084213328359348
11.950000000000001	8.65243548301168
11.96	14.514640057355457
11.97	11.527875671973382
11.98	10.852418515429692
11.99	8.74220130525281
12.0	6.725147448036679
12.01	13.241073611680024
12.02	25.750072279636175
12.030000000000001	34.83563503534742
12.040000000000001	28.24126892863323
12.05	23.21176212889393
12.06	20.385988632268834
12.07	22.35273410598121
12.08	24.142443164859788
12.09	26.33249308516452
12.1	25.935067603564562
12.11	21.242216180936833
12.120000000000001	15.934255974914567
12.13	14.452415981089802
12.14	15.554759379396401
12.15	18.354408577647636
12.16	17.835201230735333
12.17	14.195303749496533
12.18	12.813877030783678
12.19	12.72948997695498
12.200000000000001	10.845451190372069
12.21	8.129920456295471
12.22	12.149712380057723
12.23	10.193054465796763
12.24	11.843831817843192
12.25	10.839198442254288
12.26	9.45911730404144
12.27	6.983910247708709
12.280000000000001	5.616330215161927
12.290000000000001	8.407501175715717
12.3	7.40754767831582
12.31	8.03532258843046
12.32	9.518269620462291
12.33	12.652001621648157
12.34	13.219102140161397
12.35	16.426262318027316
12.36	18.265769241826337
12.370000000000001	22.562588072781082
12.38	27.612218624108912
12.39	26.94026744877519
12.4	22.720383500084942
12.41	22.06436176571402
12.42	19.185852582618363
12.43	16.599314448210162
12.44	18.81649492693841
12.450000000000001	26.389013257297112
12.46	21.253455882468057
12.47	24.337703968952155
12.48	20.46875819697178
12.49	24.099875094429017
12.5	29.329710331292343
12.51	22.76872162171737
12.52	22.06932862185466
12.530000000000001	24.391935128707733
12.540000000000001	18.97374947121497
12.55	15.673551843195252
12.56	12.055225338223087
12.57	13.164263941027768
12.58	16.248506899557462
12.59	12.759664679565804
12.6	15.006835403256195
12.61	17.83044600570139
12.620000000000001	18.771114544997577
12.63	17.59548466900875
12.64	14.907085572199843
12.65	13.740405909143576
12.66	15.654133437839072
12.67	12.668187308529086
12.68	12.377001733487631
12.69	13.378990025418375
12.700000000000001	17.534393517269198
12.71	15.080623751272432
12.72	17.578152451339804
12.73	17.961502451995305
12.74	17.787678453975705
12.75	27.876836383919322
12.76	24.47109024225541
12.77	24.265611219582336
12.780000000000001	19.23569071501134
12.790000000000001	14.114576155233115
12.8	15.177774716417133
12.81	15.360522884194111
12.82	13.340766543984907
12.83	11.557857478961521
12.84	12.918229588203168
12.85	9.928067613255825
12.86	7.658365585105862
12.870000000000001	8.82912696605203
12.88	6.527170676768279
12.89	9.162150800203237
12.9	8.646937359409113
12.91	18.777635099553436
12.92	20.20280769968029
12.93	30.151931614633845
12.94	30.500197316204517
12.950000000000001	26.693135741833842
12.96	29.310348603388096
12.97	23.75473291649881
12.98	18.226463652395196
12.99	18.267608437481755
13.0	16.49214402748733
13.01	26.723815329682115
13.02	25.218193909435204
13.030000000000001	20.422996191889567
13.040000000000001	14.667071642130704
13.05	18.42746322074274
13.06	24.982943572510873
13.07	22.933273284191138
13.08	19.8621476071248
13.09	21.92669202282487
13.1	19.31473722911665
13.11	15.697957138194205
13.120000000000001	13.406755408199189
13.13	10.089095911351146
13.14	13.847697722764803
13.15	13.89951316404415
13.16	15.35404127355582
13.17	15.019397447462657
13.18	14.55586748036802
13.19	12.133190463649566
13.200000000000001	11.299548905337627
13.21	16.523906054590427
13.22	20.63098355033566
13.23	21.982931942562168
13.24	18.74210347784623
13.25	16.394585010376645
13.26	12.75478962390219
13.27	10.26333837835496
13.280000000000001	14.257702016791526
13.290000000000001	11.244586524246529
13.3	26.59243390887494
13.31	24.058246148735076
13.32	20.418319086718828
13.33	17.363427583756664
13.34	14.648443967020983
13.35	10.949915240257555
13.36	9.028614363935683
13.370000000000001	7.860035712855503
13.38	7.343871002525889
13.39	5.048745812197448
13.4	5.907890931036594
13.41	8.026696208262406
13.42	14.730563388613447
13.43	22.976056348282476
13.44	19.324860493938814
13.450000000000001	22.704991217657867
13.46	26.0188551612883
13.47	21.031009950334475
13.48	24.805643200739713
13.49	24.875355609161492
13.5	21.153786307412506
13.51	17.039555401460575
13.52	23.374336127933486
13.530000000000001	20.741947653520082
13.540000000000001	17.057028993682568
13.55	15.05789441423424
13.56	16.912506570541026
13.57	18.270107025630086
13.58	18.69921293899689
13.59	17.207690411680193
13.6	16.661206787190437
13.61	21.41955801333399
13.620000000000001	19.728374665964584
13.63	21.27086711354624
13.64	17.470989119037515
13.65	13.891912145565648
13.66	12.400052928902173
13.67	10.738645382694418
13.68	8.972914355279102
13.69	6.400094542642997
13.700000000000001	19.084356912333508
13.71	15.672997529373253
13.72	19.69143539154061
13.73	23.562193779722843
13.74	26.9210408032546
13.75	21.73196178918037
13.76	19.31889961010453
13.77	17.235348127099048
13.780000000000001	14.69827051999246
13.790000000000001	19.885691019843613
13.8	15.591555198061746
13.81	12.382053760426656
13.82	13.851906304101007
13.83	18.47877313390285
13.84	19.210816873619173
13.85	15.640216858446303
13.86	19.75674839692657
13.870000000000001	20.80308983478829
13.88	24.433005101352045
13.89	22.540486445004614
13.9	21.554214580908543
13.91	18.317964860208072
13.92	19.01640161932805
13.93	18.743800163180754
13.94	21.860077247920977
13.950000000000001	19.990928084852676
13.96	18.020961602844192
13.97	27.06973066637655
13.98	25.233638617131035
13.99	20.95062703248851
14.0	26.152611831127736
14.01	28.72426381431178
14.02	25.13713189150631
14.030000000000001	20.499365965871643
14.040000000000001	20.755664098068717
14.05	22.934979111439525
14.06	23.98564069103217
14.07	21.98401115236597
14.08	19.066168530287634
14.09	23.440727267382865
14.1	26.44572634873501
14.11	20.414092472922352
14.120000000000001	17.731141621716493
14.13	18.951957908303577
14.14	15.472239517849504
14.15	14.2754760009461
14.16	17.316756349134916
14.17	19.839095016536692
14.18	20.690703389645492
14.19	21.241672125557486
14.200000000000001	22.600776677211908
14.21	21.969980967074267
14.22	21.82679292487055
14.23	18.499617510061512
14.24	18.41497942594088
14.25	19.5383596741549
14.26	20.324471306955516
14.27	24.02029235595403
14.280000000000001	23.144285894082884
14.290000000000001	19.918889574673457
14.3	16.097685489666482
14.31	14.095438383795075
14.32	22.824474449737547
14.33	24.473062435155885
14.34	21.575641884645393
14.35	21.688952794086642
14.36	19.342676143516968
14.370000000000001	25.78123335915174
14.38	22.712111776977714
14.39	30.247726190650365
14.4	23.766664500283767
14.41	23.09102021646507
14.42	25.241318015032995
14.43	27.496469613688514
14.44	29.4762373551936
14.450000000000001	24.126477192204973
14.46	20.043589879351742
14.47	17.97758552328788
14.48	14.760297714967898
14.49	12.244624631605895
14.5	15.063881074064021
14.51	11.670805047106839
14.52	14.326561944487981
14.530000000000001	16.08834221907393
14.540000000000001	13.280096576864093
14.55	14.796225767104103
14.56	12.58401674824146
14.57	10.610837575354552
14.58	6.9971796394190635
14.59	6.03148563150074
14.6	4.315975511001355
14.61	4.914215412550377
14.620000000000001	1.0556094363923796
14.63	3.8090901309782454
14.64	4.475857896728429
14.65	4.235801452426181
14.66	3.987563082164539
14.67	4.118940172969478
14.68	5.1532857672461185
14.69	4.988774821543763
14.700000000000001	1.607430361679225
14.71	0.692543803161658
14.72	2.6280161927423342
14.73	5.0724199811169
14.74	2.6929371721316673
14.75	3.3890897198741627
14.76	8.372569892828922
14.77	9.487681397476491
14.780000000000001	11.605033628327572
14.790000000000001	10.311553952760843
14.8	9.227235965056101
14.81	9.060700614001137
14.82	9.13700859459499
14.83	8.280929594950974
14.84	8.027109005721892
14.85	10.127022146016651
14.86	8.169861280632395
14.870000000000001	6.989015483157937
14.88	4.277868130793692
14.89	3.3605332431447366
14.9	-0.34585643892944995
14.91	-0.6370422193614855
14.92	0.6983038359778998
14.93	-1.4799717612999446
14.94	-2.2145988141278488
14.950000000000001	-2.028940270832282
14.96	0.8163756633704877
14.97	-0.7198084608945093
14.98	-1.827989509964291
14.99	-3.103216974211091
15.0	-4.103836958937845
15.01	-5.134866416715826
15.02	-5.687811699595646
15.030000000000001	-2.8341562601277657
15.040000000000001	-0.49814439010736505
15.05	2.5464576653455198
15.06	3.047739144725422
15.07	6.128685703980615
15.08	4.973148437667491
15.09	3.0963709319026202
15.1	3.854534733032453
15.11	4.427542039391634
15.120000000000001	4.894976752081533
15.13	3.87536613996757
15.14	1.5620116073013677
15.15	-2.036384738864056
15.16	-5.465848141563767
15.17	-5.6665900700844025
15.18	-5.090876659342012
15.19	-0.6389287511804238
15.200000000000001	1.7816288316462805
15.21	4.835915415207656
15.22	8.53959095047287
15.23	11.045533184089297
15.24	9.757313240406631
15.25	12.147592316127692
15.26	11.266661228727054
15.27	13.545180912644515
15.280000000000001	17.498927994928593
15.290000000000001	13.660376681331645
15.3	11.894984648356305
15.31	11.913514165274405
15.32	14.462425939433487
15.33	12.312039359309207
15.34	9.618105518292806
15.35	9.376763093388444
15.36	10.575608348023017
15.370000000000001	7.248317069141759
15.38	7.3667970254796264
15.39	10.383162022616442
15.4	7.776441664118853
15.41	6.397466025894547
15.42	5.846643894866053
15.43	5.644003645220176
15.44	6.363446903918039
15.450000000000001	6.562593679908697
15.46	4.511746646441896
15.47	1.9630119370208494
15.48	3.9982312853414883
15.49	0.11397284128531869
15.5	0.3615248284273006
15.51	0.8326161662042159
15.52	-4.749710950803262
15.530000000000001	0.760261758236332
15.540000000000001	-0.9120488187380562
15.55	-1.2730661583771155
15.56	1.4352715684622182
15.57	-0.7186573865378281
15.58	2.980394555595926
15.59	1.9034279477643954
15.6	1.6601741683432925
15.610000000000001	-1.155679329192921
15.620000000000001	-4.404382613417186
15.63	-4.071550650601352
15.64	-4.460700960169898
15.65	-4.669814574133665
15.66	-3.165550021613664
15.67	-4.927196573192931
15.68	-5.3500998984958965
15.69	-5.22212370856553
15.700000000000001	-4.6551243081033755
15.71	-3.962244987764663
15.72	-2.5295801380149396
15.73	-0.9270379637228429
15.74	0.10627227142018257
15.75	-1.571457277135199
15.76	-3.0476226949547778
15.77	-1.411707390116881
15.780000000000001	0.35730492149405496
15.790000000000001	-2.7674145315066268
15.8	-4.527772004295672
15.81	-2.399494168657671
15.82	-1.1956981148027443
15.83	2.8212797680608954
15.84	2.5120314749417223
15.85	0.8086665763856327
15.860000000000001	3.1577689448212833
15.870000000000001	1.950516942812651
15.88	0.7385647010631773
15.89	-0.5529648387172635
15.9	0.792677736843855
15.91	-2.168089346386876
15.92	0.5357863511801194
15.93	-0.5217878053189157
15.94	1.2542217605079806
15.950000000000001	-0.9449314822728663
15.96	-2.040551562197887
15.97	-2.152795079774243
15.98	-0.7888230105313342
15.99	-1.3590388745916302
16.0	-1.6567121575303092
16.01	0.5688778791594616
16.02	0.23834258257856597
16.03	-1.05383103849649
16.04	-4.288787260868433
16.05	-5.306518474667239
16.06	-5.044894657697144
16.07	1.1622965816696076
16.080000000000002	2.8578742985378147
16.09	7.1457911248936385
16.1	6.8159234739114165
16.11	7.286739301749356
16.12	6.734205295856936
16.13	3.461787594109358
16.14	3.324219913734243
16.15	2.3588243221595206
16.16	1.74628167811449
16.17	-1.4813785219247835
16.18	1.8222367399208188
16.19	3.1473958651857834
16.2	3.4962094835108717
16.21	-0.7798291939683571
16.22	-0.4486852765093504
16.23	-3.0842400371876986
16.240000000000002	-4.900040653439252
16.25	-3.019090562539172
16.26	-2.3884977601511737
16.27	-4.187543162886489
16.28	-4.462952755935456
16.29	-3.9399508121766877
16.3	-12.960756357115013
16.31	-9.487829417042386
16.32	-6.580154508927794
16.330000000000002	-5.853332851531109
16.34	-2.5108063309844773
16.35	-2.6059666218607456
16.36	-3.83368969411606
16.37	-8.820924191110388
16.38	-8.554425474764468
16.39	-8.091517794622701
16.4	-5.896154233052965
16.41	-4.178990539975365
16.42	-5.463774457412949
16.43	-4.605198284030534
16.44	-1.1979006999668291
16.45	-4.387679480702415
16.46	-7.1701394640348814
16.47	-8.85446148903762
16.48	-12.624233198021274
16.490000000000002	-16.395403142467757
16.5	-14.757202338741077
16.51	-12.883005747595966
16.52	-10.28388524172671
16.53	-9.327691544563272
16.54	-7.833970671282168
16.55	-5.730953579056481
16.56	-8.336368800931686
16.57	-11.423570951108875
16.580000000000002	-11.674144748903055
16.59	-15.584171266859851
16.6	-15.255997050010203
16.61	-23.877686541194134
16.62	-19.817503974679294
16.63	-20.229978478952958
16.64	-24.193969636167935
16.65	-18.84306982234599
16.66	-16.462190317727494
16.67	-14.008203104189406
16.68	-12.800954443820226
16.69	-9.593069509282351
16.7	-5.428900217333938
16.71	-6.79298571251935
16.72	-3.463851160467004
16.73	-2.803164857321999
16.740000000000002	-3.546871417641654
16.75	-4.723614328922253
16.76	-8.223323736642577
16.77	-12.210880805576654
16.78	-12.803800347571855
16.79	-12.528578354886857
16.8	-12.559064647346275
16.81	-10.854648452842945
16.82	-10.41670338884698
16.830000000000002	-8.0262069576481
16.84	-7.964329013619192
16.85	-7.946254360813387
16.86	-9.114438087575712
16.87	-8.061068528341531
16.88	-16.273216829297816
16.89	-13.26111817887796
16.9	-12.631148537402007
16.91	-13.569838028010658
16.92	-10.662494213190309
16.93	-8.35154488293826
16.94	-7.931867965858595
16.95	-6.325102872996401
16.96	-4.408506189095682
16.97	0.9806719941492054
16.98	2.988360080419726
16.990000000000002	0.9142668817515777
17.0	-1.040951640941231
17.01	-4.468448703898801
17.02	-0.7370326960871826
17.03	-1.479302620959328
17.04	-3.3353922790716837
17.05	-5.417468828055558
17.06	-4.57454480517774
17.07	-4.153890531224573
17.080000000000002	-7.543296018279442
17.09	-6.725749151316357
17.1	-13.138690961291035
17.11	-16.92740492942976
17.12	-13.652830432605002
17.13	-17.083415506535236
17.14	-15.42710771478864
17.150000000000002	-17.093709311587727
17.16	-22.85660199528061
17.17	-20.102994275331902
17.18	-18.238031656072557
17.19	-18.21178126874059
17.2	-18.3398130854442
17.21	-15.436155437583597
17.22	-13.433670357899647
17.23	-15.494082952453839
17.240000000000002	-13.377202187026203
17.25	-11.44179046964562
17.26	-10.715603638597376
17.27	-9.369222201759996
17.28	-6.15868940663645
17.29	-5.430623031008481
17.3	-13.63179695875708
17.31	-13.193761611914043
17.32	-12.288424321477308
17.330000000000002	-10.818540166670076
17.34	-11.694084699011349
17.35	-9.025091760669566
17.36	-8.780126927741579
17.37	-8.019473480738617
17.38	-12.551688743573298
17.39	-14.296291167271143
17.400000000000002	-11.54496734967931
17.41	-9.559522325717131
17.42	-7.534648231541937
17.43	-6.358413650987309
17.44	-5.775963677927803
17.45	-7.161313510342846
17.46	-7.713730191895423
17.47	-8.484143475584387
17.48	-7.240386183674031
17.490000000000002	-9.869770139507011
17.5	-9.707993263634489
17.51	-6.954119985707009
17.52	-8.423432849502964
17.53	-15.270108939113472
17.54	-12.074547914195414
17.55	-11.229639516818818
17.56	-9.167818961090989
17.57	-9.16732835715373
17.580000000000002	-9.69317858114081
17.59	-8.946864717894327
17.6	-8.017922758234088
17.61	-9.632803114962442
17.62	-9.065304827829458
17.63	-11.003442326447443
17.64	-15.319404932729332
17.650000000000002	-20.78716350034424
17.66	-16.201869033014464
17.67	-14.417583972663536
17.68	-13.884759625346614
17.69	-19.9058367106743
17.7	-16.579440833841577
17.71	-13.428200856902226
17.72	-16.10053594373603
17.73	-12.918030847985158
17.740000000000002	-10.649909135210484
17.75	-9.083675587030665
17.76	-8.930405365844516
17.77	-11.82402301409177
17.78	-16.250074810882204
17.79	-20.04273397394341
17.8	-19.582358269303366
17.81	-19.884988828868316
17.82	-19.86824156059164
17.830000000000002	-17.616605948556014
17.84	-17.815883922926112
17.85	-18.710552524905424
17.86	-17.137430195339075
17.87	-14.895875114392107
17.88	-14.907722413280048
17.89	-11.584373376230289
17.900000000000002	-9.895524793511035
17.91	-9.176161556102077
17.92	-13.427700712188862
17.93	-18.589239912187583
17.94	-20.844946089017395
17.95	-17.611522267054717
17.96	-19.32453104597593
17.97	-18.2905747290707
17.98	-14.28973357761946
17.990000000000002	-11.457836491300863
18.0	-15.066802597668303
18.01	-26.280449969876962
18.02	-24.86030409863364
18.03	-28.684542715994443
18.04	-25.14743493162914
18.05	-25.419839716128973
18.06	-23.7505459043012
18.07	-22.517125470339703
18.080000000000002	-19.42652897968027
18.09	-14.596771498845243
18.1	-14.030611072753988
18.11	-13.298888565264994
18.12	-10.435884251471858
18.13	-12.863013895771745
18.14	-17.85525611492141
18.150000000000002	-18.47006928444709
18.16	-15.441982530504415
18.17	-13.738086561960818
18.18	-13.23436602116952
18.19	-11.190812031893813
18.2	-12.96577323743361
18.21	-12.534136833864087
18.22	-10.626416293398892
18.23	-8.00941469632
18.240000000000002	-4.393742799284201
18.25	-7.5648105313266365
18.26	-8.597366447350884
18.27	-9.4338945205619
18.28	-8.947812741753904
18.29	-8.859613860284497
18.3	-13.95285209427299
18.31	-16.50821805989164
18.32	-15.37728223090132
18.330000000000002	-17.42233433502899
18.34	-16.85524154801141
18.35	-12.797813224669667
18.36	-13.683461182429895
18.37	-13.499664817232857
18.38	-10.238615519942744
18.39	-10.714739019211548
18.400000000000002	-14.312092241935849
18.41	-12.04597513369121
18.42	-18.44412159492968
18.43	-16.831051432101948
18.44	-18.207879594796598
18.45	-15.816106966790537
18.46	-13.63122056495936
18.47	-12.805725208420137
18.48	-9.994421657034207
18.490000000000002	-10.31350376964967
18.5	-9.683884842256886
18.51	-11.077945567250048
18.52	-9.99956579626529
18.53	-11.540906813641069
18.54	-10.58020099004198
18.55	-14.310875956282855
18.56	-18.879900919990998
18.57	-18.553302754862667
18.580000000000002	-14.51300757789035
18.59	-15.726527805604206
18.6	-17.844453950237085
18.61	-18.935568297729198
18.62	-31.413760681747362
18.63	-31.63385101550906
18.64	-24.21959125153171
18.650000000000002	-27.519069770160538
18.66	-21.053116216622662
18.67	-16.203460800047587
18.68	-14.834081121372439
18.69	-20.147112550750105
18.7	-19.36687602937208
18.71	-19.03844473265251
18.72	-20.47404933037255
18.73	-19.157390532850563
18.740000000000002	-16.159015474004676
18.75	-13.279986808496359
18.76	-18.534988628261427
18.77	-16.080528640301587
18.78	-16.931839601651827
18.79	-14.999792897420082
18.8	-13.884444490759604
18.81	-15.044964867009973
18.82	-27.651146263533757
18.830000000000002	-26.49453765369762
18.84	-20.29291281900034
18.85	-14.81433145728901
18.86	-12.660285665423846
18.87	-12.038895798278498
18.88	-13.711796394801159
18.89	-12.501328271567473
18.900000000000002	-11.031994798836196
18.91	-11.595588209072202
18.92	-6.944485021101334
18.93	-6.594664195551491
18.94	-20.386235953069118
18.95	-18.284760512115923
18.96	-20.16366800590265
18.97	-16.066314115413856
18.98	-12.722593897057708
18.990000000000002	-13.00820616019009
19.0	-13.495314270322535
19.01	-10.42287836700628
19.02	-7.838241498540013
19.03	-6.683825560507705
19.04	-4.128879440140126
19.05	-3.228833411103611
19.06	-5.969316786996297
19.07	-6.143397275450886
19.080000000000002	-5.358972782598502
19.09	-3.6919884709750477
19.1	-0.14691112099885414
19.11	-1.8290918569698331
19.12	-0.29528836984395584
19.13	0.39715715661347406
19.14	1.1169603927489422
19.150000000000002	1.3706403679354242
19.16	-0.3001463329534664
19.17	-5.403050849401643
19.18	-7.957222102380821
19.19	-7.020107073155661
19.2	-4.859659450757275
19.21	-8.117967776216817
19.22	-14.505971250088663
19.23	-10.865195061021481
19.240000000000002	-11.518167933595098
19.25	-8.986707969358065
19.26	-8.505368856859617
19.27	-11.368311539953261
19.28	-9.661411209252533
19.29	-8.870576562796995
19.3	-9.750868803463467
19.31	-6.443407951514544
19.32	-7.201819600032868
19.330000000000002	-9.881760059368798
19.34	-9.145785424567098
19.35	-11.277262998553018
19.36	-6.442648099483722
19.37	-3.3512003452980013
19.38	-1.3540877653787264
19.39	-1.7433198488657968
19.400000000000002	-3.0146625423971325
19.41	-5.248838799235736
19.42	-7.671054455673994
19.43	-9.618965838043595
19.44	-14.494477035130883
19.45	-12.33576965188649
19.46	-10.716271022070943
19.47	-13.961401260680136
19.48	-14.248293236181032
19.490000000000002	-16.045842811702368
19.5	-15.695199488938536
19.51	-13.598149691659644
19.52	-15.443171439944933
19.53	-14.953272218416867
19.54	-16.269261787075898
19.55	-19.377492922375737
19.56	-21.717995217397277
19.57	-21.66910565418344
19.580000000000002	-25.304210432664604
19.59	-19.790542039568383
19.6	-16.17043826217308
19.61	-12.598267091234549
19.62	-8.446217307626876
19.63	-6.176573197671837
19.64	-9.397077974935888
19.650000000000002	-10.607696129088195
19.66	-8.96912480364969
19.67	-8.464307639502874
19.68	-5.133983322612086
19.69	-4.354194172296805
19.7	-4.737306445532133
19.71	-7.113294420593819
19.72	-5.439345519343053
19.73	-4.669626312728416
19.740000000000002	-1.4567813054808958
19.75	-0.06966706771039005
19.76	1.1868437663954858
19.77	1.8906258045388256
19.78	1.3979261328784667
19.79	1.168969529615828
19.8	3.36749194668761
19.81	1.5422637544565043
19.82	5.942701943070949
19.830000000000002	7.753431340489475
19.84	5.388170242312012
19.85	5.710370318357233
19.86	3.09017712801537
19.87	4.068072102336171
19.88	3.0451493879725704
19.89	3.7405125873999503
19.900000000000002	3.7391740277691876
19.91	2.7033114570594856
19.92	1.0370078826138072
19.93	1.9186161651880784
19.94	4.9683260374296045
19.95	1.4006565395655919
19.96	0.597038026297021
19.97	1.1449152490937013
19.98	-0.2586438408513532
19.990000000000002	-0.21212886638315137
20.0	-1.9360586048429995
20.01	-2.398970666630242
20.02	-0.7796749160660086
20.03	-5.195044710804849
20.04	-7.65548489255779
20.05	-5.817961700112374
20.06	-9.722419399423677
20.07	-13.920542421706738
20.080000000000002	-14.560208518740678
20.09	-15.521689297579247
20.1	-13.355609454440705
20.11	-10.797785529489541
20.12	-10.77143203048337
20.13	-11.588498644968714
20.14	-9.92901188455533
20.150000000000002	-8.871967817858215
20.16	-9.239452461937319
20.17	-10.263332903618755
20.18	-14.826218775389206
20.19	-12.678930225390149
20.2	-11.306754235917557
20.21	-11.111503518766584
20.22	-16.362370609787618
20.23	-15.64217666847778
20.240000000000002	-16.504462723233328
20.25	-22.8810480378064
20.26	-20.02808262583811
20.27	-19.03140999890134
20.28	-14.043035895912583
20.29	-15.387683640960411
20.3	-16.532332616824814
20.31	-13.744545965926665
20.32	-14.274885153592592
20.330000000000002	-14.681336001426965
20.34	-18.499084788660724
20.35	-16.38732436426597
20.36	-14.500577835395177
20.37	-13.789949185429435
20.38	-13.04296992111826
20.39	-14.881958766717705
20.400000000000002	-18.024409582198693
20.41	-20.30227453007895
20.42	-20.357240410994695
20.43	-22.62430689291066
20.44	-21.66823301463876
20.45	-22.743342406450477
20.46	-30.864480180903367
20.47	-28.55963465645336
20.48	-27.33684731668358
20.490000000000002	-30.685267782539842
20.5	-27.54170946907588
20.51	-29.672936231602147
20.52	-25.70890395433471
20.53	-23.74368676286205
20.54	-22.999155022476458
20.55	-18.855352459202113
20.56	-19.962938114704926
20.57	-19.161227225974667
20.580000000000002	-22.90282409731114
20.59	-27.420437713150047
20.6	-21.489918366223165
20.61	-26.17790203009129
20.62	-25.067121112110314
20.63	-29.003912638628076
20.64	-24.23754563368504
20.650000000000002	-18.83448659602154
20.66	-14.534995040345326
20.67	-13.292524427333042
20.68	-14.58608210542182
20.69	-23.51809485740618
20.7	-20.454296007055742
20.71	-19.194378665048507
20.72	-16.75182728332146
20.73	-19.233153569420338
20.740000000000002	-15.41594577103366
20.75	-12.846081059636793
20.76	-16.185646400709945
20.77	-12.76508067618233
20.78	-11.40249923849631
20.79	-21.29171182634958
20.8	-19.801480026642043
20.81	-16.758800431653576
20.82	-15.45519866731391
20.830000000000002	-11.7286632866119
20.84	-9.56299810656241
20.85	-13.32562518893768
20.86	-11.458015400352528
20.87	-15.966823997938118
20.88	-17.56961610970497
20.89	-15.752001180732762
20.900000000000002	-14.858292913976227
20.91	-19.231626206969395
20.92	-20.39122712485636
20.93	-18.024826490241573
20.94	-17.204932288879537
20.95	-22.265024927124134
20.96	-24.49101356242591
20.97	-23.88687870843634
20.98	-22.77592233530045
20.990000000000002	-17.677162079447164
21.0	-13.31016100105883
21.01	-16.150356423042254
21.02	-22.845334987503843
21.03	-21.16088658155734
21.04	-23.066066461091197
21.05	-20.474844105310844
21.06	-19.263283430714175
21.07	-17.513841031611072
21.080000000000002	-21.20053206868242
21.09	-16.876244828789837
21.1	-15.167699025527668
21.11	-11.723919955884085
21.12	-8.80337579326758
21.13	-6.536288324434728
21.14	-8.855395252881861
21.150000000000002	-8.51167761179503
21.16	-12.296076374587466
21.17	-16.703423149814103
21.18	-17.437918724870954
21.19	-16.562594716145885
21.2	-21.912800869907564
21.21	-18.62280445325121
21.22	-21.301323040462293
21.23	-21.762700717077387
21.240000000000002	-24.460338765857138
21.25	-30.53913141565242
21.26	-26.12277831775452
21.27	-20.888822849663047
21.28	-15.61043172587903
21.29	-17.847538371832915
21.3	-18.428011194162703
21.31	-17.52882008523234
21.32	-26.768387695523923
21.330000000000002	-28.17122107672278
21.34	-24.818772771119292
21.35	-25.4592077301785
21.36	-21.544296521156372
21.37	-20.022876137673443
21.38	-15.899949109640817
21.39	-16.231196761154603
21.400000000000002	-18.335915499256828
21.41	-15.135431715114313
21.42	-16.158615407393754
21.43	-18.52142694766941
21.44	-17.50319285419427
21.45	-16.657559818126387
21.46	-13.581920388228628
21.47	-19.696133765299415
21.48	-17.619584450762886
21.490000000000002	-15.059934270319966
21.5	-15.184146619566814
21.51	-12.936027051711289
21.52	-10.86471207625417
21.53	-11.946691570613503
21.54	-10.902891878374637
21.55	-12.77067310018631
21.56	-18.664521191725914
21.57	-14.528833788398392
21.580000000000002	-13.39343778595123
21.59	-13.387259713482397
21.6	-18.875329610270143
21.61	-17.160702711840905
21.62	-24.220208709707574
21.63	-18.68963052647028
21.64	-21.77445782443717
21.650000000000002	-21.03326069390756
21.66	-29.022238123591404
21.67	-25.54199959196995
21.68	-23.46943302793755
21.69	-28.66410712608807
21.7	-29.42415044351961
21.71	-24.09626670048519
21.72	-30.921718431837252
21.73	-28.02777205985448
21.740000000000002	-22.359496980132796
21.75	-19.364728798933463
21.76	-16.80041482929448
21.77	-12.69639669427631
21.78	-8.60283468987017
21.79	-13.49007746106271
21.8	-13.681430350874395
21.81	-12.336241593519546
21.82	-13.909948802894133
21.830000000000002	-16.375248840160662
21.84	-20.51586526334371
21.85	-20.95920248593933
21.86	-21.029462853499453
21.87	-23.41270207981029
21.88	-23.075404094236564
21.89	-26.132390924077647
21.900000000000002	-23.58472201124442
21.91	-22.857006216564383
21.92	-26.53713497694347
21.93	-22.14156837608326
21.94	-24.474875192604234
21.95	-25.988774402191584
21.96	-20.98097613979131
21.97	-17.180588158503237
21.98	-14.918529446633846
21.990000000000002	-11.936106646464644
22.0	-11.462688775394817
22.01	-11.368346263666497
22.02	-14.860901486155981
22.03	-15.44244669758021
22.04	-13.063370675544865
22.05	-12.263087925309664
22.06	-11.600192324034648
22.07	-16.474954689966495
22.080000000000002	-14.18669035367036
22.09	-17.79860738180988
22.1	-19.535324717288802
22.11	-15.06907714132863
22.12	-14.832962482992789
22.13	-17.892233434205743
22.14	-18.146932400339345
22.150000000000002	-18.929877061114745
22.16	-14.488133149488437
22.17	-13.430801190059151
22.18	-11.486358228788221
22.19	-10.729545537690592
22.2	-11.795470074528524
22.21	-14.220810196744003
22.22	-12.735058487163107
22.23	-12.19292144413018
22.240000000000002	-20.191102521736642
22.25	-18.440085176810825
22.26	-15.481476839874158
22.27	-20.018581672072845
22.28	-15.314099975890796
22.29	-11.44973834591721
22.3	-7.337231511540315
22.31	-19.023591039543817
22.32	-24.13392790629804
22.330000000000002	-21.119776265584036
22.34	-19.325252315212925
22.35	-16.058650693897896
22.36	-14.225036424968986
22.37	-13.467122069917052
22.38	-12.741424825196557
22.39	-13.775885092402792
22.400000000000002	-12.069434263175411
22.41	-14.618765278854125
22.42	-15.067556972179682
22.43	-20.310865051026642
22.44	-16.05283213913352
22.45	-17.182732614988964
22.46	-20.16190987004813
22.47	-21.51427455467949
22.48	-17.93480848972071
22.490000000000002	-23.262837497285975
22.5	-24.018058266785296
22.51	-27.242267912610806
22.52	-26.56105912966815
22.53	-29.817055891377752
22.54	-39.08261537640635
22.55	-29.7812489461361
22.56	-24.446713417193646
22.57	-26.20053960230212
22.580000000000002	-23.31630891402949
22.59	-19.96709852078579
22.6	-18.848063647403972
22.61	-14.978348506143886
22.62	-16.020965686137988
22.63	-16.704699872080415
22.64	-13.134209540928923
22.650000000000002	-14.221735977831324
22.66	-14.611236055999983
22.67	-18.691821701747994
22.68	-22.089958236359234
22.69	-25.00310964346361
22.7	-26.361918457429066
22.71	-21.75646831899178
22.72	-20.608901128352855
22.73	-17.5012115485346
22.740000000000002	-17.29125688292769
22.75	-14.163657596004954
22.76	-11.001751058712065
22.77	-9.066796196664653
22.78	-4.258316175126206
22.79	-2.796804915546532
22.8	-1.933465927724498
22.81	-1.3155403327476654
22.82	0.7633404236889307
22.830000000000002	0.9527127349024183
22.84	0.6404796753211023
22.85	-2.0154060781659187
22.86	-4.671291831651995
22.87	-8.61027225815592
22.88	-10.220373968824598
22.89	-20.681942259296395
22.900000000000002	-16.543875611051917
22.91	-16.770164371681084
22.92	-15.545903141030296
22.93	-12.615418530457237
22.94	-13.97103227809314
22.95	-12.69319785139867
22.96	-14.884139863762531
22.97	-15.166181557941867
22.98	-15.914794015597815
22.990000000000002	-13.675462339232949
23.0	-15.493625060878733
23.01	-17.128159737877386
23.02	-20.8666052926451
23.03	-24.321456908436677
23.04	-21.059680799217382
23.05	-20.086376272748545
23.06	-22.1997173445002
23.07	-18.921557859886686
23.080000000000002	-16.944423071240518
23.09	-13.392297070121801
23.1	-10.366769141429215
23.11	-9.218162141123036
23.12	-7.9219768104501185
23.13	-9.762531193560012
23.14	-12.244011607905833
23.150000000000002	-19.13627620648693
23.16	-15.586812061621519
23.17	-16.824314460184432
23.18	-27.833436657611344
23.19	-26.80438109270676
23.2	-31.957699055058868
23.21	-29.30212786489726
23.22	-26.193572154224714
23.23	-20.06736456260454
23.240000000000002	-17.06761244818346
23.25	-14.699505941369667
23.26	-14.180782749193868
23.27	-16.11728892634519
23.28	-13.15657509049756
23.29	-11.800237620502305
23.3	-10.16197863208361
23.31	-10.81560419793425
23.32	-12.433454550067978
23.330000000000002	-18.960138650341147
23.34	-14.691280778616596
23.35	-12.209571422446105
23.36	-13.922636236399871
23.37	-16.145374452023077
23.38	-18.80809418927487
23.39	-15.782448787165249
23.400000000000002	-16.75248814308589
23.41	-14.12705557318682
23.42	-24.37781538538145
23.43	-20.241365212764293
23.44	-15.417470749669302
23.45	-12.358243860763322
23.46	-10.959453425694694
23.47	-16.244935994682653
23.48	-15.530236487972182
23.490000000000002	-12.61461730277096
23.5	-19.84637927177744
23.51	-18.7684803958268
23.52	-15.872479809504743
23.53	-15.823120633594772
23.54	-18.0627215003241
23.55	-20.08870610272202
23.56	-17.74878164310182
23.57	-13.46604039302422
23.580000000000002	-13.249356687719755
23.59	-10.896894518523775
23.6	-10.416172257763318
23.61	-16.390219951293346
23.62	-16.391593591540264
23.63	-17.447926053645098
23.64	-15.165934369478386
23.650000000000002	-13.642640292795463
23.66	-17.722119371002105
23.67	-13.599505525298525
23.68	-13.464207084250628
23.69	-10.75159745718604
23.7	-11.495970164787234
23.71	-11.412079667383601
23.72	-13.266644292528667
23.73	-12.010251105109722
23.740000000000002	-13.044902459868364
23.75	-17.41030737687307
23.76	-16.305575524023237
23.77	-17.3659162950872
23.78	-14.960073707922437
23.79	-14.73747225792596
23.8	-13.097970159074334
23.81	-20.650258571461848
23.82	-16.436861979441286
23.830000000000002	-13.61404880770422
23.84	-12.435656695704662
23.85	-11.07741432607284
23.86	-13.358725932972925
23.87	-11.666318314021195
23.88	-9.25167549363118
23.89	-7.48971231300136
23.900000000000002	-15.652594836138412
23.91	-26.971065753897044
23.92	-25.949935983207798
23.93	-20.735605546977474
23.94	-21.567824403730196
23.95	-26.495353662797722
23.96	-21.26798480276467
23.97	-23.32042238418867
23.98	-23.77241488226151
23.990000000000002	-21.45117372233317
24.0	-21.18280205243088
24.01	-21.790388854645617
24.02	-24.096422080103736
24.03	-23.470833470902505
24.04	-21.390143769842474
24.05	-20.741251599211427
24.060000000000002	-21.831806543692597
24.07	-21.104071472155706
24.080000000000002	-19.483552722823266
24.09	-20.809864854267904
24.1	-22.946919647681394
24.11	-21.825378511793907
24.12	-22.126577218630555
24.13	-18.28230813475944
24.14	-14.789175797761475
24.150000000000002	-14.156794152847054
24.16	-12.267903735593993
24.17	-20.270557340004515
24.18	-18.55890421550248
24.19	-20.555771344150553
24.2	-20.64232717088001
24.21	-17.071950297515507
24.22	-26.50304074581791
24.23	-29.337015850280867
24.240000000000002	-28.017261893270692
24.25	-34.094011030176624
24.26	-31.822961748794903
24.27	-25.088161113573978
24.28	-27.32592812649964
24.29	-29.561709941467715
24.3	-23.91642272628354
24.310000000000002	-18.869245420463695
24.32	-14.636210429263068
24.330000000000002	-13.610941157358964
24.34	-13.239361133933805
24.35	-14.890583782468324
24.36	-18.020852918282216
24.37	-20.712798059490066
24.38	-19.887617646709803
24.39	-18.623412120549453
24.400000000000002	-29.243388117010916
24.41	-22.711738760308435
24.42	-17.412789374108222
24.43	-15.895931289648141
24.44	-22.92715972543443
24.45	-19.850659652831293
24.46	-16.664488256338434
24.47	-19.320579129755927
24.48	-15.322573804169771
24.490000000000002	-15.855752425763907
24.5	-15.825367976058745
24.51	-14.730581457106803
24.52	-12.851497649534233
24.53	-12.009063120147799
24.54	-9.039765308616179
24.55	-7.103257177569595
24.560000000000002	-7.064343591308599
24.57	-6.9681614255029
24.580000000000002	-5.046331545817543
24.59	-5.941822995755393
24.6	-3.9573019648697914
24.61	-2.6420235204981544
24.62	-1.2309350232061214
24.63	0.3004508357341378
24.64	0.6289817478941752
24.650000000000002	0.7406753785008136
24.66	-3.3730477721294743
24.67	-6.072744780029438
24.68	-5.830728968262409
24.69	-4.603593559927833
24.7	-3.474013492584382
24.71	-4.640061474551616
24.72	-4.674447108653212
24.73	-9.223819496672181
24.740000000000002	-6.461958311654621
24.75	-3.9065504663688104
24.76	-3.145072318608675
24.77	2.030817606821443
24.78	3.3131604694105383
24.79	5.106646332620177
24.8	10.339340404815863
24.810000000000002	13.53314883728413
24.82	21.206239662599728
24.830000000000002	18.965145152185713
24.84	19.39134297554018
24.85	20.449147473037446
24.86	17.27782959622976
24.87	22.91642851763708
24.88	21.78226517378648
24.89	26.306016405191663
24.900000000000002	22.51768480197967
24.91	19.02930844721446
24.92	14.659540086362192
24.93	14.9163273403386
24.94	16.41788011477134
24.95	15.742277437792465
24.96	16.002597749658943
24.97	13.113742090626706
24.98	13.923983583124496
24.990000000000002	16.197001554980904
25.0	20.106609237101587
25.01	23.14244718566842
25.02	22.069666178668246
25.03	17.942993755817927
25.04	15.267261493044389
25.05	14.848422483344478
25.060000000000002	14.785446505366735
25.07	11.862502997529317
25.080000000000002	11.019569670059639
25.09	9.94230160702929
25.1	12.040807252800931
25.11	14.8535190692293
25.12	15.478858959607225
25.13	18.422263185649125
25.14	16.252579649910878
25.150000000000002	15.873818350222102
25.16	14.281347609103255
25.17	15.729339686458339
25.18	12.449192018914784
25.19	11.071064374565225
25.2	15.118361690861917
25.21	17.979411057026173
25.22	14.996875318981607
25.23	17.402264182937035
25.240000000000002	13.412684700403755
25.25	16.224215917041676
25.26	16.211646056719715
25.27	15.126486489388078
25.28	12.089895035718392
25.29	8.963954888109168
25.3	7.331865573524793
25.310000000000002	6.969986000242479
25.32	13.524646810204153
25.330000000000002	15.065949755562624
25.34	15.710538441523326
25.35	12.529905545217535
25.36	10.479614219352502
25.37	12.91781382895497
25.38	11.181303118551924
25.39	13.432769967953492
25.400000000000002	10.46134772959126
25.41	14.240155694717878
25.42	13.706307959828363
25.43	11.244516113039921
25.44	9.533508905757213
25.45	8.690641036456846
25.46	6.341397479665373
25.47	4.12944114947847
25.48	5.385203705820837
25.490000000000002	4.861447388315238
25.5	4.970524844256609
25.51	7.089175577524274
25.52	7.945830862622626
25.53	8.211684518808823
25.54	8.119420154056927
25.55	7.9340577849509835
25.560000000000002	7.8570670505866405
25.57	5.68147442930908
25.580000000000002	6.624548113798655
25.59	9.132498133461285
25.6	7.649520554034911
25.61	8.382794633131565
25.62	9.253593740073175
25.63	9.025294734954144
25.64	6.211132663375059
25.650000000000002	1.6467294223982505
25.66	3.4886224240690096
25.67	4.234261981660753
25.68	4.1052561078013685
25.69	0.4568439033850882
25.7	-3.0579036281225878
25.71	1.2855120198265064
25.72	3.5035796342859786
25.73	3.3768712604559856
25.740000000000002	1.805825261573524
25.75	2.729074234639677
25.76	0.7183577042051122
25.77	1.1990712134365809
25.78	1.9470767223887717
25.79	4.401177978320149
25.8	1.233398437801753
25.810000000000002	-4.188832499258579
25.82	-5.47513437277396
25.830000000000002	-5.182912218744701
25.84	-5.127778055761465
25.85	-12.871534291455381
25.86	-15.198871844953207
25.87	-21.213643057221947
25.88	-28.256966737423582
25.89	-34.74379416074703
25.900000000000002	-29.47938475398177
25.91	-27.54872003176469
25.92	-23.499281287036936
25.93	-24.41376351710123
25.94	-22.138224450732796
25.95	-19.76666859963186
25.96	-21.624066927490958
25.97	-22.58516937511082
25.98	-18.784167557552742
25.990000000000002	-19.41678353614013
26.0	-21.737636851842936
26.01	-21.884859925295107
26.02	-17.078816686833438
26.03	-13.462900697838295
26.04	-10.411451323052681
26.05	-14.391147146380403
26.060000000000002	-12.764684205099215
26.07	-12.88812408651522
26.080000000000002	-11.745660527171129
26.09	-10.216160600431493
26.1	-9.428606353715807
26.11	-8.658734667791908
26.12	-8.251683256345133
26.13	-8.139253605475739
26.14	-11.425263373889738
26.150000000000002	-11.781910759148104
26.16	-12.083089630716637
26.17	-15.449506257217612
26.18	-16.952967369016047
26.19	-16.337447521906096
26.2	-22.704445482398615
26.21	-17.2366538742323
26.22	-19.891285209003573
26.23	-17.299554928847208
26.240000000000002	-13.328357314440824
26.25	-12.002375071741605
26.26	-14.802884140449782
26.27	-13.514531607058855
26.28	-12.41479369565472
26.29	-9.084515580883197
26.3	-10.709382719878326
26.310000000000002	-16.111572897189927
26.32	-13.881422364793595
26.330000000000002	-12.624928065833686
26.34	-16.448649873866202
26.35	-22.05507352315319
26.36	-18.543227063515445
26.37	-14.738268547451964
26.38	-14.706300144546638
26.39	-18.27441682914212
26.400000000000002	-16.70658770711205
26.41	-18.310844877601774
26.42	-18.180069736962267
26.43	-16.826335522750536
26.44	-20.407659676473596
26.45	-23.757495372155926
26.46	-20.123254343143497
26.47	-16.814629357081536
26.48	-28.7415654427239
26.490000000000002	-27.721996890357865
26.5	-21.876139351715192
26.51	-19.993664836215913
26.52	-22.446876011026678
26.53	-18.845957886095785
26.54	-17.245322307612057
26.55	-20.733469242154033
26.560000000000002	-22.83608450481583
26.57	-24.226576017870443
26.580000000000002	-22.48271839112111
26.59	-18.95122166500682
26.6	-15.241048247789408
26.61	-15.935569649481003
26.62	-16.674602310782774
26.63	-14.03634666932734
26.64	-14.177775723162098
26.650000000000002	-16.906036283801882
26.66	-13.506072784849742
26.67	-11.502149638305799
26.68	-12.003101831448747
26.69	-13.000279113396244
26.7	-14.173830180413525
26.71	-22.544703391483036
26.72	-21.435686816521194
26.73	-18.47698441062661
26.740000000000002	-21.65842725065281
26.75	-16.75155783008851
26.76	-14.512462861256493
26.77	-18.223483289318338
26.78	-17.378929194756203
26.79	-20.212868593916266
26.8	-19.06885956211966
26.810000000000002	-18.23540290063388
26.82	-14.802633874939874
26.830000000000002	-12.519670847839553
26.84	-21.91579154952234
26.85	-18.300116923914892
26.86	-16.413057614769247
26.87	-15.004005326141547
26.88	-16.60825951488782
26.89	-13.520338785051722
26.900000000000002	-11.607246812459355
26.91	-9.591204968244137
26.92	-8.259529370435425
26.93	-8.680405806665952
26.94	-9.077389302537412
26.95	-14.028744872138882
26.96	-12.353777127282532
26.97	-10.885800545318718
26.98	-8.320279131701911
26.990000000000002	-11.939606370940133
27.0	-14.177912392627102
27.01	-14.639508684906186
27.02	-12.896012114308702
27.03	-12.837505918657024
27.04	-14.602385305588008
27.05	-15.78844972341393
27.060000000000002	-16.503511940036724
27.07	-22.867983642041107
27.080000000000002	-20.501950177308753
27.09	-24.003825671266483
27.1	-21.36766142378169
27.11	-21.93046402960566
27.12	-20.75422987812796
27.13	-22.133463280531736
27.14	-25.33831305944181
27.150000000000002	-19.350515206156828
27.16	-27.30587591979011
27.17	-20.566135737154667
27.18	-20.117933861660937
27.19	-18.89449948498912
27.2	-15.30630679082095
27.21	-17.513889314165958
27.22	-14.101310257862817
27.23	-10.896503337176155
27.240000000000002	-8.248240451845545
27.25	-6.177925329721873
27.26	-4.115476811487997
27.27	-3.443617623519555
27.28	-2.7888904564849493
27.29	1.2492113400494507
27.3	5.643028492825143
27.310000000000002	3.278771357463526
27.32	2.5784693075232354
27.330000000000002	2.856172240881091
27.34	5.654433903566219
27.35	7.442134388230218
27.36	5.794063530369078
27.37	4.215228379616757
27.38	6.294718738770618
27.39	7.088227121540505
27.400000000000002	9.121116108245799
27.41	8.269320798868279
27.42	11.179359086151647
27.43	12.40635231623467
27.44	14.036195179074472
27.45	16.946022141469207
27.46	17.74812516650979
27.47	21.286532593165006
27.48	19.763627591600343
27.490000000000002	17.115448456252363
27.5	14.208799505279913
27.51	24.652766786504312
27.52	19.24642392595721
27.53	15.331156935131407
27.54	12.09557240583012
27.55	10.884159969664616
27.560000000000002	9.131431872496316
27.57	9.236254107511959
27.580000000000002	11.56497930026369
27.59	11.544919171120092
27.6	10.411575339281285
27.61	9.784630868837906
27.62	8.524828295274698
27.63	5.243796037097805
27.64	1.059783658417302
27.650000000000002	-0.3640283413238886
27.66	-0.8350988104552792
27.67	1.5177284500857382
27.68	4.683088386621691
27.69	5.862214325748176
27.7	3.9213958077720172
27.71	4.627085839656535
27.72	0.5270717655057224
27.73	-0.867500897130134
27.740000000000002	1.3665000799457359
27.75	1.899934484520802
27.76	2.1543015186212817
27.77	7.5181642516511955
27.78	5.041882125192224
27.79	2.6596923980407046
27.8	4.9524732971001075
27.810000000000002	4.408103598395006
27.82	3.3601670868997693
27.830000000000002	4.932099187135429
27.84	11.492377372959101
27.85	11.442112313397503
27.86	17.995232605565203
27.87	14.4462930600271
27.88	15.890118094298652
27.89	31.10205531676109
27.900000000000002	25.101272688126944
27.91	26.313187951149544
27.92	22.768026808988147
27.93	19.93044167853596
27.94	16.36423599774548
27.95	15.645721846919288
27.96	17.52362651634858
27.97	20.17214376361616
27.98	21.693783037246092
27.990000000000002	21.456493548763593
28.0	18.650523307920917
28.01	18.79488542249023
28.02	15.819189373709394
28.03	12.828975542360483
28.04	12.567163707170904
28.05	18.517231755654745
28.060000000000002	21.6658796304806
28.07	29.862874314433668
28.080000000000002	23.777334353525784
28.09	21.782706013161143
28.1	21.790650452954342
28.11	23.547190564415
28.12	21.967423031161946
28.13	18.671869709741138
28.14	17.153181213459195
28.150000000000002	13.233549460428993
28.16	13.713324014191237
28.17	19.598950235107292
28.18	20.492952178401474
28.19	19.982577065151535
28.2	17.60713300146259
28.21	18.65187098336695
28.22	17.345695104046666
28.23	17.35991339320041
28.240000000000002	16.342559962101575
28.25	16.54798671709611
28.26	22.07197465676094
28.27	17.614380798299837
28.28	14.049451099981006
28.29	11.137334014136922
28.3	9.744099154215577
28.310000000000002	7.10622253476146
28.32	11.368623302236294
28.330000000000002	14.37021112415918
28.34	16.942536929875644
28.35	19.16394141610857
28.36	14.139062523448754
28.37	17.775700654050834
28.38	15.144038314786881
28.39	14.929788212895522
28.400000000000002	20.350082036062798
28.41	17.152687061414586
28.42	13.7750909691644
28.43	12.167197492155365
28.44	16.162460310077893
28.45	13.20198325248244
28.46	12.009267401611554
28.47	8.037324563728152
28.48	8.479994401039617
28.490000000000002	7.733129970929878
28.5	8.758765195201779
28.51	8.773937420863758
28.52	8.180273842003817
28.53	10.32158462323478
28.54	9.92690741151056
28.55	16.99058918489349
28.560000000000002	17.874475665139467
28.57	22.622091694024054
28.580000000000002	23.28645249866828
28.59	26.047956776571116
28.6	22.338653588256516
28.61	26.683993236397143
28.62	25.10868613960622
28.63	20.474790872984844
28.64	17.04629890995931
28.650000000000002	17.439340879659778
28.66	17.15233927232969
28.67	14.37649586183102
28.68	15.386041124745626
28.69	13.190206540520222
28.7	15.314384173628449
28.71	11.72691771095765
28.72	17.332444208893858
28.73	18.262271404883858
28.740000000000002	15.151146994233702
28.75	18.544228211521197
28.76	14.855891264948134
28.77	14.694992048786215
28.78	19.436094876599256
28.79	19.95365095743823
28.8	23.88009759047571
28.810000000000002	19.109896707270195
28.82	18.895624405486835
28.830000000000002	19.976620847664087
28.84	15.236004192882676
28.85	16.26727075753024
28.86	17.25256863799056
28.87	13.878445402952286
28.88	11.277804179860153
28.89	10.636208384626407
28.900000000000002	11.395829944701
28.91	11.706066514090509
28.92	9.16258452550822
28.93	9.49283379507384
28.94	15.464422178932864
28.95	12.153536213966502
28.96	9.488703933081942
28.97	7.637195277757418
28.98	9.905228239178875
28.990000000000002	17.42498011896527
29.0	27.965482277696637
29.01	27.674019053194055
29.02	24.423323443686808
29.03	19.97867478256812
29.04	20.308915536469293
29.05	16.550158010260013
29.060000000000002	14.635127415923654
29.07	15.097760579981552
29.080000000000002	18.374702770346268
29.09	14.245984350496366
29.1	14.230809719166212
29.11	12.998737898835445
29.12	9.941536370079058
29.13	9.836008368957986
29.14	9.346191898705332
29.150000000000002	10.75091344821412
29.16	11.102500754288858
29.17	10.441976553247487
29.18	11.880914039985441
29.19	9.760866411748411
29.2	10.249489102802054
29.21	8.71796167454223
29.22	8.265137644334649
29.23	7.215196107096499
29.240000000000002	6.111650940083978
29.25	5.164652697024766
29.26	4.449718892974433
29.27	4.470317232955715
29.28	1.8961745388477529
29.29	3.6262711960758702
29.3	4.970219689167406
29.310000000000002	2.4589760812175605
29.32	1.8221200589415163
29.330000000000002	-0.7449108524892296
29.34	-2.519549135763091
29.35	-2.1991546690313903
29.36	-2.7928619640571033
29.37	-4.212588036560601
29.38	-3.326812129267505
29.39	0.5455928313990293
29.400000000000002	-3.1780459939880603
29.41	-3.0977058777964017
29.42	-2.9365952918498968
29.43	-7.003182966527586
29.44	-10.283516983230019
29.45	-10.270490520009165
29.46	-11.747169099203365
29.47	-9.26071115542
29.48	-12.343227533293941
29.490000000000002	-15.10230515275298
29.5	-12.702835446044825
29.51	-12.597433608513269
29.52	-11.177003823069729
29.53	-9.495163729140884
29.54	-8.301447759889985
29.55	-7.67693180576431
29.560000000000002	-10.137044094853408
29.57	-9.600208455536011
29.580000000000002	-8.625003174178945
29.59	-8.272588279695505
29.6	-6.977080623326774
29.61	-6.617589667531907
29.62	-5.187639402204942
29.63	-6.24741669257331
29.64	-7.678199257042447
29.650000000000002	-7.419628301183257
29.66	-8.401307886246594
29.67	-9.14198585122245
29.68	-10.70090447115459
29.69	-13.53927430227449
29.7	-11.804328180259303
29.71	-13.240651317936441
29.72	-13.0581131975132
29.73	-15.52212387942028
29.740000000000002	-11.964348714082078
29.75	-16.409754374131367
29.76	-12.93024667974155
29.77	-15.11811116413674
29.78	-15.014226133723376
29.79	-16.725579280172774
29.8	-14.784290043902548
29.810000000000002	-16.4185019151135
29.82	-15.981677537592981
29.830000000000002	-12.958500265566958
29.84	-13.737502474167165
29.85	-11.908479129285466
29.86	-16.55752136364412
29.87	-19.690661546556417
29.88	-18.168085202312835
29.89	-17.246959933821717
29.900000000000002	-17.53873432405968
29.91	-17.77928780310496
29.92	-16.200268065317996
29.93	-14.529079673951827
29.94	-11.517950535030145
29.95	-9.82074477492462
29.96	-14.312759994679253
29.97	-12.59780140470582
29.98	-15.681077186298618
29.990000000000002	-15.102439700663622
30.0	-11.829133741286672
30.01	-9.43297111772067
30.02	-7.722669742584546
30.03	-6.679067040260438
30.04	-6.951343665393166
30.05	-10.53194054215385
30.060000000000002	-21.029989169503803
30.07	-25.956315097438896
30.080000000000002	-24.997159553228965
30.09	-22.71626763079084
30.1	-21.57437048642331
30.11	-20.417907750941815
30.12	-20.20650821629361
30.13	-18.246817475892005
30.14	-23.77050997118438
30.150000000000002	-27.55605355758409
30.16	-23.376394061206323
30.17	-21.979489564797685
30.18	-25.316190609065487
30.19	-20.788072152227972
30.2	-23.072246423532707
30.21	-18.05949532895772
30.22	-14.058582612091538
30.23	-15.323173560686268
30.240000000000002	-14.878550644802067
30.25	-18.47635427158005
30.26	-22.50448918562589
30.27	-19.91179746874425
30.28	-22.44911739468978
30.29	-26.68111165170736
30.3	-24.69538641634541
30.310000000000002	-18.90384333524771
30.32	-16.06733544142091
30.330000000000002	-15.584325084776188
30.34	-19.330840698864957
30.35	-19.541424574688534
30.36	-16.574162160366278
30.37	-16.830894789546672
30.38	-13.080487729361959
30.39	-15.132764268373592
30.400000000000002	-17.021094855717994
30.41	-13.121832667501394
30.42	-14.230822112771547
30.43	-18.842276117769334
30.44	-14.880297400129331
30.45	-14.77145412695404
30.46	-16.86480527746166
30.47	-17.650626519938818
30.48	-17.282897766107016
30.490000000000002	-14.824468038836736
30.5	-14.142140676811884
30.51	-14.241592066658615
30.52	-13.434489386956113
30.53	-12.147156943902438
30.54	-12.38167410692278
30.55	-14.591372216026564
30.560000000000002	-14.453371968296542
30.57	-12.288180859042184
30.580000000000002	-11.496020862194763
30.59	-11.75428557480239
30.6	-11.00728037285211
30.61	-10.573466561843247
30.62	-10.164581445254957
30.63	-11.961252832375067
30.64	-8.615294612311535
30.650000000000002	-7.288741750475281
30.66	-4.717276884604481
30.67	-2.704083908479042
30.68	3.5749659399487426
30.69	3.717779148098157
30.7	2.9365765000845836
30.71	3.3683448639647207
30.72	1.9761454488121166
30.73	5.6136728738608745
30.740000000000002	4.985959366429999
30.75	4.609575695952621
30.76	3.2722835952513414
30.77	6.784432509682739
30.78	16.26807584391217
30.79	13.711296909177362
30.8	14.78582481428769
30.810000000000002	10.120364143040803
30.82	9.84070055586181
30.830000000000002	8.456175362242444
30.84	7.884469814469629
30.85	6.886892895587942
30.86	6.763426194722224
30.87	7.365216331885741
30.88	5.894632079916996
30.89	5.40946938469803
30.900000000000002	9.39391066629393
30.91	7.779653952933414
30.92	8.99411675394343
30.93	8.514094342418693
30.94	10.09092062585025
30.95	8.786425433105908
30.96	8.570903046617715
30.970000000000002	8.232061316050386
30.98	12.197827975376688
30.990000000000002	9.589192950830071
31.0	7.536824059833146
31.01	8.349536300979114
31.02	9.667899461000689
31.03	9.741243728662415
31.04	10.848902650787897
31.05	8.59623918481306
31.060000000000002	8.051767409049436
31.07	6.683773015621411
31.080000000000002	11.331615758949717
31.09	15.606854631823115
31.1	13.016314624168928
31.11	12.003463137225243
31.12	10.942392544863997
31.13	12.845269200401308
31.14	18.77895736002584
31.150000000000002	22.494089999990123
31.16	19.20638919524299
31.17	17.342632135002233
31.18	15.66987841051452
31.19	16.865350338472144
31.2	18.184636248546006
31.21	16.307369257722716
31.220000000000002	13.83885045821937
31.23	16.922870939151732
31.240000000000002	18.291897560714062
31.25	19.317117574898973
31.26	17.407054955356312
31.27	14.030532540601115
31.28	13.715786736963878
31.29	14.957819331608002
31.3	10.988287699524369
31.310000000000002	12.795335891646351
31.32	13.913326622564565
31.330000000000002	18.531851323035024
31.34	22.414164997350223
31.35	17.67481444798911
31.36	13.841256230857324
31.37	11.181709817362112
31.38	18.124329411549585
31.39	17.200607044015797
31.400000000000002	14.873500484728378
31.41	22.07896278278598
31.42	19.43122316273515
31.43	19.486959406675535
31.44	27.21976957753927
31.45	27.06051389057388
31.46	24.898169059525703
31.470000000000002	20.802149886196435
31.48	19.481031561441206
31.490000000000002	17.69389961410171
31.5	22.71788661348755
31.51	21.17991543474318
31.52	23.800850151306694
31.53	23.273683512617286
31.54	19.427627256329878
31.55	19.33968599746477
31.560000000000002	19.930468536651915
31.57	16.912792093274852
31.580000000000002	14.569275990459031
31.59	19.512641004128973
31.6	20.557257647786425
31.61	22.02086081675929
31.62	26.770302363232858
31.63	34.708566810757155
31.64	31.878671037729386
31.650000000000002	29.697153357588604
31.66	22.12657358351894
31.67	22.33051854676488
31.68	25.847254436568175
31.69	24.623115242785474
31.7	28.206330158342013
31.71	24.74885798335938
31.720000000000002	20.811680974899524
31.73	24.393939632650458
31.740000000000002	28.509598620789944
31.75	35.08412613196818
31.76	32.41810604878843
31.77	31.144007897335833
31.78	36.64611564749326
31.79	34.57067815433094
31.8	28.208217108574573
31.810000000000002	24.831619968194964
31.82	19.687073205475944
31.830000000000002	18.906444538170017
31.84	18.24766031096489
31.85	14.519463483554217
31.86	19.011898609993583
31.87	17.031000154807572
31.88	13.16825055678578
31.89	16.471152968216792
31.900000000000002	13.74281638297967
31.91	10.283076957725404
31.92	8.794173413405314
31.93	11.149059145063577
31.94	11.044814693285431
31.95	14.790833839267385
31.96	12.056669949931685
31.970000000000002	12.553727389139526
31.98	11.011327498225228
31.990000000000002	9.848436999379302
32.0	7.457701190539071
32.01	5.8491694525411315
32.02	6.659997722306748
32.03	6.833398059943878
32.04	9.486890786801505
32.05	10.127435290577512
32.06	10.980529312049258
32.07	17.74935333148336
32.08	19.87704665071623
32.09	25.55409633984385
32.1	26.938625300738103
32.11	21.231486583323342
32.12	17.06452878257115
32.13	16.62242023184765
32.14	15.102842629535688
32.15	17.93397892735556
32.160000000000004	18.73727477461781
32.17	14.617107315569365
32.18	14.099483364675846
32.19	12.33425250819914
32.2	11.166325060524834
32.21	16.358026011671704
32.22	13.803458618711996
32.230000000000004	12.456973130021606
32.24	11.025071315212257
32.25	15.439803144537038
32.26	17.200190385015674
32.27	21.473177399754274
32.28	22.104547677927194
32.29	26.49242386997114
32.3	29.22664616360729
32.31	27.35408681387635
32.32	27.059730700171276
32.33	21.80085847450766
32.34	23.52793931238718
32.35	21.699802525605627
32.36	16.577767580967485
32.37	15.880141700770638
32.38	15.562638626522098
32.39	17.533921568157403
32.4	14.335335149485594
32.410000000000004	16.519346462508064
32.42	13.095851212467558
32.43	11.525169085949235
32.44	19.061840386802086
32.45	17.695005541243535
32.46	15.166041148616758
32.47	12.773001968520221
32.480000000000004	9.57144681098085
32.49	6.932895729038189
32.5	12.973529980384745
32.51	12.107441970442563
32.52	10.592561427143753
32.53	10.923855663133146
32.54	11.755226097056754
32.55	14.088120284992806
32.56	13.505146598578238
32.57	13.748064443944127
32.58	14.61773184452863
32.59	15.445041006979501
32.6	14.897832180411827
32.61	11.667276092802059
32.62	9.341837651625838
32.63	4.8718329901474196
32.64	4.736581995907433
32.65	1.1090735896723245
32.660000000000004	-0.42348405107802395
32.67	-3.112034358677616
32.68	-3.4333171004454086
32.69	-4.367125204273714
32.7	-7.125270730425316
32.71	-5.226662197297138
32.72	-3.398148649278551
32.730000000000004	-1.097281219207853
32.74	-1.3550990319534824
32.75	-3.366590678260329
32.76	-2.8525006476798436
32.77	-5.648820230476178
32.78	-5.381712611373715
32.79	-5.323037915105228
32.8	-12.666537538095618
32.81	-9.323180611312642
32.82	-10.408938536209888
32.83	-8.89049162419734
32.84	-9.148310482455743
32.85	-12.011696460337669
32.86	-13.0103767745498
32.87	-24.241067518323785
32.88	-22.705158129818148
32.89	-21.58318287332081
32.9	-20.056251723521758
32.910000000000004	-18.840952039438378
32.92	-22.250205927331024
32.93	-17.810067912193844
32.94	-17.11383135686672
32.95	-13.24132245705442
32.96	-18.50490266459467
32.97	-17.88844750391503
32.980000000000004	-20.399188096789253
32.99	-16.536659458169137
33.0	-14.889775532837437
33.01	-12.62500151046505
33.02	-10.781605295489038
33.03	-13.53596165061148
33.04	-15.15790581495588
33.05	-17.94215983268748
33.06	-15.631508064657467
33.07	-14.60516321479502
33.08	-13.77185307451184
33.09	-11.086722154554897
33.1	-9.638494122412485
33.11	-10.369585844760142
33.12	-13.412377663248552
33.13	-12.532097225411002
33.14	-11.443641503246527
33.15	-12.18389073683002
33.160000000000004	-10.312623491781517
33.17	-8.053010901999102
33.18	-6.900370293459581
33.19	-6.021252427759217
33.2	-13.115014280054293
33.21	-10.921175159317434
33.22	-10.41931182865589
33.230000000000004	-12.770743245413712
33.24	-13.5484157599143
33.25	-10.799673745115712
33.26	-10.312813476763107
33.27	-8.292088075170625
33.28	-4.903863953216134
33.29	-3.394092124114529
33.3	-5.944662765544188
33.31	-6.693828989197102
33.32	-6.906066311771751
33.33	-5.770455440167063
33.34	-4.331100910935067
33.35	-4.899789311150244
33.36	-5.268277392418481
33.37	-3.8463874891712453
33.38	-1.2953608758138864
33.39	2.103163423136682
33.4	4.843763416159423
33.410000000000004	4.479386380483402
33.42	4.231122079808448
33.43	-1.642543118284799
33.44	-1.7101333828952685
33.45	-0.26989681800078025
33.46	2.4647799544237765
33.47	2.5631476087446203
33.480000000000004	2.7261698044313873
33.49	-1.1379748130319236
33.5	-2.550842386150039
33.51	-7.634879235799274
33.52	-7.389728096798559
33.53	-4.707886642300724
33.54	-4.569007070759416
33.55	-4.7761151200065655
33.56	-7.155716076048498
33.57	-10.695037302005858
33.58	-14.583090505730985
33.59	-12.619537542624393
33.6	-14.898172624814286
33.61	-11.599957566098949
33.62	-13.00667150028327
33.63	-12.16796323690601
33.64	-11.418509418207185
33.65	-8.712425305315056
33.660000000000004	-9.700117945869032
33.67	-9.985685800129103
33.68	-11.598967589978717
33.69	-9.934737539575778
33.7	-11.620687169133053
33.71	-13.648528020071016
33.72	-10.349049919433327
33.730000000000004	-11.361253431264322
33.74	-9.717529251841803
33.75	-10.0354701057813
33.76	-10.676739835898859
33.77	-12.144139446521766
33.78	-16.62197851830469
33.79	-12.992490320299012
33.8	-11.87127425987247
33.81	-12.210272546920388
33.82	-22.514121622295814
33.83	-17.610278540525634
33.84	-18.20545172515702
33.85	-20.11294408955954
33.86	-20.006918263811222
33.87	-16.808878550862772
33.88	-17.597380504342677
33.89	-15.54025904028704
33.9	-15.402327367520455
33.910000000000004	-11.869492189433899
33.92	-11.699335883789473
33.93	-9.76200911606653
33.94	-11.083256478345282
33.95	-14.871525658113933
33.96	-15.298140308288753
33.97	-10.950840291521523
33.980000000000004	-11.547711594395322
33.99	-8.93370391603603
34.0	-12.439946797042857
34.01	-13.55278185630676
34.02	-19.946689699669843
34.03	-17.749428394587934
34.04	-20.945346983912035
34.05	-18.43982221202428
34.06	-17.785630761173245
34.07	-19.22609266179414
34.08	-21.260069589580723
34.09	-19.82539771832116
34.1	-20.30547557673002
34.11	-18.582842526890932
34.12	-15.77217101131207
34.13	-13.638918891654432
34.14	-16.307771507421766
34.15	-13.815612919928828
34.160000000000004	-14.226741085751884
34.17	-17.62581577762478
34.18	-14.16423084449649
34.19	-15.162189278515621
34.2	-19.503778196421692
34.21	-28.899344873066333
34.22	-25.237984716421167
34.230000000000004	-23.339222811924067
34.24	-18.745065613635205
34.25	-18.803381945973204
34.26	-19.655277020557765
34.27	-15.53993056932079
34.28	-19.56085660489947
34.29	-26.463215804928886
34.300000000000004	-30.26980873073383
34.31	-23.763850265504097
34.32	-22.313530256018634
34.33	-19.592644699070078
34.34	-17.087726467710745
34.35	-18.649837681750526
34.36	-17.30875839232698
34.37	-20.47444545936661
34.38	-25.99412415321104
34.39	-19.969015348043925
34.4	-19.23452175294742
34.410000000000004	-22.65962415446553
34.42	-19.840738682042993
34.43	-19.800645720083406
34.44	-16.29217261823863
34.45	-17.644184136780478
34.46	-18.84599362646386
34.47	-15.802775388612153
34.480000000000004	-13.523613649205638
34.49	-14.4494131348711
34.5	-17.874400952061585
34.51	-16.434450288115055
34.52	-16.70100187561768
34.53	-21.99585817920289
34.54	-19.810099386159315
34.550000000000004	-19.054039918658706
34.56	-15.60326990309766
34.57	-13.770482955011026
34.58	-15.277083386805852
34.59	-20.59443342093058
34.6	-16.832047701072803
34.61	-25.915387793835666
34.62	-23.498217076910564
34.63	-18.856667079056553
34.64	-15.323356398076804
34.65	-17.978340712245437
34.660000000000004	-14.250772315677079
34.67	-11.39539699807359
34.68	-12.372280875009434
34.69	-14.278146004102314
34.7	-13.341322426521877
34.71	-13.910963938677765
34.72	-14.543355136088067
34.730000000000004	-19.00870098682625
34.74	-20.787704255544714
34.75	-22.01920242582877
34.76	-21.319584151088925
34.77	-21.948222584608025
34.78	-29.878407802970454
34.79	-30.174609887045182
34.800000000000004	-27.69837301801674
34.81	-31.063783246735195
34.82	-29.115065867988207
34.83	-27.442074127539318
34.84	-29.62216436558884
34.85	-25.307521766187033
34.86	-26.66088813643119
34.87	-25.926728785618547
34.88	-33.35763849482827
34.89	-33.36028790396351
34.9	-26.432746146160394
34.910000000000004	-27.166501527560424
34.92	-24.188657760566887
34.93	-21.583599361030277
34.94	-22.34890595532619
34.95	-20.52603687093103
34.96	-16.022483086876257
34.97	-12.636850079478384
34.980000000000004	-11.154464857015844
34.99	-19.968407476521097
35.0	-19.2776253144274
35.01	-16.198819097501964
35.02	-12.929407566006
35.03	-14.72877287012133
35.04	-20.197878406801113
35.050000000000004	-20.154598744848197
35.06	-18.63799241175209
35.07	-21.234530677148943
35.08	-25.23897443254367
35.09	-25.694733608150678
35.1	-29.558316930013795
35.11	-24.623403495258987
35.12	-25.851114787121187
35.13	-19.2399115704416
35.14	-17.845472298275123
35.15	-18.108487195350083
35.160000000000004	-16.41339736419411
35.17	-19.2836317150195
35.18	-24.92195469925332
35.19	-22.771356323415212
35.2	-23.937327331072442
35.21	-20.161453947740654
35.22	-16.69568966953737
35.230000000000004	-15.454337664605205
35.24	-16.401298227560392
35.25	-22.9789112866173
35.26	-17.739689150905114
35.27	-14.740783203902419
35.28	-11.554998330078844
35.29	-20.47738452373463
35.300000000000004	-23.754173396613684
35.31	-21.411016487420273
35.32	-16.690734637750193
35.33	-14.441630764693555
35.34	-15.31037345466417
35.35	-12.258730104548407
35.36	-18.2735289951716
35.37	-21.541585104681683
35.38	-27.021122121262696
35.39	-21.816332815312677
35.4	-17.877853075954533
35.410000000000004	-15.603484940159548
35.42	-13.423613501455902
35.43	-20.67184059999727
35.44	-16.248730352242255
35.45	-17.77306327431499
35.46	-15.20101003258794
35.47	-16.58339115705294
35.480000000000004	-24.110341218310484
35.49	-19.859624093280853
35.5	-16.91049929508026
35.51	-19.441676009265716
35.52	-16.302009877010473
35.53	-15.024159485139606
35.54	-13.578875253697595
35.550000000000004	-12.164628695035626
35.56	-8.447911391770367
35.57	-6.297676999995913
35.58	-5.571240087286869
35.59	-5.4450592643082585
35.6	-2.6144909911610874
35.61	-4.079841190875745
35.62	-4.221228290751508
35.63	-4.741836868506768
35.64	-5.130340108828945
35.65	-3.962337290636836
35.660000000000004	-4.9804605346012565
35.67	-5.202305234697332
35.68	-4.759833797502028
35.69	-4.593874613017395
35.7	-4.963570539800278
35.71	0.10105044754854053
35.72	6.3630268356540585
35.730000000000004	7.940115040317488
35.74	8.894135427835547
35.75	13.902120640444236
35.76	15.329151624527036
35.77	17.299149909512835
35.78	18.2467634232451
35.79	17.87428741776844
35.800000000000004	16.08400682750168
35.81	13.76659789624818
35.82	13.061664731362287
35.83	12.990290364962364
35.84	16.403473562797718
35.85	26.097006186038588
35.86	22.946742028925147
35.87	22.064165511071746
35.88	18.156742809417093
35.89	13.921761212512058
35.9	12.269238135350253
35.910000000000004	10.416384609490803
35.92	7.99855240758292
35.93	8.6850428862895
35.94	12.30254748502417
35.95	19.198167198388678
35.96	18.913233221115682
35.97	17.11225162225995
35.980000000000004	16.628417508654017
35.99	24.133976170123866
36.0	18.512111007404037
36.01	17.29279414533918
36.02	20.591964294289625
36.03	21.339137560996196
36.04	17.8442469665965
36.050000000000004	19.26897022759641
36.06	22.373094854295694
36.07	24.884785382129603
36.08	22.55578004001815
36.09	19.750217973254312
36.1	20.628546264547058
36.11	16.15431787357428
36.12	15.495156676957581
36.13	12.113158281806076
36.14	10.656868405507561
36.15	11.487359069196403
36.160000000000004	10.900842618086115
36.17	13.682553458331878
36.18	14.66705774361273
36.19	16.25027552865946
36.2	15.816301555624488
36.21	10.59355390086128
36.22	5.687980490234942
36.230000000000004	5.297927514040881
36.24	1.5893296032977167
36.25	0.04025636519446938
36.26	-1.083943777842784
36.27	-4.65619812065476
36.28	-5.984235217993103
36.29	-11.038973728535213
36.300000000000004	-10.382466928540243
36.31	-12.872018993878841
36.32	-12.593251005669982
36.33	-17.444929113040523
36.34	-18.313847728725946
36.35	-13.25956992449445
36.36	-9.874309445686027
36.37	-11.956263824099425
36.38	-14.302457783090555
36.39	-11.615648859884194
36.4	-17.93094461905973
36.410000000000004	-15.075600760901148
36.42	-14.758165385826853
36.43	-14.185726682555362
36.44	-13.98563817893683
36.45	-12.443617884983036
36.46	-19.991408051460915
36.47	-17.860611845751755
36.480000000000004	-14.90435145965078
36.49	-24.556842278776717
36.5	-30.072008951613746
36.51	-23.949004380380348
36.52	-29.80318213843823
36.53	-26.165081126089824
36.54	-26.410301885332526
36.550000000000004	-23.59577757894298
36.56	-21.277306829305235
36.57	-17.343427441869594
36.58	-16.774605511113972
36.59	-13.691888103571953
36.6	-11.379610738828898
36.61	-10.556243978842076
36.62	-12.211872672173534
36.63	-10.585610197814047
36.64	-11.483371677619461
36.65	-8.867130907021947
36.660000000000004	-13.380308138039753
36.67	-13.999081824298088
36.68	-12.697800712201499
36.69	-10.173525294034278
36.7	-7.85105312547148
36.71	-5.7157157070262
36.72	-4.502002780841917
36.730000000000004	-6.084141983684828
36.74	-12.115836620895058
36.75	-14.208106756335066
36.76	-12.023099186357964
36.77	-13.700408083554978
36.78	-10.894912912264827
36.79	-10.699849505946764
36.800000000000004	-14.552060771357139
36.81	-17.342773774002495
36.82	-23.050605498855965
36.83	-20.05375302918039
36.84	-22.856063401799968
36.85	-26.137314735301207
36.86	-28.52163740476357
36.87	-21.93701544856258
36.88	-19.500834020277566
36.89	-23.28100242492719
36.9	-17.871782223767227
36.910000000000004	-12.991900704602779
36.92	-10.742149902934292
36.93	-8.429137388067865
36.94	-7.155532318491598
36.95	-8.933024447840618
36.96	-16.229423661738956
36.97	-14.966723462637006
36.980000000000004	-16.5572380098566
36.99	-17.509142577475995
37.0	-16.031454842054675
37.01	-14.713960299624565
37.02	-18.309941051226357
37.03	-19.906911473985527
37.04	-23.724500596338693
37.050000000000004	-19.38232048784208
37.06	-14.878459868370255
37.07	-13.043553840860882
37.08	-11.704555902829538
37.09	-11.310703019056607
37.1	-13.652135038079713
37.11	-12.179748691674664
37.12	-16.500067799141267
37.13	-11.85952045179834
37.14	-13.661502135066954
37.15	-11.428480012997367
37.160000000000004	-13.7452764748735
37.17	-12.18813323872048
37.18	-9.961131640881488
37.19	-10.639673319607166
37.2	-13.961961896055145
37.21	-14.79819510370844
37.22	-13.273296341361045
37.230000000000004	-11.423487972688807
37.24	-8.456735256776417
37.25	-4.930635311341459
37.26	-3.2905821778052378
37.27	-0.8064190796878001
37.28	1.3259150583677428
37.29	-0.33289036863216853
37.300000000000004	0.29393645680197084
37.31	1.3732414260277999
37.32	3.3041345206608868
37.33	4.333088797875305
37.34	11.517911331923639
37.35	21.564992523814336
37.36	24.21547948784715
37.37	24.828828635258688
37.38	21.25540600452719
37.39	23.432725386052045
37.4	19.893595430857726
37.410000000000004	16.194890832707582
37.42	15.045841054680585
37.43	11.762559396768
37.44	9.036148086955796
37.45	12.187731739585596
37.46	22.47998867074968
37.47	30.33378331889551
37.480000000000004	31.301209172859085
37.49	28.44398859606655
37.5	23.459308013206336
37.51	20.88690058346311
37.52	17.462670327015978
37.53	14.74687356642956
37.54	14.985724164400096
37.550000000000004	19.400301347606323
37.56	18.071821991903775
37.57	24.414518349741908
37.58	19.287149451371697
37.59	18.846560873647107
37.6	24.216999410050903
37.61	24.394613933683953
37.62	25.50478709133081
37.63	19.832333779799598
37.64	15.680619724547432
37.65	16.93490159639539
37.660000000000004	14.95694313547097
37.67	12.933035600436606
37.68	19.889060359209886
37.69	15.62983722571579
37.7	17.860303049459475
37.71	21.377435303478915
37.72	19.95163951584598
37.730000000000004	20.994367263594047
37.74	18.416749770955825
37.75	17.55882359145529
37.76	14.171702698073242
37.77	15.405199805954672
37.78	12.633721158971994
37.79	11.58707197541776
37.800000000000004	10.959204358556404
37.81	8.555432217065853
37.82	8.141412552591689
37.83	10.768703937715555
37.84	10.289130183764279
37.85	13.45570383108326
37.86	17.033559731242967
37.87	17.60870219211925
37.88	19.957812824856074
37.89	28.874855348583047
37.9	26.351868245258014
37.910000000000004	24.652366530162947
37.92	21.602430319952433
37.93	18.80709870773257
37.94	19.790035744414435
37.95	23.765949002118436
37.96	27.549897212934706
37.97	27.926575382819504
37.980000000000004	27.744940954644388
37.99	22.828883931529337
38.0	22.812186241540903
38.01	20.947460807940715
38.02	19.5850427957826
38.03	15.987812201235421
38.04	13.13933276945846
38.050000000000004	18.629373281753264
38.06	16.97152431250252
38.07	17.861761729784767
38.08	13.769968123940249
38.09	11.2070735024207
38.1	11.106971299290397
38.11	11.798180197810263
38.12	7.209789160919886
38.13	6.651669593494093
38.14	9.611901914249245
38.15	8.143342917855598
38.160000000000004	14.984552402695687
38.17	13.108025546736837
38.18	14.174765959952005
38.19	18.016822363088735
38.2	17.638195495657744
38.21	19.077396377294725
38.22	15.377605823810377
38.230000000000004	12.955413921277882
38.24	13.361066216287435
38.25	12.98167826503692
38.26	16.35453531798527
38.27	21.631568584371752
38.28	22.10567076469479
38.29	17.0245460262882
38.300000000000004	14.838268641858264
38.31	15.593143482342365
38.32	15.030751309825533
38.33	14.634175684740196
38.34	22.55716384005073
38.35	29.88588792677246
38.36	26.53995440919656
38.37	25.5494945286142
38.38	21.919829956960555
38.39	22.539549242212733
38.4	22.416623539609308
38.410000000000004	23.672866392094036
38.42	22.94336875226306
38.43	18.024103179891114
38.44	17.074185520624617
38.45	16.613785274795788
38.46	21.6327427680634
38.47	19.506581271470445
38.480000000000004	15.892030859458144
38.49	14.802399284916117
38.5	13.274560632021199
38.51	14.716244479216462
38.52	14.819559762816512
38.53	15.015485141439827
38.54	11.718406044320437
38.550000000000004	9.576701599947416
38.56	8.975749448265418
38.57	10.811411951308571
38.58	11.292148924121271
38.59	13.817986556885588
38.6	14.706957566523934
38.61	14.836856221028677
38.62	16.064597013905672
38.63	15.673563440891593
38.64	20.055688051476285
38.65	27.19181719020806
38.660000000000004	23.607268542983064
38.67	20.80883261493639
38.68	20.633425654935056
38.69	19.46386287740399
38.7	17.741023967187562
38.71	16.07078333207432
38.72	13.15014702142276
38.730000000000004	10.733577696639946
38.74	10.022030922427627
38.75	8.65995621492819
38.76	12.34142265959038
38.77	16.620254449708813
38.78	17.417912207958775
38.79	16.643143836314344
38.800000000000004	17.74643893857629
38.81	22.077951312211837
38.82	22.214941417604937
38.83	20.004720632671724
38.84	22.28197268328588
38.85	19.509208174698077
38.86	17.92605445744319
38.87	14.817716941402697
38.88	16.549075319699835
38.89	12.827871245269606
38.9	9.995138831408575
38.910000000000004	13.88921561440843
38.92	19.015549034207815
38.93	15.500574227415354
38.94	16.420870344820507
38.95	18.21630139437787
38.96	25.711371024853392
38.97	22.63869733909074
38.980000000000004	18.252321609310645
38.99	20.828289583021753
39.0	20.473536295786946
39.01	16.55989068550109
39.02	17.177606465281013
39.03	15.081523445848275
39.04	15.241839663039853
39.050000000000004	12.138308477944582
39.06	11.064272450158043
39.07	15.3883593948016
39.08	17.4586163685024
39.09	18.436921674913627
39.1	19.45221029515573
39.11	17.925985852300975
39.12	19.55914985570278
39.13	15.35308235746401
39.14	15.046557159593762
39.15	16.734057703241227
39.160000000000004	12.768966410960292
39.17	11.858797582515868
39.18	11.010603804558011
39.19	13.23889699847047
39.2	10.430337693369232
39.21	10.399623730657165
39.22	9.380564971506812
39.230000000000004	9.726758518993362
39.24	11.936293347718523
39.25	9.036986133110291
39.26	8.74049004499043
39.27	9.188136441469485
39.28	10.977256957525508
39.29	9.219876211575148
39.300000000000004	9.585427028539092
39.31	10.955505498946756
39.32	10.794954606127442
39.33	9.540598394843398
39.34	7.001054945858558
39.35	5.877702416164801
39.36	9.596884254201466
39.37	13.811072976594899
39.38	14.63424452820033
39.39	18.344401223737357
39.4	14.798735626626836
39.410000000000004	11.895327898152281
39.42	14.515570615998504
39.43	16.37239896667493
39.44	18.127948524938073
39.45	19.145572629180112
39.46	15.271315632693938
39.47	19.339796538552584
39.480000000000004	17.779002916828777
39.49	15.660543917635685
39.5	11.94022090304989
39.51	10.947601034224373
39.52	10.724954180461214
39.53	7.8852431297384165
39.54	9.10143462600555
39.550000000000004	8.756012501077713
39.56	9.737761527035564
39.57	7.812561420015306
39.58	9.150921905581047
39.59	11.231260973086124
39.6	14.805918395916533
39.61	13.761975520680469
39.62	10.916079639793423
39.63	11.303919066527214
39.64	12.018495996262484
39.65	16.51755292730783
39.660000000000004	20.16120406573559
39.67	17.56944658202139
39.68	15.390558827994584
39.69	13.037267397227398
39.7	12.304818269299533
39.71	10.329023708986439
39.72	9.201498137538676
39.730000000000004	6.552043448781259
39.74	4.682853146438221
39.75	2.5798632110782282
39.76	1.9113501521936809
39.77	1.6060607070264974
39.78	7.426589238424567
39.79	8.302959624389956
39.800000000000004	14.04497548557337
39.81	18.802691393336247
39.82	14.357172774061631
39.83	12.096190743730373
39.84	10.29548876657587
39.85	14.91648750928355
39.86	12.234261509719353
39.87	9.673843114050321
39.88	7.349464987104469
39.89	3.9913365763116224
39.9	3.5141515149107336
39.910000000000004	1.1300374268157578
39.92	-0.3945301907095386
39.93	-0.9721984458463722
39.94	-0.7118364297538803
39.95	-1.1059162512520817
39.96	-5.991868904311739
39.97	-11.7633154376825
39.980000000000004	-17.99687482684046
39.99	-23.711381788273396
40.0	-18.752835228117643
40.01	-15.374025170723424
40.02	-13.479302178508927
40.03	-15.328801658175893
40.04	-13.057574464633385
40.050000000000004	-11.521984242778826
40.06	-10.40574313750211
40.07	-6.88252880888383
40.08	-7.032799452090314
40.09	-9.774438486554851
40.1	-24.1525311716399
40.11	-27.169308169382454
40.12	-28.88297475642121
40.13	-24.399762170996983
40.14	-26.612149771994563
40.15	-23.215431845659268
40.160000000000004	-20.825613197030673
40.17	-17.910286917986966
40.18	-13.950842049040753
40.19	-11.668275609943745
40.2	-11.557622002997293
40.21	-10.995578979535649
40.22	-11.507632146956928
40.230000000000004	-12.602939146106573
40.24	-12.969419689967351
40.25	-9.820963767993174
40.26	-11.564326655901356
40.27	-16.544996226326464
40.28	-16.76376455146517
40.29	-16.705574527704655
40.300000000000004	-18.591039270884863
40.31	-17.970110124481643
40.32	-14.606537052110724
40.33	-15.841316403420079
40.34	-14.024222091383113
40.35	-12.54011354565382
40.36	-17.886377033892657
40.37	-13.607969253349378
40.38	-10.63429546926808
40.39	-11.688551614501751
40.4	-13.680879546131061
40.410000000000004	-10.258420768060931
40.42	-12.21348276004591
40.43	-14.652020121370596
40.44	-11.481259283313246
40.45	-10.591813479559198
40.46	-10.671100641495892
40.47	-9.206508892440771
40.480000000000004	-10.79583732836415
40.49	-13.91018620547107
40.5	-14.347097271502413
40.51	-13.434794113440178
40.52	-16.199089335768974
40.53	-15.340692099488304
40.54	-17.514214593476325
40.550000000000004	-16.11391691807614
40.56	-17.079352617238147
40.57	-15.672709726185854
40.58	-13.462725541588815
40.59	-10.628533410150176
40.6	-10.851774648108044
40.61	-9.952925920483812
40.62	-9.368727509466702
40.63	-11.355798661994973
40.64	-22.33675513269435
40.65	-16.954225137303848
40.660000000000004	-13.406733731163738
40.67	-10.115518870820651
40.68	-9.961449141709126
40.69	-11.025197596995701
40.7	-15.846543752663536
40.71	-11.983611521404013
40.72	-13.445586204458357
40.730000000000004	-10.235287307644164
40.74	-10.907256098898428
40.75	-8.479999917824099
40.76	-6.132151430693951
40.77	-5.575227949867779
40.78	-9.667922124319317
40.79	-12.987114739250963
40.800000000000004	-14.179969473510956
40.81	-12.448999963530728
40.82	-12.724772696940772
40.83	-19.3230184645401
40.84	-22.938353872203148
40.85	-26.51752418566704
40.86	-21.833045042394577
40.87	-22.99014300037995
40.88	-21.556499691211076
40.89	-17.03475281059737
40.9	-13.471992396123273
40.910000000000004	-13.05536840183924
40.92	-14.271448520499936
40.93	-13.009974055348694
40.94	-11.289928016369839
40.95	-9.808415971792634
40.96	-12.788229038687401
40.97	-11.702774706563453
40.980000000000004	-12.051318246615493
40.99	-12.18195936795016
41.0	-12.244504046472075
41.01	-12.529191232071827
41.02	-9.441990646951536
41.03	-8.053710438602451
41.04	-19.41614647129462
41.050000000000004	-16.76742488220398
41.06	-20.26934380462547
41.07	-21.786651621709932
41.08	-17.409658571547457
41.09	-13.795592534073398
41.1	-11.301259132501858
41.11	-22.414664267439747
41.12	-27.692593423842602
41.13	-24.839962044382247
41.14	-22.998309135466304
41.15	-20.71038324040541
41.160000000000004	-16.741090076046575
41.17	-16.24596147608227
41.18	-16.48020527177945
41.19	-14.740673871480302
41.2	-17.001650547670653
41.21	-16.454010566481745
41.22	-13.50937302769794
41.230000000000004	-20.155604134569227
41.24	-16.578742649840883
41.25	-15.993432055334388
41.26	-14.175666950465967
41.27	-21.195414698187943
41.28	-21.806269800934334
41.29	-19.004341402989677
41.300000000000004	-25.83444419044498
41.31	-23.113183578558573
41.32	-21.018663867112636
41.33	-22.032799610637493
41.34	-27.7957136826568
41.35	-27.049298017463943
41.36	-25.978408798765834
41.37	-24.593472647036066
41.38	-23.27328939935851
41.39	-18.463437140925375
41.4	-16.387664554330573
41.410000000000004	-17.124137422445756
41.42	-13.090401189642984
41.43	-13.050663800335572
41.44	-10.805641015657331
41.45	-8.736435958049059
41.46	-11.194297345062054
41.47	-18.117596659453174
41.480000000000004	-14.268141319866352
41.49	-17.114038986207554
41.5	-14.200937757378433
41.51	-26.86746284092736
41.52	-29.81709564679585
41.53	-26.61306889657025
41.54	-22.692453322022462
41.550000000000004	-19.5609675426958
41.56	-16.205873596958014
41.57	-12.577253910201675
41.58	-10.313105784958255
41.59	-6.974135092039088
41.6	-13.294713174135358
41.61	-12.012350396743177
41.62	-10.172352936744863
41.63	-17.289614168316874
41.64	-13.734438878839795
41.65	-13.559922978551944
41.660000000000004	-12.3440375390245
41.67	-11.727105496548678
41.68	-12.5187444803351
41.69	-15.217723066644012
41.7	-12.031139141416764
41.71	-12.731409394489265
41.72	-16.928564781198798
41.730000000000004	-14.225884987331717
41.74	-14.572239494036097
41.75	-14.387735784196899
41.76	-14.095519923431777
41.77	-14.180214120753579
41.78	-24.710434425949465
41.79	-22.07374729238867
41.800000000000004	-25.606557584267936
41.81	-19.918337554395006
41.82	-14.678095534304338
41.83	-16.500348297998027
41.84	-14.279483324744186
41.85	-19.4162555486167
41.86	-15.194970889935059
41.87	-12.173990498892584
41.88	-10.470136136960978
41.89	-13.50738675474532
41.9	-18.42649221470696
41.910000000000004	-24.629765178859483
41.92	-22.279802380433132
41.93	-23.26632508857223
41.94	-22.823219101144122
41.95	-20.333028099519204
41.96	-15.865594914294526
41.97	-18.495861580310805
41.980000000000004	-15.881311448030443
41.99	-18.710438354026223
42.0	-28.773932719187183
42.01	-24.047137949040426
42.02	-27.34245868347757
42.03	-26.66447732089949
42.04	-23.116823677782335
42.050000000000004	-19.594463671626748
42.06	-21.977021884484866
42.07	-19.767963699582
42.08	-18.173029943559744
42.09	-19.204625995447483
42.1	-15.730862989620622
42.11	-13.308331473854466
42.12	-21.190099590009698
42.13	-25.299694220140374
42.14	-25.064389664671058
42.15	-28.50751575985933
42.160000000000004	-24.096667780039287
42.17	-20.670851242505826
42.18	-20.78307460407942
42.19	-20.36472884152685
42.2	-15.818509173543134
42.21	-12.965690672368059
42.22	-16.766637638689645
42.230000000000004	-15.028177527528435
42.24	-12.318012861649173
42.25	-16.182039783554778
42.26	-12.528535357610041
42.27	-11.423874866912367
42.28	-11.991281545713866
42.29	-10.61461693888759
42.300000000000004	-16.991620974793562
42.31	-15.38344970180789
42.32	-11.695517941774845
42.33	-9.182242537256457
42.34	-7.522909987922947
42.35	-14.120605595790106
42.36	-10.742373034182298
42.37	-12.587781162524564
42.38	-12.166161317855655
42.39	-17.25532173760722
42.4	-19.49905110473786
42.410000000000004	-20.08012947603375
42.42	-27.20236463796897
42.43	-22.175942464581286
42.44	-21.147413692986543
42.45	-17.793750251281086
42.46	-13.864386470792203
42.47	-13.51719836602022
42.480000000000004	-13.369112167589513
42.49	-12.370964513618288
42.5	-9.367916282127023
42.51	-10.245856896401559
42.52	-8.866081195569846
42.53	-7.910277430936226
42.54	-5.408987560365513
42.550000000000004	-2.8337449305081406
42.56	-0.23601639292655643
42.57	0.11829895591184474
42.58	4.113575081755889
42.59	2.0972250247249944
42.6	4.8242794651514735
42.61	6.2925728949678055
42.62	4.097422584406655
42.63	2.231793793015979
42.64	2.2172121481053013
42.65	3.2389699237275
42.660000000000004	3.365422755309231
42.67	5.471094973575516
42.68	6.457641630303293
42.69	8.08599769419661
42.7	8.187137634017093
42.71	9.230692481859084
42.72	13.140065436519157
42.730000000000004	12.408618322151607
42.74	8.734858198527727
42.75	8.647973451834789
42.76	10.577667786000468
42.77	12.03488147582134
42.78	18.929728737018028
42.79	16.5333285069475
42.800000000000004	19.46503833075186
42.81	22.621185830064412
42.82	17.673023484640368
42.83	17.59000366622878
42.84	16.68153728793399
42.85	17.09941462294107
42.86	16.685374162556506
42.87	14.47094104487651
42.88	14.303110524037644
42.89	15.939540720987738
42.9	16.088943455052362
42.910000000000004	12.712123751103508
42.92	11.279174794248439
42.93	13.743874961804167
42.94	11.701897047035379
42.95	17.892131331793323
42.96	13.918821110465725
42.97	14.662949454397548
42.980000000000004	11.838028354799059
42.99	16.121869431709282
43.0	22.92330786503953
43.01	25.35668962272773
43.02	21.04566430033386
43.03	18.50437642302771
43.04	18.990978391974778
43.050000000000004	20.41873909877086
43.06	19.144633865269945
43.07	19.746052630570286
43.08	18.165068832653915
43.09	16.156504472516403
43.1	15.125497277852396
43.11	14.893517317363864
43.12	17.249866013249896
43.13	13.72227073552039
43.14	13.444090145700597
43.15	13.486865000374584
43.160000000000004	12.037435448226766
43.17	8.724154138122968
43.18	10.733412049297819
43.19	9.735722960008763
43.2	13.960087852344293
43.21	16.159198120222392
43.22	11.976531737601489
43.230000000000004	10.900383511406424
43.24	9.95204201571842
43.25	7.313588637411063
43.26	6.6838590666621664
43.27	5.472629471097034
43.28	7.622645727357864
43.29	12.395419636873164
43.300000000000004	13.098350095925424
43.31	22.661768529346478
43.32	23.918803020361054
43.33	28.857030975127497
43.34	29.29037563811605
43.35	22.518008686724027
43.36	21.420110922727844
43.37	18.04749637743229
43.38	17.673187775544488
43.39	18.10208112691956
43.4	17.6937486710811
43.410000000000004	20.212703983750888
43.42	16.488956547164996
43.43	16.10852147275863
43.44	17.977702286036642
43.45	19.4057267405193
43.46	16.556326503814503
43.47	19.919790257454284
43.480000000000004	21.991498976894984
43.49	25.68401921154957
43.5	20.037425414324428
43.51	20.01588820169996
43.52	21.880523110401892
43.53	19.41817531718761
43.54	18.82162621330108
43.550000000000004	14.854631813518166
43.56	15.594369547365012
43.57	14.002509537388784
43.58	14.761992568268933
43.59	21.363473848153916
43.6	17.088381577706084
43.61	17.724340343611438
43.62	17.01964514088079
43.63	13.791385506919632
43.64	14.594195872690797
43.65	14.018468947567019
43.660000000000004	11.784670859721428
43.67	9.300972688216468
43.68	9.493101181630767
43.69	8.222657552351395
43.7	8.523468990358227
43.71	13.317334380112197
43.72	13.88800775367546
43.730000000000004	14.507087130053906
43.74	13.144725542123767
43.75	11.062362710984052
43.76	11.878303399393456
43.77	10.829892077370252
43.78	10.80826730677629
43.79	9.146238427362324
43.800000000000004	7.767476489779066
43.81	7.38398355174475
43.82	7.431161560349279
43.83	8.144965800621621
43.84	8.928919054205949
43.85	10.311867236174015
43.86	14.971038516101284
43.87	14.331856809557488
43.88	11.883806933526534
43.89	10.595764704804132
43.9	10.837458845017043
43.910000000000004	9.747516186062883
43.92	9.19186500102998
43.93	11.233054055234321
43.94	9.428439860106161
43.95	13.513645825399646
43.96	13.011048142972237
43.97	13.554628004178799
43.980000000000004	15.843747407826989
43.99	15.278867912888586
44.0	14.420039734484421
44.01	11.780860385203466
44.02	12.584498749565599
44.03	13.963058193601697
44.04	13.344491360406646
44.050000000000004	10.268343502760583
44.06	8.044647979889733
44.07	6.296518891958294
44.08	6.026960769511091
44.09	5.106920797075377
44.1	4.500591336616226
44.11	7.047883827351029
44.12	4.15900830625124
44.13	2.238771638943797
44.14	0.5792882656700414
44.15	1.5520451552860697
44.160000000000004	0.3405265407668698
44.17	0.9834441195736482
44.18	4.867140953373358
44.19	6.79809823857807
44.2	15.988886146481297
44.21	13.255295018920409
44.22	12.528712071017543
44.230000000000004	9.075507958937827
44.24	8.267232833988631
44.25	8.884699628730166
44.26	8.1458581814475
44.27	15.363492827232086
44.28	16.611758022781807
44.29	15.2898235559971
44.300000000000004	16.66531057062646
44.31	24.44701733241126
44.32	24.334230640261506
44.33	26.542691576001612
44.34	28.053954322783618
44.35	28.71932087153901
44.36	25.817069251815706
44.37	23.209732878661438
44.38	20.789207316666197
44.39	25.21025128823916
44.4	25.275303853181015
44.410000000000004	22.055213713482672
44.42	22.41422017680691
44.43	28.79441195547504
44.44	27.87539077904024
44.45	24.913958923784957
44.46	21.863818989205342
44.47	20.774218210938045
44.480000000000004	26.440901476913776
44.49	21.533140084876184
44.5	18.062723690545397
44.51	13.654040252681186
44.52	12.307251536702818
44.53	14.494918054745835
44.54	23.200603607395106
44.550000000000004	22.7126174905018
44.56	17.43200847501811
44.57	12.723113246264257
44.58	10.24994227493416
44.59	7.864659175331581
44.6	7.312567410074036
44.61	8.055580932750255
44.62	8.945037780658208
44.63	10.165065281020672
44.64	17.368481360342173
44.65	19.958828648568822
44.660000000000004	21.846691771831953
44.67	19.79645649689479
44.68	19.374412442119795
44.69	23.562140566281645
44.7	18.352498412311075
44.71	15.88960970308713
44.72	13.475884365866085
44.730000000000004	15.24969221820216
44.74	11.090337923215369
44.75	12.114696995820237
44.76	12.188746135301813
44.77	8.579360210759662
44.78	6.028766479617495
44.79	4.446892869174668
44.800000000000004	1.289305507175419
44.81	-0.9681860865753986
44.82	-7.500880313340077
44.83	-10.637628743812584
44.84	-6.899027828000277
44.85	-12.256313168268814
44.86	-14.791390583528665
44.87	-11.840681600604134
44.88	-11.610566952332183
44.89	-15.878323816416541
44.9	-14.860069368691615
44.910000000000004	-17.867842843949134
44.92	-15.384022221795782
44.93	-14.856591157462699
44.94	-16.330625246894304
44.95	-18.653036224791297
44.96	-14.14844612120022
44.97	-14.643713262487466
44.980000000000004	-14.109361049195826
44.99	-18.227461842514245
45.0	-16.949439012570664
45.01	-12.95260097205416
45.02	-9.598225595276604
45.03	-7.921417825405201
45.04	-10.299586251942914
45.050000000000004	-9.043907271400018
45.06	-11.29464472003793
45.07	-17.205398383804425
45.08	-15.924510285832234
45.09	-16.253431675557636
45.1	-19.11035689894768
45.11	-22.858043811669152
45.12	-22.603622397630065
45.13	-19.044100676727048
45.14	-20.40661301916597
45.15	-26.361508394123913
45.160000000000004	-22.718828931560974
45.17	-22.595419138200246
45.18	-20.38442482560991
45.19	-31.173631045259633
45.2	-25.812033696070113
45.21	-19.9114726281296
45.22	-24.368878274596984
45.230000000000004	-22.128176174210374
45.24	-19.102661019110798
45.25	-22.607394216194248
45.26	-21.84815073911134
45.27	-22.587904110781878
45.28	-24.724818840169686
45.29	-22.37201130093048
45.300000000000004	-18.560491662479
45.31	-19.389362485765005
45.32	-16.15931653207896
45.33	-15.123000598450764
45.34	-10.182337596333383
45.35	-12.559884099461094
45.36	-18.04657117800058
45.37	-15.743122306396417
45.38	-15.22391857579215
45.39	-12.822167859457984
45.4	-14.711070705256235
45.410000000000004	-19.11132483226703
45.42	-21.616993773631346
45.43	-18.453662903182643
45.44	-20.91868283848261
45.45	-16.33929229862108
45.46	-12.72980378210551
45.47	-18.11111332607506
45.480000000000004	-16.3484580013855
45.49	-13.290023263562498
45.5	-10.66959383608943
45.51	-9.63801844657845
45.52	-16.14668376330139
45.53	-17.255663405857078
45.54	-19.897515069973526
45.550000000000004	-20.78376944385086
45.56	-19.453505560345096
45.57	-27.744342618681173
45.58	-22.250504667078918
45.59	-17.66402786831294
45.6	-17.71806471585121
45.61	-15.288249900862803
45.62	-15.33881434046136
45.63	-17.990393481515913
45.64	-16.623620466125136
45.65	-13.555443401002151
45.660000000000004	-11.536386926059015
45.67	-11.27750943101944
45.68	-11.400848175861386
45.69	-11.733284894430444
45.7	-12.722178786451353
45.71	-12.596586439592382
45.72	-15.044802776905424
45.730000000000004	-16.470030692577485
45.74	-13.17790615944982
45.75	-9.68823397545221
45.76	-9.71056303782567
45.77	-7.6504810183763094
45.78	-7.810395993225595
45.79	-13.537184452760966
45.800000000000004	-14.003811938765056
45.81	-14.117853711233732
45.82	-16.883867138253773
45.83	-30.949371499589823
45.84	-30.379347632224
45.85	-23.83834279940938
45.86	-30.831130450218765
45.87	-28.19677310663074
45.88	-23.309666291521168
45.89	-26.027238951767448
45.9	-25.508021287150793
45.910000000000004	-21.266685476704808
45.92	-24.73272059315888
45.93	-24.991720069909736
45.94	-21.867661329708238
45.95	-21.193937626006885
45.96	-22.652706448093518
45.97	-21.89850053517263
45.980000000000004	-24.390504353453277
45.99	-22.31063709165042
46.0	-19.846562210859933
46.01	-15.529709172447772
46.02	-12.168248826745437
46.03	-11.430438439734582
46.04	-14.151803101253558
46.050000000000004	-10.364309507029391
46.06	-10.926575342732301
46.07	-15.456318648781117
46.08	-12.169608453952877
46.09	-8.961064052638267
46.1	-5.82702176111407
46.11	-1.2768879470452303
46.12	-6.347799570825182
46.13	-9.122551208632357
46.14	-12.026535328785616
46.15	-9.147336287286345
46.160000000000004	-5.054593654346406
46.17	-5.936970451660026
46.18	-9.049029563840886
46.19	-16.6753890711045
46.2	-19.92687652784097
46.21	-23.799427017564476
46.22	-22.513226232902845
46.230000000000004	-25.653775281603505
46.24	-20.088235744440098
46.25	-17.558647298973014
46.26	-18.35440348114072
46.27	-19.288040836354508
46.28	-15.999831966035494
46.29	-17.76266127799262
46.300000000000004	-18.34647976793893
46.31	-14.059502892298624
46.32	-10.935663540996183
46.33	-9.253909556344748
46.34	-13.651625440273477
46.35	-14.091907644051215
46.36	-11.358711232990519
46.37	-11.12307808395811
46.38	-12.9328573399477
46.39	-18.609533916022382
46.4	-14.618950987249482
46.410000000000004	-11.620915948816458
46.42	-10.439723384967888
46.43	-17.68845932664493
46.44	-18.2203842160428
46.45	-14.851498776103348
46.46	-12.173464649874434
46.47	-10.98793190412677
46.480000000000004	-16.5037218127751
46.49	-14.456378424457164
46.5	-13.83406618116142
46.51	-12.367889797002352
46.52	-12.975239782185911
46.53	-14.465174954551838
46.54	-11.733426642715107
46.550000000000004	-18.181447916295518
46.56	-14.168216662789149
46.57	-12.036439205736627
46.58	-9.798307848690945
46.59	-11.28340298637573
46.6	-11.328776985044849
46.61	-12.678806042200385
46.62	-10.274523077543813
46.63	-8.221809427560066
46.64	-8.408546704723488
46.65	-8.28841907804254
46.660000000000004	-6.648196817718885
46.67	-5.97483045058001
46.68	-7.225820650848807
46.69	-9.782899537759537
46.7	-12.03129967027037
46.71	-12.844880612653265
46.72	-11.922640733000275
46.730000000000004	-9.551137923014252
46.74	-14.251455668422407
46.75	-11.761851321197547
46.76	-8.698233195117304
46.77	-9.118999453979036
46.78	-7.347098630826864
46.79	-8.75544426490588
46.800000000000004	-10.986563101777445
46.81	-8.97349530550447
46.82	-5.341945782418969
46.83	-9.009244545297825
46.84	-13.679726941312738
46.85	-10.912295713273437
46.86	-9.012306528537366
46.87	-22.5283194952706
46.88	-19.179106028130253
46.89	-15.872314803732543
46.9	-12.69584382763323
46.910000000000004	-11.001977701902938
46.92	-9.483823702637089
46.93	-9.823971142646153
46.94	-18.242288319698016
46.95	-17.83785173588345
46.96	-16.77867330990793
46.97	-20.107620328144325
46.980000000000004	-19.543251827219773
46.99	-15.85691088406874
47.0	-16.01441364842776
47.01	-17.00694251042213
47.02	-21.870383362315778
47.03	-17.91318948108131
47.04	-16.45301770544407
47.050000000000004	-16.76939261423433
47.06	-12.913399510114628
47.07	-12.242584709733471
47.08	-12.025974936863497
47.09	-12.752176728167639
47.1	-12.234691962816703
47.11	-10.022967787456905
47.12	-6.330361001782821
47.13	-9.019534179398935
47.14	-12.555115473734134
47.15	-12.050915335304156
47.160000000000004	-11.878903229993776
47.17	-21.218775287554905
47.18	-21.307003535634202
47.19	-19.703699413501564
47.2	-27.866172541205547
47.21	-24.42265871861849
47.22	-19.689945826514705
47.230000000000004	-15.75366600964506
47.24	-15.061045932343651
47.25	-17.82486650819158
47.26	-17.10084848917167
47.27	-13.34501036857557
47.28	-11.681795538468547
47.29	-15.42591436468473
47.300000000000004	-11.802153729062825
47.31	-9.217739802549438
47.32	-9.15553433838407
47.33	-8.009594152542242
47.34	-7.064818975571367
47.35	-7.144993846642435
47.36	-12.786926660020931
47.37	-18.120329347145567
47.38	-16.072703194104488
47.39	-17.85457936274235
47.4	-25.444876825440158
47.410000000000004	-24.693868834285272
47.42	-18.794826191781393
47.43	-13.973387880175856
47.44	-13.790968575169384
47.45	-12.42209414981917
47.46	-9.24050599694036
47.47	-8.773280788468524
47.480000000000004	-13.396591274347873
47.49	-12.086282733179099
47.5	-15.482320541407834
47.51	-15.465779016200829
47.52	-12.117166949668954
47.53	-10.274567955460935
47.54	-8.583632520437725
47.550000000000004	-6.5842713151523915
47.56	-9.533319471036029
47.57	-8.115885415190288
47.58	-9.31726938365402
47.59	-12.249400314404383
47.6	-11.129872578086179
47.61	-15.837120754292895
47.62	-20.16884187792898
47.63	-29.332608969056203
47.64	-26.792500692507158
47.65	-21.83450787807185
47.660000000000004	-22.60098478574389
47.67	-17.41895893252663
47.68	-16.030851435178292
47.69	-18.5551914652214
47.7	-15.787604570077837
47.71	-17.055645489224233
47.72	-13.294215454598577
47.730000000000004	-14.325753339789864
47.74	-13.623089187619888
47.75	-16.272447925229034
47.76	-20.6834251255947
47.77	-23.64310295045956
47.78	-20.8396642619173
47.79	-17.7953386317283
47.800000000000004	-14.24537759285307
47.81	-14.794331110358112
47.82	-14.4431844398889
47.83	-16.7505954434825
47.84	-18.819264994419722
47.85	-27.268724107916146
47.86	-28.07526571437747
47.870000000000005	-22.2867537872624
47.88	-17.845400609497222
47.89	-15.890625687980016
47.9	-18.266216851467046
47.910000000000004	-16.879581014427213
47.92	-18.362737345775688
47.93	-15.557420122458893
47.94	-15.942691723631052
47.95	-11.919391300073146
47.96	-9.671535939363347
47.97	-9.353687893597137
47.980000000000004	-8.80375905793735
47.99	-10.825365098980944
48.0	-10.261696833253055
48.01	-13.140394660935353
48.02	-12.792745238545127
48.03	-11.866174169434125
48.04	-12.131563373145296
48.050000000000004	-10.513535046094544
48.06	-10.518466550032311
48.07	-7.938242785091404
48.08	-4.675609701243346
48.09	-5.892743788172062
48.1	-6.932982008279242
48.11	-9.570945052555759
48.120000000000005	-8.932641132328879
48.13	-7.932407437275009
48.14	-6.346981756811173
48.15	-6.915253560683418
48.160000000000004	-8.039335176442151
48.17	-9.866895019209108
48.18	-6.95176401452879
48.19	-24.821031103138484
48.2	-21.6963462392942
48.21	-17.767863705111754
48.22	-21.770691619967835
48.230000000000004	-23.210662014587047
48.24	-19.046574698498564
48.25	-15.531729511559224
48.26	-21.1561086161788
48.27	-19.360798756776507
48.28	-17.041451691171538
48.29	-13.295623027397822
48.300000000000004	-13.966279342860584
48.31	-19.053785693860412
48.32	-16.202395910912887
48.33	-11.403044333483072
48.34	-10.810901027818426
48.35	-15.055409480907391
48.36	-13.304099420886896
48.370000000000005	-11.472164159132124
48.38	-9.41750168690056
48.39	-9.023006552395135
48.4	-6.698008965047656
48.410000000000004	-5.704769132548435
48.42	-6.123549095192536
48.43	-6.175589533071504
48.44	-5.606000713089534
48.45	-9.119266702904362
48.46	-12.658992918898507
48.47	-21.179916404986404
48.480000000000004	-24.164664961350137
48.49	-24.160945805660425
48.5	-20.567916413689524
48.51	-16.445797148044658
48.52	-14.191771011084267
48.53	-15.141393444156051
48.54	-14.38715893033967
48.550000000000004	-19.696380859669105
48.56	-20.899791771194757
48.57	-25.76420225681702
48.58	-27.98918880852752
48.59	-22.154380361501076
48.6	-19.35867903163812
48.61	-16.08230006257301
48.620000000000005	-14.408486366996662
48.63	-12.145611706336037
48.64	-10.079199443913378
48.65	-20.375291726152376
48.660000000000004	-19.029941824105922
48.67	-17.574550077644773
48.68	-16.835046123178962
48.69	-16.195601848732043
48.7	-14.630350945229429
48.71	-15.07502403877375
48.72	-13.486000881180798
48.730000000000004	-10.820703091777311
48.74	-9.273255948559283
48.75	-7.117623213120867
48.76	-10.618272080611074
48.77	-8.855289564775747
48.78	-13.414150798453699
48.79	-14.59636278687097
48.800000000000004	-12.31997890980622
48.81	-11.699909397939342
48.82	-11.15394115419348
48.83	-12.881991885215385
48.84	-18.944201380145945
48.85	-16.48018124349706
48.86	-16.718659184511605
48.870000000000005	-15.143952089531384
48.88	-18.012797700106333
48.89	-17.946519266450068
48.9	-18.31654440495448
48.910000000000004	-19.23586838789555
48.92	-16.14219580269037
48.93	-16.242743175647608
48.94	-14.77866975869753
48.95	-14.205077776599923
48.96	-12.36945307555844
48.97	-9.185581143260269
48.980000000000004	-7.65389705403835
48.99	-3.591034500839529
49.0	-5.13479148317805
49.01	-7.540006609087445
49.02	-8.482221873407179
49.03	-11.026767951382984
49.04	-11.6841434707518
49.050000000000004	-10.636981360861592
49.06	-10.40571454420873
49.07	-17.335627478468727
49.08	-18.371818554395908
49.09	-15.489628763196988
49.1	-12.711939455452084
49.11	-11.131362266977039
49.120000000000005	-9.011477657264017
49.13	-6.6252507247160635
49.14	-6.779463554663975
49.15	-6.954549591568539
49.160000000000004	-8.416838363047798
49.17	-12.009907391339153
49.18	-11.161145475744163
49.19	-12.373278451478082
49.2	-14.589413430490204
49.21	-17.65687966665707
49.22	-14.939151706949936
49.230000000000004	-12.579842727935112
49.24	-13.794207239659023
49.25	-11.892724472025279
49.26	-11.015966556057004
49.27	-10.702282699761406
49.28	-11.726621723203197
49.29	-9.544196170610032
49.300000000000004	-10.53054485151168
49.31	-14.118172297434866
49.32	-21.05803841922171
49.33	-19.260207348769956
49.34	-14.62758296958332
49.35	-12.164805584197461
49.36	-17.922917340734422
49.370000000000005	-17.781633584430466
49.38	-17.120638756430065
49.39	-14.891276122224367
49.4	-15.266390738704134
49.410000000000004	-14.304698253788258
49.42	-10.427937368199098
49.43	-12.57466485274463
49.44	-10.792921441510227
49.45	-9.338256383682324
49.46	-12.227884881354937
49.47	-15.995488067323382
49.480000000000004	-18.04909345184675
49.49	-17.961229316649113
49.5	-18.59577164096605
49.51	-30.089347079190997
49.52	-23.889277711679718
49.53	-22.5284768224352
49.54	-19.09792338108022
49.550000000000004	-19.136517453518444
49.56	-14.209485756206957
49.57	-10.894013032273678
49.58	-10.4454364550025
49.59	-10.230639300703285
49.6	-9.754562280947988
49.61	-10.224652725502743
49.620000000000005	-9.463292708005284
49.63	-10.970516050855283
49.64	-9.980383608544374
49.65	-14.00284914842676
49.660000000000004	-11.1836243345127
49.67	-9.971361810706854
49.68	-17.564537946111287
49.69	-19.555062822371834
49.7	-18.886994904569864
49.71	-16.601325527022578
49.72	-13.112603870275109
49.730000000000004	-14.024278218590233
49.74	-14.928819940775824
49.75	-21.864906290627783
49.76	-20.401368255200342
49.77	-16.85612247990938
49.78	-15.59118055154163
49.79	-15.307444420388485
49.800000000000004	-13.281253658109808
49.81	-10.007092948285443
49.82	-6.185356115913804
49.83	-4.149007294195265
49.84	-4.473793565575514
49.85	-7.09626391204319
49.86	-6.674288005834505
49.870000000000005	-7.065058673148126
49.88	-9.069554797381537
49.89	-9.410653032416612
49.9	-13.982113017968837
49.910000000000004	-10.875487308914312
49.92	-10.620590282801041
49.93	-9.21620309894678
49.94	-10.69143405644772
49.95	-15.198452561224762
49.96	-12.471583135728231
49.97	-14.99537411730434
49.980000000000004	-17.102643588966178
49.99	-20.17885397951086
50.0	-23.295321402107874
50.01	-29.32800076532635
50.02	-28.475443909996187
50.03	-24.354783244376836
50.04	-26.084539472955143
50.050000000000004	-22.3151735496595
50.06	-21.249002198366057
50.07	-24.372234803649658
50.08	-20.70502432416443
50.09	-23.825851296112557
50.1	-25.684954942497658
50.11	-22.771851594067645
50.120000000000005	-22.313183317360014
50.13	-26.28111521634425
50.14	-22.372387891568973
50.15	-17.543504112746852
50.160000000000004	-13.725819473339284
50.17	-16.609966990264503
50.18	-19.70277579799199
50.19	-16.770073120173137
50.2	-21.55566333343698
50.21	-27.13447637276736
50.22	-28.61288157421056
50.230000000000004	-27.434873698883205
50.24	-20.80749653658126
50.25	-18.071766930789224
50.26	-16.590127154312004
50.27	-16.105171059476927
50.28	-23.266212933913835
50.29	-28.859209399502816
50.300000000000004	-24.25411667920131
50.31	-23.784831859856396
50.32	-25.630028640430552
50.33	-23.9520335865697
50.34	-20.333842709286685
50.35	-24.185858776026024
50.36	-35.49627318938929
50.370000000000005	-29.76393907485093
50.38	-31.617743102668875
50.39	-26.755148134470126
50.4	-23.81557605000392
50.410000000000004	-23.91967286642331
50.42	-30.018468302060946
50.43	-30.474280190769328
50.44	-28.053236275025956
50.45	-22.385513145328048
50.46	-21.294627929600487
50.47	-29.53118434782117
50.480000000000004	-26.051898662526913
50.49	-30.279521948987156
50.5	-27.04568247925617
50.51	-23.886090382455006
50.52	-19.101058950541034
50.53	-16.87667870257942
50.54	-14.290408452291564
50.550000000000004	-14.201375594739403
50.56	-13.747414898971616
50.57	-15.327848022583826
50.58	-15.175621635618139
50.59	-14.762944973940197
50.6	-22.153389169728875
50.61	-25.680787995723726
50.620000000000005	-22.003500690455926
50.63	-18.736756297023966
50.64	-14.917936434996498
50.65	-16.54315250700735
50.660000000000004	-13.007625049846396
50.67	-12.686323167071144
50.68	-13.713171247329539
50.69	-15.853674710935422
50.7	-14.537727893524256
50.71	-11.750350763275796
50.72	-9.735182248931661
50.730000000000004	-9.52952552054144
50.74	-13.372456379731426
50.75	-12.345550110800376
50.76	-17.05588840791271
50.77	-22.819557322570635
50.78	-17.7647045486701
50.79	-14.311589169757955
50.800000000000004	-11.919550811697913
50.81	-17.554342217049175
50.82	-17.712761576435945
50.83	-25.989480622723903
50.84	-21.023364372913147
50.85	-16.55250613873247
50.86	-14.443721382490125
50.870000000000005	-11.631048129438371
50.88	-12.31345384129136
50.89	-13.138884436815976
50.9	-14.5011616345095
50.910000000000004	-12.272600151957313
50.92	-14.032350181702764
50.93	-15.20902943456762
50.94	-16.797549144914257
50.95	-21.251638289637306
50.96	-18.324878411352287
50.97	-17.659561823673503
50.980000000000004	-20.044472558682738
50.99	-15.295819971902112
51.0	-17.194238754908408
51.01	-20.768651621637357
51.02	-24.478960749758297
51.03	-24.46008131220587
51.04	-19.920872485888093
51.050000000000004	-15.88920891912389
51.06	-12.876606058718659
51.07	-11.24139347136682
51.08	-7.592844279603891
51.09	-6.9491092883391445
51.1	-10.310015412812678
51.11	-9.712093748652373
51.120000000000005	-8.296475506351534
51.13	-9.431382766584349
51.14	-14.650950028337412
51.15	-18.836884639367657
51.160000000000004	-21.279104206157914
51.17	-16.017903917375666
51.18	-22.270410283969255
51.19	-24.17439746874817
51.2	-24.795304736191056
51.21	-26.729547115191227
51.22	-25.81788606966855
51.230000000000004	-25.19033590906688
51.24	-22.221034214433217
51.25	-21.9557318097024
51.26	-18.86002673718573
51.27	-15.100901937956838
51.28	-12.697350516139924
51.29	-18.04624849722202
51.300000000000004	-16.007314823469454
51.31	-14.989803496557002
51.32	-13.411057692168686
51.33	-10.894526432842902
51.34	-16.39488864851093
51.35	-13.886154545627475
51.36	-12.517270209198074
51.370000000000005	-13.140731114160682
51.38	-13.687259225109317
51.39	-11.54897630923616
51.4	-16.925222248373085
51.410000000000004	-14.231646838929656
51.42	-13.929545394061185
51.43	-10.50935764013682
51.44	-9.647205573859491
51.45	-7.598707744691149
51.46	-8.436675249117343
51.47	-14.581168419579953
51.480000000000004	-17.960032076500447
51.49	-19.96407051478327
51.5	-19.445768707559306
51.51	-28.578616204849045
51.52	-27.140797657429683
51.53	-27.76519140506461
51.54	-23.322394373816863
51.550000000000004	-17.376656897618954
51.56	-21.28778218078331
51.57	-17.34654508741255
51.58	-18.320370279804113
51.59	-18.475249984100188
51.6	-18.18995797691855
51.61	-18.273182239806477
51.620000000000005	-18.342543787607994
51.63	-15.965922396859767
51.64	-17.73994271138965
51.65	-13.685921329673633
51.660000000000004	-11.678399900274927
51.67	-12.053203308062079
51.68	-10.692716143784734
51.69	-10.951926429502084
51.7	-9.311004792944598
51.71	-12.909418535693607
51.72	-13.052594268654028
51.730000000000004	-20.9811337050681
51.74	-15.715898945566305
51.75	-12.607296214950956
51.76	-10.745587901035982
51.77	-11.103954756578261
51.78	-13.725434864861942
51.79	-23.30287282578111
51.800000000000004	-22.101563637170628
51.81	-22.746617784198687
51.82	-25.476073337353586
51.83	-24.6211296257194
51.84	-19.930581669300857
51.85	-19.04368833641214
51.86	-17.712037606016096
51.870000000000005	-14.397173094773894
51.88	-11.125379110312515
51.89	-10.867718635640548
51.9	-11.67623877430187
51.910000000000004	-8.002777109480334
51.92	-9.669521761493433
51.93	-17.315032911876184
51.94	-17.61185288047484
51.95	-14.025338564433303
51.96	-17.167675372133786
51.97	-16.434405592838832
51.980000000000004	-13.114745627243103
51.99	-11.168076175443217
52.0	-12.738836821371907
52.01	-16.09343392915111
52.02	-12.380365559327586
52.03	-12.6194625354839
52.04	-15.259149553926644
52.050000000000004	-15.669499166420845
52.06	-18.567706137825233
52.07	-18.21775243756834
52.08	-18.73633662167483
52.09	-20.00944122187219
52.1	-26.241087112868964
52.11	-30.087484007755737
52.120000000000005	-28.297354135722678
52.13	-26.517669643990157
52.14	-24.436213989584754
52.15	-19.753954358554235
52.160000000000004	-16.095406883823234
52.17	-15.120463944302816
52.18	-15.462714951983719
52.19	-13.37206782426484
52.2	-9.269752100590187
52.21	-11.340880644714439
52.22	-11.974866650914533
52.230000000000004	-10.911454224969944
52.24	-19.220084715427337
52.25	-29.84916797052508
52.26	-28.962971534517518
52.27	-25.14165876817307
52.28	-21.46398344534667
52.29	-18.760617606050626
52.300000000000004	-15.322061570372393
52.31	-17.9251968362477
52.32	-15.047341791053345
52.33	-12.163127663599392
52.34	-11.863515094561073
52.35	-10.82064664999423
52.36	-11.481887459461825
52.370000000000005	-16.554928098733537
52.38	-17.17849398034681
52.39	-15.484205119788202
52.4	-14.316478619277314
52.410000000000004	-12.76034393680106
52.42	-13.625222146037867
52.43	-21.6484285378373
52.44	-22.380080908786475
52.45	-18.983462662335096
52.46	-15.235009032001901
52.47	-21.295061845579244
52.480000000000004	-22.242353247323734
52.49	-22.07259343190173
52.5	-17.06006389133119
52.51	-16.998652446411214
52.52	-15.217651855125785
52.53	-11.9616919222142
52.54	-12.056951408052173
52.550000000000004	-14.925104025802634
52.56	-15.449329346615519
52.57	-12.424619338504499
52.58	-14.452874175329315
52.59	-13.29202674952917
52.6	-12.26406210620044
52.61	-8.20923893460993
52.620000000000005	-9.016433979839107
52.63	-8.98532235206097
52.64	-14.123857535110547
52.65	-15.987052424027048
52.660000000000004	-20.118832011400205
52.67	-15.250464173069131
52.68	-12.883718378334493
52.69	-11.981961553133418
52.7	-12.75780527875946
52.71	-12.582650083562639
52.72	-10.361155487818861
52.730000000000004	-14.65015647583487
52.74	-11.992622264388196
52.75	-10.33339684760505
52.76	-11.507823019362712
52.77	-16.44851724550831
52.78	-16.384954913913983
52.79	-12.80614656750595
52.800000000000004	-13.577428675112529
52.81	-12.300967849447987
52.82	-10.591218365084568
52.83	-11.37210972436387
52.84	-10.836458902198505
52.85	-12.31924657648382
52.86	-15.569781657302851
52.870000000000005	-11.914701913539169
52.88	-10.46507822471386
52.89	-13.930151339933618
52.9	-12.62766312587582
52.910000000000004	-12.8505664153945
52.92	-13.34826764708941
52.93	-13.031496074044728
52.94	-11.029574966302595
52.95	-9.351165643538161
52.96	-13.506158994028123
52.97	-14.011216552795789
52.980000000000004	-15.647613555275099
52.99	-13.351387266167183
53.0	-12.360412961804542
53.01	-11.797905931760898
53.02	-20.398414124478524
53.03	-25.346616286349093
53.04	-24.51282154649111
53.050000000000004	-19.623736465121162
53.06	-14.993937691917546
53.07	-11.024724875524987
53.08	-8.248119223615777
53.09	-9.571106224655399
53.1	-9.646183056266127
53.11	-11.930525335780988
53.120000000000005	-8.187770836263617
53.13	-3.2666325198988675
53.14	-5.176653286628723
53.15	-5.634545044925076
53.160000000000004	-9.675048337035415
53.17	-16.635878898108786
53.18	-25.544350477814845
53.19	-20.472464279296734
53.2	-16.753516148135663
53.21	-13.909764174371388
53.22	-15.44101456304221
53.230000000000004	-13.566021024125748
53.24	-10.90455153530273
53.25	-8.243082046479715
53.26	-6.3650502783127365
53.27	-4.54590084774474
53.28	-2.726751417178033
53.29	-4.314124661155695
53.300000000000004	-4.755378189744268
53.31	-1.8195273894569706
53.32	-4.927843748078577
53.33	-8.672365428830142
53.34	-8.374120453976355
53.35	-7.547676811418079
53.36	-7.541372596890201
53.370000000000005	-13.577738276659494
53.38	-19.988360844425937
53.39	-19.746577346924127
53.4	-20.0777869650894
53.410000000000004	-21.04070230822264
53.42	-24.891099070649968
53.43	-20.858356431245973
53.44	-18.601261435839447
53.45	-19.942127162409086
53.46	-19.326002391026254
53.47	-18.153999199537534
53.480000000000004	-19.662930734828898
53.49	-19.999284600926494
53.5	-15.499748431519548
53.51	-14.350592504675632
53.52	-12.156116723838046
53.53	-12.783229966785996
53.54	-20.068087326508138
53.550000000000004	-17.398313830726583
53.56	-14.609621147219157
53.57	-12.36867465330528
53.58	-10.966029840067751
53.59	-12.584769111430264
53.6	-12.615245787211585
53.61	-15.47381601075364
53.620000000000005	-22.452460608841868
53.63	-20.179773280653233
53.64	-19.488360771889592
53.65	-26.06644452023597
53.660000000000004	-26.394725911250482
53.67	-26.09828542605873
53.68	-26.584093843863894
53.69	-21.309210449714456
53.7	-19.50198953017831
53.71	-15.37266977298831
53.72	-12.82540067251361
53.730000000000004	-15.301206883881141
53.74	-11.851158743074116
53.75	-9.06623818017319
53.76	-10.968837005095438
53.77	-12.312394327466981
53.78	-6.982579878837742
53.79	-8.745401911911012
53.800000000000004	-6.1071132134711394
53.81	-8.577894491250564
53.82	-9.243474063295242
53.83	-12.387823193683756
53.84	-9.823303026541794
53.85	-8.92355370270339
53.86	-7.014691239663536
53.870000000000005	-14.734198605440152
53.88	-21.899464460882204
53.89	-18.24095864647725
53.9	-16.568126462162404
53.910000000000004	-16.834239182797717
53.92	-15.992007101612266
53.93	-13.576434484159675
53.94	-15.085651223042031
53.95	-10.954731128839487
53.96	-9.491015377264604
53.97	-9.48868825047872
53.980000000000004	-4.947873704239435
53.99	-1.7430120994336225
54.0	-2.4609645767964743
54.01	-4.971204482223682
54.02	-8.49126063126239
54.03	-10.493542349211177
54.04	-9.65310180313554
54.050000000000004	-11.524849585304512
54.06	-14.115975542589672
54.07	-11.482478941413309
54.08	-11.656456285628257
54.09	-13.372094183109276
54.1	-12.560423247002229
54.11	-12.922815077988519
54.120000000000005	-10.156783799646105
54.13	-9.387029179594984
54.14	-7.498555841454388
54.15	-12.704869776898667
54.160000000000004	-14.839974064995348
54.17	-20.631990441510123
54.18	-28.147059478777308
54.19	-26.29365126697647
54.2	-24.645426627076564
54.21	-24.30234015373075
54.22	-19.238532401522104
54.230000000000004	-20.65816663288159
54.24	-29.41987923880466
54.25	-25.399253943923256
54.26	-26.899017027018317
54.27	-25.61093400343853
54.28	-22.397502519873868
54.29	-24.154117920613245
54.300000000000004	-25.126953517149047
54.31	-31.47931199259748
54.32	-26.334281207694776
54.33	-21.832799517371015
54.34	-18.989626465832686
54.35	-15.582870853051764
54.36	-14.67121202129654
54.370000000000005	-13.705234708894768
54.38	-13.136643649790157
54.39	-10.565889291794283
54.4	-9.51373744380519
54.410000000000004	-9.666108718737659
54.42	-10.071392463525385
54.43	-15.044646017925297
54.44	-13.61274753481516
54.45	-19.51649582002576
54.46	-17.39208647922673
54.47	-14.651292404388354
54.480000000000004	-14.688040712046753
54.49	-14.47782775708057
54.5	-11.142291587706072
54.51	-10.587018761833912
54.52	-14.303679547209713
54.53	-12.398120971858198
54.54	-12.051679327334888
54.550000000000004	-12.686289847516267
54.56	-11.049668290551338
54.57	-11.273043822707432
54.58	-9.779445776652803
54.59	-17.08695605285907
54.6	-15.916035327150116
54.61	-16.619308678593892
54.620000000000005	-14.539497558434181
54.63	-18.479209177227226
54.64	-25.321185125574175
54.65	-21.482960604421592
54.660000000000004	-17.255005793565793
54.67	-18.902946825163294
54.68	-16.034257132201944
54.69	-13.597908231555238
54.7	-11.55972205435862
54.71	-14.014316420681588
54.72	-18.307411836943817
54.730000000000004	-14.466747421812324
54.74	-11.544098386318858
54.75	-10.6949466886184
54.76	-12.200450409430326
54.77	-10.539347097235778
54.78	-13.375157667667198
54.79	-16.776678041111236
54.800000000000004	-17.59798175299468
54.81	-13.41113632407763
54.82	-18.6274865372894
54.83	-16.688363869260975
54.84	-14.050014089460902
54.85	-12.511785575864554
54.86	-9.098040821569743
54.870000000000005	-13.020003829557588
54.88	-10.540951474219632
54.89	-7.710488842964121
54.9	-10.527248296531894
54.910000000000004	-10.310539029828778
54.92	-15.322480163980588
54.93	-17.620240269374342
54.94	-16.43827601068194
54.95	-28.86283329992851
54.96	-26.906675084398707
54.97	-22.202291938774273
54.980000000000004	-21.0017699804663
54.99	-19.851803423994383
55.0	-15.489160985877108
55.01	-17.841822915176603
55.02	-26.885780930550315
55.03	-26.529588461251233
55.04	-25.637430564523793
55.050000000000004	-20.586493087469243
55.06	-23.99095992281689
55.07	-26.0815297926575
55.08	-20.2092642858336
55.09	-16.27700124563825
55.1	-21.327085208252033
55.11	-18.153338935121386
55.120000000000005	-28.347959964022774
55.13	-27.19860717644717
55.14	-22.14773007471779
55.15	-19.573060124852397
55.160000000000004	-25.02549110124845
55.17	-25.10292234685093
55.18	-20.231969756850138
55.19	-19.07506454237129
55.2	-19.410857113631668
55.21	-15.649276252875527
55.22	-11.887695392119387
55.230000000000004	-8.789482373760471
55.24	-5.790826246844821
55.25	-6.293759527980428
55.26	-5.926255314149553
55.27	-5.432920285364579
55.28	-2.750621636605995
55.29	0.5734881919471607
55.300000000000004	3.2880559145100774
55.31	4.635781571143478
55.32	0.045721271429612395
55.33	2.481185011977897
55.34	5.62180383048052
55.35	4.4092635181234705
55.36	3.176466026068301
55.370000000000005	1.2799434175238498
55.38	-0.39193699613124383
55.39	0.8030242009836536
55.4	6.352996009230138
55.410000000000004	6.268971544787013
55.42	12.38155514192203
55.43	10.417081783368882
55.44	17.180721085889562
55.45	12.902460504258146
55.46	8.652378920855364
55.47	12.056988799222937
55.480000000000004	11.178041768612294
55.49	6.178376609226192
55.5	6.842780251611934
55.51	5.282467943008343
55.52	3.768429803577169
55.53	6.48489388336274
55.54	5.21096350127073
55.550000000000004	2.851967404229967
55.56	0.5695457145742399
55.57	-2.827893278219111
55.58	-9.694320021428505
55.59	-7.651081536500685
55.6	-6.796792835832374
55.61	-6.903622628105913
55.620000000000005	-6.384254527975194
55.63	-2.637819138852354
55.64	1.2922013575881788
55.65	0.5156943152748028
55.660000000000004	0.02931655948892353
55.67	-2.7198236572339476
55.68	-2.5356080313920666
55.69	0.16255363978994355
55.7	-1.4758365091936496
55.71	-2.312533831804987
55.72	0.7151798393770347
55.730000000000004	-3.0004198484169073
55.74	-8.992063279777271
55.75	-9.249515171608993
55.76	-8.123712095180055
55.77	-7.933700764115545
55.78	-6.857703888503018
55.79	-8.389234590800406
55.800000000000004	-11.141473658953533
55.81	-12.604130194311809
55.82	-12.842073955573174
55.83	-13.246477840410547
55.84	-13.658841027690125
55.85	-9.865215831814613
55.86	-9.504355293644828
55.870000000000005	-8.491990553862156
55.88	-8.324573352889018
55.89	-9.301188207039605
55.9	-13.355615714805296
55.910000000000004	-13.811173317852845
55.92	-12.52181564115648
55.93	-11.4542410178441
55.94	-10.400539100263108
55.95	-9.419398327894479
55.96	-9.838891192436302
55.97	-8.912297414054082
55.980000000000004	-8.767983063355803
55.99	-8.889478628816228
56.0	-10.838023371252174
56.01	-9.88988598339145
56.02	-7.721779945079169
56.03	-8.879110886520406
56.04	-8.017681287141851
56.050000000000004	-13.222269793160018
56.06	-14.71412378445726
56.07	-13.818941593313937
56.08	-10.791674027584412
56.09	-11.474641810003893
56.1	-9.003278377555217
56.11	-6.489009263686653
56.120000000000005	-7.799965626111792
56.13	-4.928894671516463
56.14	-6.149647728673171
56.15	-6.831615304125701
56.160000000000004	-9.041357616454086
56.17	-10.45023602929034
56.18	-9.712305531125365
56.19	-9.475544235633102
56.2	-9.097066944516923
56.21	-6.887295555280322
56.22	-9.747006527997787
56.230000000000004	-14.170351966613735
56.24	-11.09793425742274
56.25	-7.500186715136321
56.26	-7.223183540407016
56.27	-5.354869517371921
56.28	-9.394707945094007
56.29	-8.886309774408598
56.300000000000004	-9.26934777534693
56.31	-5.85136659275731
56.32	-7.374405460965087
56.33	-9.33695082251409
56.34	-7.967448574852336
56.35	-6.690115880935825
56.36	-6.170504394812963
56.370000000000005	-5.275873948566785
56.38	-4.706274766465869
56.39	-3.9847706646972987
56.4	-6.980578857409869
56.410000000000004	-8.439691880908754
56.42	-7.982970234438183
56.43	-5.552565338219403
56.44	-4.969279456990766
56.45	-6.090008871780449
56.46	-6.8131895149505475
56.47	-4.640537605431925
56.480000000000004	-3.1642953303055803
56.49	-3.45240656256875
56.5	-2.2142075307225735
56.51	0.4174587640892347
56.52	0.21247786619544512
56.53	5.496702792085922
56.54	7.84352431347682
56.550000000000004	13.002849653855616
56.56	11.746609230988822
56.57	13.951435782116938
56.58	15.855671280384827
56.59	15.200470670205094
56.6	14.73096531936228
56.61	15.251534437406344
56.620000000000005	16.33790975208349
56.63	23.881011565498895
56.64	18.584307393304645
56.65	13.818976496986783
56.660000000000004	12.464495872611968
56.67	12.44817851928304
56.68	15.083951828845585
56.69	11.092757820095294
56.7	10.594004775658561
56.71	11.388121764398697
56.72	9.36729109151213
56.730000000000004	8.49082253175349
56.74	17.418851251472226
56.75	14.211079922799133
56.76	13.799081318250368
56.77	11.619581153761398
56.78	10.577652921142706
56.79	11.862416703482124
56.800000000000004	12.598093251289285
56.81	10.9151312632776
56.82	13.057553961039261
56.83	23.40256742705547
56.84	21.162943037292948
56.85	17.399330957468095
56.86	13.329189239697143
56.870000000000005	11.627053598395085
56.88	9.568226822538533
56.89	14.262780579827599
56.9	12.416771077202439
56.910000000000004	16.41903691079512
56.92	15.05123262301555
56.93	14.084949478702026
56.94	15.650797362905141
56.95	22.036761363795744
56.96	19.780892895439784
56.97	22.46475915360587
56.980000000000004	17.802974521202017
56.99	15.672811651219137
57.0	15.772644657062282
57.01	17.301555127973742
57.02	17.117389503325487
57.03	13.231203297569685
57.04	10.98750515629968
57.050000000000004	13.009319267561404
57.06	16.62287184123945
57.07	16.57791824973606
57.08	16.037933726802912
57.09	18.817614309700605
57.1	21.048518298945275
57.11	19.279694633335062
57.120000000000005	17.423735797366586
57.13	16.152291748589757
57.14	14.88582438607314
57.15	11.528410298084967
57.160000000000004	10.851825843278291
57.17	10.113256553466549
57.18	9.757170772836039
57.19	10.59806187536328
57.2	9.151673689500159
57.21	7.701066252358251
57.22	15.377079175628518
57.230000000000004	20.21528238436393
57.24	21.230501762495564
57.25	18.35350401333542
57.26	16.307853628839535
57.27	18.8008752078982
57.28	21.114545011963227
57.29	22.79617688814295
57.300000000000004	19.596734630924388
57.31	18.349727541203375
57.32	17.25256104065516
57.33	16.373271125879935
57.34	18.151772024059717
57.35	22.06076627471126
57.36	21.339630777880764
57.370000000000005	20.245973425407914
57.38	20.1983647680537
57.39	20.61573424679892
57.4	19.72738245208484
57.410000000000004	24.2884171559549
57.42	20.58977764759858
57.43	15.947615907830743
57.44	12.061195474504974
57.45	14.02813967965447
57.46	10.86756240063024
57.47	9.193394442136592
57.480000000000004	10.710545163461893
57.49	10.644302907451308
57.5	8.533582640953352
57.51	13.921245555710696
57.52	10.519044508951007
57.53	7.3899587024649005
57.54	5.436775444023839
57.550000000000004	7.172440855958119
57.56	2.187212645539558
57.57	2.2144014076706577
57.58	0.5125122124499014
57.59	3.942865272260915
57.6	2.887726400599507
57.61	0.9454293298329418
57.620000000000005	-0.5982239101619251
57.63	2.872154752980015
57.64	1.1474392035790573
57.65	-0.40258778639349835
57.660000000000004	-1.0680906652686584
57.67	-0.24327534204562842
57.68	-4.843276717239871
57.69	-6.3952681013341115
57.7	-9.13274592553211
57.71	-10.498956697634041
57.72	-9.421920936736441
57.730000000000004	-8.635723095135718
57.74	-6.560536366882318
57.75	-6.692948206378178
57.76	-6.52533470671806
57.77	-8.310282458773091
57.78	-6.6574572739590385
57.79	-5.221910198640024
57.800000000000004	-9.086018710662712
57.81	-13.09051270757574
57.82	-17.787675272429535
57.83	-21.00785220545658
57.84	-21.505662919976796
57.85	-24.036366896602193
57.86	-19.319869365536576
57.870000000000005	-27.924940334552094
57.88	-23.02088598640767
57.89	-18.099702808024166
57.9	-14.41962535187795
57.910000000000004	-16.144611251854947
57.92	-16.139327795219856
57.93	-17.66033845328325
57.94	-15.770105357721306
57.95	-17.697046030651386
57.96	-15.5496785535718
57.97	-13.062829282816331
57.980000000000004	-9.544056147516637
57.99	-5.3642421881395705
58.0	-8.796484631601968
58.01	-13.80165165638597
58.02	-15.638821600294358
58.03	-11.214605893816035
58.04	-10.563853987519234
58.050000000000004	-10.614721427479697
58.06	-10.628671621157247
58.07	-9.798658387193155
58.08	-12.285042968735453
58.09	-15.72512181358507
58.1	-21.86442739286063
58.11	-18.48183961587296
58.120000000000005	-17.379145066628855
58.13	-14.404654456139273
58.14	-15.083906043051051
58.15	-19.76583607912804
58.160000000000004	-20.99604802086963
58.17	-21.470422564685208
58.18	-17.568920026642243
58.19	-22.20754197895747
58.2	-19.394217223348345
58.21	-16.12023808879953
58.22	-14.451183166913522
58.230000000000004	-14.122659857487655
58.24	-11.387401527765839
58.25	-9.259108270063981
58.26	-10.593755182059061
58.27	-9.068589809257817
58.28	-10.800124782984863
58.29	-8.387276970805866
58.300000000000004	-11.039948726334837
58.31	-9.293712586852257
58.32	-11.155809444857425
58.33	-7.898298581499435
58.34	-4.846097552975041
58.35	-11.191930162683548
58.36	-8.660660598669804
58.370000000000005	-13.028618165080788
58.38	-10.333917373945713
58.39	-11.615441176080882
58.4	-16.407361414885536
58.410000000000004	-16.440795671234397
58.42	-21.957512635982756
58.43	-17.590549890133428
58.44	-14.133691859377247
58.45	-16.308568566294632
58.46	-21.02289384833975
58.47	-17.88312931156753
58.480000000000004	-18.21129205600505
58.49	-17.075752275919985
58.5	-18.828800891392525
58.51	-15.287547397783813
58.52	-14.320948773125979
58.53	-11.902783845163016
58.54	-9.47735157717057
58.550000000000004	-7.930188473803662
58.56	-10.967904508844516
58.57	-8.636776435517701
58.58	-10.811951784836017
58.59	-9.084808276704745
58.6	-6.508081108444867
58.61	-5.015882469625352
58.620000000000005	-3.2040003318488877
58.63	0.04878333904748184
58.64	4.151917530646502
58.65	2.241496320312942
58.660000000000004	0.3733331456657354
58.67	-2.55850812010856
58.68	-5.290728916761678
58.69	-6.5866478441869685
58.7	-11.186835975953704
58.71	-8.250462955295706
58.72	-6.550558600259181
58.730000000000004	-9.963787373167984
58.74	-8.454845411603463
58.75	-8.85595538851433
58.76	-9.757724709319593
58.77	-7.343333985726012
58.78	-8.545244686472431
58.79	-9.68529405345391
58.800000000000004	-10.031534794801578
58.81	-11.018127225738223
58.82	-11.169809885742177
58.83	-11.822290500671185
58.84	-17.638371023748185
58.85	-14.37240499740011
58.86	-13.186458872843408
58.870000000000005	-16.51543556224121
58.88	-22.017393438793217
58.89	-23.72740956671143
58.9	-25.263660853666813
58.910000000000004	-19.22664325086302
58.92	-17.14449663575948
58.93	-18.14240700770062
58.94	-13.76830359000448
58.95	-16.62939982726551
58.96	-14.41073911552396
58.97	-18.323520586106373
58.980000000000004	-14.96797840638945
58.99	-11.710049166123802
59.0	-14.307398160964876
59.01	-29.726089448463785
59.02	-27.78810703912615
59.03	-23.9789862711721
59.04	-21.994250625875498
59.050000000000004	-26.937467774099908
59.06	-29.926326217326633
59.07	-26.945659027491867
59.08	-27.862170053210736
59.09	-29.08572833567599
59.1	-29.237301846372038
59.11	-24.3736567170053
59.120000000000005	-19.115182873164237
59.13	-14.215047452113929
59.14	-10.114184791213559
59.15	-8.28311651339585
59.160000000000004	-6.587990029540013
59.17	-6.87269476091094
59.18	-7.487802064989453
59.19	-7.832672578684288
59.2	-9.384407457217524
59.21	-10.424540697116209
59.22	-9.426015634947785
59.230000000000004	-10.878607317466129
59.24	-8.323564706939646
59.25	-5.279961442856394
59.26	-7.385571715384582
59.27	-12.011492937870871
59.28	-14.375158850320057
59.29	-12.12612370899258
59.300000000000004	-16.208231895478484
59.31	-14.161310654465423
59.32	-13.571644831461992
59.33	-12.058729495817852
59.34	-12.231225650323704
59.35	-10.361124751521412
59.36	-13.876662141295295
59.370000000000005	-15.293359503843007
59.38	-21.31994481812843
59.39	-23.58829765448727
59.4	-18.60670024726574
59.410000000000004	-15.380225188999269
59.42	-13.180925667256398
59.43	-11.652839903058913
59.44	-14.19474835471116
59.45	-15.946443120324915
59.46	-19.816101457666182
59.47	-17.813447271950608
59.480000000000004	-21.08797658509247
59.49	-18.40304607105272
59.5	-15.957043427033605
59.51	-22.684411589412854
59.52	-17.159295610578116
59.53	-13.12283845447469
59.54	-10.43594684943321
59.550000000000004	-9.303430004834572
59.56	-11.63772868786115
59.57	-13.585818993432863
59.58	-17.746497106391786
59.59	-24.2413943779904
59.6	-21.82735864750905
59.61	-19.146798499273274
59.620000000000005	-20.080150721686135
59.63	-15.78863024466946
59.64	-16.45838547162261
59.65	-16.359655902788457
59.660000000000004	-18.849107961062064
59.67	-21.597666696742543
59.68	-19.831832081077724
59.69	-21.508498646206647
59.7	-18.7356205097028
59.71	-22.06295027368839
59.72	-19.210393891287328
59.730000000000004	-17.436833439422912
59.74	-15.415424628185916
59.75	-13.262522753667064
59.76	-10.41718256961431
59.77	-10.252982376117325
59.78	-9.030881322372128
59.79	-13.187465408819245
59.800000000000004	-13.895209988649645
59.81	-10.912652840003574
59.82	-15.119808153796514
59.83	-14.103451498006217
59.84	-11.258677497067595
59.85	-10.260205139935549
59.86	-8.176568693556819
59.870000000000005	-4.499913896806024
59.88	-4.146404362811803
59.89	-4.432491251256975
59.9	-6.151756111918692
59.910000000000004	-10.062749612393677
59.92	-7.112037430534498
59.93	-5.98207529910767
59.94	-8.607388080619979
59.95	-11.065119194277598
59.96	-10.277152656160805
59.97	-16.706462140758703
59.980000000000004	-17.983908379337947
59.99	-13.648457956495044
60.0	-10.890562822925675
60.01	-7.8877380384394105
60.02	-6.563404989442438
60.03	-7.97913540842433
60.04	-8.442681099241149
60.050000000000004	-9.882703755281115
60.06	-9.098940053688969
60.07	-9.036807268639844
60.08	-12.368679112881663
60.09	-10.746879648958537
60.1	-8.088880075471781
60.11	-8.097407143672038
60.120000000000005	-6.56366178057322
60.13	-6.144625526093968
60.14	-6.859625598693171
60.15	-9.14747327826589
60.160000000000004	-6.178014346336951
60.17	-6.402528664935373
60.18	-9.317802318108466
60.19	-7.694171349176115
60.2	-9.458574783168352
60.21	-8.678782360359321
60.22	-8.951735203647127
60.230000000000004	-13.864811131360256
60.24	-19.332259775977004
60.25	-15.870664053295782
60.26	-17.799130363137984
60.27	-17.448951647137424
60.28	-14.592860333810627
60.29	-19.707977996095593
60.300000000000004	-16.302637026696782
60.31	-15.260930251993546
60.32	-13.133837003297275
60.33	-10.320551980453414
60.34	-8.626430400273271
60.35	-15.179435488942655
60.36	-17.421553591656508
60.370000000000005	-14.528626364723726
60.38	-14.228587936067282
60.39	-11.818777993515315
60.4	-12.859022804178405
60.410000000000004	-12.696778918476179
60.42	-12.627182586622373
60.43	-19.945473234809928
60.44	-20.390060483169947
60.45	-23.94425219295261
60.46	-18.398441535075342
60.47	-18.32052835900484
60.480000000000004	-16.546760672053068
60.49	-14.097026651120629
60.5	-13.307014922656455
60.51	-9.423638646936762
60.52	-11.185747756375708
60.53	-8.1613183423813
60.54	-7.072837703270321
60.550000000000004	-8.675784096503177
60.56	-11.289549326985938
60.57	-11.303705354638247
60.58	-10.706432165714645
60.59	-10.524084169453534
60.6	-10.735776606241796
60.61	-16.591476188276108
60.620000000000005	-21.746105905551012
60.63	-19.296352896327058
60.64	-19.90707742084134
60.65	-24.14408516633656
60.660000000000004	-30.80275848858111
60.67	-31.460069533555902
60.68	-26.172599230007915
60.69	-23.19797901485102
60.7	-22.899128751549817
60.71	-25.016627349490523
60.72	-23.152814547452525
60.730000000000004	-25.56548175884547
60.74	-23.980812033202536
60.75	-20.907500882224276
60.76	-19.971669603774625
60.77	-21.896776505674264
60.78	-24.251977051499075
60.79	-18.65086320183066
60.800000000000004	-15.742864443022388
60.81	-25.130205213713488
60.82	-22.67441648399985
60.83	-25.63811145343985
60.84	-20.39914578612169
60.85	-15.798247447889596
60.86	-14.924118383321542
60.870000000000005	-13.991240919914954
60.88	-14.093610885035071
60.89	-13.705394726995811
60.9	-10.325308501461533
60.910000000000004	-7.177633506365962
60.92	-5.900930885226282
60.93	-2.9258269380057182
60.94	-0.6196373807361734
60.95	-3.638041545285366
60.96	-5.187389939707804
60.97	-11.07408942968261
60.980000000000004	-9.359469275563141
60.99	-13.028924471520758
61.0	-16.704114176625275
61.01	-13.85531275691764
61.02	-14.307499443852656
61.03	-15.071696266989242
61.04	-13.298456459609126
61.050000000000004	-10.167137371957802
61.06	-7.996402496930431
61.07	-10.542480937220148
61.08	-14.40395759067277
61.09	-28.630104443627136
61.1	-21.733536970483467
61.11	-19.213350370311446
61.120000000000005	-18.603536966237936
61.13	-14.795153461365613
61.14	-14.106004299284276
61.15	-16.351952431609714
61.160000000000004	-17.4495095243124
61.17	-17.43938499923588
61.18	-17.92466183672982
61.19	-15.419059826475854
61.2	-13.072458298175224
61.21	-13.177793941047794
61.22	-11.943834378112243
61.230000000000004	-12.620615578905296
61.24	-13.277478691978219
61.25	-11.905186706014128
61.26	-10.127666804605992
61.27	-8.882382049792149
61.28	-10.468073521580514
61.29	-7.555295094462963
61.300000000000004	-4.6888383801707025
61.31	-15.163537593397603
61.32	-17.706470094984777
61.33	-22.810691399037978
61.34	-21.34648315593057
61.35	-18.77717142564854
61.36	-15.186286872449639
61.370000000000005	-16.638330760361562
61.38	-20.119846857205072
61.39	-15.605904617265411
61.4	-16.499589833514083
61.410000000000004	-16.616472234184656
61.42	-17.450836773698047
61.43	-14.327693044479123
61.44	-13.027124515840267
61.45	-12.197121020988261
61.46	-10.98435400988259
61.47	-10.524174190050053
61.480000000000004	-8.162588625799312
61.49	-4.497353485669002
61.5	-4.29546436051835
61.51	-4.046443660475339
61.52	-2.954736157047921
61.53	-2.462822571239778
61.54	-2.2888018515388464
61.550000000000004	-7.065631689913357
61.56	-9.345808297298207
61.57	-12.638811708123532
61.58	-17.516958388094757
61.59	-20.14496559405665
61.6	-15.568889483893948
61.61	-12.74041074470236
61.620000000000005	-14.264058417474851
61.63	-14.162848980988281
61.64	-10.86540123279043
61.65	-11.651706913777636
61.660000000000004	-12.395320344972221
61.67	-13.5035652458861
61.68	-16.025503676087872
61.690000000000005	-16.90868849402392
61.7	-18.235697616409077
61.71	-19.46427001876015
61.72	-18.538600542712675
61.730000000000004	-16.941562534365957
61.74	-15.916156988572927
61.75	-17.0688056174775
61.76	-17.37004508107414
61.77	-18.577992610145913
61.78	-22.670429259527687
61.79	-18.246555650790363
61.800000000000004	-15.308324549478584
61.81	-12.26344636800119
61.82	-10.669911013778501
61.83	-12.888239472267403
61.84	-9.590727194882
61.85	-8.052882002803951
61.86	-7.906104164693215
61.870000000000005	-9.18104960284325
61.88	-12.255614229756533
61.89	-12.372825228276175
61.9	-11.757656079315227
61.910000000000004	-8.97616260111061
61.92	-7.091169557800424
61.93	-7.0497889309141994
61.940000000000005	-12.242727293371809
61.95	-15.378284620411888
61.96	-14.015809120738483
61.97	-15.899385860283775
61.980000000000004	-21.385520253462243
61.99	-17.552662639345876
62.0	-17.01066021027491
62.01	-17.989640021221216
62.02	-19.78482511495969
62.03	-19.159667473162294
62.04	-21.102697479699273
62.050000000000004	-18.66509983745233
62.06	-17.644878535447948
62.07	-14.095511947113273
62.08	-12.241071292718361
62.09	-27.030300298386635
62.1	-23.610591113562734
62.11	-22.532868813208097
62.120000000000005	-17.537462060887083
62.13	-13.951084054020935
62.14	-15.598495212142796
62.15	-13.866463810750762
62.160000000000004	-10.6846107053349
62.17	-10.869176055349348
62.18	-15.436717365658465
62.190000000000005	-21.984316623168237
62.2	-17.304294366255952
62.21	-13.928253371248868
62.22	-13.477292139653711
62.230000000000004	-9.395568303787593
62.24	-6.044080408492405
62.25	-4.9889889063015005
62.26	-1.940341756947022
62.27	-1.4778560918060377
62.28	-2.8458515256498487
62.29	-1.7006437333713094
62.300000000000004	-3.0624280420188774
62.31	-7.462033670952818
62.32	-21.9903165514796
62.33	-18.91691005092459
62.34	-19.72803209194303
62.35	-18.44523542193068
62.36	-16.67186406061394
62.370000000000005	-21.003057888806726
62.38	-25.368429732579674
62.39	-23.752515419753472
62.4	-21.77281485365513
62.410000000000004	-16.460899584806292
62.42	-14.048068171773423
62.43	-14.978903280676482
62.440000000000005	-15.162540264224184
62.45	-13.566369011113867
62.46	-13.539637363286817
62.47	-11.328290557279935
62.480000000000004	-10.07440587796051
62.49	-11.370489505625894
62.5	-8.261332059845097
62.51	-4.912577763183546
62.52	-5.340580348712275
62.53	-7.492515872048684
62.54	-9.609640530090504
62.550000000000004	-12.705781251165643
62.56	-11.97432155498963
62.57	-9.341585393698805
62.58	-6.161413963457681
62.59	-6.607602630698369
62.6	-9.178254742383546
62.61	-10.777748635385791
62.620000000000005	-9.620006381123252
62.63	-10.391266866620027
62.64	-9.866100890362612
62.65	-8.616469777630103
62.660000000000004	-8.392890825542205
62.67	-11.864485407659762
62.68	-9.410673945802593
62.690000000000005	-8.49475188033852
62.7	-9.130160851812217
62.71	-11.739046049128378
62.72	-12.68631920990855
62.730000000000004	-19.333100501321002
62.74	-23.861240828210654
62.75	-25.69146844680217
62.76	-21.00473067358825
62.77	-16.765396073672445
62.78	-18.48990770080146
62.79	-18.54083858749874
62.800000000000004	-17.811138003337717
62.81	-14.853289104714834
62.82	-13.074294117097653
62.83	-12.809813194840643
62.84	-10.155364985573124
62.85	-8.585322143388302
62.86	-11.459692154824152
62.870000000000005	-10.103022586247256
62.88	-10.222555823140087
62.89	-10.46353174242325
62.9	-11.108044064263613
62.910000000000004	-14.350165994821966
62.92	-14.347393715824103
62.93	-12.186533981227072
62.940000000000005	-10.605278799946673
62.95	-10.941249385740845
62.96	-10.70068542282653
62.97	-9.56814918831129
62.980000000000004	-8.102644152514777
62.99	-6.770088590210971
63.0	-3.6700586332153837
63.01	-3.2016451867572315
63.02	-3.0263689584884643
63.03	-1.7478046915594498
63.04	-2.673940241624984
63.050000000000004	0.23522946005459672
63.06	-0.9261034297173067
63.07	-1.1936060858388
63.08	0.06770671799428624
63.09	1.653885989998204
63.1	2.1565942938235123
63.11	2.0567893388731955
63.120000000000005	-2.5397679235650643
63.13	-5.164589216590255
63.14	-4.056929534516647
63.15	-6.081187877966384
63.160000000000004	-8.74541506971217
63.17	-8.473741282240388
63.18	-9.164539411537984
63.190000000000005	-9.547270472230734
63.2	-9.652333119715406
63.21	-11.757240517210981
63.22	-9.752917686328514
63.230000000000004	-15.87794813183516
63.24	-14.220467540638204
63.25	-13.752259177320633
63.26	-14.943238761757806
63.27	-16.137640138186644
63.28	-16.1839447209668
63.29	-17.674294457425106
63.300000000000004	-17.31708416686136
63.31	-13.975092732230555
63.32	-10.504673039720217
63.33	-8.508746488704102
63.34	-7.055016829155338
63.35	-6.641241081148094
63.36	-9.24905255231457
63.370000000000005	-6.170682091422784
63.38	-5.466004715446713
63.39	-11.108175602536612
63.4	-11.148648544245653
63.410000000000004	-13.874895803841225
63.42	-14.421108069397768
63.43	-18.16526834770954
63.440000000000005	-17.592778125710023
63.45	-13.722025438620465
63.46	-13.273460746884309
63.47	-11.67158896536763
63.480000000000004	-13.39440546620541
63.49	-16.533000741451072
63.5	-23.095006652405313
63.51	-20.931849635708886
63.52	-23.027715498977976
63.53	-23.194803089967422
63.54	-29.97155637000658
63.550000000000004	-29.93414446534047
63.56	-25.43960593170119
63.57	-28.410707282102734
63.58	-26.61453396173691
63.59	-20.6705385638773
63.6	-16.712835453874238
63.61	-17.057164842972863
63.620000000000005	-14.980425258707347
63.63	-14.925895301705394
63.64	-10.971376475889477
63.65	-8.118110110923915
63.660000000000004	-6.530384808077867
63.67	-7.510828033311924
63.68	-11.210231376700747
63.690000000000005	-16.45646757663188
63.7	-17.342218441719968
63.71	-14.011404818713148
63.72	-12.997100774175925
63.730000000000004	-13.334703856547577
63.74	-15.425745344203948
63.75	-14.592889053408335
63.76	-15.932873427437475
63.77	-14.105319230330721
63.78	-12.683711374926292
63.79	-9.492797498484546
63.800000000000004	-10.934848597635725
63.81	-14.744654061992092
63.82	-23.09960081776924
63.83	-23.0844744214399
63.84	-23.869761221047572
63.85	-18.733341262661842
63.86	-18.479034376687245
63.870000000000005	-15.59245397951066
63.88	-20.717425035775765
63.89	-21.58606341781464
63.9	-17.44894390179633
63.910000000000004	-19.043794046631323
63.92	-14.364762197206868
63.93	-18.626134371502086
63.940000000000005	-14.449131572041248
63.95	-13.031138145039833
63.96	-15.279604852603049
63.97	-12.117851164326916
63.980000000000004	-11.93867469450926
63.99	-11.389519899681597
64.0	-16.48226577180807
64.01	-16.110469813853395
64.02	-16.416004736040893
64.03	-16.327407856473812
64.04	-15.839241910225837
64.05	-16.44872703011177
64.06	-14.414889037025205
64.07000000000001	-17.012656409377744
64.08	-15.312473078515026
64.09	-11.71204344669216
64.1	-9.2791960177173
64.11	-9.542074349914934
64.12	-8.683721518762136
64.13	-8.953621994102917
64.14	-7.485462340456471
64.15	-4.6813458751476835
64.16	-2.726191079105673
64.17	-2.1951566314143993
64.18	-5.445681810025115
64.19	-6.193335046418331
64.2	-8.287438817283794
64.21000000000001	-10.254837653101115
64.22	-6.464630250191162
64.23	-5.122891044201934
64.24	-6.830545204627653
64.25	-7.549249988740184
64.26	-16.069295419602287
64.27	-13.467062421427514
64.28	-22.047071799712647
64.29	-22.972122546678268
64.3	-22.619358217859368
64.31	-20.893056584782876
64.32000000000001	-21.349857287280894
64.33	-16.506319031563056
64.34	-15.225185748263629
64.35	-18.03129834238457
64.36	-19.473405570567795
64.37	-18.753663502569605
64.38	-14.569584876211382
64.39	-11.66977557763482
64.4	-14.91634613078091
64.41	-13.22395696666954
64.42	-12.803453040650242
64.43	-11.352977655475913
64.44	-13.598135868348795
64.45	-13.857574298208373
64.46000000000001	-11.249135181296744
64.47	-6.519934941630646
64.48	-8.303230448188785
64.49	-10.786935731924913
64.5	-11.729247077357122
64.51	-11.42176373633611
64.52	-15.287899125906497
64.53	-12.214696002763661
64.54	-10.222291909397537
64.55	-9.604610389648984
64.56	-10.665660613571761
64.57000000000001	-10.476226375018758
64.58	-8.894925519304012
64.59	-10.971740779999752
64.6	-14.779103932627335
64.61	-12.624436784191582
64.62	-9.727248336617352
64.63	-11.322079648886042
64.64	-11.82040085399009
64.65	-14.546178229374718
64.66	-12.387227854901617
64.67	-10.595464931052243
64.68	-11.568328373329646
64.69	-10.794285540888064
64.7	-7.75117344052265
64.71000000000001	-4.477855826126089
64.72	-3.4940720882330876
64.73	-5.867698469189547
64.74	-8.357303188432317
64.75	-9.22348242024031
64.76	-10.085427417331305
64.77	-6.0852602547807395
64.78	-4.538146305023238
64.79	-4.243310885304353
64.8	-7.894535801390087
64.81	-4.920316927651147
64.82000000000001	-6.381767536108056
64.83	-9.453823594405904
64.84	-14.239245887990732
64.85	-24.580954092039107
64.86	-19.178097432491903
64.87	-19.453036560427176
64.88	-23.86437392473651
64.89	-23.872862568422093
64.9	-24.05582967596285
64.91	-20.627578749304536
64.92	-15.271400627364253
64.93	-15.322043514875242
64.94	-21.754087565949252
64.95	-21.344325944199376
64.96000000000001	-17.70993138730356
64.97	-21.274075938685012
64.98	-25.254860492052472
64.99	-25.57899116358826
65.0	-22.99862358738273
65.01	-23.418504037997128
65.02	-22.515853676109653
65.03	-36.154666601132774
65.04	-31.790190107846712
65.05	-29.599297511888683
65.06	-27.784376279086228
65.07000000000001	-26.470311123444322
65.08	-22.456782990892286
65.09	-17.140772100672095
65.1	-16.300419408866375
65.11	-15.431475006993976
65.12	-20.56712942025843
65.13	-18.063061706424914
65.14	-16.249597605267073
65.15	-14.809947072236069
65.16	-13.889158466755317
65.17	-11.100406635296038
65.18	-9.828403563606237
65.19	-10.449311941311898
65.2	-9.605666716946429
65.21000000000001	-13.130786600787745
65.22	-10.321066897980556
65.23	-10.782003914120951
65.24	-10.305672104869984
65.25	-16.908220224994025
65.26	-13.067097770049102
65.27	-11.375578423996544
65.28	-10.216903584046609
65.29	-9.754766629725783
65.3	-11.16389605945189
65.31	-12.73614324421012
65.32000000000001	-9.776052371844488
65.33	-6.32490815160745
65.34	-2.488960869723432
65.35	-1.1056704032245264
65.36	2.4329217901925
65.37	3.3428895684823834
65.38	3.2570678627136327
65.39	3.7083625482746387
65.4	4.438531659217112
65.41	6.9376034364692964
65.42	7.527965345647885
65.43	4.52661624611216
65.44	4.372436732686344
65.45	6.801707445051142
65.46000000000001	6.185874056323296
65.47	4.830291210208478
65.48	7.081676240740647
65.49	7.542857666594827
65.5	3.7969130331269865
65.51	0.09699322080334126
65.52	-1.7495620311347007
65.53	-0.8506679178545037
65.54	-2.8640307255050024
65.55	-2.381485399664657
65.56	-2.76974399720924
65.57000000000001	-2.840740437473372
65.58	-6.222904275399072
65.59	-6.103827837053466
65.6	-4.4532456453878115
65.61	-3.2912344363992365
65.62	-2.698978615421712
65.63	-2.714713959453686
65.64	-3.5570292365405245
65.65	-5.269983865401889
65.66	-4.15027700215134
65.67	-3.7285476180123425
65.68	-5.7535318615457305
65.69	-6.0117078889153435
65.7	-8.59397903699267
65.71000000000001	-13.516144019746754
65.72	-16.477550767160714
65.73	-16.27383411261082
65.74	-15.789728609518376
65.75	-18.731422407479027
65.76	-15.353741902016946
65.77	-15.61273521903476
65.78	-13.401776102080877
65.79	-15.392532559863678
65.8	-21.116367913018255
65.81	-16.17644596018129
65.82000000000001	-12.498051001857679
65.83	-12.443853232284615
65.84	-11.66990622361566
65.85	-9.40229660325999
65.86	-6.677743328518745
65.87	-3.4103351524261134
65.88	-1.4088391526757642
65.89	-0.83504561893388
65.9	-0.8813799762367392
65.91	4.468269780654705
65.92	7.093874511846273
65.93	8.554858478343213
65.94	11.610990902417319
65.95	12.153312081487805
65.96000000000001	16.58382099851174
65.97	16.458001667062657
65.98	18.810869008008428
65.99	23.900214091539187
66.0	19.708594600585517
66.01	15.877720142988455
66.02	16.027045368508617
66.03	20.78597589837979
66.04	17.881817000608947
66.05	14.455421718759032
66.06	12.266731277186933
66.07000000000001	10.807193640176424
66.08	9.190345183692129
66.09	9.352559284276758
66.1	9.76860250765115
66.11	11.939253372003405
66.12	9.855963314471817
66.13	9.203834407982175
66.14	15.572792191279945
66.15	16.55994151983048
66.16	17.18919933341165
66.17	14.653059190934302
66.18	19.80597259289437
66.19	17.290764967868466
66.2	18.31903541364261
66.21000000000001	22.410029263254096
66.22	22.87998410903411
66.23	21.303337852460267
66.24	24.470177681896825
66.25	21.504095102365294
66.26	20.423682890803768
66.27	18.933591255106403
66.28	17.579326478815993
66.29	18.811053756621224
66.3	23.205711931885354
66.31	22.67605302311554
66.32000000000001	18.50437486931374
66.33	23.783795486004216
66.34	31.038407002186258
66.35	24.56793562134407
66.36	21.47618665837027
66.37	19.756994187598966
66.38	19.581428675167146
66.39	15.914723378741774
66.4	15.594106585792737
66.41	13.204384590109786
66.42	10.367299963168707
66.43	8.394859491031161
66.44	7.745324640823768
66.45	7.095789790615453
66.46000000000001	9.414995998667944
66.47	7.840288242973687
66.48	7.85417569924191
66.49	8.788682108033445
66.5	10.502064555695746
66.51	11.514831061905554
66.52	9.973461510202231
66.53	7.10799889863528
66.54	4.020382708876698
66.55	2.8773694916681642
66.56	1.883713984262016
66.57000000000001	7.165030685138679
66.58	9.442828496608037
66.59	6.867703732878478
66.6	9.54647368773006
66.61	13.841061200663873
66.62	17.00850879849299
66.63	17.61029518898215
66.64	13.864788984700528
66.65	11.347539286976804
66.66	10.308100359393626
66.67	7.237777538965262
66.68	8.327144685038949
66.69	9.70111331571074
66.7	11.821569779142697
66.71000000000001	10.674766203906197
66.72	11.07245654359934
66.73	10.285282513064393
66.74	13.232313846673529
66.75	11.334421327302966
66.76	20.15228116939382
66.77	19.90290638378626
66.78	17.69777176731271
66.79	15.687654625218803
66.8	24.393649477735952
66.81	23.483579954712283
66.82000000000001	21.49194526142306
66.83	25.901391528740085
66.84	19.89278934593294
66.85	21.33695632209367
66.86	21.301648270486435
66.87	21.206398114392616
66.88	25.417752998040775
66.89	23.799994682467112
66.9	20.662197622273727
66.91	22.20209856742062
66.92	22.03830403457945
66.93	21.933237577428088
66.94	17.045238957878087
66.95	12.913046404134601
66.96000000000001	16.723809579628597
66.97	13.187635930464094
66.98	12.030675683612174
66.99	8.888840597992697
67.0	6.0785158060412465
67.01	3.088426131643336
67.02	5.4847606737668615
67.03	7.685174196488316
67.04	7.715818909612645
67.05	13.222266237548821
67.06	17.130222400845373
67.07000000000001	15.75780166548456
67.08	20.052831830667245
67.09	24.677183564969106
67.1	19.189198631351683
67.11	15.674836855905644
67.12	17.835815350007543
67.13	17.078524007548964
67.14	23.14645833780791
67.15	17.83205044225703
67.16	15.537502563949054
67.17	29.163479144861633
67.18	25.88419840287744
67.19	23.357358249073375
67.2	23.694005282422555
67.21000000000001	18.500535556959147
67.22	15.915435893660531
67.23	13.51342686333678
67.24	15.155608439290646
67.25	20.10698188253182
67.26	16.45325210896483
67.27	17.48282907844369
67.28	18.100225991015115
67.29	20.0712757371116
67.3	30.353151345690204
67.31	30.487500154112816
67.32000000000001	31.42172544624028
67.33	31.882315058931226
67.34	28.219980067247022
67.35	21.87572642136664
67.36	17.34438705351388
67.37	17.085656839874275
67.38	17.271951306173833
67.39	14.073733545994335
67.4	17.98404486899841
67.41	18.490864443288803
67.42	18.86549850518399
67.43	14.820045820899846
67.44	15.54076899130845
67.45	27.065916666289837
67.46000000000001	22.437896097843762
67.47	20.302082808055353
67.48	18.39543600068229
67.49	14.776618527165203
67.5	12.418092100417923
67.51	11.410044413260893
67.52	16.137621080024594
67.53	12.615094512913734
67.54	11.933264883322467
67.55	11.417871363389553
67.56	10.747303665901422
67.57000000000001	10.23551839411197
67.58	17.036966052257913
67.59	17.947952913402027
67.6	18.082312278715197
67.61	18.870211114339632
67.62	17.977695106910197
67.63	18.44733156543563
67.64	14.692216082032008
67.65	11.62060065285369
67.66	10.86857659653272
67.67	9.816354085694424
67.68	12.047678776533315
67.69	10.060167643360815
67.7	10.43715888029181
67.71000000000001	11.457457408669429
67.72	10.588647003803027
67.73	12.145625986178938
67.74	12.260429832513081
67.75	11.829484817119909
67.76	19.089571078114076
67.77	17.440779043187554
67.78	18.675448161528404
67.79	23.608483554779035
67.8	22.213031348515475
67.81	20.03833891408058
67.82000000000001	21.402614281008706
67.83	22.234248166265495
67.84	16.635153526843503
67.85	15.793217900526127
67.86	14.445031923487901
67.87	17.224830797438837
67.88	16.65657595810079
67.89	14.189906576291204
67.9	15.648884595922452
67.91	18.683314775863785
67.92	19.615692235102102
67.93	18.585589224370246
67.94	15.183550378517689
67.95	14.00130885189765
67.96000000000001	17.75651618108539
67.97	18.376997913132453
67.98	18.54658769257048
67.99	22.577352161085425
68.0	24.502423407148438
68.01	26.83497799900292
68.02	24.770273110904512
68.03	21.308240964456434
68.04	23.570684955034363
68.05	22.792852233344327
68.06	18.316679698537847
68.07000000000001	14.291196562360964
68.08	12.096232348351705
68.09	9.810348376577547
68.1	12.195932920192242
68.11	18.5563657900122
68.12	14.640161705828495
68.13	13.672210015847451
68.14	15.519207679399615
68.15	15.254188539489348
68.16	12.653526468322452
68.17	9.285328469698683
68.18	9.821134351856296
68.19	9.355695649435148
68.2	7.184785747267102
68.21000000000001	7.836363905802206
68.22	9.552079860831014
68.23	21.52571810583762
68.24	17.68982896414838
68.25	26.030105089928803
68.26	26.83663569585171
68.27	26.579773365828085
68.28	23.081215937107388
68.29	18.591296098239518
68.3	18.933891417908807
68.31	20.768077757701214
68.32000000000001	24.164159932081002
68.33	20.0349542547239
68.34	17.797882646967118
68.35000000000001	27.49418827655242
68.36	26.07156394257412
68.37	24.93770574844832
68.38	22.792691943631688
68.39	24.09582283698636
68.4	27.126775467899908
68.41	31.282558065479964
68.42	35.76349220113027
68.43	27.426538585929435
68.44	23.490862027515895
68.45	24.687786218793374
68.46000000000001	25.905885859729928
68.47	25.69675866310108
68.48	20.10397490418135
68.49	15.584840213591574
68.5	15.942048471671116
68.51	14.117106422662216
68.52	11.16924224834049
68.53	8.862802316559456
68.54	7.270637414975536
68.55	3.6630665310474106
68.56	1.613538107830509
68.57000000000001	7.282514176456969
68.58	12.061864206750124
68.59	12.507055777353026
68.60000000000001	10.623876517149725
68.61	10.44559563749626
68.62	8.517775270291196
68.63	9.346908921928032
68.64	9.37101354880227
68.65	9.170567610009973
68.66	14.834213302727226
68.67	13.50793622467272
68.68	15.00513310607636
68.69	17.29646559755272
68.7	14.608420899698048
68.71000000000001	16.910405433007803
68.72	13.762017619765247
68.73	11.999180326114857
68.74	9.065807235392311
68.75	6.326616942515018
68.76	5.764045019601131
68.77	7.93881263413637
68.78	12.153181503450263
68.79	15.755668238971882
68.8	16.098667760808983
68.81	25.3785621049328
68.82000000000001	28.829919254067665
68.83	29.298595587795397
68.84	22.947316685966236
68.85000000000001	17.91834234156047
68.86	20.646645080560635
68.87	20.0698583427108
68.88	26.888724549210316
68.89	24.363173243178476
68.9	19.375372090413002
68.91	15.66028909400047
68.92	18.49386374914145
68.93	19.786409592672836
68.94	17.004331964581844
68.95	16.75993743297039
68.96000000000001	20.602930069576882
68.97	18.698154611081325
68.98	16.264844468885034
68.99	16.484194693633466
69.0	15.471959840401981
69.01	14.519189085723566
69.02	19.587067008994904
69.03	30.718488717673974
69.04	28.12357833933393
69.05	28.57208210357907
69.06	22.249367807473867
69.07000000000001	17.473331740731556
69.08	17.90786500368606
69.09	21.600012329812362
69.10000000000001	21.952750053125694
69.11	20.136403490808714
69.12	28.306371003661365
69.13	23.28349012168166
69.14	18.175773958025946
69.15	20.26107345096133
69.16	15.69898201740998
69.17	15.422109078355694
69.18	20.73544611358675
69.19	14.436943846792005
69.2	23.801745634743032
69.21000000000001	24.100593513662897
69.22	25.994768761185842
69.23	29.16047590294734
69.24	24.596280126771955
69.25	19.816137526394897
69.26	17.09715335987886
69.27	22.750352055097725
69.28	24.797399440509214
69.29	30.072971175765606
69.3	23.461199664200755
69.31	19.907451577757996
69.32000000000001	15.663056053436481
69.33	14.901331262553331
69.34	17.144002732939292
69.35000000000001	13.227009785869514
69.36	12.789007244055059
69.37	11.234401375951855
69.38	10.90893655135307
69.39	11.790125512568421
69.4	12.569747938168083
69.41	10.266661368233347
69.42	10.16899264603662
69.43	8.99014208962718
69.44	7.655913138478221
69.45	5.585324668396326
69.46000000000001	6.44669206206213
69.47	9.917570490070078
69.48	12.73304438513762
69.49	11.756512378482459
69.5	11.241423816361026
69.51	12.09765572113631
69.52	18.364506535456968
69.53	18.168446559692452
69.54	20.826870031273618
69.55	15.956471488058076
69.56	14.633320264302988
69.57000000000001	22.435561877204986
69.58	16.881301987558142
69.59	13.140273851070694
69.60000000000001	13.548376183160155
69.61	11.472922451417142
69.62	11.825894588388415
69.63	10.266211232687239
69.64	8.424224335695019
69.65	9.06434694167629
69.66	5.857286442944156
69.67	3.0450432378878114
69.68	9.941116121688719
69.69	9.362120927739435
69.7	12.21221820180084
69.71000000000001	10.090594656248424
69.72	8.641681553767699
69.73	11.406228339675739
69.74	10.714426758033156
69.75	18.72481427136248
69.76	17.21734586931788
69.77	13.893769278904676
69.78	12.20532646008495
69.79	12.182431646360152
69.8	12.193707108184192
69.81	13.261009205987625
69.82000000000001	13.244248176438255
69.83	19.738536637425646
69.84	16.351130380420607
69.85000000000001	15.669501052718175
69.86	13.7242873160506
69.87	9.494995341434263
69.88	8.525757603544255
69.89	6.897022960596148
69.9	5.781889720822881
69.91	5.4393667715864025
69.92	4.596951569160016
69.93	1.6193054088657426
69.94	4.588107121380625
69.95	4.008676790201279
69.96000000000001	5.723022756617677
69.97	4.830236139327191
69.98	6.4224323374517915
69.99	4.915645564775132
70.0	0.248201010075143
70.01	-2.0383837004017336
70.02	-1.9654163214731446
70.03	-3.545981555450558
70.04	-2.389061831462185
70.05	-7.774753851199282
70.06	-4.689465966239138
70.07000000000001	-5.481885636613968
70.08	-8.477860999777938
70.09	-8.486666038279306
70.10000000000001	-7.834575781531108
70.11	-7.2778864774247625
70.12	-7.512516165406855
70.13	-5.779507505518622
70.14	-10.632257635551372
70.15	-16.703119591194252
70.16	-13.195267718231058
70.17	-12.21871544727866
70.18	-10.326952959911354
70.19	-11.506880931805636
70.2	-12.644191619767032
70.21000000000001	-15.858187627304229
70.22	-12.484689545935252
70.23	-11.227658775933781
70.24	-12.038806767260205
70.25	-9.387176689727093
70.26	-7.514159004791601
70.27	-6.2566653721184995
70.28	-8.884536970525108
70.29	-10.19325033736385
70.3	-8.359357606127798
70.31	-7.117542332744803
70.32000000000001	-6.475773185777192
70.33	-6.916731014412524
70.34	-6.540314295755654
70.35000000000001	-11.1244059945331
70.36	-10.7158734749012
70.37	-11.943081967565444
70.38	-13.524184667017634
70.39	-12.439261038219055
70.4	-15.885131490028888
70.41	-16.91155979937998
70.42	-13.6968434938077
70.43	-11.046025580486061
70.44	-10.3114507255102
70.45	-14.957616074642873
70.46000000000001	-26.49939831694942
70.47	-30.131629851251265
70.48	-31.23777607812574
70.49	-27.225091085694938
70.5	-23.707662288997728
70.51	-22.096025563526975
70.52	-18.702184315301043
70.53	-15.093606182810806
70.54	-15.686050341575976
70.55	-14.236299827333157
70.56	-14.190866497267214
70.57000000000001	-14.023398810569228
70.58	-15.946158128277535
70.59	-15.659459058885663
70.60000000000001	-13.930997977209259
70.61	-18.442811994052843
70.62	-21.266393869628907
70.63	-19.158967549325865
70.64	-20.688424036809856
70.65	-20.84392641623101
70.66	-16.49882768845783
70.67	-12.330073084395384
70.68	-8.514866815278602
70.69	-8.618469573671826
70.7	-8.884748887893245
70.71000000000001	-8.922323636193768
70.72	-8.825951786170094
70.73	-7.972051204937428
70.74	-8.157276167804739
70.75	-8.7293324436159
70.76	-6.8006321288376945
70.77	-9.799674578907867
70.78	-9.703480255496919
70.79	-9.110913660075703
70.8	-11.74083426240637
70.81	-11.244122824407826
70.82000000000001	-8.65437132077368
70.83	-8.487263572096536
70.84	-12.435615134408643
70.85000000000001	-9.991876052005418
70.86	-10.950161208863202
70.87	-12.214916895111608
70.88	-15.326138473972867
70.89	-19.04051626186637
70.9	-21.050375245162996
70.91	-17.70132219247476
70.92	-15.368444302598041
70.93	-12.182414320415607
70.94	-11.609542200810138
70.95	-17.898621984059538
70.96000000000001	-24.039455890927545
70.97	-18.71500017609256
70.98	-16.835041309818074
70.99	-18.04746495444092
71.0	-14.662898592436363
71.01	-17.052078071161827
71.02	-17.35346539451571
71.03	-16.31780221192097
71.04	-14.037558521609007
71.05	-13.196782002820592
71.06	-13.010427568990362
71.07000000000001	-11.33660466097621
71.08	-8.947812052024855
71.09	-8.321434534994776
71.10000000000001	-7.67968539037703
71.11	-4.674509778945039
71.12	-7.170635014722214
71.13	-12.880722282331392
71.14	-13.12704082044056
71.15	-10.51152737075308
71.16	-10.072954641330808
71.17	-8.896186953169455
71.18	-7.271286434702751
71.19	-10.587256607026058
71.2	-11.634709739398883
71.21000000000001	-13.136819277241631
71.22	-10.176152601500224
71.23	-8.38629134587481
71.24	-7.584440718446486
71.25	-7.071469249232893
71.26	-9.914605830575386
71.27	-13.866751815304314
71.28	-14.986533777726589
71.29	-15.52760841020601
71.3	-19.72078553655917
71.31	-15.746288806280242
71.32000000000001	-13.70645121353346
71.33	-16.31228773692442
71.34	-17.354852214877535
71.35000000000001	-20.86629217258132
71.36	-16.2198316501039
71.37	-13.814061948500612
71.38	-13.398618495157764
71.39	-11.55749613547046
71.4	-10.479824121731983
71.41	-11.28002225994805
71.42	-13.788539879187795
71.43	-13.158697133812188
71.44	-13.924108505763508
71.45	-13.808571195541644
71.46000000000001	-9.942484766539797
71.47	-7.90687756810722
71.48	-7.890273814658285
71.49	-5.345692405058526
71.5	-0.23149339224677828
71.51	-1.6405866250398176
71.52	-5.358222920456792
71.53	-4.724722862162223
71.54	-12.395053556500844
71.55	-15.23959080918888
71.56	-19.843860534183126
71.57000000000001	-17.644795043534103
71.58	-20.16061452054936
71.59	-20.483931710563493
71.60000000000001	-15.897766228593042
71.61	-18.756103175407823
71.62	-23.480077948696643
71.63	-21.79243535601494
71.64	-22.18460941119566
71.65	-17.970768454229216
71.66	-16.705615078207835
71.67	-15.91556185370713
71.68	-15.130111467470721
71.69	-14.431050151568678
71.7	-13.094958713795657
71.71000000000001	-18.291050686760148
71.72	-15.264690116037645
71.73	-16.200680489289866
71.74	-16.997649722847004
71.75	-13.275187131221916
71.76	-9.701526903307112
71.77	-7.4190061685118165
71.78	-8.271278498257114
71.79	-9.70016606254165
71.8	-11.485487679728699
71.81	-11.04076587052156
71.82000000000001	-14.339449313939836
71.83	-14.808048734192006
71.84	-21.712165481639644
71.85000000000001	-16.920442330412605
71.86	-13.781351774446387
71.87	-12.582515035024427
71.88	-20.50246547043349
71.89	-20.8078937999268
71.9	-16.75037295348341
71.91	-14.942034395057137
71.92	-12.761457386732985
71.93	-15.513199181183003
71.94	-14.26639636674091
71.95	-12.251542485735369
71.96000000000001	-10.574400035052262
71.97	-10.000704904397747
71.98	-13.552526495803905
71.99	-15.519795806065758
72.0	-21.67997198976635
72.01	-20.276468444143333
72.02	-18.544820169547283
72.03	-18.17692305103973
72.04	-15.217457645925863
72.05	-12.16827693514388
72.06	-9.082196258170848
72.07000000000001	-9.787314188890695
72.08	-7.213193876460226
72.09	-4.48109279027617
72.10000000000001	-3.154849767993697
72.11	-3.9851262637214573
72.12	-5.632958148426915
72.13	-4.944338862757077
72.14	-4.780077492485604
72.15	-7.600249766322961
72.16	-5.8217889160453185
72.17	-6.402168758624036
72.18	-5.018618800372588
72.19	-0.9119075220132878
72.2	-0.8234882700925088
72.21000000000001	-1.0945478133256044
72.22	1.0781169857434738
72.23	0.46347562449890234
72.24	2.0100537630005193
72.25	1.7486158078893226
72.26	4.372839510790356
72.27	4.354355319310109
72.28	2.261742068797296
72.29	-0.6857074107932386
72.3	-4.433705940660036
72.31	-6.596842944148837
72.32000000000001	-2.2847194977690446
72.33	0.31421369947337885
72.34	1.9340610870229316
72.35000000000001	0.5751384303328727
72.36	1.7051268589663526
72.37	1.3755293738932195
72.38	-0.6018551886777178
72.39	-0.9805221814953549
72.4	0.21717672309591268
72.41	-3.3223913036491823
72.42	-6.3506099455498894
72.43	-6.5211245315730215
72.44	-5.575756047324083
72.45	-6.5842037311591675
72.46000000000001	-4.392796729706591
72.47	-4.599927613161531
72.48	-6.255685201735012
72.49	-15.499664513234865
72.5	-12.266766997018854
72.51	-14.343567628184827
72.52	-11.370034897252777
72.53	-12.060014784015326
72.54	-11.073484419428217
72.55	-11.651630678855144
72.56	-11.125488192642614
72.57000000000001	-13.960949115416238
72.58	-13.433505793403059
72.59	-11.08252044394348
72.60000000000001	-11.550238830086169
72.61	-9.97151052821104
72.62	-10.749198125446306
72.63	-12.621450773132304
72.64	-11.957907703711983
72.65	-13.64622881761593
72.66	-13.145091277412952
72.67	-11.601718013265439
72.68	-11.841151221417238
72.69	-11.67151268645749
72.7	-14.380246663746222
72.71000000000001	-13.152620704969006
72.72	-9.529474867655491
72.73	-10.711174319097369
72.74	-7.005947348272126
72.75	-3.744951024741927
72.76	-6.7465309711675845
72.77	-8.310023966831032
72.78	-16.639622144645678
72.79	-13.290694918402163
72.8	-12.545556910071227
72.81	-12.034046735678068
72.82000000000001	-14.46917691831818
72.83	-13.143015648186479
72.84	-12.592679307015928
72.85000000000001	-21.227902407879387
72.86	-19.63325376236476
72.87	-15.057911686498503
72.88	-12.185796212236562
72.89	-17.313639569471096
72.9	-13.665940275601436
72.91	-11.51043323443254
72.92	-10.638603843479668
72.93	-13.418395699623057
72.94	-14.076348642706245
72.95	-19.410605128547996
72.96000000000001	-19.152024637600395
72.97	-18.511924118312393
72.98	-14.583673421187264
72.99	-12.151696313351078
73.0	-10.544056733005219
73.01	-18.189788556035595
73.02	-14.678234000918385
73.03	-10.163611737009749
73.04	-14.268688145433547
73.05	-20.404141548467923
73.06	-19.770054773741098
73.07000000000001	-23.66641590363976
73.08	-27.605273623919995
73.09	-27.973481683664946
73.10000000000001	-25.891611281198404
73.11	-22.614351148744717
73.12	-22.951200132943924
73.13	-26.758261608784437
73.14	-21.003549851033643
73.15	-20.96505429534446
73.16	-27.29857837335152
73.17	-30.525063754790317
73.18	-23.898912341527605
73.19	-20.310087992559044
73.2	-17.746505407261946
73.21000000000001	-17.743757229596554
73.22	-14.463523761875141
73.23	-11.625993920901456
73.24	-10.462783272739914
73.25	-10.177712861410017
73.26	-8.946481115910265
73.27	-12.903479236656121
73.28	-12.047308938465159
73.29	-13.212452404957737
73.3	-10.100719734087049
73.31	-7.910636093159913
73.32000000000001	-7.199909166580159
73.33	-6.693209841729355
73.34	-6.896538837930803
73.35000000000001	-6.743345623715405
73.36	-5.508981130614309
73.37	-2.791329635586294
73.38	-6.276068195485557
73.39	-8.725553617851531
73.4	-8.362432877595403
73.41	-5.701105832802991
73.42	-6.1213073248719025
73.43	-10.031481094075621
73.44	-10.55753883821139
73.45	-9.50778768954574
73.46000000000001	-9.21156486162175
73.47	-8.689635530385377
73.48	-8.03172468972348
73.49	-7.211302228437505
73.5	-4.587882773150684
73.51	-8.465075922398174
73.52	-9.445338376400928
73.53	-9.781594924149195
73.54	-13.960556823561031
73.55	-14.19012559911329
73.56	-13.811761547794301
73.57000000000001	-15.308257501349088
73.58	-11.707133663422885
73.59	-11.109089144587216
73.60000000000001	-15.427643335108543
73.61	-21.517756641099993
73.62	-21.56094390592164
73.63	-29.149957897302603
73.64	-24.619386853156108
73.65	-23.397958094686885
73.66	-17.930084152920024
73.67	-15.68775116763154
73.68	-12.415425533490282
73.69	-9.944984380433313
73.7	-8.393429171513517
73.71000000000001	-8.3525817218799
73.72	-15.293816143769169
73.73	-13.963471598020035
73.74	-16.151957049716444
73.75	-12.94888449168671
73.76	-11.76990421661176
73.77	-11.840884209116513
73.78	-9.718771632685906
73.79	-6.928583758345404
73.8	-4.604084443181851
73.81	-8.648283990530992
73.82000000000001	-5.273601489922609
73.83	-4.867346117400588
73.84	-4.878504892763779
73.85000000000001	-3.025786072443497
73.86	-4.905454495407861
73.87	-9.29220510893654
73.88	-8.803487267626458
73.89	-9.856397709300651
73.9	-9.298054333135324
73.91	-12.090893499321568
73.92	-24.73768656371249
73.93	-19.33894964810939
73.94	-17.20962456616463
73.95	-16.33737236303804
73.96000000000001	-18.313702632686585
73.97	-19.17845173695434
73.98	-17.690896227773493
73.99	-17.631425105022696
74.0	-24.109510298620748
74.01	-22.103357137804846
74.02	-19.346387221922853
74.03	-14.923544924987704
74.04	-20.387702917016792
74.05	-17.89419767028071
74.06	-14.889401250879928
74.07000000000001	-13.746070361271949
74.08	-14.117803861083424
74.09	-18.469172291756923
74.10000000000001	-14.65211914678749
74.11	-15.029879633298643
74.12	-13.686206797170955
74.13	-11.98210064474158
74.14	-11.08063668490246
74.15	-13.035961590426314
74.16	-22.183818877294517
74.17	-22.574483422267942
74.18	-21.521315140663493
74.19	-18.95453726489897
74.2	-18.989939114318442
74.21000000000001	-15.405362122645302
74.22	-13.114517678107347
74.23	-13.895700732522418
74.24	-25.6174277096452
74.25	-23.364758346760873
74.26	-19.38455626592549
74.27	-21.284040954138394
74.28	-26.223039958145012
74.29	-24.059646483113973
74.3	-20.445882071765638
74.31	-17.622296598428555
74.32000000000001	-16.59612484790079
74.33	-18.559673880857957
74.34	-18.20872290454541
74.35000000000001	-14.286692792555868
74.36	-12.952138717033016
74.37	-12.25822012445514
74.38	-9.731011596425205
74.39	-6.864836868253893
74.4	-8.745403242012678
74.41	-7.603249327699191
74.42	-8.261797823393882
74.43	-7.7632708330661195
74.44	-8.235117901348307
74.45	-5.086700136634258
74.46000000000001	-5.803244170448439
74.47	-4.773157590341649
74.48	-3.030089001498846
74.49	-2.9456189062101044
74.5	-6.77821781970436
74.51	-6.227426169189281
74.52	-9.580187449509708
74.53	-14.518869664823908
74.54	-23.679814824031666
74.55	-22.17434407081085
74.56	-18.585437781756315
74.57000000000001	-18.134911083289456
74.58	-14.02164414698447
74.59	-13.923937348707996
74.60000000000001	-12.018999058026779
74.61	-10.038408443176696
74.62	-11.226588981049321
74.63	-12.621386564419828
74.64	-17.319667254691243
74.65	-17.833032564821863
74.66	-15.467274734240483
74.67	-13.448761910011712
74.68	-12.962984272369821
74.69	-13.451997544851402
74.7	-10.97719973476976
74.71000000000001	-9.692608221998881
74.72	-9.384375320921166
74.73	-16.23837912304957
74.74	-16.2593180253046
74.75	-19.29612791379936
74.76	-21.88957063863758
74.77	-17.206189186795967
74.78	-16.299412056352324
74.79	-12.574795384579367
74.8	-9.66565685949915
74.81	-9.089145165928462
74.82000000000001	-7.411613297136706
74.83	-8.841602082990864
74.84	-8.435355296899335
74.85000000000001	-6.530756635270309
74.86	-7.418789802413645
74.87	-11.305324989900374
74.88	-12.096342236323588
74.89	-10.7660557639343
74.9	-11.266603962027679
74.91	-9.215184681854488
74.92	-13.55723244998778
74.93	-15.817131851366428
74.94	-14.000752169211289
74.95	-10.987726697868936
74.96000000000001	-11.541840043489078
74.97	-9.662166250845537
74.98	-13.14979135562671
74.99	-15.03519054141652
75.0	-13.236680909209575
75.01	-18.476311959982727
75.02	-17.0697291866311
75.03	-18.779288561965934
75.04	-14.392539185962457
75.05	-11.026892152470808
75.06	-8.653021658226528
75.07000000000001	-10.53980346926072
75.08	-10.721206897841972
75.09	-15.91369790221972
75.10000000000001	-24.218313782816924
75.11	-23.98192056307107
75.12	-19.76315659154241
75.13	-16.91704237724554
75.14	-13.040906877790325
75.15	-11.368248695778728
75.16	-9.57309976797697
75.17	-12.830010539306908
75.18	-18.29935284699324
75.19	-14.275923366877173
75.2	-15.555584976484607
75.21000000000001	-18.543558570636478
75.22	-18.135915403661564
75.23	-25.256774770052502
75.24	-19.407203166064438
75.25	-15.882914192371771
75.26	-12.275472076995117
75.27	-9.869125032172795
75.28	-8.779963691944587
75.29	-13.137264572953258
75.3	-24.451413678441536
75.31	-22.268863060722303
75.32000000000001	-25.232412677260402
75.33	-19.696389038628997
75.34	-17.136182706562835
75.35000000000001	-18.863986773289017
75.36	-23.29315417379222
75.37	-22.39334606380473
75.38	-27.58736385358139
75.39	-25.460805462012573
75.4	-22.693634718622764
75.41	-22.69928634517123
75.42	-20.633326836301553
75.43	-18.767048690919992
75.44	-15.619518071780513
75.45	-12.98501004708769
75.46000000000001	-15.965420896464753
75.47	-29.822562955517373
75.48	-32.31987087247451
75.49	-27.08798981077647
75.5	-24.121795274164125
75.51	-19.7336203188466
75.52	-21.425616697095396
75.53	-17.265448091117108
75.54	-13.742847114548331
75.55	-10.955116457845918
75.56	-11.075718548273718
75.57000000000001	-12.316369541647914
75.58	-11.216865298775259
75.59	-12.575878263753879
75.60000000000001	-11.91046295678437
75.61	-9.749013770604051
75.62	-7.926509792109974
75.63	-8.044425971212915
75.64	-11.729323663998468
75.65	-20.015573291004213
75.66	-19.618789032122592
75.67	-18.66536204422907
75.68	-16.15352850567671
75.69	-14.356267200304407
75.7	-27.11862166733686
75.71000000000001	-21.578487452067286
75.72	-17.718591927034733
75.73	-20.383500797671164
75.74	-17.527002246206116
75.75	-16.22268168407204
75.76	-16.750558441512176
75.77	-19.995840355858473
75.78	-19.92258545381294
75.79	-23.267290593653776
75.8	-19.077369584919186
75.81	-16.126433811885597
75.82000000000001	-18.09375148275565
75.83	-19.618757221391057
75.84	-15.424630072483387
75.85000000000001	-16.242280366827114
75.86	-12.452065063808123
75.87	-12.564256747734351
75.88	-11.50070144865946
75.89	-11.866062851757896
75.9	-17.206193836426014
75.91	-19.064143465876196
75.92	-17.785422741732017
75.93	-14.344056358847572
75.94	-14.646747995620107
75.95	-23.160819513450164
75.96000000000001	-22.702186875206916
75.97	-23.771562356529692
75.98	-17.138071203195704
75.99	-13.972304420039952
76.0	-11.766701405028417
76.01	-10.288976986490646
76.02	-8.97324639835578
76.03	-9.903273773332984
76.04	-8.85463671184939
76.05	-8.220313588010178
76.06	-5.296741518783743
76.07000000000001	-6.845768421327789
76.08	-7.509718375585118
76.09	-6.981508248552862
76.10000000000001	-5.32389140827379
76.11	-1.5497924187353145
76.12	1.587407140069448
76.13	-2.7801561928921625
76.14	-8.003866285725008
76.15	-18.10003666288034
76.16	-17.65115398613894
76.17	-22.83776048629374
76.18	-22.390008282291745
76.19	-22.657806096567825
76.2	-24.027178880664145
76.21000000000001	-22.326174260896153
76.22	-27.99854879052616
76.23	-22.82410862337809
76.24	-20.233753864822614
76.25	-15.868739908502496
76.26	-14.336089228446815
76.27	-17.98568005855047
76.28	-17.46375713655657
76.29	-20.25933750508026
76.3	-18.725815763668713
76.31	-14.036215090760061
76.32000000000001	-22.22634519832384
76.33	-18.10671573260782
76.34	-23.978500335442966
76.35000000000001	-23.931093813351474
76.36	-20.678553265078246
76.37	-33.13804415245224
76.38	-31.550844175031976
76.39	-27.466844318087258
76.4	-28.14961015200722
76.41	-21.68038508152584
76.42	-17.35401738335532
76.43	-21.227890598612422
76.44	-29.58792704386779
76.45	-26.261619310043915
76.46000000000001	-21.926643254951703
76.47	-20.205221514436715
76.48	-22.54279169713111
76.49	-19.9146826382926
76.5	-21.456810972186034
76.51	-18.11947159230557
76.52	-27.33717449869875
76.53	-27.326461618356724
76.54	-29.876559263274725
76.55	-26.33083192456681
76.56	-22.561342450439728
76.57000000000001	-19.932088493723633
76.58	-17.058701331815005
76.59	-13.546201316345313
76.60000000000001	-10.343637519693743
76.61	-9.487379541949391
76.62	-6.99750689572298
76.63	-6.652428728102107
76.64	-9.606347526783113
76.65	-10.147724807435843
76.66	-12.278416082640037
76.67	-13.06385538097806
76.68	-16.087731709705885
76.69	-16.542016564294467
76.7	-14.32218339860428
76.71000000000001	-19.85614868413712
76.72	-15.954000047157464
76.73	-17.00667644143246
76.74	-17.513486990015792
76.75	-20.184279601800768
76.76	-24.115447831447412
76.77	-25.471715932036414
76.78	-19.986761785495975
76.79	-18.11302021833034
76.8	-17.586314582402004
76.81	-15.677224498736297
76.82000000000001	-19.16447305191747
76.83	-15.263243414898877
76.84	-15.031848620467814
76.85000000000001	-13.06702451755685
76.86	-13.554823093422467
76.87	-14.74100729223107
76.88	-12.04549000110116
76.89	-11.626655220388068
76.9	-13.498069297603916
76.91	-13.055360173217375
76.92	-20.856981789164447
76.93	-18.964201806287644
76.94	-15.208235765492185
76.95	-14.422387678014676
76.96000000000001	-15.217756300517348
76.97	-16.187889965816154
76.98	-17.045342757821512
76.99	-22.205072162743257
77.0	-18.88797226765791
77.01	-18.863428024647458
77.02	-17.053491331172374
77.03	-16.006178275653806
77.04	-13.065113020840199
77.05	-10.26879757643167
77.06	-8.227554828860743
77.07000000000001	-7.153156526272094
77.08	-6.45737906728221
77.09	-6.172021158646597
77.10000000000001	-7.360214968022704
77.11	-8.839319518051967
77.12	-8.94989896960886
77.13	-16.569042442287085
77.14	-19.288141205771165
77.15	-20.896299136636774
77.16	-17.247657854659273
77.17	-12.886701132273267
77.18	-18.26503323695613
77.19	-14.405424718966415
77.2	-14.188437716624868
77.21000000000001	-18.553051901194898
77.22	-17.09768933803527
77.23	-21.10834969429015
77.24	-17.72777763592756
77.25	-19.93638622362352
77.26	-17.77820495621284
77.27	-14.001677925886339
77.28	-14.032194933247299
77.29	-12.759013636055098
77.3	-12.47059181103521
77.31	-16.057350084314542
77.32000000000001	-13.424584057873354
77.33	-14.87070633458903
77.34	-15.81590259260876
77.35000000000001	-12.71308068250143
77.36	-10.33840125278399
77.37	-8.732531631827907
77.38	-6.956278876945848
77.39	-9.963505255614068
77.4	-10.084643947379998
77.41	-11.624099993620531
77.42	-9.804235640057156
77.43	-13.513422480133674
77.44	-10.173746327666496
77.45	-11.757877713125815
77.46000000000001	-13.081180738569465
77.47	-15.350700579159515
77.48	-12.354153026101233
77.49	-14.015072367197847
77.5	-12.628015424266469
77.51	-12.18537957185186
77.52	-9.857515667135994
77.53	-8.26240976010012
77.54	-5.615733429359335
77.55	-7.684515166226218
77.56	-11.935000875411353
77.57000000000001	-9.950234332299386
77.58	-8.830823330878628
77.59	-7.679361644089326
77.60000000000001	-5.00752491106825
77.61	-8.697444039536489
77.62	-10.538815162954448
77.63	-11.208007637182858
77.64	-10.290231871712441
77.65	-9.857841291956795
77.66	-7.8933610616049785
77.67	-5.2734326263610285
77.68	-2.2282129263667794
77.69	-1.812566453951893
77.7	0.5226561061604675
77.71000000000001	0.4537494609258631
77.72	2.872015005098558
77.73	3.6813421806991697
77.74	2.914358385546212
77.75	2.3001425835698504
77.76	5.61902620631223
77.77	8.957034437163157
77.78	6.2109165475079715
77.79	6.2778011041751105
77.8	9.318997778411289
77.81	13.297353798688334
77.82000000000001	17.575600198418577
77.83	16.555930964397394
77.84	18.22493802072241
77.85000000000001	25.39684415191501
77.86	27.71696332791831
77.87	24.466186686847287
77.88	21.70868863345467
77.89	20.038702777793684
77.9	20.68129810389605
77.91	20.938954813164493
77.92	16.350951571223284
77.93	15.152452609709274
77.94	12.296029332860257
77.95	13.64643351159591
77.96000000000001	11.59088475315308
77.97	9.305641013223392
77.98	6.513069822815325
77.99	7.411192048521374
78.0	6.0975577169874215
78.01	3.978361953838473
78.02	4.277823586050269
78.03	4.577285218262491
78.04	4.265485891155255
78.05	3.8134615658976583
78.06	3.31705033322386
78.07000000000001	4.8573123119794674
78.08	1.7561812382023936
78.09	3.1810316331977964
78.10000000000001	7.7328198609610626
78.11	8.400463928797253
78.12	8.672303449878127
78.13	9.692323398399576
78.14	6.728154855663209
78.15	5.366185092243152
78.16	4.384609296646221
78.17	3.6957867297207243
78.18	4.149893518917695
78.19	9.689884182975153
78.2	17.011814201507597
78.21000000000001	20.27635029336436
78.22	15.807490250212496
78.23	13.55866519516788
78.24	18.070858822358485
78.25	22.498783447242598
78.26	17.90825214645484
78.27	15.710703973334518
78.28	17.05166957861259
78.29	21.425920031152412
78.3	18.41309893927832
78.31	15.797218667534567
78.32000000000001	12.814418036743044
78.33	11.54600826820859
78.34	13.295290971358163
78.35000000000001	13.980057330844527
78.36	13.797628539344629
78.37	13.39229950053342
78.38	13.97630917063716
78.39	15.200936815469719
78.4	16.35481911135663
78.41	21.398882538472854
78.42	17.8682762660957
78.43	19.072809347599204
78.44	15.058664993671528
78.45	24.033062281600458
78.46000000000001	20.184716716625612
78.47	17.68980573354737
78.48	17.34641319419441
78.49	15.163987617011523
78.5	12.144010769626679
78.51	12.335625317422737
78.52	15.657677718530502
78.53	11.92586577405933
78.54	15.846159587489593
78.55	17.933216220127566
78.56	16.556601831508953
78.57000000000001	13.042400351006528
78.58	12.2253180252149
78.59	11.401256208535639
78.60000000000001	17.524448476511356
78.61	17.367441152243806
78.62	17.206696283135717
78.63	13.910554081640408
78.64	12.142785270330204
78.65	9.0808336019366
78.66	10.375911493282636
78.67	10.226600402258684
78.68	10.89687154294568
78.69	8.557019311172628
78.7	10.950515304880343
78.71000000000001	12.776848526123272
78.72	10.060032310814556
78.73	9.15297171169345
78.74	11.22545487221262
78.75	9.925458461483123
78.76	13.094443458241413
78.77	12.402003348690094
78.78	10.558281622557361
78.79	12.640295185305263
78.8	9.744765610952681
78.81	8.327766063627585
78.82000000000001	7.765532392149376
78.83	7.822311051967228
78.84	7.6114582328749645
78.85000000000001	9.193888442841642
78.86	10.606448172684871
78.87	9.504806856034913
78.88	7.908653984014918
78.89	6.136020116645912
78.9	1.8697169176266788
78.91	-0.4602048349486109
78.92	2.4400921426194415
78.93	4.948995924115597
78.94	4.643426441155032
78.95	4.726122052260155
78.96000000000001	7.276751735354488
78.97	14.949067288176838
78.98	14.964623404953677
78.99	14.902489843479144
79.0	13.636795502669727
79.01	21.94984793011094
79.02	20.999265069472774
79.03	18.260471165730298
79.04	14.917220577439863
79.05	12.231013883675645
79.06	16.921799429921297
79.07000000000001	25.577780486570965
79.08	21.275995090873064
79.09	19.342557407000573
79.10000000000001	31.728104381624775
79.11	31.926128355158713
79.12	27.620154926602478
79.13	27.31037208516549
79.14	28.104362026713506
79.15	22.068923259225343
79.16	17.337207117035707
79.17	17.644224359980953
79.18	16.432470767601284
79.19	22.39805461216572
79.2	24.05495926718915
79.21000000000001	26.760431868997152
79.22	25.379549786061276
79.23	20.7229277785724
79.24	16.218688827117887
79.25	17.117021714729475
79.26	13.512602352497462
79.27	11.472785448559508
79.28	15.577268118120577
79.29	19.481518954082972
79.3	16.623425458864382
79.31	15.304997760971112
79.32000000000001	11.684271914617277
79.33	10.42664394737375
79.34	8.046639694853562
79.35000000000001	11.529509076916835
79.36	18.58853480302977
79.37	16.54436947842698
79.38	13.46770242741243
79.39	14.690814399489225
79.4	12.568403665929567
79.41	12.848508984850048
79.42	16.397112458761573
79.43	15.540911379336524
79.44	13.570394430768483
79.45	19.394733296429678
79.46000000000001	22.94278452310017
79.47	21.050808449885512
79.48	20.84272882442402
79.49	21.26926219516344
79.5	24.377590746515647
79.51	22.977290652725625
79.52	17.807043377866098
79.53	16.749740870551427
79.54	16.11974590868874
79.55	17.56758965394526
79.56	22.028501735538775
79.57000000000001	23.757385031237753
79.58	29.411255174240825
79.59	28.38381149575523
79.60000000000001	24.769732367750716
79.61	23.864487305537917
79.62	20.94541480067425
79.63	15.971304901840064
79.64	14.826804210362642
79.65	11.245936065439949
79.66	12.28700138075951
79.67	10.225658158669805
79.68	10.752141194309045
79.69	9.651885880885862
79.7	10.958399880758524
79.71000000000001	20.404823095368915
79.72	18.85431026912959
79.73	21.496646642769896
79.74	26.16599917865683
79.75	24.608522626700122
79.76	19.934347545872637
79.77	18.66936912621499
79.78	22.924240365957804
79.79	17.71443118421686
79.8	13.51748822413664
79.81	12.425034911654317
79.82000000000001	17.200095402145916
79.83	15.711048330943196
79.84	12.961748876359854
79.85000000000001	13.739692630144763
79.86	18.17008066710088
79.87	19.728428556237276
79.88	20.474927189520443
79.89	18.59670323312463
79.9	18.361970129642025
79.91	18.1446977431151
79.92	18.13511979999322
79.93	18.554166013747775
79.94	17.96774608957777
79.95	19.938832485326905
79.96000000000001	16.754850496531787
79.97	14.540589220152759
79.98	28.29104223074837
79.99	30.035678565501698
80.0	31.1037911752784
80.01	27.613128329653424
80.02	27.9692373284001
80.03	29.965242394622084
80.04	26.95383064994057
80.05	27.31059770360325
80.06	21.257788392764574
80.07000000000001	16.2167837373317
80.08	12.633119725192614
80.09	11.828227524378532
80.10000000000001	11.723355502457808
80.11	15.663884109414337
80.12	16.842354832586718
80.13	13.056624364936564
80.14	11.308778072167446
80.15	11.379956779987303
80.16	14.157832429804701
80.17	16.798889531194277
80.18	18.055498450808535
80.19	13.719669990248114
80.2	13.7041023412101
80.21000000000001	15.99338686268962
80.22	16.36321832924758
80.23	20.360944475343334
80.24	22.382895352737304
80.25	18.390229215164062
80.26	14.273647283285527
80.27	10.514438676001573
80.28	9.210907728599079
80.29	6.925957385110723
80.3	8.259286942742929
80.31	5.451335670686099
80.32000000000001	9.317566180456128
80.33	9.134368626888557
80.34	10.272841285347281
80.35000000000001	5.631651548421186
80.36	5.6403056066601875
80.37	6.062199919291116
80.38	3.238553123472931
80.39	2.551267245294695
80.4	5.228451942115019
80.41	9.50014686998066
80.42	10.652307899637448
80.43	13.476937664002932
80.44	11.610524350957313
80.45	14.15567223777711
80.46000000000001	10.871396673971201
80.47	12.0524124974391
80.48	15.30241880492307
80.49	25.130929212862167
80.5	22.923039056380254
80.51	20.30479355772259
80.52	15.723816074615835
80.53	12.253410098811411
80.54	12.518669043303552
80.55	10.497926602357992
80.56	10.587364868951662
80.57000000000001	10.665151521229513
80.58	18.80185241744255
80.59	20.301590020124078
80.60000000000001	21.204207471543363
80.61	17.22476174294739
80.62	18.636357444472633
80.63	19.64425648663028
80.64	15.875053431740433
80.65	17.6924814937087
80.66	14.511172306983651
80.67	11.731435494764781
80.68	11.466516709513348
80.69	14.203391084908734
80.7	13.029173168052889
80.71000000000001	9.994055745843543
80.72	12.62319907699023
80.73	14.80455606005175
80.74	13.262093108302546
80.75	16.963395604436702
80.76	18.529991127555927
80.77	18.629176249685578
80.78	23.501717544473635
80.79	22.044751135667493
80.8	19.77796230192042
80.81	20.064517936144718
80.82000000000001	18.79708819428853
80.83	17.721305094021268
80.84	16.268475550924595
80.85000000000001	18.13707391705251
80.86	20.307022048510635
80.87	33.2742918800924
80.88	27.34722605999592
80.89	23.535793953881235
80.9	23.579728620599393
80.91	18.40730270653167
80.92	14.644507293845342
80.93	11.851656053561415
80.94	12.18608380504451
80.95	16.17838256832904
80.96000000000001	16.309772492149662
80.97	12.469670223867347
80.98	9.627863190683716
80.99	8.180421872280835
81.0	8.297718193165313
81.01	5.329235618789477
81.02	6.266670655506883
81.03	9.217177499580085
81.04	10.762655852306667
81.05	9.83437605467982
81.06	12.238250483846493
81.07000000000001	16.551399231194438
81.08	18.835510123912993
81.09	21.661920640473745
81.10000000000001	18.985716337010622
81.11	18.822386384078214
81.12	22.792450760217548
81.13	23.57113785996943
81.14	25.087723298054776
81.15	24.37706677036073
81.16	20.7526639710772
81.17	17.66106629950082
81.18	18.04136104074247
81.19	19.74638529615957
81.2	25.54839572198663
81.21000000000001	19.93999025227418
81.22	22.289035622726768
81.23	20.79006477927942
81.24	18.713213256038106
81.25	19.296719996627562
81.26	15.771407283351706
81.27	12.314324498484853
81.28	14.707348797539153
81.29	12.136948182809508
81.3	12.601427328665832
81.31	9.236593453533347
81.32000000000001	9.8106792604707
81.33	12.356119860610825
81.34	11.697805473295999
81.35000000000001	14.773769516299856
81.36	14.186738361629335
81.37	10.911502874523347
81.38	8.99331452857591
81.39	9.604146931898393
81.4	10.358132324600486
81.41	8.996760689427614
81.42	6.764960379060066
81.43	5.72503417386249
81.44	5.569483854862833
81.45	11.990759769672774
81.46000000000001	14.824274503186775
81.47	14.850440190353956
81.48	18.87557961349251
81.49	18.054995907950428
81.5	13.778628577974436
81.51	13.979568426692863
81.52	25.866988238186394
81.53	25.3056820873497
81.54	31.59254957741257
81.55	30.385766888752517
81.56	28.734314106089972
81.57000000000001	23.202541819497153
81.58	19.210693491437265
81.59	17.543671705738525
81.60000000000001	17.98327060790055
81.61	14.893715751286294
81.62	10.808399648551873
81.63	14.173077683923744
81.64	12.355324908076222
81.65	21.01569390567439
81.66	16.32554448104678
81.67	13.7601705486957
81.68	13.383680221619233
81.69	16.251424869151315
81.7	13.489083940167783
81.71000000000001	13.557833646161516
81.72	23.494563909105437
81.73	27.24675045798354
81.74	23.37579777229191
81.75	18.707981938226155
81.76	18.435098943576165
81.77	13.950190142043105
81.78	10.312360702521847
81.79	17.456783316122582
81.8	24.3561614892954
81.81	20.288470380231825
81.82000000000001	20.35313328700109
81.83	21.85582718221135
81.84	19.589482467247365
81.85000000000001	21.257210668503795
81.86	20.55867842087269
81.87	23.692674523353364
81.88	22.68700158098973
81.89	22.192379869902815
81.9	20.955694987693988
81.91	16.364289917651956
81.92	11.609810451229569
81.93	11.074637920814464
81.94	12.900807982524244
81.95	11.097045419624548
81.96000000000001	9.94040983382413
81.97	16.747877876687177
81.98	18.811113532800697
81.99	18.132328737130795
82.0	15.550277733555099
82.01	15.695020869446546
82.02	13.579414134001523
82.03	13.494398725339286
82.04	16.88379556214877
82.05	15.704960924890369
82.06	22.63652974933352
82.07000000000001	17.62819613139833
82.08	12.933210517960667
82.09	19.239418379080046
82.10000000000001	24.3341374100335
82.11	19.858625091777135
82.12	18.479252012453028
82.13	15.752105996804683
82.14	14.122912768686158
82.15	10.990209255333733
82.16	8.401674445996495
82.17	7.188061664496235
82.18	6.988459636358586
82.19	4.895510882259278
82.2	1.4882697250084436
82.21000000000001	13.157917973457117
82.22	11.478049635529906
82.23	10.039376156234612
82.24	12.060930615284612
82.25	18.653939707252768
82.26	15.890006179063972
82.27	19.640428376699575
82.28	19.310442655971695
82.29	15.78164438250671
82.3	18.32866653823586
82.31	19.151918794499217
82.32000000000001	19.132928099849988
82.33	14.9583737753409
82.34	13.830960076910227
82.35000000000001	17.968519078419046
82.36	17.599064248401557
82.37	14.05018961570479
82.38	10.663574305443051
82.39	11.6367763237808
82.4	22.671566480769716
82.41	18.768600312149587
82.42	15.848866892235897
82.43	12.653067755363548
82.44	10.572076598761738
82.45	8.594381931031174
82.46000000000001	15.596852460441108
82.47	16.18565459614748
82.48	12.459858312637307
82.49	9.964899345891412
82.5	9.252924823850682
82.51	20.419072840428942
82.52	30.92427455693182
82.53	31.817990014079232
82.54	24.422150133348175
82.55	20.497912409154818
82.56	29.763812825208955
82.57000000000001	23.96051891042196
82.58	23.241414840550732
82.59	18.338768398477146
82.60000000000001	14.90506359705114
82.61	17.632203349524893
82.62	16.929574284703754
82.63	20.174743554796606
82.64	17.88498555011099
82.65	18.646423920747353
82.66	18.27272475698272
82.67	14.860963033203994
82.68	13.728058160444284
82.69	12.32584848849907
82.7	19.338732058592377
82.71000000000001	17.86941965430472
82.72	14.325346736826884
82.73	15.445620966546608
82.74	13.74485104751873
82.75	19.561669687632023
82.76	19.03960571973373
82.77	17.050267960110425
82.78	15.81058059903956
82.79	15.938178741957236
82.8	13.253097610448096
82.81	13.099987385750287
82.82000000000001	10.299528896416682
82.83	12.63081300302381
82.84	14.85877582957618
82.85000000000001	14.595959366482294
82.86	18.68468629607312
82.87	13.873470351401531
82.88	15.247013305964392
82.89	16.11618358377709
82.9	15.177938351039073
82.91	13.82567285172392
82.92	17.049269691620772
82.93	17.272820279489494
82.94	15.8369931379589
82.95	14.521336853799903
82.96000000000001	12.833146613232184
82.97	11.347346170744865
82.98	15.736087484744457
82.99	22.512079610453885
83.0	20.023047913039786
83.01	19.042241412268925
83.02	15.385501063101884
83.03	19.57746728911571
83.04	14.451469107044593
83.05	13.673915527925121
83.06	14.175312115875318
83.07000000000001	11.46106263030394
83.08	14.305686521622139
83.09	23.12984118121913
83.10000000000001	22.127716878447192
83.11	18.55100321694231
83.12	14.859092810190226
83.13	17.072181102963157
83.14	14.514014500990175
83.15	11.352058591256716
83.16	8.433060422536107
83.17	4.877689279461614
83.18	4.939280412711531
83.19	6.5817700480796315
83.2	10.649628509057218
83.21000000000001	14.884433887323171
83.22	23.381720306086255
83.23	25.105208762908344
83.24	21.068280668939323
83.25	17.391684153435456
83.26	15.853153645786268
83.27	15.782610798479247
83.28	20.009092618439738
83.29	18.474739258345465
83.3	16.235943842117607
83.31	16.96109851821651
83.32000000000001	23.237560034815996
83.33	19.275169011728387
83.34	23.27539235116844
83.35000000000001	20.813358991087085
83.36	28.19312283442569
83.37	24.227577643815803
83.38	22.326922647379174
83.39	24.04494298787109
83.4	21.702297927222027
83.41	16.421965493382903
83.42	17.408139665402533
83.43	16.30107003365701
83.44	13.156691655666624
83.45	13.468980741341321
83.46000000000001	13.070685165683892
83.47	13.950151494977149
83.48	11.319409864333927
83.49	8.596615010986264
83.5	9.192184240760248
83.51	11.187235762890582
83.52	17.420636662637904
83.53	14.196752435977949
83.54	13.842142842365687
83.55	14.84385447711027
83.56	12.151014316958005
83.57000000000001	10.019399166252258
83.58	11.389768924791882
83.59	9.077999094985637
83.60000000000001	11.43453966825495
83.61	12.025277142741324
83.62	15.115304703988537
83.63	12.406016259159168
83.64	9.561244913044467
83.65	11.598143901337155
83.66	13.217336077398617
83.67	21.132989204082524
83.68	17.64458518521988
83.69	21.7928347531269
83.7	18.65112689867422
83.71000000000001	20.605439597254584
83.72	17.909916358318686
83.73	14.7677511552592
83.74	13.440826297182387
83.75	11.486890243661406
83.76	7.942083308772187
83.77	5.398128490307173
83.78	4.153973947189048
83.79	7.855261929540863
83.8	13.249695769639649
83.81	14.601230872864758
83.82000000000001	14.513355240909116
83.83	17.385959135700162
83.84	21.356056436571013
83.85000000000001	16.007872742539583
83.86	16.970507000085465
83.87	20.341055312049537
83.88	15.80806392638064
83.89	12.790722731618551
83.9	10.728111822483909
83.91	10.015152610687814
83.92	10.764883378556943
83.93	15.947966073778936
83.94	13.866976629137763
83.95	14.600732077698355
83.96000000000001	13.734157500487244
83.97	13.730698287363392
83.98	14.469496806089534
83.99	11.971177933178218
84.0	9.215283301259966
84.01	8.255566233908317
84.02	10.696195817923902
84.03	8.204302873172956
84.04	7.185432670290549
84.05	11.224595888864803
84.06	15.230758441241754
84.07000000000001	12.539775363524754
84.08	12.532837643836903
84.09	12.388710394679435
84.10000000000001	14.177598914466559
84.11	12.237738814790587
84.12	9.571132692315663
84.13	11.678163966570256
84.14	13.20741190249713
84.15	10.040838163482771
84.16	8.606794529035746
84.17	7.497352328202386
84.18	9.517808749313824
84.19	15.294211513889431
84.2	11.42707433742998
84.21000000000001	7.8070285715594405
84.22	5.495238055466211
84.23	6.407688990067965
84.24	6.429669731755268
84.25	6.697876084416409
84.26	7.779514272216212
84.27	9.869451364019021
84.28	16.60792595542359
84.29	15.219873257549661
84.3	13.041168539114361
84.31	11.937882650362752
84.32000000000001	11.418720203935095
84.33	17.439104081653962
84.34	15.818878343506515
84.35000000000001	17.043952216630196
84.36	17.48848094030327
84.37	21.008681675633195
84.38	18.005168062253535
84.39	16.761770693845065
84.4	15.501248751063903
84.41	16.03534847834905
84.42	12.694598240515448
84.43	10.921569004711952
84.44	15.507035235518424
84.45	18.828262695596045
84.46000000000001	15.248548576034464
84.47	12.415717931118927
84.48	9.104542281482146
84.49	6.546768419735149
84.5	6.120390225617681
84.51	7.204967217765087
84.52	8.693650912816892
84.53	12.503253617414893
84.54	13.786074198271226
84.55	10.930275882525741
84.56	10.17345625727692
84.57000000000001	20.43359795161356
84.58	25.070931056516024
84.59	22.41590960943262
84.60000000000001	17.552601072429933
84.61	13.538191298486831
84.62	9.299860698953806
84.63	10.468437424193027
84.64	9.413598183917625
84.65	13.322020249234289
84.66	14.221820878918464
84.67	11.565375945271276
84.68	15.349241775418133
84.69	18.546328928217925
84.7	14.382252841917989
84.71000000000001	12.323863302703796
84.72	13.55552198387797
84.73	14.959532108268968
84.74	15.847534354510092
84.75	18.49724238862643
84.76	15.794418765623355
84.77	13.104253530188922
84.78	15.522012709138059
84.79	18.96879207848447
84.8	16.624853661053013
84.81	14.466981197757896
84.82000000000001	11.554009453024962
84.83	12.591189580659371
84.84	11.367345839108964
84.85000000000001	10.485573893780284
84.86	10.79054377634356
84.87	10.528858522949294
84.88	11.897519691571338
84.89	16.121830523831278
84.9	13.190530400254374
84.91	9.521177514140753
84.92	6.489552153003265
84.93	5.78410315962344
84.94	6.635987946022828
84.95	8.784059834474249
84.96000000000001	11.63747619597929
84.97	9.030336237331865
84.98	11.084943652644508
84.99	8.504544308097403
85.0	10.7818224248652
85.01	15.748565295046438
85.02	16.96408150118979
85.03	16.457633414372637
85.04	16.172882768533785
85.05	16.502881104620766
85.06	18.198395738895485
85.07000000000001	14.486099160108889
85.08	9.90334646262146
85.09	8.107927245685415
85.10000000000001	6.514549493712263
85.11	7.52936823445941
85.12	9.898348784132601
85.13	10.96396249538143
85.14	10.73948130515278
85.15	15.04319524981223
85.16	19.005127088660036
85.17	15.073251204581249
85.18	13.383543942346703
85.19	11.739911615921717
85.2	12.012171823527668
85.21000000000001	10.69741916383845
85.22	7.619355392479217
85.23	7.659282984902004
85.24	8.281764781245242
85.25	8.447084280174202
85.26	7.147696797670763
85.27	6.011626615280871
85.28	4.202881128445259
85.29	3.197616551909625
85.3	6.185964548850217
85.31	7.252696511475919
85.32000000000001	9.45110818173173
85.33	14.315719942671235
85.34	11.157332115870735
85.35000000000001	8.779791344430746
85.36	6.112096151120648
85.37	4.847221225909568
85.38	6.949546428080125
85.39	5.037348796732201
85.4	2.2591434785462794
85.41	4.937860652005977
85.42	7.48967224087125
85.43	7.975346618263077
85.44	8.003527219114877
85.45	10.030857879967305
85.46000000000001	9.715947556544062
85.47	8.009127709236996
85.48	9.608115581961249
85.49	12.44659651427538
85.5	15.424590211568427
85.51	12.462586638766625
85.52	11.166737758896375
85.53	10.436722421969286
85.54	10.458308164978037
85.55	11.721814383398717
85.56	9.39492523030847
85.57000000000001	7.8022984385924055
85.58	5.539040503005715
85.59	6.619827146902489
85.60000000000001	7.787595160264646
85.61	7.25669432575638
85.62	4.590355642225968
85.63	5.169227307798486
85.64	7.122563308918661
85.65	10.083622004757391
85.66	11.262395622133523
85.67	9.443619210412363
85.68	8.848289689109446
85.69	8.697131132382166
85.7	5.41107434338971
85.71000000000001	5.610004583753844
85.72	8.862801330440883
85.73	8.56386004468496
85.74	12.78469917464219
85.75	13.980606523992806
85.76	12.792273572472356
85.77	14.170064212998131
85.78	17.3574355179763
85.79	16.887174118570357
85.8	14.970673542911344
85.81	11.455046092205798
85.82000000000001	8.413955644392033
85.83	16.25780294925345
85.84	13.824636498260118
85.85000000000001	12.774357504111808
85.86	12.739077512933793
85.87	12.080854481148194
85.88	8.933595593458465
85.89	12.074953175080635
85.9	13.26693123596571
85.91	13.729228649694004
85.92	18.935075542584123
85.93	17.949453895621325
85.94	16.44852295255976
85.95	20.205324810913353
85.96000000000001	17.004894140577456
85.97	17.5327097755824
85.98	15.762779208780781
85.99	16.428366823136983
86.0	14.555443567849386
86.01	12.713498828857944
86.02	13.525301906224449
86.03	12.264652261336577
86.04	13.499557132432317
86.05	13.26113773664982
86.06	13.451205274592837
86.07000000000001	15.957431174090727
86.08	25.071184062180617
86.09	20.418796758448437
86.10000000000001	21.503123451583775
86.11	19.474617645994662
86.12	24.987976614650762
86.13	23.938775103825705
86.14	19.854239430526214
86.15	29.99389300717589
86.16	27.978317299845624
86.17	31.774930653713028
86.18	25.203635323924104
86.19	25.391478871284683
86.2	24.364531317638775
86.21000000000001	21.921036919575954
86.22	18.990343227563834
86.23	17.16918568461485
86.24	17.927557169007276
86.25	14.903002408099063
86.26	14.020820880131275
86.27	10.153939117557531
86.28	7.845094701655118
86.29	16.51349322974135
86.3	13.91580308264629
86.31	19.456893038198807
86.32000000000001	28.06516834217007
86.33	25.547608324955398
86.34	23.547530048671717
86.35000000000001	23.482342287253502
86.36	19.680846878207475
86.37	20.189709283877143
86.38	18.56614757034091
86.39	21.01721724291248
86.4	16.98820306458133
86.41	14.145282492216968
86.42	15.534162692167511
86.43	23.398098786292213
86.44	20.246422008244366
86.45	18.79848592721176
86.46000000000001	15.69917655722315
86.47	21.831907684699424
86.48	30.370110345500333
86.49	27.175006070524574
86.5	21.295638039364906
86.51	18.441708194912938
86.52	15.513822438864812
86.53	11.835613899049648
86.54	9.261290628547515
86.55	11.962131735636806
86.56	8.607331187409844
86.57000000000001	12.056700005262433
86.58	17.396075111572017
86.59	14.65915768630295
86.60000000000001	15.100301668554163
86.61	15.47162707333877
86.62	12.413568661857223
86.63	9.293002731387066
86.64	5.627770012005043
86.65	6.470460699418947
86.66	7.690301550304651
86.67	12.43780053525177
86.68	17.527587077607215
86.69	19.32495362288795
86.7	19.837205512243017
86.71000000000001	17.07326646807889
86.72	19.083665258585583
86.73	14.800793168577602
86.74	16.810393435998513
86.75	14.425189568128557
86.76	18.134177242135408
86.77	18.8472342953671
86.78	16.44859104269407
86.79	17.129419955663842
86.8	16.05261998736504
86.81	18.883059067114868
86.82000000000001	18.88567151577258
86.83	15.195640796608457
86.84	13.919904153846803
86.85000000000001	13.364521740137944
86.86	13.609776733657188
86.87	14.000270272434852
86.88	10.921929712340006
86.89	8.35947778394816
86.9	7.0418746982616085
86.91	7.993764840062111
86.92	8.630373375478015
86.93	11.266429033190663
86.94	12.839878281225875
86.95	9.582377879636296
86.96000000000001	7.925755816804329
86.97	10.538834066224892
86.98	8.500710147791432
86.99	13.456315547045316
87.0	14.760505607758661
87.01	11.86214335523439
87.02	9.26991087125585
87.03	7.403637095613294
87.04	7.496361004211906
87.05	7.589084912810387
87.06	6.016835894871547
87.07000000000001	6.04049283630818
87.08	7.269307786979066
87.09	8.289553231159267
87.10000000000001	7.1730578132743075
87.11	3.686314428162161
87.12	3.2593223487159158
87.13	4.600073246376756
87.14	6.327826339295311
87.15	5.2401391963829855
87.16	6.422808666987613
87.17	9.453394092401766
87.18	8.761789018351303
87.19	9.894825755205865
87.2	10.959514680081162
87.21000000000001	10.539601657110094
87.22	11.18856224330855
87.23	11.92917087708854
87.24	11.78456419501769
87.25	9.900136840442226
87.26	7.981530157132445
87.27	13.889179436118429
87.28	11.410795345385852
87.29	16.835325556354498
87.3	19.838604266713983
87.31	15.36094768307398
87.32000000000001	12.66929825526487
87.33	10.651454556700443
87.34	10.044315243070704
87.35000000000001	10.79382967203322
87.36	10.593588460360044
87.37	17.60438306256776
87.38	18.37226562306772
87.39	28.28958123770523
87.4	26.750570782623676
87.41	23.414368837249267
87.42	30.747072776928178
87.43	26.996798869720887
87.44	24.410997743558756
87.45	19.08665580002253
87.46000000000001	15.271036254698869
87.47	18.69400766559022
87.48	16.198389908667508
87.49	15.496914669674581
87.5	14.810530764018402
87.51	17.182510514583385
87.52	14.65944681613688
87.53	10.996050943864077
87.54	8.667119874743614
87.55	7.971135745822648
87.56	4.6246723872523585
87.57000000000001	2.7456497860271663
87.58	-4.978418192837304
87.59	-9.084521503908455
87.60000000000001	-10.795802828601996
87.61	-8.602745080789122
87.62	-14.056832682967935
87.63	-17.729078659139702
87.64	-13.734139913396186
87.65	-14.417463535670187
87.66	-19.460780287203338
87.67	-17.77372418746295
87.68	-19.98705449274065
87.69	-21.511879737040406
87.7	-16.384264479290522
87.71000000000001	-13.045250589596042
87.72	-13.97513754838496
87.73	-13.314801872284825
87.74	-14.43932956132117
87.75	-17.325496849371998
87.76	-17.634020773785306
87.77	-13.801383030921635
87.78	-11.265094283899444
87.79	-13.788697372437898
87.8	-16.887977744983843
87.81	-20.946015839719717
87.82000000000001	-16.107434038390494
87.83	-13.506189054828296
87.84	-14.118819174410584
87.85000000000001	-18.818400199507675
87.86	-14.23587453719984
87.87	-12.607589373696829
87.88	-12.651913320364649
87.89	-16.022276083838594
87.9	-16.285016992677722
87.91	-16.182959371602177
87.92	-12.225741832093957
87.93	-10.924506369423224
87.94	-13.106602146900514
87.95	-12.503782136192902
87.96000000000001	-10.52261624554465
87.97	-8.05634710182771
87.98	-7.146620113647613
87.99	-6.962827524662034
88.0	-17.044334490585705
88.01	-13.870947020819418
88.02	-11.070848416763997
88.03	-9.249229486353842
88.04	-7.249860024585315
88.05	-7.5079795876488635
88.06	-10.494943333243695
88.07000000000001	-8.94773806188717
88.08	-5.779741677904045
88.09	-9.078951780848486
88.10000000000001	-6.0038003795897525
88.11	-4.0272948482713256
88.12	-2.472054106877154
88.13	-4.100092014219591
88.14	-3.3352823618345626
88.15	-4.027661325115784
88.16	-3.7370441555348073
88.17	-6.035611394817738
88.18	-4.737784547866641
88.19	-6.059935348478213
88.2	-6.596816897531099
88.21000000000001	-5.889897291103041
88.22	-8.354726039025097
88.23	-8.529641459604385
88.24	-9.065058324184335
88.25	-9.339336140174073
88.26	-9.76202816280177
88.27	-14.015384527478982
88.28	-12.78247783712307
88.29	-14.750680962253783
88.3	-15.11552602481765
88.31	-13.897892720148478
88.32000000000001	-11.195548838754378
88.33	-10.210137253295624
88.34	-9.436014681910631
88.35000000000001	-12.052113904330309
88.36	-11.395250542956843
88.37	-12.013172059632643
88.38	-11.475145383625016
88.39	-9.197095258976937
88.4	-11.32143812388574
88.41	-12.593716824028446
88.42	-12.633617448262548
88.43	-17.478432618232684
88.44	-20.90131960456855
88.45	-19.365123690704788
88.46000000000001	-19.385644126155356
88.47	-17.637657922891307
88.48	-14.449769456861292
88.49	-14.721615650007466
88.5	-16.396563100374678
88.51	-19.321335137676677
88.52	-19.019055688054262
88.53	-18.025368789732706
88.54	-14.062889352867325
88.55	-10.321320973060828
88.56	-7.587804670869082
88.57000000000001	-6.647741416057894
88.58	-6.432532001227108
88.59	-5.148382255054805
88.60000000000001	-4.917888230154962
88.61	-8.270608568093504
88.62	-5.719729554598717
88.63	-7.481399721594899
88.64	-8.669530951813202
88.65	-7.035838780110734
88.66	-5.621109429506098
88.67	-11.367829447491106
88.68	-10.329081760758626
88.69	-11.004022645856587
88.7	-16.169372459323615
88.71000000000001	-19.23423100812987
88.72	-19.323921178598756
88.73	-20.175171851479085
88.74	-17.528170598571467
88.75	-13.803972971525736
88.76	-12.244637325142783
88.77	-16.518550136991916
88.78	-15.475821287188293
88.79	-14.821955650060442
88.8	-20.694769767863907
88.81	-22.40274144453493
88.82000000000001	-17.529936600291332
88.83	-13.783067343345373
88.84	-11.381714858136428
88.85000000000001	-9.545276098436188
88.86	-6.753036940236875
88.87	-6.151259623457181
88.88	-5.9141731895033605
88.89	-7.925637999772936
88.9	-6.221950388590497
88.91	-7.24459579490336
88.92	-10.901539072747102
88.93	-9.108467039669977
88.94	-8.221332814248779
88.95	-13.27719924124867
88.96000000000001	-10.842727813899455
88.97	-9.355310516039856
88.98	-12.168714174337673
88.99	-9.074138903893175
89.0	-12.414417549576736
89.01	-13.49644472907995
89.02	-22.51823447371721
89.03	-21.635676383732964
89.04	-17.84379041598169
89.05	-18.085427319772393
89.06	-16.23480201791378
89.07000000000001	-17.19353789034276
89.08	-15.988621024078967
89.09	-13.36857679472758
89.10000000000001	-16.3413092677038
89.11	-18.098638412927905
89.12	-16.678002870855646
89.13	-13.72572745832576
89.14	-11.837649235503234
89.15	-20.771791021376107
89.16	-22.16192715697958
89.17	-23.664479815349996
89.18	-19.102417271943665
89.19	-26.742076240534914
89.2	-25.064405864157976
89.21000000000001	-21.693882070065545
89.22	-21.03500709973561
89.23	-15.90991265730218
89.24	-17.10280494295718
89.25	-16.942267505645646
89.26	-19.886023195291294
89.27	-19.18762478188531
89.28	-32.82613227805243
89.29	-31.43343859683901
89.3	-25.30235523788121
89.31	-29.426816956879772
89.32000000000001	-27.624829188833857
89.33	-21.929281151266878
89.34	-19.55224322545782
89.35000000000001	-18.478416716963427
89.36	-24.222329266799534
89.37	-19.46386221757042
89.38	-16.079001442717797
89.39	-13.881537740365967
89.4	-13.801980628622191
89.41	-16.092165458312532
89.42	-16.187948473019784
89.43	-16.68011424811184
89.44	-20.47423909645238
89.45	-18.44384042054546
89.46000000000001	-17.47002733553789
89.47	-18.357330014485438
89.48	-22.797742265359158
89.49	-22.63234806887557
89.5	-22.13412402279115
89.51	-25.629884785988935
89.52	-20.845289270533264
89.53	-18.170534518612023
89.54	-18.01358257354902
89.55	-14.657462096083293
89.56	-15.881542663151638
89.57000000000001	-13.547768650179941
89.58	-9.848813174905771
89.59	-12.69695638200252
89.60000000000001	-14.93287651865923
89.61	-23.194255545279727
89.62	-20.291882344228835
89.63	-16.237725912970408
89.64	-18.09858015542946
89.65	-14.842433329785454
89.66	-22.14797161239415
89.67	-18.44038135530588
89.68	-18.003146952878787
89.69	-20.034187513551664
89.7	-23.891994515964704
89.71000000000001	-26.364243975193318
89.72	-26.60219082990049
89.73	-23.740932538926106
89.74	-20.39114897394076
89.75	-16.279569848356267
89.76	-13.101989873766145
89.77	-16.842939850731263
89.78	-13.683986045469846
89.79	-10.608912289647206
89.8	-10.05622069874595
89.81	-8.34253409622396
89.82000000000001	-7.741770101715356
89.83	-3.860975481214581
89.84	-5.9691056338361355
89.85000000000001	-8.226213106050707
89.86	-8.933415670511279
89.87	-7.464841850339033
89.88	-7.457841280399815
89.89	-9.838740683863886
89.9	-7.4995748165437846
89.91	-6.753333121560272
89.92	-7.938329887489635
89.93	-8.08419655537123
89.94	-6.300971562788906
89.95	-5.2576555710945545
89.96000000000001	-3.1670052233004355
89.97	-2.5677426983565725
89.98	-4.222221200872999
89.99	-4.276290049679539
90.0	-4.013916836289
90.01	-3.302132173635738
90.02	-1.3558526281193728
90.03	1.2149366076082888
90.04	3.579017951238807
90.05	9.409189558158783
90.06	7.762500320609489
90.07000000000001	10.497400956399291
90.08	9.922717236872352
90.09	10.258992565861107
90.10000000000001	10.093569674013882
90.11	12.391843420356752
90.12	11.948598511704564
90.13	20.164071555026776
90.14	15.54227510896289
90.15	12.767935526280512
90.16	14.516613710115267
90.17	16.252431823592598
90.18	13.567142353774807
90.19	16.774291098376292
90.2	18.736468273502876
90.21000000000001	20.61892646811481
90.22	26.668187948185228
90.23	24.721808837346234
90.24	21.265814929579278
90.25	18.06160199192492
90.26	18.24001310622117
90.27	27.253177569861986
90.28	26.17982741972921
90.29	29.558074715677808
90.3	24.377097845056852
90.31	22.09817262575675
90.32000000000001	18.62062353569192
90.33	19.46702410892026
90.34	14.808751606128332
90.35000000000001	14.569964925267971
90.36	15.642410325314193
90.37	21.536308868323637
90.38	27.84445077278174
90.39	25.87275370254292
90.4	29.06445887853384
90.41	30.828916385765798
90.42	24.54839733548821
90.43	22.458464174808576
90.44	33.18260842609039
90.45	29.769517884935706
90.46000000000001	28.296649156552306
90.47	26.02945941892467
90.48	24.752429759305326
90.49	22.634346214448072
90.5	18.703781115278577
90.51	17.048553365119645
90.52	15.78606069558048
90.53	15.92597317859702
90.54	12.628878161853176
90.55	9.330847431981113
90.56	6.356695025085604
90.57000000000001	5.9471057191249
90.58	8.225114338216567
90.59	17.909643168187245
90.60000000000001	15.074946953010684
90.61	14.059066150760733
90.62	21.018052754157896
90.63	19.153496044728627
90.64	17.580342232329556
90.65	13.057557139462537
90.66	11.345289943531359
90.67	9.587938741877043
90.68	7.845092063426974
90.69	5.954338423702638
90.7	1.1045001907474934
90.71000000000001	-1.1188839841235982
90.72	-2.28432906689815
90.73	-2.727808291540927
90.74	-8.110083797183613
90.75	-7.3060124426133655
90.76	-4.685345933130659
90.77	-6.13394150111962
90.78	-18.022156742890978
90.79	-16.661659921200137
90.8	-17.102025851182148
90.81	-19.86166999636537
90.82000000000001	-27.865970140003036
90.83	-29.846104021770273
90.84	-24.649224460268627
90.85000000000001	-20.2018441167635
90.86	-19.99230948382685
90.87	-15.994192872538228
90.88	-12.326196818885949
90.89	-16.876597657499197
90.9	-14.775856955126828
90.91	-13.312272123623274
90.92	-12.774141533504128
90.93	-13.707856491367489
90.94	-17.637529829049463
90.95	-14.897488912219618
90.96000000000001	-11.348821070875749
90.97	-8.426276228587726
90.98	-7.956264577492009
90.99	-8.582850979398613
91.0	-6.892260132287933
91.01	-11.53436420619577
91.02	-9.465091781881938
91.03	-7.115470620600952
91.04	-7.795905187563602
91.05	-5.673960718427007
91.06	-3.2622995312252163
91.07000000000001	-4.908158638726871
91.08	-6.706198761326546
91.09	-6.074383754885775
91.10000000000001	-8.743591405994765
91.11	-8.573023278198633
91.12	-8.775723522975923
91.13	-9.350231400735465
91.14	-12.062192688978408
91.15	-14.866198327249046
91.16	-15.427683895206918
91.17	-16.169536794180665
91.18	-16.065476267237546
91.19	-12.470988487334864
91.2	-12.553114749232499
91.21000000000001	-11.428242875875263
91.22	-14.576003784525172
91.23	-11.25988791163938
91.24	-9.709131290242105
91.25	-9.432693657610136
91.26	-11.76033540521715
91.27	-10.945895606793142
91.28	-12.794614493510581
91.29	-9.888239585031064
91.3	-9.97501761721551
91.31	-10.268831328655347
91.32000000000001	-8.94855627482052
91.33	-11.561689809822195
91.34	-13.088022416054974
91.35000000000001	-12.285643178393505
91.36	-10.430009882540226
91.37	-9.945906604658731
91.38	-16.403279029479883
91.39	-13.23586848654603
91.4	-12.733885862749355
91.41	-13.66444019782189
91.42	-11.519533504935517
91.43	-9.91082590942094
91.44	-12.26304496638701
91.45	-12.67419308554261
91.46000000000001	-10.971682971860885
91.47	-8.60869523420954
91.48	-5.378694201370255
91.49	-6.582408717396368
91.5	-2.5772259213087976
91.51	-0.4114639499955729
91.52	2.2371957671417886
91.53	-0.5396301615639738
91.54	0.7918496778966897
91.55	3.039606213968347
91.56	2.9599937562654395
91.57000000000001	-0.5711074802559645
91.58	3.913186702288603
91.59	7.921208322710684
91.60000000000001	7.502875074866106
91.61	8.701038754564891
91.62	17.61390335892421
91.63	16.46762340267267
91.64	14.490203142543795
91.65	20.102127503299037
91.66	20.557335307823767
91.67	17.388527374602578
91.68	21.82289625035038
91.69	21.45283613180257
91.7	19.974657012417193
91.71000000000001	17.332824789704887
91.72	13.709739444137295
91.73	10.870984503291945
91.74	6.857921347382256
91.75	9.334385693904006
91.76	11.80976217687965
91.77	12.578830217234566
91.78	11.233102862779873
91.79	12.326327572392032
91.8	11.206453782717785
91.81	10.671832668222125
91.82000000000001	8.143071433825796
91.83	7.062911047678359
91.84	9.154066286802582
91.85000000000001	14.912623430043096
91.86	11.994328374760558
91.87	10.370093698570445
91.88	9.396165618409558
91.89	8.832322192921295
91.9	8.231067062178047
91.91	7.9591457287527225
91.92	9.472976998957192
91.93	11.646691469077792
91.94	12.505346300094514
91.95	17.234165852479858
91.96000000000001	13.570031612648775
91.97	14.666228742133415
91.98	19.787241210819207
91.99	17.201402824052508
92.0	19.14919605860999
92.01	19.892825539915876
92.02	16.43890533807432
92.03	16.870771129629706
92.04	22.33953951222221
92.05	20.703163297272408
92.06	17.72811297628621
92.07000000000001	18.92511917640464
92.08	14.775308110685515
92.09	12.279175678838243
92.10000000000001	11.454079907447
92.11	14.704517442814353
92.12	12.702006701888534
92.13	12.109996276757022
92.14	11.564995100865051
92.15	13.178547765831153
92.16	30.343236162508692
92.17	32.74514626473856
92.18	28.1050883978166
92.19	31.644143024873117
92.2	25.93120965865814
92.21000000000001	29.602248166893922
92.22	25.224427881397986
92.23	25.691690130513436
92.24	23.7801745514782
92.25	19.6191960655723
92.26	18.041412346462074
92.27	19.21369133187069
92.28	18.34223575698342
92.29	15.09772227925273
92.3	18.73571220976098
92.31	18.79375617563759
92.32000000000001	18.372370409278695
92.33	14.477714134365486
92.34	16.218616824757962
92.35000000000001	22.44038189391902
92.36	17.347299702142095
92.37	15.567941398283626
92.38	14.683461663857878
92.39	13.343830790761105
92.4	11.114598693931145
92.41	10.17149914513735
92.42	12.042491126742716
92.43	13.659649170270447
92.44	12.82554202818378
92.45	11.8678427174874
92.46000000000001	10.192239505291546
92.47	8.437247476291883
92.48	10.482203633144263
92.49	8.940846221197441
92.5	9.886351632639744
92.51	8.011947454676738
92.52	7.171881418963796
92.53	6.524535863163038
92.54	5.286273167732777
92.55	5.805638833632902
92.56	4.708157118154505
92.57000000000001	4.555503981543843
92.58	5.722203831307196
92.59	9.184842160321276
92.60000000000001	8.232476000737964
92.61	9.896326457917127
92.62	11.330474026903623
92.63	13.705737515171133
92.64	14.175441097443452
92.65	13.759841187770684
92.66	15.56597464006914
92.67	13.822277284762105
92.68	11.760855390529178
92.69	13.572185169736498
92.7	13.108026000603925
92.71000000000001	19.87280681174412
92.72	20.804939147436905
92.73	20.366574242895435
92.74	19.047705097269976
92.75	16.84568038706663
92.76	16.443103791490866
92.77	17.337559822260094
92.78	13.645071652176416
92.79	13.698562503093594
92.8	11.838198679544169
92.81	15.559942096110916
92.82000000000001	12.457448396016078
92.83	16.033948282197187
92.84	20.503352729549384
92.85000000000001	22.522689043506244
92.86	18.730109072548846
92.87	19.516805065250633
92.88	15.158982013247165
92.89	17.673860250320487
92.9	13.49682557122228
92.91	15.802125356521529
92.92	22.365963081861
92.93	22.128280674920326
92.94	24.771494908457466
92.95	21.727968795564507
92.96000000000001	23.949938620019434
92.97	19.617867170782546
92.98	22.86541459294777
92.99	19.59410171608916
93.0	16.340451960653382
93.01	18.939056828746317
93.02	17.235576422748572
93.03	16.576722823602193
93.04	17.977052327533514
93.05	14.54462144139206
93.06	10.716967027778676
93.07000000000001	10.521280620244973
93.08	8.953544856337402
93.09	11.811135761841701
93.10000000000001	15.20576853718164
93.11	14.164541950993579
93.12	11.920222616700578
93.13	10.045497549193408
93.14	7.540904607646065
93.15	3.7995383499256867
93.16	3.3553202099110813
93.17	3.9439454541968746
93.18	3.7981444507426287
93.19	6.3415096538535645
93.2	5.947974742192884
93.21000000000001	8.91965164411409
93.22	16.110127420468608
93.23	21.222418750855837
93.24	17.23130272569044
93.25	15.277609808371697
93.26	16.630381935159225
93.27	26.81438759978975
93.28	21.347170159164317
93.29	16.16565749453512
93.3	11.833986388830366
93.31	12.176743549363147
93.32000000000001	9.90846325803515
93.33	9.28790994800261
93.34	12.649581451361318
93.35000000000001	14.412955111329683
93.36	12.142070349750982
93.37	12.859849816318132
93.38	10.466880636571348
93.39	11.365808546387202
93.4	11.327575062302516
93.41	10.240299625733611
93.42	10.989376338306764
93.43	11.441575470260561
93.44	16.857266423397256
93.45	18.919361522247772
93.46000000000001	26.347194884850172
93.47	24.217207517492962
93.48	24.154192138908805
93.49	23.589093117363497
93.5	21.90363207498478
93.51	23.14208223836533
93.52	18.412285139736476
93.53	20.974986655744765
93.54	22.05335194540391
93.55	21.1695225739991
93.56	16.13788733246158
93.57000000000001	16.70095960291188
93.58	19.265021782104554
93.59	23.555515578856124
93.60000000000001	20.653219860274543
93.61	18.29731846512507
93.62	21.752612872243077
93.63	26.676712245157553
93.64	30.45655895426984
93.65	23.74682741922203
93.66	24.55561573489474
93.67	26.705117287476156
93.68	21.702646490870322
93.69	21.58568859953414
93.7	18.22056470058779
93.71000000000001	14.550148301216144
93.72	15.254699747709044
93.73	22.785793381231564
93.74	24.022620004355687
93.75	23.096609360177574
93.76	23.458078093629886
93.77	24.16388835324016
93.78	23.14431717638709
93.79	24.949856790678737
93.8	25.853567405579458
93.81	22.314708520299252
93.82000000000001	26.9097737788041
93.83	24.60146384451381
93.84	23.531970365868347
93.85000000000001	23.483033810922098
93.86	18.258621936908106
93.87	14.037063148001408
93.88	13.339008776721972
93.89	11.131710105550516
93.9	9.017748530384003
93.91	9.507847881644526
93.92	7.083633022512705
93.93	10.257678020623741
93.94	7.5387998074547635
93.95	12.459061273966034
93.96000000000001	13.58205001075173
93.97	10.360299449434567
93.98	13.998357672309249
93.99	14.152370955486498
94.0	13.289609846070926
94.01	12.492968055583214
94.02	16.131110733410907
94.03	14.293436221090245
94.04	23.36329122007037
94.05	22.16745577783519
94.06	29.26537669271905
94.07000000000001	32.79511419172798
94.08	31.948763870918274
94.09	29.327628564890762
94.10000000000001	27.349196363887263
94.11	24.027594842446273
94.12	20.677171077424312
94.13	19.768817791850324
94.14	16.82463657336498
94.15	19.992036137693066
94.16	20.456393734450224
94.17	17.575606644875407
94.18	18.165633587182313
94.19	20.54145601337917
94.2	23.320409680742948
94.21000000000001	28.704342221077233
94.22	29.93354004568226
94.23	26.760002001658737
94.24	24.430075853839742
94.25	22.27308069358114
94.26	17.298809999028297
94.27	16.73153650962112
94.28	20.381115703132142
94.29	19.710009441713066
94.3	17.338695766842246
94.31	14.894792831435076
94.32000000000001	16.103609503043835
94.33	12.990009060676313
94.34	14.16354760164719
94.35000000000001	17.348698714083387
94.36	16.027419152078394
94.37	17.36141674475572
94.38	21.41555350977698
94.39	21.230073076842856
94.4	24.420406330002557
94.41	22.938963452779394
94.42	23.224225490562286
94.43	19.419938803251092
94.44	19.319035462202926
94.45	19.880490484715683
94.46000000000001	16.88713806491275
94.47	16.74326304444728
94.48	13.384182686447444
94.49	10.082072290571102
94.5	7.6947874569109045
94.51	12.455642881944865
94.52	12.7719314926973
94.53	13.599139899635057
94.54	9.912136244263452
94.55	10.122336701164684
94.56	13.415749131655456
94.57000000000001	12.169073015354329
94.58	10.638273480962846
94.59	10.98140477777643
94.60000000000001	9.317643490224496
94.61	7.843800064848347
94.62	12.017028790242083
94.63	16.418645235231896
94.64	13.309705403859045
94.65	14.734190816349619
94.66	19.127021809263404
94.67	20.57399866285249
94.68	21.649586036214888
94.69	19.890545633990083
94.7	20.102103945858236
94.71000000000001	18.134094106379244
94.72	15.177759616800515
94.73	15.06298329688905
94.74	13.892845674382185
94.75	13.16342803112302
94.76	11.00380240406517
94.77	11.952307822041384
94.78	14.472785768522327
94.79	23.494468180872584
94.8	20.20200769861084
94.81	17.042882122874715
94.82000000000001	17.434232931721265
94.83	13.844690446412203
94.84	14.828310644580109
94.85000000000001	10.893553188119236
94.86	11.103009865596636
94.87	16.125365816750964
94.88	25.591851295474218
94.89	30.216449022720983
94.9	27.358793582763624
94.91	22.35606673368384
94.92	19.73109457029604
94.93	26.98661676765624
94.94	23.40022564861256
94.95	24.311950425852935
94.96000000000001	20.771150863628154
94.97	22.134014932355363
94.98	27.9825605384865
94.99	28.847040878558214
95.0	24.983702276867707
95.01	23.22169279333175
95.02	17.7413422305647
95.03	15.941959723623857
95.04	16.494284225128098
95.05	16.47781327642728
95.06	14.202144796081726
95.07000000000001	14.752755053622282
95.08	22.45984880934293
95.09	23.76492089737319
95.10000000000001	18.132049992726596
95.11	14.432153424931196
95.12	18.076736930454402
95.13	27.589656906483754
95.14	22.921521712165088
95.15	20.751235756856044
95.16	21.160419777097097
95.17	17.41942798784355
95.18	17.39267867737939
95.19	24.715003637346726
95.2	28.27533786859899
95.21000000000001	36.809728535280414
95.22	31.038469623986106
95.23	25.31116085400857
95.24	25.79476728762883
95.25	23.583472848476354
95.26	20.23408185521862
95.27	20.04320625164646
95.28	22.232399654637245
95.29	17.95937798529858
95.3	13.755280901091938
95.31	15.757562982613054
95.32000000000001	17.451611261720657
95.33	17.834827442134742
95.34	14.319058392196357
95.35000000000001	11.940671065408804
95.36	20.483118653033554
95.37	17.573317546957938
95.38	18.86713090576109
95.39	17.01904296420532
95.4	16.49731257772213
95.41	13.333482148612273
95.42	10.519765877903778
95.43	13.40423826104322
95.44	12.917791091012054
95.45	10.214975542676559
95.46000000000001	8.1181079202324
95.47	9.256622086991598
95.48	12.021473055578145
95.49	9.817822976955352
95.5	10.8053868361191
95.51	14.465530843024412
95.52	19.165640267628973
95.53	21.987612590193724
95.54	17.399988214072863
95.55	14.328061143941282
95.56	12.898777508152996
95.57000000000001	12.241817921813832
95.58	11.79722373885398
95.59	12.900061179423524
95.60000000000001	14.037911411621423
95.61	12.359834887647665
95.62	10.175883569243203
95.63	13.19644173900773
95.64	18.40656263094833
95.65	16.808554930747178
95.66	13.94322986406482
95.67	16.843193558763947
95.68	29.386957424190353
95.69	23.264872654001195
95.7	17.923287541294638
95.71000000000001	15.525626360447312
95.72	13.450351158312568
95.73	15.800527181980447
95.74000000000001	16.391061527866235
95.75	17.207646783931413
95.76	14.809867221546272
95.77	15.714735968840177
95.78	14.371446707450023
95.79	17.591943423201478
95.8	13.319069799308336
95.81	10.416757494853009
95.82000000000001	8.427338483104876
95.83	7.128822268116764
95.84	5.6824939332680895
95.85000000000001	7.062679860206149
95.86	9.913823042013178
95.87	10.126210105290431
95.88	9.05183317018012
95.89	7.6138175564371915
95.9	7.479896457337214
95.91	10.481877122522688
95.92	8.271930797887421
95.93	12.914277940928653
95.94	12.404964417676027
95.95	9.833293374783112
95.96000000000001	7.682853380303797
95.97	9.505869372387444
95.98	11.755974676261316
95.99000000000001	13.333921714850813
96.0	11.05439331874161
96.01	14.069627563922722
96.02	12.335874882862697
96.03	11.73542746311903
96.04	9.709133309473987
96.05	7.5977683376569844
96.06	4.9040340354771805
96.07000000000001	2.264563208380585
96.08	2.2411489039331314
96.09	-2.8498753618322996
96.10000000000001	-6.150579890253803
96.11	-3.863959430731415
96.12	-5.341410645591723
96.13	-5.533111725871973
96.14	-6.732098203582024
96.15	-6.813405784747251
96.16	-6.500568242692108
96.17	-5.709384104793626
96.18	-4.2476363005917595
96.19	-3.3182199793772784
96.2	-3.7653574408077093
96.21000000000001	-3.4337764949408354
96.22	-6.9791444703063075
96.23	-5.472364764071748
96.24000000000001	-6.296825891830219
96.25	-4.849553712606698
96.26	-9.290129672057857
96.27	-12.895392523808079
96.28	-12.749039602847233
96.29	-15.87977278736469
96.3	-19.955136229571828
96.31	-17.584960729546403
96.32000000000001	-21.855377737600794
96.33	-17.0591728309642
96.34	-13.987100586375943
96.35000000000001	-15.630902411543662
96.36	-13.47886615166258
96.37	-14.978120988665827
96.38	-16.72522375893102
96.39	-18.34060841695505
96.4	-16.566392745209836
96.41	-18.124000386938096
96.42	-14.73411945186749
96.43	-12.136480865348409
96.44	-10.815737275959547
96.45	-9.255531358577585
96.46000000000001	-9.18576938919694
96.47	-9.265277583068071
96.48	-13.001378286927917
96.49000000000001	-11.83406697810487
96.5	-13.981027854561578
96.51	-14.686271964849274
96.52	-15.478273360816916
96.53	-12.230867223306127
96.54	-10.095193527205193
96.55	-10.237143582907594
96.56	-11.38204310620955
96.57000000000001	-9.444061462204061
96.58	-9.8379717368653
96.59	-11.364223627690533
96.60000000000001	-10.076333588487083
96.61	-13.277040777044142
96.62	-13.33050735225418
96.63	-19.41225103757741
96.64	-16.631226160462745
96.65	-17.712085548788576
96.66	-20.469063697478653
96.67	-19.08746658432383
96.68	-16.625333990285128
96.69	-13.360854000678628
96.7	-11.537525915863306
96.71000000000001	-11.724189283327929
96.72	-10.327571814449692
96.73	-11.149309613429033
96.74000000000001	-14.440948925674846
96.75	-11.679164760909021
96.76	-16.82876800365324
96.77	-16.435888709839933
96.78	-12.310423817924248
96.79	-12.686870385387637
96.8	-9.796209487128197
96.81	-8.318269984438333
96.82000000000001	-10.729960702086169
96.83	-10.280014609184335
96.84	-8.086943415847719
96.85000000000001	-5.913647274183972
96.86	-5.621667616529158
96.87	-5.329687958873927
96.88	-10.350684324064497
96.89	-13.173014355451716
96.9	-15.237358988104447
96.91	-17.77492211718306
96.92	-19.864681575527428
96.93	-18.392756951043104
96.94	-14.248875333616937
96.95	-11.292253046764527
96.96000000000001	-9.676793760337086
96.97	-7.079741550422563
96.98	-4.177431796695173
96.99000000000001	-1.4441262930275427
97.0	-1.0182805550274563
97.01	0.4573731912543269
97.02	0.10616482092881814
97.03	3.559465258020141
97.04	4.005023295836254
97.05	3.773417020000025
97.06	4.631728104249143
97.07000000000001	6.496222974765503
97.08	7.521355933140286
97.09	8.98575287392939
97.10000000000001	7.500340858573542
97.11	4.9162104107832265
97.12	5.3743959646048705
97.13	13.429238173975243
97.14	12.86078388989247
97.15	16.672403193704408
97.16	12.926010909633115
97.17	11.886269462400698
97.18	13.112022935057684
97.19	13.749004735726063
97.2	16.655069737131083
97.21000000000001	16.423320846328682
97.22	15.610434627487285
97.23	19.898479298472605
97.24000000000001	18.82873295554568
97.25	15.978827586476063
97.26	17.139807311807886
97.27	17.464529928141896
97.28	16.409535020773667
97.29	21.690177524144364
97.3	18.022183959678213
97.31	21.70280607059389
97.32000000000001	25.10891911578397
97.33	22.595943867049993
97.34	19.56593701695775
97.35000000000001	29.31740955759021
97.36	28.752018550134427
97.37	26.902906608104374
97.38	26.357457089810904
97.39	29.674344469995358
97.4	25.599402252101974
97.41	20.772446288426124
97.42	18.305566057444146
97.43	18.135155024834383
97.44	16.507977971766202
97.45	13.13918462281103
97.46000000000001	14.24964499291014
97.47	13.998044031684255
97.48	14.551589950635996
97.49000000000001	12.767458001056252
97.5	11.195053766788957
97.51	11.204151398680745
97.52	9.55948448803023
97.53	7.937711092545715
97.54	7.450415160530071
97.55	7.493697382137701
97.56	15.616238249544242
97.57000000000001	14.14144832475102
97.58	15.819816672090788
97.59	12.34395976834351
97.60000000000001	14.273426442915921
97.61	16.00430324120648
97.62	18.539756055124737
97.63	19.263119820257856
97.64	21.71690267050671
97.65	26.133272171930766
97.66	22.86279236174427
97.67	22.164561284866075
97.68	21.72998453736903
97.69	16.71073688389324
97.7	16.480876394202767
97.71000000000001	21.210830871919313
97.72	35.703076037844596
97.73	35.67050922585476
97.74000000000001	30.508950164404126
97.75	30.73782890794825
97.76	24.309466108250565
97.77	21.01401656670453
97.78	27.04594845613086
97.79	27.776055136546223
97.8	29.657115968122575
97.81	26.659260549681697
97.82000000000001	24.29477338526267
97.83	23.634598399645757
97.84	22.177731951535232
97.85000000000001	18.230018388155614
97.86	16.52007067285243
97.87	16.27675003594287
97.88	17.34437218506435
97.89	14.650631117250928
97.9	12.404930419677811
97.91	13.828313211842904
97.92	10.911881145438702
97.93	11.133293470192301
97.94	9.506880144999275
97.95	10.878513868014512
97.96000000000001	16.870252588526313
97.97	14.298067335271268
97.98	16.31878643102711
97.99000000000001	13.782239723429676
98.0	18.154002127557938
98.01	20.935219770805922
98.02	23.08061577567089
98.03	24.06156813947253
98.04	20.797049414475282
98.05	20.65669274006299
98.06	17.897727949906784
98.07000000000001	16.851195801668222
98.08	17.532536164116927
98.09	16.557331518774486
98.10000000000001	18.54480655828885
98.11	19.727037556173332
98.12	15.540028202823297
98.13	12.89509554658633
98.14	10.477401076780957
98.15	7.798445687593777
98.16	6.004285308662951
98.17	5.108069476346587
98.18	5.0087065762136325
98.19	5.1248199423965595
98.2	8.2930066163322
98.21000000000001	14.756722395941058
98.22	11.54496833902283
98.23	11.742009646498458
98.24000000000001	15.864819946006806
98.25	16.106633263533617
98.26	27.027791198850526
98.27	22.352486523061398
98.28	26.491709259349523
98.29	20.868306091267605
98.3	17.643400322680705
98.31	20.944738873361803
98.32000000000001	23.93373645570763
98.33	23.08693939971045
98.34	17.88876120594601
98.35000000000001	14.539387982201738
98.36	17.780621678494278
98.37	13.918775957683023
98.38	11.847518058470481
98.39	11.857319976408931
98.4	11.800340108064274
98.41	11.983984531667836
98.42	10.588548087533745
98.43	9.953603635511731
98.44	7.629823445556422
98.45	3.184349441429309
98.46000000000001	0.6616045251117141
98.47	2.469417029479159
98.48	-4.180153377917298
98.49000000000001	-6.695651846745874
98.5	-11.877385085580169
98.51	-20.15916610811634
98.52	-17.96683800212428
98.53	-17.055355930303715
98.54	-15.696447999784843
98.55	-14.716456744932835
98.56	-11.033077290962925
98.57000000000001	-16.56774375658719
98.58	-25.508720487045856
98.59	-25.19089805270601
98.60000000000001	-25.636625812050987
98.61	-19.96431117697801
98.62	-19.81859446058657
98.63	-20.026940058850812
98.64	-19.52900054053463
98.65	-19.1127591885566
98.66	-15.56106059022468
98.67	-15.51089654046453
98.68	-22.60791745832818
98.69	-27.799981506272147
98.7	-23.678487872724705
98.71000000000001	-18.632808675929766
98.72	-17.98232661924997
98.73	-17.976724296548323
98.74000000000001	-14.296621317909056
98.75	-11.066346509124068
98.76	-9.325515719787761
98.77	-10.393062684313543
98.78	-8.127453562791587
98.79	-11.721592777882181
98.8	-10.916514654087605
98.81	-8.51596525332961
98.82000000000001	-8.656664197299056
98.83	-9.792390809255089
98.84	-10.79444409090728
98.85000000000001	-9.9669936963335
98.86	-13.133433070696729
98.87	-9.387753090483118
98.88	-6.7865979175029905
98.89	-9.678740065520437
98.9	-9.194157485057707
98.91	-11.66191686601361
98.92	-22.257065624901312
98.93	-18.59029679386117
98.94	-23.94375611250107
98.95	-19.34094880760048
98.96000000000001	-20.58863111610966
98.97	-17.071944980270224
98.98	-13.537063525301333
98.99000000000001	-14.528173720695182
99.0	-11.974954081529061
99.01	-9.155013253439426
99.02	-7.4641405266966405
99.03	-5.820634011926067
99.04	-7.925184377153822
99.05	-8.294197089748362
99.06	-7.591716141680678
99.07000000000001	-8.908273744411387
99.08	-12.323368786001272
99.09	-10.177344947569205
99.10000000000001	-7.258286102868876
99.11	-4.633613107596169
99.12	-2.1910992332769292
99.13	-7.150703686420089
99.14	-12.102677499974593
99.15	-11.58056766019101
99.16	-12.667583554085358
99.17	-15.067368619503581
99.18	-11.730474366287282
99.19	-16.688605455358818
99.2	-20.01753667490924
99.21000000000001	-20.424386689155522
99.22	-20.49428250273736
99.23	-20.731319954588475
99.24000000000001	-20.047006148062763
99.25	-19.44921107059594
99.26	-20.016426758603714
99.27	-18.429477757160292
99.28	-16.36743589021547
99.29	-18.413623335223317
99.3	-18.731619077140163
99.31	-20.97220601258448
99.32000000000001	-21.764301373491584
99.33	-17.00749002868489
99.34	-14.72680546009253
99.35000000000001	-13.40477870677124
99.36	-13.67516584845512
99.37	-14.16781314642891
99.38	-12.157641791110626
99.39	-10.19070751325134
99.4	-7.439602959567509
99.41	-8.133892129347048
99.42	-10.346836728152946
99.43	-9.953087000002457
99.44	-8.747333775003508
99.45	-12.011398241068337
99.46000000000001	-18.279545922810673
99.47	-15.95768651468325
99.48	-15.99682326621378
99.49000000000001	-18.75337539159357
99.5	-14.095341543599433
99.51	-21.75279389320604
99.52	-27.97735182828663
99.53	-27.923249072613622
99.54	-36.188987773558765
99.55	-31.330244594725666
99.56	-26.417481872873363
99.57000000000001	-23.20622332495478
99.58	-19.07932702357847
99.59	-19.314439007335547
99.60000000000001	-15.004351089672339
99.61	-15.555925679781403
99.62	-18.216142350434307
99.63	-17.333354312542387
99.64	-17.757321918401328
99.65	-13.224000219941914
99.66	-8.172879047750643
99.67	-8.268382743967368
99.68	-8.813116728093835
99.69	-9.694682447867587
99.7	-7.968619086299395
99.71000000000001	-8.97503609468092
99.72	-7.803586315265056
99.73	-7.184439937105882
99.74000000000001	-5.56002801445385
99.75	-8.008053725416946
99.76	-10.743866578528618
99.77	-9.531391970108492
99.78	-7.971234882855489
99.79	-18.880690455888868
99.8	-15.990099540624094
99.81	-19.450631122205678
99.82000000000001	-20.60622342185172
99.83	-20.62089479140489
99.84	-22.467566776206215
99.85000000000001	-20.093200459949422
99.86	-19.130605211603953
99.87	-17.593726740128737
99.88	-13.697695666595667
99.89	-12.838084039099424
99.9	-18.74966667947901
99.91	-16.172339110967922
99.92	-13.138980876084652
99.93	-15.961704614382596
99.94	-20.500445492921113
99.95	-21.918696744514882
99.96000000000001	-17.586503014440826
99.97	-13.688905366975327
99.98	-10.210874246885766
99.99000000000001	-8.258405027847953
100.0	-7.4483127196013985
100.01	-4.511630254666735
100.02	-4.572243440182293
100.03	-5.5464811173237925
100.04	-4.599401128994947
100.05	-8.007171675462025
100.06	-7.143906531096113
100.07000000000001	-9.250516504410815
100.08	-11.482482617201201
100.09	-10.938242298112039
100.10000000000001	-10.987038228081364
100.11	-11.685247784531256
100.12	-14.36924151968219
100.13	-18.97321076149132
100.14	-25.951575125295136
100.15	-21.584172949137272
100.16	-16.589634913000463
100.17	-12.11364898325158
100.18	-18.40836368816787
100.19	-17.264449728333926
100.2	-16.772662702997092
100.21000000000001	-14.548918786975998
100.22	-18.701778766189737
100.23	-16.96804921073655
100.24000000000001	-16.427671645297657
100.25	-21.92026664969724
100.26	-16.670997952097224
100.27	-13.019920731595318
100.28	-13.800309260720116
100.29	-18.737697141990083
100.3	-15.230662294605194
100.31	-12.880597173194245
100.32000000000001	-14.033350551928875
100.33	-19.64312299823598
100.34	-20.093656169473004
100.35000000000001	-17.867261274289625
100.36	-21.94510797440457
100.37	-20.345773107288252
100.38	-22.184006672661834
100.39	-20.5465631006457
100.4	-24.04174813114683
100.41	-22.274766757472808
100.42	-26.56651607975684
100.43	-26.687873743359116
100.44	-22.35270595818229
100.45	-20.948778122607806
100.46000000000001	-19.827631181598136
100.47	-17.022884300217775
100.48	-14.13811654344728
100.49000000000001	-13.541015344266256
100.5	-16.573826753279747
100.51	-13.973122606949785
100.52	-14.067868213291955
100.53	-15.296067163508418
100.54	-11.450248915824124
100.55	-11.410957014934628
100.56	-15.615569274696655
100.57000000000001	-12.182109443588262
100.58	-13.803251749331633
100.59	-14.716861949312104
100.60000000000001	-13.053723170793292
100.61	-12.66407000037724
100.62	-10.233381597765652
100.63	-13.115361145270755
100.64	-11.272936617537141
100.65	-10.949289555168479
100.66	-13.034428752116492
100.67	-12.737864776605841
100.68	-11.406735384551775
100.69	-10.649893647068863
100.7	-9.783079338655261
100.71000000000001	-9.292764084839874
100.72	-9.739379403886192
100.73	-10.790056488981119
100.74000000000001	-13.683605871817756
100.75	-13.530812455180733
100.76	-12.80469107863101
100.77	-26.98181550563397
100.78	-32.59998133320717
100.79	-24.761711342144437
100.8	-29.55601365719725
100.81	-27.07244831662871
100.82000000000001	-22.79683902915572
100.83	-19.13405818630439
100.84	-15.238824646563984
100.85000000000001	-15.144651513153537
100.86	-15.11771029525325
100.87	-12.657154833373529
100.88	-13.070397615563635
100.89	-13.865640394059634
100.9	-11.840143261752287
100.91	-12.005204572380462
100.92	-15.71060825101778
100.93	-14.766353702944965
100.94	-15.472468849435554
100.95	-16.009970775625032
100.96000000000001	-16.298876849914162
100.97	-18.73087711870518
100.98	-22.43959559417549
100.99000000000001	-25.141863049884584
101.0	-25.035706824591013
101.01	-22.255099417044956
101.02	-17.457231437308263
101.03	-19.025298459726947
101.04	-15.101868302116255
101.05	-13.68841084426831
101.06	-14.302883278818937
101.07000000000001	-12.63287102240106
101.08	-15.08694504074576
101.09	-15.699462828843606
101.10000000000001	-20.490560965290516
101.11	-18.932037875172444
101.12	-18.63037385187294
101.13	-19.418761048246086
101.14	-17.179060131712614
101.15	-19.527269174374744
101.16	-17.69063267085576
101.17	-20.31664219033248
101.18	-21.276663125008707
101.19	-22.077608290311247
101.2	-21.517418893677903
101.21000000000001	-23.4512766175483
101.22	-18.228063143915954
101.23	-18.863730568727952
101.24000000000001	-20.182196404185188
101.25	-16.684253333000644
101.26	-13.635703831000132
101.27	-18.46913833669551
101.28	-17.975893274492343
101.29	-16.584089144617014
101.3	-19.629369471766918
101.31	-15.085731719218145
101.32000000000001	-15.254511153560202
101.33	-17.176507248344837
101.34	-23.200395377918774
101.35000000000001	-20.03940466277875
101.36	-15.430377248067138
101.37	-12.094111647003178
101.38	-9.490780432324623
101.39	-8.040249479052521
101.4	-6.902149446492623
101.41	-8.534799976015394
101.42	-6.989254590490657
101.43	-4.859576340999889
101.44	-6.7213320370310905
101.45	-4.705010973273342
101.46000000000001	-6.846790121466353
101.47	-11.52636329977143
101.48	-9.007498579284
101.49000000000001	-8.362619823335315
101.5	-7.146737218388595
101.51	-4.980997857910635
101.52	-7.230309021702068
101.53	-4.339348789088976
101.54	-5.931807489108135
101.55	-3.5020810579318185
101.56	-0.6694768997555925
101.57000000000001	-3.882497958230913
101.58	-2.113345131675426
101.59	-1.202299200756151
101.60000000000001	-3.040893234210795
101.61	-2.3764698114071923
101.62	-0.8739245634302594
101.63	2.962493332057664
101.64	8.188015559758718
101.65	19.614408930141245
101.66	16.98748717273484
101.67	13.008449601438922
101.68	13.497032448629037
101.69	13.049690802406909
101.7	16.856570852728343
101.71000000000001	15.523585099612443
101.72	13.890007973283442
101.73	15.526384760487801
101.74000000000001	13.493111228447457
101.75	11.17767622472379
101.76	14.361566767677251
101.77	18.396838100548212
101.78	14.40979072612449
101.79	14.557029562484525
101.8	20.765644608131513
101.81	21.55289610785641
101.82000000000001	19.270119963841083
101.83	16.16205321200448
101.84	12.441934957054032
101.85000000000001	9.290181072305863
101.86	13.268836332111043
101.87	13.830875341046376
101.88	11.224678921693291
101.89	10.052635044296393
101.9	13.901846858468998
101.91	17.569216901479724
101.92	21.24351874048626
101.93	22.62013116070278
101.94	19.85175016734717
101.95	19.58033330461618
101.96000000000001	17.489174867764504
101.97	19.49145280309797
101.98	26.507772617678395
101.99000000000001	25.016853864158545
102.0	25.389118788423687
102.01	19.657308536668626
102.02	14.948254508624371
102.03	18.44547476501256
102.04	15.878747907133938
102.05	13.011083658536425
102.06	10.789161124033301
102.07000000000001	14.64223997448895
102.08	20.636691603438543
102.09	20.98664168175785
102.10000000000001	18.625966464179804
102.11	14.976897243740249
102.12	13.374139766033599
102.13	14.141250990580993
102.14	12.975849896476946
102.15	12.843433294593575
102.16	15.396630004043505
102.17	12.447134291720818
102.18	13.770742607200594
102.19	14.752502518004091
102.2	14.530259186155225
102.21000000000001	13.289507567213182
102.22	9.942623106592956
102.23	6.506421914172313
102.24000000000001	6.753906725684119
102.25	12.05087021603954
102.26	12.133802958465074
102.27	12.792837854820972
102.28	14.590554632180696
102.29	13.146852197541198
102.3	13.634037639361933
102.31	12.18908048863824
102.32000000000001	12.539115836152435
102.33	12.739207231985985
102.34	11.21764903943504
102.35000000000001	9.044410573680258
102.36	9.756275780799045
102.37	12.877344804409521
102.38	10.18983122439914
102.39	8.27814422750427
102.4	7.446920832196927
102.41	5.1551070680773865
102.42	4.68063147113077
102.43	6.890183428824298
102.44	6.772292704571234
102.45	6.203345798254843
102.46000000000001	4.746309590536644
102.47	3.0030324956032124
102.48	4.078022208408306
102.49000000000001	3.5952851838739686
102.5	2.913965497159217
102.51	4.3877651129516275
102.52	5.090914990813078
102.53	3.4522342019799086
102.54	1.6431044226830895
102.55	1.7527703193715947
102.56	8.016901844022074
102.57000000000001	12.189039950864222
102.58	10.76227536283924
102.59	13.170532249669614
102.60000000000001	12.618853043990315
102.61	11.069161815971448
102.62	14.838850488756513
102.63	17.130529933852333
102.64	17.7586000460627
102.65	14.53595994216987
102.66	15.037658556018025
102.67	12.151324599809769
102.68	12.774724554478782
102.69	12.487800811955545
102.7	18.293889221475194
102.71000000000001	14.127415519585039
102.72	23.795329219675494
102.73	17.900534812060126
102.74000000000001	22.759775448208515
102.75	32.53684450600533
102.76	26.8883253391265
102.77	23.028688309951693
102.78	25.549941739317998
102.79	19.46230310611893
102.8	21.49312491287757
102.81	22.010642274888912
102.82000000000001	17.376690266172048
102.83	13.509375289992551
102.84	11.221084919161791
102.85000000000001	10.167955363696462
102.86	8.456453536682144
102.87	7.219031150754185
102.88	6.300857133226919
102.89	5.669746132888318
102.9	10.753705334656525
102.91	10.36534206845126
102.92	10.275512582631377
102.93	7.550236533355107
102.94	8.35171675986608
102.95	7.534740962844393
102.96000000000001	11.91098813637935
102.97	14.571929062903227
102.98	17.238145408641476
102.99000000000001	18.81630430346339
103.0	19.90270603973641
103.01	22.164812971200163
103.02	22.5361636728342
103.03	18.25391776845751
103.04	15.777949478384897
103.05	13.018632005706229
103.06	13.527576158949914
103.07000000000001	12.991932452824896
103.08	20.338619091505556
103.09	21.90840504540319
103.10000000000001	16.866473891088095
103.11	20.738297975802013
103.12	28.697894328384308
103.13	26.870304646595034
103.14	33.79012587281937
103.15	30.534198887107312
103.16	25.174650701055146
103.17	29.483455202183816
103.18	31.932321989503894
103.19	31.402452645546408
103.2	30.946199168018975
103.21000000000001	28.623510181396295
103.22	22.66223419460155
103.23	18.646521312356455
103.24000000000001	17.071812642618294
103.25	15.838419463610384
103.26	13.377088677459826
103.27	11.899807766018826
103.28	8.94778178365285
103.29	7.102719183481672
103.3	4.791852291958227
103.31	7.4241096592783125
103.32000000000001	13.270566336576985
103.33	14.58512259577867
103.34	12.752298480875497
103.35000000000001	15.907757944341379
103.36	15.900918095946249
103.37	14.55269946392499
103.38	14.75116102193318
103.39	21.972714506267057
103.4	17.203490434975887
103.41	13.395181760699366
103.42	11.131043629282802
103.43	12.664521362607266
103.44	15.964787380395453
103.45	13.179637614886088
103.46000000000001	12.833059578689484
103.47	9.933349412612431
103.48	9.937550208621687
103.49000000000001	13.932757671103763
103.5	13.068401231731547
103.51	14.969111484556915
103.52	17.051231426131878
103.53	16.609888804259082
103.54	19.659172500709293
103.55	21.663404976884586
103.56	16.82840420437738
103.57000000000001	12.875250259612477
103.58	9.816351694791612
103.59	9.966525156886076
103.60000000000001	7.200420507823518
103.61	5.7973059189649385
103.62	10.663517731586467
103.63	9.901044047072482
103.64	10.930061521915928
103.65	12.615684193935996
103.66	14.969183095706615
103.67	12.921156304827324
103.68	11.755377001464094
103.69	15.40523221717628
103.7	12.699980442350016
103.71000000000001	16.09936362975091
103.72	13.836511483921663
103.73	9.903736871841932
103.74000000000001	9.381821897051072
103.75	10.75099197522086
103.76	10.28219278646897
103.77	12.212337789817854
103.78	12.231152750698055
103.79	14.395469244559326
103.8	13.300251892450337
103.81	12.325947733374706
103.82000000000001	11.619623368803683
103.83	19.001561912092644
103.84	16.52880902833452
103.85000000000001	13.792290683474725
103.86	18.15391404770236
103.87	13.894144634332852
103.88	12.880718335438901
103.89	10.758423459957806
103.9	9.986259392632972
103.91	17.3752559191095
103.92	18.625125035985054
103.93	14.190112285725
103.94	15.066953955349343
103.95	17.910463539617748
103.96000000000001	20.00494287735175
103.97	20.738268220087967
103.98	21.387549469326405
103.99000000000001	19.912337030669278
104.0	20.63535033698659
104.01	15.651680009061993
104.02	16.959445459058188
104.03	13.541861414539234
104.04	11.669630599608086
104.05	14.045505126157561
104.06	14.089854593731406
104.07000000000001	12.53201615349874
104.08	10.491050401382182
104.09	8.159148340727127
104.10000000000001	11.030704673486715
104.11	10.19165089902824
104.12	13.8371166694794
104.13	11.625601293909607
104.14	12.821753407020138
104.15	14.60333596585572
104.16	15.22258237062892
104.17	17.0743393655184
104.18	19.535026444365062
104.19	20.148398494836933
104.2	19.117716068960853
104.21000000000001	17.122593639535257
104.22	22.86069585634902
104.23	18.544533998103415
104.24000000000001	16.845223618070897
104.25	24.92266393801344
104.26	23.132916880256165
104.27	21.53194484084982
104.28	22.380430386662894
104.29	24.996341874533204
104.3	24.178474879102758
104.31	18.943882125100778
104.32000000000001	22.166407358478462
104.33	20.047079079091507
104.34	24.282995510886714
104.35000000000001	31.406294752110817
104.36	27.97357170822356
104.37	24.54444694575683
104.38	20.15273043363291
104.39	21.313063899674837
104.4	25.93841658183661
104.41	19.939370678252903
104.42	17.91030925584439
104.43	16.196185366595742
104.44	15.724652056129326
104.45	14.889763049479797
104.46000000000001	14.082992190754394
104.47	13.72430803674088
104.48	12.062142988756282
104.49000000000001	13.018424933690886
104.5	11.609852915221108
104.51	9.659954341577599
104.52	8.331809708210846
104.53	6.300014127796872
104.54	4.984329625618274
104.55	7.72733403494065
104.56	6.290327560962921
104.57000000000001	6.575112162741939
104.58	7.580384984731907
104.59	8.05766327632112
104.60000000000001	8.491570897392505
104.61	5.097454411872819
104.62	5.726549291569357
104.63	9.684990837954148
104.64	6.0362704259980875
104.65	8.1276001691326
104.66	11.44321606547118
104.67	10.935202340053817
104.68	15.49098454993485
104.69	12.931937283768647
104.7	13.172142967940696
104.71000000000001	13.752170602488684
104.72	11.728821176772467
104.73	14.44296432976949
104.74000000000001	15.98021331118258
104.75	13.59363691552305
104.76	17.109829385423815
104.77	13.807434307833294
104.78	10.50503923023808
104.79	10.729430932919701
104.8	10.971979905949773
104.81	23.431243008146044
104.82000000000001	23.75880385219201
104.83	20.083686573745947
104.84	19.5959156694138
104.85000000000001	19.472800298832794
104.86	18.92404535658414
104.87	14.749769373714313
104.88	11.474292500340367
104.89	11.119764008095988
104.9	13.676921470703594
104.91	9.666720207061594
104.92	7.300332291196352
104.93	10.665207317045109
104.94	15.322765751682963
104.95	14.574676469109484
104.96000000000001	11.58573753524669
104.97	13.181848204449915
104.98	19.350419328261435
104.99000000000001	20.106233651186077
105.0	17.923724727132523
105.01	20.035521443986237
105.02	16.660353192122184
105.03	17.067842539375786
105.04	13.635960404060464
105.05	11.840848072431926
105.06	11.619383181594145
105.07000000000001	17.890360127163973
105.08	16.694407003416263
105.09	14.815452253180519
105.10000000000001	11.825525197120086
105.11	11.64923712757804
105.12	10.854237508905086
105.13	15.20198076268826
105.14	11.642443946462832
105.15	10.472620590647633
105.16	14.205950458070856
105.17	13.6555479609153
105.18	18.666202025771675
105.19	14.006766507016957
105.2	16.42762620087367
105.21000000000001	16.753779602863688
105.22	13.484857237167327
105.23	10.055743706215212
105.24000000000001	7.58677692929445
105.25	11.168956720287284
105.26	9.509880813133444
105.27	11.731498902565718
105.28	13.886569783724118
105.29	14.697446348885444
105.3	18.56931213757791
105.31	14.863483499365742
105.32000000000001	13.13548651443732
105.33	10.493370315496607
105.34	8.069872772543976
105.35000000000001	11.011237291103928
105.36	9.608194403540942
105.37	7.566138140728333
105.38	6.559376725006842
105.39	6.588069451612456
105.4	11.575880376416048
105.41	9.027048820431878
105.42	10.299550719612606
105.43	12.484091010359963
105.44	11.814495247454404
105.45	14.480518191162185
105.46000000000001	14.155334230342692
105.47	11.46724083545291
105.48	12.5825554293749
105.49000000000001	12.505108423876363
105.5	12.501109779387413
105.51	15.753641230437085
105.52	13.45942192252136
105.53	22.1508707629538
105.54	21.59018112534893
105.55	23.632397916654458
105.56	23.708509073847015
105.57000000000001	29.763946835603527
105.58	25.294800609398624
105.59	19.77946525743417
105.60000000000001	16.666591400729104
105.61	15.588312447130313
105.62	14.6129098664384
105.63	13.354292979591078
105.64	16.20140394684279
105.65	13.086640730533624
105.66	10.22839016069427
105.67	11.049961554783298
105.68	16.565595775685146
105.69	15.612271723144648
105.7	19.958167442136624
105.71000000000001	15.77196700873112
105.72	11.346117147301936
105.73	11.429705511406127
105.74000000000001	7.983438933107506
105.75	7.81283805340477
105.76	8.359434927351659
105.77	7.029354868128576
105.78	2.4474801890141142
105.79	3.7889001203236856
105.8	4.533415173391943
105.81	6.73937007792436
105.82000000000001	4.24427828593334
105.83	2.6956464691885
105.84	-2.0358129508189093
105.85000000000001	-4.978629981143581
105.86	-5.844531342427454
105.87	-8.547132857828055
105.88	-8.141910776816006
105.89	-9.443296356769705
105.9	-9.598572602439042
105.91	-11.871807746201116
105.92	-15.57859144302726
105.93	-15.799571255825134
105.94	-15.9514761669513
105.95	-19.318686064269748
105.96000000000001	-20.50079578630237
105.97	-20.402578567895997
105.98	-19.781743893151276
105.99000000000001	-14.56000943021327
106.0	-21.844021735866217
106.01	-17.08077687032201
106.02	-22.689637959087374
106.03	-18.378786860605683
106.04	-20.113490781767098
106.05	-18.825712722426754
106.06	-17.810622479411965
106.07000000000001	-23.93489594426329
106.08	-20.692912506070332
106.09	-26.261754194441078
106.10000000000001	-29.872584790253537
106.11	-30.801090000701166
106.12	-25.15863141532031
106.13	-20.63128460687966
106.14	-18.67596405081315
106.15	-20.73746482087539
106.16	-18.297835924568993
106.17	-17.94813212059419
106.18	-18.47877839220745
106.19	-19.048925216814517
106.2	-21.04564549842017
106.21000000000001	-16.26019048462348
106.22	-12.018010734198599
106.23	-16.288288012436468
106.24000000000001	-17.718445334802166
106.25	-18.12949670900823
106.26	-16.911870516365852
106.27	-14.950531740574588
106.28	-17.31882517026979
106.29	-18.419709881506094
106.3	-14.568094459611173
106.31	-20.346443564193255
106.32000000000001	-16.188439065943786
106.33	-15.05281415871138
106.34	-16.95441710797657
106.35000000000001	-19.47670834107893
106.36	-21.645299735809946
106.37	-24.843096083763715
106.38	-19.53790433350128
106.39	-20.63675793165102
106.4	-16.37577609080302
106.41	-16.193216866215092
106.42	-15.023301302535238
106.43	-11.704043292434852
106.44	-10.783479365616332
106.45	-12.362002221550496
106.46000000000001	-12.317838765291365
106.47	-11.451988889655206
106.48	-9.001292030685427
106.49000000000001	-8.260641749447034
106.5	-7.622884355634696
106.51	-7.572012177820929
106.52	-2.1252175499232693
106.53	1.399544749357436
106.54	3.356602057956234
106.55	4.733205897570507
106.56	3.0828141442437924
106.57000000000001	0.41256630436768027
106.58	-0.7460756586831102
106.59	3.987156345282081
106.60000000000001	5.208421457974328
106.61	3.8834286621184897
106.62	2.345356601018408
106.63	0.7293301167580107
106.64	1.8886981331389578
106.65	9.680217936201775
106.66	12.760112385487716
106.67	10.693886934096696
106.68	10.053536082078832
106.69	11.3065052169962
106.7	10.778273058574543
106.71000000000001	7.298047430727343
106.72	9.994250698171673
106.73	8.00784201600506
106.74000000000001	8.319706144904838
106.75	9.446830403946882
106.76	22.877751522310916
106.77	18.208287396152016
106.78	15.492654623673516
106.79	12.146102576149586
106.8	12.950192018171581
106.81	9.72520188790549
106.82000000000001	9.311071911464339
106.83	7.640513044728733
106.84	5.287602286075062
106.85000000000001	3.8330213955622936
106.86	3.099192166526201
106.87	2.5885859146372305
106.88	4.224895975728032
106.89	3.340996182586946
106.9	6.438826382478015
106.91	11.987007341111198
106.92	11.316618522237665
106.93	12.406718381801971
106.94	18.758909161929747
106.95	20.118197898825763
106.96000000000001	17.642118617711297
106.97	21.949061049034718
106.98	18.629094100274077
106.99000000000001	16.06737081195466
107.0	16.47021992101012
107.01	16.81027908476122
107.02	21.589297806054454
107.03	26.32029887575567
107.04	25.624077036100303
107.05	23.823287351467425
107.06	25.98208794944443
107.07000000000001	21.84806230580503
107.08	20.11690161564145
107.09	20.015954564203188
107.10000000000001	18.011436854297298
107.11	15.693536468974855
107.12	17.183165250433497
107.13	20.880846172267617
107.14	18.592433323976252
107.15	14.513604919754902
107.16	12.751637223637621
107.17	12.335706579922062
107.18	10.340891671898337
107.19	11.184156612086904
107.2	14.301125075555202
107.21000000000001	15.500879410778468
107.22	15.23457217097959
107.23	17.683840948871424
107.24000000000001	17.360689208990763
107.25	16.813050128567756
107.26	19.77991011813433
107.27	15.100378029208022
107.28	14.015965019440573
107.29	22.169248251869842
107.3	18.08563612800707
107.31	14.92709892277212
107.32000000000001	13.669826001582289
107.33	14.926762108779704
107.34	20.485146872678072
107.35000000000001	20.161803168552545
107.36	15.652460827720535
107.37	11.7244754636565
107.38	9.992201110905329
107.39	9.307437329809089
107.4	10.025877608194817
107.41	9.525568459805196
107.42	12.825865864744573
107.43	14.429628613595483
107.44	18.55623501472975
107.45	14.642435944217972
107.46000000000001	15.521358292242873
107.47	19.86526670904472
107.48	18.839251833832428
107.49000000000001	21.06186631064283
107.5	20.78539786051469
107.51	21.00368386576095
107.52	19.086665937739145
107.53	14.924165124771953
107.54	12.426751860811896
107.55	12.30380855539495
107.56	10.351939781023214
107.57000000000001	8.57745867708127
107.58	5.71294095540056
107.59	7.892499455807115
107.60000000000001	12.875750380968011
107.61	10.19039358372721
107.62	12.990015953129864
107.63	11.615883536160096
107.64	9.548299831649526
107.65	12.310540661031554
107.66	10.114742235443675
107.67	9.512036151340931
107.68	7.247181020537259
107.69	4.541501419242721
107.7	7.243326333630208
107.71000000000001	7.866827748132926
107.72	9.363609005612705
107.73	8.030740809371235
107.74000000000001	10.702696075759867
107.75	12.845931227474725
107.76	12.903038420791471
107.77	11.57316839731262
107.78	8.880792161481903
107.79	9.872694619455698
107.8	9.622232056505688
107.81	15.29551090799503
107.82000000000001	18.073858172821936
107.83	19.446632984519272
107.84	26.446820342829717
107.85000000000001	26.649240703956664
107.86	25.10125349459307
107.87	22.474934612571346
107.88	22.519995943957976
107.89	21.776566725098814
107.9	19.246754405923006
107.91	21.317648940844236
107.92	21.428036217117022
107.93	16.05247210073573
107.94	14.736766668596486
107.95	13.798036888054911
107.96000000000001	16.309133876944042
107.97	18.71490867799314
107.98	18.480451042102175
107.99000000000001	15.41291217180305
108.0	12.71898066663128
108.01	9.984913465989564
108.02	10.826306573683903
108.03	18.65344055876673
108.04	22.830526938732177
108.05	25.556220938130313
108.06	28.554138846684904
108.07000000000001	26.426023426138418
108.08	20.602453556958526
108.09	16.384873813557146
108.10000000000001	16.139223089933125
108.11	12.654507373451551
108.12	10.436470359295765
108.13	13.572029837929707
108.14	18.621751871746095
108.15	17.354183773773535
108.16	20.03459503800968
108.17	18.39754722858483
108.18	16.129826295223435
108.19	12.936282405783931
108.2	11.916112279710033
108.21000000000001	16.440358856091322
108.22	20.339294031693566
108.23	20.467962853252658
108.24000000000001	23.586065654984317
108.25	19.060198850262097
108.26	20.4431090904492
108.27	17.82954797475535
108.28	14.425736107736585
108.29	12.628511812038377
108.3	14.311093800993357
108.31	18.58192767612833
108.32000000000001	14.87835034088468
108.33	21.386621527460946
108.34	26.041494012471283
108.35000000000001	22.23651284976987
108.36	21.17660359074651
108.37	16.75315440499083
108.38	15.334140182554139
108.39	13.069921610964725
108.4	14.836790623400438
108.41	11.251572383956121
108.42	11.691055346143768
108.43	13.911638614650714
108.44	16.8688392837577
108.45	13.173422911875159
108.46000000000001	11.981115346073915
108.47	12.478000923020183
108.48	14.2054976999217
108.49000000000001	12.695646461750925
108.5	11.809041259134915
108.51	11.228772357900553
108.52	17.023594563670404
108.53	13.199198509687074
108.54	23.1079187163486
108.55	23.592750898874936
108.56	21.917748676062722
108.57000000000001	19.010740811260625
108.58	14.529507483436445
108.59	12.660411498034875
108.60000000000001	10.61348737881283
108.61	11.740429296687854
108.62	11.664317359963965
108.63	13.867919939171768
108.64	12.784261739749848
108.65	8.721279890482009
108.66	11.45588269767455
108.67	13.207993705931486
108.68	15.05318047672975
108.69	16.265252919634353
108.7	13.610130798410513
108.71000000000001	22.744730109744147
108.72	20.448148248218224
108.73	21.397348551268696
108.74000000000001	17.94559635806966
108.75	26.490249364202956
108.76	32.57203317084287
108.77	28.697546994613873
108.78	25.570439503821518
108.79	20.901517085462732
108.8	21.981362222763003
108.81	19.774490717700978
108.82000000000001	18.084466751322594
108.83	13.184030880230683
108.84	10.051577215378362
108.85000000000001	8.588102140089317
108.86	7.865942663051395
108.87	8.015090857265395
108.88	5.3899831053981115
108.89	6.9465082169830605
108.9	9.92252653215242
108.91	9.241626654802186
108.92	11.077133262042041
108.93	12.343233171496998
108.94	18.03533674153997
108.95	19.22695197571192
108.96000000000001	16.71905366460517
108.97	13.254957089123193
108.98	12.222265565838425
108.99000000000001	13.143662656171307
109.0	14.144821830724487
109.01	13.299065242458777
109.02	12.44758322351379
109.03	12.552626271705797
109.04	10.949660398037558
109.05	15.84106651368343
109.06	17.055531650809876
109.07000000000001	13.67068518786276
109.08	12.522699800810114
109.09	10.105130544272768
109.10000000000001	8.031108217821476
109.11	7.275565112571857
109.12	5.63833809427591
109.13	3.769628016309692
109.14	-0.25402632938638703
109.15	2.552673950424214
109.16	4.724681467781508
109.17	3.0957289056978774
109.18	1.5161627600978027
109.19	2.008707894960869
109.2	4.4769877461287395
109.21000000000001	6.630005395697557
109.22	14.186241988868446
109.23	15.2800137559763
109.24000000000001	17.852914092606504
109.25	21.96816725280775
109.26	18.0511143942135
109.27	16.69886425652857
109.28	13.935082459043837
109.29	18.63782341734151
109.3	16.240650852298245
109.31	16.529682784917963
109.32000000000001	12.742444486706603
109.33	10.501802105186067
109.34	8.049617529234165
109.35000000000001	6.885906745469481
109.36	5.409878937947115
109.37	4.1385260998399644
109.38	3.1136490615513424
109.39	3.947734202162309
109.4	8.520851097826368
109.41	7.986407616432367
109.42	9.578700135467347
109.43	7.8412873003655745
109.44	9.130676372844771
109.45	7.301549420264256
109.46000000000001	5.9891388999360435
109.47	4.309823963454549
109.48	4.046862161081789
109.49000000000001	5.441822128631717
109.5	4.329231506785152
109.51	7.024802474189431
109.52	9.837936453366991
109.53	6.787543092757223
109.54	6.43549585263806
109.55	3.7700806119825083
109.56	5.3919745996202
109.57000000000001	5.096557506459462
109.58	5.126822506468265
109.59	4.900007793854197
109.60000000000001	6.351143486254588
109.61	8.390141265767248
109.62	8.239394400007402
109.63	7.777425727145348
109.64	6.117931875623639
109.65	3.3822158393189654
109.66	3.671519935590665
109.67	3.7840018190433433
109.68	4.322895394339388
109.69	3.690386289505221
109.7	2.4364000220812327
109.71000000000001	1.6566794109292156
109.72	-1.950056136056714
109.73	-8.484948729289938
109.74000000000001	-5.062918139163835
109.75	-4.418538673478651
109.76	-6.448128319949116
109.77	-6.551735554015167
109.78	-10.331817652496296
109.79	-13.705710374814077
109.8	-18.836348637395844
109.81	-17.105051627525157
109.82000000000001	-15.30919227961833
109.83	-17.57244108460123
109.84	-21.272545037912003
109.85000000000001	-22.073065631911255
109.86	-19.408549315154513
109.87	-22.411511785997693
109.88	-19.86578207032787
109.89	-19.31149942969518
109.9	-16.76565250781905
109.91	-16.702758817968206
109.92	-15.616740116132501
109.93	-12.868111711172991
109.94	-13.486015111558036
109.95	-11.047872278477323
109.96000000000001	-11.104357709483086
109.97	-8.664736811867343
109.98	-9.96045020161096
109.99000000000001	-9.341771017907647
110.0	-10.353854402294818
110.01	-11.162030404467156
110.02	-10.256733714842415
110.03	-12.438975223914465
110.04	-12.810066715485966
110.05	-21.944622896720716
110.06	-24.924833325562076
110.07000000000001	-24.136413726479358
110.08	-23.04343303137025
110.09	-21.049644033931152
110.10000000000001	-16.86003872486791
110.11	-15.208497169396127
110.12	-15.297465775235908
110.13	-14.498675553784995
110.14	-20.349841855911006
110.15	-20.14223946793861
110.16	-20.510019480345584
110.17	-23.664702317835964
110.18	-18.697171034731017
110.19	-14.514550590043665
110.2	-25.395091109395445
110.21000000000001	-19.918562415047383
110.22	-16.42233748608493
110.23	-13.491902945879389
110.24000000000001	-17.746852294530523
110.25	-17.159428060082725
110.26	-15.717348347893136
110.27	-13.228579154589397
110.28	-12.668221836235116
110.29	-18.486950942205777
110.3	-25.514844117663273
110.31	-19.832414552461888
110.32000000000001	-17.05454548031099
110.33	-16.575859287140965
110.34	-27.976162989059997
110.35000000000001	-25.890048795427013
110.36	-21.962712988230834
110.37	-25.014312816700574
110.38	-23.767459859138594
110.39	-19.943719896359163
110.4	-20.415258986271084
110.41	-19.294902716613056
110.42	-15.770985059727662
110.43	-14.731165005130803
110.44	-11.480426365005817
110.45	-8.8300712071132
110.46000000000001	-7.325960083593713
110.47	-6.706044955812178
110.48	-10.31293566075573
110.49000000000001	-7.469490284036375
110.5	-5.76222251169224
110.51	-5.030625494806867
110.52	-3.279005601234559
110.53	0.3260778892398104
110.54	4.995902276590924
110.55	4.001104347841287
110.56	3.94615797627593
110.57000000000001	5.04507521623006
110.58	6.104540813565426
110.59	5.6538249735398844
110.60000000000001	5.026508422851843
110.61	7.562528907690136
110.62	10.900782624700323
110.63	11.906323984403972
110.64	11.018031758429425
110.65	14.444475093811496
110.66	24.126897858321787
110.67	28.882803350525286
110.68	27.712059645730108
110.69	25.652944216793667
110.7	19.745923425473876
110.71000000000001	22.526659351359193
110.72	20.779798655970822
110.73	17.570220374478495
110.74000000000001	19.27162082346082
110.75	17.321058173698326
110.76	18.593609384759624
110.77	14.328644254715549
110.78	15.198620205698537
110.79	17.004529398874975
110.8	14.077329369866481
110.81	12.784144541817179
110.82000000000001	17.436202856139897
110.83	20.10524998979241
110.84	21.02793640048643
110.85000000000001	26.99352525815053
110.86	26.639930145575228
110.87	20.845605465521253
110.88	16.471933382831676
110.89	15.856745396434787
110.9	19.277792515523046
110.91	16.099320439692423
110.92	17.137135072132445
110.93	22.671468252949218
110.94	20.130573944013154
110.95	15.818233333770234
110.96000000000001	14.466293736903715
110.97	14.387143004868394
110.98	13.81953489590946
110.99000000000001	10.65411087873886
111.0	8.57558283907425
111.01	10.797922800902747
111.02	7.192842761282226
111.03	6.299339469934541
111.04	8.684005441469035
111.05	8.017816213491658
111.06	4.633560009936633
111.07000000000001	3.376267565725081
111.08	9.973024193931009
111.09	8.738836038369588
111.10000000000001	9.055470547729389
111.11	9.417704968500537
111.12	11.957072233623352
111.13	14.89595330347575
111.14	24.991260045202466
111.15	28.164494621614008
111.16	33.25950244552167
111.17	33.10885085145643
111.18	29.73203190993259
111.19	28.311682790142044
111.2	22.041978409558592
111.21000000000001	17.1311343647706
111.22	13.9228710663976
111.23	15.241953206083297
111.24000000000001	19.306320204923832
111.25	20.840010464252426
111.26	16.572877684150296
111.27	14.090695864212902
111.28	12.909206820272937
111.29	14.148836203843125
111.3	15.486917181914842
111.31	19.612494526639534
111.32000000000001	15.569033568772198
111.33	12.267935017411586
111.34	11.533000055440043
111.35000000000001	13.113372973865712
111.36	17.830570072108525
111.37	14.626572364508446
111.38	16.10678202925743
111.39	14.472366483981034
111.4	15.377752853556096
111.41	14.222159901200493
111.42	18.1608105444701
111.43	24.42863828958334
111.44	24.19283096657588
111.45	22.863145513771023
111.46000000000001	25.88657222539199
111.47	19.613161446964796
111.48	15.425574805708079
111.49000000000001	17.96738689619475
111.5	18.47151209961535
111.51	18.011291319631862
111.52	14.882604010608684
111.53	12.59361686037208
111.54	15.692638520118948
111.55	14.476660430750295
111.56	14.845843184291956
111.57000000000001	15.168494307109
111.58	13.358626673463975
111.59	13.837807843321581
111.60000000000001	11.504784511264983
111.61	19.011399077326093
111.62	17.266036058630764
111.63	15.433933106298168
111.64	14.211403205698618
111.65	15.74142506526484
111.66	13.389767829056515
111.67	13.936955995368262
111.68	14.20018592187093
111.69	11.454895637048455
111.7	13.070753478521997
111.71000000000001	14.52494092398271
111.72	15.216502628448666
111.73	12.484209003233053
111.74000000000001	11.806448492111013
111.75	10.317620730768985
111.76	12.129842457154709
111.77	18.0647578069247
111.78	18.891714294530342
111.79	14.698980181362408
111.8	10.945379885965028
111.81	10.062494847858797
111.82000000000001	12.140443703877995
111.83	12.66497922957804
111.84	14.130909959940857
111.85000000000001	17.913055211467753
111.86	22.763042517041235
111.87	20.383256812338274
111.88	19.63506803378565
111.89	23.452583039428127
111.9	23.169189398516604
111.91	21.149458555783646
111.92	18.099823516697423
111.93	21.08919882311185
111.94	23.612496553477186
111.95	26.207333829160287
111.96000000000001	20.392684138972335
111.97	18.50253618664751
111.98	18.976014844337552
111.99000000000001	17.86824239495996
112.0	16.442493252776636
112.01	18.59778096131265
112.02	13.880868518903284
112.03	15.20113871305072
112.04	13.184085905867896
112.05	14.822483657962824
112.06	12.173414762684649
112.07000000000001	10.006066812977581
112.08	9.143167804892721
112.09	9.289996345083988
112.10000000000001	10.46710136758681
112.11	11.958343663848154
112.12	11.889723599765345
112.13	15.695453262456361
112.14	17.437873571407508
112.15	19.886398787020465
112.16	22.99759524775686
112.17	20.720899182684654
112.18	28.615265330201982
112.19	27.990842056453143
112.2	29.51366011286892
112.21000000000001	25.152357771466647
112.22	21.56267062039475
112.23	17.588437443009443
112.24000000000001	21.197708935874783
112.25	20.41948618635737
112.26	23.88997348393606
112.27	21.4574655653422
112.28	22.092972835494066
112.29	21.1076891080252
112.3	20.89645882834551
112.31	18.609252162805127
112.32000000000001	30.284843640734074
112.33	35.46696062656372
112.34	32.943069109281446
112.35000000000001	25.905104700856295
112.36	22.0453164346797
112.37	17.2910466711636
112.38	14.10129812483721
112.39	11.780287195076319
112.4	14.20234776805793
112.41	16.958059100847954
112.42	17.56483118658648
112.43	19.843579174712477
112.44	18.946067346031178
112.45	22.265015283431975
112.46000000000001	27.717144000283966
112.47	22.011208611073698
112.48	20.499537552725496
112.49000000000001	19.66061552769331
112.5	16.497136928264215
112.51	14.941747620470636
112.52	15.614685734184567
112.53	17.680401495433923
112.54	20.00994233693406
112.55	16.3231499589673
112.56	12.832655050571285
112.57000000000001	16.655372228106845
112.58	16.52349866610482
112.59	17.549680857302636
112.60000000000001	22.048269207402925
112.61	24.521186096819786
112.62	21.914853741655474
112.63	22.64601244137238
112.64	20.69199239564167
112.65	25.604420115084853
112.66	22.443736420436835
112.67	22.36044782739625
112.68	19.93191762912426
112.69	21.383134022570662
112.7	24.57876027770028
112.71000000000001	27.828344646679792
112.72	26.52911108035527
112.73	24.983457001616365
112.74000000000001	20.24045375492014
112.75	15.382494000338204
112.76	13.326221534584793
112.77	11.527901734619036
112.78	12.264613258840903
112.79	9.648624627735735
112.8	10.02619987823181
112.81	7.063400206276561
112.82000000000001	12.086506500785287
112.83	13.976162382942968
112.84	15.816388499846099
112.85000000000001	12.319700195052446
112.86	16.553113505021468
112.87	17.193189538303237
112.88	13.155948499141546
112.89	10.868124583478346
112.9	9.424115625833076
112.91	7.11450844898543
112.92	12.347947322799918
112.93	11.398682537842955
112.94	8.54875189828715
112.95	7.283599868239631
112.96000000000001	9.248005375615548
112.97	9.000930964508791
112.98	16.70673961237052
112.99000000000001	14.350861357222975
113.0	22.26075184498007
113.01	23.517936729030055
113.02	19.68994520542453
113.03	15.129277564068902
113.04	16.436592304432203
113.05	23.766777014518766
113.06	20.674927064085256
113.07000000000001	26.574513514211276
113.08	21.733704112815424
113.09	24.87318021495611
113.10000000000001	28.63973547421014
113.11	24.583291514854373
113.12	21.555535865849745
113.13	16.714002346710558
113.14	15.130456595299451
113.15	16.10227718261822
113.16	16.583863740660117
113.17	15.779073758998576
113.18	20.94004148232586
113.19	27.697582929878326
113.2	27.88933228490637
113.21000000000001	25.673769001064677
113.22	27.982723475196302
113.23	22.919491652668214
113.24000000000001	18.6515012234895
113.25	14.218782187523416
113.26	10.275761818178568
113.27	13.470932317884948
113.28	11.395065327343021
113.29	11.406239049044608
113.3	14.319219745339325
113.31	11.353841529463761
113.32000000000001	11.113175138736427
113.33	12.382900806422398
113.34	20.955143111776867
113.35000000000001	26.693167597386253
113.36	31.722277170262664
113.37	26.380920421483044
113.38	25.868061019046444
113.39	20.648223018315953
113.4	15.941635033802882
113.41	13.650662523063465
113.42	14.819111318909078
113.43	22.521260989237664
113.44	27.178102983310463
113.45	28.724446253077094
113.46000000000001	26.55226854309188
113.47	23.794855661844917
113.48	19.79125691687194
113.49000000000001	18.482782273874435
113.5	16.23709269442818
113.51	16.018623650830236
113.52	22.315913308359733
113.53	30.364060622315566
113.54	33.219439608167995
113.55	25.783410165216473
113.56	27.346217312958878
113.57000000000001	21.52496998822108
113.58	22.03551214588389
113.59	31.193940859080598
113.60000000000001	28.843988051345256
113.61	26.48835343239662
113.62	21.553379635234375
113.63	23.143554464029965
113.64	25.61346851359154
113.65	28.293072464498596
113.66	25.90588621504851
113.67	27.39095189557122
113.68	23.404109509740596
113.69	22.26596363222494
113.7	19.693642359775183
113.71000000000001	26.26993287323021
113.72	24.03425660070124
113.73	22.677338168218018
113.74000000000001	27.07700719524492
113.75	30.310490539243006
113.76	34.19926939164296
113.77	28.084346296390535
113.78	26.027450294055217
113.79	22.292338718135746
113.8	18.574388103117446
113.81	20.74637296053986
113.82000000000001	17.443131030714977
113.83	21.731684963858115
113.84	23.077957144813464
113.85000000000001	21.53320688881749
113.86	20.020130415924392
113.87	21.009232456266414
113.88	24.341633102353715
113.89	21.412584684748662
113.9	25.879621268868892
113.91	27.286701532881857
113.92	27.352219201672543
113.93	27.48011934524366
113.94	26.193475124838297
113.95	23.415920352139743
113.96000000000001	18.672731189946628
113.97	25.1658430590024
113.98	21.30760134305654
113.99000000000001	20.222537659418766
114.0	17.912975249274798
114.01	15.793921421089404
114.02	18.272591511163668
114.03	22.36474573008001
114.04	21.130951595035157
114.05	17.73180611994784
114.06	14.208381077050271
114.07000000000001	11.279458353520244
114.08	10.302427868871622
114.09	8.740465068568692
114.10000000000001	18.626680247674468
114.11	21.77207354973636
114.12	16.522971836437293
114.13	12.024908035918756
114.14	12.758447791324214
114.15	17.766355365985387
114.16	19.66273173633648
114.17	20.581919262439868
114.18	31.02415305009558
114.19	36.141638035249905
114.2	32.95815090605584
114.21000000000001	26.370948594979115
114.22	20.99706996752058
114.23	18.928009380733943
114.24000000000001	17.923835080099284
114.25	19.27241603291034
114.26	18.668263583303244
114.27	15.024239354308492
114.28	12.463477156064442
114.29	10.159926941329879
114.3	9.853455527150192
114.31	9.011704753444535
114.32000000000001	10.426903060048216
114.33	9.737728302293753
114.34	9.772793748107427
114.35000000000001	8.49933041685355
114.36	7.808998896702
114.37	8.23583919798662
114.38	13.218163793680624
114.39	14.378590514048128
114.4	11.284845195698331
114.41	12.176626181674836
114.42	14.173019914459323
114.43	13.02069826690138
114.44	13.64682522622647
114.45	19.436162646492882
114.46000000000001	17.3402749149001
114.47	12.796579945461993
114.48	12.874508435142383
114.49000000000001	14.37502432692042
114.5	14.296757456885118
114.51	11.086481537014075
114.52	13.142242901737522
114.53	9.807528553625534
114.54	7.949762227604947
114.55	8.92401000217964
114.56	8.792404767368858
114.57000000000001	7.7484282305734835
114.58	9.548648846631838
114.59	9.369449570733655
114.60000000000001	5.606031218375313
114.61	6.370192239749871
114.62	7.9774408440834454
114.63	5.045700706150736
114.64	3.449655816964762
114.65	5.2496361370471245
114.66	5.9792723835501524
114.67	14.634303539872155
114.68	13.86609163129597
114.69	13.331530796879711
114.7	9.861451818143966
114.71000000000001	10.651728848657635
114.72	10.648359122911769
114.73	10.976928893553957
114.74000000000001	7.934316675681987
114.75	7.081622052338803
114.76	3.5631313084587246
114.77	7.539791895553205
114.78	7.392244052945051
114.79	7.386922896396336
114.8	8.49647190071785
114.81	11.418174049056304
114.82000000000001	9.030903758818264
114.83	9.40800745415355
114.84	11.511382929809093
114.85000000000001	14.051053116800169
114.86	11.17577244797923
114.87	10.51574969870849
114.88	8.628851074878673
114.89	8.476567302540355
114.9	10.639386544382473
114.91	11.409429332866933
114.92	8.380590505033544
114.93	9.053038470113963
114.94	12.718420845102273
114.95	16.83875333671041
114.96000000000001	17.8372381659185
114.97	13.84345166828794
114.98	14.104837119237798
114.99000000000001	20.75518123355197
115.0	24.625103643286362
115.01	21.263979430375826
115.02	16.86150376532948
115.03	15.663256455196
115.04	15.148038481633327
115.05	13.09758175831698
115.06	12.157028420460279
115.07000000000001	10.579903729967942
115.08	11.897256390497764
115.09	10.539801955678868
115.10000000000001	13.146170104500237
115.11	17.11768535152022
115.12	15.242247082599249
115.13	12.490813316715766
115.14	18.097802314940388
115.15	22.62497170670834
115.16	23.486442241683775
115.17	22.786538252975152
115.18	21.628578388879276
115.19	19.385502940460334
115.2	14.18335382426383
115.21000000000001	17.151118959166947
115.22	17.672042764305967
115.23	19.21671509520492
115.24000000000001	17.99712906460998
115.25	16.196856514063704
115.26	16.461548218215242
115.27	15.70983759766303
115.28	17.6247476888628
115.29	20.46216248442824
115.3	16.840931054650937
115.31	20.52461188173566
115.32000000000001	24.22091925096733
115.33	19.933842294829866
115.34	15.59301624746639
115.35000000000001	12.861829372469119
115.36	16.36125249601477
115.37	15.173976302390457
115.38	16.133518438886714
115.39	16.262442289037008
115.4	13.605052382500729
115.41	11.598632522456048
115.42	13.938517424077395
115.43	12.578508472600179
115.44	17.92350990294254
115.45	13.87669324954638
115.46000000000001	14.960727336979051
115.47	14.603199925831502
115.48	15.090830196195734
115.49000000000001	11.80202147957325
115.5	13.529166921529187
115.51	12.957579754467163
115.52	10.301339209066395
115.53	7.214983971643305
115.54	6.326572362403126
115.55	10.426505739757893
115.56	11.580543775623793
115.57000000000001	10.321736636218398
115.58	8.667945546583688
115.59	11.03698559805827
115.60000000000001	17.89923050461931
115.61	21.513002951144898
115.62	22.854566068461097
115.63	26.35325999362885
115.64	22.352548945644898
115.65	27.79977906709198
115.66	21.693569855138428
115.67	24.202912608014305
115.68	20.511745633191975
115.69	22.597667596180283
115.7	21.089053212536978
115.71000000000001	17.549532629478882
115.72	24.592436959000334
115.73	21.88768289311999
115.74000000000001	19.992507800458796
115.75	19.459675318593227
115.76	17.124999971563163
115.77	13.134078112991329
115.78	17.17083253237792
115.79	18.05368746653447
115.8	14.718514277808588
115.81	16.263123608657732
115.82000000000001	13.065827550287334
115.83	12.968423322602078
115.84	9.887858611880644
115.85000000000001	16.094803777594656
115.86	12.54913404228794
115.87	10.672323109569609
115.88	11.642260472438961
115.89	10.057231512930972
115.9	14.303350712629912
115.91	12.270887224260337
115.92	19.14631543668062
115.93	27.016878993311174
115.94	27.822160583950843
115.95	26.64322477704828
115.96000000000001	20.65690785607066
115.97	16.692098667395406
115.98	13.63158427601075
115.99000000000001	16.35748828615376
116.0	18.49544337918874
116.01	14.909885879190055
116.02	13.028934967787512
116.03	18.613108170548678
116.04	21.179866489028928
116.05	17.696391704403826
116.06	19.393512725779686
116.07000000000001	24.79902012337446
116.08	19.31055800784248
116.09	17.147511084387194
116.10000000000001	17.766300232696395
116.11	22.36837182311517
116.12	20.89634624168984
116.13	16.018973601493744
116.14	14.155717816920696
116.15	12.51927658652927
116.16	10.289491863737322
116.17	12.526866200282708
116.18	20.240549305983127
116.19	23.280262367816352
116.2	19.69270306353607
116.21000000000001	19.763432284181995
116.22	14.99184943524286
116.23	12.31697121541957
116.24000000000001	18.604416691070295
116.25	17.671062743548667
116.26	13.426106376820991
116.27	9.45770193050849
116.28	14.169834487581253
116.29	18.979494389669885
116.3	14.6641772526694
116.31	13.605053738566742
116.32000000000001	14.47498351171158
116.33	15.691526376816029
116.34	24.507989972448616
116.35000000000001	23.230494402154346
116.36	19.33661733037147
116.37	15.146909027511803
116.38	14.856497594026365
116.39	13.503150409734717
116.4	11.761884717736727
116.41	10.16650144235979
116.42	10.645320175997231
116.43	17.467514261132877
116.44	17.90726177290553
116.45	13.684660818903769
116.46000000000001	8.347468436640444
116.47	7.088403537266775
116.48	7.691955933234817
116.49000000000001	8.89685946240821
116.5	9.869289077534637
116.51	13.608184992054877
116.52	15.079621692324459
116.53	13.674597116634395
116.54	10.91890525545911
116.55	8.248335151282195
116.56	7.484887127361481
116.57000000000001	6.775652018936408
116.58	9.935397785775885
116.59	16.168682679501725
116.60000000000001	14.916421682929116
116.61	12.937160930042209
116.62	13.763539728536006
116.63	14.883892994843734
116.64	13.994489200735094
116.65	15.711791448677292
116.66	18.015483832091295
116.67	16.50486788072341
116.68	18.244224937732035
116.69	19.590223924844633
116.7	26.448653571014948
116.71000000000001	20.09708894976737
116.72	17.407494725801133
116.73	13.580567935685522
116.74000000000001	11.315447296867658
116.75	7.685613800357454
116.76	9.023646079053233
116.77	13.896567206989863
116.78	13.200130835922355
116.79	14.42444918775216
116.8	14.670468970508265
116.81	12.981639497484231
116.82000000000001	9.861033169698945
116.83	8.656646360132903
116.84	11.205236265025304
116.85000000000001	22.454275916707118
116.86	25.605451925163784
116.87	25.097365182435603
116.88	22.2927960868662
116.89	21.68918117479086
116.9	21.25370130493698
116.91	22.21265677506387
116.92	22.44801656310358
116.93	23.22989222155686
116.94	22.341929674039374
116.95	20.233760541138924
116.96000000000001	19.232623896254797
116.97	21.417108278079553
116.98	24.81537322957611
116.99000000000001	21.084365100795203
117.0	17.227276151676698
117.01	19.698198204775363
117.02	16.47942868504383
117.03	12.421216473458827
117.04	15.782349731861004
117.05	19.97388530737933
117.06	22.60014223236352
117.07000000000001	18.754812034715187
117.08	18.83241743665551
117.09	17.140467133790107
117.10000000000001	17.22181255759702
117.11	13.02054592040858
117.12	8.643823677839414
117.13	8.953021872121031
117.14	8.840151531011099
117.15	11.41258022915811
117.16	16.240256723465578
117.17	16.588667028681034
117.18	19.503503712698993
117.19	14.992801507547123
117.2	16.392267172079205
117.21000000000001	12.203877060058353
117.22	10.448130032508697
117.23	9.0905850264906
117.24000000000001	8.765047785742091
117.25	8.73730207072092
117.26	9.050106704276326
117.27	16.155499923881678
117.28	21.139928471022053
117.29	20.471092811732582
117.3	20.059670706912726
117.31	16.162208325168915
117.32000000000001	17.18617018462325
117.33	13.416466923513365
117.34	11.393557802628031
117.35000000000001	10.890601246653553
117.36	16.825463368214205
117.37	16.697223260226128
117.38	24.841290510373348
117.39	19.312331388309232
117.4	16.731526334751457
117.41	13.040839756549374
117.42	12.37071834577651
117.43	15.162875390428344
117.44	13.268451200641959
117.45	15.531368138798703
117.46000000000001	16.513459816660337
117.47	13.388826944269136
117.48	17.3303041756887
117.49000000000001	16.633587011304932
117.5	14.846285408980492
117.51	18.939168581946735
117.52	15.72149188707984
117.53	17.916760034232457
117.54	18.47433565308597
117.55	20.89803490823419
117.56	22.273367382091767
117.57000000000001	18.51251280371277
117.58	16.128993419094524
117.59	15.354015537999793
117.60000000000001	12.156909991355482
117.61	19.05183798049163
117.62	29.186330536287272
117.63	25.635110331324295
117.64	22.24368580591033
117.65	19.36120921097128
117.66	31.836252221410483
117.67	34.04517812921654
117.68	34.43268258308851
117.69	31.980166934420303
117.7	25.781079952484735
117.71000000000001	20.45244115229868
117.72	17.911857620185565
117.73	19.211873063522763
117.74000000000001	18.553478388430765
117.75	17.794049078639315
117.76	19.72542770242764
117.77	20.9354540372669
117.78	22.9589014215813
117.79	20.82973200608336
117.8	18.266797256619913
117.81	23.584555608985102
117.82000000000001	25.8874444905715
117.83	22.970752641713894
117.84	21.71785697894927
117.85000000000001	20.51607534347498
117.86	16.64485807273159
117.87	13.851120172853975
117.88	15.545797019797831
117.89	17.985708514832016
117.9	14.094953327687112
117.91	12.44764971142807
117.92	11.559049717115773
117.93	14.007326512969248
117.94	15.033216953955796
117.95	13.437640345120215
117.96000000000001	11.333997093374576
117.97	7.953243414822844
117.98	8.076143650032524
117.99000000000001	8.773574817323757
118.0	7.3958945871849915
118.01	10.406747186119135
118.02	9.02936499139227
118.03	11.483334445855629
118.04	11.829800091904486
118.05	10.888502584551217
118.06	9.450241876253553
118.07000000000001	7.604135240783583
118.08	5.797434366822643
118.09	0.1922919522427458
118.10000000000001	2.006179383961591
118.11	5.047826575059435
118.12	5.192099590268677
118.13	5.124719786680602
118.14	4.743283033180067
118.15	4.507910282176353
118.16	5.159402898773152
118.17	4.565770845957265
118.18	6.169981044841984
118.19	4.314615371354831
118.2	6.147985334470962
118.21000000000001	7.044517452583887
118.22	5.115708903053552
118.23	7.875494334006594
118.24000000000001	8.57666845726819
118.25	9.749023587778764
118.26	12.864596648133064
118.27	9.81616758988119
118.28	6.76773853162498
118.29	6.0791463011887545
118.3	5.413442378068446
118.31	6.917866888480036
118.32000000000001	4.799960045743564
118.33	5.441478316687757
118.34	6.723828283805281
118.35000000000001	8.024500146113043
118.36	12.819459576833111
118.37	10.127227851374988
118.38	9.412853699690386
118.39	11.38995711780934
118.4	10.012693123065912
118.41	8.580379460033999
118.42	6.055035471843524
118.43	4.57603393552464
118.44	7.518382065572316
118.45	18.533941759810396
118.46000000000001	14.817260383582264
118.47	12.220709294793696
118.48	12.175747405542634
118.49000000000001	12.159142261310546
118.5	15.385695643792488
118.51	26.263538640686992
118.52	27.577457715211732
118.53	22.859428361413766
118.54	18.70097320057169
118.55	21.851349772413887
118.56	19.222642617398673
118.57000000000001	23.718711941977187
118.58	24.66891916772912
118.59	22.66791019923865
118.60000000000001	17.582401312531434
118.61	15.679537827649204
118.62	14.684871929136875
118.63	17.606398885813082
118.64	15.451804333115527
118.65	16.811583624027136
118.66	21.472403737587854
118.67	27.038577941485
118.68	22.738657994738922
118.69	23.188484478075214
118.7	26.06749643712437
118.71000000000001	24.742321438867886
118.72	18.63969178514286
118.73	14.713186020834089
118.74000000000001	12.085523652741152
118.75	9.302999529968396
118.76	9.840690487441446
118.77	11.982870697211805
118.78	12.319818915995882
118.79	8.968735894827441
118.8	7.528919651088193
118.81	9.488321956671404
118.82000000000001	13.19904549841106
118.83	13.109240516951855
118.84	21.882138488618356
118.85000000000001	19.82581872239888
118.86	17.310383026995574
118.87	16.54496119446279
118.88	16.368826696076297
118.89	21.132740457499118
118.9	26.358651044943162
118.91	21.154472227863454
118.92	20.817506738419578
118.93	20.834923892556457
118.94	27.32446524064406
118.95	28.45166632329211
118.96000000000001	29.85232656695568
118.97	35.80941001507902
118.98	32.11480290846304
118.99000000000001	30.000486259805438
119.0	37.74351137526295
119.01	31.000040239089888
119.02	25.544179352848435
119.03	22.3699483868201
119.04	18.332546785591234
119.05	22.873722550676106
119.06	20.253825186189218
119.07000000000001	15.327406103959397
119.08	13.85189433955557
119.09	11.270249222251982
119.10000000000001	13.792348385527777
119.11	10.501943388103912
119.12	7.542110412861669
119.13	7.024176200436166
119.14	5.10727559456837
119.15	5.639928808591779
119.16	6.9676066741188
119.17	12.088818178050726
119.18	16.80237321262833
119.19	18.83138445895213
119.2	15.251288319592879
119.21000000000001	11.671192180233636
119.22	8.46097973848112
119.23	7.197205897012355
119.24000000000001	5.933432055543592
119.25	4.669658214076624
119.26	4.962187176751592
119.27	5.2475033537545706
119.28	5.199685185714224
119.29	8.3103262504097
119.3	16.690298037396353
119.31	17.13872902352329
119.32000000000001	18.420025726241363
119.33	15.737925439039945
119.34	12.013468315936983
119.35000000000001	9.022438600012778
119.36	11.143602927757865
119.37	9.420351344341423
119.38	7.834509575798888
119.39	7.8597607061075365
119.4	5.009489143165322
119.41	7.904727549601126
119.42	5.436536687381442
119.43	6.874830511168884
119.44	8.492336845735196
119.45	12.023199423072194
119.46000000000001	11.897999747323103
119.47	14.785178630709273
119.48	13.2288059888854
119.49000000000001	15.37389939423446
119.5	21.94790144992041
119.51	22.440647610715057
119.52	16.700559729452664
119.53	21.449784598570517
119.54	19.56220193315282
119.55	26.740466266384963
119.56	23.845154256820656
119.57000000000001	22.703282799911833
119.58	17.523771291924632
119.59	13.251911537494204
119.60000000000001	15.384069211494063
119.61	13.610512492250072
119.62	10.102388479023322
119.63	7.952288829455471
119.64	7.313531718689439
119.65	10.070052992343047
119.66	15.280534272841134
119.67	13.179113593284317
119.68	13.335401464034764
119.69	13.749598942783251
119.7	16.646331182720203
119.71000000000001	15.544716075353529
119.72	17.18541486046014
119.73	16.48335103360656
119.74000000000001	17.212312894681677
119.75	18.766642318293552
119.76	14.948914787521128
119.77	15.565430472172903
119.78	14.924252103964513
119.79	16.226674033851147
119.8	17.623236393123126
119.81	19.36258963330329
119.82000000000001	16.673230142799785
119.83	18.698198150293308
119.84	18.732900927567986
119.85000000000001	21.664312612616406
119.86	20.15276363429418
119.87	30.42508552591578
119.88	27.146747087992193
119.89	21.448390776744297
119.9	20.784498659251522
119.91	21.873814249243313
119.92	24.29428455922285
119.93	22.199057582167097
119.94	17.128433919611673
119.95	13.013235752155147
119.96000000000001	11.862600583602982
119.97	15.254790190215754
119.98	17.640779259260555
119.99000000000001	20.98804615906895
120.0	22.09490739222485
120.01	18.76406032398818
120.02	16.689406197530054
120.03	16.263269563342664
