0.0	19.333313320921366
0.01	25.442422130072213
0.02	22.007431022262743
0.03	21.53912390145319
0.04	20.782719951373927
0.05	18.80942077070652
0.06	20.312451302766867
0.07	15.952833719635159
0.08	12.510184129043129
0.09	16.245588278121208
0.1	12.159817973407398
0.11	11.71507662647708
0.12	9.718734531109602
0.13	11.30853073355147
0.14	12.884616314726522
0.15	10.000365201482367
0.16	7.744653766530036
0.17	5.831242325339694
0.18	6.399955099769614
0.19	6.101484759746287
0.2	7.1480153159937565
0.21	6.665027842071657
0.22	7.597890196483248
0.23	6.408565979398119
0.24	4.777376180496486
0.25	4.333590871746278
0.26	4.769096507089831
0.27	7.324033041484165
0.28	6.683328226543791
0.29	7.620206903359864
0.3	8.530131936248242
0.31	12.056628663805464
0.32	9.451679821797814
0.33	9.369424068254085
0.34	8.974891082220921
0.35000000000000003	8.594980374118096
0.36	6.973266784675981
0.37	6.4325410560093115
0.38	5.711348603937273
0.39	8.847666860613112
0.4	10.164557801513466
0.41000000000000003	12.218839612352948
0.42	15.03278257154362
0.43	13.774711292172828
0.44	9.566932347587105
0.45	10.619359728179278
0.46	10.064442252481092
0.47000000000000003	7.934223744565446
0.48	7.792821636531192
0.49	11.927765799815429
0.5	11.204334671601124
0.51	14.78978757166898
0.52	12.512013973960562
0.53	16.060980232715238
0.54	17.995187305467482
0.55	19.0984468433919
0.56	15.77038782825867
0.5700000000000001	11.9402523335544
0.58	7.144338224107197
0.59	4.031595126084166
0.6	2.4207810580062494
0.61	3.159874448169847
0.62	4.297312761262994
0.63	7.1439473616448925
0.64	18.283885178216465
0.65	20.566470900713686
0.66	20.17227715730819
0.67	19.546089837671595
0.68	14.409582907921363
0.6900000000000001	15.633103157419097
0.7000000000000001	14.958704523341865
0.71	11.181979009875526
0.72	13.976073963573183
0.73	19.38542547805882
0.74	15.573050061938584
0.75	22.80167456425955
0.76	27.948029483057105
0.77	26.072375997584725
0.78	22.057134098614625
0.79	19.912636155935324
0.8	18.056710324535178
0.81	14.017873864721425
0.8200000000000001	12.954111212902149
0.8300000000000001	10.853664917091693
0.84	8.827178304603075
0.85	6.969871297121987
0.86	10.220946568194456
0.87	11.550106962073164
0.88	11.700001948170703
0.89	9.822917118994768
0.9	8.83116251887447
0.91	11.847686338753013
0.92	17.58854742906687
0.93	18.56314428975395
0.9400000000000001	22.517157911560194
0.9500000000000001	14.274263259266194
0.96	11.41622890648553
0.97	11.645318231411666
0.98	15.517950168470902
0.99	10.160986621321724
1.0	11.027813937173827
1.01	11.520441408436525
1.02	8.072726927579014
1.03	4.931535126024459
1.04	0.17157273529860692
1.05	-2.029102895874997
1.06	-2.609502619206221
1.07	-4.384917213199399
1.08	-5.579084554533904
1.09	-4.69482291078017
1.1	-0.2490684938852333
1.11	2.9609001708773994
1.12	3.8354805971553727
1.1300000000000001	3.5653944801448745
1.1400000000000001	3.696425711536343
1.1500000000000001	2.3262331560484104
1.16	1.1533235547622709
1.17	6.019198073502411
1.18	7.844592734967138
1.19	6.098613369270322
1.2	5.694024638363897
1.21	4.57471231184566
1.22	1.6033051288815827
1.23	1.1566821651712633
1.24	4.786060739312232
1.25	5.239115048403308
1.26	9.245459463321001
1.27	10.829484885549922
1.28	13.50216366770235
1.29	10.8699375313319
1.3	12.031921814230838
1.31	8.843487804125983
1.32	7.97698317858685
1.33	9.44324769678912
1.34	8.423445877210936
1.35	10.678256981139102
1.36	14.179042645755016
1.37	13.71740265232985
1.3800000000000001	11.394503156958459
1.3900000000000001	8.038785836271686
1.4000000000000001	7.657750850228987
1.41	6.557737619269571
1.42	7.17110861455199
1.43	3.8199276433318743
1.44	-0.32321707558441365
1.45	2.6576561312144915
1.46	-1.3214455018343731
1.47	0.4859473523065374
1.48	1.980861649283734
1.49	-2.276065613828749
1.5	-0.6709423974849662
1.51	3.204186078221049
1.52	2.1211233241125518
1.53	0.5790840011689155
1.54	-1.4697345936634898
1.55	1.7905597624570004
1.56	1.0763280335010976
1.57	2.667299189539606
1.58	2.5586849931771116
1.59	2.379770692069522
1.6	2.8863991028541536
1.61	4.578607830250919
1.62	6.497451064897776
1.6300000000000001	5.520420797540579
1.6400000000000001	3.6188145295633127
1.6500000000000001	2.200568485720851
1.6600000000000001	4.352824937117477
1.67	2.2241214723251086
1.68	3.191474115113933
1.69	1.3449306467657471
1.7	0.31445152211170574
1.71	-0.1883933217996291
1.72	0.6928960181004941
1.73	0.9709959718481006
1.74	-1.6293773977445947
1.75	-2.2933103426302526
1.76	-3.0235059265558557
1.77	-7.606005371446464
1.78	-5.609622266946595
1.79	-4.8108250179173
1.8	-0.8255880534720733
1.81	1.3639061189103625
1.82	3.9344274356688356
1.83	5.104011911972152
1.84	6.050700103908566
1.85	6.859989549093763
1.86	5.852082920571034
1.87	0.7251331101220694
1.8800000000000001	2.4950759033924577
1.8900000000000001	3.4137468079851847
1.9000000000000001	5.94346772338378
1.9100000000000001	4.94165923835624
1.92	5.119213575696824
1.93	2.7911094841883184
1.94	3.0466876990677583
1.95	0.9796256320215002
1.96	-1.1829147782433878
1.97	-2.063985592067074
1.98	-0.9107066203847436
1.99	-0.7940032164463271
2.0	-2.37211458651109
2.0100000000000002	-0.20510955817871152
2.02	0.8544534465681228
2.0300000000000002	0.09793041053165039
2.04	-0.4130263838973492
2.05	-1.6479715248214861
2.06	-3.377196479436663
2.07	-2.230759268144386
2.08	-1.110192322184364
2.09	-1.7402177056163126
2.1	3.905046988737252
2.11	6.635740463698132
2.12	8.163964524317677
2.13	11.2521374990659
2.14	12.14123099034719
2.15	9.948552483705527
2.16	9.151004680304961
2.17	6.438360051125635
2.18	5.016209570600407
2.19	7.042152023626987
2.2	7.305033623857341
2.21	5.217854537154664
2.22	6.732838737512269
2.23	6.107598191190498
2.24	5.1964803300163735
2.25	4.9770290465780915
2.2600000000000002	1.489123548352649
2.27	2.6741577116269983
2.2800000000000002	5.104534402981652
2.29	7.641554425245343
2.3000000000000003	7.79228853678809
2.31	11.560014275140247
2.32	11.998202378650646
2.33	14.993994873157815
2.34	12.185907847717807
2.35	10.460196568050437
2.36	11.263600086470987
2.37	11.131148773513463
2.38	7.58091171007979
2.39	10.156135244855163
2.4	9.1566855238993
2.41	6.6637192079610745
2.42	2.5081040717409375
2.43	0.3249913773683897
2.44	2.2515427548122764
2.45	4.382038767879549
2.46	4.258182258456981
2.47	5.928222500228073
2.48	6.105339240251373
2.49	6.972871052264221
2.5	10.213206843653555
2.5100000000000002	9.060783033467661
2.52	8.430136524002664
2.5300000000000002	4.625638967561575
2.54	6.821959438968112
2.5500000000000003	8.456823923526542
2.56	10.050824801195574
2.57	9.699351690388548
2.58	9.995661523081015
2.59	11.58811272740663
2.6	9.37737341716703
2.61	7.006995265592604
2.62	2.859709963551093
2.63	0.79657182935569
2.64	5.283579052669737
2.65	13.164063899984635
2.66	17.41937580538765
2.67	16.426846927320053
2.68	11.454771272823647
2.69	9.880126856896153
2.7	14.383397463378367
2.71	12.588719173789958
2.72	14.005887688721197
2.73	15.21830894996987
2.74	12.686808535262303
2.75	17.53175761090742
2.7600000000000002	17.672280522680865
2.77	13.152764915649756
2.7800000000000002	9.66512515150862
2.79	8.033294043278934
2.8000000000000003	6.756828804618235
2.81	10.006106452087941
2.82	13.965187554997334
2.83	10.599475601036804
2.84	11.003562642050971
2.85	8.49067602467638
2.86	9.349146831895933
2.87	10.48579761488717
2.88	9.436306590211899
2.89	11.259329943346978
2.9	8.724713920242655
2.91	6.947009423314608
2.92	3.8609388872966104
2.93	3.4919573148504677
2.94	5.425028635119519
2.95	6.129045713504185
2.96	4.556748587914592
2.97	2.1991058447263945
2.98	5.294200733081683
2.99	3.593338770371274
3.0	5.705421069811227
3.0100000000000002	7.73178285969856
3.02	5.356668443281994
3.0300000000000002	6.249949215657642
3.04	8.883875547981214
3.0500000000000003	8.537574215837648
3.06	6.356715127095715
3.0700000000000003	4.147213859570868
3.08	3.8417355361560075
3.09	2.5086075014434233
3.1	0.19898626049761742
3.11	-1.9857235139527591
3.12	-0.6928343706571698
3.13	-0.4699766607206742
3.14	1.282473620309569
3.15	1.7097504941467998
3.16	2.6596771592275297
3.17	2.150384434078866
3.18	2.946432508332458
3.19	6.335838553090371
3.2	11.358616038477255
3.21	11.89850288603209
3.22	10.027405616472365
3.23	10.683513869480997
3.24	8.705366094735945
3.25	10.236860898256577
3.2600000000000002	9.927789985067283
3.27	7.092219212976
3.2800000000000002	6.6866083498793
3.29	9.570084583163538
3.3000000000000003	7.395659564611889
3.31	5.0837220531551885
3.3200000000000003	5.421343795689711
3.33	5.699058315328821
3.34	3.3084689530726004
3.35	7.524029243448509
3.36	6.133866263380036
3.37	6.188214915613324
3.38	5.979415316563962
3.39	5.718398000894582
3.4	2.086544897110668
3.41	-0.46377244002653745
3.42	-2.1909967851784717
3.43	-3.7197944444775453
3.44	1.3437796164866527
3.45	-1.5944759039250813
3.46	-6.4603056126044605
3.47	-8.041840683828532
3.48	-7.826348833163754
3.49	-6.991862264517176
3.5	-9.052091906811718
3.5100000000000002	-12.997476113091203
3.52	-10.408224730978418
3.5300000000000002	-6.514287421674924
3.54	-5.245078290789734
3.5500000000000003	-8.13217089771607
3.56	-4.708507303512623
3.5700000000000003	-5.8464644547827564
3.58	-3.0506662725992726
3.59	-4.494073874295511
3.6	-0.21198346771407162
3.61	5.768723378542506
3.62	6.164507054352943
3.63	4.719948435436015
3.64	1.9500411603104872
3.65	2.7872739659731995
3.66	9.511863354199589
3.67	6.649811144307276
3.68	3.6931711484124676
3.69	7.076403863151692
3.7	7.589530204386278
3.71	7.185338966888927
3.72	5.066330274085545
3.73	4.785428148418277
3.74	4.902206172331581
3.75	2.614925954398477
3.7600000000000002	1.8653460659255956
3.77	1.7717610481079977
3.7800000000000002	2.7648782206525397
3.79	0.5257585508530247
3.8000000000000003	-2.0200295973834863
3.81	-2.4321373888905717
3.8200000000000003	-6.381951713711867
3.83	-9.038111004160614
3.84	-9.163698526061593
3.85	-8.226539033057055
3.86	-6.879587819355474
3.87	-7.021990424498841
3.88	-8.095311885617672
3.89	-5.655385299253897
3.9	-8.766233466529012
3.91	-7.420430762129322
3.92	-8.134216639905992
3.93	-15.191909789883132
3.94	-11.780908827037296
3.95	-9.993067633639885
3.96	-8.548933983319365
3.97	-8.662661464714047
3.98	-14.171493330758594
3.99	-13.264116817549297
4.0	-14.223840114532587
4.01	-13.316410408508599
4.0200000000000005	-10.28587279750532
4.03	-8.444373930795816
4.04	-9.925230152752377
4.05	-8.32170827667654
4.0600000000000005	-7.5681742750765135
4.07	-6.6932721529440125
4.08	-6.043679997608901
4.09	-5.53368916845792
4.1	-4.348781743683229
4.11	-4.076617776988594
4.12	-3.4172555489491785
4.13	-2.7898324200240077
4.14	-4.596311425446968
4.15	-3.9554199162596655
4.16	-4.920776437976356
4.17	-3.4873843496298194
4.18	-4.046737222444033
4.19	-2.085105017551356
4.2	-2.4817491204079953
4.21	-2.2092960389816745
4.22	3.1231612260354082
4.23	4.26422988942196
4.24	5.74732344071239
4.25	3.6908303359551957
4.26	3.833191351941565
4.2700000000000005	3.2967732939483123
4.28	7.128860590505651
4.29	4.914788904698689
4.3	5.105311169959356
4.3100000000000005	7.2205723653559355
4.32	5.075185329378829
4.33	3.029973225375181
4.34	1.5755152897957125
4.3500000000000005	2.2665583338315005
4.36	2.6765392958628116
4.37	4.0657140184926
4.38	7.255587088927409
4.39	8.58393839874035
4.4	14.312743447642415
4.41	11.155418349233777
4.42	13.055490298517123
4.43	19.376209874159375
4.44	18.506122305179755
4.45	20.03568988066474
4.46	16.896085860838635
4.47	15.184271206582336
4.48	11.792033708866683
4.49	10.570332600234334
4.5	10.913138969253817
4.51	12.755743111629727
4.5200000000000005	12.75098329812375
4.53	12.40504078496415
4.54	10.313278272983327
4.55	11.687496533518134
4.5600000000000005	9.566288491209978
4.57	7.9232489809645825
4.58	7.1330462464506
4.59	4.152225785999252
4.6000000000000005	7.681211170965481
4.61	7.678777769360855
4.62	15.003467556189676
4.63	14.093003410262586
4.64	15.686796292314481
4.65	14.002635645527038
4.66	11.891252093891595
4.67	12.551714561500585
4.68	9.934447323686923
4.69	15.474594382992366
4.7	22.26170050568286
4.71	19.552009020352088
4.72	14.098631607024346
4.73	10.958087878460466
4.74	10.953853171792051
4.75	9.274807948495141
4.76	9.536476842915064
4.7700000000000005	7.146139465620158
4.78	5.138898913913445
4.79	5.410330910543846
4.8	6.028262235273698
4.8100000000000005	5.930376053360928
4.82	5.026098631567974
4.83	2.00217807386846
4.84	-0.6508674748230886
4.8500000000000005	-0.5710557599715187
4.86	-0.7569862765585742
4.87	2.476555071255439
4.88	6.296456706600546
4.89	8.056396742475986
4.9	13.098641817487964
4.91	18.639907390683877
4.92	17.528259942659062
4.93	13.376976013999979
4.94	13.18582498724468
4.95	15.201294557425046
4.96	11.91026975039018
4.97	8.545820310331054
4.98	14.8484177230134
4.99	11.267004484447035
5.0	11.80241547255226
5.01	8.413269362864293
5.0200000000000005	7.522944106802808
5.03	8.86651106967069
5.04	9.575124931016807
5.05	10.327382790711793
5.0600000000000005	9.858372278757928
5.07	7.344084804451928
5.08	9.06729541029311
5.09	9.598374995266271
5.1000000000000005	10.080039754537644
5.11	19.480358545035024
5.12	20.724174014256196
5.13	16.887005607336416
5.14	16.348697310405434
5.15	14.180581637557864
5.16	19.418157874755376
5.17	22.55365610533147
5.18	18.372047120990732
5.19	18.63782118164841
5.2	15.82633968465822
5.21	15.839192605510387
5.22	10.89482074505868
5.23	14.357950682909463
5.24	11.09941093087281
5.25	6.113652929915613
5.26	8.323472951445702
5.2700000000000005	9.11085474041218
5.28	11.304636615378035
5.29	14.017720194503138
5.3	15.488518230757581
5.3100000000000005	15.0481122785876
5.32	13.580841450256598
5.33	19.400705839292403
5.34	15.392394509994404
5.3500000000000005	14.442536676393143
5.36	8.645067734314836
5.37	6.676607759989302
5.38	5.386397202454826
5.39	8.202421553765697
5.4	7.200796961041712
5.41	9.243440290777011
5.42	5.697902803974629
5.43	2.335453293679685
5.44	0.8406089483198642
5.45	1.6183777859387838
5.46	-1.3546991215990423
5.47	-0.604538704416481
5.48	-1.515288774681193
5.49	0.2415675791245125
5.5	-4.572172966997299
5.51	-6.940360199613611
5.5200000000000005	-3.8203326442603864
5.53	-5.675579661917623
5.54	-3.6166869642412904
5.55	-9.538429229366814
5.5600000000000005	-10.302756200294676
5.57	-8.487962573715286
5.58	-7.327216652906576
5.59	-3.273211033000299
5.6000000000000005	-5.0151760296621655
5.61	-4.7689497560917165
5.62	-2.124714622820732
5.63	-1.035527117247496
5.64	0.3758982559942702
5.65	3.0216041445946975
5.66	10.93559682548746
5.67	22.163051609280295
5.68	18.48380530326139
5.69	17.433991481035815
5.7	13.490775677086576
5.71	9.770428588683668
5.72	9.555130172339545
5.73	8.613251358881586
5.74	8.915859093645027
5.75	14.830541879194163
5.76	12.75830999653458
5.7700000000000005	9.754512526985273
5.78	10.361648649052064
5.79	8.880994622682723
5.8	6.76025830517505
5.8100000000000005	7.059266606262628
5.82	11.92162838721972
5.83	16.641356380985407
5.84	16.168029951123106
5.8500000000000005	12.476494149319477
5.86	11.22440288713218
5.87	9.914707411396977
5.88	9.343134349685382
5.89	8.190543739136244
5.9	9.75667858249021
5.91	8.262868785204732
5.92	5.9823172121840305
5.93	7.403210672430294
5.94	4.187565508843862
5.95	7.715601999970771
5.96	5.421248388574379
5.97	8.106844505651006
5.98	9.83853374883745
5.99	9.547434460085707
6.0	5.297784545195584
6.01	3.9660170853053214
6.0200000000000005	5.663042889081118
6.03	17.825796867541168
6.04	22.09892058497179
6.05	16.319256532136713
6.0600000000000005	12.943812373416991
6.07	15.999821454242356
6.08	12.620550267167943
6.09	11.445906995872795
6.1000000000000005	12.426063210201002
6.11	11.944390916167963
6.12	9.421006167575731
6.13	10.873206604476604
6.140000000000001	13.15396280303821
6.15	17.415571650666134
6.16	16.95950752380245
6.17	17.88868492774793
6.18	15.852799474354255
6.19	13.582965792399303
6.2	11.011477630151722
6.21	9.632868116953672
6.22	11.479217762624861
6.23	10.692510302220557
6.24	10.590686021299776
6.25	11.776129517623538
6.26	8.335090722630392
6.2700000000000005	10.196219159461826
6.28	10.396169117119673
6.29	11.039104941251894
6.3	18.088199548467756
6.3100000000000005	14.2407631436033
6.32	11.382543122898165
6.33	10.290425315805907
6.34	9.276596091074067
6.3500000000000005	6.515483721866386
6.36	2.851817176165929
6.37	6.123039110603902
6.38	7.004511392051083
6.390000000000001	5.888780666379919
6.4	6.986008699401396
6.41	4.750941965698147
6.42	3.8355724250217826
6.43	5.232585338724877
6.44	8.534914484508173
6.45	7.80534524474793
6.46	5.89394374036382
6.47	6.641030587191326
6.48	4.382895313781266
6.49	7.170559767792252
6.5	7.856444704551403
6.51	9.182477039917824
6.5200000000000005	9.096437944718327
6.53	9.345698950822525
6.54	8.43720608360916
6.55	6.89799846740456
6.5600000000000005	9.70486704232953
6.57	13.227552920977974
6.58	23.795521962870833
6.59	23.19034035324465
6.6000000000000005	24.823763463800617
6.61	22.18301890933412
6.62	23.329511535945166
6.63	22.089950052725236
6.640000000000001	22.365639701959196
6.65	19.09804919133841
6.66	14.712604622707529
6.67	10.967192620584253
6.68	10.816600086225108
6.69	13.365851644576399
6.7	8.726104926467546
6.71	9.529397236316795
6.72	6.892033297260853
6.73	10.6433477968161
6.74	13.65887924161264
6.75	9.594031720451483
6.76	13.577653872145062
6.7700000000000005	9.933955356138998
6.78	8.58619078879297
6.79	6.697189060179566
6.8	6.522253045393917
6.8100000000000005	6.103448430545215
6.82	3.248116476046113
6.83	2.509986714249569
6.84	0.7566796669307184
6.8500000000000005	-1.7295479691521212
6.86	-2.5734439473917217
6.87	-3.9376899362525593
6.88	-8.1244785885939
6.890000000000001	-7.6948079584797275
6.9	-8.405751079186668
6.91	-12.264527091289267
6.92	-14.048997136553506
6.93	-13.391972634658803
6.94	-18.284432831601276
6.95	-13.515829979662724
6.96	-9.7881835874476
6.97	-10.388410118538834
6.98	-8.165931149601896
6.99	-10.569298593673553
7.0	-8.0325961879452
7.01	-9.55376193817468
7.0200000000000005	-6.864696745162695
7.03	-7.06494701650218
7.04	-7.7244637820332915
7.05	-9.043642009633121
7.0600000000000005	-7.807542478353627
7.07	-9.265154022350456
7.08	-8.85431663117606
7.09	-7.504580114044002
7.1000000000000005	-9.853853433383021
7.11	-12.577398479481479
7.12	-16.873044811038145
7.13	-15.359814367341086
7.140000000000001	-11.33669649665128
7.15	-8.35372425963814
7.16	-11.442836457873899
7.17	-13.794781331092654
7.18	-14.57523559651932
7.19	-10.422962744819682
7.2	-13.241102011288548
7.21	-9.347996834998687
7.22	-10.404675009749788
7.23	-13.932969018569677
7.24	-12.794126297512243
7.25	-17.659607214579424
7.26	-20.21056468273368
7.2700000000000005	-16.090223679913066
7.28	-12.20547279911766
7.29	-9.13059755673641
7.3	-6.048057884273314
7.3100000000000005	-5.953806998669242
7.32	-8.659608254732985
7.33	-7.623610489409409
7.34	-7.936506633178664
7.3500000000000005	-7.310077887012699
7.36	-5.909029010789402
7.37	-3.7450402694469402
7.38	-1.6660878250483242
7.390000000000001	-2.2147512107538123
7.4	-4.178625310209253
7.41	-8.506031322623723
7.42	-6.808844113711313
7.43	-6.835112880826611
7.44	-7.302011662588337
7.45	-10.02008097967822
7.46	-9.02778332417084
7.47	-8.439994945112693
7.48	-6.789031491123926
7.49	-11.073878679510779
7.5	-17.335487204493642
7.51	-18.95803936340594
7.5200000000000005	-16.42637037871075
7.53	-18.063819912423085
7.54	-15.040996141550025
7.55	-16.67602287764062
7.5600000000000005	-16.61805620723835
7.57	-14.237572045528475
7.58	-12.487672440380434
7.59	-8.817702126960514
7.6000000000000005	-11.376247023183925
7.61	-10.10181394103117
7.62	-10.580726731997974
7.63	-10.246779017700401
7.640000000000001	-10.733802854893062
7.65	-11.701267561022995
7.66	-23.88225262388561
7.67	-24.284014157679756
7.68	-24.949860131824227
7.69	-17.921998927734666
7.7	-16.171021411297293
7.71	-17.171542002491005
7.72	-16.543741769619203
7.73	-12.96596720512135
7.74	-13.087103977298312
7.75	-12.828020587833896
7.76	-7.296859129344436
7.7700000000000005	-10.908585000120649
7.78	-10.51487065319009
7.79	-13.06835097599013
7.8	-9.641157762445072
7.8100000000000005	-9.301628974536108
7.82	-8.328129104169546
7.83	-9.77861100452622
7.84	-8.13560032380754
7.8500000000000005	-6.566574817600867
7.86	-7.332910199333969
7.87	-8.002601033917395
7.88	-8.875037944649302
7.890000000000001	-10.65304552091774
7.9	-19.07742180337901
7.91	-16.76788953033567
7.92	-11.939852135343852
7.930000000000001	-11.279876101150451
7.94	-11.595033347974711
7.95	-14.279030775938692
7.96	-18.754012941035093
7.97	-17.08621746070492
7.98	-16.682616842461325
7.99	-18.743264613473308
8.0	-17.204800572813863
8.01	-13.055382223645422
8.02	-11.72459775629187
8.03	-10.7460616936602
8.040000000000001	-13.65240771126009
8.05	-10.758823558245837
8.06	-8.307282997614585
8.07	-5.260100457564526
8.08	-5.774274799634111
8.09	-6.858113996061627
8.1	-5.2565644857253915
8.11	-10.079644893019283
8.120000000000001	-21.62956307645144
8.13	-16.917172604585435
8.14	-14.863119634566257
8.15	-17.023790553676644
8.16	-17.335162644224265
8.17	-13.955629217827516
8.18	-12.577710173948459
8.19	-12.289579657602491
8.2	-12.04354151388136
8.21	-8.42793244989916
8.22	-4.492928765024336
8.23	-5.990584664124458
8.24	-4.657119834528067
8.25	-3.6850036540947197
8.26	-4.994964356853672
8.27	-3.9731379368586004
8.28	-8.98742591006473
8.290000000000001	-14.061740953445236
8.3	-19.746896687059262
8.31	-17.115929213251132
8.32	-16.751226533847493
8.33	-13.374092312456941
8.34	-10.48551706752743
8.35	-7.029407971966887
8.36	-6.943718597374572
8.370000000000001	-8.109278850962276
8.38	-3.787909807432047
8.39	-5.813771352282453
8.4	-4.414398297479619
8.41	-7.320764872999916
8.42	-7.724683164913791
8.43	-9.377196074832659
8.44	-11.023679885069368
8.45	-8.187071670525818
8.46	-6.943179547160348
8.47	-6.0537448661807325
8.48	-8.688009450094292
8.49	-10.808413588786175
8.5	-8.570636725494222
8.51	-7.864665561155843
8.52	-6.139829043579627
8.53	-3.826167139207165
8.540000000000001	-3.419419719342006
8.55	-2.022206161387967
8.56	-0.16863352070457982
8.57	-3.2746100365541193
8.58	-8.055815584450103
8.59	-19.994220342474975
8.6	-14.765330966325974
8.61	-13.33036822362546
8.620000000000001	-12.907731979541119
8.63	-18.299362261485232
8.64	-13.336042513840189
8.65	-11.249606327948532
8.66	-10.854433925534398
8.67	-12.561506721583612
8.68	-10.314257020383131
8.69	-14.127508075725984
8.700000000000001	-11.481030580496935
8.71	-8.896272271006046
8.72	-10.336238282723162
8.73	-12.543748791618684
8.74	-14.93618378617073
8.75	-16.06429729477075
8.76	-18.83960104219286
8.77	-14.58009064775115
8.78	-14.21680085852246
8.790000000000001	-18.352458269073473
8.8	-23.891344879063286
8.81	-24.499677307215315
8.82	-24.707110977055525
8.83	-24.485887308140835
8.84	-21.937777001549552
8.85	-15.596362433368112
8.86	-9.742011293096546
8.870000000000001	-7.626636712349558
8.88	-5.394385056101501
8.89	-9.1036466590242
8.9	-8.074971774885913
8.91	-7.227155310750878
8.92	-10.300055615091242
8.93	-11.494841971092988
8.94	-10.422216327509899
8.950000000000001	-14.94191316293266
8.96	-17.380296738208195
8.97	-17.11694772746609
8.98	-13.735529299121502
8.99	-11.495907720276822
9.0	-11.188828747645015
9.01	-11.418756090820722
9.02	-16.933303645869696
9.03	-16.24592356853272
9.040000000000001	-14.715040585573998
9.05	-14.444325953177284
9.06	-12.790251813629363
9.07	-20.411191616970793
9.08	-21.163612215599684
9.09	-15.563710116672688
9.1	-17.73425404641682
9.11	-14.113694487486214
9.120000000000001	-10.42077514632955
9.13	-6.623801620954692
9.14	-4.589975474646322
9.15	-5.716112358649983
9.16	-6.4489223977378884
9.17	-5.934603146422422
9.18	-8.61875149021131
9.19	-6.693188575771472
9.200000000000001	-6.926109048015171
9.21	-11.04116225532871
9.22	-9.227440778579235
9.23	-6.374704112278873
9.24	-8.671770330854695
9.25	-12.225303539751843
9.26	-21.781852624674894
9.27	-17.432636088231277
9.28	-16.260922431685746
9.290000000000001	-16.41996464378423
9.3	-12.636733642641882
9.31	-11.762176592492787
9.32	-16.524163992124716
9.33	-13.026082389588485
9.34	-11.3425565482268
9.35	-15.068539030406207
9.36	-17.270430124451742
9.370000000000001	-13.395864726417544
9.38	-9.827827282451652
9.39	-9.02160302331844
9.4	-11.308082840364207
9.41	-10.533574513986466
9.42	-10.133318482462894
9.43	-11.380633818284423
9.44	-13.573338356288948
9.450000000000001	-15.110529858784624
9.46	-24.920323836838257
9.47	-22.324726131647285
9.48	-16.56832431525378
9.49	-16.835463408953476
9.5	-13.098485183092713
9.51	-9.137651996054485
9.52	-7.410998030562612
9.53	-7.76409818335737
9.540000000000001	-7.467653694163411
9.55	-8.70451400696036
9.56	-7.055728800487352
9.57	-4.675496179611758
9.58	-10.41168186148152
9.59	-9.53759042300676
9.6	-8.281132462968392
9.61	-7.735232377577448
9.620000000000001	-7.225837433152174
9.63	-5.44067152223782
9.64	-5.295399856662833
9.65	-0.6564642057742398
9.66	-0.6599195058175775
9.67	-0.9178349111909792
9.68	-4.250382208610966
9.69	1.9825200393873854
9.700000000000001	5.697136391251602
9.71	4.481459132345978
9.72	5.4187051608780825
9.73	3.672857156468525
9.74	1.0694000062642242
9.75	-2.532044209301703
9.76	-2.122511567755343
9.77	-0.2211291306589818
9.78	0.9597659358475792
9.790000000000001	0.3834615408304816
9.8	-2.2752408940443853
9.81	-1.426628311333225
9.82	-4.460196918893341
9.83	-6.58671839000913
9.84	-7.612561071065187
9.85	-7.607424888105801
9.86	-7.872500668730387
9.870000000000001	-8.14570315945837
9.88	-8.410082102288603
9.89	-7.036522209606229
9.9	-9.184579354549523
9.91	-10.918561613832338
9.92	-8.463513147834245
9.93	-4.466697947851402
9.94	-3.3132597414903158
9.950000000000001	-6.362692537510337
9.96	-6.551581878675534
9.97	-5.301073958506404
9.98	-2.5150463885900276
9.99	-5.983727706227331
10.0	-7.628925533822132
10.01	-3.451015995371969
10.02	-0.3703258869922033
10.03	-1.858680854300677
10.040000000000001	-2.5952926227714515
10.05	-1.7683075661787668
10.06	-5.936255111416241
10.07	-3.079865150127949
10.08	-0.03903942521197533
10.09	0.24717920472925792
10.1	3.18184368809815
10.11	7.372540559829013
10.120000000000001	7.192376806121524
10.13	7.486679318928633
10.14	7.684665951417219
10.15	9.273547090889009
10.16	7.801903349996709
10.17	6.611450253398275
10.18	7.4220336226618615
10.19	8.1275158271847
10.200000000000001	7.914617676128238
10.21	8.225718339902025
10.22	7.2886547442619785
10.23	8.03239599096399
10.24	7.382490999799805
10.25	6.7480027958879285
10.26	5.44292463932022
10.27	5.369335390196304
10.28	12.890015082285807
10.290000000000001	13.31476126080841
10.3	12.031459397235547
10.31	12.611748121403863
10.32	10.737191133609768
10.33	11.900434226779195
10.34	10.527561480934773
10.35	10.60260453321331
10.36	7.967698168483065
10.370000000000001	6.480695995576081
10.38	6.808977027739586
10.39	9.979603104589188
10.4	12.350721364951703
10.41	14.694272458514483
10.42	16.79745842806228
10.43	19.602187567802563
10.44	21.837876993214138
10.450000000000001	21.501438592240117
10.46	18.9151073953319
10.47	17.373607184608787
10.48	17.258134109661746
10.49	15.9365705130565
10.5	13.790415731674418
10.51	20.74403022641283
10.52	18.97050216905623
10.53	20.628650397997436
10.540000000000001	18.118104593251037
10.55	16.726063806569687
10.56	12.537906781210797
10.57	16.460336147824705
10.58	15.162090549920205
10.59	11.75590390535568
10.6	10.007920048081134
10.61	6.173552300898387
10.620000000000001	5.814238290249383
10.63	1.8587441717335587
10.64	1.8091295849746327
10.65	2.9645994004474328
10.66	5.472800933606199
10.67	4.741674354008063
10.68	1.0693065127607282
10.69	-1.4371533936183751
10.700000000000001	1.7783462902258604
10.71	4.626665538062796
10.72	1.1979290023521898
10.73	1.4617197840897025
10.74	-0.6966888583964467
10.75	-7.780046807331731
10.76	-8.187896196364362
10.77	-6.043514678574736
10.78	-3.798851551775483
10.790000000000001	-2.4475874020233968
10.8	-5.095276964837296
10.81	-5.319553285095879
10.82	-4.008222255269854
10.83	-2.39056668839792
10.84	0.4747296365753155
10.85	1.5197768814010462
10.86	2.8879922647316936
10.870000000000001	1.725980308299284
10.88	1.3946714171353929
10.89	-2.4191612790184727
10.9	-1.4510951813948187
10.91	0.21064004136809208
10.92	-2.4852361241792433
10.93	-1.3233718471437017
10.94	-2.1224737858501457
10.950000000000001	2.317858573684785
10.96	0.9508035802908865
10.97	4.700518670116583
10.98	5.820758695990298
10.99	5.24501320233183
11.0	4.441597906591266
11.01	2.7552436024470377
11.02	7.675674410108442
11.03	11.860648101923918
11.040000000000001	14.2667920629219
11.05	10.062958420172135
11.06	7.6691580881500645
11.07	7.082628220866898
11.08	12.815617669728578
11.09	10.972123148636655
11.1	8.272062285496107
11.11	6.1761106956110945
11.120000000000001	6.05681653977243
11.13	7.088750964199278
11.14	6.671559944020699
11.15	7.0189785367177375
11.16	7.76514524508017
11.17	8.376500536754346
11.18	12.560686149443221
11.19	11.768223468495751
11.200000000000001	20.98702221287574
11.21	21.7692013103161
11.22	18.157615458722642
11.23	13.304955756168303
11.24	13.676253350341193
11.25	12.20160005653526
11.26	11.070931289437722
11.27	10.46561551558436
11.28	6.711294648120299
11.290000000000001	6.335709759109825
11.3	10.876090387742957
11.31	12.828272795166765
11.32	10.97874442489146
11.33	11.425994548118645
11.34	10.510090002320602
11.35	8.575834156954164
11.36	15.030301315692046
11.370000000000001	11.413993110828935
11.38	12.594984570650507
11.39	10.149742903109143
11.4	8.47302854621573
11.41	9.29288683161531
11.42	5.527870667471556
11.43	5.214893778801869
11.44	2.918600657892111
11.450000000000001	3.765931069498829
11.46	2.272751545997157
11.47	0.5638890759263004
11.48	-0.5209281154288021
11.49	-0.5682284093815188
11.5	1.6288831922625375
11.51	0.6195318022738204
11.52	-0.4563313607410284
11.53	1.5179905193244858
11.540000000000001	-1.4915195956329708
11.55	-4.127103455869851
11.56	0.43181797525993904
11.57	-0.47491592670432015
11.58	1.9831049397028642
11.59	0.968861674317687
11.6	-1.6218236495164244
11.61	-1.4843304378607451
11.620000000000001	-4.555360867193614
11.63	-8.211828727941791
11.64	-6.001997899080243
11.65	-6.0062162728297945
11.66	-5.827211421326286
11.67	-3.3648343611608813
11.68	-2.6029772166857925
11.69	-4.010204476312878
11.700000000000001	-5.5665314134666835
11.71	-7.8772118240085724
11.72	-5.89725206716575
11.73	-4.7534565842355425
11.74	-5.956797302627341
11.75	-12.074056521928918
11.76	-13.16697107593348
11.77	-13.887551958587197
11.78	-12.591075503650279
11.790000000000001	-13.206306998065855
11.8	-11.910773812931911
11.81	-8.18797873705071
11.82	-7.958714901578863
11.83	-8.957778786921004
11.84	-6.338369656150265
11.85	-4.014900452347303
11.86	-5.4459294688635635
11.870000000000001	-3.993500149123785
11.88	-1.1399851054637136
11.89	3.9760307437117515
11.9	6.140884149466363
11.91	3.4711980924849284
11.92	1.2806008437096403
11.93	1.746443718416804
11.94	3.9916292304989307
11.950000000000001	4.636981613839543
11.96	2.9225429407416255
11.97	2.678306286405
11.98	0.8782550204948752
11.99	0.5994969462639108
12.0	0.7192865510462731
12.01	1.2146138289409996
12.02	1.2450161485082027
12.030000000000001	2.5028442860170514
12.040000000000001	5.361550389452013
12.05	10.5024710567919
12.06	12.444530171911392
12.07	9.170118208044634
12.08	10.46777147285511
12.09	9.106492890661215
12.1	8.089796104112907
12.11	6.030468098172692
12.120000000000001	4.587940797293596
12.13	1.3011684767571614
12.14	0.7613390998564774
12.15	-0.5952894479230793
12.16	-4.24432783954374
12.17	-3.6256384397994346
12.18	-2.2086440307487916
12.19	-2.543819380601948
12.200000000000001	0.6279039285051249
12.21	2.2612733152935136
12.22	2.877455668263756
12.23	8.66063286882481
12.24	7.319329456674846
12.25	9.776898605572157
12.26	7.243890552202973
12.27	7.787585756536588
12.280000000000001	8.659108030967518
12.290000000000001	6.956054233300602
12.3	6.894133335924838
12.31	5.72325205679989
12.32	14.196632456645242
12.33	13.69910554542901
12.34	14.165181712568367
12.35	10.798500913313852
12.36	7.6622412665327895
12.370000000000001	15.31971731796542
12.38	11.881750870296212
12.39	9.865700634714203
12.4	15.242623955979482
12.41	18.58290282183556
12.42	13.954220730466705
12.43	12.744274637639665
12.44	14.828453056180665
12.450000000000001	11.590033075118502
12.46	14.510022769849423
12.47	12.75082615171497
12.48	8.27083582421814
12.49	5.074136270111653
12.5	11.887255487789743
12.51	17.08860759603616
12.52	12.592370615105567
12.530000000000001	9.888435106439509
12.540000000000001	14.768508416704552
12.55	22.494523206610786
12.56	20.878480944311196
12.57	20.82774173422029
12.58	27.199334968309646
12.59	23.368664627628007
12.6	19.318747630818628
12.61	16.992890503248923
12.620000000000001	15.06103199673268
12.63	12.253866994473682
12.64	12.905422768666664
12.65	10.719415520474653
12.66	10.78646606262285
12.67	16.177362028711645
12.68	16.073316828009165
12.69	13.338966399707978
12.700000000000001	14.131552809027118
12.71	11.631991290464143
12.72	12.198023478729285
12.73	10.502651270467265
12.74	11.776303928046959
12.75	11.69993672964949
12.76	11.747313046914401
12.77	12.776281368111727
12.780000000000001	20.075900213829556
12.790000000000001	20.283327350592526
12.8	23.23405286122315
12.81	14.986147944273045
12.82	15.122639173851008
12.83	12.18203217661773
12.84	9.399998060015399
12.85	7.042024941781966
12.86	6.652826708951825
12.870000000000001	4.681516577159158
12.88	2.829579829474959
12.89	5.135246445204356
12.9	4.814004372406743
12.91	5.420897872793555
12.92	4.422209401242769
12.93	5.310382386199528
12.94	9.272939724742994
12.950000000000001	11.46344552392472
12.96	11.427888568330413
12.97	15.359944494048785
12.98	13.111489924578356
12.99	16.247058366118587
13.0	12.299388190452035
13.01	13.561891041962285
13.02	11.90409462492473
13.030000000000001	15.03169598425835
13.040000000000001	16.383446741705335
13.05	13.466082775568761
13.06	16.42820666351787
13.07	12.914471150009883
13.08	10.317178683994454
13.09	9.86907131564704
13.1	11.318166516894127
13.11	9.14102987779805
13.120000000000001	16.509743545897617
13.13	13.930681374021228
13.14	12.35358441643594
13.15	8.094206898238578
13.16	7.5972605819402865
13.17	7.979440343330521
13.18	6.517862971932949
13.19	5.106151671548299
13.200000000000001	7.250086653422902
13.21	6.322328333795468
13.22	5.8744821332597565
13.23	2.4575836678809515
13.24	0.5005799187847527
13.25	-1.7253339433692005
13.26	-1.7622964371724947
13.27	-4.04058442340688
13.280000000000001	-9.366477091008143
13.290000000000001	-8.086154172637606
13.3	-7.538473190476742
13.31	-7.506454496543818
13.32	-9.606039294610898
13.33	-11.608640307779178
13.34	-12.568829573875792
13.35	-12.072036932831843
13.36	-12.776111863170017
13.370000000000001	-11.883701807255015
13.38	-9.873267290275956
13.39	-8.053540715141393
13.4	-12.972453975614352
13.41	-13.037745923793985
13.42	-12.336809848345352
13.43	-9.734082532992364
13.44	-9.620153703526098
13.450000000000001	-8.927533104042185
13.46	-11.906253578328103
13.47	-9.742900149866255
13.48	-8.297506741899289
13.49	-11.471868084114902
13.5	-9.044619563636259
13.51	-6.696318265912303
13.52	-8.140250480304704
13.530000000000001	-5.48509775321409
13.540000000000001	-4.5098095168522185
13.55	-5.691584156807925
13.56	-4.509167854248872
13.57	-1.7383629280454618
13.58	-1.0006171675851605
13.59	-1.619232463921605
13.6	-0.5258446890633737
13.61	-0.4632118738472014
13.620000000000001	0.9571826053853314
13.63	3.86546142121381
13.64	-1.0898858389256048
13.65	1.2959834072041823
13.66	5.51486395444421
13.67	6.209736567227646
13.68	5.092905476628445
13.69	3.5907012633787962
13.700000000000001	5.789707681452659
13.71	5.686939297841129
13.72	7.2922881065804575
13.73	5.128781797929758
13.74	4.92321810994314
13.75	5.265485275955673
13.76	6.892184078944636
13.77	4.804557972630044
13.780000000000001	3.4246123015966794
13.790000000000001	0.9946605729856449
13.8	-0.9796214029226253
13.81	2.155934805385729
13.82	-0.9334188425749236
13.83	-4.342131336877275
13.84	-6.770445771624864
13.85	-9.00789123121999
13.86	-12.43460923002984
13.870000000000001	-14.83998258841187
13.88	-15.348296019606519
13.89	-14.375266940640241
13.9	-19.78634076038673
13.91	-18.042198070696685
13.92	-13.9334687218773
13.93	-16.881976506505
13.94	-13.90509359411463
13.950000000000001	-9.186375224056412
13.96	-8.03063232788654
13.97	-7.295567283678611
13.98	-8.814569821656217
13.99	-21.32262892079604
14.0	-18.486223097739266
14.01	-15.24245378143644
14.02	-11.16559147499584
14.030000000000001	-22.47356590982279
14.040000000000001	-17.427235824711158
14.05	-15.036464178056594
14.06	-10.905833185716192
14.07	-9.404843972686407
14.08	-8.994379909841332
14.09	-7.690667231647274
14.1	-5.293388638677642
14.11	-6.9479718491961195
14.120000000000001	-9.613609926411087
14.13	-8.999384966787522
14.14	-7.265224191046429
14.15	-9.523789102618935
14.16	-20.137662519624595
14.17	-15.334342019863273
14.18	-14.917810437638654
14.19	-13.210932153979392
14.200000000000001	-10.987728109643975
14.21	-8.606606599978207
14.22	-8.909296351864903
14.23	-17.53742138034229
14.24	-18.492752211534402
14.25	-20.391879631438407
14.26	-16.195483471438823
14.27	-15.569870428314431
14.280000000000001	-14.529236545791147
14.290000000000001	-11.384141244849774
14.3	-9.055196215166475
14.31	-8.494855367378655
14.32	-8.919090132036976
14.33	-12.5055283476707
14.34	-15.510697931916893
14.35	-17.526097032749064
14.36	-17.72842384116593
14.370000000000001	-14.160654544622146
14.38	-11.862487108684494
14.39	-9.774591529659581
14.4	-5.87728946909075
14.41	-3.2674180669131148
14.42	-2.6092221535680267
14.43	-1.529419205974115
14.44	-2.7054110180510276
14.450000000000001	-3.9995454477105232
14.46	-4.345372154164409
14.47	-10.278465956691907
14.48	-10.454959832346185
14.49	-11.179977860588457
14.5	-9.314762138837164
14.51	-13.362833992051774
14.52	-14.874836810447745
14.530000000000001	-13.62489049371667
14.540000000000001	-11.327535756390713
14.55	-8.175550248051675
14.56	-6.3078823726262785
14.57	-4.957176272805781
14.58	-2.4326853689360903
14.59	0.9730142949539164
14.6	4.1490400037656
14.61	3.001868362044867
14.620000000000001	0.8955490648393909
14.63	0.26867919716449845
14.64	0.653747483118793
14.65	3.5409847349008965
14.66	10.130551318047718
14.67	9.803624363815597
14.68	10.966663464861815
14.69	12.473695244366846
14.700000000000001	12.742316144611314
14.71	9.652947708221228
14.72	14.413596231468258
14.73	12.346058679648067
14.74	11.088695667195715
14.75	15.378402699003258
14.76	13.986791669559592
14.77	13.717206087448385
14.780000000000001	13.56029889387813
14.790000000000001	15.369296312574159
14.8	13.393975550638181
14.81	14.595276443578177
14.82	11.027098941381714
14.83	9.806126272915844
14.84	8.1599765239922
14.85	8.503481706807479
14.86	10.621678442268834
14.870000000000001	14.999079661679593
14.88	17.607192581451333
14.89	14.436312351616676
14.9	11.404583334394513
14.91	15.704681272563581
14.92	15.531680786812386
14.93	17.691081080729116
14.94	17.78846185162681
14.950000000000001	18.659270169227327
14.96	17.529769805784444
14.97	14.75117368306734
14.98	19.434186456688327
14.99	18.331138965793787
15.0	19.079797845452852
15.01	19.24225075399774
15.02	19.504882102102847
15.030000000000001	17.25719028312179
15.040000000000001	13.24968435123936
15.05	10.630021023446979
15.06	11.657385135913746
15.07	16.641875703693685
15.08	14.986170113964759
15.09	17.219772964806562
15.1	16.2430323981172
15.11	17.76852054787763
15.120000000000001	27.428735053195464
15.13	19.97288712451997
15.14	17.279566086825508
15.15	14.976131681816433
15.16	12.719727409091552
15.17	14.33782658588291
15.18	12.80686512590359
15.19	10.276956739231297
15.200000000000001	8.719670059350621
15.21	9.102479331093367
15.22	7.74912424670504
15.23	4.334473741719407
15.24	3.0377826586075924
15.25	6.440305143419922
15.26	9.068868459674535
15.27	11.582892224665883
15.280000000000001	12.589156774323147
15.290000000000001	7.046213883864326
15.3	5.461289389362
15.31	4.387769407292723
15.32	7.682845231465368
15.33	4.647425718450622
15.34	5.059224558209671
15.35	4.51406203824482
15.36	5.580583194561696
15.370000000000001	7.260881006890086
15.38	10.09292752491969
15.39	8.410639580496344
15.4	6.748047516290871
15.41	7.1162088263062975
15.42	6.936669097203816
15.43	7.0385503212740375
15.44	8.29220669067536
15.450000000000001	7.946044630192024
15.46	7.830111255556535
15.47	8.752831114613661
15.48	22.83365610598454
15.49	22.715603193756287
15.5	30.159841372026133
15.51	23.892477123961825
15.52	18.776801902772988
15.530000000000001	16.45763895284167
15.540000000000001	15.096572657312366
15.55	10.700715717028135
15.56	9.36286576280028
15.57	8.845397369353288
15.58	7.755915708909205
15.59	10.17416698309445
15.6	15.389075334097281
15.610000000000001	22.0716542219223
15.620000000000001	21.104703988342347
15.63	17.560211853115216
15.64	20.152447529963474
15.65	15.934816912962319
15.66	17.72014930785358
15.67	18.778290739239548
15.68	22.199164769155217
15.69	31.716038071659263
15.700000000000001	27.834433767844764
15.71	23.834638178230673
15.72	25.31975533149227
15.73	20.611885557544582
15.74	19.312520564197893
15.75	24.167858887731235
15.76	23.594605467035223
15.77	22.07613234382422
15.780000000000001	21.053732154515274
15.790000000000001	20.07774884512089
15.8	18.190493516862205
15.81	18.47742349507514
15.82	13.898274028558367
15.83	10.557474582934956
15.84	9.692564001798422
15.85	9.024195899109516
15.860000000000001	8.549996534671962
15.870000000000001	9.268414338314843
15.88	13.025045604074831
15.89	10.0588373518122
15.9	10.788786372647483
15.91	8.843629113247738
15.92	9.315275761398949
15.93	9.554445142297693
15.94	5.613535841938482
15.950000000000001	9.16265554968473
15.96	6.471698978915814
15.97	4.199392750822014
15.98	6.752232717846178
15.99	6.794329313259782
16.0	10.857314810214513
16.01	9.68510789110926
16.02	13.845282733697234
16.03	11.023395056767862
16.04	8.883591682081205
16.05	9.263258595999922
16.06	8.98373889764111
16.07	8.276463140462937
16.080000000000002	6.746912607263411
16.09	3.0941149013981812
16.1	12.050926622136357
16.11	10.187199988006443
16.12	8.195484552551605
16.13	8.828411890379002
16.14	14.594049594151768
16.15	11.23605657272725
16.16	8.449761676136381
16.17	9.63514427619211
16.18	6.573116940425171
16.19	4.7127559814274465
16.2	4.985788262526302
16.21	7.348137975745464
16.22	12.450802171586377
16.23	25.12547851239299
16.240000000000002	20.101385240324827
16.25	22.466572832372126
16.26	22.773930682723
16.27	23.020220383311553
16.28	24.441928393881675
16.29	19.87905482472996
16.3	30.547735486722406
16.31	30.736917862521942
16.32	29.96590527646054
16.330000000000002	26.918551122572172
16.34	30.975137706023
16.35	25.222330545433454
16.36	21.65430853432344
16.37	23.30740591595259
16.38	21.68938281366957
16.39	21.722213240133357
16.4	20.076471201828273
16.41	19.384258340352275
16.42	12.528912634492258
16.43	20.803647762343136
16.44	21.081173226563582
16.45	19.17730070703206
16.46	19.47226682023684
16.47	13.734944989600379
16.48	21.978393707900768
16.490000000000002	20.1564219459722
16.5	16.074735752713536
16.51	19.040727929293546
16.52	17.220789774433104
16.53	13.693268944571592
16.54	14.813843201787408
16.55	18.253488436101478
16.56	16.36396046880079
16.57	17.46513929473099
16.580000000000002	25.14541292717522
16.59	22.891276725538567
16.6	16.84109091427868
16.61	13.55367433213068
16.62	10.589570947175483
16.63	9.092184702455484
16.64	5.605437198699179
16.65	3.6272720663263542
16.66	4.283485832355513
16.67	0.5955090052082246
16.68	3.7870432188384373
16.69	3.1759437485088373
16.7	0.4889352252019988
16.71	-1.296243745553072
16.72	-1.0792596083813932
16.73	-1.4146572022275294
16.740000000000002	-3.740396044528552
16.75	-6.504575544582687
16.76	-4.373937106044695
16.77	-2.4029698493529437
16.78	-0.7585021444569278
16.79	1.3792297080289415
16.8	2.983428243403188
16.81	1.7187964021157842
16.82	1.10856288937025
16.830000000000002	2.943702542579061
16.84	3.030414480616723
16.85	2.100246594933431
16.86	3.309919249956709
16.87	2.1708509639124296
16.88	2.9478800806925856
16.89	3.100590673673186
16.9	0.5435718961692808
16.91	-1.05634414474737
16.92	-1.9070352973694351
16.93	-2.9937458088253814
16.94	-5.184807723550075
16.95	-8.269581496252398
16.96	-7.317095369122345
16.97	-8.259245267769272
16.98	-10.390304297199606
16.990000000000002	-16.957059584990635
17.0	-13.51639366413028
17.01	-9.991610950231392
17.02	-10.789129902604133
17.03	-11.90365456251729
17.04	-11.777037427897168
17.05	-8.561957444081912
17.06	-5.543307049899457
17.07	-4.733595782437915
17.080000000000002	-9.1416370712267
17.09	-10.794343439046678
17.1	-8.084111203969535
17.11	-4.489462099024576
17.12	-0.3237144877653521
17.13	0.21904397630607378
17.14	-5.239368364637401
17.150000000000002	-3.622301065659067
17.16	-5.101460315741557
17.17	-4.254640300676093
17.18	-3.4078202856109296
17.19	-4.007813804774643
17.2	-4.708178087949176
17.21	-7.138706083887548
17.22	-3.784846483269241
17.23	-0.6757508029914225
17.240000000000002	-1.7021149420794712
17.25	-2.1503367487287153
17.26	-2.3103181730403706
17.27	-5.933615635042188
17.28	-9.971562544998068
17.29	-7.567813133150412
17.3	-4.731738685461778
17.31	-5.319664981244229
17.32	-10.27908228634765
17.330000000000002	-10.188676666162412
17.34	-7.866751663660563
17.35	-5.510366314019794
17.36	-5.478024384676978
17.37	-5.858541796798551
17.38	-8.578735821918318
17.39	-5.6935925550507465
17.400000000000002	-2.3990039951848137
17.41	-1.5215310052744893
17.42	0.9756039665980882
17.43	-1.5726188404396957
17.44	-2.7133645321547304
17.45	0.7862183158857619
17.46	1.8842395691620464
17.47	3.5370020329355816
17.48	4.187344802694277
17.490000000000002	3.611880136975888
17.5	1.0514095816049842
17.51	5.7176848627322405
17.52	6.175275462288828
17.53	4.357488029038666
17.54	5.106671932050421
17.55	3.9463661289280068
17.56	-0.6538995470621948
17.57	-4.802402651050789
17.580000000000002	-6.153240483944536
17.59	-6.402353808976389
17.6	-9.239096821403525
17.61	-8.179636508790875
17.62	-7.934226897736004
17.63	-8.39916566544272
17.64	-15.794548967776874
17.650000000000002	-13.64068646390961
17.66	-10.364552135423486
17.67	-8.711075922752999
17.68	-7.842614137607639
17.69	-6.3660660949896375
17.7	-4.029553365998483
17.71	-0.7077732233527646
17.72	-2.2447882827004833
17.73	-2.003919748459094
17.740000000000002	-2.6416672558143244
17.75	-0.726176880503114
17.76	-1.5288882493611957
17.77	-3.6119604639268603
17.78	-4.444221087560346
17.79	-5.2384138382866166
17.8	-5.598499944089157
17.81	-9.067178817109642
17.82	-14.998682993475526
17.830000000000002	-15.661178735661757
17.84	-20.09594237054159
17.85	-19.502656837309733
17.86	-18.726988991134288
17.87	-22.24961625045942
17.88	-21.87071915220806
17.89	-21.84330280543061
17.900000000000002	-17.82693424811167
17.91	-15.494514268023323
17.92	-11.961740703128708
17.93	-16.293988262120955
17.94	-11.672940939536254
17.95	-21.236086319506125
17.96	-15.1446249580019
17.97	-13.503674035279252
17.98	-10.732765640487933
17.990000000000002	-15.184421967907587
18.0	-11.599703632148275
18.01	-9.365579263273894
18.02	-10.288378847887556
18.03	-12.383624803764468
18.04	-11.170208284352661
18.05	-17.29441416976602
18.06	-15.768838727496071
18.07	-19.097359470207415
18.080000000000002	-17.684819215982404
18.09	-16.197306299847266
18.1	-14.62233401842976
18.11	-14.344932516226297
18.12	-11.892256341553841
18.13	-10.117569822367184
18.14	-6.902896122053825
18.150000000000002	-9.022588165905173
18.16	-8.907398879376261
18.17	-14.66831659388274
18.18	-10.14800384354949
18.19	-9.965627657130975
18.2	-7.542255377074917
18.21	-8.562309184730957
18.22	-11.315603223264269
18.23	-14.30034728468165
18.240000000000002	-12.51561478875993
18.25	-9.388227113312505
18.26	-9.939699555656194
18.27	-11.455638307481564
18.28	-9.488422125863599
18.29	-12.029066513411243
18.3	-12.197208635104099
18.31	-11.092087387434177
18.32	-14.921560307412195
18.330000000000002	-15.517974919245168
18.34	-11.875875753743433
18.35	-12.530982007257615
18.36	-11.105632784079681
18.37	-13.633813730571868
18.38	-10.631396563210616
18.39	-11.240654810384529
18.400000000000002	-18.5634116704372
18.41	-16.357517777136906
18.42	-10.378834293924603
18.43	-6.623905277133118
18.44	-5.355047156767963
18.45	-4.870468245353875
18.46	-2.8111296821186147
18.47	-1.2706875891792426
18.48	-0.3695760844098331
18.490000000000002	1.2231454250053932
18.5	2.6715091020755515
18.51	4.175159984134257
18.52	5.341290238000679
18.53	12.657565880350797
18.54	12.09152591006994
18.55	11.540523820501912
18.56	10.993450806831992
18.57	11.371363682548857
18.580000000000002	16.594274351227643
18.59	13.101992873156703
18.6	10.402462317793763
18.61	9.015974166474793
18.62	8.217240173519738
18.63	6.2701201788822285
18.64	5.082763792451793
18.650000000000002	3.434294743737718
18.66	1.62498097632169
18.67	0.3661832281381019
18.68	-0.5702801411296897
18.69	-1.065778724305362
18.7	-0.5720118059208672
18.71	-0.5608934772737316
18.72	0.23874712761345054
18.73	-2.7020519469656663
18.740000000000002	-4.633276952582199
18.75	-5.988161735185805
18.76	-9.536824177891933
18.77	-8.024590951649405
18.78	-8.131404275605583
18.79	-8.617960960728587
18.8	-8.591779683934115
18.81	-8.328449405563074
18.82	-7.06312452073584
18.830000000000002	-5.873930163710528
18.84	-5.273755103367713
18.85	-7.4046246009627845
18.86	-12.079643737655529
18.87	-7.171473967892267
18.88	-7.105649093935297
18.89	-6.325687186256277
18.900000000000002	-7.2590611167476435
18.91	-6.926655650740245
18.92	-5.692873906738754
18.93	-9.22847461353075
18.94	-8.010513783155425
18.95	-10.366645947546395
18.96	-13.166512668839747
18.97	-14.53773848858147
18.98	-17.43095458230731
18.990000000000002	-16.52800099410882
19.0	-12.142858048703477
19.01	-14.612829213329231
19.02	-13.262642899890972
19.03	-9.69990041672095
19.04	-7.949566549820808
19.05	-7.308555301673775
19.06	-5.61293193533097
19.07	-7.590084459545495
19.080000000000002	-11.670647229674396
19.09	-14.697178897105045
19.1	-11.97289718465136
19.11	-12.008019248357106
19.12	-13.159175131634594
19.13	-18.90477770485944
19.14	-19.180557036392983
19.150000000000002	-23.21182403761729
19.16	-20.117860656597614
19.17	-20.59000902039736
19.18	-18.542247928075422
19.19	-14.969140606150786
19.2	-16.238883017419443
19.21	-15.72446190083512
19.22	-20.244865631017575
19.23	-17.345369758442573
19.240000000000002	-15.115799133101017
19.25	-13.622183823874604
19.26	-13.001700047751925
19.27	-11.069898661976174
19.28	-11.707668220676014
19.29	-8.676642889380883
19.3	-12.792511021715713
19.31	-21.33830801956703
19.32	-16.824689794306703
19.330000000000002	-14.31758153087954
19.34	-9.248001959681911
19.35	-8.539608310370065
19.36	-8.977166068752343
19.37	-8.843106528257092
19.38	-11.03577565461832
19.39	-8.933592339724406
19.400000000000002	-14.848670422378865
19.41	-14.353351135109198
19.42	-13.08578100567146
19.43	-14.79208685875379
19.44	-12.811435756302753
19.45	-15.05168869174346
19.46	-15.996757980487482
19.47	-13.637967397109072
19.48	-10.377185722904198
19.490000000000002	-8.310938480378148
19.5	-6.996082893464145
19.51	-7.442473487732808
19.52	-5.081519096870343
19.53	-7.75346193162968
19.54	-6.16053675565053
19.55	-4.162946570697533
19.56	-2.695133599990111
19.57	-2.8923339967383095
19.580000000000002	-0.7274564284414894
19.59	1.1853487279164432
19.6	4.873119248355894
19.61	5.267447829872789
19.62	2.696260470776824
19.63	1.5788364609589127
19.64	3.1358061838270026
19.650000000000002	0.554326647545392
19.66	-1.1721963946938523
19.67	-4.520412075467054
19.68	-6.878132541981478
19.69	-7.211194865170079
19.7	-8.404037602771464
19.71	-10.744629009481665
19.72	-13.252171669226044
19.73	-10.589489426879874
19.740000000000002	-8.281374728653798
19.75	-9.818571027944628
19.76	-10.94975390049193
19.77	-8.11840685957961
19.78	-8.631590581383614
19.79	-9.454002796368917
19.8	-13.746867160252368
19.81	-19.35335889464113
19.82	-15.354436581888852
19.830000000000002	-14.323504052240118
19.84	-10.584096648921966
19.85	-8.057660291503677
19.86	-5.1383390513865335
19.87	-2.857640655962105
19.88	-8.248006135227438
19.89	-3.0102363414647635
19.900000000000002	-1.8022857040130178
19.91	-5.6225450662821075
19.92	-8.20413994247952
19.93	-9.737588698620463
19.94	-9.688336886992513
19.95	-7.048338451993261
19.96	-5.367899947813529
19.97	-10.757769940231233
19.98	-13.340538456365525
19.990000000000002	-10.853989247712311
20.0	-11.628590425484798
20.01	-11.117450791884025
20.02	-9.015103628298935
20.03	-8.846406955101429
20.04	-13.156423822594961
20.05	-13.782672974559503
20.06	-12.860018753982525
20.07	-10.525624095883476
20.080000000000002	-14.994314998724628
20.09	-12.241272149030365
20.1	-7.32856493478488
20.11	-7.019056149725938
20.12	-8.363224741052267
20.13	-14.793642270891102
20.14	-13.779774248114864
20.150000000000002	-12.4475225126537
20.16	-11.51011662795408
20.17	-13.203196378240339
20.18	-10.633173017247959
20.19	-7.046518835293257
20.2	-3.8984665876019213
20.21	-2.385073531125331
20.22	-2.166488670323381
20.23	-4.051962583875305
20.240000000000002	-7.145778569661372
20.25	-6.298303069376803
20.26	-2.9704423291681294
20.27	-8.414416159393111
20.28	-8.305093432654012
20.29	-7.04260182132439
20.3	-5.76581366721298
20.31	-2.092076749010423
20.32	-6.0391581731595165
20.330000000000002	-4.454389190770871
20.34	-6.978267054684011
20.35	-5.1214578077350765
20.36	-7.074775495229268
20.37	-8.783382626528155
20.38	-5.255011394628785
20.39	-4.879590668252638
20.400000000000002	-4.01476017849243
20.41	-5.467558694687756
20.42	-6.10880278630878
20.43	-3.7164272999576697
20.44	-2.1542299713393303
20.45	-2.6229239480687316
20.46	-8.717440858284334
20.47	-10.579047656829838
20.48	-8.962141985950803
20.490000000000002	-9.621443770667055
20.5	-7.373444075582257
20.51	-8.993549288341981
20.52	-9.73309657646517
20.53	-14.964756319850345
20.54	-11.848738126139011
20.55	-10.220395109914023
20.56	-12.988146049655484
20.57	-14.331556257552426
20.580000000000002	-16.547622692054233
20.59	-13.280448184400731
20.6	-11.181149876011071
20.61	-6.524145866748401
20.62	-3.9569402229204664
20.63	-1.3099179448412452
20.64	1.4615696046086646
20.650000000000002	2.3881261838580836
20.66	-0.04307731318663684
20.67	-0.4353835979620393
20.68	-2.103721078807368
20.69	-0.8819316942361021
20.7	-5.168912051312348
20.71	-1.189168835120868
20.72	-3.8728829338496777
20.73	-6.489223902022693
20.740000000000002	-11.239277842520673
20.75	-8.675228799438356
20.76	-10.968139947907611
20.77	-16.02563190287425
20.78	-20.981760120740145
20.79	-17.318698649004197
20.8	-15.487009306966417
20.81	-13.93830597405712
20.82	-17.98689632480294
20.830000000000002	-14.762398997740828
20.84	-15.32668159935445
20.85	-11.60804322170344
20.86	-10.415308236719705
20.87	-13.032923511904581
20.88	-10.217430442517236
20.89	-7.896295873164763
20.900000000000002	-8.255877161206607
20.91	-12.0997900234718
20.92	-10.888487136596844
20.93	-9.261742965020392
20.94	-12.2790650051551
20.95	-12.497594532402532
20.96	-12.813317223570898
20.97	-10.496190287896122
20.98	-10.17987305315958
20.990000000000002	-9.653793781711707
21.0	-8.259315662979109
21.01	-16.585046830785203
21.02	-16.24882236152926
21.03	-17.148410484550418
21.04	-14.414985358333313
21.05	-15.764261722164438
21.06	-14.237628013193026
21.07	-15.534483699263498
21.080000000000002	-16.32187236074394
21.09	-18.545992563355004
21.1	-18.422236275677005
21.11	-18.991632904102225
21.12	-22.354691466314566
21.13	-20.082913366883574
21.14	-17.577839984126594
21.150000000000002	-17.57678995378396
21.16	-14.504397025228226
21.17	-11.859975660018861
21.18	-9.887608791716872
21.19	-9.380372520902153
21.2	-7.444702458123059
21.21	-6.367238783141371
21.22	-7.2852506190129755
21.23	-8.257064001995177
21.240000000000002	-8.583242001814037
21.25	-7.9240674866144065
21.26	-13.770839873646764
21.27	-19.20144239276971
21.28	-19.11334583616848
21.29	-12.8845474787212
21.3	-18.914129852353362
21.31	-14.858057294679943
21.32	-10.452187462076834
21.330000000000002	-11.980520585879356
21.34	-11.756794324328126
21.35	-16.172936424865856
21.36	-17.85457734865322
21.37	-18.096709494692075
21.38	-14.870396029267535
21.39	-13.51931628894397
21.400000000000002	-15.03509020640407
21.41	-11.218479509775085
21.42	-14.378096061861374
21.43	-14.7625150798981
21.44	-14.506262798106725
21.45	-21.563149685861667
21.46	-22.734708284167777
21.47	-20.486460417086445
21.48	-19.508894824199498
21.490000000000002	-16.247422100060202
21.5	-18.59416976558061
21.51	-13.996774391226728
21.52	-10.338606609725183
21.53	-7.826326832037726
21.54	-8.25508023631777
21.55	-6.927572751312113
21.56	-6.168476864377998
21.57	-4.179203567853982
21.580000000000002	-3.970533574824815
21.59	-5.132674967578929
21.6	-3.8712737001816815
21.61	-1.3574860638895307
21.62	0.8995561652279689
21.63	0.028101030728719396
21.64	0.00474658237707003
21.650000000000002	5.559343525035977
21.66	6.601652817911846
21.67	8.805798228097219
21.68	7.460946074303577
21.69	14.536314517401184
21.7	12.390921291423348
21.71	9.886735930591142
21.72	6.1152724083115615
21.73	4.591030199656094
21.740000000000002	4.114128720149601
21.75	5.9757731651660535
21.76	7.048691739497842
21.77	4.587252201459378
21.78	4.444193262244652
21.79	10.026697603279407
21.8	3.3452908502472996
21.81	7.161103523599592
21.82	10.858213548099492
21.830000000000002	16.773523277241196
21.84	27.656725895842783
21.85	30.081042936723886
21.86	24.618317803781274
21.87	30.042881494670645
21.88	41.61642396662285
21.89	29.894310163727834
21.900000000000002	31.319551995004375
21.91	28.92078377661931
21.92	22.390797093564313
21.93	17.276625823715953
21.94	14.919798108736753
21.95	13.337848128959072
21.96	12.734996653518891
21.97	21.210826494842046
21.98	27.874357226470895
21.990000000000002	24.41755055821223
22.0	21.126073613467394
22.01	16.70433053729467
22.02	22.252870760267303
22.03	23.301287276664972
22.04	26.403360821919716
22.05	19.139789400820007
22.06	16.197934725658776
22.07	14.522243536238957
22.080000000000002	13.978885560565734
22.09	17.96475716319522
22.1	14.761504335462385
22.11	17.483100518933824
22.12	16.31246564650987
22.13	13.013949747044744
22.14	12.031044408657484
22.150000000000002	15.207047110443355
22.16	13.541245396822093
22.17	13.61114305872169
22.18	14.109225900896911
22.19	17.959626431949548
22.2	14.961597879780882
22.21	16.385564317885688
22.22	16.17146358448748
22.23	15.361708698952615
22.240000000000002	13.510752010154636
22.25	12.444956997800238
22.26	14.523125910967993
22.27	24.507765167099684
22.28	32.54793685318172
22.29	25.88575010470446
22.3	23.7616097002883
22.31	19.865523482713442
22.32	14.011530932307084
22.330000000000002	14.39269868025178
22.34	11.600398781082902
22.35	10.197086860321699
22.36	14.9136293475582
22.37	26.821378439550283
22.38	26.74190002192894
22.39	25.175555772658768
22.400000000000002	22.757657647336778
22.41	20.11352382194258
22.42	18.626222361393758
22.43	20.022783285440177
22.44	15.48767971984747
22.45	14.132051626990974
22.46	11.511862967819807
22.47	10.243101342324422
22.48	9.229019698244956
22.490000000000002	12.283510050127378
22.5	10.352741641326881
22.51	11.216335759426963
22.52	11.423472969448508
22.53	11.062344114294811
22.54	11.9142552160526
22.55	10.602378966780698
22.56	10.806582384499412
22.57	11.963402190472983
22.580000000000002	11.054943976457814
22.59	11.939287170604391
22.6	9.822252613228445
22.61	10.597268371900507
22.62	18.650201995698342
22.63	15.920690293743489
22.64	18.68517503387169
22.650000000000002	16.56548124365657
22.66	20.697086789808576
22.67	19.153174548879047
22.68	16.584288506042657
22.69	13.46975004357551
22.7	12.672136220388253
22.71	8.775747385638457
22.72	7.623567592627804
22.73	5.11979210871242
22.740000000000002	5.655750997091535
22.75	5.524648820994456
22.76	5.1071736676345765
22.77	2.5835516846206557
22.78	1.6834161457268797
22.79	0.044352355491493065
22.8	0.29099579801997016
22.81	1.2411482621011094
22.82	0.9763549598709413
22.830000000000002	1.4849562091761137
22.84	-4.975836410852405
22.85	-5.930103684836456
22.86	-4.754138052953592
22.87	2.1493667349036016
22.88	7.248456402712372
22.89	7.9393918920982625
22.900000000000002	9.979456823568029
22.91	13.733294618902315
22.92	11.501006353273151
22.93	10.578064539541288
22.94	6.283452223895811
22.95	7.039097284804059
22.96	6.365811891529011
22.97	6.766486800588021
22.98	5.582515102007279
22.990000000000002	6.63860461735887
23.0	7.5738647320194135
23.01	8.26526250286307
23.02	7.892468302545036
23.03	6.3656650645363255
23.04	2.696307574494359
23.05	-0.9145819989955165
23.06	-3.603250273211665
23.07	-3.676587261448713
23.080000000000002	-2.2847827651325052
23.09	-2.8553542771396456
23.1	-5.924022632630161
23.11	-1.742646438793479
23.12	-3.6465248705249236
23.13	-0.6432678709364746
23.14	-0.30390309229070095
23.150000000000002	-4.604321496903383
23.16	-6.1120358970490996
23.17	-5.436362414914388
23.18	-4.902467019643112
23.19	-5.082137820128864
23.2	-4.378706471467493
23.21	-5.258318161155412
23.22	-2.198309158469527
23.23	-2.918121925242583
23.240000000000002	-0.2973258504328047
23.25	-0.878328542277847
23.26	-1.9849058158157387
23.27	-5.314091751120117
23.28	-9.885811957116717
23.29	-9.111849068647079
23.3	-5.210951149542621
23.31	-2.2773172362655925
23.32	-0.285471478289304
23.330000000000002	-3.731876797908703
23.34	-6.42087151422085
23.35	-3.2357047249044726
23.36	-1.7353797280893994
23.37	0.250848396440835
23.38	-2.4274988162992406
23.39	-2.996159139448492
23.400000000000002	-2.750622717150317
23.41	-1.000456998270616
23.42	-0.3753736469118569
23.43	-1.170092631103472
23.44	-3.7697114348511813
23.45	-3.8846400844478324
23.46	-4.14576605905827
23.47	-4.773188929524871
23.48	-5.5736224809480355
23.490000000000002	-6.515292640302613
23.5	-10.223449040498787
23.51	-8.60446290534066
23.52	-10.350612599759375
23.53	-10.063064913243196
23.54	-9.765494920041048
23.55	-6.720003601141858
23.56	-10.292069655650513
23.57	-3.9344810469758915
23.580000000000002	-3.648317892064763
23.59	-2.97084869306453
23.6	-1.797151713026511
23.61	1.7999654003083103
23.62	4.6494505059712425
23.63	6.290160991787045
23.64	6.2179403746486805
23.650000000000002	4.231260566143987
23.66	4.248810574596327
23.67	6.278687755935407
23.68	7.692336304754061
23.69	12.087814673058064
23.7	12.197223490606726
23.71	11.004067979729435
23.72	7.878930831245275
23.73	6.916529187527204
23.740000000000002	4.543530221395285
23.75	2.1256559330232085
23.76	-0.4550021124782879
23.77	-1.0801362743887732
23.78	-2.2953863771046845
23.79	-5.360044982240114
23.8	-5.10056822551914
23.81	-13.674945574374641
23.82	-14.136562025385315
23.830000000000002	-12.534566607406353
23.84	-10.754123409046622
23.85	-10.722324755277082
23.86	-18.058835250346227
23.87	-26.747083932615332
23.88	-20.70201208145124
23.89	-14.621284786102068
23.900000000000002	-10.763156838225402
23.91	-9.312332978287941
23.92	-12.13914794213179
23.93	-12.285229728901086
23.94	-11.18366122186256
23.95	-11.908388582073787
23.96	-8.129741291551063
23.97	-7.420263478496537
23.98	-12.607598539406931
23.990000000000002	-15.875948286349217
24.0	-16.296237476946455
24.01	-20.12447533269028
24.02	-18.093607361792298
24.03	-19.100503159717285
24.04	-15.887060169640705
24.05	-14.114267197812426
24.060000000000002	-15.21066431168409
24.07	-14.475654426329495
24.080000000000002	-12.072243548159497
24.09	-16.446756427359016
24.1	-13.192942588993407
24.11	-14.098729122948074
24.12	-17.83578101415743
24.13	-15.309930363516742
24.14	-14.012014471566248
24.150000000000002	-17.70020468332952
24.16	-17.190146319280394
24.17	-17.077434644031083
24.18	-13.309688107237067
24.19	-9.947602126468826
24.2	-7.41901942976897
24.21	-12.415400518730413
24.22	-14.407276850733721
24.23	-10.1428587682351
24.240000000000002	-13.244756615957161
24.25	-12.98068468256888
24.26	-10.892207307095026
24.27	-9.322999532963724
24.28	-14.073854633692184
24.29	-15.745375211430527
24.3	-14.73978001349743
24.310000000000002	-9.18481188006381
24.32	-6.858608967277736
24.330000000000002	-5.544847702662418
24.34	-5.55865695870075
24.35	-8.186157984820188
24.36	-8.074202976424967
24.37	-5.126644937002197
24.38	1.2121892177241307
24.39	1.2668233589773283
24.400000000000002	0.19283099357114464
24.41	3.436968095923286
24.42	5.05096424049948
24.43	5.739123994824353
24.44	6.258566143914951
24.45	10.504449109959626
24.46	13.260616151765865
24.47	11.101520744954275
24.48	8.46798526625857
24.490000000000002	7.773245930945565
24.5	11.313049053596126
24.51	6.580093375938739
24.52	4.129938885009698
24.53	7.2450810685426354
24.54	5.544005695946362
24.55	1.4634956514105868
24.560000000000002	1.7070723659768547
24.57	3.361715836755663
24.580000000000002	1.9708899410229181
24.59	0.19466349544327063
24.6	2.404955349565964
24.61	3.3029153498661206
24.62	4.0873191409586855
24.63	6.394515811181071
24.64	8.503567436125103
24.650000000000002	10.815314910080149
24.66	8.554059129165628
24.67	5.197815710569563
24.68	2.0697225822573015
24.69	3.4799778199248785
24.7	6.407742527760407
24.71	6.44873071966339
24.72	6.788810144723545
24.73	8.318500774311266
24.740000000000002	8.108963849303226
24.75	12.672471217046294
24.76	12.342506141823142
24.77	12.350668219444227
24.78	9.50795612320693
24.79	8.42697713167606
24.8	8.267555034365206
24.810000000000002	9.169263220392855
24.82	8.523086606837987
24.830000000000002	6.607220140802079
24.84	5.517341940833856
24.85	5.640130484370515
24.86	3.0914557826942515
24.87	3.060755555915774
24.88	2.6174512240451775
24.89	7.312689301250972
24.900000000000002	8.564254588399557
24.91	6.949566121673503
24.92	8.789267842527243
24.93	12.386039882143486
24.94	14.035920468933474
24.95	17.676224712627523
24.96	25.585774320704942
24.97	25.581621900567672
24.98	20.697417908537904
24.990000000000002	16.294813583565812
25.0	15.13122493063021
25.01	16.295274399557645
25.02	13.487266620244515
25.03	17.769890229293612
25.04	19.56912191371396
25.05	15.119933289928937
25.060000000000002	12.547496479911462
25.07	11.810203445106978
25.080000000000002	7.671112747464298
25.09	8.358819866585156
25.1	7.597521567231045
25.11	7.802208568532531
25.12	6.883158489895911
25.13	4.809039405163258
25.14	1.673710811388842
25.150000000000002	0.159277764588373
25.16	1.8073623500755749
25.17	2.2421557461195434
25.18	1.2073813831587372
25.19	-2.4040773224953647
25.2	-4.590754942266498
25.21	-7.830128884343185
25.22	-14.195327971566444
25.23	-14.3158177647036
25.240000000000002	-12.274206340437447
25.25	-8.799510793571573
25.26	-6.3900369473284035
25.27	-4.292242161751206
25.28	-3.6584610793884402
25.29	-0.855387141899991
25.3	1.5148858443402249
25.310000000000002	3.5019855943921283
25.32	4.604576193092158
25.330000000000002	6.026865953473824
25.34	3.133373249185745
25.35	1.7283341753346655
25.36	2.9788459395472913
25.37	5.983267202479277
25.38	9.825296756945946
25.39	7.857013819283165
25.400000000000002	11.153556545820514
25.41	8.99037380498206
25.42	6.939737358056554
25.43	4.210645599116527
25.44	1.1732277110675537
25.45	-2.8124699575383003
25.46	-4.855147054347059
25.47	-9.29307762667933
25.48	-12.969624087476289
25.490000000000002	-18.041409124123863
25.5	-14.37574046854919
25.51	-13.128398968027787
25.52	-9.482009552409192
25.53	-11.590412566609436
25.54	-9.484682847693216
25.55	-11.221378405709602
25.560000000000002	-9.9979021290594
25.57	-9.593226641128162
25.580000000000002	-6.000499164407187
25.59	-6.243298741283564
25.6	-9.63133018566183
25.61	-10.393080820979804
25.62	-13.035664780056683
25.63	-16.117223896470975
25.64	-15.74879234327515
25.650000000000002	-14.957998484612391
25.66	-15.47681674933299
25.67	-15.468863874783674
25.68	-17.170770050176127
25.69	-18.99078129436767
25.7	-13.804000982382966
25.71	-8.067743524370917
25.72	-9.300986333591483
25.73	-11.277485535653675
25.740000000000002	-10.31434952247136
25.75	-10.62802738503317
25.76	-7.170805799257282
25.77	-6.145231899016642
25.78	-9.799185700533851
25.79	-9.294236221467955
25.8	-11.20733511101242
25.810000000000002	-16.397775237830214
25.82	-13.503384127639997
25.830000000000002	-11.965425260275005
25.84	-9.241017096290719
25.85	-8.029573409364255
25.86	-5.179319397104848
25.87	-6.723119160036345
25.88	-7.376591342928789
25.89	-6.364489279816007
25.900000000000002	-5.449168914137268
25.91	-4.69301471725836
25.92	-4.4422835567156
25.93	-4.505848658276854
25.94	-1.4887225013624141
25.95	-2.39220808925258
25.96	-7.261014542711489
25.97	-8.068686922725673
25.98	-8.743672220096997
25.990000000000002	-9.340841681951087
26.0	-9.842874575713527
26.01	-6.686285534929321
26.02	-5.829849861060841
26.03	-3.5090744748713387
26.04	-5.865122688623474
26.05	-11.735435776247822
26.060000000000002	-12.889901608729884
26.07	-14.712791959354817
26.080000000000002	-12.914072707623765
26.09	-11.123492598921272
26.1	-9.614199383866728
26.11	-9.6926096895769
26.12	-14.328664434349777
26.13	-23.46332644577321
26.14	-18.60624699999162
26.150000000000002	-15.060010237863894
26.16	-16.085199521232504
26.17	-16.224717115065836
26.18	-13.673599446774297
26.19	-12.955478831887463
26.2	-13.97869255405889
26.21	-12.011135272201875
26.22	-18.036590970413542
26.23	-15.536032348746517
26.240000000000002	-12.612309829976935
26.25	-10.528525649318299
26.26	-11.003848763727333
26.27	-14.024424094215338
26.28	-14.436530350094543
26.29	-12.594354412744197
26.3	-11.202925438082463
26.310000000000002	-11.559143102537579
26.32	-7.78566414481762
26.330000000000002	-7.373760341660753
26.34	-6.756820010181327
26.35	-7.4149923726995555
26.36	-9.782487055888241
26.37	-13.957526124769636
26.38	-16.10244115860361
26.39	-12.426730042802324
26.400000000000002	-9.457118392256213
26.41	-9.057561703734043
26.42	-9.744039189433677
26.43	-11.344555230387094
26.44	-11.254071113643347
26.45	-9.867510852523193
26.46	-7.280466863816023
26.47	-7.478744100302721
26.48	-10.445041478611593
26.490000000000002	-7.874902177370819
26.5	-7.25092998551036
26.51	-6.712827035591061
26.52	-7.134127308603504
26.53	-8.776629582034346
26.54	-9.148238051551738
26.55	-12.226754591100157
26.560000000000002	-9.513403676843268
26.57	-6.876796313529031
26.580000000000002	-4.976021226384386
26.59	-3.3267438952490287
26.6	-3.0106169716046955
26.61	-1.928381234958429
26.62	-3.4287483164753048
26.63	-3.6884297954277634
26.64	-4.327074057325291
26.650000000000002	-2.975481826649792
26.66	-1.2837412784320035
26.67	1.2604954715524819
26.68	1.9242374339820685
26.69	4.652731217446891
26.7	3.1446337275571548
26.71	-0.060308431205196765
26.72	3.2957764074467066
26.73	1.6418231635621576
26.740000000000002	2.4580979269275582
26.75	3.8438099597242164
26.76	5.974223219198924
26.77	7.145760659168443
26.78	5.65608710700869
26.79	5.678006318926477
26.8	8.118598499242632
26.810000000000002	12.778949315000363
26.82	10.323221053848236
26.830000000000002	9.717285507750033
26.84	11.462946314832768
26.85	7.811335812997773
26.86	5.248980700595206
26.87	8.448262591975006
26.88	5.144662120671724
26.89	2.187533109168942
26.900000000000002	2.9293062537199743
26.91	4.130572103955539
26.92	7.989213538164547
26.93	13.830211726567592
26.94	15.1441545753763
26.95	13.621784419077205
26.96	9.74481717621868
26.97	7.102950780607647
26.98	7.332879393954991
26.990000000000002	8.518611592147423
27.0	6.081335847795105
27.01	5.946812548290861
27.02	3.8043552527146174
27.03	1.4804835109563435
27.04	0.029265054546406925
27.05	0.4226954069953894
27.060000000000002	-0.63231478289695
27.07	0.663059260807862
27.080000000000002	1.6526417828531368
27.09	1.0231575527121246
27.1	0.4142592483556193
27.11	0.2996576942037842
27.12	2.385523661159524
27.13	2.617443325235556
27.14	4.6005590975674835
27.150000000000002	3.1684939643670718
27.16	0.7550395401125654
27.17	7.5860613777722214
27.18	7.528835086508624
27.19	8.42524648250682
27.2	15.118753638979083
27.21	11.630506177708764
27.22	7.370305109866944
27.23	5.532189658740541
27.240000000000002	14.41458014535677
27.25	18.25036749734494
27.26	15.948180416961051
27.27	16.124891643879675
27.28	18.41878377881425
27.29	14.30131808120345
27.3	11.98117173783115
27.310000000000002	13.722626299460542
27.32	16.28395953947793
27.330000000000002	13.52893769590164
27.34	11.252221364171493
27.35	10.033158331407499
27.36	6.885441504648427
27.37	8.114185179054175
27.38	7.987595978150548
27.39	6.146825645490405
27.400000000000002	1.6077006642674077
27.41	2.2036877668231853
27.42	2.8822535945500074
27.43	3.869080944979469
27.44	6.332929437491479
27.45	4.314739705969406
27.46	3.2785370287740876
27.47	0.8034954884499289
27.48	0.010269656720006647
27.490000000000002	-1.903895555744143
27.5	-3.136060540006179
27.51	-0.5091524303005095
27.52	-2.072477628333645
27.53	-0.09839205874690016
27.54	-5.009010999873625
27.55	-3.5122574589858346
27.560000000000002	-3.8509873838009328
27.57	-5.37590991562256
27.580000000000002	-5.1992407049280525
27.59	-6.428903200203606
27.6	-6.242564932723437
27.61	-6.193241837899792
27.62	-6.059583028733271
27.63	-8.212196663228903
27.64	-8.272510786096534
27.650000000000002	-6.3382740035673555
27.66	-4.45982661855915
27.67	-3.580704385544689
27.68	-2.6538670630658685
27.69	-1.3535899373772782
27.7	-2.903252644509543
27.71	-2.857420547841329
27.72	-2.8195742252321576
27.73	-0.9644423927359431
27.740000000000002	-2.249813650318824
27.75	-3.93815460566556
27.76	-6.329547910710328
27.77	-7.130772084493882
27.78	-5.296131000998952
27.79	-7.468077764112477
27.8	-7.005048150296488
27.810000000000002	-10.202589961669833
27.82	-10.151936650199842
27.830000000000002	-18.83019915544034
27.84	-17.870524849819425
27.85	-15.51794495454404
27.86	-12.10249121759373
27.87	-9.963397061550827
27.88	-11.940150384514652
27.89	-15.011848475995158
27.900000000000002	-17.13181787581035
27.91	-18.740091858423714
27.92	-15.17558170468829
27.93	-15.878902646562059
27.94	-11.843926082886583
27.95	-9.592868381297388
27.96	-6.043466157077152
27.97	-3.18274074532195
27.98	0.9988168126465145
27.990000000000002	2.2906447742224776
28.0	3.3155571364591325
28.01	3.924621822044693
28.02	2.4325659657495646
28.03	1.7564536361762664
28.04	3.4778892155661123
28.05	4.261129250638466
28.060000000000002	4.995370013039238
28.07	1.7839770215707078
28.080000000000002	-2.882420937302834
28.09	-5.793564791500146
28.1	-6.595934787154803
28.11	-6.296249825413607
28.12	-6.111625865083198
28.13	-5.936496440689652
28.14	-0.8659890776439674
28.150000000000002	-3.5823676476983435
28.16	-3.7765792480802567
28.17	-6.772559525072657
28.18	-7.9676319870028225
28.19	-9.298433233155418
28.2	-8.735594963472371
28.21	-7.290423887112802
28.22	-5.902769358615955
28.23	-6.38209486363741
28.240000000000002	-3.6050920374961106
28.25	-5.532044560265668
28.26	-5.935306483340162
28.27	-6.835111899236694
28.28	-9.54386759433379
28.29	-9.812827389147666
28.3	-8.007048205442464
28.310000000000002	-7.6373142736558
28.32	-7.885979771924449
28.330000000000002	-11.597542831763912
28.34	-19.88816509439024
28.35	-19.2729456689042
28.36	-19.394356332627822
28.37	-19.4427442518338
28.38	-17.141376988691217
28.39	-18.844847544550664
28.400000000000002	-18.24841175317003
28.41	-14.540755071350738
28.42	-10.877132921887252
28.43	-7.315477185090984
28.44	-6.581356054973115
28.45	-7.640880438461383
28.46	-9.599865888166594
28.47	-7.559279915516831
28.48	-9.576688985480343
28.490000000000002	-8.894687374148125
28.5	-9.007261853271993
28.51	-10.751229790919716
28.52	-10.474827471307627
28.53	-9.79799789016165
28.54	-14.011501069258975
28.55	-14.175581818968741
28.560000000000002	-12.613479743717981
28.57	-10.316368813730353
28.580000000000002	-9.312101503229902
28.59	-9.026346706044846
28.6	-7.661948800868432
28.61	-6.401907341879697
28.62	-6.538531029316187
28.63	-5.560666259030188
28.64	-8.083071704083942
28.650000000000002	-10.970282557622145
28.66	-9.69165535059597
28.67	-8.125256024194595
28.68	-6.125213165164982
28.69	-8.261393838820897
28.7	-6.227324477860994
28.71	-3.87238534863791
28.72	-3.6398177689579545
28.73	-2.4632170037379955
28.740000000000002	-1.2967111693859004
28.75	-0.04191113981558301
28.76	-2.225135075818844
28.77	-0.770955941396982
28.78	0.4014285700185977
28.79	3.1916887874032653
28.8	1.6890828527504582
28.810000000000002	-2.9535968681274904
28.82	-3.19669702153761
28.830000000000002	-6.995919819235153
28.84	-8.75516344526651
28.85	-5.587580187477188
28.86	-4.631287790636365
28.87	-5.860746004655226
28.88	-8.102220259356317
28.89	-15.71648172544031
28.900000000000002	-15.60518130472843
28.91	-16.368121630267627
28.92	-12.219658119149901
28.93	-14.214185318387555
28.94	-10.932118336256744
28.95	-10.570054365875649
28.96	-11.064075586271077
28.97	-12.882268587946607
28.98	-13.62637747833726
28.990000000000002	-12.15227955615431
29.0	-10.539178613997871
29.01	-7.846274235100556
29.02	-5.516544561383758
29.03	-7.37647371048859
29.04	-4.800134243411657
29.05	-7.323266739198731
29.060000000000002	-6.4669559388665805
29.07	-6.189369787498971
29.080000000000002	-5.520924372456945
29.09	-7.566900552804829
29.1	-6.673450239468683
29.11	-6.197664539794903
29.12	-8.371415899631383
29.13	-8.535962055099459
29.14	-7.557700801345714
29.150000000000002	-6.320333452570047
29.16	-5.4639316430475855
29.17	-3.5476178869153046
29.18	-6.1321542460830445
29.19	-5.6527066586940125
29.2	-5.920283062531522
29.21	-5.029240214540837
29.22	-5.414797938100576
29.23	-8.79394378356496
29.240000000000002	-6.038274778754692
29.25	-3.597871940230389
29.26	-3.8983902307137837
29.27	-5.668915457743412
29.28	-2.667041247942679
29.29	0.011159620728043771
29.3	0.4021223062208498
29.310000000000002	-4.727150736004058
29.32	-5.662900506574397
29.330000000000002	-5.772997668921561
29.34	-5.621090412581521
29.35	-5.208443400545651
29.36	-4.420123030149487
29.37	-4.046940839891354
29.38	-4.844423860577043
29.39	-1.6149975935989929
29.400000000000002	-3.2063656805053506
29.41	-3.275147814041506
29.42	-3.969497774530331
29.43	-4.274415894520033
29.44	-5.059639451983198
29.45	-4.820988494483089
29.46	-3.742908618818774
29.47	-6.119025028151639
29.48	-5.620610963056598
29.490000000000002	-4.570554031583666
29.5	-2.1660353479399497
29.51	-3.7222552802155895
29.52	-4.535753863417303
29.53	-2.736275136271975
29.54	-0.15479003167032201
29.55	2.261114566249922
29.560000000000002	1.1690979763835818
29.57	5.451262303229046
29.580000000000002	11.099683772287563
29.59	17.129056817180295
29.6	12.391454048885933
29.61	10.926412026228048
29.62	11.099142708963894
29.63	14.673084399363926
29.64	10.055695487110086
29.650000000000002	6.337129391604435
29.66	6.10868392436626
29.67	6.456830383795524
29.68	9.170977554294678
29.69	8.45427165733996
29.7	10.094190451734121
29.71	8.183316691504732
29.72	8.049461356665088
29.73	7.1114958718936565
29.740000000000002	7.092113347852655
29.75	10.089859559242523
29.76	8.031504233083322
29.77	5.712674461384005
29.78	3.1052085787763257
29.79	4.500640138344985
29.8	4.903077521585851
29.810000000000002	7.262937365522785
29.82	4.3781693536538695
29.830000000000002	4.039318652204347
29.84	4.381653149994367
29.85	6.811049683084345
29.86	5.890627382887225
29.87	5.20206557789307
29.88	3.5657067679997043
29.89	3.437490545500246
29.900000000000002	2.992546821895536
29.91	1.987281480758009
29.92	1.48552758075119
29.93	0.3982054909648771
29.94	-0.6051994523285477
29.95	0.24350471533408957
29.96	-0.42085994720181513
29.97	-6.00247549225498
29.98	-7.559152097929075
29.990000000000002	-8.24845859153248
30.0	-6.388514023867146
30.01	-6.194685157277223
30.02	-6.249746666937575
30.03	-9.901621837776025
30.04	-10.084324482165657
30.05	-6.499917392123953
30.060000000000002	-0.876487797210219
30.07	-0.19168608232542209
30.080000000000002	-0.016644680509869593
30.09	-1.9746230215063374
30.1	-1.7395961520523313
30.11	-0.22848128721542357
30.12	3.6285783253510266
30.13	1.8903650170815751
30.14	3.568167808233724
30.150000000000002	5.712539279083127
30.16	9.06109651078632
30.17	8.875659900050653
30.18	9.878733321537698
30.19	11.265635730082717
30.2	10.128402425136315
30.21	10.252821405753831
30.22	10.628163839637317
30.23	12.910641576730956
30.240000000000002	14.640776669189558
30.25	12.499227854330906
30.26	13.960545899514011
30.27	10.314623038270105
30.28	9.323702996524766
30.29	8.602504813134287
30.3	7.274605969212433
30.310000000000002	8.141780867605348
30.32	8.613644509275328
30.330000000000002	6.11556515471649
30.34	8.320272687322893
30.35	8.300611680336006
30.36	6.839024948511391
30.37	9.71515697480956
30.38	9.881876648334403
30.39	9.309797642399806
30.400000000000002	9.618078787079629
30.41	10.535464718567193
30.42	8.616188572554176
30.43	5.818098089377224
30.44	7.025456524875888
30.45	8.36888280876433
30.46	5.173257247568423
30.47	3.751274474690626
30.48	2.341162212429913
30.490000000000002	12.603776938230718
30.5	14.047655716250945
30.51	12.673248300693409
30.52	10.915793444115884
30.53	12.81714315430552
30.54	11.123303831575434
30.55	11.906003587987813
30.560000000000002	12.657904677594848
30.57	10.741329399377296
30.580000000000002	9.349356210469516
30.59	7.633453011283093
30.6	5.14039788067782
30.61	3.146143435358839
30.62	2.262858592226284
30.63	-2.2176859504856052
30.64	1.5201491525677635
30.650000000000002	5.591503266876784
30.66	6.727533398202958
30.67	7.148265920147739
30.68	8.062522828191936
30.69	10.398390123253431
30.7	12.522922984763829
30.71	11.529093769660395
30.72	17.898480465645765
30.73	15.118997121450269
30.740000000000002	19.29086824729024
30.75	17.620933204115083
30.76	21.119729409537833
30.77	22.913626416729745
30.78	23.16940429046694
30.79	20.873454591433294
30.8	17.9493845612746
30.810000000000002	14.160694268825276
30.82	12.566157901923404
30.830000000000002	13.033113468568585
30.84	19.26609822882849
30.85	13.66026127100738
30.86	9.010019183409158
30.87	5.730330254895969
30.88	5.8524147211377855
30.89	2.651128268419364
30.900000000000002	3.3666030921624337
30.91	2.28739688491412
30.92	2.352175887983284
30.93	2.8918296550465916
30.94	1.717471696416997
30.95	1.07073846225652
30.96	1.1791650656586647
30.970000000000002	1.079086750439699
30.98	-1.396129604273925
30.990000000000002	1.3349990455280025
31.0	-0.18372778733601264
31.01	-0.28471247922630594
31.02	2.153491351940345
31.03	3.3461274478794336
31.04	2.0164734563962012
31.05	0.7239074323051443
31.060000000000002	-2.30301752262059
31.07	-0.09917457957695845
31.080000000000002	0.7774319134914722
31.09	-0.843201365067435
31.1	-2.9787346408762954
31.11	-3.3921358430848767
31.12	-1.6172682503557392
31.13	-7.141946854950518
31.14	-5.219387459318664
31.150000000000002	-6.310530545935131
31.16	-5.87756506935406
31.17	-8.606174638470597
31.18	-20.605429629891027
31.19	-16.247122743772973
31.2	-13.530894414387806
31.21	-21.424032536212266
31.220000000000002	-21.013864710439403
31.23	-15.868969786222065
31.240000000000002	-16.8243197064674
31.25	-14.944254032327924
31.26	-14.706511225650162
31.27	-14.997660042359835
31.28	-14.188953353059782
31.29	-10.14489966171696
31.3	-8.730832019428643
31.310000000000002	-10.843302121428932
31.32	-15.130970426798246
31.330000000000002	-11.665722581052572
31.34	-9.3518281388171
31.35	-7.648704871472451
31.36	-4.306436265295842
31.37	-2.30393711666083
31.38	-1.122581927291576
31.39	-1.9093093112091248
31.400000000000002	-2.1636653859310204
31.41	0.6966424170848532
31.42	2.7565270510279296
31.43	2.3403074410023748
31.44	6.2678788273516775
31.45	4.039643607455664
31.46	4.758181156915909
31.470000000000002	2.788868016101615
31.48	0.49393363301500737
31.490000000000002	1.2274750694021366
31.5	-0.06406252990744374
31.51	-0.2477693696259171
31.52	0.2548814860073209
31.53	0.4491937409035264
31.54	0.7753233324195679
31.55	1.8777311279148063
31.560000000000002	2.364496685254309
31.57	-0.36669873279428933
31.580000000000002	-0.9550322574725761
31.59	-3.0882373924052864
31.6	-4.962829682844633
31.61	-5.189347267401424
31.62	-5.976083831335195
31.63	-9.270145847085498
31.64	-7.365457394632121
31.650000000000002	-10.36345681217775
31.66	-17.073953637442123
31.67	-13.045682550392987
31.68	-14.23461651965575
31.69	-19.03388152506805
31.7	-21.70690685495855
31.71	-17.666463736955695
31.720000000000002	-12.074019321647357
31.73	-13.318750102120537
31.740000000000002	-11.861442381884538
31.75	-11.580094363099535
31.76	-14.923952828085353
31.77	-16.05539575389312
31.78	-12.53358516371188
31.79	-8.490099904258186
31.8	-7.1711813031870735
31.810000000000002	-4.996570439895736
31.82	-6.637585896319781
31.830000000000002	-15.55173367320284
31.84	-14.781296121299317
31.85	-10.758234568589323
31.86	-24.553501636512102
31.87	-22.50180853185546
31.88	-23.41383817138643
31.89	-20.214165705161633
31.900000000000002	-20.21163166741439
31.91	-15.750599168129675
31.92	-13.917603135038016
31.93	-15.197107829650037
31.94	-14.870397902443687
31.95	-10.94622760757035
31.96	-8.955233955291636
31.970000000000002	-6.985126094938761
31.98	-8.979083439294525
31.990000000000002	-7.865105726587787
32.0	-6.630756305319958
32.01	-6.942562716279286
32.02	-5.07236485451337
32.03	-7.556008394336486
32.04	-8.950376557795575
32.05	-11.455287129603176
32.06	-12.88015830923695
32.07	-9.12546492931881
32.08	-8.044185686747191
32.09	-7.011390130700304
32.1	-10.704659218226517
32.11	-10.933369355487997
32.12	-10.034623020024467
32.13	-17.198205420120377
32.14	-13.692508058155045
32.15	-13.163815695886349
32.160000000000004	-15.806154645964694
32.17	-13.258257909697432
32.18	-10.592831485337728
32.19	-9.440255381687924
32.2	-9.430740368462098
32.21	-11.835881042619938
32.22	-13.832540309160946
32.230000000000004	-10.917054422971116
32.24	-8.050861389297623
32.25	-7.41082093256918
32.26	-3.966489703050399
32.27	-2.751711955022653
32.28	-4.407691624661248
32.29	-12.225283376384201
32.3	-13.920319126948087
32.31	-10.207663548944787
32.32	-8.049367707669198
32.33	-4.285108448141165
32.34	-2.6980995275004447
32.35	-9.159205935964634
32.36	-6.720183774394422
32.37	-5.597606527548321
32.38	-2.920968625749406
32.39	-5.273065553133927
32.4	-8.232128753515129
32.410000000000004	-6.511372875025764
32.42	-8.791178892474099
32.43	-9.41982931032757
32.44	-7.397094675995237
32.45	-15.3340272944584
32.46	-14.417621010226577
32.47	-13.04349480099623
32.480000000000004	-17.739073716534012
32.49	-16.193480682838928
32.5	-12.901285052866445
32.51	-12.221763602083497
32.52	-8.976279331536006
32.53	-11.116112054174216
32.54	-11.800226246925568
32.55	-22.826747305112136
32.56	-28.26042680456462
32.57	-22.94406951248103
32.58	-21.833058531115952
32.59	-19.544331517607958
32.6	-31.574702598217094
32.61	-28.878022919375915
32.62	-24.26258690721854
32.63	-17.386056669443864
32.64	-13.406536199924696
32.65	-8.171045488432329
32.660000000000004	-8.245520058945562
32.67	-7.930556442723728
32.68	-10.870466988194693
32.69	-17.841586809394677
32.7	-17.49672687846446
32.71	-20.29269003430853
32.72	-16.463080402507533
32.730000000000004	-12.139356467424467
32.74	-9.41494455834093
32.75	-7.070884098225121
32.76	-5.9204458580451655
32.77	-3.0598889363798816
32.78	0.4031085581777602
32.79	0.33440374414257457
32.8	-4.030411745991049
32.81	-8.372547421698599
32.82	-4.18456020100723
32.83	-5.051551862670147
32.84	-5.57759360377341
32.85	-7.032147846533309
32.86	-8.264234252789036
32.87	-6.436144325008107
32.88	-12.003721940945157
32.89	-19.206260094862078
32.9	-21.151768810883127
32.910000000000004	-17.220328158977928
32.92	-12.490974710900748
32.93	-10.84436256904273
32.94	-8.500892558698332
32.95	-6.250381550292651
32.96	-4.101973419046589
32.97	0.47692646250254234
32.980000000000004	-2.071961414049328
32.99	-4.139467169919794
33.0	-3.9319440293449897
33.01	-0.37887081810298845
33.02	-1.3778264309382828
33.03	-0.4979918502692538
33.04	-1.2940806874641877
33.05	-6.154500563542108
33.06	-4.402839379983944
33.07	-3.454226021107134
33.08	-1.9659241401712992
33.09	-4.20194378680877
33.1	-5.289298297478017
33.11	-3.9390700229723143
33.12	-6.436952150384998
33.13	-9.125472284313691
33.14	-14.265327638200741
33.15	-13.72004942337517
33.160000000000004	-19.963548174794518
33.17	-18.46788849922879
33.18	-17.32569286065965
33.19	-14.094584288331514
33.2	-9.065553174898685
33.21	-6.595666904470069
33.22	-8.384278412524912
33.230000000000004	-10.496621378959535
33.24	-11.965653907766159
33.25	-13.08894266731484
33.26	-17.16747454449776
33.27	-22.196729069821345
33.28	-30.825655939710572
33.29	-26.26602670477648
33.3	-23.479627509392994
33.31	-23.04834081789083
33.32	-26.220871381914396
33.33	-22.059398742229156
33.34	-25.352460771766747
33.35	-21.17767259093639
33.36	-22.52795405316601
33.37	-16.8850850193425
33.38	-14.278308038324665
33.39	-14.086067840792706
33.4	-20.77090222899142
33.410000000000004	-16.471300952918817
33.42	-30.003065436441947
33.43	-31.992086878777414
33.44	-25.055213724530727
33.45	-19.827847413909247
33.46	-18.163529090364545
33.47	-17.492905700595813
33.480000000000004	-11.584821396652405
33.49	-11.53572596910592
33.5	-11.521052595424045
33.51	-11.046164904911283
33.52	-9.64798555191756
33.53	-14.712693017915667
33.54	-14.565939389156059
33.55	-12.575505706841817
33.56	-18.68785698186024
33.57	-13.805285811263765
33.58	-14.302797307821981
33.59	-14.874241439120844
33.6	-10.699878649009042
33.61	-10.723988051684843
33.62	-10.342649529353054
33.63	-12.458954981482371
33.64	-9.300323114360806
33.65	-5.777762989481981
33.660000000000004	-7.585149368148979
33.67	-10.669489503643444
33.68	-7.790658916727833
33.69	-6.537855785600175
33.7	-6.172873096336998
33.71	-4.515567229090158
33.72	-4.6040248939573685
33.730000000000004	-4.831164436268899
33.74	-7.0340889458389535
33.75	-3.490853109179788
33.76	-2.730922669131987
33.77	-7.283406481402475
33.78	-8.031886701393821
33.79	-9.482647492997447
33.8	-16.232658452158468
33.81	-20.976601699610907
33.82	-20.230783772452607
33.83	-18.84366129939064
33.84	-18.13741894307364
33.85	-14.668570222059524
33.86	-13.345003375448666
33.87	-16.171635719407394
33.88	-12.575536848153531
33.89	-9.703990412737864
33.9	-8.827720574842488
33.910000000000004	-6.255488585845031
33.92	-6.796252102165453
33.93	-7.917567218192844
33.94	-7.055126951349727
33.95	-11.096891127070291
33.96	-10.813821349464412
33.97	-9.885267131130345
33.980000000000004	-8.800402802882276
33.99	-9.530188289272878
34.0	-9.723003874133813
34.01	-10.685838671114688
34.02	-10.346319891481507
34.03	-7.631415214223425
34.04	-10.499343829945788
34.05	-8.123363018745941
34.06	-6.251893769926933
34.07	-5.696675863925251
34.08	-7.368791568820491
34.09	-9.435033102130548
34.1	-10.299657184538901
34.11	-7.124657557647187
34.12	-8.354699495046042
34.13	-7.491882964930386
34.14	-9.496393317643236
34.15	-10.829213352771294
34.160000000000004	-10.510846127880168
34.17	-13.281603670227348
34.18	-15.685680029545278
34.19	-15.443932632489659
34.2	-15.062448062926016
34.21	-16.4508777809855
34.22	-16.015843303645713
34.230000000000004	-14.813585293382179
34.24	-16.73517296315715
34.25	-16.24522197498926
34.26	-14.168340637472529
34.27	-16.365574822007495
34.28	-12.937950927892752
34.29	-9.415051798443118
34.300000000000004	-9.494563626823101
34.31	-11.076875363190489
34.32	-15.403539929095833
34.33	-14.728216989552097
34.34	-13.674232884671426
34.35	-11.470280669187435
34.36	-8.861430460548588
34.37	-6.0749103898217225
34.38	-9.48076287854235
34.39	-7.879830141054923
34.4	-8.629854932754155
34.410000000000004	-8.426366102171047
34.42	-6.566100782994378
34.43	-5.622997749445868
34.44	-8.12897012547274
34.45	-12.100427933859693
34.46	-17.576834826141354
34.47	-14.984785862339388
34.480000000000004	-11.790838106217668
34.49	-9.073105758445699
34.5	-7.57351598888502
34.51	-6.499401523299473
34.52	-7.948747622252934
34.53	-7.851320132925272
34.54	-5.963988037417201
34.550000000000004	-6.591278165840752
34.56	-3.414490193665204
34.57	-2.6968406100050695
34.58	-1.4816107927011173
34.59	-3.985968334554014
34.6	-2.114407475526306
34.61	-3.287105630053953
34.62	-4.058251076217634
34.63	-5.339380531764211
34.64	-8.149194900119197
34.65	-10.021971789339734
34.660000000000004	-5.9329719355385855
34.67	-6.222961196376572
34.68	-10.793760910297623
34.69	-11.014567406540834
34.7	-16.478081895573027
34.71	-13.030512276307388
34.72	-10.320647394834122
34.730000000000004	-8.383408492613466
34.74	-6.542082312382691
34.75	-6.649731255639856
34.76	-7.282549222663228
34.77	-11.991369219293842
34.78	-10.956116884183572
34.79	-11.318056495558247
34.800000000000004	-10.792412183735705
34.81	-12.460327247904448
34.82	-16.18522541379432
34.83	-19.350025617965795
34.84	-24.402556495465838
34.85	-17.84170233098333
34.86	-14.017549150674252
34.87	-14.927187757793044
34.88	-13.062119648283813
34.89	-10.941921509470784
34.9	-14.301816138152732
34.910000000000004	-12.502522608171974
34.92	-13.401935707350615
34.93	-12.135196896021181
34.94	-14.958621429509167
34.95	-13.826253040559964
34.96	-10.839333246004509
34.97	-7.466248129210757
34.980000000000004	-4.9333453472935425
34.99	-6.370933044825555
35.0	-7.061549391737007
35.01	-5.828240376306272
35.02	-7.559852353724929
35.03	-9.694761308056734
35.04	-10.283066809797798
35.050000000000004	-10.641294751437536
35.06	-8.591539656372001
35.07	-10.209133362609474
35.08	-9.628596358427961
35.09	-11.043616172917137
35.1	-7.233825915860321
35.11	-7.7413902260785274
35.12	-8.722881379382587
35.13	-5.7704001550243555
35.14	-7.1951094754205815
35.15	-8.072127601292232
35.160000000000004	-7.286560651741916
35.17	-9.66065750558812
35.18	-8.518580042361469
35.19	-6.903498555337485
35.2	-5.720843754871376
35.21	-5.077699766074004
35.22	-2.43812033040662
35.230000000000004	-1.7460087484045388
35.24	-0.2712664226686662
35.25	-3.068161069161712
35.26	-1.5642566365945414
35.27	-0.7464145004960733
35.28	3.7834482244963286
35.29	2.360473129611768
35.300000000000004	0.9117021515643393
35.31	-0.141731503312784
35.32	1.4878760244940183
35.33	2.5202368287502632
35.34	7.049304086807073
35.35	8.405769814779363
35.36	14.20835940262229
35.37	13.404465212138541
35.38	12.314667140169558
35.39	9.282225807378595
35.4	7.554835430880572
35.410000000000004	5.3308888202633415
35.42	4.502160011608498
35.43	6.665810158688345
35.44	6.224122324667779
35.45	9.13002146548674
35.46	6.728232418626786
35.47	3.6693038938431344
35.480000000000004	1.1018460875231153
35.49	-3.5284624308899812
35.5	-2.614900146256615
35.51	-0.7879282722590584
35.52	4.58148300289877
35.53	6.668358710229717
35.54	2.345353092087589
35.550000000000004	3.6380857679901832
35.56	4.512662762159855
35.57	6.890379039844049
35.58	8.3733234868919
35.59	7.59657757541592
35.6	3.7597840528811317
35.61	1.0497266265174892
35.62	-0.667015255090546
35.63	-3.6609928658508846
35.64	-3.086274560655956
35.65	-1.138862352703632
35.660000000000004	-0.6609734910858298
35.67	0.8597870772712685
35.68	-0.28140358268847276
35.69	3.708015818179271
35.7	6.089225460787635
35.71	3.9486130455222486
35.72	4.91536175259085
35.730000000000004	7.503882790458788
35.74	11.020013084307166
35.75	11.985872814784528
35.76	10.974901395435111
35.77	10.30928077904975
35.78	10.108445654861288
35.79	14.511203353022289
35.800000000000004	13.414682516597622
35.81	12.31109185706999
35.82	10.895285540475573
35.83	12.710934149635934
35.84	9.76823798773134
35.85	8.119170488035863
35.86	5.315778262920208
35.87	3.76118156685448
35.88	3.8259448381912664
35.89	3.669415595843009
35.9	0.9590851333728233
35.910000000000004	1.2000025717556582
35.92	2.9021273352565187
35.93	0.2755537022069646
35.94	-0.5214750675290709
35.95	-2.9022169519758374
35.96	-4.174196658616786
35.97	-4.006129810001369
35.980000000000004	-4.104192177927118
35.99	-4.88027020339668
36.0	-5.9155644754618
36.01	-6.717697703857065
36.02	-6.8770455204642555
36.03	-6.614061928171398
36.04	-2.822978927425017
36.050000000000004	-4.893105617003849
36.06	-2.82740353441234
36.07	-3.2242449943825506
36.08	0.6591303486961916
36.09	2.3263753918095063
36.1	0.7082083847637438
36.11	0.6569841479912178
36.12	0.37372169834094604
36.13	-1.33462924937132
36.14	-1.4543833649897333
36.15	0.3879713270358658
36.160000000000004	-2.8665175605656747
36.17	-0.25834230614124387
36.18	0.7961206111140711
36.19	-0.9453209022078127
36.2	-2.0730401043078066
36.21	-2.2639238227573073
36.22	-1.533115551817173
36.230000000000004	1.4707274189921684
36.24	-3.506018309896642
36.25	-11.035023498105796
36.26	-9.740136260920016
36.27	-6.4073895741194935
36.28	-5.195756649739917
36.29	-5.00700149133021
36.300000000000004	-7.795823406540492
36.31	-9.756779750549232
36.32	-6.249145047772088
36.33	-7.358532294316994
36.34	-7.431187922331825
36.35	-3.8981575183775883
36.36	-1.3777492156702742
36.37	0.40068078156550513
36.38	-2.297811252755759
36.39	-5.245613960301446
36.4	-3.2495139442793897
36.410000000000004	-3.20517146080822
36.42	-4.84439406775603
36.43	-5.029915094016372
36.44	-5.71276099281048
36.45	-6.621285804637976
36.46	-10.999856061515308
36.47	-15.24988114981217
36.480000000000004	-11.588719317254883
36.49	-11.477763695829339
36.5	-15.092313391610007
36.51	-12.822935435637683
36.52	-22.258848812993627
36.53	-18.237009614245586
36.54	-22.748453240854115
36.550000000000004	-27.51900500892458
36.56	-27.820117081001666
36.57	-26.280818404321487
36.58	-23.04791147249621
36.59	-20.972598776802382
36.6	-19.206866205973736
36.61	-21.0288500437109
36.62	-19.156709580538006
36.63	-14.634845226285796
36.64	-13.821215049464895
36.65	-11.054554138830385
36.660000000000004	-8.464568356370055
36.67	-7.521058122679126
36.68	-6.404980462745274
36.69	-2.6892037732856986
36.7	-1.6696660397918912
36.71	-1.7823955536834906
36.72	-4.41100426118357
36.730000000000004	-5.415328974070159
36.74	-4.078542239957166
36.75	-5.354781820557713
36.76	-4.823010327284363
36.77	-6.729800407442123
36.78	-2.0513024039205727
36.79	-2.0883637655640492
36.800000000000004	-1.939918477972921
36.81	0.7690855699475267
36.82	1.8530762721459795
36.83	2.9829059863627614
36.84	-2.126196025522197
36.85	-3.522378198364443
36.86	-3.7574445177716242
36.87	-2.6354298348556764
36.88	-3.8930459796147536
36.89	-5.7243845696056095
36.9	-6.981584595672594
36.910000000000004	-6.120585486200811
36.92	-3.2186496258074997
36.93	-1.5902507389143044
36.94	-3.373814764514985
36.95	-4.392691647859192
36.96	-6.183164659734951
36.97	-9.177562289333432
36.980000000000004	-9.306773917199765
36.99	-12.025540073383846
37.0	-9.999413202568123
37.01	-9.384544227624842
37.02	-8.837405671119788
37.03	-12.63103982775833
37.04	-9.655343105368708
37.050000000000004	-6.774502532889666
37.06	-6.51788276746821
37.07	-6.217066425056998
37.08	-6.369411174811549
37.09	-10.999020612625685
37.1	-12.136089846324474
37.11	-7.527115563294755
37.12	-6.184156590903787
37.13	-5.981931767722241
37.14	-6.26011403937068
37.15	-10.89684314627207
37.160000000000004	-12.274590720485465
37.17	-11.065285486633218
37.18	-8.62964670944422
37.19	-10.156207259138549
37.2	-17.877198838419368
37.21	-15.806315830953118
37.22	-15.485523344803656
37.230000000000004	-13.455474712488577
37.24	-11.259068261077317
37.25	-7.63044921021215
37.26	-7.128064411706991
37.27	-10.861377634207726
37.28	-11.321108163075923
37.29	-10.788575375607838
37.300000000000004	-14.75510126637878
37.31	-14.7177021284938
37.32	-10.911524826422074
37.33	-7.303040525721267
37.34	-7.3485038591249845
37.35	-2.418445771435107
37.36	4.615381430205926
37.37	10.505302837659938
37.38	12.074473160362352
37.39	20.74601798915746
37.4	16.429294097850487
37.410000000000004	13.385554542156433
37.42	11.653136601127533
37.43	9.536766712793403
37.44	7.270349069594913
37.45	5.2579932485107035
37.46	8.224983271626083
37.47	13.37351307801348
37.480000000000004	14.784583946506988
37.49	9.944268828188878
37.5	8.557743030909498
37.51	5.103444851513624
37.52	9.659452212622844
37.53	11.946064879303625
37.54	9.793719376758286
37.550000000000004	8.655136633375294
37.56	8.116714460737173
37.57	6.678275183751953
37.58	5.227713359101861
37.59	5.380843788216454
37.6	5.069960149913084
37.61	4.3581031435657565
37.62	3.6646112280722294
37.63	3.1117259087986127
37.64	2.5168977756166586
37.65	0.8723653853050309
37.660000000000004	-0.5334507771107162
37.67	1.6415726746843464
37.68	5.562773397956966
37.69	4.069882760538512
37.7	3.6723734507253107
37.71	5.7018588623937
37.72	6.191015573812332
37.730000000000004	3.869982924401696
37.74	-0.4068281716693941
37.75	2.7345282044424253
37.76	3.1147308747003213
37.77	3.4422309770169073
37.78	-0.3660149006826632
37.79	-1.0669034079993687
37.800000000000004	-2.5066134228282744
37.81	-1.8837965302899653
37.82	-1.7061575736443162
37.83	-2.3052891673016815
37.84	-3.6293492597853914
37.85	-6.117103502953012
37.86	-8.907852498025497
37.87	-5.685768569946118
37.88	-5.383382485483724
37.89	-11.68852281957401
37.9	-14.181852293263804
37.910000000000004	-11.67000774484752
37.92	-13.766228038705114
37.93	-9.61111782434109
37.94	-10.077583804159534
37.95	-10.943527920372299
37.96	-10.810616314550597
37.97	-8.365063922741811
37.980000000000004	-12.113295893891161
37.99	-11.071919230067133
38.0	-9.916632163851007
38.01	-13.376734431378225
38.02	-15.016994223743847
38.03	-21.171131315560476
38.04	-21.55619428385601
38.050000000000004	-15.177095368509065
38.06	-11.636131222986368
38.07	-13.157416903858087
38.08	-14.583256580783836
38.09	-12.651678588692997
38.1	-9.375168475746165
38.11	-10.06754395291772
38.12	-6.210395877251175
38.13	-8.815682551346029
38.14	-5.241416038242358
38.15	-7.171138496236471
38.160000000000004	-6.0814696047110015
38.17	-7.159039209336885
38.18	-8.310891330060787
38.19	-8.206529795855412
38.2	-7.119829351576687
38.21	-7.6906078517116265
38.22	-10.76327093950669
38.230000000000004	-15.954347378936621
38.24	-16.38655970363768
38.25	-11.726845945867622
38.26	-18.249828099451655
38.27	-19.44371568081012
38.28	-26.45108497645706
38.29	-21.642520473141428
38.300000000000004	-24.452038794987686
38.31	-20.217810586515355
38.32	-15.318136777760337
38.33	-12.762842803152777
38.34	-13.310361533611799
38.35	-10.779242925183363
38.36	-8.138410897031575
38.37	-7.421148946816215
38.38	-3.713012374231901
38.39	-6.232311796383195
38.4	-2.7376043573939897
38.410000000000004	-3.049343898736569
38.42	-0.28617388878755706
38.43	1.0707239552234473
38.44	1.2790771661329094
38.45	3.1078793580448427
38.46	2.852752803354684
38.47	3.241382617309167
38.480000000000004	-1.97546768729993
38.49	-0.6309370755403865
38.5	-2.962593206179116
38.51	-6.598080774577936
38.52	-12.36540694302123
38.53	-10.68424568537684
38.54	-8.21328938795354
38.550000000000004	-8.264337946298877
38.56	-11.768628170111228
38.57	-10.915736099017847
38.58	-8.563609078242417
38.59	-6.708550312776447
38.6	-8.00591428859918
38.61	-8.131455903512208
38.62	-7.485645465560599
38.63	-6.104050122013031
38.64	-3.6463455712230943
38.65	-1.8070722613891788
38.660000000000004	-0.26506982754634323
38.67	-1.4581734248286566
38.68	0.16736303774189976
38.69	0.683375818783048
38.7	0.6032356107999579
38.71	1.2947752526995542
38.72	1.6769855967385836
38.730000000000004	-2.1538274557341803
38.74	-1.4807346226948532
38.75	-2.7071052805717426
38.76	-4.252524293824871
38.77	-7.505783877997283
38.78	-9.952065431910983
38.79	-18.378273546739003
38.800000000000004	-13.54210791765508
38.81	-17.02486308501312
38.82	-13.451045961932214
38.83	-11.583603093442935
38.84	-12.9315631706294
38.85	-9.68389028544608
38.86	-7.367867691169504
38.87	-4.950432912693531
38.88	-3.1617029638408525
38.89	-4.260397708346182
38.9	-4.383840221025491
38.910000000000004	-8.692494177613804
38.92	-13.49130580382506
38.93	-8.45360821490579
38.94	-5.199593446773479
38.95	-2.856235694945496
38.96	-2.657991984478749
38.97	-2.431724924602047
38.980000000000004	0.15437347757319525
38.99	-5.044263981431865
39.0	-7.269375093849427
39.01	-9.120794084755692
39.02	-8.979070168797017
39.03	-9.272332138363636
39.04	-14.839628450703714
39.050000000000004	-11.595052045076299
39.06	-13.36478850609308
39.07	-10.674682952549105
39.08	-16.106557909535738
39.09	-12.516910155155236
39.1	-10.533655828591305
39.11	-10.159745367361756
39.12	-7.60329829599952
39.13	-6.954272973841883
39.14	-5.366155881500604
39.15	-4.461713998471839
39.160000000000004	-5.73752449396656
39.17	-6.9859681276210175
39.18	-7.961493694173026
39.19	-9.924683739161281
39.2	-10.704132252875764
39.21	-6.482438716907274
39.22	-8.939022363080213
39.230000000000004	-8.121727290791998
39.24	-8.468567020664002
39.25	-6.954650138320133
39.26	-14.67272511016815
39.27	-15.827436175975565
39.28	-14.374994701396496
39.29	-13.584889091086168
39.300000000000004	-16.639748045629766
39.31	-14.918588605503958
39.32	-12.93876989947998
39.33	-10.682525396529444
39.34	-10.26646116071433
39.35	-9.06403324210557
39.36	-10.55288351380265
39.37	-8.594160910246393
39.38	-8.407797783769968
39.39	-15.77420503348721
39.4	-10.243091565867637
39.410000000000004	-12.627672530781512
39.42	-8.401332141475054
39.43	-7.847370567813266
39.44	-6.933471894353857
39.45	-3.816658024903467
39.46	-2.818472755753358
39.47	-3.070594940000238
39.480000000000004	-8.49158627967711
39.49	-6.077893211953611
39.5	-10.010881087743211
39.51	-9.661355764566498
39.52	-11.591978345839276
39.53	-11.883556211424137
39.54	-9.181392555106074
39.550000000000004	-8.05982039168616
39.56	-9.027893766111024
39.57	-10.234030894240021
39.58	-9.242755237900404
39.59	-5.496751229141329
39.6	-9.909725123786204
39.61	-15.002306989041202
39.62	-10.546263139832382
39.63	-10.01788716525616
39.64	-11.019366127348489
39.65	-9.629289216535335
39.660000000000004	-9.424141265985364
39.67	-8.035605684996568
39.68	-7.63365248101534
39.69	-10.025703912720125
39.7	-22.038675366826908
39.71	-24.541478603827915
39.72	-25.373146507031937
39.730000000000004	-30.044820694651232
39.74	-26.685974842555375
39.75	-24.829754658008813
39.76	-22.355929414351102
39.77	-20.390473895822385
39.78	-19.68314624186891
39.79	-18.83301179718456
39.800000000000004	-14.829146603468807
39.81	-16.90821473882496
39.82	-14.788962086197365
39.83	-16.678200506727745
39.84	-15.172165175632536
39.85	-14.914965565022367
39.86	-13.603577441222976
39.87	-16.970380881522903
39.88	-17.20387865580746
39.89	-13.467206933800519
39.9	-10.321269378278918
39.910000000000004	-8.73982539097325
39.92	-7.358671940457502
39.93	-8.763615660520943
39.94	-4.329134498959315
39.95	-4.213510696177539
39.96	-9.271510954084459
39.97	-5.152793829417003
39.980000000000004	-4.178728470961915
39.99	-6.416181166510745
40.0	-7.570049600839277
40.01	-10.519518715659565
40.02	-8.395853538184811
40.03	-7.256320675547627
40.04	-11.763014281800809
40.050000000000004	-19.3031763642104
40.06	-18.43744044811292
40.07	-13.113096520112117
40.08	-15.560471412563656
40.09	-13.794256158696419
40.1	-12.019581002017077
40.11	-9.618587044381144
40.12	-7.674650365325977
40.13	-11.728160838207277
40.14	-8.581625633939352
40.15	-6.418812408893234
40.160000000000004	-6.757000849204544
40.17	-3.9530164797109326
40.18	-3.525371694255374
40.19	-5.200454915464108
40.2	-5.302196352965762
40.21	-4.453444721760412
40.22	-5.0533495928026735
40.230000000000004	-8.231992340491763
40.24	-9.867087185594919
40.25	-5.545683133795754
40.26	-7.37244356308907
40.27	-8.998322797978686
40.28	-8.001322311787781
40.29	-5.275487496644735
40.300000000000004	-5.740320639459302
40.31	-5.861668665866801
40.32	-7.195569306016925
40.33	-6.108632977574357
40.34	-10.797681942830803
40.35	-12.34457285339261
40.36	-13.15903330784394
40.37	-10.630429002758204
40.38	-10.56955930045541
40.39	-11.594063119573201
40.4	-12.512286381722905
40.410000000000004	-11.237850867962862
40.42	-9.146697198352033
40.43	-4.905705137493876
40.44	1.9099350272982207
40.45	5.012208976887761
40.46	6.533860593104894
40.47	8.829743915692294
40.480000000000004	9.781066647212725
40.49	10.526126849119862
40.5	8.784533404800078
40.51	7.565574033905861
40.52	6.910555425142308
40.53	1.341148436086031
40.54	3.593808746354202
40.550000000000004	4.8163788464049695
40.56	4.03951844451248
40.57	3.228863434120572
40.58	2.02735854822577
40.59	0.37799719874168974
40.6	1.468733214673422
40.61	0.35065818489335715
40.62	1.1766232657144968
40.63	-2.102224184869415
40.64	-1.7681258244256026
40.65	1.1125757408419228
40.660000000000004	3.9220869244924077
40.67	2.83922644314485
40.68	1.756365961797291
40.69	0.9588015440525376
40.7	4.825264114554286
40.71	1.0909682524269777
40.72	0.06453079217096862
40.730000000000004	3.6014578448197194
40.74	3.3366805697936814
40.75	2.282801817770428
40.76	2.583840441893423
40.77	4.167042149053374
40.78	1.8746994421008556
40.79	3.5101738271715797
40.800000000000004	2.4863134699726146
40.81	2.0663776243199
40.82	2.5854536877560936
40.83	5.562622951488974
40.84	7.123420451840121
40.85	5.5898196717747295
40.86	4.949257666831443
40.87	3.335049023513996
40.88	4.3044620843312185
40.89	6.934887733126843
40.9	5.0803748491211165
40.910000000000004	4.669726304473981
40.92	5.106444912916684
40.93	10.580974582172978
40.94	9.600233218204075
40.95	8.24643048599697
40.96	4.175045868747659
40.97	4.087904540990972
40.980000000000004	3.634658928917887
40.99	2.5511474675689554
41.0	5.411279429091438
41.01	3.7230551024939285
41.02	-0.06858044419164741
41.03	-0.08983514631589867
41.04	-3.2183241745843905
41.050000000000004	-3.8516476880512354
41.06	-1.476337914267697
41.07	-2.602269492080782
41.08	-1.3258378091400032
41.09	-2.4186760823952533
41.1	-7.83663888203873
41.11	-6.650643371387672
41.12	-6.730045212699653
41.13	-5.87517264028438
41.14	-5.055092406837314
41.15	-4.966239045527391
41.160000000000004	-1.191393267024028
41.17	-2.6495271229737654
41.18	-8.36266309491852
41.19	-8.669115818800908
41.2	-10.328558568616092
41.21	-14.014463208009511
41.22	-10.847121758234087
41.230000000000004	-7.67978030845641
41.24	-5.2682875806460085
41.25	-3.0103161652209693
41.26	-1.0281941638292753
41.27	1.976282503828616
41.28	3.9099962809468227
41.29	6.59928270865662
41.300000000000004	6.8706657971580585
41.31	5.663888219750239
41.32	6.312985105377878
41.33	9.150566848700903
41.34	10.708273864808001
41.35	12.339129069638883
41.36	13.630236926539519
41.37	10.011194109650264
41.38	9.340201218554094
41.39	15.328437184769943
41.4	12.092737624547267
41.410000000000004	8.762219312540903
41.42	9.45820115460234
41.43	6.156011236578151
41.44	5.47342364304856
41.45	6.183236230018183
41.46	6.657276913430343
41.47	9.116077149932195
41.480000000000004	10.607991499918484
41.49	7.673923457547068
41.5	7.4819573022596835
41.51	3.7801755537355906
41.52	5.397753652725029
41.53	8.396419083778627
41.54	8.285779258603652
41.550000000000004	9.035523222336018
41.56	8.807939696904036
41.57	6.357138948276041
41.58	5.997445372649778
41.59	6.108014483456655
41.6	7.90256241950193
41.61	7.062830592301798
41.62	12.303837570881283
41.63	18.466709288936958
41.64	17.536017856155535
41.65	17.844153388841153
41.660000000000004	14.35299550031434
41.67	11.28412734380382
41.68	8.764396047382835
41.69	10.14087960964265
41.7	8.934947424522425
41.71	5.250252963960565
41.72	4.840693558631813
41.730000000000004	7.556206228403156
41.74	13.809050520705838
41.75	13.519454278284634
41.76	11.626510500256702
41.77	13.75127770193045
41.78	15.333219336574547
41.79	19.960792682465886
41.800000000000004	19.728579456617144
41.81	18.249475670145063
41.82	14.708399053278836
41.83	13.164684538137449
41.84	11.169817322209996
41.85	9.100959437237861
41.86	5.3284053970798295
41.87	9.096693749496469
41.88	13.895955596193616
41.89	11.744325920650875
41.9	14.351516400487315
41.910000000000004	10.219060126049616
41.92	10.790113891723493
41.93	7.946874942331713
41.94	6.473733614227516
41.95	6.269359361498283
41.96	4.9407661453160765
41.97	3.4310704699930827
41.980000000000004	2.0242052173847225
41.99	1.5954071785092232
42.0	2.75907255580193
42.01	-1.2105255652067823
42.02	-2.218035140595528
42.03	2.6143295256503047
42.04	3.9823151082998245
42.050000000000004	3.6463008566008983
42.06	2.943767090757261
42.07	4.461999100336752
42.08	3.9772814621358537
42.09	7.546496635322817
42.1	5.080077327641998
42.11	0.641173119314285
42.12	0.7394692243908173
42.13	-1.7269606793931012
42.14	-3.3177822575299456
42.15	-2.841475174754969
42.160000000000004	-1.7827238689387332
42.17	-3.9066072459953713
42.18	-7.767775156195366
42.19	-2.3631616684923076
42.2	-5.804955509876456
42.21	-7.652386815182324
42.22	-7.72585925949368
42.230000000000004	-8.011115433931694
42.24	-10.745832973627884
42.25	-8.715398560186102
42.26	-6.716829678092618
42.27	-4.795284267334912
42.28	-5.1249204361614735
42.29	-8.685663528646565
42.300000000000004	-8.415852442678625
42.31	-6.5921412339897065
42.32	-3.2128939549514985
42.33	-2.270512574206432
42.34	-3.158930603092772
42.35	-2.101662702243289
42.36	0.5597290577083992
42.37	2.5745746162444076
42.38	3.968264000870525
42.39	9.295506879198516
42.4	6.27769035423486
42.410000000000004	4.848274692993395
42.42	7.548904299415258
42.43	11.989169239833066
42.44	10.636319877210857
42.45	8.586678909668027
42.46	8.684845476872711
42.47	11.708288800577757
42.480000000000004	8.662096267314256
42.49	7.853977072792714
42.5	12.55806215971256
42.51	9.703206026060114
42.52	7.249344644235002
42.53	6.088094796829172
42.54	4.577317971599855
42.550000000000004	4.780626182982469
42.56	4.666318728033356
42.57	0.5167977410469456
42.58	2.2746828597396944
42.59	6.71401524306275
42.6	4.223435621768072
42.61	2.052354543118767
42.62	1.6893877491621136
42.63	6.637991458247383
42.64	8.889660319356802
42.65	7.871901981097794
42.660000000000004	4.576940307595929
42.67	10.052244621268102
42.68	7.539603820446852
42.69	11.646889175007873
42.7	10.309790908946148
42.71	13.804875502511093
42.72	10.310859528801009
42.730000000000004	7.823143514235119
42.74	7.555440389477714
42.75	7.991949128667228
42.76	8.354164258210783
42.77	6.901386604256033
42.78	6.942461234835397
42.79	6.881242875132504
42.800000000000004	7.237882588372164
42.81	7.156031871898034
42.82	11.051511535622454
42.83	9.35139038097052
42.84	8.725090134496146
42.85	19.644821996904458
42.86	15.701773902975308
42.87	16.824076020585498
42.88	13.178440181573682
42.89	12.002700803106197
42.9	10.278852136238367
42.910000000000004	7.938842358741753
42.92	9.066289341977297
42.93	12.484066525816159
42.94	11.863104290994903
42.95	17.07833217733191
42.96	13.380155095102937
42.97	10.125035757330286
42.980000000000004	7.997538065069591
42.99	12.331104000571008
43.0	13.704426805237413
43.01	14.701227042826504
43.02	10.901055069919344
43.03	10.103100187367104
43.04	7.792307645339084
43.050000000000004	6.819459896375808
43.06	7.087472831017018
43.07	6.975631745129562
43.08	4.980544998745866
43.09	5.42817829741016
43.1	4.182474646171531
43.11	2.856952795932685
43.12	4.036247863050768
43.13	7.3194112315813005
43.14	6.22846127461805
43.15	8.104205271152901
43.160000000000004	11.01613719146327
43.17	14.664980375222944
43.18	11.560248587735252
43.19	9.192020739664452
43.2	3.8957039456363938
43.21	1.6478708525610446
43.22	2.8635400031239246
43.230000000000004	-2.3517754617612256
43.24	-6.434457829649429
43.25	-5.991232068778722
43.26	-7.4867725177927
43.27	-5.401264576014101
43.28	-2.774000924585608
43.29	-3.0041715162909184
43.300000000000004	-2.5608539520185154
43.31	-7.75113296851602
43.32	-10.679340110896453
43.33	-7.323004123518578
43.34	-8.769037215040957
43.35	-7.139826593069994
43.36	-5.006960287354909
43.37	-3.2294785269356123
43.38	-2.635304832473717
43.39	-5.608175787717603
43.4	-6.849275858742488
43.410000000000004	-5.832892776872789
43.42	-5.2932723223636415
43.43	-7.1042128223723
43.44	-8.91515332238096
43.45	-9.195507565832763
43.46	-10.808818819045303
43.47	-13.379075409064622
43.480000000000004	-11.332804282299415
43.49	-9.577503821175856
43.5	-8.747502544534358
43.51	-9.11830099349524
43.52	-7.562444971870028
43.53	-7.018084291026332
43.54	-4.708072246586785
43.550000000000004	-5.889097995656796
43.56	-5.808461169103835
43.57	-11.582809560298461
43.58	-11.008411284455848
43.59	-12.897679860344837
43.6	-12.370905992009991
43.61	-15.431814901241198
43.62	-14.84446682915722
43.63	-13.96952315921716
43.64	-9.90497645687616
43.65	-11.54372478567451
43.660000000000004	-9.075902595943848
43.67	-9.045289939220268
43.68	-7.879028847668827
43.69	-5.489269085959006
43.7	-0.6802697915763192
43.71	0.39577604091533464
43.72	1.9548958396157747
43.730000000000004	3.428532615472217
43.74	7.470478434337423
43.75	14.32604249168767
43.76	12.366290454658133
43.77	9.80106283294466
43.78	14.448687590131865
43.79	17.438568333152013
43.800000000000004	16.41697020493107
43.81	11.297500784836409
43.82	9.943937354274206
43.83	11.023552856972234
43.84	10.704230631701837
43.85	13.762089842102258
43.86	11.327982313865762
43.87	7.577958576555245
43.88	6.330950602196623
43.89	6.0288154757433725
43.9	4.847278931184766
43.910000000000004	2.6937402971945446
43.92	-0.6523832591582887
43.93	2.331297507396737
43.94	5.76393621161773
43.95	4.747495485237259
43.96	3.221877669012885
43.97	1.747731317863326
43.980000000000004	2.407182474257906
43.99	1.9993468404961963
44.0	6.019101227488531
44.01	4.357707409972349
44.02	1.4294556072217577
44.03	-2.101807419786963
44.04	-1.927859488853502
44.050000000000004	-0.8536416315580128
44.06	2.836995577196169
44.07	5.358502588507273
44.08	3.7020925954906434
44.09	0.7578361673056304
44.1	-1.9249661295509382
44.11	-2.3474035502993833
44.12	1.8678390478870295
44.13	2.863913977160425
44.14	1.4830526874962844
44.15	4.648235675683492
44.160000000000004	-0.5550769365961752
44.17	-2.449694959906246
44.18	-3.933857727432515
44.19	-6.529653592305831
44.2	-5.649526568295201
44.21	-4.796112337029543
44.22	-4.645189688970065
44.230000000000004	-4.219177598341413
44.24	-4.417470413970113
44.25	-5.939158904384847
44.26	-4.932193266723107
44.27	-6.494905755247258
44.28	-8.978972694241783
44.29	-7.814752043618853
44.300000000000004	-8.791852079513294
44.31	-11.960288737173707
44.32	-13.281095484241114
44.33	-9.707441235234851
44.34	-7.762990527931785
44.35	-11.002544320495863
44.36	-13.822788217782227
44.37	-10.304059137412871
44.38	-11.34494853337893
44.39	-8.963042335600488
44.4	-15.573438508855364
44.410000000000004	-10.887887420294724
44.42	-14.004801813338972
44.43	-14.75856285315407
44.44	-14.95537562249142
44.45	-28.73165324552761
44.46	-30.992833491591302
44.47	-24.75252870418361
44.480000000000004	-18.00505688391539
44.49	-16.068267301705024
44.5	-12.77940848753457
44.51	-13.817479689218812
44.52	-12.747754719341529
44.53	-11.03632733721182
44.54	-8.236870886737265
44.550000000000004	-10.553165714785392
44.56	-11.022829372553451
44.57	-14.644220650974095
44.58	-12.594465191645156
44.59	-11.813953380626314
44.6	-10.140558289119786
44.61	-10.999789013371217
44.62	-10.024147972076813
44.63	-7.306719572767322
44.64	-4.7094298145610525
44.65	-5.298785515707463
44.660000000000004	-7.821185160201211
44.67	-8.10546032397515
44.68	-6.367024290444624
44.69	-6.573437420316611
44.7	-7.026545121866652
44.71	-9.495881002006175
44.72	-8.067700862334444
44.730000000000004	-7.155438787703647
44.74	-6.5770036452656875
44.75	-6.700592133907288
44.76	-4.631835854843757
44.77	-2.5712358279716154
44.78	-7.594955382860104
44.79	-4.5711225900331085
44.800000000000004	-6.264946645895048
44.81	-4.258162555466453
44.82	-2.6475169921560275
44.83	-2.0638627882093723
44.84	-4.184283384869989
44.85	-2.639255734684495
44.86	-1.3150074787377037
44.87	-0.38223783944303774
44.88	-0.27159500459981273
44.89	-0.9183210497806261
44.9	-0.2486134098029986
44.910000000000004	0.6213551761262304
44.92	4.0606974132609075
44.93	4.710801061849555
44.94	10.09991947071085
44.95	10.095499024458812
44.96	10.936167383163447
44.97	10.808342808018047
44.980000000000004	9.398379147348274
44.99	10.697159988496916
45.0	11.59671152075058
45.01	11.255508752039377
45.02	13.613536628769836
45.03	15.11053468442319
45.04	12.99972187324709
45.050000000000004	11.536743525291445
45.06	7.723411391163921
45.07	8.77760641481845
45.08	10.42993472448833
45.09	14.256711815796166
45.1	8.026678771657435
45.11	15.472571741816438
45.12	17.763494731262806
45.13	18.361423991486753
45.14	13.647666191559694
45.15	16.305562632639543
45.160000000000004	21.471847595349598
45.17	16.729154171813327
45.18	14.242687926099425
45.19	13.155718639880655
45.2	11.714081271822474
45.21	10.583665526275805
45.22	7.378059959909311
45.230000000000004	7.5049043209716215
45.24	4.622413225767369
45.25	8.41879003419859
45.26	10.833085373664755
45.27	8.60225584535875
45.28	9.059088056002869
45.29	5.534410698750688
45.300000000000004	3.151541006667253
45.31	3.896687117593132
45.32	6.30821929554794
45.33	5.010110155008916
45.34	2.555164268784299
45.35	2.446771082904567
45.36	5.6405590595135635
45.37	7.887928408978612
45.38	3.645149939933791
45.39	3.166007403982857
45.4	-0.4609007786691498
45.410000000000004	-0.3428027979082313
45.42	-1.265950972985939
45.43	-1.944910408382406
45.44	0.762156782323043
45.45	0.18914478621414257
45.46	-0.7160455896226827
45.47	-0.14655856387149005
45.480000000000004	0.2413668064284893
45.49	-1.7540823622962498
45.5	-6.582526941448521
45.51	-5.587022277169089
45.52	-9.253600492548879
45.53	-13.419977855944424
45.54	-15.95574662775264
45.550000000000004	-15.48509921481415
45.56	-12.12206801702992
45.57	-11.884823684009767
45.58	-6.950473338528893
45.59	-4.427032282694587
45.6	-3.387568048188613
45.61	-3.10722378548206
45.62	-3.2588579436824316
45.63	-2.388407493859634
45.64	-2.301947941015034
45.65	1.8565067357564844
45.660000000000004	6.733345954840826
45.67	14.265622147545274
45.68	11.043333940143127
45.69	8.393875220739613
45.7	5.534214928064157
45.71	7.352861930671377
45.72	5.717925628138677
45.730000000000004	0.2556401704916176
45.74	-1.67552218774336
45.75	-0.6102220507378958
45.76	-1.0213566653146697
45.77	-4.562525337694442
45.78	-1.85149258396883
45.79	-3.012626788680117
45.800000000000004	-0.5497327384640779
45.81	5.763202814741961
45.82	6.431652827371058
45.83	9.58383638965
45.84	7.274479809610114
45.85	6.1803491743390575
45.86	6.761924949100374
45.87	4.382703502887292
45.88	2.5262646691727357
45.89	5.637417629276911
45.9	6.827483548308716
45.910000000000004	8.624691365416943
45.92	11.529814270274443
45.93	11.035666623010625
45.94	13.431660264794766
45.95	12.495206477253287
45.96	17.088511287686377
45.97	15.800890149544696
45.980000000000004	14.86382732900104
45.99	11.92466690742481
46.0	14.158381139984328
46.01	17.02146631682478
46.02	18.804064674707607
46.03	18.08937828633906
46.04	21.51215934250348
46.050000000000004	18.29400171373552
46.06	13.167180994427955
46.07	10.923389532968097
46.08	12.141567487079907
46.09	13.79258434945129
46.1	10.166755476794693
46.11	8.398173497541865
46.12	10.244300576699542
46.13	8.967236029491295
46.14	7.003830877975182
46.15	8.203749880240421
46.160000000000004	8.352259911936432
46.17	9.372939434683754
46.18	9.26868397978867
46.19	7.164477701068414
46.2	3.217715427587704
46.21	3.9622746442222954
46.22	5.768566336301167
46.230000000000004	8.332206463289815
46.24	9.37746373562248
46.25	11.719458348089766
46.26	25.685737139296943
46.27	23.16636375332945
46.28	19.645003531218222
46.29	19.421118185360747
46.300000000000004	25.748309557128835
46.31	29.784468232819908
46.32	26.1342319266977
46.33	23.35427319251221
46.34	20.32941542936955
46.35	21.31460424391942
46.36	24.381359074876844
46.37	21.081970491161268
46.38	18.50401443491756
46.39	19.315910822132555
46.4	20.262728956543498
46.410000000000004	20.431157631099616
46.42	16.17588536804171
46.43	12.713106139656338
46.44	10.365169390428383
46.45	8.746354629318725
46.46	7.7611729125615465
46.47	8.718566770382338
46.480000000000004	10.841686420333302
46.49	9.00630810078408
46.5	8.159301121444486
46.51	6.757916145276182
46.52	7.068660388773053
46.53	9.391962079625484
46.54	6.30056003896964
46.550000000000004	8.085760168313696
46.56	9.967131229589626
46.57	11.294755367359125
46.58	12.742053667115613
46.59	13.172482926538931
46.6	10.777799940378214
46.61	15.932583096339018
46.62	18.658144058839884
46.63	23.901736634671913
46.64	20.469148490482457
46.65	23.666109134503756
46.660000000000004	25.766242772014817
46.67	23.241822326389396
46.68	25.43102190506046
46.69	23.47051357083585
46.7	15.854555719451742
46.71	11.586756380665362
46.72	7.6759581769724665
46.730000000000004	4.348648738537509
46.74	7.108521511571867
46.75	9.557214470652243
46.76	7.522997604191993
46.77	8.74389404804701
46.78	5.90991881159335
46.79	8.996802910823511
46.800000000000004	9.227385855703977
46.81	6.465679557643704
46.82	11.489711981142872
46.83	8.789585847757175
46.84	8.92061286966832
46.85	10.368586272242029
46.86	12.32264446126462
46.87	15.219978906227762
46.88	12.865702425062256
46.89	16.469188816859127
46.9	16.228693115918592
46.910000000000004	13.877909537487296
46.92	15.166241907102739
46.93	11.239508929117925
46.94	8.518669181852816
46.95	13.206037473373295
46.96	16.748197251623953
46.97	16.160288451357484
46.980000000000004	12.920939829488836
46.99	11.522913517961896
47.0	13.08859335861389
47.01	16.67289213007837
47.02	17.297577184924815
47.03	15.566464591036144
47.04	12.76471981589945
47.050000000000004	12.02323971856485
47.06	10.946037897805226
47.07	8.712608854686662
47.08	9.394993704796443
47.09	10.64570222840187
47.1	9.306878427045387
47.11	17.092615382633035
47.12	19.19142658540513
47.13	15.816435369736043
47.14	12.86008771829832
47.15	10.860749317602444
47.160000000000004	8.170721041326079
47.17	6.004919474499128
47.18	5.512095404155921
47.19	9.485322189793322
47.2	8.164438591142613
47.21	11.559100862974029
47.22	10.02216042438269
47.230000000000004	10.353151384907308
47.24	9.037580987405432
47.25	7.7559838617476125
47.26	8.856746400248545
47.27	7.815934034332167
47.28	6.142192502726408
47.29	3.733123525033139
47.300000000000004	8.00929974852073
47.31	12.973338394899077
47.32	10.45779437100269
47.33	10.044809678567882
47.34	20.96360672551564
47.35	23.980499710649216
47.36	18.25054263402504
47.37	23.440737867343824
47.38	31.304383966512308
47.39	28.298987054950068
47.4	22.97067035842419
47.410000000000004	17.73346863044162
47.42	22.607031134758305
47.43	20.34600210637344
47.44	19.394974228964166
47.45	16.07939778685411
47.46	16.82426795526475
47.47	12.080549276309654
47.480000000000004	12.749050379546683
47.49	16.229087354052393
47.5	17.293881184405098
47.51	13.560944075258114
47.52	19.996674645581002
47.53	16.58150821391284
47.54	16.782499188066865
47.550000000000004	13.026494637151993
47.56	9.936708379554018
47.57	9.587897096532952
47.58	12.217772574155006
47.59	12.67344837933592
47.6	9.928268315162944
47.61	5.700821668028177
47.62	5.195179749615653
47.63	4.5940719752956465
47.64	7.5827452917130085
47.65	5.185194815404849
47.660000000000004	6.653755947530626
47.67	8.476720536756803
47.68	8.498761882828852
47.69	8.801946803657653
47.7	5.420630400530062
47.71	4.195127143701195
47.72	4.852476121535137
47.730000000000004	6.494087200573873
47.74	4.125372678623214
47.75	1.5200358233784463
47.76	3.214647300691335
47.77	6.4531353405575755
47.78	10.070066233139109
47.79	8.391340703922332
47.800000000000004	5.601105050254534
47.81	3.107062336838805
47.82	6.80550067178297
47.83	15.174830045625477
47.84	17.881043144365204
47.85	15.259072892199619
47.86	15.179236236285602
47.870000000000005	16.086733142635286
47.88	12.88923338918298
47.89	9.55632009063252
47.9	7.242716006162218
47.910000000000004	6.736654445036315
47.92	8.37514930603286
47.93	8.919650234389637
47.94	9.076363855362983
47.95	17.621963200495117
47.96	15.152180296188272
47.97	13.318854957027616
47.980000000000004	12.598563014510699
47.99	10.648085820726273
48.0	10.467237696987409
48.01	8.090806666832872
48.02	9.607701541225536
48.03	10.002517078807813
48.04	13.964383741139676
48.050000000000004	12.575043608856431
48.06	14.22391623434682
48.07	12.47906599831916
48.08	13.685955227354633
48.09	14.156455839373063
48.1	11.15120296496544
48.11	12.415877627051852
48.120000000000005	9.485645082012626
48.13	8.53734714316781
48.14	8.04448294689338
48.15	9.1260033092135
48.160000000000004	11.32305332556192
48.17	8.049178457433086
48.18	8.087933304629727
48.19	5.6599298274272805
48.2	12.868863094500401
48.21	17.824917590957213
48.22	18.44951591234435
48.230000000000004	19.02610634215614
48.24	20.554324525513543
48.25	20.269355765068585
48.26	15.263540763559456
48.27	11.183493701860373
48.28	9.185795413814883
48.29	5.478059106380069
48.300000000000004	1.0333971560333906
48.31	1.1743581474466025
48.32	2.008630934777792
48.33	3.960829449836328
48.34	3.9257948468654313
48.35	7.0796979901121
48.36	5.767046731435573
48.370000000000005	5.688696002417391
48.38	6.814865755293742
48.39	9.298003460620667
48.4	17.661540284584067
48.410000000000004	15.684029565152576
48.42	11.387193010742182
48.43	9.187254631228088
48.44	8.794397154875341
48.45	7.685469915281828
48.46	7.668650505452351
48.47	7.278117651225043
48.480000000000004	3.846192831857768
48.49	4.737874201934445
48.5	3.0673536688408785
48.51	1.9168199475400107
48.52	3.8763346433565053
48.53	3.3956763518993127
48.54	2.2349267119594605
48.550000000000004	0.6382360034469884
48.56	1.4289457933218974
48.57	3.794992956088474
48.58	5.293633001116287
48.59	4.774913254384135
48.6	7.753911376824027
48.61	7.596178282088003
48.620000000000005	6.379469306475449
48.63	2.85048606333677
48.64	3.767004578157197
48.65	3.521020899796385
48.660000000000004	-0.5364674994268985
48.67	-2.3583249330354406
48.68	-3.202179031584473
48.69	-2.301401190849349
48.7	3.219097003559368
48.71	4.253300616269116
48.72	6.345206646392025
48.730000000000004	8.950569849155643
48.74	11.847337556130725
48.75	11.450855138934054
48.76	8.698398039826241
48.77	7.148988435645139
48.78	6.471962964793383
48.79	3.381313822788804
48.800000000000004	5.538362284518047
48.81	1.8488042742717516
48.82	0.05777123397231204
48.83	0.33566386503611817
48.84	-0.754736156711501
48.85	-4.118099239305848
48.86	-4.646405394224409
48.870000000000005	-4.950017785037555
48.88	-7.193228698963666
48.89	-7.443301188213455
48.9	-8.738272961251386
48.910000000000004	-6.054655273268513
48.92	-6.410825177191328
48.93	-6.038362824887186
48.94	-5.644311008263353
48.95	-2.308256496731247
48.96	-1.6269839497790677
48.97	-3.0718822998808326
48.980000000000004	-0.5586011540604032
48.99	-0.21508441489327512
49.0	3.54545631861199
49.01	5.097889823171772
49.02	6.445134419591666
49.03	5.951916030267131
49.04	4.918054161372798
49.050000000000004	0.20645170611610328
49.06	-5.172828719468919
49.07	-3.5417218152478958
49.08	-1.9106149110268704
49.09	-0.2871893707738224
49.1	1.3267533288229676
49.11	2.940696028419757
49.120000000000005	4.051974434587512
49.13	4.242944823904389
49.14	15.068238198143998
49.15	16.79438737093577
49.160000000000004	14.907203836392252
49.17	15.557739138906523
49.18	16.64031280609592
49.19	19.955813301078418
49.2	17.544398678659796
49.21	16.005915436154137
49.22	12.889601982921267
49.230000000000004	11.112073857385715
49.24	8.00456437821816
49.25	6.199430893455071
49.26	5.536274407235514
49.27	9.452703522162972
49.28	11.336204204623423
49.29	12.393000288594337
49.300000000000004	10.65100241969612
49.31	9.03332062943741
49.32	7.032706862676149
49.33	6.427222400506322
49.34	4.926445341859605
49.35	8.627029631174297
49.36	6.338042173164637
49.370000000000005	4.625898095579622
49.38	3.1140276394456663
49.39	7.689111915367258
49.4	6.508452645121886
49.410000000000004	4.524762978308843
49.42	0.7491953714559987
49.43	-0.1155827697165923
49.44	5.427091731043008
49.45	5.503040375499807
49.46	3.441162249858301
49.47	4.569377521425933
49.480000000000004	2.8778552483117337
49.49	5.276906559381954
49.5	7.102772931525384
49.51	9.417815273163754
49.52	14.953228647621806
49.53	11.7177144434822
49.54	12.994788947399995
49.550000000000004	12.719373949009677
49.56	12.633706927342697
49.57	9.88618298441517
49.58	8.473507162489748
49.59	19.21682722160673
49.6	19.61600289749503
49.61	19.153405312091568
49.620000000000005	16.12532144608196
49.63	13.016613877269412
49.64	9.211439899643176
49.65	4.979136436512867
49.660000000000004	5.351448834343075
49.67	6.688098264777971
49.68	7.267485827652665
49.69	9.379965490940286
49.7	8.41952197734443
49.71	10.592559250817285
49.72	10.209521969615729
49.730000000000004	13.203797651549
49.74	11.65060844162924
49.75	9.660507859490052
49.76	11.928592513074909
49.77	9.520885162403989
49.78	10.152002752766482
49.79	9.758827731809163
49.800000000000004	11.353321053460965
49.81	8.433005189912608
49.82	7.799226756904633
49.83	10.314959754104983
49.84	10.024137693205569
49.85	7.801470624057823
49.86	6.598713271803357
49.870000000000005	3.2022652197755144
49.88	-2.9077599362916398
49.89	-5.281040339367006
49.9	-5.945813572114353
49.910000000000004	-6.487874058578676
49.92	-7.383299983378156
49.93	-7.846087547216514
49.94	-10.648178642915115
49.95	-12.027216986389236
49.96	-18.49640034138443
49.97	-13.50821551855561
49.980000000000004	-12.889358382079855
49.99	-9.652875529902223
50.0	-10.218527092682269
50.01	-10.549792009593823
50.02	-11.01206606282726
50.03	-12.775890225440419
50.04	-14.403452696809513
50.050000000000004	-14.56803695985857
50.06	-20.998338347215093
50.07	-21.023535870534744
50.08	-19.483394867500824
50.09	-16.534109741161025
50.1	-13.260935937323165
50.11	-11.801273727874975
50.120000000000005	-8.46460315024177
50.13	-7.846593160592279
50.14	-7.6627998583173955
50.15	-7.673184141313446
50.160000000000004	-7.288958162004561
50.17	-7.673924346176776
50.18	-9.74939269845832
50.19	-9.213717762510557
50.2	-14.21398106961151
50.21	-9.103560349250607
50.22	-4.225508569734219
50.230000000000004	-2.3845471775521463
50.24	0.5298758072444409
50.25	2.6650131129189045
50.26	3.61111109088691
50.27	2.532458305805862
50.28	5.591685643387105
50.29	9.190409726303306
50.300000000000004	9.276985602237138
50.31	8.719972355734676
50.32	10.567999407292545
50.33	12.602514762644985
50.34	12.75392595641364
50.35	15.626159480502656
50.36	15.350174755482588
50.370000000000005	14.823754100442745
50.38	13.235440973900866
50.39	10.56198432988702
50.4	7.888527685873171
50.410000000000004	7.836491098938639
50.42	8.46708547556566
50.43	11.54181101477606
50.44	7.7782729557270525
50.45	5.2648007220577995
50.46	4.393103708865174
50.47	9.240260106389728
50.480000000000004	7.556365493237911
50.49	10.105222903018458
50.5	9.742223846971141
50.51	10.309121130268023
50.52	10.288891676270588
50.53	11.869948520930024
50.54	13.708026821580672
50.550000000000004	11.045910464211236
50.56	9.250588128631644
50.57	9.421686415320934
50.58	10.925085149031412
50.59	11.361468340348402
50.6	3.8396522451451394
50.61	3.6195911987520306
50.620000000000005	2.1556793308565156
50.63	0.4047329693378859
50.64	-1.0764202798847131
50.65	-4.085742636272712
50.660000000000004	-5.444992711988359
50.67	-7.298804984686721
50.68	-4.549897836461357
50.69	-4.9397108492265875
50.7	-7.306954097947728
50.71	-7.862142493301289
50.72	-9.12920035025112
50.730000000000004	-12.048170825651512
50.74	-13.601640388946281
50.75	-13.363207233504607
50.76	-15.184894660212947
50.77	-18.784622702168964
50.78	-21.333491425781983
50.79	-24.601922716414602
50.800000000000004	-19.339660674423218
50.81	-17.712929661249824
50.82	-14.615088844522344
50.83	-10.334555283793916
50.84	-7.733920072034102
50.85	-6.439818170174274
50.86	-3.6558711745535915
50.870000000000005	-1.4438238461643305
50.88	-1.7990226038845598
50.89	-2.8447878286970436
50.9	-3.8421898197548874
50.910000000000004	-5.208678262168125
50.92	-2.1445974691944514
50.93	-6.824079093556503
50.94	-6.615764019203221
50.95	-5.728099074432158
50.96	-6.346647466848379
50.97	-5.533166951739159
50.980000000000004	-8.704686088078283
50.99	-9.309980830082198
51.0	-7.910258205802956
51.01	-7.274158664106252
51.02	-8.336728340380606
51.03	-9.891091006961002
51.04	-14.710051079466819
51.050000000000004	-13.42046629628105
51.06	-10.970282740868074
51.07	-9.201029071406696
51.08	-9.066973601450682
51.09	-6.463645451487138
51.1	-3.448867685388836
51.11	-3.0712805129077796
51.120000000000005	-1.674668573524229
51.13	-0.292417179357171
51.14	-1.507066960175103
51.15	1.422244526590511
51.160000000000004	-0.4317404753394176
51.17	4.399873059871293
51.18	2.8577682574303562
51.19	0.47932823149796255
51.2	1.228976682076231
51.21	-0.7924954473763426
51.22	2.9472947783002006
51.230000000000004	0.3579026607165848
51.24	-1.0386867793894907
51.25	1.994402167615193
51.26	6.385293822382241
51.27	8.02849217573904
51.28	7.982261011973422
51.29	5.76227724615103
51.300000000000004	5.931113032449437
51.31	5.674551830927977
51.32	6.416396862148368
51.33	7.755603251942404
51.34	9.276086896615995
51.35	11.848490258966214
51.36	14.395137735722656
51.370000000000005	12.149821112286379
51.38	15.171691564412482
51.39	16.88461513907923
51.4	18.379538208522728
51.410000000000004	19.427239024483214
51.42	20.1899859404164
51.43	14.2840449312113
51.44	14.510678028345136
51.45	12.66471361842638
51.46	15.001571302718457
51.47	10.999380682294605
51.480000000000004	14.020254203239462
51.49	12.477595671087801
51.5	20.098778662287234
51.51	17.434322199642338
51.52	12.978083921582897
51.53	14.346792258959303
51.54	15.943193732779699
51.550000000000004	15.020408997069456
51.56	14.718377319745704
51.57	13.260376866150954
51.58	9.361639393029774
51.59	6.424776528628488
51.6	5.2608644417052925
51.61	6.832519253699372
51.620000000000005	6.659353853979043
51.63	3.5247733202522924
51.64	4.454035887750707
51.65	4.901329219964106
51.660000000000004	7.294216652709616
51.67	9.050792807989058
51.68	12.185347681627514
51.69	12.607985069869596
51.7	10.322899417927154
51.71	12.337213432651518
51.72	12.155172984749976
51.730000000000004	11.850192898201433
51.74	19.18122994075002
51.75	20.782080641104134
51.76	20.463018210951308
51.77	19.305556530828596
51.78	18.9186450510686
51.79	15.291282629534237
51.800000000000004	12.542131281753692
51.81	13.273445329283403
51.82	13.012450307282279
51.83	13.17168181461387
51.84	11.325996607623551
51.85	8.475152536460685
51.86	6.313278044571161
51.870000000000005	5.7691065899542195
51.88	6.405168773038889
51.89	1.070841880200877
51.9	3.708262069012579
51.910000000000004	5.9784078825484315
51.92	8.419445454538172
51.93	7.486843406199211
51.94	10.69612054474096
51.95	11.344063808893155
51.96	9.52666932562181
51.97	9.343425439979475
51.980000000000004	3.9163743587667237
51.99	2.440290018102921
52.0	3.002684119081396
52.01	3.4014961909630466
52.02	4.153409629025858
52.03	1.3307735145396826
52.04	2.2363704463547025
52.050000000000004	4.614325558099858
52.06	6.776902695083155
52.07	11.185226590126613
52.08	8.714303870026647
52.09	8.278498124887744
52.1	7.0704172630851705
52.11	10.868840574639238
52.120000000000005	10.524748218762815
52.13	9.27610948458858
52.14	11.435063359555551
52.15	10.880117719242778
52.160000000000004	13.177178504273373
52.17	13.18273732456558
52.18	12.275759464547544
52.19	10.83557851008196
52.2	9.122219477594987
52.21	7.182890900659422
52.22	1.4231421165527574
52.230000000000004	-0.13832587797758944
52.24	-3.8190785980295945
52.25	-2.1219186605338987
52.26	-4.496519562396472
52.27	-1.9970613569070574
52.28	0.7460388059466603
52.29	0.1959665724048101
52.300000000000004	0.9582376834002511
52.31	0.5496972736361021
52.32	2.1412630282940355
52.33	-0.8187176696770782
52.34	-1.3360848786600639
52.35	1.2518191350525802
52.36	7.335806944567351
52.370000000000005	5.179713294117374
52.38	1.7293737728678806
52.39	0.7664260743570712
52.4	2.6713081322370105
52.410000000000004	4.229154674333765
52.42	8.636725288931386
52.43	7.790320840907292
52.44	7.899355436566493
52.45	3.8043399405706295
52.46	0.10021133026611433
52.47	-2.317022058950617
52.480000000000004	-4.077470159895815
52.49	-0.39086577272343886
52.5	-0.6763098223723687
52.51	3.598965738941113
52.52	5.124018716024368
52.53	6.289565029187747
52.54	8.917066669718665
52.550000000000004	12.827547059064035
52.56	10.18389990158322
52.57	9.193437211407149
52.58	10.52406836918357
52.59	8.858467219710583
52.6	7.850054635466261
52.61	9.052756415588401
52.620000000000005	7.924297591815573
52.63	12.81109923529404
52.64	16.897394320464294
52.65	15.039997079093252
52.660000000000004	13.302178038871396
52.67	15.226134742222742
52.68	15.326607788083102
52.69	12.935439361919183
52.7	11.66829033549235
52.71	10.51224215812061
52.72	13.094048762417325
52.730000000000004	12.463978001472999
52.74	18.550368475312553
52.75	15.705042355070978
52.76	12.185649373567054
52.77	11.471028980287667
52.78	11.323865463771709
52.79	10.395650544662988
52.800000000000004	13.852921421933772
52.81	22.13655596101878
52.82	17.69417372139888
52.83	18.107393537142965
52.84	18.74649931783335
52.85	20.1027658064824
52.86	19.832812229304025
52.870000000000005	16.900358632662222
52.88	11.718675167708763
52.89	12.507897544726784
52.9	9.13281432745084
52.910000000000004	10.184898815241278
52.92	16.734522524289364
52.93	11.965364987006271
52.94	13.790573363634467
52.95	13.675320930970472
52.96	16.681038709657876
52.97	17.87534984549582
52.980000000000004	18.025663308925473
52.99	14.002607595661429
53.0	10.06081433708002
53.01	12.288059496365712
53.02	14.345489106361372
53.03	11.521457788808403
53.04	8.950854222766258
53.050000000000004	6.332998389684859
53.06	5.208857841916702
53.07	3.911990375481314
53.08	8.683021506849057
53.09	8.514936762452244
53.1	8.920847681731447
53.11	5.615860687758039
53.120000000000005	4.2862923668123685
53.13	0.031973552759567925
53.14	1.3396536850635552
53.15	-0.3520902520452788
53.160000000000004	0.060678573657387824
53.17	0.4582741057715664
53.18	0.37705326865310484
53.19	-3.155270801387671
53.2	-3.611584183513403
53.21	-1.8163054904692122
53.22	0.5390806506026055
53.230000000000004	1.9494152964851106
53.24	0.7247841476556681
53.25	-2.3889488638140364
53.26	-1.002957057885523
53.27	0.26569672287569196
53.28	2.2098461185846916
53.29	1.7590312332081766
53.300000000000004	-0.5235538906344218
53.31	-3.881831335070792
53.32	-18.279819404283128
53.33	-19.21104077866962
53.34	-24.751945546017275
53.35	-18.7402220032551
53.36	-19.184646527859528
53.370000000000005	-16.347426390974146
53.38	-16.78679596990005
53.39	-12.671461199026362
53.4	-14.081463785354202
53.410000000000004	-14.710437656956163
53.42	-16.02149739482115
53.43	-13.490586278097322
53.44	-20.671742674272842
53.45	-23.752253148552008
53.46	-29.011516454660473
53.47	-22.604249589832094
53.480000000000004	-23.8294277681955
53.49	-19.956660152205334
53.5	-16.59957977467679
53.51	-17.381183295572864
53.52	-21.611804182085468
53.53	-17.11705955205425
53.54	-14.6289818964058
53.550000000000004	-17.734984258952863
53.56	-18.663064632399397
53.57	-14.642581473048029
53.58	-11.13127602545604
53.59	-8.742564332302337
53.6	-8.057967429967627
53.61	-7.361693282358121
53.620000000000005	-7.9775515422125105
53.63	-11.696346116245708
53.64	-12.609363507118225
53.65	-16.712563302426947
53.660000000000004	-16.84703128036828
53.67	-13.4589627397254
53.68	-11.633745974067951
53.69	-16.52917462749321
53.7	-17.170800941525524
53.71	-11.905028831837594
53.72	-15.75037741010525
53.730000000000004	-14.757646990191326
53.74	-13.66947775013788
53.75	-9.379967140489715
53.76	-14.539237439343403
53.77	-15.199955741895852
53.78	-11.382881229347078
53.79	-8.63893446906773
53.800000000000004	-13.083132982381212
53.81	-9.492886559669435
53.82	-11.146838886292398
53.83	-7.666198408495789
53.84	-4.736225051635135
53.85	-8.503904414672206
53.86	-4.907777814802685
53.870000000000005	-3.3553358702068525
53.88	-2.1358449046431405
53.89	-0.8687474447827741
53.9	-0.05960309163871493
53.910000000000004	-0.7852006159258015
53.92	-1.2184721231168951
53.93	-2.9019147708911643
53.94	-4.343773998908183
53.95	-2.439459058964597
53.96	-0.7361453777025267
53.97	0.6637929119568868
53.980000000000004	1.677172623039754
53.99	-1.989634445160389
54.0	-6.2840304413023835
54.01	-6.339396412454894
54.02	-5.45258446735167
54.03	-3.4165416241682283
54.04	-1.7652424144957293
54.050000000000004	-4.343914015828185
54.06	-4.795481078811404
54.07	-5.853056991189329
54.08	-5.704812091570213
54.09	-5.29901755584564
54.1	-4.943458736431814
54.11	-6.5004509855717725
54.120000000000005	-8.204479889074836
54.13	-9.288429146220317
54.14	-8.755873788048984
54.15	-5.8660418766597155
54.160000000000004	-6.821461317131227
54.17	-3.284655405785735
54.18	-3.1145430097559488
54.19	-2.5890820991183885
54.2	-0.23471539952843956
54.21	3.3078077268512747
54.22	2.2419884872524856
54.230000000000004	7.163261079787207
54.24	5.659401029557387
54.25	4.141075364253518
54.26	0.8009399704007011
54.27	-0.8859639826504129
54.28	-0.9860544056218895
54.29	0.3310298477397491
54.300000000000004	0.4503770898470267
54.31	-1.1003835764555798
54.32	-3.1202771688476507
54.33	-5.865702438407216
54.34	-10.59500865599398
54.35	-10.349742157689285
54.36	-11.28532132274389
54.370000000000005	-9.213383185457305
54.38	-10.356452653709802
54.39	-13.606276500015381
54.4	-16.07126640891485
54.410000000000004	-21.2188458923591
54.42	-14.259086993796801
54.43	-7.335434169994679
54.44	-10.25925448977237
54.45	-10.978359758566222
54.46	-8.395116855644645
54.47	-15.354750970111931
54.480000000000004	-14.06939380132415
54.49	-12.303906687551414
54.5	-13.956572851941624
54.51	-17.89674984966261
54.52	-16.769635585752408
54.53	-16.057785276927206
54.54	-15.87897573092286
54.550000000000004	-12.563681347880427
54.56	-9.563472854536109
54.57	-6.961441416961351
54.58	-7.6350341915664846
54.59	-7.062816463858607
54.6	-12.496801974635453
54.61	-13.127589945204313
54.620000000000005	-12.462263925145965
54.63	-9.910725337539972
54.64	-9.097017476827082
54.65	-9.716206160011152
54.660000000000004	-7.418729585053291
54.67	-6.729348089349378
54.68	-7.780264149457336
54.69	-5.284983257310578
54.7	-3.243552987092372
54.71	-3.268373048106886
54.72	-0.7846772779141284
54.730000000000004	-5.556877167168594
54.74	-3.200522953720623
54.75	-6.829353285574067
54.76	-8.53132117679674
54.77	-7.440019142643836
54.78	-5.98050600617023
54.79	-3.8442305697700148
54.800000000000004	-2.069731915064378
54.81	-0.6242324759085648
54.82	-1.5079734859937757
54.83	-0.6633081047020349
54.84	-0.5138145268185821
54.85	-2.0980822173381015
54.86	-4.07169525266305
54.870000000000005	-4.7139991887827195
54.88	-5.801813392390813
54.89	-2.386794401605313
54.9	-5.110874478417817
54.910000000000004	-3.7787559446893977
54.92	-8.232547547135892
54.93	-4.196045095923847
54.94	-3.3633941936299863
54.95	-5.663852193322284
54.96	-7.860831565287138
54.97	-6.494178939803061
54.980000000000004	-1.2919350231078977
54.99	-0.31213097305728027
55.0	1.1674492304951722
55.01	5.195698435362063
55.02	7.23081922347077
55.03	16.625569641431284
55.04	14.524653463239526
55.050000000000004	11.464766309119979
55.06	16.04331457476803
55.07	10.864306594753968
55.08	9.790078708534624
55.09	9.761683691919938
55.1	8.332673165239033
55.11	5.781519856653844
55.120000000000005	2.669474735746244
55.13	-0.06816455405533105
55.14	-1.4837215458522623
55.15	-4.950110378432031
55.160000000000004	-5.680394106624761
55.17	-10.56580611666548
55.18	-10.411704356477552
55.19	-9.023203544597376
55.2	-15.007330894493773
55.21	-14.422173369066794
55.22	-13.223156107282367
55.230000000000004	-12.216468953045611
55.24	-13.97341920324224
55.25	-15.000418515217008
55.26	-12.876997608167764
55.27	-9.792482925139117
55.28	-6.816993247854822
55.29	-10.133125777229507
55.300000000000004	-14.215092893177914
55.31	-11.430174650542183
55.32	-10.08732827988617
55.33	-9.300114806702249
55.34	-7.162253464680773
55.35	-8.177300183765825
55.36	-6.592312641077316
55.370000000000005	-6.531887940468831
55.38	-5.428246138133258
55.39	-7.8057717403035936
55.4	-10.21125023260001
55.410000000000004	-10.710684404588074
55.42	-11.741575763052127
55.43	-23.340727868248784
55.44	-20.498592661199663
55.45	-19.070561292644868
55.46	-13.610783025750608
55.47	-10.687240416995584
55.480000000000004	-8.449459593749408
55.49	-6.795508892695327
55.5	-11.46846034564763
55.51	-20.41116684718014
55.52	-18.0370057072818
55.53	-19.830882409465715
55.54	-20.241909113066733
55.550000000000004	-18.00406147322255
55.56	-20.254570503163023
55.57	-17.72940311927184
55.58	-15.11254468996756
55.59	-12.05004808861674
55.6	-13.375586223030087
55.61	-8.524882375834368
55.620000000000005	-5.160101089541336
55.63	-3.2681862908534245
55.64	-2.8481068425724656
55.65	-3.324046640636899
55.660000000000004	-4.29755461789193
55.67	-2.6727297691601923
55.68	-1.2088550672201104
55.69	-1.1707878062189507
55.7	-1.1327205452177636
55.71	2.944617856280658
55.72	5.658914462884528
55.730000000000004	6.462715145661057
55.74	6.263834273569096
55.75	5.907560739253563
55.76	7.372335981261726
55.77	5.8458411756249715
55.78	4.157103480907942
55.79	4.77031156327152
55.800000000000004	4.949927304489877
55.81	4.106217942909527
55.82	2.9883129242769546
55.83	4.003601388988983
55.84	0.9247750077709757
55.85	3.94292314633002
55.86	8.557242142759359
55.870000000000005	14.627395974101104
55.88	13.672352669756187
55.89	11.804020106664455
55.9	19.065408375691277
55.910000000000004	14.575848422760776
55.92	14.919600311298538
55.93	14.732650629284018
55.94	13.083727202523747
55.95	13.21189081801063
55.96	9.684785611740145
55.97	7.663151257606308
55.980000000000004	5.84488229044368
55.99	5.054334338942765
56.0	7.230933268344805
56.01	7.0960211569465566
56.02	2.7045283771554525
56.03	0.7560479368743408
56.04	0.5267029394069357
56.050000000000004	-1.413101271758384
56.06	0.2968700643664536
56.07	-0.8822667706895985
56.08	-1.4909673403253971
56.09	-3.9788739483419997
56.1	-3.23895585104192
56.11	-1.6995626285170844
56.120000000000005	-4.1974466373559824
56.13	-4.913692130257012
56.14	-7.70766597166972
56.15	-6.591387995673665
56.160000000000004	-10.656346963793618
56.17	-8.068837468440623
56.18	-2.8511295650636983
56.19	-2.5382744337931484
56.2	-3.114695061704133
56.21	-2.1765376624108788
56.22	-0.6279618998179738
56.230000000000004	2.8843710459082446
56.24	3.0334789892570524
56.25	6.196576279500165
56.26	6.973307583853086
56.27	12.081658553258285
56.28	11.123031920942699
56.29	11.923609610407375
56.300000000000004	11.30180758103833
56.31	16.17426441552407
56.32	12.05833525159731
56.33	10.752396903689215
56.34	11.5677134967406
56.35	11.19411055462948
56.36	9.101551392498669
56.370000000000005	6.7577960513067366
56.38	4.085294910769772
56.39	7.219483947286512
56.4	8.439671648080939
56.410000000000004	10.103224259313205
56.42	11.752562982891485
56.43	8.417269752384804
56.44	5.8364831078509445
56.45	1.5344316686100663
56.46	1.618560333220004
56.47	1.6301634170138308
56.480000000000004	1.4921621467012998
56.49	-0.09953138051011572
56.5	1.49262403769772
56.51	1.723556842919414
56.52	4.3640171611304135
56.53	5.093385015410581
56.54	4.628627894015558
56.550000000000004	4.03775195712113
56.56	4.664319583184749
56.57	2.305597435638519
56.58	1.3983080756540556
56.59	1.2024496116016772
56.6	-0.7861840896495577
56.61	-0.2634518738031214
56.620000000000005	2.53780287156145
56.63	0.5150385187945892
56.64	2.0113065904242013
56.65	2.6485043028593944
56.660000000000004	2.607259034605915
56.67	0.6330283077319787
56.68	-3.7286322331094137
56.69	-5.193382673800393
56.7	-2.150921593385588
56.71	0.3450471803040227
56.72	2.989275837629788
56.730000000000004	4.439769528123462
56.74	8.977075141173037
56.75	10.249556583006042
56.76	13.215664247984916
56.77	14.61282175309566
56.78	18.40652966193978
56.79	17.333903815655837
56.800000000000004	12.528209107965626
56.81	9.357211853341463
56.82	12.384508715725824
56.83	15.543850503862446
56.84	16.753342820714924
56.85	17.69240601613024
56.86	15.882062811994942
56.870000000000005	11.350782301822637
56.88	10.791661383202976
56.89	5.084326368642236
56.9	3.208002485651325
56.910000000000004	2.1938782432303308
56.92	1.9155586793319328
56.93	-2.694863513831805
56.94	-4.110545799127161
56.95	-4.1914944058974966
56.96	-2.7405337934183587
56.97	-3.2404710966996677
56.980000000000004	-5.682546615844881
56.99	-1.8961926467162844
57.0	-3.7478208277905676
57.01	-3.392502137662549
57.02	-2.4501859090491105
57.03	-0.5682309863440874
57.04	-1.2433660654372602
57.050000000000004	-5.097318699038019
57.06	-3.893943422487639
57.07	-5.519539919013485
57.08	-6.110964143226298
57.09	-3.154279569031519
57.1	-2.011848045866562
57.11	-3.2738617947300424
57.120000000000005	-3.3321462324921005
57.13	-3.432098343386148
57.14	-2.749829589282301
57.15	-2.7409538285201513
57.160000000000004	-3.295314374905894
57.17	-1.2505215933140434
57.18	-0.8922158710831068
57.19	-2.8494070388023363
57.2	-4.844260074542454
57.21	-6.216467362904491
57.22	-7.931072098012478
57.230000000000004	-7.726708375325438
57.24	-2.9993160931821548
57.25	-1.9209164001961117
57.26	-5.098877750981728
57.27	-4.912518385357226
57.28	-5.335374925669979
57.29	-5.867025111316294
57.300000000000004	-6.355221892732178
57.31	-9.552518242016692
57.32	-7.033110295766908
57.33	-4.60043547050612
57.34	-2.1072054655129664
57.35	-1.260227099798706
57.36	-1.2945690793200322
57.370000000000005	1.2415095065426605
57.38	1.0698752576427024
57.39	2.402335368922305
57.4	4.283797911978099
57.410000000000004	5.156830069936227
57.42	2.8243075265861344
57.43	7.272489868186655
57.44	5.4980604821484755
57.45	5.4643992755772635
57.46	5.219983813512541
57.47	0.36644869662303553
57.480000000000004	-1.696650001712542
57.49	-3.54859555805105
57.5	-4.9101825411787186
57.51	-4.703059401914413
57.52	-13.347040361584998
57.53	-12.976584479095433
57.54	-9.800506568941852
57.550000000000004	-6.9263455867204415
57.56	-4.124981963498839
57.57	-8.157628075123903
57.58	-11.334297662367092
57.59	-11.831464515154225
57.6	-8.81987990573773
57.61	-4.9308378393004935
57.620000000000005	-2.6464993931045564
57.63	-3.6525367179968087
57.64	-0.45851468431583947
57.65	0.19490122943903693
57.660000000000004	0.47288251771784895
57.67	1.1176157036965413
57.68	1.1106736403195934
57.69	-0.7178216804039912
57.7	-2.994268813832339
57.71	-8.640527174472702
57.72	-14.597334284564926
57.730000000000004	-22.146717226854374
57.74	-19.58571616980086
57.75	-15.376027411613727
57.76	-16.74758538948117
57.77	-18.20907738739261
57.78	-13.592842715364243
57.79	-10.92456948983947
57.800000000000004	-10.965179403657778
57.81	-8.88149318170957
57.82	-7.868820429096301
57.83	-10.309644035664437
57.84	-9.91442982068579
57.85	-8.082777721092224
57.86	-7.559464706110231
57.870000000000005	-9.401566786669745
57.88	-10.020825138711308
57.89	-10.947800133699634
57.9	-13.835960755337034
57.910000000000004	-12.664474177584523
57.92	-12.960084922381144
57.93	-13.96798676870095
57.94	-17.202794950096735
57.95	-17.86499117401845
57.96	-16.692832723276158
57.97	-12.82774421200897
57.980000000000004	-8.365583805685162
57.99	-6.391565851842807
58.0	-3.9358721311529297
58.01	-3.4931068900793596
58.02	-2.0179903364543765
58.03	-1.1119480045787637
58.04	-0.024977965040455474
58.050000000000004	-0.4986997055125955
58.06	-0.6905132170348761
58.07	0.23933941435257616
58.08	2.9185990306912184
58.09	2.362365189015822
58.1	1.3257342365987013
58.11	-0.025909172174899464
58.120000000000005	-3.144111637570067
58.13	-3.4534808114649116
58.14	-5.779152324090251
58.15	-8.71391003075619
58.160000000000004	-13.735252248483741
58.17	-20.234526382114396
58.18	-22.098383920710408
58.19	-19.608171209638748
58.2	-19.35322404843649
58.21	-15.923686549552695
58.22	-15.75150381426675
58.230000000000004	-9.790439192018738
58.24	-10.062015154609583
58.25	-8.65678067018856
58.26	-6.727779209913148
58.27	-8.272647469259233
58.28	-8.891277712985065
58.29	-9.522839062983644
58.300000000000004	-7.526779925933434
58.31	-10.165462560814994
58.32	-6.341692826130824
58.33	-3.1525622898850223
58.34	-0.8321864155884294
58.35	-2.470653144672055
58.36	-0.4269247138737229
58.370000000000005	-1.4647023119537206
58.38	-8.78926078685941
58.39	-9.163338960021353
58.4	-11.12035530692786
58.410000000000004	-10.173190604039062
58.42	-11.889635972433057
58.43	-11.203450903705596
58.44	-10.426106160786476
58.45	-6.975498611972779
58.46	-5.107849310418975
58.47	-2.9227091472586544
58.480000000000004	-2.3636985508292914
58.49	-4.289179213917933
58.5	-5.25013648198923
58.51	-9.067837145658745
58.52	-7.800514975879333
58.53	-6.078388650119546
58.54	-6.058895096182245
58.550000000000004	-1.1904621300699056
58.56	-1.7369695389912378
58.57	-7.33721847242444
58.58	-6.7871464489961
58.59	-7.476155938144786
58.6	-8.327713041895647
58.61	-7.0334808373802415
58.620000000000005	-5.98022556679225
58.63	-4.087928749150595
58.64	-3.5735267166178906
58.65	-3.0649137176372934
58.660000000000004	-2.945450528044432
58.67	-3.226531439583592
58.68	-3.711232895095557
58.69	-5.329031151154843
58.7	-4.574363975930029
58.71	-3.8427632511138485
58.72	-2.0140659261399363
58.730000000000004	-4.183605428526168
58.74	-4.256484029195962
58.75	-3.3268474615854933
58.76	-6.927755033778217
58.77	-6.468541839721693
58.78	-4.531447373914562
58.79	-1.4115021810241926
58.800000000000004	-4.252801042692295
58.81	-4.098229928730506
58.82	-3.200067919275105
58.83	-5.353286350021307
58.84	-2.267658557148027
58.85	-3.5123278594034866
58.86	-6.250960375010707
58.870000000000005	-8.043869691983478
58.88	-9.330669245086032
58.89	-7.178881077871369
58.9	-6.8366511142532085
58.910000000000004	-11.48257560506762
58.92	-14.806716058473782
58.93	-14.861100893855326
58.94	-9.565188452492754
58.95	-7.516907242414583
58.96	-7.27011020329275
58.97	-7.263691735462444
58.980000000000004	-4.915084361467974
58.99	-6.16564866657459
59.0	-10.300560003818296
59.01	-9.553445700380333
59.02	-7.763992229147635
59.03	-7.729261982645499
59.04	-5.774709318386028
59.050000000000004	-6.716419996284705
59.06	-3.0326943360826117
59.07	-2.602758838434501
59.08	-3.9904724547219326
59.09	-4.499965115606662
59.1	-5.999732953370108
59.11	-4.081027409599042
59.120000000000005	2.1928369232324814
59.13	3.8082199014775506
59.14	2.972723250724234
59.15	6.4784134993807685
59.160000000000004	8.090736238884414
59.17	8.62064065081755
59.18	12.969934250781138
59.19	16.98928126199348
59.2	15.710143211190415
59.21	13.64392372588021
59.22	9.789458547469444
59.230000000000004	10.539882020456764
59.24	9.872956691742937
59.25	6.518767075803389
59.26	5.315005899446469
59.27	2.0151648316362647
59.28	-0.5068360690436651
59.29	-2.4676200917985107
59.300000000000004	-0.5794519776034449
59.31	2.6511628458329266
59.32	3.675566705065085
59.33	0.8550860965752001
59.34	-3.0779903984154626
59.35	-4.76739371096865
59.36	-5.420019993624383
59.370000000000005	-10.66487380372562
59.38	-13.254379953801633
59.39	-9.445476123376872
59.4	-14.39891530460622
59.410000000000004	-11.763921735720244
59.42	-7.7939541688675
59.43	-8.929992610677989
59.44	-8.264397319019611
59.45	-9.68763582729102
59.46	-15.257739094310477
59.47	-17.64209237135208
59.480000000000004	-16.6343055019379
59.49	-13.718312361755117
59.5	-17.569161265090727
59.51	-13.021338521761786
59.52	-12.752955668378794
59.53	-9.39586064007559
59.54	-8.226784298891529
59.550000000000004	-15.869513202081444
59.56	-17.012892332250328
59.57	-14.351169087340825
59.58	-14.02884709491804
59.59	-12.972163042321972
59.6	-17.24342630860927
59.61	-16.232759028930293
59.620000000000005	-18.30850318083927
59.63	-14.423356225543086
59.64	-11.634998615723376
59.65	-9.631346601046515
59.660000000000004	-13.26472028575958
59.67	-9.669775806711305
59.68	-6.766059218518962
59.69	-4.352243339443538
59.7	-2.8920342622135276
59.71	-3.1869466248340816
59.72	-3.685482382987493
59.730000000000004	-3.9763337902869664
59.74	-0.9067514596716266
59.75	-3.6366614205036654
59.76	-2.9529669696446623
59.77	-4.076377939815514
59.78	-1.8573668975149997
59.79	-0.7307677663208909
59.800000000000004	0.7889065711503108
59.81	3.1639071130285936
59.82	6.138496238595222
59.83	7.510289954048177
59.84	4.127368322996228
59.85	4.825274639040938
59.86	4.855754126543729
59.870000000000005	6.505241656171451
59.88	2.917388330644164
59.89	3.227615565342621
59.9	2.5838364642219096
59.910000000000004	-2.593728220372047
59.92	-5.44721157506119
59.93	-7.158901117295402
59.94	-5.064023430797939
59.95	-3.8872911835194937
59.96	-6.982819343720439
59.97	-8.666058825660889
59.980000000000004	-11.295669036190231
59.99	-14.548109265339646
60.0	-11.35833972101639
60.01	-12.637476164144658
60.02	-15.01526718869515
60.03	-14.139665568026235
60.04	-14.356343518442033
60.050000000000004	-18.246405386804565
60.06	-14.479283360592586
60.07	-11.476007116765484
60.08	-9.326220467947232
60.09	-6.569688036039888
60.1	-7.318139262225284
60.11	-8.144704620602608
60.120000000000005	-7.099218197005969
60.13	-6.706354983924888
60.14	-6.743000713840509
60.15	-4.677696288345391
60.160000000000004	-3.8435771797076006
60.17	-5.906956492428244
60.18	-10.236263832807865
60.19	-11.45637309015921
60.2	-9.7208156885097
60.21	-6.603060112563568
60.22	-7.181812197656034
60.230000000000004	-12.958628736919882
60.24	-14.041409450188649
60.25	-20.89000723559726
60.26	-13.381301066475892
60.27	-10.307070053267287
60.28	-9.586822868022745
60.29	-8.110407378366084
60.300000000000004	-7.747727267697989
60.31	-4.0735428189273435
60.32	-7.072596913349045
60.33	-13.243162927899103
60.34	-11.62751421883356
60.35	-9.77388450850227
60.36	-11.895827523038989
60.370000000000005	-12.792341658628496
60.38	-10.357979312451395
60.39	-8.018912142840124
60.4	-13.2275551982141
60.410000000000004	-14.045343220395624
60.42	-9.89560758108585
60.43	-8.995324031768169
60.44	-8.03512052986705
60.45	-7.253218817275698
60.46	-3.8790238821638394
60.47	-2.1805387766809816
60.480000000000004	-2.1698798466303226
60.49	1.9972512803656868
60.5	2.694576900590421
60.51	4.516124011294431
60.52	0.46717362266402435
60.53	0.46131416622843063
60.54	-1.5875159169896538
60.550000000000004	-4.319143224282272
60.56	-10.198583995836792
60.57	-11.455597611501636
60.58	-23.482290016803866
60.59	-23.14628512299327
60.6	-18.06880403191603
60.61	-16.236674078357602
60.620000000000005	-20.122109642907933
60.63	-15.16686212076401
60.64	-15.788696795988882
60.65	-22.387088138289254
60.660000000000004	-18.874740589626033
60.67	-19.16648292833655
60.68	-17.044951258072555
60.69	-15.92111713074692
60.7	-21.047625965313966
60.71	-16.145452642656316
60.72	-13.97519847085631
60.730000000000004	-10.512257389033284
60.74	-8.462149668608754
60.75	-7.3561203255905125
60.76	-7.604874419142104
60.77	-10.409915442406374
60.78	-10.620046962078854
60.79	-7.774357706653927
60.800000000000004	-6.707110496775968
60.81	-6.048304280237741
60.82	-17.336874392972213
60.83	-15.088337138904294
60.84	-17.068599180690107
60.85	-14.636602366839886
60.86	-14.236793554100434
60.870000000000005	-17.249974001960165
60.88	-14.216316686532624
60.89	-15.455158521496772
60.9	-12.908492229455275
60.910000000000004	-11.515659061002467
60.92	-10.656259647836706
60.93	-11.95675544559462
60.94	-12.574046198719287
60.95	-9.14539230057186
60.96	-11.76255119742503
60.97	-11.229675199750233
60.980000000000004	-12.148446753765207
60.99	-11.17889418433935
61.0	-9.116646961479622
61.01	-6.837778914114672
61.02	-1.6707111210921497
61.03	2.6379310150065702
61.04	7.108825598327378
61.050000000000004	7.094990181370104
61.06	4.4977104442791545
61.07	8.559500802009437
61.08	6.737594262247675
61.09	3.8225030825956448
61.1	3.708253357919683
61.11	4.765521928799118
61.120000000000005	4.21953574768323
61.13	4.216305292034094
61.14	6.90993720933728
61.15	5.5524152295314675
61.160000000000004	2.9745362028438276
61.17	3.281610321719446
61.18	3.3870197708233567
61.19	3.6991999094500927
61.2	4.793441125478867
61.21	4.964772547083402
61.22	4.192158394939862
61.230000000000004	7.117557867362369
61.24	5.846030047695802
61.25	2.9395817895649183
61.26	-0.11649190524333493
61.27	-3.5781183774776246
61.28	-1.926203976918882
61.29	-3.438229117310892
61.300000000000004	2.1064531667073836
61.31	0.006257037306168517
61.32	-3.551171507625634
61.33	-4.82318580036801
61.34	-7.158929691699274
61.35	-18.976279880134367
61.36	-17.709837155906524
61.370000000000005	-17.956184586584797
61.38	-14.278040996685549
61.39	-12.279227817086346
61.4	-8.203012069288853
61.410000000000004	-9.097430151834052
61.42	-9.877657936610422
61.43	-8.65128827739078
61.44	-7.479056949714222
61.45	-5.3928542403077495
61.46	-8.605785573315039
61.47	-7.0653873987969495
61.480000000000004	-3.587015811511324
61.49	-3.7980615238611577
61.5	-4.829989124485274
61.51	-4.644589481171941
61.52	-4.265918353271242
61.53	-5.136330217916472
61.54	-4.330286638868131
61.550000000000004	-5.364020447968743
61.56	-6.837015250725233
61.57	-6.866809445735815
61.58	-6.351432189110127
61.59	-6.903636718879354
61.6	-6.2188207910063475
61.61	-9.270562857409733
61.620000000000005	-11.635661458291844
61.63	-8.7778688729651
61.64	-9.753598584111883
61.65	-9.594845635865358
61.660000000000004	-10.366176664697566
61.67	-11.497604861638733
61.68	-9.3956505062838
61.690000000000005	-6.303788538270758
61.7	-5.015147431216186
61.71	-4.2082693810526255
61.72	-10.408854502063928
61.730000000000004	-9.349710302085356
61.74	-6.0189452277157125
61.75	-4.628457632384933
61.76	-0.8735089934791693
61.77	-3.8415342555768994
61.78	-1.067502304142767
61.79	-0.4631851467184694
61.800000000000004	-0.7800088053889294
61.81	1.1655523261772904
61.82	3.3092546314465836
61.83	2.6403684210370573
61.84	3.04534412231871
61.85	0.8514965368335548
61.86	5.485005481364848
61.870000000000005	6.3256857393678025
61.88	3.889258645191759
61.89	2.398831597729014
61.9	4.607772260155465
61.910000000000004	4.974507447987661
61.92	5.722789258383102
61.93	3.9978029782989566
61.940000000000005	3.651068212822041
61.95	6.371041771483935
61.96	8.004387179174607
61.97	8.747083451283807
61.980000000000004	13.037299149120333
61.99	22.843364349487153
62.0	22.283053169511444
62.01	18.61997938900341
62.02	18.833596573155965
62.03	18.119261495042224
62.04	14.046388323311755
62.050000000000004	13.78018097419911
62.06	12.719258958323078
62.07	13.487482052464264
62.08	15.17182286240719
62.09	11.503263182091269
62.1	9.447423863599505
62.11	12.745709706059682
62.120000000000005	15.545509077130916
62.13	14.826972339048679
62.14	16.975767718663644
62.15	18.473447735241443
62.160000000000004	16.958060007900325
62.17	15.979678585117734
62.18	14.553839597871638
62.190000000000005	10.849338397289594
62.2	12.15221807616391
62.21	16.00649099932281
62.22	12.29269248463828
62.230000000000004	9.330091178022158
62.24	12.070817596508762
62.25	9.660789668642051
62.26	7.776061323300418
62.27	6.223389259375036
62.28	4.358762327438929
62.29	2.173765099470445
62.300000000000004	-0.6584560795636446
62.31	-1.6895912613273951
62.32	-2.8414674816083982
62.33	-6.629453665008389
62.34	-7.583271704242468
62.35	-6.830402190088465
62.36	-4.950040749034364
62.370000000000005	-4.770484342195202
62.38	-7.989682616349439
62.39	-7.712671449241896
62.4	-7.276194980277954
62.410000000000004	-5.140386564952593
62.42	-1.4202806167686897
62.43	2.236287904155812
62.440000000000005	5.173023435966921
62.45	2.6526050776030923
62.46	3.7415455665824515
62.47	7.199240371599707
62.480000000000004	8.17870285526367
62.49	7.21485628431081
62.5	6.2896666448822955
62.51	13.765552251925843
62.52	10.844543140677816
62.53	8.378949841079761
62.54	6.575468885132699
62.550000000000004	3.6929952676413165
62.56	1.7988332854763818
62.57	0.4745735787313616
62.58	-0.8473008526879023
62.59	0.764202729872257
62.6	4.756997299895223
62.61	8.654082071830528
62.620000000000005	8.163125782310738
62.63	6.273264345032338
62.64	6.329298784059539
62.65	6.857929242673985
62.660000000000004	7.421929989828413
62.67	7.764082637260498
62.68	6.122770989996883
62.690000000000005	4.908232218107562
62.7	5.570089993430254
62.71	4.990864598390608
62.72	5.56468348873318
62.730000000000004	8.804879607139842
62.74	12.97162888128415
62.75	11.483200878602743
62.76	8.795749756136775
62.77	11.433233581132109
62.78	12.566437630290746
62.79	11.163717835610015
62.800000000000004	15.19341470764883
62.81	13.094259681434865
62.82	16.285150878869946
62.83	12.887897592532028
62.84	12.32083060959584
62.85	10.11307713138487
62.86	9.793972346886102
62.870000000000005	5.931724909603818
62.88	5.331808288273634
62.89	6.495545679013079
62.9	5.593898220270035
62.910000000000004	4.545932408868044
62.92	2.0227978511215
62.93	-0.1885693520248981
62.940000000000005	-2.046883371776004
62.95	-1.932056468392131
62.96	-4.577300811441837
62.97	-8.849932601874407
62.980000000000004	-8.450045048262092
62.99	-4.107499712583773
63.0	-1.2964677754663405
63.01	1.4239622939383643
63.02	3.329537110015851
63.03	2.655703429110311
63.04	-0.3895703999755103
63.050000000000004	1.4917354917015357
63.06	4.619980559833212
63.07	6.216216225024133
63.08	6.319009124378183
63.09	5.538871871890051
63.1	3.814513414092524
63.11	2.134047351316397
63.120000000000005	0.8614680100193727
63.13	1.242495305415564
63.14	2.359544513069445
63.15	-1.365517332173422
63.160000000000004	-0.0188798639241478
63.17	-2.5226994988015603
63.18	-1.5565960923882003
63.190000000000005	-5.21228296441849
63.2	-5.991475698892828
63.21	-10.011096783032384
63.22	-9.330296381624535
63.230000000000004	-11.23214390753542
63.24	-14.295741419549428
63.25	-13.149379205186616
63.26	-10.178183416164096
63.27	-8.020682748310083
63.28	-6.817933108404598
63.29	-8.443588595649954
63.300000000000004	-8.566063647815593
63.31	-5.283612504306952
63.32	-5.31050465325277
63.33	-0.45171347842997017
63.34	-1.858030345745077
63.35	-1.7279169349315449
63.36	-1.5247655270480927
63.370000000000005	0.017359225447683053
63.38	-0.031306944377917485
63.39	-6.302742703311569
63.4	-13.591444116743585
63.410000000000004	-13.724563724563687
63.42	-11.164144785298774
63.43	-12.35148934035119
63.440000000000005	-9.419349739368894
63.45	-9.891953410946153
63.46	-10.870681576903689
63.47	-9.092313697626135
63.480000000000004	-6.280445883730781
63.49	-4.11547234673356
63.5	-4.539933371588737
63.51	-4.982641415111868
63.52	-4.74802949985833
63.53	-10.327243939494869
63.54	-7.388796633877674
63.550000000000004	-7.313326394478695
63.56	-7.443549349770193
63.57	-8.470892648575305
63.58	-7.893332458694623
63.59	-7.1975245001545884
63.6	-5.363491178078481
63.61	-7.025501519308071
63.620000000000005	-4.43696874575542
63.63	-6.787564515937854
63.64	-8.80528117453248
63.65	-17.14204155768749
63.660000000000004	-14.62611990761456
63.67	-16.77628144771341
63.68	-16.113371102182143
63.690000000000005	-16.27825818539069
63.7	-11.42577366051271
63.71	-14.442695760481797
63.72	-17.667189302595094
63.730000000000004	-20.65408200799601
63.74	-20.971349259859245
63.75	-19.79893511470134
63.76	-14.45860069175878
63.77	-10.936236589166217
63.78	-10.780993359224219
63.79	-10.553110222099935
63.800000000000004	-15.237561599930778
63.81	-13.230643132041765
63.82	-14.367168511002966
63.83	-15.22454830162521
63.84	-11.933813467343912
63.85	-16.928565462074772
63.86	-15.511148917828177
63.870000000000005	-12.48030625777567
63.88	-9.611294044719864
63.89	-5.421480722864272
63.9	-3.990422898914709
63.910000000000004	1.6435490073286805
63.92	2.7847903399424325
63.93	5.765607166831824
63.940000000000005	10.846472138878474
63.95	8.49851478674484
63.96	7.2885705792554685
63.97	6.437224442948657
63.980000000000004	5.463431707123049
63.99	2.121855284236943
64.0	-0.58279094846269
64.01	-0.7897254988976489
64.02	-1.5286780452557847
64.03	-1.4390327559792357
64.04	-1.2520457362669848
64.05	-2.197804007120211
64.06	0.9057949602169671
64.07000000000001	0.6175955886002973
64.08	-0.8127538244295714
64.09	-2.496713146406304
64.1	-2.5735418103688943
64.11	-1.5957552466277485
64.12	-0.2428327840745839
64.13	-0.432538460269592
64.14	1.5930443931666747
64.15	0.2697401843071763
64.16	0.7804534480116326
64.17	4.299369299531389
64.18	6.322259863783168
64.19	7.985575007151276
64.2	12.367462945320963
64.21000000000001	12.333583477742607
64.22	10.65163614706168
64.23	13.652859509202552
64.24	15.838094838262315
64.25	18.634698954952007
64.26	14.822443003437128
64.27	13.36541306052856
64.28	10.520494611272952
64.29	17.357446604699955
64.3	17.575687217822853
64.31	17.49513109281942
64.32000000000001	12.435380443120488
64.33	10.34885484344891
64.34	10.936315357147366
64.35	11.734610436674346
64.36	23.962256793821876
64.37	18.64360613343845
64.38	16.675492732385926
64.39	17.91917347895014
64.4	12.660752453814418
64.41	8.793377555847707
64.42	10.928390132461695
64.43	13.1242747415301
64.44	10.69402240905117
64.45	10.196993774911537
64.46000000000001	11.908155031096921
64.47	12.173821151789355
64.48	8.819280461837646
64.49	7.474293206575093
64.5	8.259478829307499
64.51	8.069100956311187
64.52	12.428571772368729
64.53	13.280354939513778
64.54	13.550436148195763
64.55	17.61481698784229
64.56	18.498939423047275
64.57000000000001	13.273934372393366
64.58	12.41083098187114
64.59	11.406955530927071
64.6	8.407532441720795
64.61	9.330451310058873
64.62	10.22407744186666
64.63	12.999414050027335
64.64	16.192751676823303
64.65	15.216664826421791
64.66	13.080613873612371
64.67	12.643778546586512
64.68	11.738458227434814
64.69	9.136384507003426
64.7	10.370359851806358
64.71000000000001	6.487832051406945
64.72	4.267402044578999
64.73	4.832179115779586
64.74	2.890639800073082
64.75	5.749430875196997
64.76	9.979053698303865
64.77	8.173872335673488
64.78	9.715733094354146
64.79	7.306987878628428
64.8	5.7439015375698395
64.81	6.967270540851101
64.82000000000001	6.716602270178554
64.83	5.75745213979424
64.84	5.538864267256205
64.85	6.747730239131588
64.86	4.703270061041451
64.87	8.129893819064353
64.88	6.620352261069957
64.89	5.129817664580886
64.9	3.2504035620803835
64.91	-1.2171475962486418
64.92	-3.981356894367461
64.93	-2.5900218479769497
64.94	1.3922912521285247
64.95	4.865657108510865
64.96000000000001	6.209636596378911
64.97	5.502317658578791
64.98	3.356312616463257
64.99	7.775368066683849
65.0	5.346624945209241
65.01	6.138717177374177
65.02	6.866202602255174
65.03	6.6517022930222405
65.04	5.1270915303540106
65.05	3.7865975361318918
65.06	5.125708786069477
65.07000000000001	6.446718848796351
65.08	6.915902949056175
65.09	5.096365347679481
65.1	4.309041602852169
65.11	5.070815123203632
65.12	4.58122878121626
65.13	5.7274246103131015
65.14	7.249948924613556
65.15	4.605729098271564
65.16	2.7127278177430347
65.17	2.3382626996665725
65.18	5.094963957036452
65.19	6.156225452236538
65.2	5.063321253071742
65.21000000000001	5.196752946895942
65.22	4.953273551362459
65.23	5.213428673225702
65.24	2.3593925116991583
65.25	0.7017932682163768
65.26	0.45417310009388456
65.27	-1.3004391471977546
65.28	-4.986911171857207
65.29	-5.378264031887932
65.3	0.17044101861980626
65.31	-2.3965033115469287
65.32000000000001	1.013516810454009
65.33	-0.19273402115247562
65.34	1.0807535980499794
65.35	1.6596651969611762
65.36	3.0416690090655605
65.37	1.6290388470663737
65.38	1.0704744785626772
65.39	3.5746027686873783
65.4	2.9813393710615714
65.41	1.7535802997623413
65.42	2.530732067964967
65.43	2.0334885888377836
65.44	1.1304839250876149
65.45	1.1326677569332586
65.46000000000001	1.345753931880234
65.47	4.743679977137078
65.48	6.687920107371718
65.49	4.481491397385595
65.5	3.1854940310662254
65.51	2.0870432914096098
65.52	3.6132704014440855
65.53	4.383708473258004
65.54	9.043783507529014
65.55	9.047408574656618
65.56	12.087917043244971
65.57000000000001	10.810187517385316
65.58	12.089439731238128
65.59	16.491232514707804
65.6	19.57204571482604
65.61	16.95089486073866
65.62	15.870032736596006
65.63	12.148538605214117
65.64	13.6535550622316
65.65	11.377089499015554
65.66	9.902953939893473
65.67	9.387026474907051
65.68	8.063289933673996
65.69	4.395363863908668
65.7	5.216205496833342
65.71000000000001	5.767043756272323
65.72	8.556635251124563
65.73	10.890449164168707
65.74	12.179885548687725
65.75	11.60269217943159
65.76	10.520737882429499
65.77	9.46890350011492
65.78	9.557882953775144
65.79	15.791657282448586
65.8	13.26441532210483
65.81	10.643399678476738
65.82000000000001	8.404412883562852
65.83	7.525873169100587
65.84	8.85841163517586
65.85	7.588482224746028
65.86	9.844486681630604
65.87	9.438612533020132
65.88	8.405328167647507
65.89	8.474041560237719
65.9	11.702860602204671
65.91	8.813085857744047
65.92	7.2822662632413415
65.93	15.06011081751996
65.94	16.202678652546926
65.95	13.73174486996089
65.96000000000001	9.074222112221753
65.97	7.816656687298783
65.98	8.382497833421429
65.99	7.383520531167852
66.0	8.062648465814338
66.01	9.993269209772517
66.02	6.804714970616587
66.03	4.684780380477442
66.04	4.542565505332977
66.05	4.623893306089644
66.06	5.312782499923464
66.07000000000001	6.903625805494524
66.08	1.5616445199560578
66.09	-2.341907800178224
66.1	-2.083383217888553
66.11	-0.1269429230708348
66.12	0.9552749196149323
66.13	-2.182307541135282
66.14	-2.0328221934604747
66.15	-3.3748547800859026
66.16	-7.32952555012481
66.17	-11.979624118519839
66.18	-18.035290174638735
66.19	-17.982126754631413
66.2	-14.882466842590253
66.21000000000001	-12.790070960243684
66.22	-10.238590334611391
66.23	-8.572752477410953
66.24	-9.222992069985859
66.25	-7.664179065270993
66.26	-8.881833003959462
66.27	-9.845759469571506
66.28	-6.541290281464327
66.29	-3.1182475164623766
66.3	-4.324855558116757
66.31	-5.102704994184181
66.32000000000001	-7.284106537165126
66.33	-15.381643454392329
66.34	-13.73366394666307
66.35	-14.09384187088472
66.36	-15.87173762851216
66.37	-11.87841765013164
66.38	-12.309781481739748
66.39	-15.92566696930573
66.4	-17.45822866737977
66.41	-21.73422882425772
66.42	-17.734098029895396
66.43	-14.96983395702847
66.44	-14.972376488039743
66.45	-16.73767826800621
66.46000000000001	-19.481931760714364
66.47	-16.098601717874065
66.48	-12.546742281795229
66.49	-9.956804063829685
66.5	-12.291687387810528
66.51	-14.496167779342743
66.52	-17.169932452024845
66.53	-14.136936034191015
66.54	-16.801684234974648
66.55	-16.21180249155477
66.56	-17.81162046837083
66.57000000000001	-17.619408960572006
66.58	-18.286647138486018
66.59	-12.925068009141896
66.6	-13.688782359686602
66.61	-11.52272410136577
66.62	-11.958039247868333
66.63	-11.893046151914438
66.64	-13.76618900311692
66.65	-15.288058714900021
66.66	-11.388258721283469
66.67	-12.209399622520719
66.68	-10.569414037139616
66.69	-9.959454472569083
66.7	-13.332660799657816
66.71000000000001	-10.312100599508932
66.72	-14.21740020613704
66.73	-12.347776222349324
66.74	-10.206834470693527
66.75	-6.501286452534399
66.76	-2.7243513292904527
66.77	-3.066436382397916
66.78	-3.905140967526969
66.79	-1.6915920882389563
66.8	-1.0520589058768675
66.81	0.9838876993315852
66.82000000000001	-0.13741517250928859
66.83	2.2469109521483026
66.84	2.8589804299813735
66.85	1.4942769355094636
66.86	3.4238347515471705
66.87	3.1384812668576334
66.88	1.6538751490874495
66.89	2.8828060894179157
66.9	2.1094547729822413
66.91	0.869084213494515
66.92	2.788439607103285
66.93	3.301503465543949
66.94	6.624873437729823
66.95	5.478076563510501
66.96000000000001	4.196546372880111
66.97	7.638328366306804
66.98	4.38536974944965
66.99	4.458332543297898
67.0	3.5129217193218207
67.01	2.635223744154927
67.02	6.741730161146414
67.03	7.819657453416886
67.04	6.586902025632334
67.05	3.891137443584545
67.06	6.298073914915749
67.07000000000001	9.422475361147436
67.08	17.38297578680852
67.09	24.890782292197024
67.1	26.400006784807566
67.11	24.410590066821474
67.12	20.451242908950654
67.13	13.523042897320995
67.14	10.404295146618885
67.15	10.500045530539355
67.16	11.059009851724054
67.17	13.876257225121408
67.18	16.6269756983882
67.19	14.955122094734108
67.2	18.34017388599262
67.21000000000001	27.250578708410607
67.22	23.811467961066658
67.23	19.447785826814187
67.24	21.51271881214807
67.25	16.989641127883598
67.26	14.185776475966595
67.27	19.440644553885324
67.28	19.72193945419099
67.29	17.00101365557313
67.3	16.883193660142197
67.31	12.727832488616547
67.32000000000001	9.951710828590322
67.33	6.6691303463229605
67.34	7.8808569967112625
67.35	6.045292732341868
67.36	8.32944198950351
67.37	6.614555761789213
67.38	5.146489418448292
67.39	3.6320778622292815
67.4	5.539791748355776
67.41	1.9982890406325409
67.42	-1.2812481682221168
67.43	-1.5148474717503857
67.44	-0.08594142403043341
67.45	1.3235045749395937
67.46000000000001	3.2397924032188548
67.47	6.422134772492382
67.48	4.5228684368576255
67.49	4.210316873140391
67.5	-0.07379939073572224
67.51	3.284224538306973
67.52	2.8555293483702977
67.53	5.077006338740624
67.54	5.979447469442278
67.55	0.00600225814174821
67.56	3.2088479432146886
67.57000000000001	11.093604399701647
67.58	8.257027268464597
67.59	7.4597747451092955
67.6	4.346353613837183
67.61	6.72544418533551
67.62	3.720416115966444
67.63	6.290671920213764
67.64	11.336630427692135
67.65	8.576920701104836
67.66	4.9641583587983
67.67	5.1253317254713
67.68	5.5126546434763455
67.69	4.648166825508851
67.7	3.193565037481011
67.71000000000001	4.103798644213092
67.72	2.3956612371464177
67.73	0.08881295740711834
67.74	-0.2460731417382462
67.75	0.7743848791821906
67.76	-1.3415993210859223
67.77	1.070313362358272
67.78	-1.8204384186612497
67.79	-1.0605141468906123
67.8	-0.9047041422028562
67.81	-4.151000703568035
67.82000000000001	-2.863996351858363
67.83	-4.566515244528033
67.84	-4.388760919006139
67.85	-5.12133759832977
67.86	-6.302840691508249
67.87	-3.33269868196027
67.88	-16.48125976588207
67.89	-12.827108194764222
67.9	-10.137329913159867
67.91	-13.108947096912658
67.92	-9.855117994314739
67.93	-6.789308964395395
67.94	-3.1659612145670426
67.95	-9.739434787068623
67.96000000000001	-11.72243206103313
67.97	-11.716856350634483
67.98	-11.972042399591489
67.99	-9.656474741177863
68.0	-8.651791996424853
68.01	-6.482083772671336
68.02	-9.801759241166728
68.03	-11.62575137979611
68.04	-10.616638608094611
68.05	-9.997140597677422
68.06	-7.789412905358572
68.07000000000001	-4.3645111400564955
68.08	-5.665564748820623
68.09	-6.806697046916381
68.1	-8.06791657377726
68.11	-15.92240172362876
68.12	-10.916398370954585
68.13	-7.951894802405197
68.14	-8.968172286266107
68.15	-7.9092672229079914
68.16	-7.072085752438556
68.17	-6.963282699710435
68.18	-9.329738190301965
68.19	-8.181728349964198
68.2	-7.450329431901138
68.21000000000001	-9.070804575568266
68.22	-11.295375169330056
68.23	-9.702408923096076
68.24	-10.075721077362667
68.25	-9.20829282514575
68.26	-7.0916647234525625
68.27	-8.959308603837636
68.28	-8.965114365079215
68.29	-14.577005091315723
68.3	-15.785135488545983
68.31	-13.592075765388307
68.32000000000001	-15.400826143275546
68.33	-11.59138601625206
68.34	-12.187994062509029
68.35000000000001	-12.655281337817359
68.36	-15.207896093568895
68.37	-13.309134828510542
68.38	-13.246273525037084
68.39	-9.039638998415167
68.4	-7.184117808106403
68.41	-5.635119796632653
68.42	-5.809928418286771
68.43	-12.012454763273958
68.44	-9.779809230548828
68.45	-8.67401366356799
68.46000000000001	-7.82326284200421
68.47	-7.22610665872585
68.48	-9.254841072196575
68.49	-15.749901265193323
68.5	-13.66340155831669
68.51	-14.260657446485617
68.52	-10.420285618093883
68.53	-5.802420848185354
68.54	-9.568642643661308
68.55	-15.327535982333828
68.56	-20.353688209760794
68.57000000000001	-20.52542991227021
68.58	-16.53349741807269
68.59	-15.587142716699436
68.60000000000001	-14.68470324445168
68.61	-16.144383672456392
68.62	-17.385788171541993
68.63	-14.962628160497406
68.64	-13.617760425127768
68.65	-12.414960638364525
68.66	-11.711014447252165
68.67	-7.87761950715208
68.68	-5.035627244170002
68.69	-2.4449670494089064
68.7	-3.5700373968867116
68.71000000000001	-2.8893949403949075
68.72	2.3425363325468918
68.73	-0.22940592648426494
68.74	0.4703618473682962
68.75	1.2590509716879639
68.76	1.67183229313418
68.77	1.826245687456518
68.78	4.41334688677222
68.79	1.0578525603897666
68.8	3.3311172134213423
68.81	2.8218452726000347
68.82000000000001	0.8638542908659271
68.83	2.180719136081385
68.84	3.1918265789518387
68.85000000000001	-0.7036174366704162
68.86	0.9401882467331194
68.87	1.8762736318632447
68.88	-0.16158284904785236
68.89	1.4815917534846774
68.9	1.5535276544568775
68.91	0.7862409348932773
68.92	4.667587590925597
68.93	5.74833867088191
68.94	9.505994647153011
68.95	8.966680922831005
68.96000000000001	7.877419217131951
68.97	5.981632658504807
68.98	4.823922519953082
68.99	5.1359886178410665
69.0	4.554060676466028
69.01	6.655321045762013
69.02	8.496619214889256
69.03	11.226342822508947
69.04	12.06008545047084
69.05	9.54914752043203
69.06	10.967963587307613
69.07000000000001	9.166500591631843
69.08	15.731772877837148
69.09	15.851663958596447
69.10000000000001	13.544286439870387
69.11	11.54521719331639
69.12	11.02943781913293
69.13	8.5688568411684
69.14	8.090831630334913
69.15	6.781544260095879
69.16	7.593467319645201
69.17	17.356918750317604
69.18	19.39578072960226
69.19	17.42808133776771
69.2	25.384711189395425
69.21000000000001	23.518256588308027
69.22	18.37779397429089
69.23	16.477273365868065
69.24	15.353577204156524
69.25	17.168312179231016
69.26	16.616770678078872
69.27	17.84375967267077
69.28	18.095365522606695
69.29	18.349758320194116
69.3	12.831157397787946
69.31	9.894535110454397
69.32000000000001	7.085694926276424
69.33	9.651510564169536
69.34	11.2799101754584
69.35000000000001	7.3278349283470705
69.36	8.582792756597788
69.37	20.62786908109226
69.38	23.258283779090547
69.39	18.068952960160882
69.4	16.299277739172883
69.41	13.951319187173988
69.42	13.6359713618692
69.43	13.564312651645777
69.44	14.564279047550544
69.45	12.33602756993887
69.46000000000001	10.853195289975934
69.47	11.912537441106734
69.48	18.7735218718354
69.49	18.60432830518372
69.5	19.604528942275437
69.51	17.68299189163645
69.52	13.539427445069323
69.53	20.996187493047742
69.54	16.9296270489091
69.55	25.787189666679996
69.56	19.715302818914704
69.57000000000001	19.157755693698533
69.58	23.24911527746311
69.59	19.774007817887217
69.60000000000001	15.383840564193944
69.61	15.711137836841356
69.62	15.203768324589038
69.63	11.222861331832398
69.64	9.494983859708627
69.65	12.277371246608697
69.66	9.76214701332149
69.67	9.474132912027672
69.68	7.524822201430876
69.69	2.525749316801048
69.7	6.4217217397267
69.71000000000001	5.593004775632407
69.72	4.278810882128073
69.73	1.8701627255747844
69.74	3.4524301797291783
69.75	3.3481830359217
69.76	3.770256123333141
69.77	5.623015152754092
69.78	3.7996564133732504
69.79	3.0372753929324254
69.8	-0.8783476803194041
69.81	-4.65887442829028
69.82000000000001	-9.883004434686168
69.83	-12.575233916472813
69.84	-8.752571824821015
69.85000000000001	-12.40899599402467
69.86	-13.270352773163745
69.87	-15.96009176359445
69.88	-19.407211808904826
69.89	-16.668735500270753
69.9	-18.551308322607237
69.91	-21.709800085362016
69.92	-18.752762373497376
69.93	-18.83100017363427
69.94	-16.75569680573537
69.95	-14.478738859702698
69.96000000000001	-15.34795221615726
69.97	-14.23626033802519
69.98	-13.27861366120489
69.99	-13.26248936079587
70.0	-17.176982232448907
70.01	-24.36793339972117
70.02	-23.070854750704903
70.03	-22.45472574157167
70.04	-21.7762209279644
70.05	-19.731852251325193
70.06	-15.674589895368937
70.07000000000001	-12.391509007836705
70.08	-14.750631599811312
70.09	-14.938563200075992
70.10000000000001	-18.079182103974617
70.11	-16.529124199141403
70.12	-17.619594643357267
70.13	-24.06924828590272
70.14	-25.644348227356403
70.15	-23.431921087035438
70.16	-18.963251170742712
70.17	-19.62273733797483
70.18	-18.882533933454464
70.19	-16.19801897914743
70.2	-15.485462977001928
70.21000000000001	-17.716629823171886
70.22	-14.840382310061171
70.23	-13.702539514421783
70.24	-10.697803320069744
70.25	-9.120473231676746
70.26	-7.43975026678889
70.27	-4.1216757770958035
70.28	-5.46978417203008
70.29	-4.139122594908346
70.3	-8.17350812355158
70.31	-13.972208999847474
70.32000000000001	-9.227092440330674
70.33	-11.509236744826936
70.34	-10.092052362809769
70.35000000000001	-8.781335900851698
70.36	-9.019485783449694
70.37	-7.232352319387818
70.38	-7.123214140830965
70.39	-7.596829989125463
70.4	-6.8376660867854735
70.41	-5.596532734615975
70.42	-6.197960490106889
70.43	-2.61674961183817
70.44	-4.897744183143908
70.45	-6.473859363150169
70.46000000000001	-9.621490319855262
70.47	-6.5739818577751326
70.48	-5.83407514788201
70.49	-3.8377209840555295
70.5	-3.875978848131163
70.51	-2.2989732568720562
70.52	-5.905760043811223
70.53	-6.53083870141455
70.54	-9.417017792801053
70.55	-10.360445702757804
70.56	-8.028767953512412
70.57000000000001	-5.296228515459657
70.58	-5.535456021244733
70.59	-6.317969528731377
70.60000000000001	-10.876269331491642
70.61	-23.018998799289218
70.62	-19.24284486721699
70.63	-18.603033120286018
70.64	-14.61391940679355
70.65	-11.343580389390866
70.66	-9.363400036510143
70.67	-11.202971630442121
70.68	-11.722771754817813
70.69	-10.856720398440915
70.7	-8.454982416314145
70.71000000000001	-12.528489454625449
70.72	-18.095216543070492
70.73	-14.999577712523047
70.74	-13.149077274362458
70.75	-8.224720169103454
70.76	-11.874627474509373
70.77	-8.476008073901479
70.78	-4.150217670092697
70.79	-2.5337490968209364
70.8	-1.9585345037661128
70.81	-3.0089318979356645
70.82000000000001	-8.219888883400701
70.83	-5.418892283144036
70.84	-4.203416303643887
70.85000000000001	-1.8836433039798313
70.86	-2.2143420565863505
70.87	0.133091257890159
70.88	0.9651902996671108
70.89	-0.13790415406526133
70.9	-0.5961746020438587
70.91	-2.4939908169347014
70.92	-2.918954546045975
70.93	-3.2252075407151657
70.94	-5.794808477792843
70.95	-6.752425404295477
70.96000000000001	-4.401209731162235
70.97	-6.693859403861303
70.98	-6.217147559080421
70.99	-4.440588235690117
71.0	-4.605239337918275
71.01	-3.8790031622348455
71.02	-1.1666287714936587
71.03	2.1781902061086442
71.04	0.36361778089848956
71.05	0.4763558261251238
71.06	1.1630715076638511
71.07000000000001	-0.41248741931840816
71.08	-4.694371895447655
71.09	-9.173900070073007
71.10000000000001	-7.775770278919902
71.11	-11.253906164752696
71.12	-12.191928902979289
71.13	-12.80939662585543
71.14	-11.28118374854001
71.15	-9.659818692287
71.16	-13.551135238705843
71.17	-9.820226534026757
71.18	-11.136432096425853
71.19	-14.990775170282207
71.2	-15.90948485930843
71.21000000000001	-11.95580793899948
71.22	-9.457751855889812
71.23	-9.828798514061177
71.24	-13.473594552120064
71.25	-15.984376174103133
71.26	-12.635203667719425
71.27	-12.456162858286152
71.28	-12.837266389241638
71.29	-12.056519789132077
71.3	-15.09101722365379
71.31	-15.693392390486155
71.32000000000001	-14.068177031748723
71.33	-12.399906850694698
71.34	-16.51488724022283
71.35000000000001	-19.771272380568345
71.36	-18.63430561490565
71.37	-19.17900877534936
71.38	-23.710402175816668
71.39	-22.26201952389544
71.4	-16.932817381696626
71.41	-12.969102591775115
71.42	-10.748807753670869
71.43	-17.865237344680196
71.44	-13.594186584596624
71.45	-13.08116588033223
71.46000000000001	-10.929006913700526
71.47	-12.324571441503073
71.48	-14.030715646335874
71.49	-11.089654774130908
71.5	-11.860943993968421
71.51	-12.714655360303949
71.52	-14.772921189053564
71.53	-14.01436424246869
71.54	-9.39781618274204
71.55	-10.224445774691198
71.56	-9.282557305665444
71.57000000000001	-6.639898201960295
71.58	-8.155847096360908
71.59	-7.382228140094406
71.60000000000001	-6.755493029424733
71.61	-12.440666487833957
71.62	-15.688438418796018
71.63	-15.018670441903136
71.64	-15.204942848238758
71.65	-13.297681625110444
71.66	-12.2806573970772
71.67	-13.211428914828474
71.68	-11.691539802245364
71.69	-14.724698894760031
71.7	-17.059422481468115
71.71000000000001	-15.199348292125924
71.72	-13.200584547465471
71.73	-17.36027805125751
71.74	-16.74170039161657
71.75	-20.3841352093983
71.76	-16.578840356402594
71.77	-13.808346829178268
71.78	-13.335343194018604
71.79	-14.53195874700805
71.8	-18.428449992103268
71.81	-16.156156903228663
71.82000000000001	-13.723171193387817
71.83	-11.365511727613375
71.84	-9.811090993571483
71.85000000000001	-12.030696294617558
71.86	-8.531931792271084
71.87	-4.818422330609597
71.88	-9.493442060521206
71.89	-13.283638304395557
71.9	-11.794486573196693
71.91	-10.171924583435546
71.92	-8.276818350415528
71.93	-6.278115651192301
71.94	-2.918625148583874
71.95	0.5324030938179766
71.96000000000001	-1.0383783995423204
71.97	-1.5802424211323574
71.98	-0.725050978691603
71.99	0.02720166839750289
72.0	0.5343807135674852
72.01	6.055057870836003
72.02	4.9320568470241986
72.03	1.708472871667948
72.04	-0.19311630800189364
72.05	-3.8638713443332913
72.06	-3.147844394759674
72.07000000000001	-5.026740412253897
72.08	-6.552213698511644
72.09	-5.973137002909538
72.10000000000001	-10.673186213286304
72.11	-11.177695624935815
72.12	-8.616372196301546
72.13	-6.089293257417229
72.14	-8.445496269274344
72.15	-8.020533003517846
72.16	-9.636569307953017
72.17	-11.359985221888255
72.18	-13.145557269601317
72.19	-9.863623784341371
72.2	-9.301576774647142
72.21000000000001	-14.381107624618267
72.22	-11.027941671046118
72.23	-10.078114630476163
72.24	-17.842750122253044
72.25	-12.198552612408218
72.26	-12.821411533162491
72.27	-13.493849724231879
72.28	-15.631188857446121
72.29	-16.934083813842356
72.3	-18.5162067525561
72.31	-18.89532356385942
72.32000000000001	-21.027229726656063
72.33	-33.218695511196245
72.34	-25.698818794042253
72.35000000000001	-21.70971658497024
72.36	-22.474812746376863
72.37	-25.63830637493623
72.38	-29.74514764081113
72.39	-25.460707910796355
72.4	-23.620216503778785
72.41	-23.922668703568835
72.42	-24.00297577683478
72.43	-17.485989939968768
72.44	-13.407804973139042
72.45	-10.701933578690042
72.46000000000001	-11.312520431634367
72.47	-12.681879288784165
72.48	-19.346684117665085
72.49	-14.739410206157892
72.5	-12.290154223658506
72.51	-9.831609137092633
72.52	-12.589010197600937
72.53	-10.12386714056902
72.54	-10.045381225135865
72.55	-5.7448688234715934
72.56	-8.255161946635608
72.57000000000001	-7.642248736925126
72.58	-8.169922118464024
72.59	-8.334835617297236
72.60000000000001	-10.588323146401594
72.61	-8.401951551316346
72.62	-7.982974673561892
72.63	-10.366489901910171
72.64	-12.33462261790821
72.65	-12.293685302752717
72.66	-10.636430733200045
72.67	-9.473602942073608
72.68	-9.958344103235012
72.69	-10.351018035012434
72.7	-19.58302222695225
72.71000000000001	-14.714913840164657
72.72	-13.70549946236497
72.73	-13.768430592147277
72.74	-18.61054163184231
72.75	-14.687328617881782
72.76	-13.947647543885184
72.77	-16.331024326454237
72.78	-17.021485148581622
72.79	-16.93427941784844
72.8	-19.239548211578363
72.81	-23.273684636124344
72.82000000000001	-16.87941231972221
72.83	-12.55820255119481
72.84	-9.822669685737253
72.85000000000001	-11.484037336221931
72.86	-7.52550219098394
72.87	-5.7640699749260875
72.88	-11.39230055199719
72.89	-8.431126923253137
72.9	-8.541733546461336
72.91	-7.456784094418982
72.92	-4.866567980865049
72.93	-2.6766604473401303
72.94	-2.8840090376324783
72.95	-2.292574499357753
72.96000000000001	-3.750894530888709
72.97	-7.341414664273934
72.98	-12.218441748018241
72.99	-22.372932118670402
73.0	-21.045336663498226
73.01	-20.428574266014778
73.02	-17.499590530367957
73.03	-15.405443632119757
73.04	-12.905196520018945
73.05	-10.102516555291789
73.06	-12.990563258326825
73.07000000000001	-15.047706844205816
73.08	-20.062963126346077
73.09	-15.880567927404947
73.10000000000001	-17.513298457542902
73.11	-12.253539210040055
73.12	-11.17166156121748
73.13	-13.237311785957345
73.14	-11.784175336422374
73.15	-16.802570508756784
73.16	-14.448985042576725
73.17	-15.159312118856146
73.18	-12.599806064048334
73.19	-9.08089198142884
73.2	-8.712636499480293
73.21000000000001	-11.520069272512865
73.22	-8.286126648062504
73.23	-8.315531768059124
73.24	-9.204939590836837
73.25	-5.413185443421629
73.26	-6.144933389291154
73.27	-6.7913271105620225
73.28	-9.191189768702827
73.29	-5.816166318086216
73.3	-6.04915322277792
73.31	-3.8832628274537933
73.32000000000001	-3.360423645550183
73.33	-4.8559112691243715
73.34	-3.82012287310613
73.35000000000001	-6.927847531111504
73.36	-6.006529678193849
73.37	-5.860763533343769
73.38	-7.40471897855314
73.39	-8.726499302133488
73.4	-9.114944024518792
73.41	-11.757195882195607
73.42	-19.439193609797115
73.43	-15.993234175810478
73.44	-13.981567357270691
73.45	-13.356919983161674
73.46000000000001	-12.066689701861726
73.47	-8.459715299207632
73.48	-9.092948860593742
73.49	-8.317449568480923
73.5	-7.2604725778942125
73.51	-7.069961515268706
73.52	-9.009186871457533
73.53	-12.020797276189313
73.54	-16.556613207056778
73.55	-21.39415999566111
73.56	-25.859776085810054
73.57000000000001	-25.502175022607975
73.58	-25.53344801497202
73.59	-25.06210287346254
73.60000000000001	-19.275770057997473
73.61	-13.956915246244758
73.62	-18.464891596547442
73.63	-14.828519169997682
73.64	-17.036148641947147
73.65	-15.229877933941502
73.66	-15.2656877945595
73.67	-14.331290847365986
73.68	-16.718495908147922
73.69	-14.854123119151641
73.7	-16.467243068712595
73.71000000000001	-13.040436027338009
73.72	-12.658237453965102
73.73	-13.319558074313498
73.74	-10.709313463076699
73.75	-7.612872003744509
73.76	-2.9077698923596635
73.77	-4.673536269548276
73.78	-3.982962784380251
73.79	-4.9895215667868325
73.8	-7.597686207504767
73.81	-11.05621867663413
73.82000000000001	-19.72882950478891
73.83	-32.44398776056079
73.84	-32.29704605443947
73.85000000000001	-28.797118693146324
73.86	-25.290331448278252
73.87	-25.684288767570198
73.88	-20.28505805207339
73.89	-15.930888526981736
73.9	-11.714606056866906
73.91	-10.624365504303714
73.92	-14.038436211494856
73.93	-14.108363199429451
73.94	-21.47702285322508
73.95	-23.87561037512414
73.96000000000001	-17.88642553014721
73.97	-21.247828575674863
73.98	-16.830717459075416
73.99	-13.416284348454354
74.0	-11.361604303990182
74.01	-10.618511743266064
74.02	-8.744595069017548
74.03	-6.947130993080951
74.04	-8.871938118923975
74.05	-7.993087915465512
74.06	-9.239988640736716
74.07000000000001	-19.223603711250615
74.08	-26.606116471387562
74.09	-19.470631928140754
74.10000000000001	-16.195714677942707
74.11	-15.893514021031995
74.12	-12.60057045477363
74.13	-11.170646086764206
74.14	-12.003977401754348
74.15	-12.36678003495441
74.16	-11.376994103325046
74.17	-9.262272249918928
74.18	-10.287749594335372
74.19	-10.205833625461977
74.2	-7.71055493184022
74.21000000000001	-7.851551023950843
74.22	-7.075613735298465
74.23	-11.084615837292477
74.24	-9.330395086466115
74.25	-9.409372431722323
74.26	-10.000939376002751
74.27	-9.65164304999498
74.28	-5.010925978673303
74.29	-3.0471488155828648
74.3	-1.6346777287391066
74.31	-1.5091240620076438
74.32000000000001	-0.16969928877533322
74.33	-5.228059409099983
74.34	-8.762461057973102
74.35000000000001	-11.20453272131224
74.36	-12.919356086221216
74.37	-10.09546100689487
74.38	-14.586763538647627
74.39	-14.42667391614398
74.4	-15.65932891433704
74.41	-17.010149482451908
74.42	-12.275605050030654
74.43	-9.645353191161956
74.44	-9.709916808355363
74.45	-9.517334722016471
74.46000000000001	-12.097503337461005
74.47	-12.071111069532531
74.48	-10.104669449689546
74.49	-9.018674505967512
74.5	-8.17990274103285
74.51	-3.192352722629647
74.52	-4.43362946915823
74.53	-4.233663477095233
74.54	-7.059215329829354
74.55	-10.212467492877211
74.56	-10.100731745507211
74.57000000000001	-14.636434823552616
74.58	-14.424361972543263
74.59	-15.896492855855836
74.60000000000001	-13.681110385819517
74.61	-14.527404526901499
74.62	-12.586910456160378
74.63	-15.831828619635392
74.64	-13.68739149302796
74.65	-19.174103382968593
74.66	-15.602953485297336
74.67	-16.28860238742479
74.68	-13.326739299805675
74.69	-12.776496329056215
74.7	-8.656866850976375
74.71000000000001	-9.559869583185673
74.72	-10.545833885705004
74.73	-8.108080571065527
74.74	-12.863921201420961
74.75	-11.908954681649444
74.76	-20.731534860651035
74.77	-19.07174403657549
74.78	-15.586264445314848
74.79	-12.034028711644819
74.8	-13.119674110169505
74.81	-11.834787340774682
74.82000000000001	-13.511008215548097
74.83	-12.917726789721899
74.84	-13.238344268495952
74.85000000000001	-10.293522354918933
74.86	-7.590340174907638
74.87	-9.579915020673516
74.88	-8.605382488325871
74.89	-11.17726298229842
74.9	-9.366984398434532
74.91	-10.923604002773256
74.92	-9.315392644597228
74.93	-14.425182539250004
74.94	-11.210324329116483
74.95	-10.963419450326644
74.96000000000001	-10.240138868458851
74.97	-9.053000103453703
74.98	-11.410720201444747
74.99	-8.489237940275794
75.0	-7.636548637538431
75.01	-7.863106414689744
75.02	-4.925795624440037
75.03	-2.755070145476499
75.04	-1.6057781532137938
75.05	-0.3880829938584209
75.06	-1.6949159244735483
75.07000000000001	-4.916415754912208
75.08	-8.771623492393262
75.09	-8.093122160957186
75.10000000000001	-8.295665107392274
75.11	-7.8771125104855955
75.12	-11.288185134380242
75.13	-12.115799286175887
75.14	-11.182704356539906
75.15	-9.203559265792535
75.16	-15.729516218036634
75.17	-11.837682353029889
75.18	-8.30046446930626
75.19	-13.16427204453184
75.2	-15.008429069217447
75.21000000000001	-14.269241984169504
75.22	-11.709543531891692
75.23	-16.43383384720834
75.24	-13.679502814271146
75.25	-11.432803362085107
75.26	-9.704774650517333
75.27	-5.5686030831311095
75.28	-1.528044612905437
75.29	-3.8487307390797474
75.3	-7.119060688557689
75.31	-7.785164727763718
75.32000000000001	-6.671799522781831
75.33	-7.924544590459546
75.34	-12.20179494216144
75.35000000000001	-17.78732080511726
75.36	-22.337151238273137
75.37	-17.599635759264356
75.38	-15.523498907807825
75.39	-12.391428209292402
75.4	-9.093152343944176
75.41	-4.9402452191055675
75.42	-2.7916858862531515
75.43	-4.08026829112142
75.44	-6.657343420618581
75.45	-7.327693261087794
75.46000000000001	-11.99389230916798
75.47	-9.545564288789718
75.48	-10.255841404529686
75.49	-7.739799410670706
75.5	-4.899409553604925
75.51	-5.640662526636853
75.52	-8.24812343427201
75.53	-6.479677393679282
75.54	-6.358501371846573
75.55	-8.920107131842672
75.56	-10.360907991324051
75.57000000000001	-10.347395744741558
75.58	-6.250432839839779
75.59	-6.606432664027699
75.60000000000001	-7.063249455181035
75.61	-2.046842025036604
75.62	-2.940148206733316
75.63	0.6033560948163732
75.64	1.8208876697112095
75.65	2.745945434430547
75.66	1.9945085252823207
75.67	1.073578516178767
75.68	1.4276618100339558
75.69	0.7853939154063697
75.7	2.3939323396358385
75.71000000000001	1.5717702025595028
75.72	0.7910777302118535
75.73	-5.196356174201071
75.74	-5.240763115120467
75.75	-5.934390558354573
75.76	-7.106074524083554
75.77	-6.440821205995725
75.78	-2.843788210250206
75.79	-3.0078300879571196
75.8	2.554072526910258
75.81	2.684623649836297
75.82000000000001	2.063463418628871
75.83	2.7443164375993248
75.84	0.04872753173444011
75.85000000000001	3.6976656139408917
75.86	2.795867966093771
75.87	3.808188062991027
75.88	7.490339601407054
75.89	11.48016918618254
75.9	8.649573970083935
75.91	6.7222363668307015
75.92	5.756360177025444
75.93	5.670733103954298
75.94	6.378161195991054
75.95	4.104721958747673
75.96000000000001	3.9566071684525266
75.97	7.29312325607157
75.98	8.31240306117873
75.99	9.4265910655176
76.0	11.775421879626903
76.01	7.709526791467714
76.02	5.57310745626987
76.03	8.81135560346971
76.04	7.671307246774783
76.05	5.6888980648679155
76.06	6.115251007264397
76.07000000000001	7.791024842546862
76.08	17.78619285987798
76.09	13.453753499106664
76.10000000000001	11.68306578018177
76.11	12.453498468474324
76.12	18.691437895757392
76.13	18.716055556498066
76.14	16.250967791349957
76.15	13.490564163652328
76.16	17.92697099955783
76.17	19.34867262783795
76.18	23.087638466014393
76.19	23.05709291129199
76.2	19.27251264125812
76.21000000000001	19.18989502749348
76.22	16.688093965753385
76.23	10.90036579206651
76.24	12.328489315520388
76.25	14.627923971885178
76.26	11.654505731145024
76.27	10.617341409078998
76.28	10.378204391109474
76.29	16.70575451082868
76.3	13.35167594564661
76.31	13.926031995613526
76.32000000000001	13.846977020311739
76.33	11.133781050479385
76.34	9.213636765031996
76.35000000000001	8.311141371916834
76.36	7.4673462688013075
76.37	7.253661186292048
76.38	8.169431610014259
76.39	4.201539650210874
76.4	4.070931549786551
76.41	2.0661657835508414
76.42	2.1374569130166754
76.43	0.822496982752483
76.44	-1.6870409331348875
76.45	0.0948120230292329
76.46000000000001	-0.42428323830665876
76.47	0.9406582811934874
76.48	-0.20059816819452883
76.49	2.7155411823468785
76.5	10.234167083237837
76.51	9.164382498731714
76.52	12.031665573201305
76.53	10.553789132228292
76.54	9.796777552125208
76.55	8.848106753438042
76.56	15.02980314202675
76.57000000000001	11.519041325085297
76.58	15.495664069162093
76.59	14.81896914570293
76.60000000000001	10.321993298479923
76.61	7.302942268962216
76.62	12.614543147102925
76.63	8.985678136626582
76.64	5.52758334109749
76.65	7.1535820460623265
76.66	5.024292928868996
76.67	5.920184063540351
76.68	2.7935707263973155
76.69	0.4361608741023629
76.7	-0.9109343123082141
76.71000000000001	2.5617803361543805
76.72	2.9238269219411523
76.73	1.2171126162450265
76.74	-4.237461553328141
76.75	-5.049493402855222
76.76	-6.547010381045173
76.77	-14.998074068841772
76.78	-11.470362172530665
76.79	-10.041655518998397
76.8	-10.7580682232165
76.81	-11.981875114398358
76.82000000000001	-12.08504444507045
76.83	-9.557953853863843
76.84	-7.226629031218442
76.85000000000001	-9.678137049232749
76.86	-7.50845001246467
76.87	-9.11371109624473
76.88	-3.312132952263813
76.89	-5.154238160137021
76.9	-7.1815295600556075
76.91	-15.862176150689459
76.92	-16.73076583805478
76.93	-18.270455918003414
76.94	-15.080468994450262
76.95	-23.085693202644073
76.96000000000001	-19.601842225405715
76.97	-15.247016260183836
76.98	-14.748066941758095
76.99	-12.501232515201027
77.0	-12.276123285447161
77.01	-12.773319346209268
77.02	-20.91859718080868
77.03	-16.841170468588345
77.04	-16.603069512292787
77.05	-14.244620210514231
77.06	-14.406543038045635
77.07000000000001	-14.81981555478946
77.08	-10.271477932146404
77.09	-9.053231644885935
77.10000000000001	-7.499343972437315
77.11	-8.132114572308678
77.12	-9.275064844081141
77.13	-8.817421963060504
77.14	-9.23315662270647
77.15	-6.283834829797655
77.16	-7.077379689620477
77.17	-8.471216738019494
77.18	-9.606546675756425
77.19	-10.723675034186193
77.2	-8.608060653378997
77.21000000000001	-9.260124097205033
77.22	-7.38083652585609
77.23	-7.050653083657758
77.24	-7.614546017837731
77.25	-2.332711494914477
77.26	0.605465167662034
77.27	3.5108467956485536
77.28	3.1296495352183635
77.29	3.1474374695750114
77.3	2.8204682403865764
77.31	3.151166292819022
77.32000000000001	3.4787474055110996
77.33	2.424100682396774
77.34	0.4405883375801694
77.35000000000001	0.64515977229689
77.36	-2.8453867848434076
77.37	-4.542014110759738
77.38	-4.769007695595494
77.39	-8.091144428295223
77.4	-7.188592611923662
77.41	-4.329475616324236
77.42	-2.859943969367683
77.43	-2.4400632328996568
77.44	0.7829127200901842
77.45	3.9085200912249323
77.46000000000001	3.8253260320337255
77.47	5.601254677353294
77.48	8.985303353174352
77.49	11.337164738612357
77.5	10.55084681768933
77.51	9.168284821337751
77.52	16.729141543026774
77.53	12.137156684535526
77.54	10.264493146591219
77.55	8.805242298376148
77.56	6.035902765761516
77.57000000000001	5.662611031305561
77.58	2.6445664656217107
77.59	1.0366071528261818
77.60000000000001	3.2227767333764894
77.61	3.822648771449321
77.62	2.813989563630014
77.63	6.812414539191904
77.64	8.779612477226229
77.65	8.431933038780299
77.66	7.97005717198445
77.67	6.16952618250579
77.68	5.79212933497619
77.69	5.582663366777767
77.7	4.8194012339245775
77.71000000000001	4.446142737905623
77.72	3.3699332566916733
77.73	-0.632624235958697
77.74	1.989687012741244
77.75	-0.8562952827431195
77.76	0.3239261142034941
77.77	1.6654715917857166
77.78	5.7833669889300685
77.79	14.85671333005744
77.8	26.301294311595
77.81	23.20544571896772
77.82000000000001	19.143414265707964
77.83	14.47259897174073
77.84	10.005471951306173
77.85000000000001	9.551706786074899
77.86	12.276185056935878
77.87	9.796203347979484
77.88	7.764596810406742
77.89	6.41195422437277
77.9	7.233481275677985
77.91	7.158976945568005
77.92	6.063969920786625
77.93	8.966880346839224
77.94	10.9304043141267
77.95	19.014276158666277
77.96000000000001	20.727957021773104
77.97	18.0771250496642
77.98	15.533697723314063
77.99	14.813688839733468
78.0	18.208397555995916
78.01	21.329787864777437
78.02	20.539350949079065
78.03	17.567608405507137
78.04	17.127066477406757
78.05	20.580069105664638
78.06	18.87577050354778
78.07000000000001	13.712306473209301
78.08	13.832835546346733
78.09	10.40735355336016
78.10000000000001	9.180674385644192
78.11	8.136952151502738
78.12	10.716607024590344
78.13	7.8854276943539805
78.14	3.7446276259502747
78.15	5.281808599847803
78.16	2.851251184066057
78.17	0.5374429957463668
78.18	-0.019859545331760136
78.19	3.442904560179352
78.2	4.957043673321251
78.21000000000001	6.414492936804262
78.22	6.1049479799911595
78.23	3.6474393125347073
78.24	4.486203700046102
78.25	6.056463322184996
78.26	6.539447542360103
78.27	4.883030244644758
78.28	5.472832167099149
78.29	6.978216419814961
78.3	5.973767996618633
78.31	4.313663331841509
78.32000000000001	1.3852332734586443
78.33	-0.16611770431895687
78.34	0.28166803439981436
78.35000000000001	-1.5933958719236763
78.36	-4.626269570876465
78.37	-6.351010494873688
78.38	-4.837837231232029
78.39	-0.40340287252048795
78.4	1.114753063119608
78.41	-2.7407858179555897
78.42	-3.881683801754008
78.43	-4.9816822217536885
78.44	-6.130901495448129
78.45	-8.261565873205734
78.46000000000001	-7.909773937328566
78.47	-6.38832303648206
78.48	-5.27121344489125
78.49	-6.056148049027686
78.5	-6.9034673484275695
78.51	-5.863003014582534
78.52	-10.310249209863487
78.53	-12.37450425596007
78.54	-19.377086025821484
78.55	-22.459847237195632
78.56	-17.951876652583792
78.57000000000001	-14.63741584989257
78.58	-16.286804349946088
78.59	-14.320526829772996
78.60000000000001	-12.10405372730454
78.61	-10.610741865630365
78.62	-12.40650486293985
78.63	-11.945893483116569
78.64	-12.829425500232096
78.65	-10.128872506675732
78.66	-9.28295941539711
78.67	-9.117287730231338
78.68	-12.772311513254719
78.69	-11.24326990392677
78.7	-8.802982354569002
78.71000000000001	-6.033303176828088
78.72	-6.138715595878163
78.73	-4.472895496830723
78.74	-0.5715228233844295
78.75	-1.97589901375603
78.76	-0.39059585545634284
78.77	0.9937508368551246
78.78	-1.8659734776098953
78.79	1.416875705308043
78.8	1.1408351559555634
78.81	-1.4764615199283744
78.82000000000001	-0.3579428311105122
78.83	-2.1037871489579505
78.84	-3.1395471991219295
78.85000000000001	-3.28393426555897
78.86	-2.5984270516335184
78.87	-5.92886405312186
78.88	-7.557816339214341
78.89	-8.374133760918289
78.9	-9.354298152450431
78.91	-8.57007790802509
78.92	-8.075420778062284
78.93	-7.911999570010443
78.94	-10.089891308527788
78.95	-7.763609830905305
78.96000000000001	-6.877760582700204
78.97	-8.158220998245666
78.98	-8.904070884908286
78.99	-8.63788631318949
79.0	-6.904907859719537
79.01	-5.742572082040608
79.02	-5.032202765291556
79.03	-4.969298198526355
79.04	-3.7523810687247092
79.05	-10.833696721268662
79.06	-8.949865161606242
79.07000000000001	-6.102827243883802
79.08	-5.67667305505411
79.09	-2.4620558501137366
79.10000000000001	0.8170155501018275
79.11	-1.9602295892147668
79.12	-0.7044037522307313
79.13	2.264512450143882
79.14	0.1372628198444095
79.15	1.523695372092685
79.16	1.8590787255773749
79.17	3.0700178753296883
79.18	6.970192899641157
79.19	5.110999889290104
79.2	5.402109434538911
79.21000000000001	2.056006548766484
79.22	-0.4291218068207608
79.23	2.099011032800606
79.24	3.5554573932716558
79.25	7.190483979081322
79.26	10.121921344438922
79.27	15.133963121889652
79.28	15.921486674540917
79.29	17.193315141189338
79.3	17.784200611851656
79.31	19.520055552996396
79.32000000000001	16.617873021508043
79.33	17.387571750249247
79.34	19.95826330588393
79.35000000000001	20.770561764129475
79.36	14.632126706030027
79.37	13.300610643595506
79.38	9.943260327013641
79.39	12.191513471741208
79.4	14.828941384438139
79.41	15.7699008945829
79.42	12.002076677228382
79.43	11.745450410027386
79.44	14.073390463982097
79.45	20.117092044404078
79.46000000000001	20.652816843825974
79.47	20.12585180795003
79.48	20.6736101180912
79.49	16.60127980903097
79.5	13.46372429777687
79.51	15.100686658783303
79.52	17.924190327765437
79.53	14.631655254673788
79.54	12.645190279983904
79.55	11.347758434753862
79.56	7.507742285937254
79.57000000000001	7.174304018818371
79.58	5.10205249419809
79.59	4.467396525513786
79.60000000000001	4.868192325339582
79.61	5.071371990408945
79.62	6.087329577473802
79.63	3.9123054865565807
79.64	4.152892054161245
79.65	4.184285782438549
79.66	3.7222039933773847
79.67	4.264643590398739
79.68	6.005926417637568
79.69	4.004098023767529
79.7	7.249304767801565
79.71000000000001	6.189218994523444
79.72	3.6678933010623074
79.73	1.0780668840729868
79.74	1.2508300961262966
79.75	5.439180204217778
79.76	2.3660684073721345
79.77	0.7385419752083927
79.78	1.3743938393954294
79.79	1.6517237949881889
79.8	2.531017306043098
79.81	7.003358169827527
79.82000000000001	5.216472627533835
79.83	2.6669082994782722
79.84	3.1374256436382577
79.85000000000001	2.9061488588337827
79.86	5.697011153813358
79.87	3.207269399616917
79.88	5.930248999450415
79.89	7.007840545538327
79.9	6.080400842508237
79.91	4.653550561071639
79.92	5.551245437780102
79.93	6.4909735970743325
79.94	11.024363563020415
79.95	16.188914484600854
79.96000000000001	10.534420052318612
79.97	12.872675174859976
79.98	15.595802489593279
79.99	16.308420039770525
80.0	13.12623963030004
80.01	12.343957912005049
80.02	11.612868189324873
80.03	15.749174550833098
80.04	14.380229801545072
80.05	11.452390694501988
80.06	8.744482455830685
80.07000000000001	7.647870493732337
80.08	9.624054274989279
80.09	12.290193510677671
80.10000000000001	10.104286977094736
80.11	6.838434899736831
80.12	8.659801507103584
80.13	18.43349059415792
80.14	25.092128450566936
80.15	22.654331332545976
80.16	21.052760917659416
80.17	15.54272596216313
80.18	16.382793287650564
80.19	12.586817807429421
80.2	8.431966510127207
80.21000000000001	6.05102893376316
80.22	3.426067046104169
80.23	5.251233944984526
80.24	2.970320790068363
80.25	4.6418882098090535
80.26	6.211362075900313
80.27	7.65261977007458
80.28	9.187968185431753
80.29	6.627685724721653
80.3	8.065788258387704
80.31	6.402392570869311
80.32000000000001	7.448039140367145
80.33	4.620621835587849
80.34	4.225478371121341
80.35000000000001	4.91022417394192
80.36	5.023183074029528
80.37	9.108476341035663
80.38	13.744968846613505
80.39	13.40428333694633
80.4	16.382229573508788
80.41	16.035357816392086
80.42	16.104274892270595
80.43	14.426370295643673
80.44	10.517989273112141
80.45	9.364559485481086
80.46000000000001	5.758719195645753
80.47	7.123295916987297
80.48	13.977807003745635
80.49	11.85057764451725
80.5	11.792473122802004
80.51	9.567710660421984
80.52	13.17681119927496
80.53	14.750618843838897
80.54	11.907592577313487
80.55	15.513668498961863
80.56	24.946840450054555
80.57000000000001	22.44482257968136
80.58	16.153727835612457
80.59	12.712546356107092
80.60000000000001	10.611898781229062
80.61	9.53366921993977
80.62	6.860399494702097
80.63	7.377781003207274
80.64	8.337628179410482
80.65	10.748700420602022
80.66	10.018748068368279
80.67	12.032576077575069
80.68	9.771271745535616
80.69	10.600417742367327
80.7	13.413459766382628
80.71000000000001	13.688995147851076
80.72	11.842643484031074
80.73	9.71521880795567
80.74	10.88046375798956
80.75	7.711129334790153
80.76	6.630799321251053
80.77	6.589008634393151
80.78	10.187877460980115
80.79	11.695676157348618
80.8	8.04801365676673
80.81	10.038019787763309
80.82000000000001	13.721199761032322
80.83	16.593847567868412
80.84	14.754492242896395
80.85000000000001	17.050132813701126
80.86	21.374366248161973
80.87	18.464974622525002
80.88	14.090728607161129
80.89	15.92544048480395
80.9	15.334663380655295
80.91	14.616361254089734
80.92	11.683146304585025
80.93	7.2876086322466085
80.94	3.386751834644292
80.95	2.8315311062726045
80.96000000000001	-4.027942288009164
80.97	-2.7428527534557348
80.98	-5.649995903050321
80.99	-3.689412936560115
81.0	-4.073579623917689
81.01	-4.150492238385891
81.02	-2.558550700201157
81.03	-0.8909243605548951
81.04	-1.8311002757409849
81.05	-2.186909112362207
81.06	-4.966293732778248
81.07000000000001	-3.9076331942547404
81.08	-4.714173780586988
81.09	-7.835686412621091
81.10000000000001	-9.844360242735803
81.11	-9.796935269561082
81.12	-7.866759958293901
81.13	-8.342922949582631
81.14	-9.964613752351598
81.15	-10.735113363245556
81.16	-8.52406266338056
81.17	-16.75660992809797
81.18	-12.135938795169091
81.19	-12.242289014979907
81.2	-10.940717035611192
81.21000000000001	-9.795311287391648
81.22	-10.851841931559543
81.23	-8.969525684651591
81.24	-15.610085172983167
81.25	-14.8539735360043
81.26	-11.472265169277579
81.27	-11.816348273721445
81.28	-11.036587194857074
81.29	-8.914305700071454
81.3	-8.912137315696235
81.31	-6.78127477920205
81.32000000000001	-6.26817656084283
81.33	-10.07727035388127
81.34	-6.749406981982505
81.35000000000001	-9.215578771933451
81.36	-18.435623817821913
81.37	-14.772306793189928
81.38	-15.893584342696153
81.39	-16.739054488506476
81.4	-15.068468889827079
81.41	-12.176518222069008
81.42	-12.876563120899432
81.43	-16.485664021142483
81.44	-14.261077815462254
81.45	-15.610461101467966
81.46000000000001	-14.96380666470445
81.47	-10.377526669766576
81.48	-8.950183162797723
81.49	-6.948815867597925
81.5	-11.444340315910436
81.51	-16.363066651463157
81.52	-15.70790378846439
81.53	-10.67396179449118
81.54	-11.594195044490311
81.55	-13.138539499461874
81.56	-12.35296494276573
81.57000000000001	-10.857201289678441
81.58	-10.49123379321612
81.59	-11.068282995943582
81.60000000000001	-14.092954550244942
81.61	-12.376877932028448
81.62	-14.884360750498614
81.63	-11.74278322575631
81.64	-11.05638113963175
81.65	-9.672331376739715
81.66	-10.703070497683342
81.67	-8.214501964640453
81.68	-6.2468910572669545
81.69	-6.754143282426885
81.7	-3.1989451635557153
81.71000000000001	0.4157602015395569
81.72	2.009035832065811
81.73	1.4842141241541191
81.74	-0.44497783711067945
81.75	-2.8092463583122678
81.76	-4.235437386296758
81.77	-3.394127231364152
81.78	-4.65458342679075
81.79	-2.91871203801002
81.8	-3.882336327907928
81.81	-4.544064481254269
81.82000000000001	-1.364107842115833
81.83	0.044860736462441146
81.84	1.8700579424858026
81.85000000000001	-1.0945413755427729
81.86	-3.523153824209666
81.87	-3.8239315972388175
81.88	-7.593915717819803
81.89	-12.320916940724656
81.9	-12.640334046578081
81.91	-11.312605221331696
81.92	-10.268339156444481
81.93	-7.699207638918899
81.94	-10.556581383189599
81.95	-11.987225133999393
81.96000000000001	-8.722990781212383
81.97	-1.516516515573673
81.98	-2.6229457898350845
81.99	-0.5891299860579036
82.0	0.3921217843138225
82.01	0.6044932062271657
82.02	1.0116864279096611
82.03	1.3507835925917786
82.04	3.4614902095001385
82.05	4.249333299803312
82.06	3.665150556672967
82.07000000000001	4.083609104853159
82.08	5.651580606063748
82.09	8.759914506610627
82.10000000000001	10.825960395116361
82.11	17.638103650565284
82.12	13.704936497816373
82.13	12.430647473118897
82.14	12.931101859023038
82.15	13.050369639547743
82.16	11.727384094557525
82.17	10.611333936978228
82.18	8.30430580773622
82.19	7.685987123009655
82.2	10.430019832163385
82.21000000000001	9.841294102307087
82.22	9.727633312679112
82.23	16.86393625785885
82.24	17.958048565950378
82.25	18.199376619328525
82.26	35.10854402501552
82.27	32.34943925865327
82.28	28.5392010967198
82.29	21.911848504019694
82.3	22.244684133001115
82.31	29.573244374416184
82.32000000000001	23.964146797697648
82.33	18.395868059652848
82.34	15.540635158470666
82.35000000000001	12.96852639936372
82.36	10.894922243272129
82.37	10.791253393169239
82.38	11.32531955052752
82.39	18.084302422310788
82.4	17.12215373793935
82.41	19.041283091414332
82.42	22.568108631916704
82.43	30.90141363257102
82.44	34.824165464443055
82.45	30.313810210975376
82.46000000000001	25.75562279652067
82.47	20.515761633472962
82.48	17.480705726043382
82.49	16.08115981812083
82.5	17.505882029665596
82.51	17.6809902417272
82.52	27.042543960708503
82.53	21.31118486058041
82.54	17.184471256156304
82.55	12.736591206515138
82.56	10.27576601818345
82.57000000000001	11.165791455484149
82.58	9.125101270614717
82.59	9.67510586052634
82.60000000000001	13.810613919736
82.61	16.30679851562082
82.62	16.66821358095333
82.63	17.35122254416698
82.64	13.970785204417721
82.65	8.962709409427971
82.66	9.143628831428204
82.67	9.93204324468251
82.68	9.733860728636767
82.69	8.375759936178268
82.7	8.41452105057209
82.71000000000001	9.932472352039563
82.72	13.067258366993151
82.73	21.274749181529433
82.74	18.292873252486086
82.75	16.181223009166143
82.76	21.93330664490067
82.77	17.009920773171594
82.78	11.758461338731694
82.79	10.098023616642996
82.8	8.24996987838253
82.81	10.227950034661765
82.82000000000001	11.621209706503763
82.83	8.423802135002708
82.84	15.245124249744837
82.85000000000001	10.881510619330214
82.86	10.559867258179017
82.87	7.929896027358247
82.88	2.52866872393621
82.89	4.8760006448671005
82.9	5.697693440206418
82.91	5.535239019058476
82.92	8.424134745945072
82.93	5.8083956335743725
82.94	2.2379324223024546
82.95	1.9441597986219847
82.96000000000001	2.3096554708340267
82.97	5.04925544780204
82.98	5.767694756340683
82.99	0.3533518759523248
83.0	-2.232747326617292
83.01	0.28982975939485245
83.02	1.2453167807536365
83.03	1.9982296950848448
83.04	2.3396368246803765
83.05	5.092006718307551
83.06	6.613748328158332
83.07000000000001	11.074284987896274
83.08	17.50812343767112
83.09	14.95677262581607
83.10000000000001	12.248905233011575
83.11	10.27252511096949
83.12	11.146705552515426
83.13	12.17402761953833
83.14	10.5442707577493
83.15	9.44387085532899
83.16	4.496341559005438
83.17	3.429343154803394
83.18	5.443258791606872
83.19	10.72384970077045
83.2	12.479742903897886
83.21000000000001	11.181346970011816
83.22	6.886625892200828
83.23	7.283010711444719
83.24	11.445029122236337
83.25	14.41024843261941
83.26	13.606663370039588
83.27	9.65019667815276
83.28	9.959824089548503
83.29	9.719978943630826
83.3	7.656115392697884
83.31	14.630164323439816
83.32000000000001	13.584764357892535
83.33	11.019916115839333
83.34	10.306269970505904
83.35000000000001	13.146659133269253
83.36	12.58496448681508
83.37	12.220035795395706
83.38	9.965385653871977
83.39	8.192011400817368
83.4	9.129374273835076
83.41	7.924570307222384
83.42	6.591021827607922
83.43	6.2751458456714895
83.44	6.940543321546735
83.45	6.099544762425112
83.46000000000001	4.119882732140538
83.47	6.321897512935392
83.48	7.36621111289314
83.49	7.649885552715068
83.5	15.68175678517127
83.51	25.36023289378192
83.52	25.94974383128351
83.53	22.46425040127514
83.54	17.61569901188881
83.55	12.694925613416931
83.56	17.714953331987616
83.57000000000001	16.529522218697746
83.58	21.019177206064892
83.59	20.075011975456295
83.60000000000001	21.642134844848304
83.61	26.71862406127191
83.62	20.81337181688001
83.63	18.69139401127132
83.64	20.546335414224842
83.65	20.662761287284834
83.66	21.710536636403017
83.67	18.158922615975328
83.68	18.073521535227325
83.69	12.873724154865439
83.7	16.320211344555073
83.71000000000001	17.856017616420534
83.72	14.3991421196462
83.73	11.627978170647246
83.74	11.503999401696992
83.75	12.199897036641294
83.76	9.299787665899528
83.77	6.42492561711671
83.78	7.866249495055847
83.79	14.171964473017374
83.8	16.511699843395782
83.81	14.969382044034822
83.82000000000001	14.583346014789669
83.83	15.646700895125765
83.84	15.903239262307894
83.85000000000001	12.809999521955925
83.86	15.415707379806719
83.87	21.357295246646437
83.88	22.173598212359114
83.89	23.862090024761898
83.9	19.719530401325713
83.91	21.279956831219884
83.92	22.094778266503223
83.93	21.932896896546534
83.94	21.682369734368063
83.95	17.320405660618153
83.96000000000001	14.815572406220818
83.97	16.795083460164616
83.98	14.077607262455068
83.99	21.53578897040387
84.0	21.6152733580265
84.01	27.311918359616982
84.02	31.339897099773943
84.03	24.88887053404095
84.04	20.72907430192936
84.05	15.423005994044228
84.06	18.62881214882019
84.07000000000001	14.014302174900306
84.08	14.640718887798226
84.09	13.335883990414157
84.10000000000001	12.73866021576611
84.11	10.160537035045808
84.12	14.13116633761427
84.13	11.800850411987984
84.14	9.041554495351418
84.15	8.179648771169436
84.16	7.424649333700615
84.17	11.395237436294245
84.18	11.592513640078362
84.19	10.425945710881713
84.2	9.46897804926834
84.21000000000001	8.097491376590451
84.22	6.897407943200823
84.23	5.650419135134296
84.24	4.683859535887934
84.25	5.579361618955789
84.26	5.868964559391446
84.27	7.599634352053308
84.28	6.735641651913069
84.29	4.018325632508741
84.3	2.2955085037395917
84.31	2.3085750770228497
84.32000000000001	2.538216588856129
84.33	4.707991446914009
84.34	6.321171189732477
84.35000000000001	12.082181635442591
84.36	14.973178812281532
84.37	11.502225330697552
84.38	9.544269174046617
84.39	8.222859140071694
84.4	6.05463088149271
84.41	6.082213895701838
84.42	6.109796909911002
84.43	5.530456859596902
84.44	4.475126070644768
84.45	3.4197952816911346
84.46000000000001	6.329975517034017
84.47	4.702515796824606
84.48	2.6610257374578175
84.49	-0.08800661338516344
84.5	-1.4361714584385097
84.51	1.221321370982624
84.52	2.142397004317265
84.53	5.1377576243914245
84.54	2.821917914824229
84.55	2.5593827667459212
84.56	3.987365843021796
84.57000000000001	3.7612032406952345
84.58	4.848614640659486
84.59	9.14459806467793
84.60000000000001	7.240871727543563
84.61	5.75431162947617
84.62	9.24814732849959
84.63	6.08965186338504
84.64	4.871382438001762
84.65	6.267937079667366
84.66	3.8293418539911523
84.67	0.23511951803160427
84.68	4.6061065359139866
84.69	11.693677227320325
84.7	11.615975668262097
84.71000000000001	8.964688793783996
84.72	8.94303038662314
84.73	6.030026286199526
84.74	10.337397574276881
84.75	9.058314329439776
84.76	11.2252930934392
84.77	8.957692590383218
84.78	6.289621673994943
84.79	3.269936708710891
84.8	-0.7951685837025283
84.81	-2.801322186198182
84.82000000000001	0.5388683799068604
84.83	-0.9561611885022798
84.84	2.3803231147555763
84.85000000000001	7.363686661001105
84.86	4.608077592711731
84.87	4.316385608735087
84.88	6.663546803247852
84.89	6.486564024850673
84.9	12.796447140038627
84.91	10.544726106045141
84.92	8.927052276360113
84.93	9.620263374304496
84.94	9.091732648563633
84.95	8.898386267362632
84.96000000000001	7.7134587749160675
84.97	6.36977909777468
84.98	7.9070665475820565
84.99	17.580437744369174
85.0	29.07887926473968
85.01	28.164179601500603
85.02	21.98322080015342
85.03	21.431246947945063
85.04	17.817631474513952
85.05	13.918593950527264
85.06	11.253860861972978
85.07000000000001	9.49258125742174
85.08	6.461981727115598
85.09	4.804066289344186
85.10000000000001	9.15987071904957
85.11	7.218010586561151
85.12	9.890778796479083
85.13	8.08704981621831
85.14	6.465594449372793
85.15	7.95858926940578
85.16	14.950623524328341
85.17	18.766360931051484
85.18	14.397344709175075
85.19	10.957015716790428
85.2	9.778115707555793
85.21000000000001	8.893812826955815
85.22	8.947789688412167
85.23	14.65233662672427
85.24	14.145348032378646
85.25	11.999508630994988
85.26	14.634146453888693
85.27	11.481808280285065
85.28	10.584174042455352
85.29	10.592313065329174
85.3	9.885833261176279
85.31	17.015973637994822
85.32000000000001	13.325610155481295
85.33	19.83322093664885
85.34	20.096092949419614
85.35000000000001	30.090998873706237
85.36	26.901376168209392
85.37	22.000175242465446
85.38	19.69945690869248
85.39	14.270269680538417
85.4	17.116436941544585
85.41	13.154628014880805
85.42	11.301916734668486
85.43	14.161967311006773
85.44	14.284773173138511
85.45	11.654088647454326
85.46000000000001	9.897570002061833
85.47	7.922989502555898
85.48	18.871023347593418
85.49	20.060204175317203
85.5	16.013147493476332
85.51	11.538390958476821
85.52	8.935709152562769
85.53	5.492182539874438
85.54	7.711037839630635
85.55	10.247912467295112
85.56	16.07158129657073
85.57000000000001	19.674360786161774
85.58	15.323113254009186
85.59	11.895958629373654
85.60000000000001	11.205867618539155
85.61	12.688304103571271
85.62	15.952956914146984
85.63	18.82636095002796
85.64	20.456127995048544
85.65	15.858203288052271
85.66	12.113401129074637
85.67	15.023911395003138
85.68	13.280641312349973
85.69	9.584846464208265
85.7	6.663154140490982
85.71000000000001	6.878502049907355
85.72	2.964407878456884
85.73	-1.930648455299432
85.74	-0.4345450044542188
85.75	1.9849707962717222
85.76	-0.775190264289015
85.77	-0.07967013245525423
85.78	-4.727794738186745
85.79	-7.426070414607421
85.8	-8.581632833511144
85.81	-9.083228947898858
85.82000000000001	-14.533802172508658
85.83	-14.720240772828378
85.84	-9.546482604495937
85.85000000000001	-5.899714796566589
85.86	-5.47654682206678
85.87	-9.315837707966585
85.88	-6.498938696771985
85.89	-5.984993542566539
85.9	-4.492612755404786
85.91	-8.059504408451694
85.92	-12.306841296109205
85.93	-9.24310941253683
85.94	-7.718016515157832
85.95	-9.11657107934595
85.96000000000001	-5.188484936287412
85.97	-8.22042328964162
85.98	-6.752637358941405
85.99	-6.140368040047331
86.0	-7.0084809635505785
86.01	-6.740285191419721
86.02	-7.744379727701447
86.03	-4.699330825923529
86.04	-6.565550390758488
86.05	-3.285662437314112
86.06	-3.213998941402945
86.07000000000001	-6.114633707365585
86.08	-6.712590010769385
86.09	-6.330185951163427
86.10000000000001	-4.435062857371119
86.11	-2.370529717406993
86.12	-6.251323920127872
86.13	-6.114807705822861
86.14	-8.627742713104244
86.15	-9.075215176612717
86.16	-8.713422073782908
86.17	-9.132244720544213
86.18	-11.730599099994395
86.19	-8.154482655192881
86.2	-13.656022265177397
86.21000000000001	-11.898439812863423
86.22	-14.023449741898897
86.23	-12.063748076834006
86.24	-17.18621870809261
86.25	-16.49286240132134
86.26	-14.046582970241635
86.27	-16.600450814041913
86.28	-13.477324171463959
86.29	-16.84331490122511
86.3	-13.088830060335606
86.31	-12.248617363690961
86.32000000000001	-14.824708849074906
86.33	-14.882971596614235
86.34	-11.935167415090056
86.35000000000001	-11.862410856245571
86.36	-10.938521788451949
86.37	-11.689642981937864
86.38	-12.342998792736788
86.39	-9.254932595086787
86.4	-7.793312595439005
86.41	-6.027195211310435
86.42	-8.048838281974591
86.43	-6.927882409220403
86.44	-8.946878644899844
86.45	-6.818356019799511
86.46000000000001	-12.10986121590265
86.47	-8.686876610877288
86.48	-7.701638488556482
86.49	-8.508950647475348
86.5	-11.11393360531779
86.51	-13.052498739060866
86.52	-11.402999832248005
86.53	-8.823053270483012
86.54	-5.940180640210027
86.55	-4.501638210285744
86.56	-5.902646305746534
86.57000000000001	-8.774065003461299
86.58	-9.053169834318453
86.59	-7.256318347732631
86.60000000000001	-6.301700234538946
86.61	-3.837450669888999
86.62	-5.2124314530980005
86.63	-8.10215646645447
86.64	-16.778077610578485
86.65	-11.859854763981664
86.66	-20.00039433058521
86.67	-23.148926246686838
86.68	-18.715566647514283
86.69	-14.974985833489352
86.7	-13.664869029172705
86.71000000000001	-10.51824838693692
86.72	-8.16757454337263
86.73	-4.97023302052318
86.74	-6.732649521709167
86.75	-5.601543831072775
86.76	-8.539634569248454
86.77	-8.52027358883005
86.78	-7.822083296048476
86.79	-5.692678834259487
86.8	-7.235047032918795
86.81	-4.320876147701998
86.82000000000001	-6.3843259525480525
86.83	-9.497174462228243
86.84	-8.961055470992532
86.85000000000001	-5.708595470903217
86.86	-9.512593832897933
86.87	-9.952180090685044
86.88	-11.916384802013095
86.89	-10.539925369680931
86.9	-8.768979931853591
86.91	-6.44837514671774
86.92	-6.080360534740978
86.93	-8.61578079414533
86.94	-12.246964346365878
86.95	-9.28349345295509
86.96000000000001	-11.762738722396465
86.97	-9.047302491003753
86.98	-6.527541944552164
86.99	-12.337720025515619
87.0	-12.70504428524152
87.01	-13.39895613266814
87.02	-20.56513871388082
87.03	-16.682121493562178
87.04	-17.934156014654647
87.05	-18.798495334893367
87.06	-13.602930251122254
87.07000000000001	-13.147975660409355
87.08	-10.02597431412549
87.09	-11.057314301285253
87.10000000000001	-12.742148739732855
87.11	-11.496672019796195
87.12	-12.07997772450407
87.13	-11.131724694415073
87.14	-10.13573262879754
87.15	-13.57430465045398
87.16	-9.920777548713163
87.17	-9.549419029926693
87.18	-9.703686783830529
87.19	-7.664071905680943
87.2	-9.558569852030779
87.21000000000001	-17.496555841603804
87.22	-15.32549300390148
87.23	-13.447790126888949
87.24	-13.53215746537685
87.25	-15.472338378573598
87.26	-12.100934634453486
87.27	-12.990820357453261
87.28	-10.473445821361802
87.29	-14.669016121770726
87.3	-15.63227639293349
87.31	-12.246266398207679
87.32000000000001	-9.751864554935914
87.33	-6.30157049282461
87.34	-5.542944746843606
87.35000000000001	-4.306287079272564
87.36	-2.1812827118741067
87.37	-4.609041790717772
87.38	-5.868661588940356
87.39	-3.4250844379783385
87.4	-0.05586435043310058
87.41	2.077478160325181
87.42	-2.5856252133082713
87.43	-6.1304468092335025
87.44	-5.587959679573129
87.45	-6.341684907126639
87.46000000000001	-1.350679975292862
87.47	-2.8722916432126824
87.48	-11.958677086092836
87.49	-14.57162775024103
87.5	-13.193691190681063
87.51	-11.429023879519614
87.52	-14.590024812763277
87.53	-11.364552996357899
87.54	-10.227197598563448
87.55	-8.529791851061072
87.56	-7.51287975975446
87.57000000000001	-8.373644261038272
87.58	-6.146003305742688
87.59	-4.5791365755963795
87.60000000000001	-3.6894895488711352
87.61	-1.9940334990087012
87.62	-3.194901990481137
87.63	-4.60409660254352
87.64	-7.793852726810937
87.65	-9.811446235316081
87.66	-12.928013680509636
87.67	-16.843833516579974
87.68	-13.239289200616632
87.69	-15.200141353414464
87.7	-16.803735873417004
87.71000000000001	-18.530925443187165
87.72	-20.905006801543482
87.73	-18.708249177362326
87.74	-17.092315401660986
87.75	-14.696271158981235
87.76	-18.70718810644423
87.77	-21.910572294524712
87.78	-14.689907437592547
87.79	-12.272501308316059
87.8	-11.03083041078334
87.81	-9.05595621383065
87.82000000000001	-9.478470489596056
87.83	-7.937087411953591
87.84	-6.659528288927214
87.85000000000001	-4.87835355293114
87.86	-2.6752894025314293
87.87	1.7355420372128438
87.88	3.333334520526249
87.89	4.356500674199762
87.9	6.0313415569314595
87.91	8.499547325314309
87.92	11.683339609178217
87.93	18.23390409252055
87.94	13.505726474333812
87.95	14.885060249985038
87.96000000000001	12.061127530786955
87.97	12.759298107614129
87.98	7.849972533164502
87.99	5.443220640514851
88.0	6.520929938230415
88.01	8.032800476119048
88.02	7.7023803952420185
88.03	5.932981178118872
88.04	8.007933452372662
88.05	11.177588746074546
88.06	14.447347132641509
88.07000000000001	13.681235363622934
88.08	14.6634735192937
88.09	14.140299646902678
88.10000000000001	12.475972984627838
88.11	16.364786430066825
88.12	20.491497778014583
88.13	17.091537809269134
88.14	13.023474629604376
88.15	9.832278072273375
88.16	11.568993741167919
88.17	9.909153567438057
88.18	6.280377551050153
88.19	7.597559829206622
88.2	8.462641367267805
88.21000000000001	9.992048630495606
88.22	15.09961909087815
88.23	11.975030389652801
88.24	12.186886135163892
88.25	16.462521429127136
88.26	16.290326322589756
88.27	13.99346747934122
88.28	10.666273169457494
88.29	7.385742611282151
88.3	4.047788248344386
88.31	4.330827745928516
88.32000000000001	0.7196451148201919
88.33	-0.7521219524651293
88.34	-2.493121645881642
88.35000000000001	-5.743209550672509
88.36	-7.2593559178850855
88.37	-6.188453420579037
88.38	-7.454136281441844
88.39	-7.565896761372351
88.4	-8.220779663297193
88.41	-9.340654355738268
88.42	-13.315940311269133
88.43	-11.223754627733225
88.44	-12.33281148684374
88.45	-19.76877729355821
88.46000000000001	-19.22434199450046
88.47	-17.187331009511603
88.48	-20.203836705585363
88.49	-18.511659494867835
88.5	-14.22752005466706
88.51	-13.93936584596713
88.52	-12.140386278163687
88.53	-8.595233962609395
88.54	-7.730759280831807
88.55	-5.683617286128934
88.56	-5.976711253699861
88.57000000000001	-6.433116791199918
88.58	-8.110994069861498
88.59	-8.323313651625071
88.60000000000001	-7.050726894493541
88.61	-4.675882111593617
88.62	-5.008811756955559
88.63	-4.340918927932348
88.64	-8.144183444931091
88.65	-5.648882715398606
88.66	-3.4271488007949773
88.67	-2.203170787887515
88.68	-0.9799512806619165
88.69	2.6724999389572885
88.7	0.9672675009850327
88.71000000000001	0.6042448798887445
88.72	0.07695404172230115
88.73	-2.3415710310626987
88.74	-1.6891886932217959
88.75	3.5137622346885347
88.76	3.988032109244348
88.77	4.5744459033721165
88.78	4.62347735020256
88.79	5.546185643536224
88.8	4.247566630294774
88.81	3.907521199030478
88.82000000000001	9.467998847862594
88.83	10.42517879968218
88.84	13.018240278582413
88.85000000000001	9.050318158360508
88.86	10.278797198619934
88.87	12.504277145018495
88.88	12.61551465847142
88.89	15.031486854019922
88.9	11.042510223819738
88.91	8.60759112611827
88.92	5.3785111430966035
88.93	8.697956764473968
88.94	11.809244060976956
88.95	9.225777667639115
88.96000000000001	8.285901109479838
88.97	6.739592415907401
88.98	2.093258053572844
88.99	2.0051951625366304
89.0	3.9525295453942113
89.01	3.6907742112705844
89.02	3.3867472175383786
89.03	2.8634790365095903
89.04	3.871405445893933
89.05	3.5082479129086663
89.06	-0.10249957026080679
89.07000000000001	-4.879247673319196
89.08	-8.364546416978799
89.09	-9.163367749782955
89.10000000000001	-9.158419563045399
89.11	-8.876453103882437
89.12	-14.913645614507251
89.13	-11.282829622288098
89.14	-11.785909205301182
89.15	-10.10850134732942
89.16	-10.267192188960095
89.17	-9.013545295447589
89.18	-14.914680736542948
89.19	-14.798193413694195
89.2	-18.809522334937164
89.21000000000001	-14.557858445765605
89.22	-9.207924308637823
89.23	-14.971966496427434
89.24	-12.226248144017935
89.25	-28.34987713461073
89.26	-22.930897226938743
89.27	-17.455980366257833
89.28	-12.39552906805097
89.29	-9.738437374909743
89.3	-8.326293789330238
89.31	-10.998923652824493
89.32000000000001	-7.534526480400781
89.33	-5.4447756468928565
89.34	-4.872942217308218
89.35000000000001	-4.355876065660816
89.36	-4.032706078260595
89.37	-5.816207670720385
89.38	-8.060059926658628
89.39	-9.309176957810068
89.4	-10.410698105201764
89.41	-11.711283457774343
89.42	-15.513631629076718
89.43	-13.353372920954536
89.44	-10.073605196041976
89.45	-10.809153590282222
89.46000000000001	-12.82589848913215
89.47	-16.68093442226663
89.48	-19.700681005287084
89.49	-17.95766576077345
89.5	-15.953153110165928
89.51	-10.304432892854273
89.52	-7.763167779007171
89.53	-8.492735059533755
89.54	-9.19739126250529
89.55	-13.501077937042941
89.56	-13.439326250836015
89.57000000000001	-12.355161082298816
89.58	-14.218068068604078
89.59	-18.184660478701016
89.60000000000001	-16.557227009549948
89.61	-14.425036498195267
89.62	-11.120921087387769
89.63	-8.086188638194855
89.64	-6.889227931662483
89.65	-9.982013238141727
89.66	-8.767434513379742
89.67	-12.915571137250302
89.68	-9.806958063541371
89.69	-7.389486887263378
89.7	-4.948666823033076
89.71000000000001	-5.933230819105547
89.72	-7.164690669634224
89.73	-16.67303253451678
89.74	-18.069314456667563
89.75	-16.66310852893869
89.76	-16.712310798435144
89.77	-19.880464740272735
89.78	-18.591205444221917
89.79	-19.54429005760991
89.8	-16.98215042684456
89.81	-19.620453692100604
89.82000000000001	-22.299021711198808
89.83	-20.65103043704233
89.84	-17.388288372555284
89.85000000000001	-12.542345465005708
89.86	-9.524669340700068
89.87	-6.213112554121966
89.88	-10.709556327840474
89.89	-13.485822470657572
89.9	-11.799066517482581
89.91	-11.03492233948254
89.92	-9.62138174228991
89.93	-10.729766730608711
89.94	-8.50877057071994
89.95	-10.92458923659261
89.96000000000001	-17.467755114279772
89.97	-17.044396551355604
89.98	-27.404363581264207
89.99	-23.81848210272891
90.0	-23.090445621005586
90.01	-19.072266130130625
90.02	-25.03664560379069
90.03	-19.501749174479468
90.04	-15.26613763035077
90.05	-11.904550478018622
90.06	-6.469148123058414
90.07000000000001	-4.771346499395038
90.08	-3.6848077447327854
90.09	-3.6884153083234055
90.10000000000001	-3.2633693300474658
90.11	-3.735828856723423
90.12	-5.451706483857384
90.13	-7.448251394263145
90.14	-7.881232491249856
90.15	-7.305739999034569
90.16	-4.952819085009235
90.17	-2.448457723289286
90.18	-1.930753794383903
90.19	-3.0985181554495793
90.2	0.03049965985305197
90.21000000000001	1.524661953697016
90.22	1.6355945652122839
90.23	3.9283423734856266
90.24	4.04712365217365
90.25	5.904970955279926
90.26	1.9452088769387845
90.27	0.038168440439199966
90.28	3.222698704900876
90.29	7.46599677586932
90.3	7.843402052788571
90.31	8.540921355036948
90.32000000000001	12.013152937911187
90.33	15.97577029009638
90.34	13.341015911442625
90.35000000000001	11.728621475299283
90.36	11.566139573288822
90.37	11.192418730590962
90.38	6.124892201071403
90.39	7.0994923091245745
90.4	9.393713766922517
90.41	6.2970993095048735
90.42	5.986377831757537
90.43	7.983599738351564
90.44	8.092735505367925
90.45	9.023346989649212
90.46000000000001	8.427803056288068
90.47	7.770514843280587
90.48	9.657623908114308
90.49	7.98335736781951
90.5	7.82085453945933
90.51	5.190904252488487
90.52	3.9948247268035297
90.53	4.884646812158686
90.54	4.233563837294506
90.55	1.2006672127087565
90.56	-2.2908167421805934
90.57000000000001	0.17917687989260725
90.58	4.140957341510117
90.59	5.3990855144256615
90.60000000000001	4.4422486016811895
90.61	8.247664990766838
90.62	8.192305105376047
90.63	8.820207857693019
90.64	9.064556805478876
90.65	10.516880330159756
90.66	14.155749249963643
90.67	15.188517198873447
90.68	15.868880517056075
90.69	14.523108930505712
90.7	15.755600873372286
90.71000000000001	14.853552017589413
90.72	13.24277262152316
90.73	10.543217157723031
90.74	8.735125378984863
90.75	11.026840709190209
90.76	10.383235839145204
90.77	8.815474362350681
90.78	5.93847423297403
90.79	6.42932240936998
90.8	4.206259121394443
90.81	3.602538570153302
90.82000000000001	4.557721783638666
90.83	7.587506384226976
90.84	9.821061579099139
90.85000000000001	13.264879084728806
90.86	8.706231015419624
90.87	4.381979895460873
90.88	9.068836497898575
90.89	6.829675585611066
90.9	6.675314945273278
90.91	7.584030270516645
90.92	6.216222071255031
90.93	5.072406764998601
90.94	8.30109043866169
90.95	7.594232175693366
90.96000000000001	8.828604501106739
90.97	8.09626190227752
90.98	7.691978484636498
90.99	4.254268830560968
91.0	4.916781672046602
91.01	3.879760487188812
91.02	1.853906875582932
91.03	-0.9652799815204092
91.04	-0.648955511123187
91.05	-3.8838994273668863
91.06	-3.773676005240297
91.07000000000001	0.771841289239505
91.08	-1.7866234363263522
91.09	-2.4998579377996952
91.10000000000001	-3.145374760907152
91.11	0.012182611738059495
91.12	-1.1247790784399354
91.13	0.9690825354168094
91.14	2.938191803440996
91.15	1.5738391357330928
91.16	0.3982157727329244
91.17	1.7631452044480775
91.18	0.853944507477624
91.19	1.4432746813695134
91.2	0.024761741531914624
91.21000000000001	-3.3818925836881335
91.22	-4.997400665536101
91.23	-3.8586939817923875
91.24	-2.325415989461211
91.25	-2.4987510206079753
91.26	-7.180407898373254
91.27	-8.42372884535608
91.28	-10.562413609667134
91.29	-10.09977251419514
91.3	-9.628180718343502
91.31	-7.587034629481372
91.32000000000001	-4.581811046320502
91.33	-6.42949928823303
91.34	-7.228436175942446
91.35000000000001	-7.2950186202654965
91.36	-4.697583136935925
91.37	-5.425840956440566
91.38	-4.126839752158173
91.39	-2.2187639052709733
91.4	-2.6530772394248796
91.41	-1.1957458462653352
91.42	2.375636189862044
91.43	1.003911856461494
91.44	-1.3953323449449775
91.45	-3.172354059531525
91.46000000000001	-1.361874742640768
91.47	-3.5351056906774696
91.48	-2.564452182280664
91.49	-6.879937364541155
91.5	-5.290551371847456
91.51	-2.862204171111977
91.52	-2.8156785186804445
91.53	-2.6883988633062237
91.54	-2.496054847452918
91.55	-3.914424865865329
91.56	-3.1674601007609287
91.57000000000001	-4.843906486778244
91.58	-3.970325532685555
91.59	-6.670003514586088
91.60000000000001	-13.636405908239114
91.61	-12.959848606723655
91.62	-11.17604816520983
91.63	-8.927137201527513
91.64	-7.300385737452176
91.65	-8.674548355334743
91.66	-20.843853249509195
91.67	-22.56266190722643
91.68	-20.227559095298098
91.69	-23.527070062942116
91.7	-18.7777374343702
91.71000000000001	-15.119128898643858
91.72	-15.958821109616435
91.73	-10.548446004335698
91.74	-8.891835659065864
91.75	-7.2899396874011115
91.76	-5.6233441240411
91.77	-4.477404828173522
91.78	-2.810021118026262
91.79	-3.4554705374828996
91.8	-7.616993885526253
91.81	-6.090446516345868
91.82000000000001	-8.116488781135564
91.83	-9.310912722460174
91.84	-13.970603804712237
91.85000000000001	-14.235679329282934
91.86	-12.788117024625173
91.87	-12.807204594643576
91.88	-9.745303181379166
91.89	-10.118140001660791
91.9	-11.638912971240751
91.91	-16.39747339782092
91.92	-14.878841432774284
91.93	-12.399272701448579
91.94	-16.567782162805997
91.95	-12.650266776489552
91.96000000000001	-10.690701999871822
91.97	-11.062078007654668
91.98	-10.488393040149049
91.99	-8.324073075008442
92.0	-7.740654658397459
92.01	-11.227879354676745
92.02	-13.767240019647751
92.03	-12.856231510679244
92.04	-14.290300219475329
92.05	-14.353099810934092
92.06	-19.040316816777096
92.07000000000001	-16.64395020620083
92.08	-17.923012433568495
92.09	-16.166111744124315
92.10000000000001	-11.772172789228518
92.11	-13.941031850197636
92.12	-10.840177674917284
92.13	-8.461031305034684
92.14	-5.180232180359405
92.15	-3.2044430391815486
92.16	-2.0012916074684846
92.17	-3.470739984533334
92.18	-4.240676562483408
92.19	-4.009043749725446
92.2	-2.4339976703537403
92.21000000000001	-0.09888842175411247
92.22	2.320248667026368
92.23	0.8438107735857949
92.24	-1.166742740770632
92.25	-0.061990436811204246
92.26	0.18705345738026447
92.27	2.821664826765243
92.28	5.9495924535679094
92.29	6.142272149960603
92.3	4.798572167670963
92.31	4.146914550282811
92.32000000000001	4.455958434407548
92.33	7.973451533386024
92.34	6.2732702606731685
92.35000000000001	3.14721102543707
92.36	3.6510751535752304
92.37	2.0029515514954843
92.38	-2.0343741611717867
92.39	-0.8986572654266949
92.4	-2.4576363533143537
92.41	-3.953949572658848
92.42	-3.4162223513549113
92.43	-3.4630111824067433
92.44	-8.243828600256723
92.45	-7.298223805401535
92.46000000000001	-9.472275562163516
92.47	-4.80969943169562
92.48	-3.2863046025748206
92.49	-3.57524324312755
92.5	-4.115835354228931
92.51	-4.873584538285412
92.52	-1.6203925482236774
92.53	-4.516092401061124
92.54	-2.145349428818127
92.55	-1.6895826466953168
92.56	0.3559837749231544
92.57000000000001	1.8224861490866442
92.58	3.663811673968615
92.59	1.989708655746132
92.60000000000001	2.153798116748834
92.61	3.5604506186394085
92.62	5.002848425847166
92.63	6.7803800564981564
92.64	4.559957367226165
92.65	4.584999613931318
92.66	6.577879872971272
92.67	8.719980742834995
92.68	8.397648043190879
92.69	7.568457772310463
92.7	4.462054502974733
92.71000000000001	6.800735557791638
92.72	4.77357075707717
92.73	5.513522004256797
92.74	2.231988989454155
92.75	4.854415082636345
92.76	5.274510538100946
92.77	6.7579889211656985
92.78	6.118251125192227
92.79	5.400312443138269
92.8	5.133731963815852
92.81	4.043284001574436
92.82000000000001	6.536586082257452
92.83	5.49215816409917
92.84	7.860804205764994
92.85000000000001	6.908194613566338
92.86	7.027803059949042
92.87	7.040090503020239
92.88	8.383114447973359
92.89	9.409338952229648
92.9	9.87535747103969
92.91	17.522572691337924
92.92	15.621146397796682
92.93	11.635748459182816
92.94	10.648268664299936
92.95	12.909570851507134
92.96000000000001	12.12080141233415
92.97	8.972206034401209
92.98	7.886387566989429
92.99	4.056016000856582
93.0	2.413967713461444
93.01	2.101607069005186
93.02	2.4062031430774042
93.03	-1.5360891953112703
93.04	0.7468575937794142
93.05	1.9231323783373078
93.06	2.832963795528182
93.07000000000001	4.419760168306588
93.08	3.595665305053639
93.09	-0.8642206436723191
93.10000000000001	-6.163075179884957
93.11	-5.5547472873891035
93.12	-5.4654331520276935
93.13	-6.575807241113251
93.14	-5.294531028155578
93.15	-9.2288802932461
93.16	-9.467489847537344
93.17	-8.421491254533036
93.18	-6.8088620094818015
93.19	-7.764004705121208
93.2	-11.336211694165858
93.21000000000001	-7.412992957119913
93.22	-8.252657046966622
93.23	-11.729547467236722
93.24	-13.088105758521182
93.25	-11.01277712720489
93.26	-9.505604717064317
93.27	-6.024175720393026
93.28	-7.3242026650774665
93.29	-10.28908670033189
93.3	-11.031599421463277
93.31	-12.551056782148077
93.32000000000001	-12.573741990482954
93.33	-12.120216393293566
93.34	-8.91073695850521
93.35000000000001	-10.424267991693435
93.36	-10.951024586356894
93.37	-10.57011116843999
93.38	-12.514745861379742
93.39	-11.59343571701309
93.4	-10.235828792122398
93.41	-20.234739998868477
93.42	-19.480624559533045
93.43	-20.633965661370848
93.44	-18.63838023325968
93.45	-18.603375035105998
93.46000000000001	-15.466163717698453
93.47	-13.939893559361629
93.48	-11.3674538890847
93.49	-13.311251968256558
93.5	-12.851507749220804
93.51	-8.86562372748496
93.52	-7.938889670398566
93.53	-10.640916379779702
93.54	-11.536586308742503
93.55	-11.88804006176628
93.56	-14.358633521997302
93.57000000000001	-15.558431415004712
93.58	-13.847073481296446
93.59	-12.405044667954638
93.60000000000001	-18.137957876362496
93.61	-22.50885966085181
93.62	-20.269295214971624
93.63	-15.73120934702447
93.64	-11.921961342550032
93.65	-18.100187660835264
93.66	-18.107563782931877
93.67	-12.78510806764032
93.68	-8.463155238993306
93.69	-5.050452609970513
93.7	-0.600895583179463
93.71000000000001	1.6868946529598818
93.72	5.161568352940298
93.73	4.3798870847291465
93.74	2.689656423281448
93.75	-0.5400263446472979
93.76	-2.9696905250557313
93.77	-3.6191894968953546
93.78	-3.64422461765718
93.79	-6.166561780596105
93.8	-3.2517086769669166
93.81	-6.7432813674957
93.82000000000001	-4.395501781720548
93.83	-6.563708837451481
93.84	-7.335038418724486
93.85000000000001	-9.055242658577649
93.86	-9.121502509652013
93.87	-8.290110347028627
93.88	-10.756401877186649
93.89	-11.164077757663463
93.9	-12.545897405132886
93.91	-11.778691394606547
93.92	-12.566386161096482
93.93	-10.12182461130643
93.94	-8.24852592466016
93.95	-11.588418084920413
93.96000000000001	-22.54588473935163
93.97	-29.35747843504679
93.98	-24.448558182348922
93.99	-24.121176287918125
94.0	-16.000943397454865
94.01	-19.041375875300663
94.02	-14.841741610377921
94.03	-11.952124927446105
94.04	-11.745682459092542
94.05	-10.957721705561346
94.06	-7.2717347660741245
94.07000000000001	-7.1388443546773654
94.08	-8.430706393170817
94.09	-8.085199910580341
94.10000000000001	-5.316817066867046
94.11	-6.307092828753658
94.12	-15.166566390545052
94.13	-18.718516739572966
94.14	-16.338664718113257
94.15	-14.946349306776007
94.16	-12.245088993069281
94.17	-11.98090249814301
94.18	-19.82773905563643
94.19	-15.791893704300229
94.2	-13.951615700743
94.21000000000001	-16.226138828854822
94.22	-20.5544773210624
94.23	-19.330798207673777
94.24	-15.411071910596535
94.25	-19.873190213227566
94.26	-20.528805128240677
94.27	-15.888737890280536
94.28	-15.821308199775274
94.29	-15.343641673220535
94.3	-16.716077695115082
94.31	-13.368312392405633
94.32000000000001	-13.878442049060238
94.33	-18.398945198684252
94.34	-15.505911410359392
94.35000000000001	-16.534229500434545
94.36	-12.805719375363239
94.37	-8.380768192667649
94.38	-10.37928252523903
94.39	-8.370296077153698
94.4	-6.6355096164989495
94.41	-2.6844818516155655
94.42	-2.5971646052667667
94.43	-6.926014113695104
94.44	-6.942474373633255
94.45	-7.743249627879055
94.46000000000001	-10.402150319487442
94.47	-8.543487846911592
94.48	-7.382651589628881
94.49	-2.5744089462395205
94.5	-2.4635359087339634
94.51	-0.5600947632603374
94.52	-0.1527788412129507
94.53	0.719455763860281
94.54	3.052815420720653
94.55	3.487690819226635
94.56	4.092241637288025
94.57000000000001	6.854942620699332
94.58	6.20056831892219
94.59	3.680314264537071
94.60000000000001	-0.47658507946768763
94.61	2.410458957633518
94.62	6.578580752167857
94.63	7.401194619596145
94.64	8.585342706067587
94.65	6.718365984733546
94.66	5.760626686135551
94.67	5.942628839811714
94.68	5.676468110813616
94.69	5.046733439129375
94.7	3.608707366036261
94.71000000000001	3.346703068930661
94.72	3.3315650394740617
94.73	2.289107126756143
94.74	1.6997711966302995
94.75	3.8523369019915905
94.76	0.55747077081863
94.77	-1.2460756559443964
94.78	-0.502169977061071
94.79	-1.2326857258354025
94.8	-1.5904175436912564
94.81	-2.0540153531347056
94.82000000000001	-2.0809444697127897
94.83	-1.6214973791591443
94.84	-3.251310689368981
94.85000000000001	1.0915352314741762
94.86	2.7069366652721385
94.87	4.118370587718922
94.88	10.464577107189127
94.89	15.969315081333802
94.9	18.29157061355358
94.91	14.36752483318283
94.92	14.002845747780006
94.93	12.811230287972986
94.94	13.963015289289302
94.95	14.483942830259304
94.96000000000001	13.784148536296653
94.97	20.04194079878556
94.98	20.423634049095256
94.99	20.00413847801544
95.0	24.52569936788791
95.01	23.39011076375296
95.02	25.424714272636955
95.03	26.61227564287437
95.04	23.48548095133165
95.05	18.549449494891164
95.06	18.749345021667416
95.07000000000001	17.369941819506995
95.08	16.765046816567192
95.09	14.959445322786912
95.10000000000001	24.407318778901978
95.11	20.12533168106214
95.12	15.713061394928289
95.13	17.389597753074373
95.14	13.678606349777526
95.15	12.229831950612677
95.16	17.580700038228198
95.17	20.38365389629779
95.18	18.922487742793955
95.19	21.214446388414892
95.2	18.070508187330635
95.21000000000001	14.061592305070796
95.22	10.209495197950817
95.23	8.600677215102408
95.24	7.98550691417731
95.25	7.207445621020915
95.26	6.091183851343151
95.27	6.648158499634469
95.28	9.822481428542169
95.29	12.74729465812243
95.3	5.647356882189627
95.31	2.456299820830687
95.32000000000001	5.393311317109079
95.33	4.990447925912652
95.34	3.855803313668239
95.35000000000001	2.1234517660643775
95.36	-1.2374148205699815
95.37	-1.7595505845850221
95.38	-1.7609230776046727
95.39	0.33416633130518836
95.4	-0.5679538508781982
95.41	-2.539563581579347
95.42	-1.9375396121253132
95.43	-7.783350942406235
95.44	-5.284966127011999
95.45	-8.83742884629056
95.46000000000001	-4.112397909945444
95.47	-1.7232066182860915
95.48	-1.8612731045367361
95.49	-4.88623228291569
95.5	-4.620746643212915
95.51	-3.0732128432543186
95.52	-4.896072486298606
95.53	-6.371582580223469
95.54	-9.986180162549733
95.55	-9.653618624557575
95.56	-13.39225155725385
95.57000000000001	-11.494830796349804
95.58	-12.474901829106527
95.59	-10.034696363105905
95.60000000000001	-6.87218637245264
95.61	-10.7270530545063
95.62	-14.572407595661263
95.63	-17.78853188428067
95.64	-19.33292849889968
95.65	-19.082181661380652
95.66	-17.038100483077134
95.67	-20.825581622788665
95.68	-19.72076634849722
95.69	-17.666068616019285
95.7	-17.354080244741226
95.71000000000001	-29.37497149108305
95.72	-30.20817317830235
95.73	-22.491917655962105
95.74000000000001	-18.027701095998335
95.75	-16.85583317275079
95.76	-24.149368662262614
95.77	-22.37504562219918
95.78	-17.812269706480773
95.79	-10.504020129212716
95.8	-9.24694151092189
95.81	-8.470748761733043
95.82000000000001	-10.06532784441893
95.83	-9.975927580988616
95.84	-14.838365495215195
95.85000000000001	-12.498208260453588
95.86	-16.08677938217658
95.87	-22.475309823599474
95.88	-16.79917405026024
95.89	-17.14909513964329
95.9	-14.551583662948863
95.91	-13.157093036208643
95.92	-11.23968697937804
95.93	-8.565791100477353
95.94	-11.020105687004568
95.95	-5.420251015927331
95.96000000000001	-6.051417095035194
95.97	-6.578192068121031
95.98	-5.625719773221799
95.99000000000001	-5.034680667952887
96.0	-6.116444162247465
96.01	-6.966806968631491
96.02	-5.490132341407917
96.03	-3.073789606968497
96.04	0.5060843500413452
96.05	1.259188436698528
96.06	2.100223519674791
96.07000000000001	1.6484385654542726
96.08	-1.6030005039469948
96.09	-4.073673040159349
96.10000000000001	-0.9752216642472236
96.11	-0.8127318087963565
96.12	-0.13161801825510486
96.13	0.005186335449482833
96.14	1.559766801784947
96.15	1.3634005613691975
96.16	4.135058263042204
96.17	4.315296589491689
96.18	4.771677567057919
96.19	6.358951000011981
96.2	6.950157036481075
96.21000000000001	6.727573758478449
96.22	7.118161840825859
96.23	11.075539082667222
96.24000000000001	8.945051112071368
96.25	5.683833827282275
96.26	4.981996380284778
96.27	2.2248128785072994
96.28	3.2626996360468272
96.29	-1.5762396278391164
96.3	0.018330418339292758
96.31	-0.7455764547208678
96.32000000000001	-1.9205243430148387
96.33	-1.1804895873789583
96.34	2.1461203487905633
96.35000000000001	0.7611720526137292
96.36	-5.843167061552105
96.37	-6.783942929597537
96.38	-6.015589659533571
96.39	-6.224763738188543
96.4	-4.28836962057927
96.41	-2.503788143241613
96.42	-3.836231163819022
96.43	-2.527338797794077
96.44	-0.8806223350022152
96.45	3.024338223628583
96.46000000000001	1.7550103310414062
96.47	1.8628821795504595
96.48	0.019505403897593816
96.49000000000001	-4.912953399868104
96.5	-5.648820149803435
96.51	-4.553085985678048
96.52	-6.090327377051445
96.53	-6.386815684307348
96.54	-8.166318054409505
96.55	-7.511370791939263
96.56	-4.483854933008781
96.57000000000001	-3.9706237441038015
96.58	-2.350455355714384
96.59	0.6191436805458347
96.60000000000001	-1.3251982628709955
96.61	-1.0695988137798167
96.62	0.15365922991388606
96.63	0.060464967697673025
96.64	-1.4959543690805068
96.65	-1.8426135446949394
96.66	-3.2434732102381227
96.67	-7.543292245414776
96.68	-16.983060195192177
96.69	-17.607422119321573
96.7	-13.531744612666662
96.71000000000001	-11.970965634365289
96.72	-9.767296492803876
96.73	-8.175908681019004
96.74000000000001	-7.744002529134712
96.75	-8.910146176548876
96.76	-14.071207618401607
96.77	-12.03380805908916
96.78	-10.203285418830339
96.79	-9.279074808025632
96.8	-11.262095134703591
96.81	-8.046011405838447
96.82000000000001	-6.530617204931747
96.83	-4.527105599600789
96.84	-2.1980078316446625
96.85000000000001	-0.5178127252501697
96.86	-3.0320979717107246
96.87	-2.967228512377946
96.88	-4.489645067171957
96.89	-8.30324332957187
96.9	-6.949722824460311
96.91	-8.611229152645105
96.92	-12.258823247564619
96.93	-15.649630480857187
96.94	-17.11020075903683
96.95	-17.68283875525766
96.96000000000001	-16.241725900816224
96.97	-12.02143584882143
96.98	-11.507369903420974
96.99000000000001	-15.652290902387149
97.0	-15.801699013881686
97.01	-13.135544239226737
97.02	-9.637663000894278
97.03	-8.564917405411252
97.04	-6.964521626922708
97.05	-7.982638572406285
97.06	-4.224999380620656
97.07000000000001	-2.03249219352332
97.08	-2.5120293194657637
97.09	-5.094916049944357
97.10000000000001	-7.18405755845916
97.11	-4.6681703442094555
97.12	-4.459715218006223
97.13	-6.248940155073339
97.14	-12.139805701156227
97.15	-19.37661755311637
97.16	-16.085250424318954
97.17	-15.20334591976823
97.18	-14.925312174612682
97.19	-16.51791206813717
97.2	-21.571665791328446
97.21000000000001	-17.390788669748837
97.22	-16.942401064762798
97.23	-16.22376254139365
97.24000000000001	-11.90130537836786
97.25	-10.807349054581424
97.26	-10.562689404820691
97.27	-9.205515052212965
97.28	-8.351119684337931
97.29	-11.849124884621691
97.3	-10.12770798843165
97.31	-13.265339533369978
97.32000000000001	-14.50602315415224
97.33	-14.33951588851096
97.34	-9.507908298506772
97.35000000000001	-9.51135223705606
97.36	-13.645248563456143
97.37	-14.725542408621997
97.38	-15.738022728303557
97.39	-13.137759932907164
97.4	-12.86177434724237
97.41	-9.351422770116994
97.42	-4.935911767995186
97.43	-2.5357902458746353
97.44	-3.6330339524122808
97.45	-4.869419067095061
97.46000000000001	-7.488478085224679
97.47	-8.194948825444728
97.48	-6.931129521198061
97.49000000000001	-6.958996147694533
97.5	-7.049285464043576
97.51	-10.070583926330169
97.52	-13.19763532214684
97.53	-21.40639920941207
97.54	-16.02240910312106
97.55	-18.72359546514283
97.56	-22.47812112115713
97.57000000000001	-21.072130780851477
97.58	-25.86170784992808
97.59	-21.33435279506148
97.60000000000001	-23.60977289178843
97.61	-19.791295202290197
97.62	-15.320146644371532
97.63	-16.266578260934516
97.64	-14.527945912466361
97.65	-11.396182032020999
97.66	-9.01132711756003
97.67	-7.7032703102574835
97.68	-6.039750139673159
97.69	-4.705349003774008
97.7	-4.311620580567224
97.71000000000001	-4.703707109596178
97.72	-1.4467216180146931
97.73	4.851921162869765
97.74000000000001	2.890371641145959
97.75	7.8071979832821645
97.76	9.659430223507384
97.77	13.67517929134603
97.78	12.892178620402635
97.79	9.764410818543036
97.8	9.377415828773568
97.81	8.212772280855582
97.82000000000001	8.329244173889533
97.83	7.382546079336649
97.84	10.818697740620228
97.85000000000001	12.52167419098269
97.86	11.557531077249573
97.87	14.226440663732355
97.88	11.745629320845339
97.89	14.105748573895413
97.9	8.96856472188403
97.91	9.553593568397345
97.92	9.030059579300984
97.93	8.29865808139668
97.94	10.362736599828734
97.95	11.143913075706497
97.96000000000001	14.22631874161432
97.97	10.331042017404425
97.98	12.037452674478757
97.99000000000001	12.939006263011311
98.0	10.815819626210086
98.01	8.530664936217336
98.02	7.187824566626487
98.03	10.190061089997013
98.04	11.26138386198504
98.05	16.820179924142508
98.06	14.773392372058485
98.07000000000001	12.208598821872114
98.08	12.91394549677261
98.09	10.41562493092895
98.10000000000001	11.47855894917109
98.11	8.462608274695878
98.12	4.657244053279231
98.13	4.4533642230611195
98.14	4.1482061729834605
98.15	3.8413885563005667
98.16	1.513792438430548
98.17	1.2573303970283956
98.18	2.5488244786519525
98.19	2.147011317534073
98.2	2.299312554426837
98.21000000000001	6.746959336501074
98.22	10.486240613774248
98.23	9.33028670279016
98.24000000000001	9.184142541382148
98.25	9.597523355779092
98.26	7.310325636280787
98.27	9.206765110009945
98.28	9.411325610218684
98.29	7.4809094550032915
98.3	7.212999857793287
98.31	9.343854833327773
98.32000000000001	10.40186652974279
98.33	15.279325864254915
98.34	16.310568246298896
98.35000000000001	17.256795396320946
98.36	12.786912657364377
98.37	17.016918483936575
98.38	14.65797825522402
98.39	14.381186109901106
98.4	13.43690920122596
98.41	18.914761640601952
98.42	14.305254080910025
98.43	10.689865988915622
98.44	8.708072630804171
98.45	6.439733597845246
98.46000000000001	3.742725294445257
98.47	1.8630396374527982
98.48	0.9587594989550581
98.49000000000001	4.815181373144995
98.5	6.209525897157591
98.51	8.701794157914387
98.52	4.144589821620465
98.53	-0.20240548845684347
98.54	0.21132008787476012
98.55	3.0120029644875075
98.56	1.0011082718813022
98.57000000000001	-0.07435291562237634
98.58	1.5895309200719268
98.59	2.046469863388826
98.60000000000001	1.2330936126713192
98.61	-2.7651018227894446
98.62	-6.02038672900444
98.63	-7.770871282790701
98.64	-7.0179034015141415
98.65	-6.379773748198997
98.66	-7.984352746413613
98.67	-8.57992875133388
98.68	-8.264687276911385
98.69	-9.880551464148754
98.7	-7.5192106169251005
98.71000000000001	-6.112227146736016
98.72	-10.479469841434584
98.73	-8.614506810831926
98.74000000000001	-8.078993381817712
98.75	-6.445093435587675
98.76	-5.976155111684889
98.77	-2.02585923160243
98.78	-1.6313611588590762
98.79	-2.719991640136898
98.8	-3.6133593094741125
98.81	-4.574352989991116
98.82000000000001	-3.358368883537048
98.83	-2.8387302020295597
98.84	-5.223273787383684
98.85000000000001	-10.259825409234894
98.86	-11.664316504355337
98.87	-12.255846894339767
98.88	-10.558924464888728
98.89	-7.847718096579794
98.9	-4.627688777158291
98.91	-5.578955789335201
98.92	-8.29454271757965
98.93	-7.5605306413230515
98.94	-4.828555977269762
98.95	-4.485536117977465
98.96000000000001	-4.636955275897964
98.97	-4.656976683932762
98.98	-5.6972935825327164
98.99000000000001	-4.565279942359965
99.0	-3.1321850427460163
99.01	-6.762502056098985
99.02	-8.021337969984602
99.03	-6.048522841086642
99.04	-6.209036773850317
99.05	-4.517105170816247
99.06	-4.961374257550948
99.07000000000001	-5.107764615390536
99.08	-4.562557971259267
99.09	-1.77129174143296
99.10000000000001	-1.9337280000647545
99.11	-3.6650038833385077
99.12	-1.5309212395581437
99.13	-1.8692732127856635
99.14	-2.509568449432682
99.15	-1.0215300798712894
99.16	0.7877243821987376
99.17	5.509297439571003
99.18	5.559022783015957
99.19	5.406040967709423
99.2	2.096586790912248
99.21000000000001	4.891247690114405
99.22	7.549157581675055
99.23	9.219009748831203
99.24000000000001	14.082303290846811
99.25	14.343397669150272
99.26	13.63050491410816
99.27	11.421403059131693
99.28	7.788334151438872
99.29	9.649441241458925
99.3	9.297015569400587
99.31	7.653351992341781
99.32000000000001	9.039946327962602
99.33	7.341716568500486
99.34	7.789779201439609
99.35000000000001	8.36280019471026
99.36	8.052293870737445
99.37	6.734278767841306
99.38	9.3511816918688
99.39	8.607334135039011
99.4	9.889220448953335
99.41	6.097464482775672
99.42	8.651028939059248
99.43	11.225147681591741
99.44	8.44193854657929
99.45	6.048652659157806
99.46000000000001	5.0426172097214685
99.47	1.8373774005354266
99.48	0.014806334136585084
99.49000000000001	2.3307861409036916
99.5	5.858909529463749
99.51	10.783625307581547
99.52	9.860145148903271
99.53	6.457152004279357
99.54	8.879698465759349
99.55	10.500225974146545
99.56	9.83753677082261
99.57000000000001	8.574144471907825
99.58	13.559140451314915
99.59	10.871549638579184
99.60000000000001	13.215299638440534
99.61	9.2771105380928
99.62	10.329265184176002
99.63	11.03059159947786
99.64	17.70733604554918
99.65	13.975256565610627
99.66	12.222758081783601
99.67	13.502214863730309
99.68	10.170971469256365
99.69	8.157694258326032
99.7	7.700212866454189
99.71000000000001	13.92178892034438
99.72	9.53855791566578
99.73	6.4197453315817725
99.74000000000001	4.13152227423816
99.75	6.669134269277616
99.76	9.070019121656118
99.77	7.170133998060432
99.78	8.345502469241753
99.79	11.813956126873949
99.8	10.69072343379333
99.81	12.759729509020202
99.82000000000001	22.11705943752785
99.83	21.35896491643649
99.84	18.957580049959812
99.85000000000001	18.489073542906556
99.86	24.31886009380392
99.87	22.45043706521582
99.88	20.12973843412438
99.89	23.189996305712977
99.9	17.242111980702504
99.91	14.97084216412334
99.92	14.775627250315171
99.93	14.071268169283972
99.94	12.554561195990463
99.95	11.079085285489562
99.96000000000001	8.363755353071454
99.97	9.162429796966125
99.98	9.419569057055535
99.99000000000001	7.272669014751436
100.0	1.8886656603454686
100.01	0.46690482604352274
100.02	-0.1494320419498556
100.03	-3.494560717702113
100.04	-4.128922212454802
100.05	-3.503150235371959
100.06	-8.323573623255385
100.07000000000001	-17.969048462544208
100.08	-20.628235537653637
100.09	-16.72715665044736
100.10000000000001	-17.419686720773047
100.11	-16.01795137831639
100.12	-19.057871542645263
100.13	-18.48677523384988
100.14	-22.319503906878463
100.15	-23.03280859227093
100.16	-23.64160461975007
100.17	-23.70601966395867
100.18	-18.966112147972
100.19	-15.048238251841939
100.2	-15.377646283502862
100.21000000000001	-20.29124692693314
100.22	-20.36699640839447
100.23	-16.02437304787246
100.24000000000001	-17.503475946596875
100.25	-13.440053180742643
100.26	-17.763026590887197
100.27	-20.273906991937025
100.28	-14.845541900699489
100.29	-15.3307684219565
100.3	-12.410950278838724
100.31	-11.903487154134249
100.32000000000001	-18.79328906180199
100.33	-14.43861044320042
100.34	-14.413755657671755
100.35000000000001	-22.689741239855564
100.36	-17.45987851223347
100.37	-15.77084632075499
100.38	-13.689797966259258
100.39	-15.131107125890326
100.4	-21.825846428283533
100.41	-26.52144967577359
100.42	-29.54168031525553
100.43	-22.64918972527771
100.44	-19.222971639782987
100.45	-16.036822759721566
100.46000000000001	-12.270229895802485
100.47	-10.579019561835565
100.48	-9.054468022329347
100.49000000000001	-7.228920898819033
100.5	-7.544844776673363
100.51	-11.283249830049582
100.52	-11.073198715317984
100.53	-7.379752276853001
100.54	-7.415908096565815
100.55	-10.898515810518997
100.56	-13.105362674878105
100.57000000000001	-12.205141648320273
100.58	-10.871638362845284
100.59	-8.555575018522491
100.60000000000001	-17.827052299398478
100.61	-19.712179799259083
100.62	-20.649937574265063
100.63	-27.902849943463977
100.64	-23.11372091187649
100.65	-19.03367793993733
100.66	-15.918871089451864
100.67	-18.367323325262124
100.68	-14.97215376528823
100.69	-15.380049230408073
100.7	-16.858926579767466
100.71000000000001	-13.527627263456925
100.72	-12.545956080647658
100.73	-10.431298858095893
100.74000000000001	-9.827764987338197
100.75	-12.91592244922926
100.76	-13.87681290275212
100.77	-10.226327985464573
100.78	-10.04105192464799
100.79	-10.731694570496584
100.8	-7.95018823809041
100.81	-7.099834494886572
100.82000000000001	-7.599137651030202
100.83	-7.031779470585699
100.84	-1.0614612978072289
100.85000000000001	-3.664930774496011
100.86	-6.30584361536266
100.87	-8.235505721779237
100.88	-6.142909653546761
100.89	-10.55889677507572
100.9	-13.461491953603012
100.91	-16.66756625470872
100.92	-14.165059379641367
100.93	-13.564413286786264
100.94	-10.6965665714473
100.95	-10.295186226200686
100.96000000000001	-11.048854867604382
100.97	-9.377013409972939
100.98	-7.164362256225826
100.99000000000001	-6.202434766716633
101.0	-11.377343987320847
101.01	-13.036979586136205
101.02	-14.185502371743784
101.03	-11.52494754112483
101.04	-12.731798791430824
101.05	-14.504355955358337
101.06	-19.893257602919608
101.07000000000001	-22.23480138188823
101.08	-16.186093283854984
101.09	-17.31889615664333
101.10000000000001	-20.529805061762126
101.11	-27.966303834181087
101.12	-23.18939505891651
101.13	-21.129964269665116
101.14	-16.46965152481419
101.15	-14.096362429884996
101.16	-9.005551865899763
101.17	-7.54651412168129
101.18	-9.562810019392117
101.19	-14.994611165753687
101.2	-12.290298676160283
101.21000000000001	-9.386172763742612
101.22	-8.123068664533287
101.23	-6.847179089970906
101.24000000000001	-3.1794889493095635
101.25	-6.141294891226026
101.26	-1.4175306581397722
101.27	3.6754672579960936
101.28	5.2621075250673
101.29	7.335136141709473
101.3	6.879490561169745
101.31	1.9342126115774025
101.32000000000001	2.5293433826662093
101.33	-1.368534988342369
101.34	-3.1961458732786774
101.35000000000001	-5.785658031459823
101.36	-6.622545973760074
101.37	-13.628630899251293
101.38	-7.832085912280278
101.39	-1.0366974539888116
101.4	1.6151448554574859
101.41	2.399080791038155
101.42	3.507689854948485
101.43	3.372508213521898
101.44	2.830932530565935
101.45	4.038547068691695
101.46000000000001	4.415675184820101
101.47	2.603284647632747
101.48	3.3492572558747495
101.49000000000001	4.1583774298543865
101.5	8.768412994965477
101.51	9.102877960008934
101.52	15.240872590566685
101.53	11.161971356211474
101.54	9.830684196475394
101.55	13.745711940116676
101.56	10.171674754293944
101.57000000000001	10.333056659273705
101.58	10.23804034830511
101.59	11.454501103373179
101.60000000000001	8.990529311217724
101.61	10.62270078156546
101.62	11.581167947042367
101.63	16.978390402812995
101.64	14.722424125836536
101.65	11.880313574027676
101.66	13.173204519165134
101.67	15.891275161139735
101.68	14.515082677263498
101.69	13.107145145254375
101.7	12.355010414353728
101.71000000000001	11.391038871110432
101.72	10.957813178140988
101.73	9.56019980202868
101.74000000000001	9.167430215542138
101.75	8.529378190537196
101.76	8.627996634459372
101.77	4.65057554758829
101.78	11.361686989160704
101.79	12.95969218490553
101.8	14.037031761550345
101.81	12.590486180524175
101.82000000000001	10.403675467120129
101.83	7.786574788142585
101.84	6.399428648486353
101.85000000000001	8.28419721768077
101.86	8.792294910863772
101.87	12.224495808685466
101.88	12.228826053553036
101.89	10.676385054715595
101.9	12.40809960298521
101.91	11.053627483127466
101.92	17.034989297039804
101.93	13.497143756809512
101.94	13.418086069502882
101.95	11.002587888198937
101.96000000000001	9.694128859619788
101.97	8.976145032240755
101.98	12.011207889512942
101.99000000000001	8.448435509582001
102.0	8.962001502452464
102.01	8.457723904241062
102.02	8.058117486288015
102.03	10.41766411114804
102.04	9.872467797752284
102.05	8.209625086799868
102.06	6.0603892591645225
102.07000000000001	6.030317276407282
102.08	5.019988444548343
102.09	6.708534227156679
102.10000000000001	13.947172150640892
102.11	10.706636438875643
102.12	10.78322857115865
102.13	10.532897101728723
102.14	9.752353380686632
102.15	7.736082946884866
102.16	10.276789057142237
102.17	6.476921730224907
102.18	6.273823176359482
102.19	4.731389077991832
102.2	3.8508481831197328
102.21000000000001	2.887330406198569
102.22	4.198545125545438
102.23	3.597754146710446
102.24000000000001	4.512470988667827
102.25	2.828561543024063
102.26	7.26787916560165
102.27	13.65261718265296
102.28	11.22760359686642
102.29	10.323626083861779
102.3	10.598720798696277
102.31	8.049845897468147
102.32000000000001	8.918461549660565
102.33	10.756136758195533
102.34	8.70289553073811
102.35000000000001	7.47053814775865
102.36	10.457298567782363
102.37	7.389833016549225
102.38	4.483431108522599
102.39	5.56062772775326
102.4	2.782697238764218
102.41	1.8394569023076472
102.42	2.9087373125486415
102.43	7.594414119314014
102.44	5.753551385272374
102.45	5.731263464123233
102.46000000000001	6.652729547544476
102.47	8.898149211307965
102.48	12.473431215594896
102.49000000000001	9.59962781077284
102.5	8.74251415030249
102.51	8.867552110195918
102.52	7.766542001928549
102.53	3.5629190280797536
102.54	2.143986435165172
102.55	-0.3198632184586687
102.56	5.88920740539631
102.57000000000001	6.209321179570256
102.58	10.484054167301013
102.59	9.631830205154063
102.60000000000001	9.264176596445674
102.61	11.418697716656412
102.62	12.742914698259742
102.63	10.45894975394337
102.64	13.121837272939612
102.65	9.8419664233192
102.66	9.124292526044188
102.67	20.135293307648897
102.68	14.342370294634707
102.69	15.095071016528086
102.7	12.414625441787045
102.71000000000001	10.984939711294455
102.72	8.364428329323545
102.73	6.268462613169365
102.74000000000001	7.244474068909673
102.75	7.05787890289023
102.76	8.092875718223349
102.77	8.941249317865614
102.78	10.8508423930059
102.79	8.902719594312046
102.8	6.51537150044725
102.81	8.466897481971614
102.82000000000001	6.397819061060194
102.83	4.5837539618304834
102.84	1.623852307029865
102.85000000000001	-0.3285762158702134
102.86	0.6283635873426254
102.87	-1.0024859359952902
102.88	-0.7805413011325977
102.89	0.07515895377520654
102.9	2.339668234754838
102.91	0.7084203836092616
102.92	-3.5146116850621163
102.93	-2.2685444419396203
102.94	-0.09978263545173789
102.95	1.790924545826327
102.96000000000001	3.591182938387856
102.97	2.150449889458557
102.98	2.227647134167073
102.99000000000001	3.9105497119770947
103.0	4.103454210936505
103.01	3.593656374455082
103.02	4.175585119240539
103.03	5.086580814728296
103.04	5.380775424807058
103.05	2.3850849537215724
103.06	2.9649231440727664
103.07000000000001	0.6458527502272382
103.08	0.03238926350606181
103.09	0.29913934944046067
103.10000000000001	2.7515885962445674
103.11	3.5911348450799836
103.12	5.435745940259596
103.13	3.540355017380949
103.14	1.9123324134355697
103.15	2.274957609888834
103.16	0.22911254018734037
103.17	-1.4892188887022357
103.18	-6.3254959558144455
103.19	-3.025504700574625
103.2	1.726664110228609
103.21000000000001	1.3978847905943526
103.22	5.024470565373978
103.23	7.2169114521574595
103.24000000000001	8.328597867366815
103.25	6.349169843907875
103.26	7.340585954327581
103.27	5.164709406152248
103.28	6.09895021008326
103.29	6.858798323164014
103.3	9.249454050311115
103.31	6.042269156163514
103.32000000000001	8.465489299976753
103.33	8.285168009625346
103.34	7.313531033986915
103.35000000000001	5.30328614234191
103.36	4.852589590564032
103.37	4.473901420081998
103.38	4.182112389906479
103.39	3.772505201270549
103.4	3.286651436855686
103.41	3.4162690778428852
103.42	2.331781198507019
103.43	6.389186810569252
103.44	3.543918348767331
103.45	3.082220356640971
103.46000000000001	3.7032329342390473
103.47	-1.2073871415433055
103.48	-0.4879415829981451
103.49000000000001	-0.41046204993874785
103.5	0.2990009400843193
103.51	-0.33820273257723227
103.52	-0.1968969414018675
103.53	0.2790734675392596
103.54	-2.1992023419724926
103.55	-6.232791796700035
103.56	-5.336468226282601
103.57000000000001	-6.632989497796397
103.58	-8.914311605122178
103.59	-12.051547361169012
103.60000000000001	-12.32896953487423
103.61	-11.502176959906242
103.62	-12.13992235596637
103.63	-9.245430004733223
103.64	-6.4487299372817155
103.65	-3.7775187314421896
103.66	-1.6162129237088545
103.67	-3.9762279407254866
103.68	0.5573697306931342
103.69	0.11448941214941863
103.7	1.4589128131245128
103.71000000000001	-2.6445530256111676
103.72	-1.7851124226875956
103.73	1.140275752179585
103.74000000000001	-2.5918427412034997
103.75	-4.442903073743988
103.76	-8.29517224355393
103.77	-7.004854680371592
103.78	-8.481623126642596
103.79	-8.151903491036904
103.8	-6.7320871939653015
103.81	-14.330466736266072
103.82000000000001	-16.07036616664126
103.83	-23.251806404840625
103.84	-18.143761912142086
103.85000000000001	-16.929811522154083
103.86	-13.072650793288194
103.87	-11.003919302722664
103.88	-15.68279903825899
103.89	-14.754739872260416
103.9	-10.5681737277602
103.91	-8.211645989008368
103.92	-9.558895451752333
103.93	-10.341749566287579
103.94	-6.290448780467266
103.95	-3.6262293922900843
103.96000000000001	-1.350950918906286
103.97	-4.57552887414624
103.98	-7.521729698152687
103.99000000000001	-4.900486638628706
104.0	0.21324328925783567
104.01	1.4255108494334225
104.02	-0.12789277433709728
104.03	-1.3165037968181224
104.04	-0.6950475547882675
104.05	-2.7434088323585617
104.06	-6.27152971831392
104.07000000000001	-1.9180490128145593
104.08	-0.0919470301233832
104.09	-1.142145743440718
104.10000000000001	-0.37224617587846337
104.11	-0.3210640343796463
104.12	3.856404729062142
104.13	11.846786521559913
104.14	15.041699365203108
104.15	10.81605276366873
104.16	6.6189532462144545
104.17	13.04271185028953
104.18	10.027245357020051
104.19	9.678825920205105
104.2	10.43698101448718
104.21000000000001	7.0436772623819115
104.22	5.848262070544204
104.23	11.355276133467298
104.24000000000001	13.930084223850258
104.25	18.16846612522298
104.26	17.264944955597603
104.27	21.322658650709663
104.28	17.57418552927694
104.29	24.935538792253883
104.3	23.036707998719553
104.31	21.875482858167096
104.32000000000001	20.34563469894144
104.33	21.454519345595592
104.34	18.57390742910336
104.35000000000001	18.018406034387336
104.36	15.215610758328443
104.37	11.981276468597043
104.38	9.74674193928362
104.39	9.21008325867941
104.4	12.216335967317782
104.41	16.372722731219774
104.42	14.47339568107845
104.43	9.308694744113012
104.44	5.871297990304018
104.45	4.703367695265613
104.46000000000001	5.074727116923311
104.47	2.9148835450704094
104.48	5.684071014905885
104.49000000000001	10.611022570742236
104.5	20.090162442639166
104.51	15.801082116386265
104.52	13.593517013101486
104.53	10.944494474640777
104.54	10.965891812885944
104.55	9.100512290302143
104.56	10.060607188622878
104.57000000000001	9.294838471643434
104.58	8.109202915266422
104.59	5.5870069986445134
104.60000000000001	4.918286102354023
104.61	11.418223227024683
104.62	11.038045278540775
104.63	7.839729689121367
104.64	6.365822304552023
104.65	5.39679866392793
104.66	6.120018285101255
104.67	5.509334986548753
104.68	9.361102936999071
104.69	11.859694869590552
104.7	14.668805123554318
104.71000000000001	14.529276368952283
104.72	12.591125844576835
104.73	10.803608634951962
104.74000000000001	9.785295789719761
104.75	10.991127936201233
104.76	8.272634821947436
104.77	10.673914124048624
104.78	8.735916160990225
104.79	6.454118048436068
104.8	3.2465819590933043
104.81	1.9665558291482932
104.82000000000001	2.023180288231912
104.83	1.9308764119010742
104.84	-2.2701111155366482
104.85000000000001	-5.952899162146677
104.86	-4.667845409935168
104.87	-4.022794741408857
104.88	0.2463089837766407
104.89	1.0551595789035442
104.9	6.059477873226084
104.91	9.763743540810813
104.92	7.042865559280638
104.93	8.980579583930785
104.94	11.126078948278385
104.95	7.250007878550595
104.96000000000001	12.172213604856085
104.97	23.55613510553599
104.98	23.822546413850613
104.99000000000001	23.868006855548128
105.0	23.916359952288555
105.01	20.8935648309662
105.02	16.202689986592794
105.03	18.646340419816585
105.04	20.761181307284446
105.05	22.170370922120412
105.06	18.402400246045826
105.07000000000001	18.113265495789147
105.08	17.278156005636543
105.09	13.758730496314024
105.10000000000001	9.891159462943158
105.11	8.037740324533441
105.12	8.839925674753243
105.13	16.085509580094506
105.14	15.75990964889701
105.15	15.566826105959901
105.16	10.468575397515306
105.17	8.737081030214071
105.18	9.644011469545209
105.19	11.491519580720215
105.2	9.505404214231204
105.21000000000001	11.456488274893593
105.22	11.780201302841848
105.23	9.9916155867441
105.24000000000001	5.4257085453558105
105.25	7.7984200667065835
105.26	10.552999355580305
105.27	9.046185603156914
105.28	9.003531273007342
105.29	11.112660173504098
105.3	11.937366336761283
105.31	13.068075462033107
105.32000000000001	10.754898619439409
105.33	7.650326410049203
105.34	3.540705946588341
105.35000000000001	4.993976494057736
105.36	8.868719884613572
105.37	10.728939316644707
105.38	14.662562388876538
105.39	11.371151387507888
105.4	9.695528158174545
105.41	10.007162586678257
105.42	8.066003115670451
105.43	7.1785701756705755
105.44	13.787200819977416
105.45	15.794266523693285
105.46000000000001	15.978651900794402
105.47	15.736271061132665
105.48	11.383112615402391
105.49000000000001	8.901765044539486
105.5	8.985193758315988
105.51	9.148153742043277
105.52	10.657623964605028
105.53	7.414254517335704
105.54	6.40488253609852
105.55	6.074811116685091
105.56	9.898444060323717
105.57000000000001	9.729622472704929
105.58	7.100418787216407
105.59	8.565249134032173
105.60000000000001	13.165495840661016
105.61	15.141287399788244
105.62	17.612175755414437
105.63	22.044887662748057
105.64	26.059351787178855
105.65	22.07649853949039
105.66	22.75797804652049
105.67	22.97819675370757
105.68	20.41385553722452
105.69	17.78037217508707
105.7	16.91912216370396
105.71000000000001	19.952577192152525
105.72	18.287981343113973
105.73	17.551084956422322
105.74000000000001	17.09524602093603
105.75	15.191257192931658
105.76	13.24845634889923
105.77	13.360707043936879
105.78	14.525704137328077
105.79	13.700458478498788
105.8	13.96624653945955
105.81	16.898885014588977
105.82000000000001	20.62268932946127
105.83	16.908902335680608
105.84	11.39506655849949
105.85000000000001	9.795494905781913
105.86	9.60518309640205
105.87	8.41590214590354
105.88	6.501681795558136
105.89	6.527067292290877
105.9	11.590015816625154
105.91	11.695976505561411
105.92	11.688049171351055
105.93	15.389639962952003
105.94	14.733593161546011
105.95	14.737843686073543
105.96000000000001	12.921480985327598
105.97	15.023427839155355
105.98	12.171535208387866
105.99000000000001	13.43156346425364
106.0	13.4192703109272
106.01	10.021699708596856
106.02	13.232270413327083
106.03	11.682170195623984
106.04	14.675232620759996
106.05	15.16242396497357
106.06	11.750213846120511
106.07000000000001	17.327084072814923
106.08	10.366758714530171
106.09	7.961581417310152
106.10000000000001	8.387593689417367
106.11	6.623970211505264
106.12	6.282018623501266
106.13	9.848599867108877
106.14	10.861307055696674
106.15	13.250225765525618
106.16	10.643919635796635
106.17	7.148613589906139
106.18	4.7740133490174985
106.19	3.0522091957254007
106.2	4.934045850680567
106.21000000000001	6.83031043939469
106.22	12.275393504711257
106.23	12.924019429742309
106.24000000000001	10.051109809678263
106.25	10.645845032786209
106.26	14.388091855327218
106.27	15.178514377280438
106.28	12.497973577225391
106.29	7.715938651396245
106.3	6.141864673477239
106.31	5.2858725057294125
106.32000000000001	3.939756442340488
106.33	6.612663869402561
106.34	5.4428649430289475
106.35000000000001	8.557381166667835
106.36	9.671493712980524
106.37	12.88492213128279
106.38	9.967665596847771
106.39	8.15732554546503
106.4	3.8002515968593955
106.41	3.7816425824829683
106.42	6.098404571909768
106.43	10.097124652566235
106.44	7.389573969715487
106.45	6.139020675014598
106.46000000000001	3.6189220768315247
106.47	1.8384125833068028
106.48	1.6853313918214539
106.49000000000001	3.418048848679094
106.5	3.7967399291584845
106.51	3.068976330942582
106.52	3.1798478294922483
106.53	1.3252433386887035
106.54	1.4064134731119735
106.55	1.070314128425163
106.56	4.793654300869246
106.57000000000001	5.478605428373025
106.58	1.958741437938076
106.59	0.4062383103905434
106.60000000000001	0.7828360235543156
106.61	-0.568124269666393
106.62	-1.5464658736213595
106.63	-0.665737253808124
106.64	3.7280083653965925
106.65	4.984215327064846
106.66	5.629665444131166
106.67	10.870069134764156
106.68	10.335691088053194
106.69	10.844832337339147
106.7	10.504185917387339
106.71000000000001	14.009867172584224
106.72	12.836666533055572
106.73	12.558937616770427
106.74000000000001	15.214518112378693
106.75	14.975416201886581
106.76	17.92949818386195
106.77	23.667429948488536
106.78	16.616631363370416
106.79	10.980462712648006
106.8	9.961122775987988
106.81	10.798172611244212
106.82000000000001	13.876674066552745
106.83	16.508500128707144
106.84	17.223622514358194
106.85000000000001	19.163458242500614
106.86	18.356471804037767
106.87	18.145120676087192
106.88	20.134940514636515
106.89	19.997458808062664
106.9	14.533966693941526
106.91	15.429733063875045
106.92	12.506164505153572
106.93	16.198792095492287
106.94	15.386346481341066
106.95	11.364301504314087
106.96000000000001	9.10256691411759
106.97	4.805608835972663
106.98	3.3573322462681685
106.99000000000001	1.83684240277328
107.0	0.44453064480223786
107.01	0.21855650072916508
107.02	0.9647802158660668
107.03	0.823218999776562
107.04	3.725360435595
107.05	2.299119889231004
107.06	-1.227406025241283
107.07000000000001	-5.371659857659535
107.08	-7.933721522455667
107.09	-9.837079115265809
107.10000000000001	-7.735410302654961
107.11	-8.620058928193508
107.12	-7.779133938123572
107.13	-5.639881129540135
107.14	-5.570348675885668
107.15	-6.737924320903366
107.16	-3.2607156126273864
107.17	-2.111372024674533
107.18	-1.6254640636568667
107.19	-4.354445658916945
107.2	-5.548716886159105
107.21000000000001	-2.4572265184542124
107.22	-3.4314932685496773
107.23	-0.07231597170857769
107.24000000000001	-4.180785184108005
107.25	-7.349291842367198
107.26	-10.155846948661999
107.27	-10.871163526214609
107.28	-12.267608662576635
107.29	-11.841734908424161
107.3	-9.99295741295988
107.31	-7.705066871621933
107.32000000000001	-9.081782332354932
107.33	-7.683092304713076
107.34	-8.817963650987888
107.35000000000001	-8.730955419841816
107.36	-6.016575309721771
107.37	-4.535947250531665
107.38	-2.4175887045676467
107.39	-1.7032083425941071
107.4	-0.6919317287986186
107.41	-3.5249459109006556
107.42	-5.360448726895736
107.43	-5.467581927067841
107.44	-7.685558883702891
107.45	-5.63800033045447
107.46000000000001	-4.213293501629137
107.47	-6.21705199318238
107.48	-10.362005095736537
107.49000000000001	-11.143352083381462
107.5	-11.07447617784586
107.51	-12.891508920279907
107.52	-9.112589016462175
107.53	-8.57587337657155
107.54	-9.467422337729355
107.55	-14.499232004351015
107.56	-14.951233356505407
107.57000000000001	-15.56895631451448
107.58	-13.106066661292152
107.59	-12.037547751028828
107.60000000000001	-13.21642060103667
107.61	-13.064634793330114
107.62	-11.69592313981098
107.63	-8.122312525641096
107.64	-9.902025149806438
107.65	-8.791061948431807
107.66	-8.297499778305333
107.67	-9.713936774968632
107.68	-9.7939516031297
107.69	-16.99804691663963
107.7	-18.564398373715786
107.71000000000001	-29.494431957140215
107.72	-26.684217636846643
107.73	-24.348042379217706
107.74000000000001	-25.554896279687274
107.75	-17.500733588067373
107.76	-14.628066681429342
107.77	-11.393846693864937
107.78	-9.346260046107355
107.79	-10.118435774842691
107.8	-10.871426632720587
107.81	-14.416471623043778
107.82000000000001	-11.538629933493493
107.83	-9.250967187830438
107.84	-9.409241900962506
107.85000000000001	-7.327107907327755
107.86	-7.892860663564007
107.87	-12.907555105074708
107.88	-12.45346205221757
107.89	-14.146723903571855
107.9	-11.055201775959967
107.91	-8.582484428470755
107.92	-7.829886559340646
107.93	-5.134581824449257
107.94	-5.373289853733021
107.95	-4.332361879691354
107.96000000000001	-0.21459296784399096
107.97	4.103920545841136
107.98	3.101152053957458
107.99000000000001	5.230039151801609
108.0	5.12907296469153
108.01	7.7298205510109375
108.02	10.292357256750112
108.03	6.846692668893818
108.04	6.175204750601944
108.05	4.859916574112596
108.06	5.294812767946514
108.07000000000001	5.772176353786402
108.08	6.598304699884485
108.09	3.563044735082875
108.10000000000001	6.413284525211273
108.11	7.435924510030888
108.12	4.094179991551791
108.13	1.9835784302480137
108.14	7.129884132574327
108.15	7.296977138309567
108.16	7.774491857376848
108.17	7.859645017487944
108.18	7.80592331284854
108.19	14.492450111232607
108.2	14.568258088343875
108.21000000000001	11.998897990520817
108.22	8.116284023560329
108.23	8.168691323906094
108.24000000000001	7.053388570019229
108.25	0.22597057697914377
108.26	-3.624567597847346
108.27	-1.4633992809279892
108.28	-2.8771175963017916
108.29	-1.3744137244975096
108.3	0.11456685887362594
108.31	1.7706475550384437
108.32000000000001	3.642936674409416
108.33	5.903169534718093
108.34	7.367839125895834
108.35000000000001	13.432595538437027
108.36	13.166628251985905
108.37	14.15526927245029
108.38	24.49018104967783
108.39	25.248083754525492
108.4	28.108123048667295
108.41	28.73246162136997
108.42	22.234364994401254
108.43	13.279513766138423
108.44	15.63733320082288
108.45	15.510115165246244
108.46000000000001	12.97233745359855
108.47	8.071581052978722
108.48	5.742817539633713
108.49000000000001	6.5202060404455455
108.5	7.620309798669931
108.51	8.646798093691215
108.52	10.473077088468782
108.53	11.821687967323072
108.54	14.332500217421796
108.55	18.79297962184526
108.56	17.369028470009095
108.57000000000001	14.92246204430134
108.58	13.95503391590501
108.59	15.851833737378877
108.60000000000001	12.071125590064225
108.61	7.670719264798911
108.62	9.756408033020868
108.63	7.341979596867152
108.64	7.518434580431297
108.65	8.537093263833233
108.66	11.291155565194932
108.67	10.045025799123078
108.68	10.068133854361566
108.69	13.293159961062223
108.7	11.57765369723188
108.71000000000001	8.445570794332852
108.72	8.391987246686664
108.73	10.022010371205372
108.74000000000001	12.857302445316051
108.75	9.332502374478496
108.76	8.84400267149401
108.77	5.492912179864903
108.78	10.655102298433217
108.79	10.838417643153543
108.8	10.023659821919825
108.81	9.424770417887114
108.82000000000001	10.358025303640133
108.83	18.16672281150506
108.84	19.78553023548602
108.85000000000001	17.79976796000483
108.86	20.652394966159047
108.87	16.9708621008072
108.88	14.765393692789546
108.89	14.900672710387983
108.9	19.725721435069733
108.91	19.592584345087623
108.92	19.390904295421304
108.93	14.242960647395709
108.94	12.617479137004452
108.95	13.932944236497574
108.96000000000001	14.436932177006067
108.97	12.033353411435805
108.98	11.087199812639188
108.99000000000001	7.476264196665713
109.0	2.476897390836448
109.01	1.0097071994104643
109.02	-0.5995687498473395
109.03	1.0197695590876932
109.04	3.2303593116658367
109.05	5.775644106183142
109.06	6.911349351215016
109.07000000000001	8.624558613720195
109.08	6.4087841900791895
109.09	6.869153473583439
109.10000000000001	6.819784178601353
109.11	7.77044634248909
109.12	11.406132277467599
109.13	8.284342702200453
109.14	4.709539761719366
109.15	2.418964410916255
109.16	1.1926552347584096
109.17	0.7667452820865845
109.18	0.9922631008373551
109.19	7.937025013940698
109.2	8.46855279415372
109.21000000000001	8.193448727676216
109.22	7.150930866419963
109.23	8.779618226158751
109.24000000000001	7.65117814390604
109.25	4.120947087038402
109.26	4.189975554251029
109.27	4.383991812840977
109.28	8.77240285829007
109.29	8.650886108549884
109.3	6.20958380661417
109.31	7.899261306820252
109.32000000000001	6.080009911806545
109.33	4.957641346181644
109.34	4.4729712360405935
109.35000000000001	4.12669859411638
109.36	1.707264496968918
109.37	5.338933578729357
109.38	11.248075787861358
109.39	13.019691351528913
109.4	14.563700851523777
109.41	11.577007210466892
109.42	9.555828478771474
109.43	9.268044542025093
109.44	8.965796658803589
109.45	8.031137128135475
109.46000000000001	9.964185490402272
109.47	15.43492883865221
109.48	19.713611188848784
109.49000000000001	15.37578825226879
109.5	14.040583781073652
109.51	15.420397225710287
109.52	16.05865423014139
109.53	21.04737678107418
109.54	21.506957374700832
109.55	15.772937263026913
109.56	13.072019176709807
109.57000000000001	9.7317562099471
109.58	6.108370070952537
109.59	3.509932307221235
109.60000000000001	0.7698282070108603
109.61	1.355648537785633
109.62	2.084144488782231
109.63	1.7777859051187488
109.64	-3.536609640033937
109.65	-4.29654324278431
109.66	-4.38746014293806
109.67	-4.8595159598856785
109.68	-6.9772373189874255
109.69	-10.378336526709552
109.7	-10.106654390256802
109.71000000000001	-14.000752149224162
109.72	-10.23740357404604
109.73	-10.316009570731376
109.74000000000001	-16.02868305211794
109.75	-12.50660331309029
109.76	-13.047355432489349
109.77	-10.910439075059841
109.78	-8.70000268661599
109.79	-13.379088590309774
109.8	-10.743269981319118
109.81	-9.020270120448519
109.82000000000001	-8.303410304906492
109.83	-16.79311550404225
109.84	-14.673771362246642
109.85000000000001	-11.309158690675885
109.86	-8.266844826622764
109.87	-5.970600155102059
109.88	-5.992690233953994
109.89	-6.728679359603456
109.9	-7.18782634064392
109.91	-9.086888372046518
109.92	-6.802409361912965
109.93	-6.248513536382651
109.94	-5.387837310669383
109.95	-4.062101184042627
109.96000000000001	-4.101255185284961
109.97	-1.436638768357559
109.98	-3.6216155227727453
109.99000000000001	-2.8581496647070046
110.0	-2.6289373564836445
110.01	1.337051834179052
110.02	1.1335451899839513
110.03	1.6826489742170834
110.04	0.2769444661417962
110.05	-0.5120775072351592
110.06	-2.4320451942499814
110.07000000000001	-1.806613175635071
110.08	-2.0278303816939633
110.09	0.46627655288585773
110.10000000000001	-0.10275662172942614
110.11	1.804944660450454
110.12	3.884291912737287
110.13	3.1940609744095205
110.14	3.298124860891116
110.15	1.2511147315611673
110.16	-0.15916443725247983
110.17	3.6058460514509285
110.18	4.102166604078422
110.19	5.099719660093104
110.2	6.722951959522946
110.21000000000001	8.915303921601868
110.22	9.9325680036415
110.23	13.0726924899652
110.24000000000001	11.56523774971356
110.25	9.848395040818101
110.26	7.267783508628942
110.27	3.688650384056987
110.28	2.7859245867860962
110.29	3.4383430446284704
110.3	5.363680533755453
110.31	3.1431247180627744
110.32000000000001	-0.5969105850319036
110.33	-2.654925946540724
110.34	-0.90828996064558
110.35000000000001	-0.36290141915510404
110.36	-0.6623790818670112
110.37	-1.1546322354897869
110.38	0.2754238017436295
110.39	2.8934845864348198
110.4	1.9696534115870337
110.41	-0.4123010979088112
110.42	-3.408299180063964
110.43	-6.030487840755043
110.44	-5.357036280453088
110.45	-2.120117285595413
110.46000000000001	-4.352453207482769
110.47	-3.6108994129992387
110.48	-2.355129077458684
110.49000000000001	-3.5297543382044627
110.5	-6.95031350111548
110.51	-5.372715541122714
110.52	-5.603729975794629
110.53	-4.611823589025786
110.54	-3.2711186402155286
110.55	-4.830038050709633
110.56	-8.004735301872708
110.57000000000001	-6.569565242440395
110.58	-8.67282249470406
110.59	-11.71664895501088
110.60000000000001	-8.405527037945687
110.61	-6.792400484163312
110.62	-5.8950552554545235
110.63	-4.822157022142256
110.64	-6.9811055683529055
110.65	-2.174544702277656
110.66	-1.6392758804141037
110.67	-3.5640955564731334
110.68	-4.587960600049479
110.69	-7.203484167207562
110.7	-13.532914803672192
110.71000000000001	-13.045369114023197
110.72	-11.61380696327119
110.73	-10.495153908274643
110.74000000000001	-10.012117923995422
110.75	-12.774358333610179
110.76	-15.733098370742704
110.77	-14.571097817212127
110.78	-12.94781298318111
110.79	-12.055387767722355
110.8	-11.090014910807225
110.81	-12.60893945517142
110.82000000000001	-9.110306604044741
110.83	-5.623277791254478
110.84	-9.763106963562633
110.85000000000001	-8.62407833914684
110.86	-9.792113816059969
110.87	-11.90565364284177
110.88	-13.538280100680675
110.89	-16.84579035809141
110.9	-12.939631978545659
110.91	-14.308016425145443
110.92	-11.866944251954019
110.93	-10.604420630913154
110.94	-9.169980357118456
110.95	-8.219773011012855
110.96000000000001	-6.876770663426118
110.97	-7.379676021250595
110.98	-7.326108256625387
110.99000000000001	-6.908904402452598
111.0	-7.2856017359396
111.01	-5.926758598563848
111.02	-7.185471797076006
111.03	-3.024916426626894
111.04	-0.9833377750552083
111.05	-3.2135983488017823
111.06	-2.809398894728971
111.07000000000001	-9.46053960465033
111.08	-6.894258061244561
111.09	-5.791343044381802
111.10000000000001	-8.316079210755785
111.11	-8.314802481670327
111.12	-7.806776057186575
111.13	-9.929628692855765
111.14	-12.806866268729276
111.15	-15.909308946074855
111.16	-14.386533320646913
111.17	-12.888286299328048
111.18	-9.667718703548347
111.19	-7.531751500055896
111.2	-7.815850804109992
111.21000000000001	-7.711406442231843
111.22	-10.459695633145703
111.23	-10.98707145070136
111.24000000000001	-8.81699787266207
111.25	-9.563810962645864
111.26	-10.307113125254565
111.27	-10.570417563585526
111.28	-9.158449792643589
111.29	-9.304788798714503
111.3	-8.82315249531908
111.31	-7.472422920779597
111.32000000000001	-14.903848795306711
111.33	-15.98330411505602
111.34	-13.364564111551667
111.35000000000001	-10.12554396617765
111.36	-12.569408968108414
111.37	-14.54361481024344
111.38	-13.347472188072773
111.39	-12.730651369085743
111.4	-16.108923252771355
111.41	-25.3326072005279
111.42	-21.969452208816502
111.43	-20.297174820837977
111.44	-15.905433106178593
111.45	-14.285352004214138
111.46000000000001	-17.1501204878635
111.47	-13.839154538326756
111.48	-13.891548372897663
111.49000000000001	-10.141592753292686
111.5	-10.547635986647807
111.51	-9.746210934763909
111.52	-10.831519427120476
111.53	-8.922044521524679
111.54	-11.728983273947101
111.55	-9.947151204850009
111.56	-6.808302273997674
111.57000000000001	-5.271860128417304
111.58	-5.448498603374131
111.59	-11.169071607340289
111.60000000000001	-9.643196473697337
111.61	-11.881358937027608
111.62	-10.09248758556535
111.63	-10.952297136455934
111.64	-12.45972261479935
111.65	-10.43136702615712
111.66	-8.985909740640347
111.67	-13.001258824447893
111.68	-12.937168093054414
111.69	-11.548112796928985
111.7	-11.137180523066744
111.71000000000001	-21.806767120252804
111.72	-24.361048334993647
111.73	-20.003966201600477
111.74000000000001	-22.91267740206131
111.75	-28.210990076512054
111.76	-25.17768737074728
111.77	-26.80658531061473
111.78	-20.920100678941523
111.79	-15.72498114692573
111.8	-12.250901345959146
111.81	-12.921763183345556
111.82000000000001	-10.723293954045543
111.83	-10.513125324160058
111.84	-10.778685891094995
111.85000000000001	-11.876672228367585
111.86	-17.66800679552364
111.87	-18.14761441129313
111.88	-25.016944732555828
111.89	-21.709536405594715
111.9	-21.803668589739363
111.91	-16.82208999395942
111.92	-12.471870996532918
111.93	-9.821921992199643
111.94	-6.442186141894918
111.95	-5.855966712621568
111.96000000000001	-4.951458574464891
111.97	-4.80618034434974
111.98	-7.631816053049529
111.99000000000001	-12.063422640131233
112.0	-9.807735972868615
112.01	-8.025981686501458
112.02	-5.851031417535781
112.03	-2.027147872054789
112.04	0.9700195575852817
112.05	1.1290137445844186
112.06	0.3591100798892401
112.07000000000001	3.86159105785822
112.08	2.9741132558615644
112.09	5.722840991267786
112.10000000000001	7.565911908180226
112.11	12.530097960337352
112.12	14.9070812236452
112.13	11.7856758197268
112.14	9.642784729814101
112.15	9.382670137322561
112.16	8.647310158564126
112.17	7.090573172513677
112.18	6.81950828623745
112.19	14.508893960572326
112.2	14.448809558527154
112.21000000000001	14.517847431398385
112.22	19.370141534184093
112.23	19.372518471672443
112.24000000000001	16.251309533398356
112.25	12.75143527663581
112.26	10.528728666168789
112.27	11.449830461816175
112.28	12.42768816171159
112.29	19.497827045709762
112.3	24.16579253831211
112.31	23.102988518288804
112.32000000000001	19.59921525988258
112.33	19.650070201241952
112.34	17.491939547446727
112.35000000000001	14.89265800671185
112.36	11.657393858743578
112.37	9.04331928917833
112.38	7.266491762074854
112.39	7.022269087650812
112.4	6.102232887819426
112.41	7.26322007720998
112.42	5.66442827604172
112.43	7.213587675263077
112.44	5.582952183535919
112.45	9.768270044508293
112.46000000000001	6.987522476723306
112.47	5.470363640172696
112.48	6.510693484055271
112.49000000000001	8.249277771850048
112.5	6.416857071522445
112.51	6.244288267690227
112.52	6.951566443592766
112.53	7.081450094897483
112.54	9.340626289496832
112.55	10.567879747752091
112.56	9.18577129323964
112.57000000000001	7.806582402902527
112.58	6.998128766200809
112.59	4.184680157820549
112.60000000000001	6.500907915575122
112.61	5.920421726898215
112.62	9.459386696645028
112.63	14.766865288269177
112.64	11.270879544722257
112.65	12.464710960423407
112.66	12.667177896788173
112.67	9.93952045650109
112.68	10.708371997481333
112.69	12.071116180900189
112.7	8.816189224024713
112.71000000000001	7.414468146020248
112.72	6.176209094916217
112.73	6.980816451553468
112.74000000000001	13.599916916398284
112.75	11.08524951833798
112.76	9.160396302928735
112.77	7.666307065831833
112.78	8.881030244964847
112.79	4.803008427070518
112.8	1.5612187182412491
112.81	0.07596854652958461
112.82000000000001	0.9954218859503472
112.83	-0.6541291791545053
112.84	1.4938969685543115
112.85000000000001	1.5485532250378329
112.86	1.2028741386073336
112.87	5.153988167863718
112.88	0.14886505101876177
112.89	-1.9210573869420768
112.9	-0.1337106184882302
112.91	0.9506643426798304
112.92	-4.92334254978075
112.93	-2.220506453298884
112.94	-1.3643512377588367
112.95	0.5986827795062138
112.96000000000001	0.7209891489335757
112.97	1.5040482968890412
112.98	2.117875038135003
112.99000000000001	4.133937004501622
113.0	3.727379533613031
113.01	4.680508360858444
113.02	5.646720671474628
113.03	5.101561960317647
113.04	4.428417967670012
113.05	1.828241894259286
113.06	1.8236496812669296
113.07000000000001	4.429355022771106
113.08	6.32027579758856
113.09	7.880442354862591
113.10000000000001	7.173237061781239
113.11	7.689367442733528
113.12	10.185360618543296
113.13	7.35336052123862
113.14	9.81618084816577
113.15	12.603252036109957
113.16	11.47915616923533
113.17	9.537158722510416
113.18	10.31771763838678
113.19	10.201600084861246
113.2	9.015586653225014
113.21000000000001	10.366239971203898
113.22	11.328303931716741
113.23	10.745192095561352
113.24000000000001	10.05526201251065
113.25	14.721351988032792
113.26	12.220594713640086
113.27	11.616264769092366
113.28	11.037526569559281
113.29	8.456799149755296
113.3	8.567206863359482
113.31	9.378452124228334
113.32000000000001	9.626201563638574
113.33	5.318395701300922
113.34	5.514903432283826
113.35000000000001	7.276112264768605
113.36	9.834390450793466
113.37	10.88222020802606
113.38	12.220763515402203
113.39	16.811689574880923
113.4	14.343070392292592
113.41	12.832667862419687
113.42	12.943784057043834
113.43	14.521130037754277
113.44	14.040726588348695
113.45	14.687625739852082
113.46000000000001	15.640197371882296
113.47	12.937170056839468
113.48	9.907382432047712
113.49000000000001	8.509700215323887
113.5	6.711131959875627
113.51	6.689585804832268
113.52	5.690646131116345
113.53	6.553056726245667
113.54	5.66175049535048
113.55	3.759695799765074
113.56	2.4509974330974864
113.57000000000001	2.144751353632304
113.58	-0.9063296765092332
113.59	-0.8798729573376926
113.60000000000001	1.9981915907897185
113.61	0.6488979703505702
113.62	-2.716921094240312
113.63	-4.960946454857724
113.64	-6.096970526993791
113.65	-5.383006647657305
113.66	-4.22557038121291
113.67	-5.623683210999111
113.68	-4.009034042608659
113.69	-3.68143590092532
113.7	-0.5523219250032317
113.71000000000001	0.16636080614350943
113.72	0.8439937795935056
113.73	1.5633923550182611
113.74000000000001	1.5440352845544782
113.75	-0.5039980776669359
113.76	1.31893627299096
113.77	1.56123456460484
113.78	0.9710489353332853
113.79	1.9815335167969323
113.8	4.357083326395533
113.81	7.618269921958661
113.82000000000001	12.422246380855201
113.83	14.371616268735758
113.84	14.404644637213325
113.85000000000001	14.944153448455276
113.86	13.714096405894347
113.87	10.063520126879295
113.88	6.994875126802268
113.89	3.9688511300013167
113.9	1.079924455197187
113.91	-1.8477034049844332
113.92	-2.954799847939906
113.93	-4.519215628598164
113.94	-3.968153452976267
113.95	-5.754271324637068
113.96000000000001	-5.827957081116464
113.97	-5.669245357204762
113.98	-8.968837894271351
113.99000000000001	-8.261365757897623
114.0	-7.195315671525186
114.01	-7.180147130859652
114.02	-6.119954698721784
114.03	-9.07446811002703
114.04	-9.110880497412953
114.05	-13.531948392255625
114.06	-12.074591889457269
114.07000000000001	-8.220381613888755
114.08	-4.022878196282488
114.09	-2.2177180296576253
114.10000000000001	-3.54902155223231
114.11	-5.628685979360116
114.12	-5.102230084617165
114.13	-7.651147097613063
114.14	-9.573012571923085
114.15	-8.285365135472103
114.16	-11.948292624965834
114.17	-9.586327874996366
114.18	-5.037996733299234
114.19	-8.428185749356794
114.2	-5.081412635443762
114.21000000000001	-4.471046983090644
114.22	-10.411120164243115
114.23	-8.94878527939212
114.24000000000001	-5.937177961668475
114.25	-7.730744410282252
114.26	-6.47890562976117
114.27	-13.278930722413975
114.28	-12.15717588447368
114.29	-18.78804512015196
114.3	-16.448262102468338
114.31	-16.40327605265619
114.32000000000001	-14.379010095896772
114.33	-16.672717078378238
114.34	-13.853800268426829
114.35000000000001	-11.998706926994444
114.36	-15.93744578924076
114.37	-21.039220672191526
114.38	-15.839087447431405
114.39	-11.961651737773014
114.4	-12.536471477279918
114.41	-9.314371477902615
114.42	-8.668737616547551
114.43	-12.54662913757317
114.44	-18.26810016803414
114.45	-23.65747269842358
114.46000000000001	-17.767081119498698
114.47	-16.131828603104704
114.48	-14.828624478522414
114.49000000000001	-12.113165719500858
114.5	-13.397034240182236
114.51	-14.678933515112613
114.52	-18.99216310668219
114.53	-16.580171516470593
114.54	-16.653057024390954
114.55	-14.457217919031224
114.56	-13.523096816325932
114.57000000000001	-9.281510356564606
114.58	-12.734558952152705
114.59	-15.854105525682824
114.60000000000001	-10.731906483223053
114.61	-17.03767283191216
114.62	-14.010400600780075
114.63	-12.667911367035629
114.64	-10.637207778902953
114.65	-12.008383744216488
114.66	-13.300567940844314
114.67	-12.964649446081053
114.68	-12.217979420922456
114.69	-18.5709322778021
114.7	-16.741182599997156
114.71000000000001	-15.279240874554393
114.72	-13.640158481387513
114.73	-13.040435260015167
114.74000000000001	-11.59558566476866
114.75	-17.59354269564349
114.76	-13.831884787154948
114.77	-11.624025019559756
114.78	-15.751414035845904
114.79	-14.70328857687298
114.8	-11.785315582184086
114.81	-12.908474256876387
114.82000000000001	-7.4673558987039685
114.83	-11.826924313718596
114.84	-9.928634906558718
114.85000000000001	-9.07124801338833
114.86	-8.900025667690782
114.87	-7.830184734392752
114.88	-5.526500335627036
114.89	-5.753462194328574
114.9	-9.305972125676055
114.91	-11.892251099688462
114.92	-9.246690216109025
114.93	-9.8502708533941
114.94	-10.617624929578415
114.95	-13.282613142882019
114.96000000000001	-13.408519623124409
114.97	-11.079463388156482
114.98	-15.068310925077975
114.99000000000001	-10.981976732294212
115.0	-6.5142142735290545
115.01	-4.9276906136132475
115.02	-3.384828371498351
115.03	-2.2574856436276156
115.04	-1.4472188264767178
115.05	-1.2473555022890848
115.06	-2.4589928849602822
115.07000000000001	-1.8247017973953428
115.08	-1.1390876811082695
115.09	0.4548394914657118
115.10000000000001	0.4212958449986406
115.11	-2.9252044243071302
115.12	-2.354262057621601
115.13	-0.3464363163150118
115.14	2.609172589069212
115.15	8.491979260473537
115.16	7.425237296569092
115.17	3.888353407484888
115.18	2.5239465000630377
115.19	5.418062972219567
115.2	5.950454697067226
115.21000000000001	11.808163523657226
115.22	13.884570973309236
115.23	13.912899399672463
115.24000000000001	13.621656202371817
115.25	12.008828159574787
115.26	10.157517719584273
115.27	10.716409230749894
115.28	9.158612897651276
115.29	8.874774851420202
115.3	10.550366097167997
115.31	7.966345171039642
115.32000000000001	8.956361113458758
115.33	10.677621945407855
115.34	7.303018465983056
115.35000000000001	6.628759698597549
115.36	10.785991453563259
115.37	14.367463032660941
115.38	12.297505924991512
115.39	9.589397374431778
115.4	8.628212999523589
115.41	10.415192739144238
115.42	8.910801894221201
115.43	6.812968351164952
115.44	8.339479151435249
115.45	10.403802116662915
115.46000000000001	13.55831767407885
115.47	13.251813234581006
115.48	9.367321269321517
115.49000000000001	11.651990719616624
115.5	9.924306319883414
115.51	8.84274379712668
115.52	7.389718160875695
115.53	8.86923072604366
115.54	5.443134653246466
115.55	1.6413798454378699
115.56	0.29408865324764394
115.57000000000001	-2.70297188770893
115.58	1.2827158772158966
115.59	7.430823217809561
115.60000000000001	6.5168027483324975
115.61	9.270974639209282
115.62	11.39994850203417
115.63	13.555249725042708
115.64	13.24371354691
115.65	10.765470323701681
115.66	10.26738912500603
115.67	10.140699131579947
115.68	9.592343483692497
115.69	10.748505170482833
115.7	12.773056759822321
115.71000000000001	11.93533084669162
115.72	17.54303853844013
115.73	14.70292582825435
115.74000000000001	12.387496186380181
115.75	12.38867034697917
115.76	13.962959724562864
115.77	11.827567196586864
115.78	12.168723132195879
115.79	10.219335923839882
115.8	10.683593883727804
115.81	10.535052384556376
115.82000000000001	7.707022228205687
115.83	4.108788693034181
115.84	3.175694196443798
115.85000000000001	6.656859081114629
115.86	5.656516205834406
115.87	10.317420281339883
115.88	8.768416256087768
115.89	5.839254512822096
115.9	4.724769915084652
115.91	7.222488803429224
115.92	7.828915906264158
115.93	7.263831180013495
115.94	6.764682878065392
115.95	7.8831892782028
115.96000000000001	8.595705432855873
115.97	8.969010426429707
115.98	7.19488182023326
115.99000000000001	6.1622974134738495
116.0	8.031981109116614
116.01	7.795574956092989
116.02	8.766626453856565
116.03	6.022332586669975
116.04	3.936125813242947
116.05	3.983963467722829
116.06	1.3891403481932976
116.07000000000001	-1.8481184437602907
116.08	-0.694257188251208
116.09	0.7309640229493305
116.10000000000001	1.169154970786384
116.11	2.791865157257642
116.12	2.3015102000591017
116.13	2.7685648597399437
116.14	5.012051189617827
116.15	6.854073247783366
116.16	4.006611279630482
116.17	8.80934185874154
116.18	9.781630854612283
116.19	10.838090973796332
116.2	10.365820785832463
116.21000000000001	10.70658637861835
116.22	12.678919600580322
116.23	21.134870739688346
116.24000000000001	16.720301844588857
116.25	12.718731257298238
116.26	10.715225625795137
116.27	12.794406865029979
116.28	16.04109455367154
116.29	17.544789283926978
116.3	17.352532617764226
116.31	15.11856263626601
116.32000000000001	21.467099178573932
116.33	20.69485341479303
116.34	17.364355592330366
116.35000000000001	14.15705246335105
116.36	18.769981298697296
116.37	16.748041397255236
116.38	18.928317566276277
116.39	14.842055284538002
116.4	10.719807085682634
116.41	8.524343845459171
116.42	7.800579199712019
116.43	5.983694811318087
116.44	5.669421431477609
116.45	0.6532985645342004
116.46000000000001	-0.22935668602744222
116.47	-2.2618284592090805
116.48	-2.166722874254963
116.49000000000001	-1.3405903598373659
116.5	-0.7865537151512568
116.51	-1.8814967255878339
116.52	-3.2880561203197396
116.53	-5.284053209292407
116.54	-4.1479287524313415
116.55	-3.3810123083063592
116.56	-3.3454032658266857
116.57000000000001	-1.2335404576777216
116.58	-2.3187665597677793
116.59	-2.9626616465445945
116.60000000000001	-4.238905667603599
116.61	-7.426792052121267
116.62	-11.31271613731586
116.63	-16.862075620030193
116.64	-20.05390987003347
116.65	-20.634579717536063
116.66	-17.813903794499375
116.67	-13.104079318615426
116.68	-11.45023333235974
116.69	-8.614520650414729
116.7	-11.298442746398138
116.71000000000001	-10.122434383698959
116.72	-12.958004146734885
116.73	-8.847160406563965
116.74000000000001	-6.126597973564283
116.75	-5.444222201462771
116.76	-6.438509112769277
116.77	-10.150180642675116
116.78	-19.137213897021944
116.79	-16.682704187146037
116.8	-16.208964459023534
116.81	-21.496555736061367
116.82000000000001	-22.92315435910872
116.83	-21.217045568754127
116.84	-17.889013201605135
116.85000000000001	-15.705571908212569
116.86	-13.767479628869566
116.87	-15.203730183919705
116.88	-14.01103594345222
116.89	-15.149208124199012
116.9	-14.0231769874553
116.91	-10.710114558702966
116.92	-9.678380135754846
116.93	-12.35425346945466
116.94	-18.453120277519705
116.95	-14.367448795406256
116.96000000000001	-11.52830968133636
116.97	-10.467150697523781
116.98	-12.462088898401904
116.99000000000001	-14.632380176405064
117.0	-11.743069109642844
117.01	-12.452899022281539
117.02	-9.352550466506434
117.03	-7.173935414648
117.04	-6.427671298845761
117.05	-5.096859281244321
117.06	-5.091762391482468
117.07000000000001	-10.088817125111099
117.08	-5.808880661665174
117.09	-7.212104086968156
117.10000000000001	-8.822188308059609
117.11	-6.871932339311192
117.12	-12.098284167076017
117.13	-9.292259237052582
117.14	-8.05194095840016
117.15	-7.80020250455433
117.16	-6.568648982622416
117.17	0.037699383242616305
117.18	3.5081260844934192
117.19	5.817434625254194
117.2	13.096994301150936
117.21000000000001	15.553849293564452
117.22	11.707994709407334
117.23	15.539542387173045
117.24000000000001	10.171463216697836
117.25	9.246362871366635
117.26	10.060135194600248
117.27	8.993438342837058
117.28	6.955087696572204
117.29	8.021600792381873
117.3	7.759509763704777
117.31	12.02721638226643
117.32000000000001	14.141671286150236
117.33	13.904805451430137
117.34	20.1638165864642
117.35000000000001	23.939254429054323
117.36	25.595541933897866
117.37	23.922770331919864
117.38	21.878517704625843
117.39	19.42556051813161
117.4	21.359173145597357
117.41	17.328304245394754
117.42	14.58626447195134
117.43	14.548579213674323
117.44	13.109974002574697
117.45	17.872716066501575
117.46000000000001	17.773978084958955
117.47	21.29876202333462
117.48	25.373000254580344
117.49000000000001	25.29792664600231
117.5	21.332497466147398
117.51	28.99390167552831
117.52	25.088701600815096
117.53	20.63730129208723
117.54	16.577931197612646
117.55	13.525458544728005
117.56	12.408955336479641
117.57000000000001	12.832396330428235
117.58	11.898974159652793
117.59	12.055850059371501
117.60000000000001	11.570225428290009
117.61	8.386399456634187
117.62	8.590725531224876
117.63	10.640236199203892
117.64	10.56718507611518
117.65	8.463402763019408
117.66	9.043687121796584
117.67	9.114685199733394
117.68	8.743996411086519
117.69	13.908048066355427
117.7	14.237056012781723
117.71000000000001	12.087644536186687
117.72	12.238438184024107
117.73	15.522668896846971
117.74000000000001	17.174732952793708
117.75	14.920331546323215
117.76	15.119308809600396
117.77	14.305514024727724
117.78	20.121460792591694
117.79	25.115926033551307
117.8	25.83751594131821
117.81	19.925323245931306
117.82000000000001	20.72238030898938
117.83	20.3058629289718
117.84	19.229336671377514
117.85000000000001	17.79651075351204
117.86	13.652174865336061
117.87	11.905529072097774
117.88	10.754098091973765
117.89	11.119048865779531
117.9	14.121292407790534
117.91	10.025223642908422
117.92	7.491535512138857
117.93	5.797034118287069
117.94	4.988729364458931
117.95	4.881546412907423
117.96000000000001	1.6811491473525189
117.97	-0.08322492561518142
117.98	3.930323878772124
117.99000000000001	5.628924999452261
118.0	3.4299669015981524
118.01	6.415133046030747
118.02	10.82413267524197
118.03	11.617137664273802
118.04	10.8033924233985
118.05	9.986595984796294
118.06	10.961211933802666
118.07000000000001	8.646878474945915
118.08	14.285495346464467
118.09	14.395453512502574
118.10000000000001	11.408291385664292
118.11	10.999180393190567
118.12	8.019436340510532
118.13	4.785218894618682
118.14	2.3379601317063208
118.15	5.680462948657986
118.16	2.8205218082949
118.17	5.190423419335176
118.18	3.6506496666193304
118.19	6.648563536738024
118.2	7.335081776269959
118.21000000000001	7.360196454855665
118.22	3.183716218932183
118.23	1.5286297919986742
118.24000000000001	0.9011985540857924
118.25	3.908016441684129
118.26	8.795399369469513
118.27	8.168097552996258
118.28	12.01220244556526
118.29	9.79377674415449
118.3	10.159021444162335
118.31	20.252694628044207
118.32000000000001	22.434135060772544
118.33	21.282584622198545
118.34	30.59149589758306
118.35000000000001	24.291740073475346
118.36	18.673800238903144
118.37	16.870371743307416
118.38	15.331435999902645
118.39	13.571889476935153
118.4	10.957618587417498
118.41	8.581814181424924
118.42	5.012871807882373
118.43	3.6040806926565954
118.44	5.63666979434
118.45	7.237449361589055
118.46000000000001	8.365226774863768
118.47	6.983393539211413
118.48	7.802369621906984
118.49000000000001	11.909063612963052
118.5	13.064905706055487
118.51	9.091212248783062
118.52	7.41941538496262
118.53	8.43676358418242
118.54	9.504492317063086
118.55	12.561105102153624
118.56	12.596942628537517
118.57000000000001	12.575738790602486
118.58	10.907908521554864
118.59	7.7921332150640685
118.60000000000001	4.4425947881563905
118.61	2.2265160661979957
118.62	2.9408404451136554
118.63	6.06842018962743
118.64	7.973242886352224
118.65	11.626604847643817
118.66	6.579137780882891
118.67	8.749528724354322
118.68	5.892331662982835
118.69	4.620116827918239
118.7	5.291609807139682
118.71000000000001	4.151679839466195
118.72	3.5544947394031357
118.73	3.0804157283360403
118.74000000000001	2.6480819770230664
118.75	2.586763517707404
118.76	-3.414980066508228
118.77	-0.05191813415307018
118.78	1.2092274793032682
118.79	7.422229669580532
118.8	8.390626688840861
118.81	6.7685285242183655
118.82000000000001	5.2152625383724445
118.83	5.932319832060223
118.84	11.160445483414584
118.85000000000001	8.64572760784479
118.86	11.335658006247264
118.87	10.769744743708952
118.88	9.960486908373268
118.89	11.635608083266854
118.9	9.956386502576644
118.91	8.215897303665546
118.92	8.036632843315466
118.93	6.755386735702078
118.94	6.884304312466759
118.95	3.1686241700628988
118.96000000000001	2.81985568337104
118.97	2.714126754686254
118.98	1.5577818558369503
118.99000000000001	-3.080016122389093
119.0	0.5292830060042835
119.01	2.7386360635203446
119.02	2.1888145500910174
119.03	2.539450194320554
119.04	3.13775220073684
119.05	6.531876973757384
119.06	9.261288545896985
119.07000000000001	18.037387216584396
119.08	15.195056145211224
119.09	13.556297067550702
119.10000000000001	12.673856985353419
119.11	11.382072779366977
119.12	9.486954365705012
119.13	7.938347167793166
119.14	5.671315740671789
119.15	5.551778230575088
119.16	1.4078915722127885
119.17	2.9776945746243184
119.18	-0.2681691733368031
119.19	-1.324581949752068
119.2	-0.5157416614803215
119.21000000000001	-1.603156661097358
119.22	-3.3373610579905053
119.23	-3.7109626847183175
119.24000000000001	0.13501679427887534
119.25	3.2867334346193466
119.26	0.42555527245520036
119.27	1.2250991442168484
119.28	1.705976104306187
119.29	2.248131045127864
119.3	-2.455316924234299
119.31	-6.386708553233952
119.32000000000001	-10.991966019522271
119.33	-10.56980820044072
119.34	-8.50106997557259
119.35000000000001	-7.543390893337878
119.36	-8.660414734968393
119.37	-8.240322420816499
119.38	-8.300579456964533
119.39	-8.056104567869475
119.4	-9.942545115004192
119.41	-10.543173501521332
119.42	-12.354268757967116
119.43	-11.541108627201515
119.44	-7.720513343126068
119.45	-8.574346293641563
119.46000000000001	-9.68175376597071
119.47	-8.668221405422768
119.48	-13.809159298206826
119.49000000000001	-15.345557379548264
119.5	-15.88886400648399
119.51	-19.812400302784013
119.52	-15.782952739343644
119.53	-10.495587823126602
119.54	-8.318681307208625
119.55	-10.848825571288273
119.56	-11.874170286136053
119.57000000000001	-11.329151579348654
119.58	-11.567998402791824
119.59	-9.663212185591602
119.60000000000001	-6.243649205028704
119.61	-6.539573821366213
119.62	-7.7288537451149
119.63	-6.979649299886153
119.64	-5.421863894800576
119.65	-6.840081091863452
119.66	-7.904180097122817
119.67	-11.585983382829657
119.68	-13.952521299025436
119.69	-16.954093826871055
119.7	-13.674665434387192
119.71000000000001	-10.86340636797993
119.72	-11.100554632893708
119.73	-11.59617877131896
119.74000000000001	-11.67565737940007
119.75	-8.836104673920273
119.76	-6.450840460023948
119.77	-6.912756451613057
119.78	-7.649866725906443
119.79	-7.840255691613576
119.8	-8.183019410572799
119.81	-8.915468263993386
119.82000000000001	-9.025099458206192
119.83	-9.25507249257243
119.84	-10.998628229316264
119.85000000000001	-9.91610325720154
119.86	-9.931312648984566
119.87	-9.002104456651665
119.88	-7.235323099475955
119.89	-10.750833547086348
119.9	-12.798254859159506
119.91	-7.45624562327481
119.92	-5.229776303822108
119.93	-5.5322980899261855
119.94	-7.632047885961444
119.95	-7.594603570900328
119.96000000000001	-9.218008627213022
119.97	-6.805938231957371
119.98	-3.184388567599031
119.99000000000001	-2.7606796663432864
120.0	-3.499321713320815
120.01	-5.283877853757269
120.02	-5.3473916490687765
120.03	-8.002268991532242
120.04	-10.685875039289725
120.05	-9.491972692046224
120.06	-6.612688252532611
120.07000000000001	-6.373857328459473
120.08	-7.743951269134548
120.09	-10.092910039663238
120.10000000000001	-10.257487506584647
120.11	-12.833850261789427
120.12	-13.467449329529504
120.13	-10.967853036214851
120.14	-8.796411704849765
120.15	-7.39615663201898
120.16	-8.873523820511549
120.17	-11.215728474711943
120.18	-7.756318919696045
120.19	-4.402460752481342
120.2	-1.8519185258284747
120.21000000000001	-0.26090778481481525
120.22	1.8094111317184367
120.23	0.5460719600595119
120.24000000000001	3.9253845629545667
