0.0	19.333313320921366
0.01	19.361695993032953
0.02	23.30757422446782
0.03	21.393732721671288
0.04	20.578780311177702
0.05	22.70905568387528
0.06	27.841974118776978
0.07	25.864943726365503
0.08	24.554016291070617
0.09	22.294394158071384
0.1	22.436740186304487
0.11	18.092707906756534
0.12	18.096389893236875
0.13	21.457571901468924
0.14	22.64862235983454
0.15	19.43122262624831
0.16	14.805141360901391
0.17	14.162526911294664
0.18	13.215553416006838
0.19	17.7097361590955
0.2	20.444791762329768
0.21	19.704086966111397
0.22	23.29268341938185
0.23	23.339807894804782
0.24	20.958700851110187
0.25	17.97430963020738
0.26	13.71184278651022
0.27	9.826694376846307
0.28	13.498111908012989
0.29	16.77054493473288
0.3	13.282908787560933
0.31	12.624525920170313
0.32	18.44263395435825
0.33	20.635189135607302
0.34	25.828521715983523
0.35000000000000003	21.10528833466437
0.36	22.699569465209283
0.37	23.635167069111446
0.38	18.76443978151185
0.39	17.870161280680687
0.4	16.808271239383267
0.41000000000000003	14.980195685922691
0.42	17.232138689016168
0.43	13.45656208073824
0.44	12.703799686084182
0.45	14.511537342908888
0.46	22.55072687932229
0.47000000000000003	21.726352080442222
0.48	18.98916916089167
0.49	23.4816522604945
0.5	26.966270411217646
0.51	29.921098543183604
0.52	27.98799739287131
0.53	24.338315979163454
0.54	23.20930607505706
0.55	23.536745158702782
0.56	25.491907044214923
0.5700000000000001	23.303617807451683
0.58	24.460604016125284
0.59	32.19573226498804
0.6	26.897366875617454
0.61	28.70799169994055
0.62	29.5272860049993
0.63	30.439932071047092
0.64	30.304684395659855
0.65	25.755405212446863
0.66	24.011561450701752
0.67	23.257704254560643
0.68	21.206035101745304
0.6900000000000001	24.9037529101895
0.7000000000000001	22.437338056785443
0.71	21.24339819644947
0.72	29.685158440153145
0.73	26.947357441023474
0.74	22.408914728003566
0.75	19.498292227034295
0.76	20.556018292001973
0.77	24.522021914101813
0.78	27.062399436167844
0.79	25.62405269124567
0.8	28.975763066518414
0.81	29.091360546317944
0.8200000000000001	27.32327691950281
0.8300000000000001	30.607632663100702
0.84	30.014329537386985
0.85	27.524505992515174
0.86	29.18650534866369
0.87	32.44735243098722
0.88	29.356161186412944
0.89	31.82911468436486
0.9	27.590949525086504
0.91	27.402786256448326
0.92	23.769387461216233
0.93	23.586813831318203
0.9400000000000001	29.806288442188485
0.9500000000000001	25.244468675737
0.96	26.967952968929257
0.97	23.698836908340688
0.98	21.481620659164417
0.99	26.09546278934292
1.0	24.50840831961467
1.01	21.407093420005296
1.02	18.183513100526717
1.03	18.42627733758689
1.04	15.906661708235859
1.05	12.448367112237046
1.06	12.737272687606836
1.07	15.420232341905232
1.08	14.725679235962014
1.09	13.265849294078148
1.1	11.622685831493563
1.11	11.04027823352324
1.12	11.432504749239769
1.1300000000000001	11.66089245981111
1.1400000000000001	18.45815354654831
1.1500000000000001	20.224794660904568
1.16	16.61759132638238
1.17	16.782874736111122
1.18	17.73054194682378
1.19	16.617084203710455
1.2	16.170184271223857
1.21	22.617831671186092
1.22	19.474790071933857
1.23	16.56379328186454
1.24	15.420477530325392
1.25	14.419359579334087
1.26	14.011592857668075
1.27	24.06784944848717
1.28	22.35015163469472
1.29	26.24680833382815
1.3	30.50846950465021
1.31	24.655241975547984
1.32	23.95978962219198
1.33	20.69070031475039
1.34	18.18831544747741
1.35	27.432549894500717
1.36	28.088098729282187
1.37	24.58262283784124
1.3800000000000001	20.392471571372983
1.3900000000000001	21.986494008622525
1.4000000000000001	22.84257741107407
1.41	23.686599190673473
1.42	20.42419904331066
1.43	21.952872030191312
1.44	24.838340600750584
1.45	26.90829591985398
1.46	25.48033679050314
1.47	26.89502309184796
1.48	25.334281158337973
1.49	26.464605760507578
1.5	31.151447036682242
1.51	35.8366486846382
1.52	31.317441296192186
1.53	24.88069058383415
1.54	28.26647593305647
1.55	30.728341982085148
1.56	28.227194585075488
1.57	22.61143989961036
1.58	19.961709895589998
1.59	19.2088741034299
1.6	23.25426800673328
1.61	25.89046143613735
1.62	25.8032972154746
1.6300000000000001	26.36609707530648
1.6400000000000001	33.9127292173527
1.6500000000000001	30.410093296114844
1.6600000000000001	37.37651892502077
1.67	32.06873043985615
1.68	27.696123151751053
1.69	28.637526351604023
1.7	26.465817176326023
1.71	26.66095636037116
1.72	24.898240748366838
1.73	24.346727065038095
1.74	27.302098438880957
1.75	32.30197352109638
1.76	31.50644612993749
1.77	29.23288405772445
1.78	23.51084323926864
1.79	20.215612218840032
1.8	24.67119947137622
1.81	20.743968970240182
1.82	16.336029767556404
1.83	16.675220019547663
1.84	14.538493980555735
1.85	13.34144746506002
1.86	14.094038300631519
1.87	17.070458004337407
1.8800000000000001	17.902717248931133
1.8900000000000001	17.40579903326774
1.9000000000000001	24.20139507951671
1.9100000000000001	20.229333753669305
1.92	20.01940474419896
1.93	32.137764796208714
1.94	34.548175203789306
1.95	31.89524612759099
1.96	28.458155714576694
1.97	26.186103363174748
1.98	24.37434864816862
1.99	28.164480018026197
2.0	26.36901794861817
2.0100000000000002	22.087876377501797
2.02	21.403382919102455
2.0300000000000002	25.057154417768597
2.04	21.940743103990506
2.05	16.9361475677427
2.06	14.856459000696292
2.07	12.696857586861242
2.08	10.804173287858024
2.09	19.934615418747864
2.1	24.7208140650064
2.11	29.567256265202428
2.12	25.845005906664948
2.13	26.68232922084461
2.14	23.951490506507554
2.15	21.528850251140305
2.16	17.70619714411237
2.17	18.189760541748694
2.18	31.895409799373795
2.19	32.11739819190976
2.2	25.29135399329687
2.21	21.396847157785224
2.22	21.910027969992964
2.23	19.42065985352566
2.24	15.11555714861801
2.25	14.921838964064786
2.2600000000000002	16.959177272218454
2.27	17.42074542689187
2.2800000000000002	14.707195288031464
2.29	12.752693650867418
2.3000000000000003	14.41010954638369
2.31	15.371415118084993
2.32	14.16181578211484
2.33	11.342949330256236
2.34	11.341288086515615
2.35	13.605954265760621
2.36	17.19083298093705
2.37	18.814130611307228
2.38	18.504992104752755
2.39	16.856016772161695
2.4	17.861812772128904
2.41	20.21665914535473
2.42	15.717702925752
2.43	14.739082566954767
2.44	16.291384809524065
2.45	17.648074548217675
2.46	21.334051906328796
2.47	30.731248719688068
2.48	32.35119682133117
2.49	28.783116855490828
2.5	25.461300912013467
2.5100000000000002	29.069498883527288
2.52	25.591114272267564
2.5300000000000002	24.948630282193534
2.54	23.95136938253262
2.5500000000000003	20.83226958752414
2.56	27.468246720496843
2.57	25.380114629609473
2.58	28.910606856481355
2.59	36.53931912817844
2.6	34.08009278730846
2.61	36.86125065271079
2.62	32.745585177169964
2.63	30.549882135377835
2.64	30.856018195906916
2.65	26.261238735360923
2.66	22.835986970566786
2.67	27.838483452583905
2.68	23.638971844303935
2.69	22.647011624579942
2.7	27.75825073126547
2.71	25.475419130908268
2.72	20.58023956527377
2.73	19.867742268220717
2.74	27.805431613155218
2.75	26.635437506186033
2.7600000000000002	26.2686130286163
2.77	26.969946379171212
2.7800000000000002	22.9263942304236
2.79	28.60079978813276
2.8000000000000003	29.73133659072734
2.81	28.48871141970118
2.82	27.09787205641734
2.83	23.94864217653673
2.84	23.926132160032267
2.85	23.01341473130434
2.86	24.786309734002145
2.87	23.055606898422983
2.88	19.570813833828783
2.89	16.653306470947552
2.9	16.44980570253656
2.91	14.168140232439482
2.92	11.710656618500016
2.93	13.13679255137699
2.94	23.271180023766455
2.95	24.091269299289493
2.96	24.71710380421205
2.97	24.055879654782803
2.98	24.001951972589442
2.99	23.20179149892817
3.0	26.574297260777183
3.0100000000000002	24.556539572695982
3.02	19.920441834523203
3.0300000000000002	17.7920393643612
3.04	15.472243855786136
3.0500000000000003	20.4560359342942
3.06	17.74984418833336
3.0700000000000003	22.464790010721398
3.08	20.884988739175576
3.09	17.12562024381178
3.1	15.674235642140275
3.11	13.128857703085313
3.12	11.421056157385603
3.13	10.774070082217525
3.14	12.41889926480057
3.15	20.300260246930947
3.16	18.665366431095702
3.17	21.250709276129335
3.18	20.090240036837745
3.19	20.693631358182312
3.2	23.06342161831339
3.21	24.928658520800415
3.22	19.45795508223572
3.23	18.291752209842247
3.24	19.36603062338871
3.25	22.092437837034463
3.2600000000000002	23.717168377267047
3.27	19.844302705820905
3.2800000000000002	17.771606229253177
3.29	18.71706808297195
3.3000000000000003	15.63401282875274
3.31	13.361912795428278
3.3200000000000003	11.760143854011691
3.33	22.241982541734252
3.34	19.422007184247637
3.35	17.8597711726697
3.36	23.323368431498192
3.37	33.479610889995655
3.38	33.214084173989285
3.39	28.574051283604515
3.4	23.902561317383995
3.41	23.425479366502753
3.42	18.59066254863515
3.43	17.479596160791818
3.44	25.76871826938844
3.45	25.773118242290643
3.46	30.08824797820691
3.47	27.629034249371273
3.48	23.41163942278863
3.49	25.6481896056146
3.5	20.843744554661328
3.5100000000000002	19.97647401611573
3.52	18.769630649669345
3.5300000000000002	17.798266342780398
3.54	15.587808727927479
3.5500000000000003	16.838833048224224
3.56	16.036197385588
3.5700000000000003	26.862133324835654
3.58	26.014504445737586
3.59	28.936273002252335
3.6	30.400421450411535
3.61	31.11687478124151
3.62	31.13895289787454
3.63	31.71708881663343
3.64	27.808735790838817
3.65	34.466933880784815
3.66	34.74246391079311
3.67	27.76572663001278
3.68	24.936441620559634
3.69	24.882092210716205
3.7	24.36318592946115
3.71	24.07308483911977
3.72	28.840420506692325
3.73	22.71621309015459
3.74	20.307986494393923
3.75	20.785174468341644
3.7600000000000002	17.27783915921819
3.77	14.192717863738649
3.7800000000000002	17.55609771918271
3.79	21.39580130740657
3.8000000000000003	18.82176900969495
3.81	17.943098606892015
3.8200000000000003	16.562123286628058
3.83	26.246299301231286
3.84	23.97942153258364
3.85	19.85016464281911
3.86	18.785488215285817
3.87	15.751713143723451
3.88	15.164252023830336
3.89	12.405068158042353
3.9	12.230570299640997
3.91	12.152229891599566
3.92	21.89223183195054
3.93	26.21601359996162
3.94	21.87990477603335
3.95	24.329764561652155
3.96	22.256693702666613
3.97	20.006567068130494
3.98	22.809433506061993
3.99	28.273887743794827
4.0	28.90837720721188
4.01	28.515286794937502
4.0200000000000005	26.220654070936572
4.03	25.94997319588186
4.04	25.226123728398537
4.05	27.140700427935645
4.0600000000000005	24.161298319941373
4.07	24.73371564074827
4.08	22.978591572588073
4.09	29.312114269358773
4.1	26.85073208918776
4.11	25.505626652800302
4.12	29.311467477511673
4.13	24.330198442776062
4.14	22.964990566425993
4.15	19.166557777696955
4.16	23.47900215088995
4.17	25.714807984989648
4.18	28.76305529350695
4.19	28.552743683817614
4.2	34.3096240249024
4.21	28.9279962265597
4.22	29.272551103816575
4.23	33.134408947491444
4.24	31.10452699043912
4.25	24.801531820378276
4.26	20.80194510991757
4.2700000000000005	19.207537305504086
4.28	16.617069487036645
4.29	14.458653849936692
4.3	12.825448545388426
4.3100000000000005	12.423060634435481
4.32	12.268466054204577
4.33	11.814546299837685
4.34	12.202343059400173
4.3500000000000005	12.01339876181834
4.36	14.688224885979874
4.37	11.685993746439474
4.38	11.207325718679314
4.39	12.483104205242219
4.4	11.092213431294091
4.41	10.300776299419203
4.42	11.650064092346483
4.43	12.743499535215648
4.44	16.457508001027765
4.45	13.661655125825503
4.46	16.146670468671033
4.47	22.06784204271027
4.48	24.39070678366885
4.49	26.641426439821295
4.5	25.11108957449381
4.51	23.33833023881825
4.5200000000000005	21.380920977536523
4.53	21.618064973175997
4.54	21.45687416841756
4.55	20.46608445554025
4.5600000000000005	25.625671611146444
4.57	27.172551893092386
4.58	23.658017816571352
4.59	21.77647956085594
4.6000000000000005	21.763410140516683
4.61	23.098896420867387
4.62	21.85412198014265
4.63	20.005990524079785
4.64	25.654968376987622
4.65	23.442853651150752
4.66	18.238169323060312
4.67	17.576987293302818
4.68	19.783583594319257
4.69	26.690277057621827
4.7	29.922115465604225
4.71	29.711047683393847
4.72	28.12873349508605
4.73	26.992475164554893
4.74	22.733244162256984
4.75	26.119004084517176
4.76	28.18652145986536
4.7700000000000005	27.934823480571612
4.78	27.771238302481994
4.79	27.082628688977472
4.8	27.465924624455802
4.8100000000000005	34.50091014256409
4.82	30.696661863608664
4.83	30.350439048321096
4.84	28.132375610996387
4.8500000000000005	26.4259446639573
4.86	25.63656102033525
4.87	23.53413055235615
4.88	24.075919107515734
4.89	26.508008914109926
4.9	28.04089178716045
4.91	27.519738374489613
4.92	35.822214034835774
4.93	29.473434857152316
4.94	30.44780790584305
4.95	27.512879321051376
4.96	29.143103501713345
4.97	27.48863102392231
4.98	28.099109643633465
4.99	21.82636094279718
5.0	21.793574661792924
5.01	18.13482169761868
5.0200000000000005	22.910323444477264
5.03	20.158050815489933
5.04	18.25568192296857
5.05	19.858717808908768
5.0600000000000005	29.018577985645052
5.07	26.275355504549996
5.08	24.212558274783884
5.09	23.113771130110575
5.1000000000000005	17.77253800833871
5.11	14.993510823726924
5.12	13.489364495497519
5.13	11.26397715132301
5.14	13.224208823923902
5.15	13.40074133433312
5.16	13.106756155473526
5.17	12.79336606496871
5.18	10.951749018934052
5.19	12.653961592201043
5.2	11.177775028413919
5.21	12.837372795445273
5.22	21.486052418816126
5.23	21.266287262159672
5.24	21.52149765173232
5.25	17.53231336951144
5.26	19.082793270878767
5.2700000000000005	22.676689465102328
5.28	17.559987549912773
5.29	15.349200984394267
5.3	12.664557309501646
5.3100000000000005	10.239924529154495
5.32	10.55311489389601
5.33	10.30007551802906
5.34	13.987471955910229
5.3500000000000005	19.17969414727511
5.36	18.554396735752743
5.37	16.81359763521874
5.38	23.376794585241445
5.39	31.066473292944316
5.4	28.01396019069822
5.41	26.778678069891455
5.42	27.99865828759074
5.43	33.369033576648306
5.44	31.652065163997964
5.45	35.59878703979065
5.46	36.39095187790082
5.47	38.666513769427546
5.48	31.621641084934645
5.49	27.314515444979705
5.5	29.75200777322471
5.51	27.68018817655556
5.5200000000000005	36.08869243417522
5.53	32.38401992157125
5.54	27.05713007976852
5.55	27.37751898353259
5.5600000000000005	30.177308451359853
5.57	34.27580030384856
5.58	36.34399389713442
5.59	30.695635289429763
5.6000000000000005	24.898861615707457
5.61	23.171252735884394
5.62	21.614742429999705
5.63	20.307754347850604
5.64	23.01992931940563
5.65	18.805385656174092
5.66	16.488040466830675
5.67	20.156053060923593
5.68	32.876204336911556
5.69	27.55355378089806
5.7	23.528323039300737
5.71	21.35802843622448
5.72	25.283803000172167
5.73	24.36158483890826
5.74	23.65322104911653
5.75	21.353382696345616
5.76	16.9954312008551
5.7700000000000005	15.343861875570209
5.78	21.607358436760645
5.79	19.982725314910418
5.8	19.12266565183558
5.8100000000000005	17.860565122508305
5.82	22.497674056148817
5.83	29.970111862588297
5.84	31.750517320836835
5.8500000000000005	32.40482138613517
5.86	27.087655648846923
5.87	21.981079000881397
5.88	18.982607157789847
5.89	18.14791521095982
5.9	19.007277994955267
5.91	18.346628951868922
5.92	28.572849963561584
5.93	24.278094911058794
5.94	23.503248430040887
5.95	22.425141569304245
5.96	27.08628755574267
5.97	26.68962804785412
5.98	28.08332028184762
5.99	23.566182279050253
6.0	25.454442134400477
6.01	19.66933739825701
6.0200000000000005	16.787721696379215
6.03	15.108724351786092
6.04	23.50231050566348
6.05	25.24187354945154
6.0600000000000005	23.566734086493398
6.07	28.343281734960968
6.08	28.065899133931826
6.09	22.676787339968715
6.1000000000000005	18.772192066184644
6.11	17.983063365472503
6.12	18.919159038342414
6.13	20.978850140708374
6.140000000000001	20.138740668199176
6.15	21.441857904321427
6.16	23.68803059176056
6.17	25.88583684822299
6.18	32.199015115231695
6.19	29.488372170509244
6.2	30.248449821183872
6.21	26.257884118895955
6.22	21.11149817778908
6.23	22.783818055597933
6.24	21.356184620460926
6.25	21.50745600758196
6.26	20.662424869602095
6.2700000000000005	17.539830280020496
6.28	20.9726274031684
6.29	21.30886519166316
6.3	21.09273502252332
6.3100000000000005	30.461323783727387
6.32	24.613794929442268
6.33	26.869930999838214
6.34	26.948785208986585
6.3500000000000005	22.472815505285887
6.36	23.49997466644763
6.37	22.879442202580975
6.38	20.03838127493376
6.390000000000001	17.492456357753706
6.4	15.42002029463196
6.41	13.518816819221698
6.42	11.927408407800645
6.43	12.125535301832073
6.44	9.851241248021786
6.45	9.444852613913719
6.46	13.094224269902295
6.47	15.746672693012586
6.48	18.020894087936828
6.49	16.116090958198654
6.5	17.080698963218293
6.51	15.878620465309172
6.5200000000000005	31.913960925821247
6.53	25.94737678733076
6.54	26.31307521147819
6.55	28.71080524073397
6.5600000000000005	22.574158590796515
6.57	20.46511692792574
6.58	27.744974663481056
6.59	25.88571096886085
6.6000000000000005	22.889113080316545
6.61	22.939353969578907
6.62	23.91512666490598
6.63	27.874487013330416
6.640000000000001	25.887693457382138
6.65	29.021583350026226
6.66	25.50435707060746
6.67	29.870941846227176
6.68	29.386251032717038
6.69	24.84566074477282
6.7	21.454852434426787
6.71	21.394817822087433
6.72	25.29869483075939
6.73	23.896572629245725
6.74	21.551391188911005
6.75	22.66382975781275
6.76	25.667965402895465
6.7700000000000005	20.205317021678052
6.78	17.368203129891256
6.79	15.598695877504587
6.8	21.24828859639524
6.8100000000000005	22.26191668086238
6.82	23.029489937611178
6.83	24.569411140915353
6.84	21.242871079851103
6.8500000000000005	20.921217739412704
6.86	22.620788490443914
6.87	20.48407381855995
6.88	21.0457163432885
6.890000000000001	21.172364696034013
6.9	20.292736646738643
6.91	20.71703595474081
6.92	20.940935436304837
6.93	24.276433025453056
6.94	21.811263410028403
6.95	32.89332823065532
6.96	30.237740053616964
6.97	31.249688391461834
6.98	25.213803696827014
6.99	22.298574136473214
7.0	25.741639561139472
7.01	24.619422175167646
7.0200000000000005	20.477356864537047
7.03	23.123930124809863
7.04	26.913639022335335
7.05	28.774354924086317
7.0600000000000005	23.511066101254773
7.07	20.921225051316902
7.08	16.275020675319254
7.09	13.599449342473921
7.1000000000000005	14.029848393436824
7.11	17.063916160979637
7.12	14.505430940324214
7.13	14.263249582873412
7.140000000000001	14.32038917987668
7.15	14.23314446933043
7.16	23.183266229574553
7.17	18.33279303730527
7.18	15.854614719626067
7.19	16.2898137043196
7.2	14.097698938655673
7.21	14.239539963837574
7.22	23.28421300156948
7.23	21.771308847891774
7.24	30.095139703735644
7.25	32.82734345411819
7.26	29.873157985456395
7.2700000000000005	35.027671410185924
7.28	31.062986594368066
7.29	31.827827386426407
7.3	30.017226148110552
7.3100000000000005	33.87380068816925
7.32	38.75979293455763
7.33	38.02914797548246
7.34	30.441662840032624
7.3500000000000005	25.32348733993934
7.36	20.21350192070157
7.37	18.914478407940774
7.38	15.4719760976779
7.390000000000001	12.832224514358455
7.4	10.544840097367164
7.41	10.558931910638186
7.42	8.279881068508471
7.43	6.362345111250253
7.44	5.359504965970968
7.45	7.637773592623804
7.46	9.003268897758483
7.47	8.186036132182307
7.48	8.14485487866285
7.49	7.3725039571918884
7.5	9.880272439118947
7.51	8.195337591617855
7.5200000000000005	10.495216754550764
7.53	15.884338747456216
7.54	23.004063948785113
7.55	25.048993771703547
7.5600000000000005	21.70148942512858
7.57	18.229402321367402
7.58	20.45556979597239
7.59	22.880003104503686
7.6000000000000005	22.11791384016735
7.61	19.722343952943206
7.62	15.801250101131584
7.63	15.791755805190519
7.640000000000001	15.591375751346307
7.65	19.82203656276516
7.66	19.270450645252758
7.67	18.989667009906317
7.68	23.249969044964647
7.69	24.08536815609337
7.7	23.687143078793596
7.71	26.821906061007947
7.72	24.197959662608834
7.73	29.426976541222093
7.74	26.8251790049014
7.75	26.135423508291726
7.76	23.628390423153267
7.7700000000000005	22.25949134826426
7.78	17.255473391435395
7.79	15.427330134923494
7.8	18.609155511224223
7.8100000000000005	17.716588970387345
7.82	19.737884937731447
7.83	23.037038100593794
7.84	20.639713802341902
7.8500000000000005	19.361007020259404
7.86	24.984067580420444
7.87	19.283508740124585
7.88	16.89630760021538
7.890000000000001	15.910438612357021
7.9	13.07328109801745
7.91	18.58444369184461
7.92	18.789423207592638
7.930000000000001	29.50076073148972
7.94	23.434736983998896
7.95	21.004288215347565
7.96	18.925758574480355
7.97	24.55598297835019
7.98	22.499500794280603
7.99	27.262466580815435
8.0	22.78076919828748
8.01	23.290474474095735
8.02	23.987895217530962
8.03	24.956246905454975
8.040000000000001	22.87235472467354
8.05	21.942531412665165
8.06	18.751323991441446
8.07	17.44247077567373
8.08	14.516480583599124
8.09	13.979377752237085
8.1	13.899014937415458
8.11	17.012503531448704
8.120000000000001	21.502291000812562
8.13	18.43523520553435
8.14	18.687970039208146
8.15	24.604612098785783
8.16	27.714939766116615
8.17	25.1577155728508
8.18	30.523325378038585
8.19	29.64119272876472
8.2	28.733818578369508
8.21	26.94832151677571
8.22	22.23583759852133
8.23	21.849778755040404
8.24	29.051135618671207
8.25	34.93073027562923
8.26	33.163679845297075
8.27	29.678418956230132
8.28	28.34028058149947
8.290000000000001	28.06513152202689
8.3	33.862889212693645
8.31	30.292434509950553
8.32	29.421013831113964
8.33	25.86768755182997
8.34	23.856406910345118
8.35	22.909301405082267
8.36	25.02641887054894
8.370000000000001	21.7412993906157
8.38	26.490513043821938
8.39	29.78162221123464
8.4	26.171615852532746
8.41	20.36115414525531
8.42	18.976822252574905
8.43	18.694064856260287
8.44	24.37415176390426
8.45	26.69956961063361
8.46	22.478386333338317
8.47	21.183812045135287
8.48	17.671983473965348
8.49	17.22265008002037
8.5	15.456556679190344
8.51	18.280358227963575
8.52	18.949461750597013
8.53	14.687184482558912
8.540000000000001	12.492445649863438
8.55	11.355754480078511
8.56	13.330325950109428
8.57	24.26758328718982
8.58	19.85603980772588
8.59	17.258355950529495
8.6	16.22716101244814
8.61	14.726625529667809
8.620000000000001	15.182145472027788
8.63	17.20563700854993
8.64	18.35292448849677
8.65	17.57448328369096
8.66	16.76709190126606
8.67	20.344812971213475
8.68	22.703113149950575
8.69	20.76471684832345
8.700000000000001	19.65303455664275
8.71	22.345302376254974
8.72	21.259158061243507
8.73	24.997393732796837
8.74	24.775451975870105
8.75	21.4324219460967
8.76	23.195323151433765
8.77	30.468601328703254
8.78	31.029436487348146
8.790000000000001	37.43005857745426
8.8	35.46200806599233
8.81	28.482967471616657
8.82	29.44349570854345
8.83	29.454753996275983
8.84	29.97554220318601
8.85	31.981815682093522
8.86	29.959046943705214
8.870000000000001	28.38053142212304
8.88	30.63750121893258
8.89	31.337101975558365
8.9	39.90912768778831
8.91	31.31139323012439
8.92	28.990718395379883
8.93	27.423394284891177
8.94	21.858124831474182
8.950000000000001	21.086442664515708
8.96	29.594227095802477
8.97	24.676332183864037
8.98	28.569457728773042
8.99	32.745656437376255
9.0	33.86698315372843
9.01	37.03277755671905
9.02	41.26140692015768
9.03	34.92915631870119
9.040000000000001	28.063623275422966
9.05	31.606355114817998
9.06	28.835363294612545
9.07	23.522936112330683
9.08	23.983104846173834
9.09	19.783886059044896
9.1	17.94633521262182
9.11	15.600207072739174
9.120000000000001	20.623466432479052
9.13	23.587178906558478
9.14	22.643908792505687
9.15	18.095629167371886
9.16	16.44539659602629
9.17	15.249446769061924
9.18	18.913433476884986
9.19	30.467036691534634
9.200000000000001	29.071456092786157
9.21	30.428150763273493
9.22	30.097181805630875
9.23	23.74993679906004
9.24	21.368497858242755
9.25	26.901906819385182
9.26	21.578210184007993
9.27	22.41668439840824
9.28	27.81514996514546
9.290000000000001	28.697324877754948
9.3	24.710448657149037
9.31	32.997614993419354
9.32	30.0694058734409
9.33	27.016466388914314
9.34	33.32086152832295
9.35	28.849329798437168
9.36	27.872026489475893
9.370000000000001	25.600767552165863
9.38	22.045513304791506
9.39	18.31913348685646
9.4	21.601265654748886
9.41	17.124517699113923
9.42	17.179022298546244
9.43	17.198543623645097
9.44	21.1089171029976
9.450000000000001	19.045120270236296
9.46	21.59982967562045
9.47	27.754805192890203
9.48	28.23570599784208
9.49	24.090265275986734
9.5	28.6524094526485
9.51	24.767115541994873
9.52	21.456234067942813
9.53	18.95247111279948
9.540000000000001	23.85653422105556
9.55	19.57114446372005
9.56	17.35696679706331
9.57	16.56704545628821
9.58	15.701141870289261
9.59	19.841152230283328
9.6	25.43985516724002
9.61	22.50548565443099
9.620000000000001	29.039500844766213
9.63	27.11054392445129
9.64	28.937490209739195
9.65	27.884956035893445
9.66	28.96081388702726
9.67	24.365283166368002
9.68	23.77431370817888
9.69	20.153007339727303
9.700000000000001	22.739341519155438
9.71	24.364373576260494
9.72	20.37076035174253
9.73	16.275099671803567
9.74	14.74752949634364
9.75	19.697064027432088
9.76	20.03364916793114
9.77	17.264143983900762
9.78	16.0658285045367
9.790000000000001	17.364282128006447
9.8	13.844403125271818
9.81	14.434847561886698
9.82	16.72890294839809
9.83	18.278225390722486
9.84	20.626017748802553
9.85	34.62216495915093
9.86	34.877942197772896
9.870000000000001	28.68250354429868
9.88	32.18500850083456
9.89	30.062946466719975
9.9	30.90021529953938
9.91	26.293246971352023
9.92	30.77510323169169
9.93	26.640896246902354
9.94	22.616708728631263
9.950000000000001	23.154910715012058
9.96	25.39109219654004
9.97	28.669716771826728
9.98	36.91865013056978
9.99	36.19253033469051
10.0	33.30904183258299
10.01	26.088909135983744
10.02	20.633569294127597
10.03	16.611551178699482
10.040000000000001	14.530538969266933
10.05	14.956908753697816
10.06	11.923264556622465
10.07	14.034900879087186
10.08	16.862106373752923
10.09	24.53624498808241
10.1	20.86835961927154
10.11	18.83792177005283
10.120000000000001	17.94508668788528
10.13	15.840525924433713
10.14	15.092234156741654
10.15	13.003216519290914
10.16	16.09323825566815
10.17	20.142360074855848
10.18	19.34478644997144
10.19	23.529661564889967
10.200000000000001	29.918798010163737
10.21	29.5097119311243
10.22	27.87274926048742
10.23	30.07045012285627
10.24	28.462509594206992
10.25	30.82495567802708
10.26	31.854743945757715
10.27	28.76241424909301
10.28	32.375016604403264
10.290000000000001	26.38721682336589
10.3	24.817459943331762
10.31	24.445135951251736
10.32	27.270137028050307
10.33	24.648425740799667
10.34	21.97690683989464
10.35	28.632200197405833
10.36	30.604795064632782
10.370000000000001	30.88448128636807
10.38	24.106032563163694
10.39	19.87379086106071
10.4	29.792485322123127
10.41	25.29764262521699
10.42	21.556169835366738
10.43	19.824663090778934
10.44	29.495325228336874
10.450000000000001	35.1473528265084
10.46	31.93803297467684
10.47	27.24291914910009
10.48	23.744202443681584
10.49	27.104480416904458
10.5	29.189351322282498
10.51	28.237088340161367
10.52	26.0242620297376
10.53	30.252446410808407
10.540000000000001	30.91480357993832
10.55	26.962879064109586
10.56	27.064055919465336
10.57	22.754474378572784
10.58	20.10780651212142
10.59	18.288510066833844
10.6	17.287689848100243
10.61	26.90892721289011
10.620000000000001	22.37833410595402
10.63	19.27559043086336
10.64	15.761894966879533
10.65	12.793732760422342
10.66	27.101802744993833
10.67	31.215713724955208
10.68	29.13649464910838
10.69	25.956188265722794
10.700000000000001	26.062209975996954
10.71	28.71150754410457
10.72	27.094794406580974
10.73	25.742863611840328
10.74	21.557750173957956
10.75	21.020712923596236
10.76	21.422103603648512
10.77	22.89982388018912
10.78	25.22997621782522
10.790000000000001	23.03247275922802
10.8	29.322146050622226
10.81	22.989868045947247
10.82	19.402301142772775
10.83	19.214105871135203
10.84	14.944297778064852
10.85	12.368542233442373
10.86	14.71903947482229
10.870000000000001	20.011632551006862
10.88	21.020871073435373
10.89	17.051108851514908
10.9	26.540655474607302
10.91	23.446583319523295
10.92	23.165425351478767
10.93	19.044683460751365
10.94	15.805414819999442
10.950000000000001	13.794406306212311
10.96	11.682488552925502
10.97	14.6642083542198
10.98	20.55985352979377
10.99	23.387112418751144
11.0	22.84658549584656
11.01	24.29137684341428
11.02	26.215285915068876
11.03	25.245168188349002
11.040000000000001	20.27446475655102
11.05	22.5796736187974
11.06	21.966202227553907
11.07	20.244172435682625
11.08	19.060394165133417
11.09	16.054441958657655
11.1	16.630521298573868
11.11	16.04611450321615
11.120000000000001	12.616787825674125
11.13	10.221197814026521
11.14	8.649794827930638
11.15	8.3712208100942
11.16	13.327313384562933
11.17	14.748550535074406
11.18	16.79827837649944
11.19	17.148696843440487
11.200000000000001	17.013860026570338
11.21	13.488549333750205
11.22	15.165790157580977
11.23	19.714365297220866
11.24	27.983970783750816
11.25	25.149910313427007
11.26	19.750736442891643
11.27	16.438448559623662
11.28	17.985315575193635
11.290000000000001	20.991868134464703
11.3	22.114566057451274
11.31	18.48101701130274
11.32	32.099622653774254
11.33	29.85905815867977
11.34	25.652018758323653
11.35	19.801255385371842
11.36	17.165673127978675
11.370000000000001	15.947893380155117
11.38	17.64776108081994
11.39	15.282207686224867
11.4	16.012703848915777
11.41	13.57048566011175
11.42	11.685188733411271
11.43	11.289013066473334
11.44	14.176336860815544
11.450000000000001	23.00876840739034
11.46	23.744114710275944
11.47	32.31973481363955
11.48	25.734865662393588
11.49	21.162267072339283
11.5	23.43311691224538
11.51	23.591381960169887
11.52	19.222013592169827
11.53	28.75627112354604
11.540000000000001	32.49368842363741
11.55	27.53613741123967
11.56	24.376486597529897
11.57	20.468203965864465
11.58	16.969158181101555
11.59	16.858304142762623
11.6	16.606574027484918
11.61	17.72719901363241
11.620000000000001	16.54766334025896
11.63	20.231994711151625
11.64	33.02741697497405
11.65	30.035784957519095
11.66	25.53343637224483
11.67	24.05751781758812
11.68	22.754998786058312
11.69	24.191006228291116
11.700000000000001	25.748579680971886
11.71	23.74052526346051
11.72	21.77702598733348
11.73	19.55424902289375
11.74	22.378213867101998
11.75	22.506322027894097
11.76	20.534533681699305
11.77	19.40292711297636
11.78	21.14865830127374
11.790000000000001	22.204096063317586
11.8	19.467901144249346
11.81	19.029509212631076
11.82	20.192834474287377
11.83	16.686107844646074
11.84	15.781271418798688
11.85	21.055544315620057
11.86	17.23136422747923
11.870000000000001	15.876210579086035
11.88	15.644201800640497
11.89	15.974043311767279
11.9	16.060798119748625
11.91	15.044645999573195
11.92	14.399856520698592
11.93	13.067742376427903
11.94	9.643098547239243
11.950000000000001	6.969152061963485
11.96	11.425673929084784
11.97	9.158859181405722
11.98	7.782033072528446
11.99	7.06938502669387
12.0	9.980080293982516
12.01	11.664613062057152
12.02	15.893413382751243
12.030000000000001	19.43688937730417
12.040000000000001	17.891930696249705
12.05	14.994728237112273
12.06	12.182631808558368
12.07	12.35021175848747
12.08	14.00679313000859
12.09	15.431330139316817
12.1	18.887692619490494
12.11	15.70020969911471
12.120000000000001	19.760082757636923
12.13	18.32850697984655
12.14	21.256745637280403
12.15	24.414334446173452
12.16	25.545025963932012
12.17	33.50510492177965
12.18	27.106535337569994
12.19	27.6930659630766
12.200000000000001	23.162359777436272
12.21	31.36835937994711
12.22	27.596192404740748
12.23	23.644002673246117
12.24	23.720935921931286
12.25	31.961330603700965
12.26	30.891032792484854
12.27	26.24380479236967
12.280000000000001	21.429393767477812
12.290000000000001	20.14970095327961
12.3	17.143099218485002
12.31	16.52752128157014
12.32	12.938336305094568
12.33	12.472470382016493
12.34	12.242574333370365
12.35	13.76996457466702
12.36	12.985237327616911
12.370000000000001	15.333364277235733
12.38	19.182741235804873
12.39	23.679737406258436
12.4	28.163321126181316
12.41	22.356406034434197
12.42	20.323103804515565
12.43	21.067485362508
12.44	16.78463364101707
12.450000000000001	16.1160343171049
12.46	18.58872405434412
12.47	20.322506092619253
12.48	19.93806879736435
12.49	22.363646815431473
12.5	19.31255665784503
12.51	20.77609292183449
12.52	23.673150492771175
12.530000000000001	36.643088336416525
12.540000000000001	32.961126316782924
12.55	29.75216763448212
12.56	30.42741709433749
12.57	30.5694708502717
12.58	28.404474434956605
12.59	27.25395894635265
12.6	23.2691812344337
12.61	22.529483225917605
12.620000000000001	26.858086435689422
12.63	30.142613436340508
12.64	29.341442936925517
12.65	30.185272454671075
12.66	26.90091036216753
12.67	30.775667566151206
12.68	26.687384678435247
12.69	24.730424352634824
12.700000000000001	22.021472060396494
12.71	18.69905657184349
12.72	21.52747637103297
12.73	21.555493175705145
12.74	23.22313703711235
12.75	22.260715280847098
12.76	25.99849236275435
12.77	25.881092979363576
12.780000000000001	24.295944169202514
12.790000000000001	28.848176653455564
12.8	24.87350501242365
12.81	21.948997586063197
12.82	29.661258360194623
12.83	35.36961913765928
12.84	30.820265298606202
12.85	31.04967532270851
12.86	24.52857187770466
12.870000000000001	23.97947899705797
12.88	25.13918018675329
12.89	24.124060756222725
12.9	19.817171915464566
12.91	18.07815504076027
12.92	16.05771134581153
12.93	18.55145847944507
12.94	17.931688174052052
12.950000000000001	22.599283279170276
12.96	20.84312584560728
12.97	17.6248735271482
12.98	15.257965717028846
12.99	19.357319147294664
13.0	23.191273762086848
13.01	18.270873758873122
13.02	15.07353973985512
13.030000000000001	14.228724582928276
13.040000000000001	11.975510449198628
13.05	10.289080742389118
13.06	15.466649133732245
13.07	18.376703988427057
13.08	14.603367996672333
13.09	12.872252651527958
13.1	12.861510709903824
13.11	19.64534600958613
13.120000000000001	23.353855298133066
13.13	27.02115084280095
13.14	24.04495796269651
13.15	24.368636405617018
13.16	20.99178166109762
13.17	20.13076894345859
13.18	20.003060214851992
13.19	20.239880114475653
13.200000000000001	26.165428281598547
13.21	27.268123618362907
13.22	29.56159583943267
13.23	26.657209894714573
13.24	24.937096558594973
13.25	19.907563133879165
13.26	18.37674695821331
13.27	21.151389329513908
13.280000000000001	22.220064051693335
13.290000000000001	20.625777616834444
13.3	17.94479639267443
13.31	24.580302841695836
13.32	29.139062449234082
13.33	27.97410163656816
13.34	34.31495155018492
13.35	29.89886640496455
13.36	24.488202121573167
13.370000000000001	22.921880520604454
13.38	23.2348634362522
13.39	27.8008918247712
13.4	29.894313666438286
13.41	35.21630855153696
13.42	29.711665507391842
13.43	27.90282340357616
13.44	34.17924499990117
13.450000000000001	28.598355208978443
13.46	30.071346515300668
13.47	29.50153644526459
13.48	27.625487586091243
13.49	21.578027056494754
13.5	19.56990774877715
13.51	17.204412113192934
13.52	13.815025166457135
13.530000000000001	12.142096084778714
13.540000000000001	16.049156869383975
13.55	12.562064892233785
13.56	11.73030920037788
13.57	14.477083693406529
13.58	15.587591138907161
13.59	20.356130113300164
13.6	17.872691118620462
13.61	21.989334274209057
13.620000000000001	27.357668989782635
13.63	25.11613033055464
13.64	30.04973461549149
13.65	29.12215071213724
13.66	31.63582571812205
13.67	27.83105175023744
13.68	34.41646290777357
13.69	31.904658743382445
13.700000000000001	28.492588013592826
13.71	26.20473385169703
13.72	24.89194078671938
13.73	22.696621251246178
13.74	18.966783728100268
13.75	15.126580681980188
13.76	11.491102869693922
13.77	8.755591352718904
13.780000000000001	7.482521831747984
13.790000000000001	16.931794592061845
13.8	16.906040340421676
13.81	20.049320052737666
13.82	19.303990220008952
13.83	22.102997014577284
13.84	20.599431675596417
13.85	19.070600469134003
13.86	18.09638721433296
13.870000000000001	17.78719150815279
13.88	29.463460455441922
13.89	23.03376617983191
13.9	19.62255476881842
13.91	22.39170197943819
13.92	23.689957218336463
13.93	20.70544298839014
13.94	17.154399455239876
13.950000000000001	20.10210334899268
13.96	22.821952534284254
13.97	22.689123400277932
13.98	17.683838316174796
13.99	15.106199351747915
14.0	15.565762134646741
14.01	16.89840481414063
14.02	24.277543864205366
14.030000000000001	22.024582909926952
14.040000000000001	21.36265698934498
14.05	20.58633012082186
14.06	19.41938075119498
14.07	15.274491413728452
14.08	12.567467348890778
14.09	23.075568459640422
14.1	18.711233756963633
14.11	20.038569731820004
14.120000000000001	18.776327790458165
14.13	26.2424155927755
14.14	26.01314142169926
14.15	25.69050597729522
14.16	20.670761585138003
14.17	28.207392229427445
14.18	26.218349833966958
14.19	23.9844110397754
14.200000000000001	21.445770696668703
14.21	22.644322658478018
14.22	27.272206298176208
14.23	27.37838238625439
14.24	30.91495713704384
14.25	28.316302589004838
14.26	28.29555607174903
14.27	24.162266004783294
14.280000000000001	20.03655724699041
14.290000000000001	15.558946744427582
14.3	14.700279748675896
14.31	15.672474501118517
14.32	21.287485295442124
14.33	26.058106961627157
14.34	21.53560016146648
14.35	19.2602876731976
14.36	17.637099153641742
14.370000000000001	21.877532299946864
14.38	20.25744653048168
14.39	16.066400502786113
14.4	12.586033610979893
14.41	10.842457115220812
14.42	8.922034146077621
14.43	13.446292156936467
14.44	15.84044342772533
14.450000000000001	21.05796764728585
14.46	20.141092897089656
14.47	20.049670430196
14.48	19.134899750979134
14.49	25.430396327183075
14.5	32.07371264506639
14.51	25.870703008516095
14.52	22.235204874903044
14.530000000000001	23.160742359598
14.540000000000001	20.49004528672282
14.55	24.558655362052342
14.56	27.345987440299837
14.57	25.94643468571276
14.58	32.76748281770142
14.59	30.51999720997617
14.6	29.36280038256581
14.61	33.67822099715795
14.620000000000001	34.13727225137382
14.63	42.346997188955505
14.64	37.886083641825465
14.65	32.506379921366566
14.66	30.56554792237131
14.67	26.952944680228622
14.68	26.297952114750174
14.69	23.22099694419099
14.700000000000001	21.794423559858046
14.71	26.428131881767435
14.72	25.201783412737864
14.73	23.807522274984454
14.74	24.24781176215952
14.75	26.31497391775489
14.76	26.579513460455328
14.77	24.427101586719065
14.780000000000001	24.463876149979974
14.790000000000001	32.031744137664745
14.8	34.51486448332625
14.81	31.742150945973272
14.82	28.83200562033275
14.83	24.817110387454978
14.84	29.046514091157324
14.85	25.50438697863519
14.86	23.50432517417314
14.870000000000001	20.344875920014445
14.88	15.895291223860399
14.89	14.397856178172793
14.9	12.31574583549392
14.91	11.838701603049783
14.92	9.864575007969247
14.93	9.289901877385828
14.94	11.399092283376865
14.950000000000001	11.745084805147316
14.96	10.310300287506402
14.97	10.034894251080335
14.98	16.623428240989053
14.99	19.246436641765225
15.0	23.024683906759098
15.01	21.131972994875987
15.02	18.891359956596517
15.030000000000001	25.07225132135974
15.040000000000001	23.65637471911596
15.05	19.257428794710165
15.06	19.678100848682053
15.07	20.661650822611342
15.08	18.066868989773955
15.09	18.518153669052136
15.1	16.633079834575845
15.11	18.625722470603403
15.120000000000001	17.76073426879506
15.13	24.611987893641356
15.14	27.22704366382317
15.15	34.922378592854955
15.16	31.131874073671273
15.17	28.31348067541911
15.18	30.54676199846679
15.19	34.586431961650874
15.200000000000001	27.906756032406562
15.21	24.771236675395894
15.22	22.895510206770023
15.23	25.11603993305085
15.24	22.954872833793498
15.25	20.8188317764453
15.26	22.91666861988104
15.27	25.179595358559865
15.280000000000001	26.267528962302382
15.290000000000001	28.1824600494726
15.3	26.46206713434289
15.31	21.700867309148304
15.32	20.82315408160918
15.33	21.13676427671196
15.34	20.196253422080403
15.35	24.55596656078985
15.36	28.371631877290106
15.370000000000001	25.058019899290798
15.38	31.77281764260843
15.39	31.178057110621808
15.4	28.592213422826315
15.41	23.97485763752363
15.42	26.051338254444985
15.43	28.363648150837424
15.44	37.20889466054137
15.450000000000001	32.52660127512441
15.46	33.40148460865648
15.47	34.27391580706649
15.48	33.39824227218351
15.49	34.564097916511855
15.5	28.74063923741023
15.51	33.07130314766122
15.52	32.824853628749665
15.530000000000001	34.43008777662501
15.540000000000001	29.861773870451408
15.55	26.177549920032313
15.56	24.975829602964197
15.57	22.661923593388074
15.58	19.189044361537793
15.59	17.75643636065131
15.6	20.198833404277078
15.610000000000001	21.310285726494065
15.620000000000001	19.673158647821637
15.63	15.65411046583319
15.64	11.843251479829913
15.65	8.982113411362928
15.66	6.285575705147342
15.67	5.536247395127443
15.68	8.353802695021932
15.69	17.507884629254104
15.700000000000001	16.11520595843437
15.71	16.309477814133295
15.72	20.393638648331084
15.73	20.329032560585972
15.74	16.738455105811532
15.75	18.425854998229205
15.76	16.48851844455883
15.77	19.513450799228124
15.780000000000001	19.358689167205284
15.790000000000001	18.62982920966866
15.8	18.837756256378185
15.81	17.24796126068627
15.82	15.974585445753393
15.83	18.51432460000424
15.84	23.944103566523623
15.85	33.49534536324222
15.860000000000001	27.533621061247214
15.870000000000001	26.42417324353307
15.88	20.413744405271828
15.89	16.728941988981084
15.9	21.333224955190335
15.91	24.181945037459222
15.92	21.568014166200015
15.93	18.812673387409816
15.94	14.5942800063244
15.950000000000001	15.215669966383976
15.96	17.66093886186637
15.97	15.310937527838163
15.98	14.016144501209842
15.99	11.769104549307691
16.0	13.630583177741228
16.01	21.74412444254054
16.02	22.46479918947033
16.03	25.743558087527138
16.04	21.511057437219556
16.05	25.14554636455109
16.06	22.130580608396066
16.07	23.150404378309545
16.080000000000002	19.602391184709568
16.09	19.91430848793201
16.1	21.130021740086235
16.11	19.6887471606486
16.12	24.697671521768065
16.13	20.512452383124874
16.14	31.175771207125923
16.15	29.154161675407508
16.16	22.841159162912135
16.17	18.005810857938215
16.18	15.587845432590175
16.19	13.221616458113926
16.2	16.38825424870153
16.21	18.38767578246733
16.22	23.12419997826189
16.23	27.548444917824565
16.240000000000002	26.78207691121802
16.25	29.171313469901765
16.26	28.675223015418325
16.27	28.713733449388677
16.28	23.7643414128686
16.29	23.13521972405749
16.3	23.53307907442929
16.31	20.567535858057013
16.32	23.384592179332607
16.330000000000002	20.869702053624856
16.34	28.021479544218682
16.35	24.002532250657236
16.36	25.130547200385255
16.37	22.070438563359644
16.38	17.265037345717097
16.39	15.59526065382762
16.4	19.20759593775108
16.41	17.37454078712214
16.42	23.98718766337243
16.43	23.692548919857643
16.44	30.939944924960592
16.45	27.391430408619833
16.46	24.994147096267216
16.47	22.870275570147353
16.48	24.101023888084406
16.490000000000002	21.30043551820528
16.5	19.378340230980502
16.51	19.188729563253165
16.52	20.59720983495447
16.53	23.72938041253155
16.54	20.841690798349383
16.55	22.96966375068508
16.56	22.965530372404274
16.57	23.932208483784162
16.580000000000002	27.690193908788025
16.59	26.81488786290465
16.6	20.738914871607047
16.61	20.015963238197443
16.62	20.37375850311247
16.63	21.46502977772048
16.64	23.86974386591547
16.65	31.448975394466395
16.66	32.13228215893659
16.67	28.81610761705696
16.68	25.646750342364847
16.69	22.9521814936103
16.7	22.917169804312426
16.71	22.805507220711064
16.72	24.727867553496562
16.73	22.85803374385552
16.740000000000002	19.499300855918566
16.75	18.029653863961563
16.76	21.206585327857656
16.77	33.30023030307458
16.78	29.26251312251685
16.79	24.836864398166735
16.8	27.267890430267357
16.81	24.815915877459734
16.82	25.22217227132769
16.830000000000002	29.73322681563308
16.84	27.002344011633447
16.85	29.517450922356023
16.86	23.18539973126687
16.87	19.639826403693714
16.88	27.647076332127742
16.89	30.17054402508393
16.9	35.86054750242268
16.91	28.129179760862147
16.92	26.611486750660525
16.93	23.33808946691547
16.94	21.520206710309292
16.95	23.735243784384785
16.96	23.32676938436311
16.97	20.54315293513801
16.98	31.322442255241544
16.990000000000002	28.291698788631777
17.0	30.9361573469281
17.01	29.008776630071665
17.02	33.527462661564655
17.03	29.518461816311238
17.04	29.42621699855356
17.05	29.122376467364447
17.06	29.70317372471822
17.07	25.08316860774366
17.080000000000002	20.7402115631263
17.09	18.78271120416479
17.1	19.46973024686185
17.11	26.014328715300454
17.12	24.236897187884253
17.13	25.835082044474863
17.14	30.607761527460877
17.150000000000002	23.980749543514584
17.16	22.659485902211397
17.17	23.117829191138316
17.18	18.368162257146082
17.19	14.255680828252743
17.2	11.639890184751716
17.21	10.381826316168915
17.22	8.25767109117746
17.23	6.483889635859964
17.240000000000002	8.00579529132838
17.25	10.898246155391377
17.26	17.701510985665212
17.27	21.2020926542982
17.28	21.213983616921503
17.29	22.406723950462702
17.3	17.29136167948388
17.31	16.531262931205156
17.32	14.009780075947008
17.330000000000002	11.265225793098868
17.34	13.930170679316104
17.35	20.570105869736686
17.36	19.57069463207623
17.37	17.54109550352
17.38	15.846740004289986
17.39	22.177559736583756
17.400000000000002	26.248670844498378
17.41	24.282617887047305
17.42	22.333566577924813
17.43	18.50137725167588
17.44	19.01841545561478
17.45	15.882035725960272
17.46	15.632141329795989
17.47	17.4922516358353
17.48	20.10433509643504
17.490000000000002	15.799496284719966
17.5	13.25888916413699
17.51	14.455085477792649
17.52	17.09700442095309
17.53	17.680154821677473
17.54	16.579678278873303
17.55	18.414352540583792
17.56	22.996572547157008
17.57	23.1741726546636
17.580000000000002	24.796049578404826
17.59	27.853198654246494
17.6	25.941356558187366
17.61	25.1533957209772
17.62	22.16250992621487
17.63	23.96352956954902
17.64	30.89630123844307
17.650000000000002	31.691094077032844
17.66	31.943015255310566
17.67	33.096042209955094
17.68	30.007210599594597
17.69	26.147805329283774
17.7	22.204028758152813
17.71	21.987024435185354
17.72	19.8818770856496
17.73	23.14952965480922
17.740000000000002	23.149381695756997
17.75	27.0207503695733
17.76	24.88906971296506
17.77	29.352292941264274
17.78	30.38399059206302
17.79	28.79132698639352
17.8	27.09156704358951
17.81	30.586419503080595
17.82	33.781131559857364
17.830000000000002	34.80124380412284
17.84	33.192335114187706
17.85	31.07235996215421
17.86	26.594073755481897
17.87	21.775735335027317
17.88	21.138126535540632
17.89	16.77566226665475
17.900000000000002	13.557618975387243
17.91	13.563810494081416
17.92	11.165549977114987
17.93	9.216060827310912
17.94	7.525712592312865
17.95	8.037114674404533
17.96	12.541021337666528
17.97	17.00886327049088
17.98	16.674276027349972
17.990000000000002	19.153394281876324
18.0	14.942937097359918
18.01	13.555750873774942
18.02	19.998888782839426
18.03	18.02190051262794
18.04	18.95864495892172
18.05	21.131918360016037
18.06	16.776158107341058
18.07	18.675740888133237
18.080000000000002	17.94510658774852
18.09	25.931076487068612
18.1	25.082693773637676
18.11	22.063936255959078
18.12	22.988395490538252
18.13	24.262674227095072
18.14	21.99661465913328
18.150000000000002	20.24161745993461
18.16	18.91828776328076
18.17	27.193337103504142
18.18	26.881205288013355
18.19	22.247389064775216
18.2	22.068045944602762
18.21	22.15749853891261
18.22	22.58780457078597
18.23	23.361066076885677
18.240000000000002	23.609621942889117
18.25	18.7753051692019
18.26	18.36700124325038
18.27	20.70840825521313
18.28	20.39236610985836
18.29	18.867013732086004
18.3	17.760848532198704
18.31	13.67910027249622
18.32	12.144393281916892
18.330000000000002	10.6289705428838
18.34	11.485832393555713
18.35	14.785917515794967
18.36	15.94300353706774
18.37	26.32071699214166
18.38	22.626486119623785
18.39	21.076273482747283
18.400000000000002	29.574932341407894
18.41	23.08761778120196
18.42	18.95781873568665
18.43	15.151050607102457
18.44	13.611278124881233
18.45	15.641703123773286
18.46	16.560062166815573
18.47	16.34750521684713
18.48	14.874350091980832
18.490000000000002	20.544622274866327
18.5	19.44970338950283
18.51	21.377583078332965
18.52	28.441457043022297
18.53	28.895148829717158
18.54	25.013413982647958
18.55	23.899719136833056
18.56	20.743689255035154
18.57	17.097172548112457
18.580000000000002	19.28307695254013
18.59	22.486329824784924
18.6	23.447994973668823
18.61	20.216779435902936
18.62	19.407947791745336
18.63	22.68224462128444
18.64	18.23252165888917
18.650000000000002	16.37458619690676
18.66	17.54838829283138
18.67	18.590413850460116
18.68	16.765607714597973
18.69	31.483380458285247
18.7	28.425891934505255
18.71	25.93085006860315
18.72	21.380815585085312
18.73	24.702044707114897
18.740000000000002	24.235097585899126
18.75	23.533221083471965
18.76	20.31454123510826
18.77	31.42125449124856
18.78	28.250701696132708
18.79	25.167945002163485
18.8	29.68650677448539
18.81	30.517862140016998
18.82	25.588734985749213
18.830000000000002	20.836935661739684
18.84	29.968535101108557
18.85	28.20802048568751
18.86	27.21677655830806
18.87	23.258737784185385
18.88	21.307058109377053
18.89	25.465417889683845
18.900000000000002	28.79630401770213
18.91	29.47477147898302
18.92	25.686171073805014
18.93	29.238889464390194
18.94	27.22707337862404
18.95	22.27103831026258
18.96	20.41840020131977
18.97	23.151905144082388
18.98	28.55763868972793
18.990000000000002	29.587089104613767
19.0	23.347883479909154
19.01	20.959852203583235
19.02	19.830810000654285
19.03	20.049579531662054
19.04	26.82399452097682
19.05	27.92338561182107
19.06	32.39234669470467
19.07	28.877654435072426
19.080000000000002	23.020489703534572
19.09	20.54467622317642
19.1	22.258827317384295
19.11	25.64181728768554
19.12	22.34995767847225
19.13	20.429590617978594
19.14	16.990382443407672
19.150000000000002	19.616812919855683
19.16	24.535648466410223
19.17	22.920177059885503
19.18	31.319271642846566
19.19	25.516772032776977
19.2	28.844276053555667
19.21	34.796455028349314
19.22	31.55756240196229
19.23	24.818758968407536
19.240000000000002	23.4650012088024
19.25	26.51810943969027
19.26	22.357692784397287
19.27	20.046231619700688
19.28	17.987065321523733
19.29	19.226228302064534
19.3	27.25170733573839
19.31	25.84846049539598
19.32	30.6231160501366
19.330000000000002	29.748402014195026
19.34	23.110312335391804
19.35	21.970569158678774
19.36	18.25334803864024
19.37	19.610868524762854
19.38	18.769283204177203
19.39	23.94538036834222
19.400000000000002	30.094091182325503
19.41	26.83336547636897
19.42	26.917842493531474
19.43	22.39826627952099
19.44	19.308403459875315
19.45	24.57576956367928
19.46	23.208829524321636
19.47	22.67497116134458
19.48	22.243222153646638
19.490000000000002	18.99942824094911
19.5	19.26482799324307
19.51	21.145410484618438
19.52	16.736218997017787
19.53	13.586711261407105
19.54	18.37094077559415
19.55	18.00375915448793
19.56	15.399641513092403
19.57	13.01024167215545
19.580000000000002	13.645552385615531
19.59	14.524867796243438
19.6	13.030386050091428
19.61	12.269910848313954
19.62	12.725866662820566
19.63	15.047200665807944
19.64	18.83712955677973
19.650000000000002	21.718384062479483
19.66	29.16473839076147
19.67	24.912711119970393
19.68	19.463325513863015
19.69	17.99681169210334
19.7	16.491475795541504
19.71	28.457394286481932
19.72	23.61241168245328
19.73	22.841883818000447
19.740000000000002	18.740601206717002
19.75	17.253118064480027
19.76	25.292455602024532
19.77	22.548142866979585
19.78	24.114570742569565
19.79	29.64623140708378
19.8	28.85405971996069
19.81	30.920658449764733
19.82	31.081366295210856
19.830000000000002	29.84984703099153
19.84	28.613408189295512
19.85	25.667544326301698
19.86	24.482662864648383
19.87	18.9989928488615
19.88	15.58860196875514
19.89	15.277076438116508
19.900000000000002	12.390458008342987
19.91	11.736731772985753
19.92	9.797053112428117
19.93	9.229053631430421
19.94	9.398180484579116
19.95	8.270466010595873
19.96	10.722488436760308
19.97	15.967335255819641
19.98	27.948620692142033
19.990000000000002	32.91163654071282
20.0	30.298197246513524
20.01	25.857175205176173
20.02	21.837899208643865
20.03	21.289569244681804
20.04	18.754386497192343
20.05	16.223177122039267
20.06	17.011190793419207
20.07	19.286254550800003
20.080000000000002	19.796461968160926
20.09	29.568344134848502
20.1	27.61403359034581
20.11	27.131034643733127
20.12	25.045679087507512
20.13	29.110793613889967
20.14	28.070411656222685
20.150000000000002	25.65548197704403
20.16	22.446192192899076
20.17	21.257497509844864
20.18	22.61475269323694
20.19	18.892147031897697
20.2	22.566505074560972
20.21	29.92000857713052
20.22	26.286963208872987
20.23	23.06060274747051
20.240000000000002	25.40889251953175
20.25	31.137373764837573
20.26	35.84729614411522
20.27	30.054673689146796
20.28	27.789947202066134
20.29	30.870775218716947
20.3	30.496210918721676
20.31	26.1748085121721
20.32	27.666551808712292
20.330000000000002	26.20142272113336
20.34	25.243095138812063
20.35	26.63533344026315
20.36	22.0662507882749
20.37	21.3963116682578
20.38	30.16195252072495
20.39	29.446781511603653
20.400000000000002	29.397446365411838
20.41	28.49810948508955
20.42	33.474350327225004
20.43	30.839594796263995
20.44	31.96707558416089
20.45	32.95301499170082
20.46	37.33433789656588
20.47	34.19822894465803
20.48	31.34924990938727
20.490000000000002	29.029597690900165
20.5	24.533175223719304
20.51	20.443358147499723
20.52	16.78001156272468
20.53	13.964821908928885
20.54	12.644119298542297
20.55	12.403610372349307
20.56	12.34742517362946
20.57	16.283898244705963
20.580000000000002	25.51634400007021
20.59	21.214171470706443
20.6	21.139712350370626
20.61	22.049497815208994
20.62	20.664305936745603
20.63	17.76739053061055
20.64	15.642891749255046
20.650000000000002	24.44513300973623
20.66	24.902670731203226
20.67	25.403461852771994
20.68	24.196063336896206
20.69	28.639311926082065
20.7	22.665782122943703
20.71	20.567180873700217
20.72	26.95783421067104
20.73	24.841610899435498
20.740000000000002	24.36952014472606
20.75	21.546981374642826
20.76	21.60485811159997
20.77	17.406817640702908
20.78	21.119351257220742
20.79	24.33754620245064
20.8	25.30585819891541
20.81	31.69186941002345
20.82	25.346974801300348
20.830000000000002	35.200185176348526
20.84	29.057569542253283
20.85	22.94935262556674
20.86	21.960420049757666
20.87	26.2026922889763
20.88	22.819321802275287
20.89	24.83544550158817
20.900000000000002	24.408158537662054
20.91	25.998751853972067
20.92	22.55381938037527
20.93	20.047708656091555
20.94	19.94980486749508
20.95	24.505370196960765
20.96	19.105743338077776
20.97	18.448892296772076
20.98	19.387739615812336
20.990000000000002	19.073069206505185
21.0	19.543399060120482
21.01	19.949816867765367
21.02	24.985696927117562
21.03	36.654500160770986
21.04	29.36695759096152
21.05	23.909739325636167
21.06	24.231434523696674
21.07	28.179864224669622
21.080000000000002	25.776813419504723
21.09	24.818373281037868
21.1	33.53507560928539
21.11	35.39166260753398
21.12	33.135115634663876
21.13	30.987079675408285
21.14	28.118535848487767
21.150000000000002	25.959712802825695
21.16	21.161322075858347
21.17	26.282737442829244
21.18	28.875806511292783
21.19	33.72618379229017
21.2	32.2868509355992
21.21	30.080563483873245
21.22	36.47596429526561
21.23	34.234162019086405
21.240000000000002	30.85271939582152
21.25	39.61512697845566
21.26	34.99683251324049
21.27	33.93550857234114
21.28	31.655724520560092
21.29	27.704666202017762
21.3	24.513307751059838
21.31	23.984906160916655
21.32	21.01141502056518
21.330000000000002	22.543865428498822
21.34	35.8066049852869
21.35	33.88818895813925
21.36	29.388498944058938
21.37	24.609426233288097
21.38	22.057406490166198
21.39	22.425886886449028
21.400000000000002	24.518379745909048
21.41	24.566159575214545
21.42	23.18558999227105
21.43	21.013191462289328
21.44	25.068232292018518
21.45	28.425334644006547
21.46	35.3890590399557
21.47	33.656908636156146
21.48	38.32247931020868
21.490000000000002	32.69928908323382
21.5	28.52727647837754
21.51	25.19967333984967
21.52	24.953688522641098
21.53	24.864997877467573
21.54	20.652111582596223
21.55	19.339442507835912
21.56	20.72523465092653
21.57	16.12523678628449
21.580000000000002	14.269438313364168
21.59	13.631897187806109
21.6	12.03028983978829
21.61	11.66791050472634
21.62	17.3451861737171
21.63	17.489823164041457
21.64	18.752857774508435
21.650000000000002	21.93198762066161
21.66	19.78331881327136
21.67	30.689034350055234
21.68	34.071596950629264
21.69	36.88867458538192
21.7	31.850779370079508
21.71	34.040831725854225
21.72	34.44660927548946
21.73	30.128607085383557
21.740000000000002	30.272285193737876
21.75	23.651360856196725
21.76	22.855313785801663
21.77	20.608813281643847
21.78	23.55897510690156
21.79	26.317244864873626
21.8	23.790337914944015
21.81	19.416331221097437
21.82	17.55716549128584
21.830000000000002	22.71315373325747
21.84	18.008403007969687
21.85	15.271693296873243
21.86	13.057402919921765
21.87	10.593677334193368
21.88	19.149343857340643
21.89	15.942359245134316
21.900000000000002	17.60373219779327
21.91	16.645102992049356
21.92	25.20204674709724
21.93	23.609694485640343
21.94	31.835040059108785
21.95	31.89193334164608
21.96	25.725845929090745
21.97	26.35591696638721
21.98	24.577000356278656
21.990000000000002	29.796758852914117
22.0	27.175703163566045
22.01	22.920535962654906
22.02	24.402671758683343
22.03	25.422000321051854
22.04	23.35175654722998
22.05	18.08072535081469
22.06	15.421070678016982
22.07	19.999244574788282
22.080000000000002	25.99466484701634
22.09	29.56669180003246
22.1	24.040276982334746
22.11	21.627488469316976
22.12	20.761681881089487
22.13	16.616696518913415
22.14	17.942406568322287
22.150000000000002	19.71894511046868
22.16	22.669074109189836
22.17	19.795094575885177
22.18	22.589199012399718
22.19	25.965963725507354
22.2	22.384138278555582
22.21	24.797671489633306
22.22	19.383392727921144
22.23	16.179731082939824
22.240000000000002	13.899853311502373
22.25	12.787392422470532
22.26	15.7264240885699
22.27	26.55533933430332
22.28	30.46953386309251
22.29	31.183339898650175
22.3	33.984071513865
22.31	31.05584017587451
22.32	33.437294016756724
22.330000000000002	25.99646748938931
22.34	21.318389859816644
22.35	21.683430222491815
22.36	21.662858519383594
22.37	18.31085629198577
22.38	23.876033860789356
22.39	27.684558638830545
22.400000000000002	25.50149287371279
22.41	27.934851587975622
22.42	29.52464538676445
22.43	30.863517579060467
22.44	32.30915258406588
22.45	29.000664480390622
22.46	29.352859615414246
22.47	28.48017222767603
22.48	30.70944212031389
22.490000000000002	30.11562800079072
22.5	27.508629312149647
22.51	26.018028838096733
22.52	28.627523874677156
22.53	24.70219758278548
22.54	25.847624725163918
22.55	28.917121124389173
22.56	26.461469331497828
22.57	26.83704347299915
22.580000000000002	25.577374570511623
22.59	21.548454276902877
22.6	20.357503114360988
22.61	26.582382890348505
22.62	27.972643615378985
22.63	29.87736354940041
22.64	33.12953638024305
22.650000000000002	34.08280338917063
22.66	33.860609758737944
22.67	30.901810573510893
22.68	28.491324647844774
22.69	30.5242773192343
22.7	34.50606350743665
22.71	31.375383039108087
22.72	25.267164135559533
22.73	33.66826736523193
22.740000000000002	31.27616900726654
22.75	25.974212915960788
22.76	23.91473391996847
22.77	28.58517869835978
22.78	28.269987709622335
22.79	26.505503148471572
22.8	27.96236610786443
22.81	24.66235527307997
22.82	20.572276596697073
22.830000000000002	17.099396014430578
22.84	14.370881636577954
22.85	30.105616434727928
22.86	30.128919264614524
22.87	30.240469134214777
22.88	29.691826976895285
22.89	37.40793684643185
22.900000000000002	38.522797139124854
22.91	33.73552373810121
22.92	26.216632103243406
22.93	23.02923009339603
22.94	25.937337608176804
22.95	22.25500061372072
22.96	22.274238629614207
22.97	19.718124996006832
22.98	15.66034092292
22.990000000000002	12.777887437091318
23.0	13.723928889903883
23.01	14.752624608648707
23.02	14.736282222501046
23.03	15.596662622272158
23.04	13.346127596721296
23.05	17.327595656160014
23.06	19.422318364562766
23.07	19.382929446902494
23.080000000000002	17.470715792294584
23.09	20.29436623162526
23.1	17.636358843092356
23.11	17.312472588913277
23.12	24.261850611401933
23.13	20.252970458439624
23.14	21.644995970740908
23.150000000000002	22.15748919883641
23.16	19.40479306598435
23.17	17.60138862772456
23.18	13.772270457603662
23.19	13.3201749689825
23.2	29.623330470605826
23.21	33.077874661053386
23.22	26.077983382249286
23.23	22.49765680571186
23.240000000000002	21.099906090035397
23.25	22.288466128374967
23.26	18.620006283392527
23.27	15.235234291366844
23.28	13.722218270068563
23.29	11.667294995693583
23.3	13.550315423653053
23.31	11.562350347308378
23.32	11.527685983854852
23.330000000000002	11.913226495372381
23.34	12.769067194362318
23.35	14.115601965371793
23.36	17.519677731877294
23.37	14.786780710923061
23.38	12.840688708027814
23.39	17.41443563684968
23.400000000000002	24.06989448290634
23.41	31.386177933022694
23.42	32.49588697147104
23.43	26.807962553040294
23.44	30.24318051489508
23.45	29.722639585951836
23.46	33.949095849220264
23.47	28.389934334891336
23.48	25.04973494536527
23.490000000000002	21.65666700499709
23.5	20.10082691270845
23.51	19.110509201107988
23.52	26.36746733527144
23.53	22.38945386068995
23.54	28.34429161121253
23.55	24.72912661039405
23.56	25.412997843624524
23.57	24.575147866122258
23.580000000000002	20.23776685227252
23.59	16.047605058105848
23.6	12.40949882209432
23.61	9.594627073676818
23.62	8.800915111859535
23.63	10.182667064198862
23.64	11.880370462255671
23.650000000000002	12.456082511878295
23.66	18.219486357935722
23.67	18.071704678000224
23.68	20.006631688085974
23.69	19.07293491847059
23.7	21.495340649562994
23.71	16.914444753661957
23.72	14.114329146679445
23.73	12.822108004243846
23.740000000000002	12.997570025761037
23.75	20.5660269187546
23.76	20.39352123742239
23.77	15.896880784074828
23.78	13.59791229490687
23.79	11.029030738609968
23.8	8.872240684309103
23.81	9.893734527823584
23.82	11.962855614541182
23.830000000000002	17.4122674377189
23.84	18.146053520361868
23.85	26.460331044541537
23.86	24.824871165612098
23.87	20.813876678419664
23.88	16.94201963469021
23.89	15.802644073870631
23.900000000000002	18.251023225801735
23.91	19.267792644096296
23.92	21.91321351590748
23.93	21.249728542965055
23.94	18.122692557597126
23.95	19.61432033862005
23.96	20.367350772073227
23.97	25.861773555507774
23.98	32.886739364294954
23.990000000000002	27.661561746436046
24.0	27.705840158258955
24.01	25.429490218633447
24.02	20.53050834142186
24.03	18.73694051701905
24.04	22.4874680310939
24.05	17.787384237280108
24.060000000000002	14.58689679550379
24.07	15.410412093879094
24.080000000000002	14.126955651685051
24.09	15.410629361847564
24.1	24.09909699124504
24.11	22.16466823548917
24.12	22.717884327889227
24.13	18.901872065730146
24.14	23.552541923830614
24.150000000000002	24.375093088569233
24.16	25.692782293379196
24.17	27.56708455850633
24.18	26.081988660732765
24.19	25.69431282466342
24.2	23.31633078245079
24.21	20.664212353072404
24.22	20.39993551562305
24.23	24.244634544261324
24.240000000000002	23.762739402766975
24.25	32.53107006781382
24.26	35.40546429182687
24.27	30.933071513777286
24.28	26.035223002696185
24.29	21.831925101845755
24.3	23.976314149553616
24.310000000000002	27.515140552296955
24.32	24.85893297527564
24.330000000000002	19.388020155048356
24.34	17.492179873268427
24.35	17.2479260611354
24.36	24.832077584303686
24.37	23.821085293334804
24.38	23.956473155509027
24.39	21.447092381809757
24.400000000000002	25.62772830435033
24.41	24.79464401897797
24.42	24.96502886094305
24.43	21.6138450520872
24.44	23.50116715562886
24.45	20.132522010313682
24.46	19.995994964288602
24.47	23.049915200095086
24.48	26.733692773054077
24.490000000000002	21.914268412693815
24.5	31.159459852742803
24.51	28.482727346028632
24.52	27.860569465251643
24.53	23.359633844577797
24.54	20.584831415894275
24.55	19.096127912417888
24.560000000000002	17.278600254690165
24.57	17.637400812411922
24.580000000000002	16.557653793559773
24.59	15.700165566051451
24.6	21.516507584738374
24.61	20.648084876653925
24.62	20.451326753565144
24.63	22.066416794044724
24.64	21.485030879240142
24.650000000000002	17.76952946334743
24.66	15.304349051794508
24.67	17.45792279780194
24.68	20.00450557008232
24.69	19.444394046577663
24.7	18.99305198004343
24.71	19.495761998248348
24.72	17.739718537482986
24.73	14.872934901816011
24.740000000000002	18.851711349620853
24.75	26.485081864972432
24.76	34.48352621026941
24.77	30.817338524764455
24.78	35.714092725124665
24.79	29.489129468014344
24.8	25.730771609985
24.810000000000002	24.590415643207145
24.82	32.44139225239799
24.830000000000002	26.877761404099402
24.84	24.822827350328637
24.85	24.095284975152243
24.86	23.996002039966896
24.87	20.162552915560287
24.88	21.708788721301108
24.89	19.835508946367945
24.900000000000002	21.871774056842852
24.91	22.730662256800485
24.92	21.154493075842012
24.93	22.0306320278493
24.94	26.546425990643755
24.95	27.919764189736597
24.96	27.917900946319232
24.97	24.09229965494207
24.98	26.897763788595807
24.990000000000002	24.4266769229641
25.0	23.141767005228363
25.01	18.59468430309157
25.02	17.24181844889448
25.03	17.493708880197612
25.04	14.633603306178957
25.05	16.99065949536474
25.060000000000002	18.542210175651995
25.07	17.097691508650158
25.080000000000002	13.733576478374387
25.09	13.1480679201403
25.1	17.429381028959455
25.11	23.99997980025716
25.12	22.404224401213693
25.13	34.835332129247035
25.14	29.403433662307396
25.150000000000002	27.461116736335345
25.16	34.75847899005877
25.17	29.528009855188206
25.18	25.124746582766313
25.19	25.793953507441227
25.2	27.569101859588883
25.21	28.23447737625137
25.22	27.36503479174375
25.23	33.44439681210506
25.240000000000002	32.326953078376825
25.25	27.646746307270877
25.26	25.343691687724803
25.27	31.04168309416208
25.28	27.36570667355919
25.29	24.295026048905612
25.3	23.570400934285175
25.310000000000002	26.27965801651996
25.32	26.34970084879349
25.330000000000002	24.13554128450311
25.34	20.161663356318837
25.35	18.25783926142157
25.36	17.031789917618735
25.37	19.555965031854964
25.38	21.416678844080902
25.39	23.070712431143303
25.400000000000002	24.51945774129687
25.41	25.846695397575857
25.42	23.280291278257152
25.43	26.800123926960744
25.44	30.643023497369875
25.45	33.51679539427725
25.46	28.84088567313478
25.47	26.988403437786907
25.48	26.690151579752655
25.490000000000002	29.62789938862254
25.5	24.38091697094573
25.51	25.453922284410815
25.52	23.35701298317676
25.53	20.323621724775606
25.54	16.89295018901637
25.55	15.27508225258437
25.560000000000002	18.320017888011357
25.57	17.091511589835605
25.580000000000002	24.480406065371838
25.59	26.78907900339278
25.6	22.01146409247028
25.61	20.953909196647658
25.62	24.57458427180637
25.63	32.85357201448515
25.64	25.908751087720383
25.650000000000002	21.570740873408518
25.66	18.872595802420896
25.67	25.659922315112848
25.68	28.205631391587914
25.69	25.29567132069763
25.7	20.173279857291742
25.71	17.98406150517522
25.72	17.91742554265461
25.73	18.18036536455957
25.740000000000002	14.917412966720416
25.75	21.23522432728306
25.76	26.247248793578894
25.77	26.06078162529225
25.78	32.240933684363355
25.79	27.673197024828358
25.8	25.425513652894452
25.810000000000002	20.04809061337429
25.82	16.774056202131664
25.830000000000002	24.46385371744352
25.84	22.155992344544917
25.85	22.403433221376364
25.86	18.922532875363537
25.87	22.197166799098117
25.88	27.06712650672541
25.89	24.48951881982162
25.900000000000002	24.044335647302663
25.91	25.487349064673243
25.92	31.830688703646707
25.93	31.642287990277527
25.94	34.033721724000884
25.95	32.57068227734917
25.96	25.02260685680273
25.97	21.63647321850119
25.98	19.614877444568886
25.990000000000002	18.2142055062135
26.0	26.53948333931249
26.01	26.9498735854356
26.02	28.38931930561147
26.03	24.677356245596524
26.04	23.490948377636983
26.05	19.96629162084232
26.060000000000002	18.65605021747973
26.07	19.43780307082621
26.080000000000002	19.443862496125117
26.09	20.447263964951787
26.1	29.65652615298617
26.11	29.233442871077106
26.12	33.25588826437925
26.13	32.410275007595715
26.14	26.887774563855952
26.150000000000002	24.911034306418912
26.16	32.93916773721943
26.17	26.07232150294184
26.18	23.02347285036444
26.19	22.917750258020973
26.2	29.147593639626532
26.21	24.9077534109938
26.22	22.849093387084064
26.23	20.0838935495569
26.240000000000002	16.67677846993418
26.25	26.252473775021652
26.26	26.559158918062053
26.27	24.169060784847918
26.28	22.847262194404404
26.29	19.533945130495546
26.3	25.76826079831947
26.310000000000002	26.893609869809712
26.32	21.456091169287888
26.330000000000002	17.096690646899127
26.34	18.027391592286016
26.35	26.46174974666305
26.36	23.56607109632484
26.37	31.235407882775544
26.38	27.0285299142977
26.39	20.8888938197471
26.400000000000002	16.5882772965558
26.41	14.099553804504742
26.42	11.361795285963455
26.43	11.382768747459776
26.44	8.059215260301048
26.45	6.341566513045266
26.46	6.791148250632972
26.47	8.58041367916008
26.48	10.706652690054689
26.490000000000002	11.538283644617524
26.5	10.559052018862566
26.51	9.6874416321235
26.52	8.315734093575285
26.53	8.21212369906805
26.54	8.279385138505228
26.55	10.89983618904047
26.560000000000002	17.792187476853265
26.57	17.18855783356952
26.580000000000002	15.521038993087481
26.59	13.224040701914166
26.6	14.89035444505252
26.61	15.809656670940932
26.62	16.053733160576108
26.63	25.05974301921338
26.64	24.953847454159224
26.650000000000002	28.350243814459965
26.66	28.95834101129115
26.67	26.728063154208833
26.68	25.50636153333456
26.69	27.855789521169644
26.7	23.55646675097417
26.71	23.53165027388676
26.72	19.283109605632205
26.73	24.453359347473903
26.740000000000002	29.239335107962745
26.75	25.219867820816834
26.76	25.191070716303596
26.77	23.281415751461573
26.78	23.41163634352619
26.79	21.051985452321812
26.8	18.558189746635925
26.810000000000002	20.492268729253034
26.82	17.66811095550284
26.830000000000002	24.030388576362096
26.84	20.58622509724378
26.85	18.416241757287676
26.86	24.820806150507583
26.87	21.313160257005308
26.88	28.62722547994602
26.89	22.368178030994386
26.900000000000002	20.77992495445914
26.91	18.262794632801025
26.92	19.248712543273513
26.93	22.962491073863745
26.94	19.04596937325143
26.95	19.67208766196915
26.96	25.127389694448382
26.97	22.179580834459234
26.98	29.710711872742568
26.990000000000002	25.139931347464977
27.0	28.570190574741392
27.01	27.096887371335942
27.02	22.54141645389094
27.03	30.38135267112783
27.04	29.704469795502703
27.05	28.682363409489106
27.060000000000002	24.04264047411353
27.07	24.52173863633961
27.080000000000002	21.01289315556212
27.09	20.014802520643457
27.1	21.96639799634433
27.11	25.500673257018022
27.12	21.447628066006278
27.13	21.54226055957773
27.14	22.94440398319475
27.150000000000002	18.70755076497696
27.16	18.748969576540993
27.17	16.04688362695498
27.18	16.68354544522586
27.19	16.200773915382428
27.2	16.50244794473633
27.21	13.547977339245387
27.22	14.15637459098999
27.23	27.97985788664606
27.240000000000002	26.662542119119987
27.25	33.00686588254194
27.26	29.79111991923773
27.27	26.94283780789108
27.28	22.160170311908136
27.29	22.513571488858705
27.3	21.56185671200306
27.310000000000002	21.80466375196393
27.32	26.7655600591009
27.330000000000002	31.5735166993779
27.34	35.170795792677154
27.35	27.62253223022914
27.36	23.35738265303804
27.37	20.333545609176227
27.38	25.611601435739466
27.39	23.551321051060167
27.400000000000002	27.14877540597747
27.41	24.497664720151285
27.42	28.019104675758335
27.43	27.333377607686288
27.44	23.1943324128285
27.45	21.7601885164813
27.46	19.20607982612414
27.47	18.19423329996255
27.48	18.87284788849106
27.490000000000002	21.450788715026096
27.5	17.738639752917866
27.51	19.683373356804303
27.52	15.469896705031765
27.53	13.22294326469981
27.54	14.655838680953241
27.55	14.631574105310692
27.560000000000002	24.34084375074359
27.57	20.092541841434812
27.580000000000002	17.712844743044652
27.59	15.745905515779782
27.6	16.339446606224737
27.61	21.24115733783978
27.62	19.551814006678864
27.63	19.804258577880653
27.64	18.730927069491855
27.650000000000002	24.132381157883827
27.66	20.36013402310364
27.67	19.04247021772235
27.68	22.03859059986352
27.69	26.384353183218614
27.7	27.491783780597792
27.71	23.272807794801736
27.72	23.086761550908633
27.73	18.067264566513636
27.740000000000002	15.87869005535491
27.75	19.36248186034275
27.76	27.78471242324596
27.77	31.411258366619204
27.78	35.283854237195115
27.79	30.665760959670756
27.8	25.168257101985834
27.810000000000002	21.57121240487602
27.82	23.9836912220798
27.830000000000002	22.500398345908366
27.84	22.07535598914436
27.85	25.721459826808122
27.86	34.3883319525663
27.87	31.33787621928417
27.88	35.80882341383826
27.89	32.68612411316866
27.900000000000002	27.495574885093223
27.91	22.45043786967654
27.92	21.522094737389683
27.93	30.772863123616045
27.94	26.257857824306676
27.95	22.46645549980953
27.96	19.126052361848203
27.97	18.937556806288235
27.98	18.75697226986287
27.990000000000002	16.557979521050992
28.0	21.85430089444442
28.01	26.579424778724825
28.02	25.247214812665852
28.03	22.181980523775728
28.04	23.55769861836233
28.05	23.235929554455772
28.060000000000002	26.370775510839337
28.07	24.94689861047648
28.080000000000002	30.945936794539534
28.09	28.891773026984
28.1	26.892999311146294
28.11	24.931513101521983
28.12	32.23087263503478
28.13	29.05385220757962
28.14	26.040316188686905
28.150000000000002	31.699128134500945
28.16	33.091046604405356
28.17	28.7621694522711
28.18	24.588755262774807
28.19	23.564740504090214
28.2	21.810369598472985
28.21	19.3787696404781
28.22	16.299001224857633
28.23	16.094995754100957
28.240000000000002	13.599571975536106
28.25	17.152711862005066
28.26	14.74319092842143
28.27	16.652573268184053
28.28	26.588907489843336
28.29	33.08183218502174
28.3	29.53434243153478
28.310000000000002	26.114046390209648
28.32	24.536738221575273
28.330000000000002	24.213043131712276
28.34	20.691941415298253
28.35	19.633715279699075
28.36	21.66164990082335
28.37	18.066312158195327
28.38	20.186994583414197
28.39	16.414503054689057
28.400000000000002	21.22253158823534
28.41	22.162394014482324
28.42	21.465947192636488
28.43	17.59279939734592
28.44	19.365392881040968
28.45	20.487294336910747
28.46	19.857098768400146
28.47	17.17219192632152
28.48	16.557018789831574
28.490000000000002	17.05488958367087
28.5	22.057941865026173
28.51	23.246794043629574
28.52	25.958808156789512
28.53	21.506926425375713
28.54	30.512437156583697
28.55	23.94645773635282
28.560000000000002	21.50797777118858
28.57	21.811642760641316
28.580000000000002	23.263697294873836
28.59	21.834781479559474
28.6	21.532351091506488
28.61	17.28862527739543
28.62	14.651092862275123
28.63	14.789339502156102
28.64	14.53896962463517
28.650000000000002	14.685324885719842
28.66	13.776136742287449
28.67	13.992856060178465
28.68	15.073965565650552
28.69	12.439585691313832
28.7	16.719408469601817
28.71	24.964551196643704
28.72	30.44415507674217
28.73	31.99638312380717
28.740000000000002	26.028686185009544
28.75	25.43817008676503
28.76	24.95935952401369
28.77	24.72496583131271
28.78	27.267520776345524
28.79	22.81796539054537
28.8	24.1335121646437
28.810000000000002	24.923121558601252
28.82	21.3580942812191
28.830000000000002	19.80903039303628
28.84	17.087027371835603
28.85	25.4665213187266
28.86	26.597104524401097
28.87	24.31983395665846
28.88	22.441671250277953
28.89	20.71012025215966
28.900000000000002	17.211405851095073
28.91	16.41896994373643
28.92	21.371822844948618
28.93	23.049962070344325
28.94	20.49725713479767
28.95	23.376637146851508
28.96	27.098064381993744
28.97	28.063729090925282
28.98	23.327026900558362
28.990000000000002	21.624193553554317
29.0	18.13066074363804
29.01	22.89846995490019
29.02	23.717658734701303
29.03	19.614241565969266
29.04	26.790974180137816
29.05	23.307651619253434
29.060000000000002	25.839401709437517
29.07	40.10240543610168
29.080000000000002	40.716026325823364
29.09	37.394789958677
29.1	34.56572328210199
29.11	28.533426336146064
29.12	27.219002231274718
29.13	29.4931690130803
29.14	25.55817709599342
29.150000000000002	31.907703404875008
29.16	32.03895140482785
29.17	27.54906038615667
29.18	27.802170801149416
29.19	25.91726384562085
29.2	23.591617292501606
29.21	18.511814623218797
29.22	16.007407529281792
29.23	13.749813006235804
29.240000000000002	17.65978566004129
29.25	21.236372061413558
29.26	21.769537522264848
29.27	23.488179986917345
29.28	30.50422047411344
29.29	34.2036586303772
29.3	32.14526827365324
29.310000000000002	30.720964147594266
29.32	29.38094851044651
29.330000000000002	28.08775077023345
29.34	23.297028059379592
29.35	24.183718513560176
29.36	21.559357582745417
29.37	25.256060816416277
29.38	22.70921187689658
29.39	24.505370664176205
29.400000000000002	26.083624228255687
29.41	27.221307164997185
29.42	21.416059711148616
29.43	17.320750076489883
29.44	15.125650962940943
29.45	19.537862294569717
29.46	16.262736853163403
29.47	16.649883445989243
29.48	16.99371839019597
29.490000000000002	16.699384061532935
29.5	16.667021566310474
29.51	21.649722375218982
29.52	24.035506756336698
29.53	27.92850836825169
29.54	23.13373925597085
29.55	21.931217546800752
29.560000000000002	28.47676315855992
29.57	23.36912803682583
29.580000000000002	26.619017535179847
29.59	26.82248763911768
29.6	27.270719983351107
29.61	24.043578659385304
29.62	22.521301981666575
29.63	34.30708922536217
29.64	30.242253294589062
29.650000000000002	32.45292170192037
29.66	29.932781673861296
29.67	24.384264307107063
29.68	20.659651731399364
29.69	23.161575234979527
29.7	20.302578418425686
29.71	16.730224817424762
29.72	16.299470443891273
29.73	17.500183178574126
29.740000000000002	13.55077103440042
29.75	10.894952151804045
29.76	9.939611059265953
29.77	8.984269966728194
29.78	4.008272513903069
29.79	3.8971138812197808
29.8	3.89011291297227
29.810000000000002	5.608665312183077
29.82	7.166235827642741
29.830000000000002	8.542551023143309
29.84	12.432592869950419
29.85	12.891821155073941
29.86	19.072614265921473
29.87	18.271094006998435
29.88	16.464246979995945
29.89	23.16157015128953
29.900000000000002	21.308303835694606
29.91	19.265104547291603
29.92	16.027811272601095
29.93	14.218152762222234
29.94	12.235117154784131
29.95	10.089386175287965
29.96	9.576117758820521
29.97	13.1608114598966
29.98	15.597937979190538
29.990000000000002	14.612113507683286
30.0	14.186667346439407
30.01	14.144422220558894
30.02	16.55403947831342
30.03	17.45278547652252
30.04	14.358028182472955
30.05	13.415901108930203
30.060000000000002	18.161000382237006
30.07	21.35832688472065
30.080000000000002	17.63347918935377
30.09	13.806465845048352
30.1	11.535784717488836
30.11	10.79600595461496
30.12	15.924043271220404
30.13	20.8843564025558
30.14	22.282332982887915
30.150000000000002	17.791642488650517
30.16	14.76858133290799
30.17	20.85480161948551
30.18	18.199544027037952
30.19	16.25523301230389
30.2	17.91280707123596
30.21	15.81443961072453
30.22	19.88793730051088
30.23	19.02570405195897
30.240000000000002	20.28116820176458
30.25	19.035997274220126
30.26	22.04093266573556
30.27	22.635073450949307
30.28	27.9227937249339
30.29	25.881782868050475
30.3	27.406634401306498
30.310000000000002	23.891905214227478
30.32	35.48448697754439
30.330000000000002	34.95353619149788
30.34	28.205204720515745
30.35	28.87372531273765
30.36	24.187244618623563
30.37	22.969806469236758
30.38	23.01208649119169
30.39	18.509210163230115
30.400000000000002	16.98059830043544
30.41	18.83011596010669
30.42	22.128199463218365
30.43	21.68405742911102
30.44	17.6755199815787
30.45	15.601761604042526
30.46	18.051456410613973
30.47	23.580962192446744
30.48	22.806842232919752
30.490000000000002	21.67120740206769
30.5	18.20791175535638
30.51	22.660532519580187
30.52	20.832753891396795
30.53	19.13365549646633
30.54	21.31871951721485
30.55	25.45082055866133
30.560000000000002	27.107456934054426
30.57	30.39317380558366
30.580000000000002	40.29528309097003
30.59	37.39541429836748
30.6	31.231014777032982
30.61	30.462539656462507
30.62	31.215642610489763
30.63	27.545392132221966
30.64	24.12876158981382
30.650000000000002	29.802870909465735
30.66	27.92958574635947
30.67	25.76327610586487
30.68	28.96240319245123
30.69	30.943466742152726
30.7	29.203630020668776
30.71	28.120464026032447
30.72	26.284531503164253
30.73	27.174650447515077
30.740000000000002	28.6114695866047
30.75	27.976386446478532
30.76	25.542791660473966
30.77	24.842647861500396
30.78	25.399633802437386
30.79	23.702011971694876
30.8	21.603994378920294
30.810000000000002	17.290653804092454
30.82	15.702978927596847
30.830000000000002	17.42095661376198
30.84	16.317944049899832
30.85	14.116361916907138
30.86	17.753955532416114
30.87	19.871458806243147
30.88	19.47427075142144
30.89	15.45201630098958
30.900000000000002	13.939478005517547
30.91	18.17240520589784
30.92	20.676837386010078
30.93	27.46645688287233
30.94	30.656807982114685
30.95	32.73219547239006
30.96	27.507128317258452
30.970000000000002	24.530000954752882
30.98	19.47469770333966
30.990000000000002	16.794593433765705
31.0	13.648589860458646
31.01	14.588847733757365
31.02	15.9126321823036
31.03	15.198507508185957
31.04	18.741772231506175
31.05	27.726751839467575
31.060000000000002	24.28789237549097
31.07	24.448987076675465
31.080000000000002	21.417332873688636
31.09	18.91651669825166
31.1	19.416611922005675
31.11	19.487258144896632
31.12	15.820013237522716
31.13	18.51245030642537
31.14	19.976410514640854
31.150000000000002	20.269641956496002
31.16	19.22434023131137
31.17	16.575654677852565
31.18	19.08838240394945
31.19	18.873674706937127
31.2	18.89849044896331
31.21	18.080465342042224
31.220000000000002	17.961801735867418
31.23	19.1177934058613
31.240000000000002	25.589286884564704
31.25	28.409388085535006
31.26	24.363269526316245
31.27	22.298749357093588
31.28	19.449293657648326
31.29	18.28585104078483
31.3	15.25103029082225
31.310000000000002	18.390786420793802
31.32	17.64556305579617
31.330000000000002	19.334515956741676
31.34	17.065872935593966
31.35	15.096050175232175
31.36	15.001899971285082
31.37	15.92466839248458
31.38	14.151889174967755
31.39	16.965619894891795
31.400000000000002	14.870416130332988
31.41	22.397954951196933
31.42	20.295304287654925
31.43	17.078133807570698
31.44	23.474665321944347
31.45	20.596868139115095
31.46	20.336297418310906
31.470000000000002	21.315180341323483
31.48	20.80357535845754
31.490000000000002	18.873769330384373
31.5	20.025181439118157
31.51	18.590497758218067
31.52	22.54200152977155
31.53	18.608055063760148
31.54	17.787888506254657
31.55	17.991326386287383
31.560000000000002	16.03344751211964
31.57	23.33237427674441
31.580000000000002	24.4597754412959
31.59	22.047879717916818
31.6	20.6472030784175
31.61	21.105216346611943
31.62	29.2593197005194
31.63	31.922391902860774
31.64	32.96342952604274
31.650000000000002	26.62099530775489
31.66	22.46921726051881
31.67	23.865082382682555
31.68	19.664205560386698
31.69	23.130775452992644
31.7	20.370251169742627
31.71	20.232374073176857
31.720000000000002	15.832127315919113
31.73	15.256238337680093
31.740000000000002	13.084326394424396
31.75	14.036558569883796
31.76	14.371659887517236
31.77	18.827065784765644
31.78	21.309972880774094
31.79	28.064276581638627
31.8	23.02529688233933
31.810000000000002	19.00890900852708
31.82	27.470591970571192
31.830000000000002	34.65565792024022
31.84	33.25564162530636
31.85	34.12753422885894
31.86	37.679000996819866
31.87	30.194804557151247
31.88	26.32286663827795
31.89	34.56066044079432
31.900000000000002	29.606332093309465
31.91	28.70103337358366
31.92	23.069852335165635
31.93	20.24494259140721
31.94	18.80349239969286
31.95	20.867284361208004
31.96	16.434388078451683
31.970000000000002	13.294353522219733
31.98	13.14259580885161
31.990000000000002	18.62938165666369
32.0	15.6763275542828
32.01	14.1935109311017
32.02	11.381057447443109
32.03	9.517942389468471
32.04	8.117253443091306
32.05	7.869259090499368
32.06	8.987069798294145
32.07	8.025634688555066
32.08	7.013501322154279
32.09	5.969267972994773
32.1	5.078291025167649
32.11	8.0186021250207
32.12	8.318080544999344
32.13	18.702392059593205
32.14	16.677658403714705
32.15	17.979827759190957
32.160000000000004	17.976047935131703
32.17	21.56389450827039
32.18	17.0360669724358
32.19	13.987503743554871
32.2	11.584124638660967
32.21	12.15689935599101
32.22	13.729104663116331
32.230000000000004	30.369403847987847
32.24	28.987981774345496
32.25	25.884921176819482
32.26	24.480553148652184
32.27	24.216952487270813
32.28	24.060860010558144
32.29	26.402577916894277
32.3	29.62808415734852
32.31	29.758544789139552
32.32	24.856194747856502
32.33	22.252965722352908
32.34	18.628098140182214
32.35	17.799220138687527
32.36	26.168723712409637
32.37	27.290763234233587
32.38	28.02547269570806
32.39	23.897885340618362
32.4	21.970118936201015
32.410000000000004	18.300860166052416
32.42	18.17284229167142
32.43	22.462336429107847
32.44	22.322606538165076
32.45	20.147809623814066
32.46	19.41628165085939
32.47	19.566123940261853
32.480000000000004	24.34754841075478
32.49	27.839011612757247
32.5	26.981561404162107
32.51	29.838982498288427
32.52	23.59773542590683
32.53	22.27123675736407
32.54	18.78923805934304
32.55	21.42761892659843
32.56	17.698470177409995
32.57	19.93239838137583
32.58	18.956571216108216
32.59	20.934926432854358
32.6	17.777106471799392
32.61	18.39759900765168
32.62	21.790483661201442
32.63	20.390916175051714
32.64	24.707534006372292
32.65	23.94588008794434
32.660000000000004	30.075900186915593
32.67	23.47549367368855
32.68	19.27617095465899
32.69	23.80079726807857
32.7	28.612438171511748
32.71	27.22030551938131
32.72	22.42703064731287
32.730000000000004	19.15974870614312
32.74	17.082156873397928
32.75	14.487188169552812
32.76	11.683094374464362
32.77	9.612161212649477
32.78	13.013014410868312
32.79	13.252541726378558
32.8	10.618701627843175
32.81	12.594216053600372
32.82	16.011525053746666
32.83	15.649070380770173
32.84	12.048261304550483
32.85	11.368634429865047
32.86	20.772032807571218
32.87	19.018096304788422
32.88	18.413428753049953
32.89	19.61698521360314
32.9	25.104736525318845
32.910000000000004	27.23751075096238
32.92	29.102857294125617
32.93	23.98567212811315
32.94	24.999910836281973
32.95	27.130005021565704
32.96	25.084814060092278
32.97	23.006864199141795
32.980000000000004	27.046109469949325
32.99	30.90267008207339
33.0	33.908942211195104
33.01	32.024780645316525
33.02	26.31362075894347
33.03	23.763450927203507
33.04	33.844580728653966
33.05	30.87158935732961
33.06	24.923965644002397
33.07	25.87916854881173
33.08	20.534880842505387
33.09	19.13202844317167
33.1	19.82615838477647
33.11	17.03457083335305
33.12	14.726707498603695
33.13	13.366152323599923
33.14	20.67792711834015
33.15	25.799622428036397
33.160000000000004	24.808681393283475
33.17	30.628480811735255
33.18	35.05581583400592
33.19	28.66095063366495
33.2	23.225721282892202
33.21	23.04682757283383
33.22	25.618108199349532
33.230000000000004	34.00128591568543
33.24	37.31277087691189
33.25	37.606931668398694
33.26	41.805874707646915
33.27	33.095411653550954
33.28	29.804451424061234
33.29	27.512014099583666
33.3	27.079632217105537
33.31	22.745367752387793
33.32	18.464126392337242
33.33	14.74561579026529
33.34	15.432897226662385
33.35	25.464232250708676
33.36	26.62956677311173
33.37	24.988211925559046
33.38	29.185221073392547
33.39	23.237213289887112
33.4	19.979794921340538
33.410000000000004	17.96374891814046
33.42	27.65696781663883
33.43	31.186864475724988
33.44	27.359416279389286
33.45	22.309629400530326
33.46	21.4301334218287
33.47	19.60390525254038
33.480000000000004	17.955480268175897
33.49	20.348766305894863
33.5	22.375595451006635
33.51	29.804083978908704
33.52	24.961110323339742
33.53	23.614336738458864
33.54	24.4999396936452
33.55	21.253049806421654
33.56	18.9359242235181
33.57	17.66295223584953
33.58	18.021040357715865
33.59	18.5800346061808
33.6	17.382280991219314
33.61	14.81287551256673
33.62	11.328979918056673
33.63	10.619794092743444
33.64	10.529097794551195
33.65	10.640141406133864
33.660000000000004	11.709177004554627
33.67	21.36639004665361
33.68	22.936349272639067
33.69	21.0029176209181
33.7	21.24691732912291
33.71	24.488670352490793
33.72	23.66637159369528
33.730000000000004	26.119516589232514
33.74	27.00222597931398
33.75	27.184386920074367
33.76	25.597531583093023
33.77	22.629028175076872
33.78	22.605267716735746
33.79	18.297446465759723
33.8	16.51604325206436
33.81	18.94973818878959
33.82	24.239345283288188
33.83	23.58522649348915
33.84	23.635249297696276
33.85	24.96742686141452
33.86	20.136840436032106
33.87	16.39102084302665
33.88	19.565333889757277
33.89	17.15716689585939
33.9	14.642514918336053
33.910000000000004	26.214995034447487
33.92	22.559965928664678
33.93	21.676265888009475
33.94	30.388318870686383
33.95	24.80557833466281
33.96	25.40549529730193
33.97	31.591648529892275
33.980000000000004	31.765025247999997
33.99	30.754254113613715
34.0	25.324969830533075
34.01	20.5716232044537
34.02	23.171779209789673
34.03	21.404788598259767
34.04	21.002665504495333
34.05	21.964397828466044
34.06	20.76385607018308
34.07	17.389699141109794
34.08	17.02811634770371
34.09	15.359026953275684
34.1	16.551125185157733
34.11	12.913743779228186
34.12	11.127979465427046
34.13	15.442279243135012
34.14	15.14394772448449
34.15	17.220004103434974
34.160000000000004	16.665622740296154
34.17	21.98898309876194
34.18	19.490878325799585
34.19	21.275300058104797
34.2	17.285892614357667
34.21	23.083337468384276
34.22	19.519224808490492
34.230000000000004	15.134299904600516
34.24	12.084169681891295
34.25	9.126105235362349
34.26	16.8154995185988
34.27	16.06714477556307
34.28	24.890535817418982
34.29	30.3435791077091
34.300000000000004	25.561209790789807
34.31	28.691879171920394
34.32	27.852391281535873
34.33	23.993157896850885
34.34	18.78909573584373
34.35	16.28934018038083
34.36	15.275279742665967
34.37	26.69389093838978
34.38	31.72059051052033
34.39	28.592504246009305
34.4	30.899885290647706
34.410000000000004	30.217836687662942
34.42	27.12781580423996
34.43	24.481998436557365
34.44	20.469316566391974
34.45	21.43900893179894
34.46	19.518854757589075
34.47	23.96450208616701
34.480000000000004	22.622025155723556
34.49	19.96510652320496
34.5	17.086562580498516
34.51	15.908348235019222
34.52	15.67586404916416
34.53	15.8985479735616
34.54	18.12858469557152
34.550000000000004	18.017257901590757
34.56	16.827302117025727
34.57	18.397548532799927
34.58	20.759109246022263
34.59	18.125744699823933
34.6	23.50205722662999
34.61	23.766582862872955
34.62	23.614187905154274
34.63	21.587121414741603
34.64	21.81651153323682
34.65	20.68545056808829
34.660000000000004	19.929848971132635
34.67	21.253575774020288
34.68	19.727444046534004
34.69	17.959632843347073
34.7	17.398787226952248
34.71	15.555076870232313
34.72	13.007292871095325
34.730000000000004	12.713572148433553
34.74	14.4814806948787
34.75	12.375250653502754
34.76	12.030885277797484
34.77	10.950603119430376
34.78	10.566068493052695
34.79	10.598764543150839
34.800000000000004	10.167098827782024
34.81	9.428803700351182
34.82	18.448329341798967
34.83	14.383586498631846
34.84	12.240645555242386
34.85	14.366174649179206
34.86	14.015956109886533
34.87	17.179052765097797
34.88	19.22080249219451
34.89	27.62857684928892
34.9	22.976953910974462
34.910000000000004	22.531156336581432
34.92	18.351033243864812
34.93	22.29407136538489
34.94	21.488283282218493
34.95	24.471651554490748
34.96	20.574743509404986
34.97	16.802964404043465
34.980000000000004	18.47923454476959
34.99	23.985845364524916
35.0	26.638102473204036
35.01	20.737192507338936
35.02	17.340895973373296
35.03	14.968113106037194
35.04	18.364053638211132
35.050000000000004	21.262714551183933
35.06	21.010931442120388
35.07	17.330193369025864
35.08	15.498730486835548
35.09	13.44883542884352
35.1	14.65204646340478
35.11	12.968866193698396
35.12	12.792513503257323
35.13	12.05563011113501
35.14	16.690143325535093
35.15	15.696169092726088
35.160000000000004	13.599816090732588
35.17	13.639498473569695
35.18	11.7706248134266
35.19	15.331426615234587
35.2	14.53456100305036
35.21	15.309596137532965
35.22	12.661478383118542
35.230000000000004	19.066771778653923
35.24	31.52581978273994
35.25	32.692300405192796
35.26	31.21672099912179
35.27	28.89224491084301
35.28	23.929641959680097
35.29	23.302539917522015
35.300000000000004	22.63941917901678
35.31	19.312984599614026
35.32	21.71688285287913
35.33	17.842545440087147
35.34	14.510427042137152
35.35	14.713813422214344
35.36	17.40864365426555
35.37	18.95637557710365
35.38	24.27455484854409
35.39	22.59705433539378
35.4	26.740661605895
35.410000000000004	22.564319561739325
35.42	24.606622584178176
35.43	24.52538569724262
35.44	26.953398045367027
35.45	28.178838316657863
35.46	24.32968735831382
35.47	30.696308350934697
35.480000000000004	25.80352927220591
35.49	26.161222987561032
35.5	29.18961327637397
35.51	25.836177130477754
35.52	23.975515791160163
35.53	28.894373927115396
35.54	22.514047092598076
35.550000000000004	20.379988075858897
35.56	30.121666253148117
35.57	29.130902060100095
35.58	26.50493590130592
35.59	26.44397338303649
35.6	21.26560617810149
35.61	17.165318992490402
35.62	18.218769661243126
35.63	14.813402661649889
35.64	13.625129729729915
35.65	12.528337973284783
35.660000000000004	12.978021444853466
35.67	17.82163176374353
35.68	23.983124828950434
35.69	22.21435449100837
35.7	24.02463886629044
35.71	21.97389407420336
35.72	23.04795740979545
35.730000000000004	19.588410489514857
35.74	16.000746826390273
35.75	14.656633565378117
35.76	16.432091878301428
35.77	14.394642492161555
35.78	15.093265047698951
35.79	11.761017230763708
35.800000000000004	12.391015568710607
35.81	13.99259775113158
35.82	14.57126169273507
35.83	14.80776142366579
35.84	17.968870634155248
35.85	16.26463886492748
35.86	23.81829438815982
35.87	23.627977248109897
35.88	27.45571078662984
35.89	26.757595129857748
35.9	22.721907952589454
35.910000000000004	23.72534632404399
35.92	24.044091625143356
35.93	25.375926530089952
35.94	21.903685052195517
35.95	20.75185253414775
35.96	18.067917146984907
35.97	21.676331452290665
35.980000000000004	21.922373218964548
35.99	18.545285233967455
36.0	18.47864751311499
36.01	15.366942434209893
36.02	13.910280628865374
36.03	12.15638689135298
36.04	13.032175110278345
36.050000000000004	10.233740950398794
36.06	9.231956381456051
36.07	14.527911917710595
36.08	21.15818242380283
36.09	19.799716714277633
36.1	19.39333341231789
36.11	17.071716985219286
36.12	21.99387096975994
36.13	27.68735032571285
36.14	34.32645934235791
36.15	29.987239243384767
36.160000000000004	29.511120267429344
36.17	27.27127570401429
36.18	36.299581671094955
36.19	33.52638186317704
36.2	27.554617578880844
36.21	25.026549914755257
36.22	19.338357433462736
36.230000000000004	16.607071131739666
36.24	14.777678157832211
36.25	20.95920515734123
36.26	20.412028550443505
36.27	20.360841311740206
36.28	23.462422764552404
36.29	21.841777653928087
36.300000000000004	20.251325352195604
36.31	16.73955768280385
36.32	16.64677105823659
36.33	27.824370617686853
36.34	30.866627271686827
36.35	26.159790775155063
36.36	24.989611562316803
36.37	20.861983801847202
36.38	21.24605125606541
36.39	17.92265399545113
36.4	22.678389114857968
36.410000000000004	21.069141314286338
36.42	26.842039146729352
36.43	25.113362377767547
36.44	20.913338243569928
36.45	20.739486037974544
36.46	27.60733897519912
36.47	36.471137383848465
36.480000000000004	34.161940418026155
36.49	26.941023709845034
36.5	23.096737318244426
36.51	21.029447504648697
36.52	22.05695926110738
36.53	21.0321220423778
36.54	20.04605493460556
36.550000000000004	18.87202137280675
36.56	26.24232076445777
36.57	30.788897688758016
36.58	31.52291537278572
36.59	30.379355394590643
36.6	27.596489182402873
36.61	34.05878963101797
36.62	26.81096601605938
36.63	22.101090993892416
36.64	19.556156029131323
36.65	15.485610913203196
36.660000000000004	12.372499505489063
36.67	16.916439303989907
36.68	19.464570754036536
36.69	21.07344484100998
36.7	16.72646281685616
36.71	13.796919447176762
36.72	14.426708198819435
36.730000000000004	14.099662173339889
36.74	15.654093971560107
36.75	15.401234779114272
36.76	27.48469930154587
36.77	22.188518563090827
36.78	28.5990359569651
36.79	23.327014147264066
36.800000000000004	23.17751207268472
36.81	19.61086156463184
36.82	19.74866302001472
36.83	15.464986616811528
36.84	12.879216488480054
36.85	12.410548545221856
36.86	11.307768420949618
36.87	14.88700233068327
36.88	19.430691016840296
36.89	31.42915699061166
36.9	27.91212598247544
36.910000000000004	26.370288784136296
36.92	23.863186172438667
36.93	19.460584606955464
36.94	18.152927995426936
36.95	23.73101089050458
36.96	20.648360036568484
36.97	27.363697798220976
36.980000000000004	25.90249648057634
36.99	31.94477417562541
37.0	28.710644228690022
37.01	22.796366179291812
37.02	19.979283222643474
37.03	16.079573016888794
37.04	16.707569347639435
37.050000000000004	23.48050147983309
37.06	27.413200406471912
37.07	22.73544927162204
37.08	24.16629675870164
37.09	25.798217795604934
37.1	24.336372779814486
37.11	25.83714544416014
37.12	24.691383151084203
37.13	26.529593619124753
37.14	24.62480105526552
37.15	24.030291230714955
37.160000000000004	23.189189868572477
37.17	23.94823505253496
37.18	18.52102611232853
37.19	15.643375902305312
37.2	19.907873887139754
37.21	15.534494861367383
37.22	14.449553347117366
37.230000000000004	14.413059812748173
37.24	18.396869766024363
37.25	22.974890355131354
37.26	21.055862926391608
37.27	19.23822054398525
37.28	29.439968119685833
37.29	38.94190228740691
37.300000000000004	39.658479857034024
37.31	31.412659541521702
37.32	24.462083184932073
37.33	20.51674466651206
37.34	20.677163509322806
37.35	23.214000839378933
37.36	24.799293207558094
37.37	19.568292082886124
37.38	16.24264966306078
37.39	15.138616059960492
37.4	14.20263392618521
37.410000000000004	20.892806910579626
37.42	21.304245405100325
37.43	19.993352221056966
37.44	22.85592626001329
37.45	25.064070618020168
37.46	22.708806878997514
37.47	21.055444555695676
37.480000000000004	20.658966021570695
37.49	17.346072616488485
37.5	16.030615919489644
37.51	25.337629879160726
37.52	24.644703156970884
37.53	26.999081811534587
37.54	28.51272342641322
37.550000000000004	24.28102543904417
37.56	23.85481325420366
37.57	21.816554115982125
37.58	23.40811540852561
37.59	20.43702805011621
37.6	17.746565602689763
37.61	17.938235918178446
37.62	15.24832691662267
37.63	14.063705425617137
37.64	19.506442007505534
37.65	20.734613761901908
37.660000000000004	22.663311056917426
37.67	21.28131233695402
37.68	17.33186105935422
37.69	13.90111684341679
37.7	12.24103967991401
37.71	10.27774922344359
37.72	15.319048531899213
37.730000000000004	12.28038830162555
37.74	14.037845699178304
37.75	20.560245492609
37.76	24.541792286801506
37.77	20.49074521657686
37.78	19.53754260572369
37.79	18.348926340445
37.800000000000004	16.075713927141685
37.81	19.606832727769778
37.82	16.79712215728652
37.83	15.5656033107764
37.84	19.56232440644161
37.85	27.064921848056873
37.86	31.334708919585783
37.87	30.698165852990584
37.88	28.227706579594038
37.89	23.079225294742365
37.9	18.820250237444963
37.910000000000004	19.7150757587402
37.92	16.287162388522997
37.93	15.092239483410863
37.94	13.963941511083545
37.95	13.528367437056238
37.96	10.763093932003951
37.97	7.502300023494289
37.980000000000004	8.556857588270695
37.99	9.092891660471928
38.0	12.732246489113004
38.01	10.207255090425848
38.02	8.580904874401156
38.03	8.32709508822152
38.04	13.522490640261118
38.050000000000004	13.284734630407625
38.06	12.547102393883526
38.07	18.88837025621924
38.08	22.658710642193814
38.09	26.57723632666546
38.1	28.829374694712367
38.11	23.305382378212872
38.12	25.16018144190844
38.13	25.37212542711334
38.14	22.234461005331813
38.15	19.164436331359855
38.160000000000004	15.735270607717846
38.17	21.810340546170707
38.18	22.618400984868806
38.19	22.55658314003731
38.2	22.622107768420893
38.21	26.9760157320568
38.22	25.84723781028073
38.230000000000004	22.993824886167353
38.24	22.438607992255942
38.25	26.498242817065208
38.26	25.384869074601653
38.27	23.231956845142086
38.28	18.461390094070243
38.29	16.852742805173147
38.300000000000004	17.816208403466856
38.31	18.891281514069245
38.32	19.031926813797853
38.33	15.446223653706344
38.34	12.338048768716561
38.35	10.582992792032371
38.36	20.69710153463868
38.37	20.38927788461714
38.38	20.784234025068503
38.39	28.696940180764063
38.4	32.15661910303535
38.410000000000004	28.669785969728096
38.42	27.017109947542917
38.43	29.14995249575485
38.44	23.889387222295113
38.45	19.739712053673294
38.46	16.5141565040543
38.47	22.031098837248287
38.480000000000004	31.592223328888537
38.49	28.763644512919324
38.5	28.976895670503822
38.51	22.692803362138342
38.52	18.293596061888138
38.53	17.460325589340627
38.54	14.770322350167689
38.550000000000004	12.285576069461861
38.56	21.447217982782888
38.57	21.923596723680955
38.58	17.91501624710793
38.59	16.65436345068715
38.6	14.364474205209117
38.61	13.042341569493429
38.62	14.431345867896837
38.63	12.269855145461884
38.64	10.042983043194218
38.65	10.575679975185317
38.660000000000004	18.486308033420574
38.67	29.188306077932612
38.68	31.78279881191451
38.69	32.861325609961604
38.7	26.88337233850081
38.71	24.814668447337674
38.72	22.708686361587215
38.730000000000004	21.233519518948068
38.74	20.135579994187463
38.75	20.141699261300538
38.76	25.347871038426472
38.77	20.51555240806387
38.78	22.847081818678763
38.79	19.62398656021592
38.800000000000004	24.31290717676344
38.81	26.716871387001277
38.82	22.24767650938944
38.83	21.66947081088194
38.84	23.794559717465017
38.85	21.94542035489377
38.86	17.229418406337306
38.87	13.353416169948312
38.88	10.673836527153993
38.89	8.410678269114673
38.9	13.000472899265823
38.910000000000004	16.967969699440793
38.92	17.140725237656994
38.93	22.085577205338637
38.94	23.932978908177898
38.95	27.465324514170604
38.96	24.941498784565972
38.97	32.402702581952774
38.980000000000004	25.622170998339282
38.99	21.67679936813766
39.0	20.394794644128975
39.01	34.208357739261736
39.02	29.906513817725777
39.03	24.48530825452538
39.04	23.506300087508784
39.050000000000004	21.23079573710259
39.06	33.897705896213424
39.07	35.52013909967189
39.08	32.6043368730236
39.09	26.65254884533228
39.1	23.770940504456693
39.11	20.933293753543573
39.12	18.22633828101523
39.13	18.27615169705029
39.14	16.49184844237479
39.15	12.805837869061788
39.160000000000004	13.86154371153539
39.17	18.945451207388043
39.18	15.652562523943756
39.19	13.338970245168799
39.2	17.693889521099116
39.21	26.950586459162206
39.22	23.30982757101803
39.230000000000004	21.699711490338313
39.24	19.767378177567977
39.25	17.401264142325143
39.26	24.277639443730937
39.27	23.56872795709969
39.28	26.436499992845246
39.29	22.888957136709344
39.300000000000004	22.90327849069118
39.31	23.862901721131035
39.32	18.515904728490117
39.33	16.459527885823807
39.34	18.322354014345038
39.35	17.083449582449262
39.36	16.82577819827449
39.37	18.952417437370286
39.38	21.070686414000676
39.39	19.791764729814144
39.4	18.203690202479873
39.410000000000004	19.14484651299811
39.42	15.833403842203435
39.43	18.638137101912164
39.44	23.418858261120782
39.45	18.34618496521752
39.46	16.457323799197678
39.47	17.10133186637483
39.480000000000004	19.351481164810302
39.49	19.708467100102965
39.5	22.44822599059851
39.51	22.756181779112392
39.52	20.16785043384531
39.53	20.987755893930725
39.54	19.540060306334343
39.550000000000004	25.85777564436788
39.56	27.80377424992466
39.57	25.292758323929434
39.58	27.164775509929527
39.59	26.510994749197188
39.6	27.42481521370266
39.61	29.516761135780417
39.62	27.46437143245456
39.63	27.371980355685906
39.64	28.072984171438183
39.65	34.62199956793781
39.660000000000004	32.511661923217915
39.67	31.835691601008637
39.68	32.931901056457214
39.69	34.487574446145615
39.7	35.16729869579851
39.71	28.341866779908944
39.72	34.97110248382772
39.730000000000004	28.225389853849947
39.74	31.794760486133796
39.75	28.730549334811734
39.76	23.510865489129248
39.77	22.443575058511584
39.78	18.006482691039036
39.79	18.99145056522794
39.800000000000004	29.011435704847248
39.81	25.325683146336658
39.82	27.181314199508666
39.83	28.420807815760725
39.84	27.33091444500307
39.85	27.155228798255273
39.86	22.703384729210658
39.87	20.24949470896247
39.88	16.73064134754829
39.89	12.748707557143547
39.9	10.206885186942953
39.910000000000004	8.194114529610356
39.92	10.477659477965197
39.93	24.357394422678965
39.94	28.860590565689048
39.95	24.30292782599048
39.96	27.784048117455622
39.97	29.48135802939117
39.980000000000004	25.609954622506606
39.99	20.684867996716942
40.0	19.069855443296127
40.01	18.61900362326909
40.02	18.369927280749472
40.03	17.472514740596978
40.04	21.46807836903439
40.050000000000004	25.049684294162663
40.06	34.262568812280186
40.07	28.353271969174095
40.08	27.621389109658924
40.09	23.072485585846206
40.1	20.38238707047318
40.11	17.45596199505174
40.12	24.401045582139496
40.13	22.93035104410268
40.14	26.92717721077211
40.15	25.92454232913723
40.160000000000004	24.887861064358734
40.17	20.75570440652192
40.18	18.676367666303975
40.19	29.384513316554358
40.2	26.175015877780144
40.21	23.794948080020593
40.22	22.10795188544539
40.230000000000004	19.99646637160794
40.24	16.651973898146064
40.25	21.807447355248094
40.26	24.478780599857426
40.27	31.085441331228896
40.28	24.721491433776404
40.29	27.155173567173772
40.300000000000004	32.67620882662442
40.31	30.19492341822724
40.32	31.326162651041546
40.33	30.871168053625876
40.34	30.54936188690254
40.35	28.61304040956664
40.36	32.61202415948767
40.37	28.619605373753245
40.38	25.183903915831692
40.39	27.77902330078315
40.4	29.656485003987108
40.410000000000004	28.46869880575538
40.42	24.42104352896561
40.43	24.178549009038907
40.44	21.529894636041735
40.45	19.09139317265195
40.46	21.43612106077507
40.47	20.995875194389832
40.480000000000004	20.387239434692052
40.49	22.534012760581838
40.5	21.816366813253726
40.51	18.911426055988862
40.52	21.206006247888666
40.53	23.331426365252845
40.54	18.803473779864074
40.550000000000004	25.95911621551962
40.56	22.612455964396013
40.57	23.11096371799388
40.58	21.698667175397993
40.59	28.079159405963445
40.6	22.933231012747516
40.61	21.747554153022346
40.62	21.16184866897708
40.63	18.37525294442014
40.64	23.632472215273484
40.65	18.523304641156503
40.660000000000004	16.58046730519909
40.67	15.105934777201405
40.68	16.982820851243474
40.69	18.125337468858827
40.7	18.17325189670243
40.71	15.463174122687146
40.72	15.7018247595467
40.730000000000004	18.81066713881292
40.74	23.050312159732496
40.75	21.52419363874441
40.76	23.053933617406738
40.77	28.987122321972745
40.78	29.41040344330311
40.79	27.72442390510946
40.800000000000004	26.233398857444126
40.81	22.63363463885683
40.82	26.969889140967396
40.83	23.263189606201347
40.84	21.04643074289534
40.85	28.837019994922027
40.86	24.142823984656655
40.87	20.825128569089987
40.88	28.013825161515275
40.89	26.213332626802316
40.9	21.142688304406814
40.910000000000004	26.80948702618975
40.92	26.500670498310935
40.93	23.09157490073568
40.94	25.36525447166117
40.95	23.69999037301436
40.96	21.69495672988552
40.97	22.874903076190012
40.980000000000004	20.94139554544316
40.99	26.148392834936
41.0	29.194902708231528
41.01	28.669474878255954
41.02	26.440308847822834
41.03	27.96641023247608
41.04	29.33421877142762
41.050000000000004	26.6504679328792
41.06	22.48885943734441
41.07	19.53476478173997
41.08	29.141166117084
41.09	23.111046849873535
41.1	18.646202295267734
41.11	18.589756202798522
41.12	21.48093685386322
41.13	17.322709687718714
41.14	18.086141582109505
41.15	17.261760978001334
41.160000000000004	17.076054511176842
41.17	20.07350207919512
41.18	18.17378773453464
41.19	25.171775787952743
41.2	32.051322576726314
41.21	28.58270844029638
41.22	29.272646670198593
41.230000000000004	29.040233816723315
41.24	25.69558588573652
41.25	29.142147184330145
41.26	23.460666471411052
41.27	22.668441318054537
41.28	24.1857628221523
41.29	21.81533382232618
41.300000000000004	26.292376315158165
41.31	25.122837479960946
41.32	22.409166240624895
41.33	21.013444559932513
41.34	23.58907790874763
41.35	25.267886002410197
41.36	22.416046501964136
41.37	23.595641826650798
41.38	29.052384213273786
41.39	31.174720616816025
41.4	29.299168634928137
41.410000000000004	31.63458252636953
41.42	28.426851403097707
41.43	22.020571033592876
41.44	19.092967468852265
41.45	18.04270107757613
41.46	21.16061467015226
41.47	21.55504783041802
41.480000000000004	27.839234812249753
41.49	30.603806992863355
41.5	27.907468617216406
41.51	29.00873920093991
41.52	23.861840182089235
41.53	22.03539083311701
41.54	37.00075490526412
41.550000000000004	35.28765043260979
41.56	28.364021444669522
41.57	35.93132124930398
41.58	31.329444155570922
41.59	24.074102002346795
41.6	21.59226322970744
41.61	18.761201890533748
41.62	14.635578220355633
41.63	13.998188076291125
41.64	12.475504770769014
41.65	10.744173820205045
41.660000000000004	13.859000148013799
41.67	16.26167336648371
41.68	25.333783433735018
41.69	25.142959416970573
41.7	24.494941759360678
41.71	23.82593745671813
41.72	25.59331504841282
41.730000000000004	21.001058844729908
41.74	18.690043657264617
41.75	23.057025352385036
41.76	18.25237643037243
41.77	15.328784624442637
41.78	15.026750222346728
41.79	16.89553028628827
41.800000000000004	19.814017550524024
41.81	17.494365389477235
41.82	20.00192885736987
41.83	22.9054151465279
41.84	22.02083824553336
41.85	24.360052682664534
41.86	20.912998159085323
41.87	16.34399627506466
41.88	14.342442462779811
41.89	17.673011507671752
41.9	22.804643148809866
41.910000000000004	27.13052787277332
41.92	26.417105399598597
41.93	29.37506657202938
41.94	23.862842604606918
41.95	19.260071454512314
41.96	24.572204598650934
41.97	24.333623352703373
41.980000000000004	33.9890276159519
41.99	26.492109546176458
42.0	22.52163253267093
42.01	21.580467984718915
42.02	22.336108152376678
42.03	24.209684507059617
42.04	24.220918573373677
42.050000000000004	30.500403569765087
42.06	31.125081391200567
42.07	24.641459304113514
42.08	22.05322094583364
42.09	24.23317588279468
42.1	18.787452568274695
42.11	15.9308811525424
42.12	13.83618563002293
42.13	25.334108468097394
42.14	22.515370967586147
42.15	17.81788299628924
42.160000000000004	15.932534969985308
42.17	14.590748013908513
42.18	12.452837102909248
42.19	11.42198520566236
42.2	13.745648981783324
42.21	18.777251184452048
42.22	22.377487423600115
42.230000000000004	19.373042965117378
42.24	15.64634200222122
42.25	15.505497790446912
42.26	16.893154363499367
42.27	16.2634677324466
42.28	12.814941960947799
42.29	11.730281796043162
42.300000000000004	11.835923395745972
42.31	12.389896733504957
42.32	12.169410893559728
42.33	13.03466189992104
42.34	26.33898675207041
42.35	27.87112072512233
42.36	25.165480443881826
42.37	35.546708354852875
42.38	27.787474967351184
42.39	25.923147768505725
42.4	21.63581014858892
42.410000000000004	17.83464312965822
42.42	15.94237562067475
42.43	17.543078333806665
42.44	23.234573691834015
42.45	30.298904377500637
42.46	29.926451580217716
42.47	27.112665946255184
42.480000000000004	21.44149581614759
42.49	18.439246673907995
42.5	18.53540086944444
42.51	17.728366475714818
42.52	24.68165458532959
42.53	23.501165228036093
42.54	27.069149635589707
42.550000000000004	30.38693124106092
42.56	30.882254517384517
42.57	34.1311464725849
42.58	30.698026158913336
42.59	32.95018728462119
42.6	32.78502023996307
42.61	32.42319309935785
42.62	25.076042389009967
42.63	20.704609452191914
42.64	24.491532003031033
42.65	26.054969315594683
42.660000000000004	25.71107052724152
42.67	20.26672584607837
42.68	20.69954853087593
42.69	27.909237279211325
42.7	22.35663225401636
42.71	19.769421947157078
42.72	20.514097637818555
42.730000000000004	20.428442946806168
42.74	19.756026928802385
42.75	21.97831388616861
42.76	34.84709948177307
42.77	29.332877886888216
42.78	22.978798855572954
42.79	21.197280520988322
42.800000000000004	29.41332665403952
42.81	24.198142912693516
42.82	21.49635810896773
42.83	19.799292350511802
42.84	20.542232729874993
42.85	27.986746065715124
42.86	27.924611903154698
42.87	22.019586873139016
42.88	24.11434888317511
42.89	24.783999243073854
42.9	20.750628649736292
42.910000000000004	18.752478647579174
42.92	19.233702226247065
42.93	19.158482545167523
42.94	19.250461130028178
42.95	23.482209396157806
42.96	23.891837660442807
42.97	19.100919421209667
42.980000000000004	16.46759043043924
42.99	17.85534579081067
43.0	22.46883684028627
43.01	26.495373165528072
43.02	24.00457822078216
43.03	20.72830305486149
43.04	16.434136461335388
43.050000000000004	13.443480325955983
43.06	12.554954828577104
43.07	11.49192666234702
43.08	23.171296761481337
43.09	20.733294434217548
43.1	18.314220966776016
43.11	19.541843504168988
43.12	24.198693354183384
43.13	24.76366635710667
43.14	21.184147110375214
43.15	30.28918620872398
43.160000000000004	27.862362336091273
43.17	24.97469226429674
43.18	29.0806209761627
43.19	28.406619174260513
43.2	23.35199565524684
43.21	24.402568437278873
43.22	31.541953314510998
43.230000000000004	27.29177645705494
43.24	23.068052568323296
43.25	25.229902357725845
43.26	23.559943933749835
43.27	20.500161571094907
43.28	18.041964090607543
43.29	15.50156806041849
43.300000000000004	14.60415659642254
43.31	13.951954847233091
43.32	18.031107748803294
43.33	13.990588908426142
43.34	14.169901389171667
43.35	13.61277450311915
43.36	16.636268866483213
43.37	17.050264911735418
43.38	18.523617453785388
43.39	18.434841714669197
43.4	18.572558207057778
43.410000000000004	15.159189884974491
43.42	17.95913801860094
43.43	17.10777896048672
43.44	18.81344777285152
43.45	30.863800144375112
43.46	33.56456359995685
43.47	31.556543393520535
43.480000000000004	33.671728797970836
43.49	27.70504784715133
43.5	23.77038997938026
43.51	27.65621584053252
43.52	30.01118791250352
43.53	28.94906229510975
43.54	32.54923359561061
43.550000000000004	28.97352385111118
43.56	23.60069579277956
43.57	19.07246570501471
43.58	16.569554933783834
43.59	25.136255982853214
43.6	21.81579158760122
43.61	22.204386337541607
43.62	21.17684643652451
43.63	22.867936685310827
43.64	19.8680514140194
43.65	22.171346253563158
43.660000000000004	22.63813989961076
43.67	21.64116493984331
43.68	19.497990990851193
43.69	24.27226618195534
43.7	27.963061240196126
43.71	32.11287291254883
43.72	32.66457625609345
43.730000000000004	29.19302149967912
43.74	25.647108642575596
43.75	25.39873838314823
43.76	25.885455059039828
43.77	21.39289320929545
43.78	20.122007208857674
43.79	17.61059139314086
43.800000000000004	15.537904616819116
43.81	15.543158728022936
43.82	20.714847321258983
43.83	18.839179433811797
43.84	21.929465658071845
43.85	20.06141524847194
43.86	23.02597450940482
43.87	28.06392421346579
43.88	27.553284037440466
43.89	24.564160632012268
43.9	27.892464249393434
43.910000000000004	23.22252117581581
43.92	31.671348400046824
43.93	26.205933346171218
43.94	33.85071686321948
43.95	27.066271407809186
43.96	21.153395803078936
43.97	19.955748507547554
43.980000000000004	19.407129155582307
43.99	19.139399807691696
44.0	21.035004702602148
44.01	29.681374021971457
44.02	31.244101921770618
44.03	25.992914160419062
44.04	22.31765952962955
44.050000000000004	24.41704355540806
44.06	19.078936072574972
44.07	16.169397795317433
44.08	13.868421315459765
44.09	20.074936630662407
44.1	16.340467703549415
44.11	13.892174444277988
44.12	14.460872646506422
44.13	12.256445232851346
44.14	17.048869542863805
44.15	18.725774813010492
44.160000000000004	17.9490645707256
44.17	21.133538340395763
44.18	17.8624712681787
44.19	25.476538974576528
44.2	24.517773487589004
44.21	24.39944083189567
44.22	31.806914711132862
44.230000000000004	27.231016522275183
44.24	26.070235293991658
44.25	22.88714578693452
44.26	28.698682936951165
44.27	26.711894363904467
44.28	26.934991362128887
44.29	28.393674045723564
44.300000000000004	29.94529415349059
44.31	24.21162523496954
44.32	19.831030629013746
44.33	19.531526762500334
44.34	20.934554079471873
44.35	19.368580320610914
44.36	17.587660905756955
44.37	19.229533494272975
44.38	15.404038467300442
44.39	14.55964881257341
44.4	14.225462894116529
44.410000000000004	14.586513531668679
44.42	11.805825934308716
44.43	12.080197315724043
44.44	14.782823371564975
44.45	28.204265279311755
44.46	32.653677666970815
44.47	28.274788984025363
44.480000000000004	25.67551645818093
44.49	29.76806833054416
44.5	25.723141180182868
44.51	27.486547042643036
44.52	26.48622991318192
44.53	26.183805442788806
44.54	25.35729776053941
44.550000000000004	20.923613887912758
44.56	18.77214720413903
44.57	14.58676767723015
44.58	12.500329847706926
44.59	11.182899098420991
44.6	16.672454294823527
44.61	15.506156979324565
44.62	19.312127192795522
44.63	17.428409894597895
44.64	15.010412523551077
44.65	18.067682264817623
44.660000000000004	20.899602880262954
44.67	28.360374170224805
44.68	31.188289802725844
44.69	32.867887670386196
44.7	33.834818539011756
44.71	29.06447067246194
44.72	26.574808220097363
44.730000000000004	24.043020084263574
44.74	29.660137300569072
44.75	29.50807763345604
44.76	24.639831877976565
44.77	23.20289976895884
44.78	20.642767871340038
44.79	18.656404687148616
44.800000000000004	18.28509630358762
44.81	18.028115921675813
44.82	19.91330422183891
44.83	20.815302964075556
44.84	19.584059823913016
44.85	17.132200555005756
44.86	17.01072021738823
44.87	24.7178910678758
44.88	27.071809092217524
44.89	24.93821397887888
44.9	21.92430013104476
44.910000000000004	18.420717694341207
44.92	17.525183074548174
44.93	13.83334166323517
44.94	13.136046069164745
44.95	16.98315494934951
44.96	21.158211826580946
44.97	29.140925336040254
44.980000000000004	28.564538036998023
44.99	26.026406751914728
45.0	24.8099486377158
45.01	25.96499060268585
45.02	28.834132401371992
45.03	23.75706361704674
45.04	20.012979899021833
45.050000000000004	23.466315309838627
45.06	19.01712439318894
45.07	19.158858421568233
45.08	25.616087287494274
45.09	23.414157519284398
45.1	19.554441277653353
45.11	19.890121269566553
45.12	24.785007769130182
45.13	21.822133665663742
45.14	23.80604070000108
45.15	22.32383867668339
45.160000000000004	24.93356942265653
45.17	25.282602390703076
45.18	23.963978560210847
45.19	23.95616422723109
45.2	19.131714284618738
45.21	17.75965845809472
45.22	19.65014814259973
45.230000000000004	16.593842278470476
45.24	16.65363646461368
45.25	13.19782818109646
45.26	11.002996050625214
45.27	15.751532877456897
45.28	20.48430236327133
45.29	18.505298441859896
45.300000000000004	15.444168617103085
45.31	17.92733830473336
45.32	19.88709134208996
45.33	24.103304136124894
45.34	20.22264531066188
45.35	20.614935751795525
45.36	21.53194677720909
45.37	19.295669907663868
45.38	20.452043304066812
45.39	17.75367398770334
45.4	20.953368834209932
45.410000000000004	19.45046525975995
45.42	24.299172915062524
45.43	30.797269092704692
45.44	31.129526645888838
45.45	29.6208066457092
45.46	28.686087462573635
45.47	27.218780491722814
45.480000000000004	35.02886719265222
45.49	30.467805728053545
45.5	26.267075632343744
45.51	25.950687209830406
45.52	30.204498942306525
45.53	32.09446623165583
45.54	26.93351140633426
45.550000000000004	26.355647573439647
45.56	29.11018868968778
45.57	28.598803247945238
45.58	22.23095857102038
45.59	18.770185438527637
45.6	17.040937491510984
45.61	14.37119795868591
45.62	16.150643932065066
45.63	18.855458079416124
45.64	18.51566740011108
45.65	17.989234157420572
45.660000000000004	18.118116902961702
45.67	26.04997707362545
45.68	24.155535863487987
45.69	21.337318585287246
45.7	18.212575231288536
45.71	18.9244678011602
45.72	21.240709914453593
45.730000000000004	19.247157061935162
45.74	20.38050143255114
45.75	23.47262062943816
45.76	22.64164264761769
45.77	20.129754762037148
45.78	15.730048021462217
45.79	14.798331617153258
45.800000000000004	15.69482397642315
45.81	13.075536973769786
45.82	13.010156242030849
45.83	16.40763078104
45.84	16.173806430037576
45.85	16.263513967798584
45.86	13.681563469249262
45.87	13.87836103460447
45.88	23.046280289357057
45.89	36.85540379665997
45.9	34.65534777883755
45.910000000000004	31.720437159264456
45.92	25.189894534080008
45.93	21.912727062763445
45.94	23.214979177897835
45.95	24.620203640152617
45.96	24.262474657028555
45.97	19.39314696040752
45.980000000000004	15.731408993806594
45.99	13.716126044408139
46.0	13.090978389644953
46.01	20.341026863455106
46.02	21.283089681117648
46.03	19.076952643520645
46.04	23.39194128850821
46.050000000000004	24.20492453334083
46.06	26.044081771439664
46.07	29.771027142886435
46.08	27.612093061315985
46.09	32.19093486236089
46.1	28.95235645828508
46.11	27.958114582544923
46.12	33.825769270298316
46.13	29.781151021986766
46.14	29.828577363944806
46.15	27.377225908343398
46.160000000000004	26.65431398773331
46.17	31.002797870036883
46.18	38.63571288652403
46.19	40.02867680318738
46.2	36.3883149676841
46.21	31.19813566466224
46.22	28.071019375965456
46.230000000000004	25.814659200171178
46.24	28.668889769400042
46.25	26.787218818548308
46.26	23.043622863943984
46.27	18.35963672289754
46.28	14.590655141477415
46.29	19.071596981470247
46.300000000000004	21.19428142852026
46.31	24.516011297539865
46.32	27.434328255891476
46.33	26.128600330061044
46.34	24.314732128593505
46.35	24.19616276774508
46.36	23.664172355483654
46.37	22.576359528759017
46.38	22.429882070232246
46.39	22.00852433413798
46.4	20.663529593571596
46.410000000000004	22.887143611376146
46.42	22.691262395296594
46.43	20.48580459670792
46.44	18.605235269038513
46.45	17.23396298862161
46.46	16.532334644167197
46.47	19.901618711179854
46.480000000000004	16.678698391102333
46.49	16.36542406285446
46.5	14.68754128096976
46.51	11.60650962271095
46.52	15.976638155960371
46.53	20.351207587077166
46.54	23.78257290271309
46.550000000000004	23.968523787700622
46.56	26.69677506841396
46.57	28.42216096263502
46.58	28.080319765901905
46.59	30.131706581810484
46.6	27.430970613374647
46.61	34.01693889808955
46.62	36.42059226454847
46.63	34.68699083153408
46.64	31.3568960034138
46.65	25.30593778917637
46.660000000000004	27.81571276620456
46.67	32.211538657089065
46.68	32.63260343761585
46.69	28.73302847382764
46.7	25.433192917310713
46.71	29.321549475940667
46.72	29.59902134354256
46.730000000000004	32.49252543738114
46.74	35.367308657689044
46.75	30.853985693639547
46.76	31.317157386091502
46.77	29.87750947004227
46.78	30.495570536917675
46.79	31.878108762697583
46.800000000000004	29.914464048913647
46.81	23.271489877804516
46.82	18.335186255446004
46.83	15.227813272715649
46.84	12.888016921474932
46.85	11.570816029903312
46.86	9.234722808964673
46.87	7.866020046543986
46.88	12.690153345040994
46.89	17.126027946148582
46.9	19.49975911339686
46.910000000000004	15.970631440398604
46.92	16.56357297962769
46.93	15.505127887576368
46.94	12.502943995932311
46.95	16.24670959386342
46.96	18.388878835449297
46.97	19.25754674719015
46.980000000000004	26.11457000145467
46.99	30.659975237000204
47.0	27.900398262864904
47.01	22.790469573370828
47.02	21.212193202585933
47.03	19.25450888091652
47.04	15.826688985099791
47.050000000000004	13.794040173606797
47.06	12.052838479716252
47.07	11.583866422341377
47.08	20.70039153539732
47.09	18.304325975228128
47.1	15.80778946022417
47.11	12.31041153232959
47.12	10.10350796724926
47.13	9.57808907564461
47.14	11.307352560252452
47.15	13.110693207802335
47.160000000000004	17.275248290270138
47.17	19.91793354437606
47.18	16.451295385114232
47.19	12.50289066038345
47.2	10.453072274907717
47.21	8.644524808449434
47.22	6.329752757483457
47.230000000000004	5.8219164087427275
47.24	3.064962407577493
47.25	3.582022259467836
47.26	3.482411127797079
47.27	7.133473047562035
47.28	8.074262719769937
47.29	8.02586097010911
47.300000000000004	10.54165007915365
47.31	12.058701925542227
47.32	10.167922512183447
47.33	10.675297976140055
47.34	11.48276831792882
47.35	12.686988166613572
47.36	9.956552002503875
47.37	7.369818282645682
47.38	5.108509097698148
47.39	3.7147628449824905
47.4	14.490224627789674
47.410000000000004	16.04735066513424
47.42	25.177308790887526
47.43	30.084439635908364
47.44	25.089497072942226
47.45	26.539480047881437
47.46	24.082782113715197
47.47	31.039418396878727
47.480000000000004	32.236419395055584
47.49	29.823415531363196
47.5	31.638762175469477
47.51	25.335095309037676
47.52	24.866370440280342
47.53	24.033224614952204
47.54	25.28135036661294
47.550000000000004	19.66353225190541
47.56	16.680300289378096
47.57	15.07803484648943
47.58	14.093040248410784
47.59	14.313507010549056
47.6	13.453315345726118
47.61	15.558989180447618
47.62	17.202008340201562
47.63	15.676170468615885
47.64	17.756362711357987
47.65	17.715128822555542
47.660000000000004	15.533665672610402
47.67	17.839213109843858
47.68	19.83579690325389
47.69	25.149633594188355
47.7	24.633096303080425
47.71	24.391162530227984
47.72	26.94800027137973
47.730000000000004	25.769065489203687
47.74	31.218046318195384
47.75	36.64474332027807
47.76	31.699913287324343
47.77	32.156571221077144
47.78	31.764094422814054
47.79	25.838353397960557
47.800000000000004	21.47748365201844
47.81	18.315858837211238
47.82	21.6916383261835
47.83	19.69403238978791
47.84	21.547495227776295
47.85	21.500791058458972
47.86	18.194079999088682
47.870000000000005	16.864435248328565
47.88	16.407322354615562
47.89	19.367906765213142
47.9	16.52781168345062
47.910000000000004	23.420213000553282
47.92	19.224325444208976
47.93	16.39649724767315
47.94	13.406525239099063
47.95	11.979363544014886
47.96	17.38655756647364
47.97	17.377349363310305
47.980000000000004	16.068967958846137
47.99	12.961240322983157
48.0	11.054266640940803
48.01	24.66135100938535
48.02	33.939312009188264
48.03	31.663004432480516
48.04	26.879118695057585
48.050000000000004	31.71590579285203
48.06	29.30056467568126
48.07	23.093601168284177
48.08	19.476762602340244
48.09	18.311641394980015
48.1	20.64115924350488
48.11	23.86907821814375
48.120000000000005	21.41810014939613
48.13	20.49869416657917
48.14	16.992005665159944
48.15	16.012576112851356
48.160000000000004	14.608793047147412
48.17	24.597897211794926
48.18	29.37697805026224
48.19	24.267249666862593
48.2	18.689958333396433
48.21	15.19612406494701
48.22	14.480303576266579
48.230000000000004	16.222134466500005
48.24	20.088523048245282
48.25	16.50179279431879
48.26	15.068294448101856
48.27	13.314737452993379
48.28	11.323942590780335
48.29	9.746443306021872
48.300000000000004	8.53497356871409
48.31	12.4905482002435
48.32	21.61558081288028
48.33	22.217449107794447
48.34	24.266376145065717
48.35	21.537794930156288
48.36	19.403023060737038
48.370000000000005	18.461845527508686
48.38	19.602042595803077
48.39	16.90770939103031
48.4	17.133401058725084
48.410000000000004	16.826267503981654
48.42	15.84742276895298
48.43	25.950322505723555
48.44	28.43369859704871
48.45	24.05694415852706
48.46	29.037753936968468
48.47	29.427301496504995
48.480000000000004	26.832827166817477
48.49	25.681032251327625
48.5	25.195187559640782
48.51	27.902990866734182
48.52	26.341433387672808
48.53	27.034359240274576
48.54	25.790480259684465
48.550000000000004	24.539559247254058
48.56	20.34570054139326
48.57	17.794204337992902
48.58	18.56195501539529
48.59	15.74265951162779
48.6	16.74394345912825
48.61	21.632739416258378
48.620000000000005	17.805268793568057
48.63	15.491862083622815
48.64	13.878844276240034
48.65	20.581686444025788
48.660000000000004	27.357444193316304
48.67	33.25814873393381
48.68	30.3942913419703
48.69	24.170494895670043
48.7	23.06123488225858
48.71	18.771637087143805
48.72	18.61872179858943
48.730000000000004	15.794828691982005
48.74	14.261050409021545
48.75	11.397866060306852
48.76	10.666152758904468
48.77	23.06699230476881
48.78	27.96287598497446
48.79	27.747181433127825
48.800000000000004	23.766363252379787
48.81	23.250824302558417
48.82	28.554779546405456
48.83	30.888526593186835
48.84	30.473594503942525
48.85	34.87750394450576
48.86	29.321367457709172
48.870000000000005	26.59786510467553
48.88	28.521943434856816
48.89	26.40888699931305
48.9	30.453239653085756
48.910000000000004	39.784192248690495
48.92	37.1758288902853
48.93	32.92108367302931
48.94	37.58491693712099
48.95	35.44747828028373
48.96	29.330177570120192
48.97	32.62989229570963
48.980000000000004	31.491743244762773
48.99	27.455781747698293
49.0	28.40055350805047
49.01	27.30844845874155
49.02	24.346432114394496
49.03	20.04112856872623
49.04	20.721398693473528
49.050000000000004	24.778919049216114
49.06	20.4229618793101
49.07	20.2263667597157
49.08	21.58989532819755
49.09	26.1432364673551
49.1	23.25730722193164
49.11	22.23865709742412
49.120000000000005	27.997976780658174
49.13	29.427046146526887
49.14	27.45142507495373
49.15	22.48856463477513
49.160000000000004	22.009537686165263
49.17	18.045947969792117
49.18	20.741080589205872
49.19	16.66530220719222
49.2	17.240634933088288
49.21	25.151734430142092
49.22	25.33639629592232
49.230000000000004	21.11208470596257
49.24	17.009964657867897
49.25	18.554916916186084
49.26	29.689458719665858
49.27	30.769837174520642
49.28	31.143289033648546
49.29	28.737864506248624
49.300000000000004	25.758042777199314
49.31	22.753330151148763
49.32	22.63264381607735
49.33	22.41228904030151
49.34	17.356143162302896
49.35	14.870355594360284
49.36	15.907044003901863
49.370000000000005	18.49485931803784
49.38	27.848236928290774
49.39	28.0590783951529
49.4	35.140811597968394
49.410000000000004	31.764976527251893
49.42	26.442402217507073
49.43	28.099174091822842
49.44	24.20188985269235
49.45	22.213743028651788
49.46	25.71551420979488
49.47	27.107409526874818
49.480000000000004	25.76965508281926
49.49	28.013219081539447
49.5	25.753045773253827
49.51	26.553791172672746
49.52	27.53474903664289
49.53	23.75656732947723
49.54	20.9024257445775
49.550000000000004	16.112300917290078
49.56	13.756578904659786
49.57	12.378880890113988
49.58	18.338523869649908
49.59	16.36825128011197
49.6	17.528887098769403
49.61	27.709757331247918
49.620000000000005	22.48570286438791
49.63	21.57861773493508
49.64	23.752455616123928
49.65	20.771000607617914
49.660000000000004	25.02109284924222
49.67	26.64120341613821
49.68	22.298887238013016
49.69	18.909258091693996
49.7	24.455402984864264
49.71	21.474482993491055
49.72	27.069056857655518
49.730000000000004	26.51890580983596
49.74	23.516825079512373
49.75	25.625977558344566
49.76	20.68208253715981
49.77	25.137892746374977
49.78	27.972261782804097
49.79	24.542826904115646
49.800000000000004	20.63825091731791
49.81	25.22414819019826
49.82	23.36301670305264
49.83	28.036182846183472
49.84	30.6524519218823
49.85	28.883244993456202
49.86	28.85052626678846
49.870000000000005	33.11571552703118
49.88	31.406520157738743
49.89	33.742146288430405
49.9	30.154826615177946
49.910000000000004	28.625386967845827
49.92	27.199929231996833
49.93	28.20977693252758
49.94	36.23471741640319
49.95	33.39456568332773
49.96	31.212637677385917
49.97	28.243530923613363
49.980000000000004	26.608798164030212
49.99	21.487924681755207
50.0	19.097991811100744
50.01	15.311488788757437
50.02	15.014410303612758
50.03	14.621589403090404
50.04	19.570477343044548
50.050000000000004	16.44749708278965
50.06	21.161884146172884
50.07	21.46284722855541
50.08	23.403296333748614
50.09	26.949981845945924
50.1	24.708329934673348
50.11	23.448628809085562
50.120000000000005	32.593951570450145
50.13	29.854066136749307
50.14	27.534144166287685
50.15	25.308596317315157
50.160000000000004	20.68265749534325
50.17	21.83674915322579
50.18	20.558060415258517
50.19	22.943354519659444
50.2	22.874247057238986
50.21	19.254576374395025
50.22	19.0398466342546
50.230000000000004	24.705814643645898
50.24	20.228710580160588
50.25	18.858353023441786
50.26	18.047010740463925
50.27	15.218495179711066
50.28	16.49302929692649
50.29	27.542058691803323
50.300000000000004	33.68581237184484
50.31	28.715884636272264
50.32	24.32783534958934
50.33	21.812590881620608
50.34	22.776610599168496
50.35	26.02742347590847
50.36	21.090750079979674
50.370000000000005	20.70152751369635
50.38	18.289843352049733
50.39	18.44120371674814
50.4	21.046678549304207
50.410000000000004	26.197087885429088
50.42	23.32672536625691
50.43	24.00138636383475
50.44	21.36949705354323
50.45	23.44418722478411
50.46	23.30356386875321
50.47	19.331309316510595
50.480000000000004	19.90190726552534
50.49	20.469036508826786
50.5	27.60357904112234
50.51	29.3142992222453
50.52	29.284245438768203
50.53	26.921386245813547
50.54	21.891716346453656
50.550000000000004	17.262932130653752
50.56	15.928605173048897
50.57	26.898794523018918
50.58	24.025700369614505
50.59	21.20256158350678
50.6	17.94584195377919
50.61	21.59629718348857
50.620000000000005	21.568934888130023
50.63	30.697797448679925
50.64	25.220728688482122
50.65	21.24253043121746
50.660000000000004	19.372206715735675
50.67	22.02736864193845
50.68	18.853723818014284
50.69	19.09150238378562
50.7	19.406044072457796
50.71	18.652430667060774
50.72	14.883829351860697
50.730000000000004	11.045852816891834
50.74	6.976556735870429
50.75	5.834182084867625
50.76	5.122334983413819
50.77	3.03671014113823
50.78	8.779952810810219
50.79	9.311649883741095
50.800000000000004	9.456921947029741
50.81	9.76643858012465
50.82	13.785712019307399
50.83	16.969232514566674
50.84	15.464390912828097
50.85	27.310126781182042
50.86	21.32667160375174
50.870000000000005	17.566370094612616
50.88	15.323640080415728
50.89	13.383781428115638
50.9	22.31907824720219
50.910000000000004	28.17555187504027
50.92	30.244631444679754
50.93	24.40110486780822
50.94	20.91456570893959
50.95	19.66963585488066
50.96	29.581524971284068
50.97	22.805656392159644
50.980000000000004	20.143326390431767
50.99	19.867192236405412
51.0	17.154533221970123
51.01	15.43150239119956
51.02	13.130547532980394
51.03	11.15851771406047
51.04	9.605008207015663
51.050000000000004	7.627920666901568
51.06	5.702039324771533
51.07	3.6910550287895054
51.08	4.575353661549148
51.09	7.237346364087728
51.1	12.645478493052117
51.11	13.486584912369011
51.120000000000005	14.670829547793977
51.13	15.189289998454324
51.14	13.856801431261106
51.15	18.099416463487177
51.160000000000004	22.127570525364685
51.17	22.490340129899273
51.18	21.083127649035006
51.19	17.72530677415613
51.2	15.815042379486822
51.21	17.318430488283525
51.22	15.534635813997907
51.230000000000004	15.88832241511935
51.24	21.039432500109847
51.25	18.302052702482754
51.26	18.414692492892307
51.27	17.69069488905895
51.28	22.51336396537514
51.29	20.91653786471214
51.300000000000004	25.276274906012112
51.31	20.811745041657215
51.32	17.13546319043249
51.33	21.245163846107932
51.34	27.034362879326952
51.35	21.36262178208409
51.36	21.229798790686285
51.370000000000005	23.995416345377713
51.38	21.37423198166846
51.39	20.778053976292384
51.4	22.07001949831265
51.410000000000004	20.93623496883557
51.42	20.09656999773191
51.43	25.7533550681993
51.44	25.359147514491607
51.45	26.1566693699082
51.46	26.629906293402414
51.47	27.926684489519882
51.480000000000004	23.225724316891878
51.49	19.817686956040582
51.5	17.69867036873672
51.51	15.338570324094494
51.52	22.478478021556196
51.53	18.420012750584362
51.54	16.70091483510461
51.550000000000004	19.573162548184
51.56	19.43615359806779
51.57	26.18023775343747
51.58	24.888727051235772
51.59	27.619671151073177
51.6	26.547604302646178
51.61	25.38199036010247
51.620000000000005	24.354328824261827
51.63	23.16688674818863
51.64	18.856560099183756
51.65	18.7153818837711
51.660000000000004	15.861020911259754
51.67	16.985331140059643
51.68	16.293628363637534
51.69	13.941818600610537
51.7	16.514709608093845
51.71	20.69977152265383
51.72	24.69341038214276
51.730000000000004	25.85223383315263
51.74	26.139888471331286
51.75	29.670471867057714
51.76	29.178865317110112
51.77	27.39579992639161
51.78	24.262097592990635
51.79	20.50153102620201
51.800000000000004	24.749864643819443
51.81	27.90432520051986
51.82	22.317331690197136
51.83	20.785666265245496
51.84	18.284384136068155
51.85	15.950780912606163
51.86	17.30996194402717
51.870000000000005	28.97111174595227
51.88	24.234112462203136
51.89	21.64054938344083
51.9	20.821448982362824
51.910000000000004	26.89356422640654
51.92	21.37163468406775
51.93	19.748098428771264
51.94	17.869689403649623
51.95	19.632620129152304
51.96	17.384149066547973
51.97	17.62340162893039
51.980000000000004	14.713276409452966
51.99	16.29376124549523
52.0	20.14837124810051
52.01	19.594532812827115
52.02	15.85581752825175
52.03	16.200408598808593
52.04	19.19674052127134
52.050000000000004	20.504315618121954
52.06	18.395631241213213
52.07	18.248235307442446
52.08	18.391126453682656
52.09	18.054295009291014
52.1	18.531831157308794
52.11	17.1930354542795
52.120000000000005	13.997544760190609
52.13	15.12817656678139
52.14	23.519820852145404
52.15	24.54238109743532
52.160000000000004	27.067226000089185
52.17	23.84370676621496
52.18	21.876297051139414
52.19	20.265032210201923
52.2	18.37852541604008
52.21	17.828165588064817
52.22	20.12073141872959
52.230000000000004	26.501830906753167
52.24	25.36400347771888
52.25	28.05392387087097
52.26	23.687329751716117
52.27	27.10294161026762
52.28	24.49650710483098
52.29	23.07939370418389
52.300000000000004	19.22428250809051
52.31	18.79124322505237
52.32	20.398573713434857
52.33	20.73126749330736
52.34	21.681406757267247
52.35	23.176815777193536
52.36	20.82176593998829
52.370000000000005	22.67915655258244
52.38	22.803447282514536
52.39	19.945883558566877
52.4	20.77260727560561
52.410000000000004	21.091724452885497
52.42	20.591957685232256
52.43	26.99855016392559
52.44	25.543817437190125
52.45	26.36402072528554
52.46	27.654653428232795
52.47	25.8002232501337
52.480000000000004	33.17938911095842
52.49	30.459922476349806
52.5	30.846900810447334
52.51	29.499056385682096
52.52	32.543858646413064
52.53	26.89428096493471
52.54	30.87885255289206
52.550000000000004	41.02948477981683
52.56	31.883494100087884
52.57	27.892428769715167
52.58	29.08563870155791
52.59	23.725008252113675
52.6	22.390006337551497
52.61	35.449575285803974
52.620000000000005	31.561135099965487
52.63	28.716591836549927
52.64	23.26786421061298
52.65	21.030754212038616
52.660000000000004	29.184237513134192
52.67	28.329240151484097
52.68	22.965953777065113
52.69	17.461824088859
52.7	16.298248705459507
52.71	14.824357671581613
52.72	17.91041536029961
52.730000000000004	17.052064710689546
52.74	23.237632561501997
52.75	32.065174504713205
52.76	25.05353985990824
52.77	21.196355946504983
52.78	19.370458618435876
52.79	18.35533060960056
52.800000000000004	16.23451471804871
52.81	14.292211000752179
52.82	17.7350308796154
52.83	21.389749963672212
52.84	17.145164775877035
52.85	16.971208683501384
52.86	27.024550710829814
52.870000000000005	29.314110246162542
52.88	31.999683805457714
52.89	25.811752126728308
52.9	22.54603514462609
52.910000000000004	18.589393844458577
52.92	16.343951327819614
52.93	19.816402827313407
52.94	18.46894581617311
52.95	14.28998561295982
52.96	13.586226599060465
52.97	11.404941009751436
52.980000000000004	8.097142590383063
52.99	11.295337895356296
53.0	10.279410248055635
53.01	11.308604137568127
53.02	13.298732677488765
53.03	12.89950503803425
53.04	13.911401802748655
53.050000000000004	15.621279061193226
53.06	15.372925584434169
53.07	12.877592174933682
53.08	12.832440778712744
53.09	15.003407246890507
53.1	15.006250348208832
53.11	17.0369976287957
53.120000000000005	15.6576322722948
53.13	11.961336497455557
53.14	9.90470682643838
53.15	7.666722814415204
53.160000000000004	10.08989459562185
53.17	9.574218126996055
53.18	12.643837077252908
53.19	13.40746269050702
53.2	10.868401737063708
53.21	13.612583515067042
53.22	17.012717161717454
53.230000000000004	14.891770321638955
53.24	12.669703392059478
53.25	16.028766226669568
53.26	15.2413404178993
53.27	14.28033161375955
53.28	15.244517868923323
53.29	16.00818213124527
53.300000000000004	16.666629063713195
53.31	13.800180603211018
53.32	21.55130262107186
53.33	30.120403024621506
53.34	35.97766545460547
53.35	32.75058305414719
53.36	27.03759412068544
53.370000000000005	24.274496387125748
53.38	21.886473203198886
53.39	29.35600821751231
53.4	24.69251781148787
53.410000000000004	18.967810891823405
53.42	16.704439569645636
53.43	15.967865221703217
53.44	15.809236352133134
53.45	14.175982949199895
53.46	18.341503284681615
53.47	16.490312872782063
53.480000000000004	13.351994647002893
53.49	14.454097739697334
53.5	19.469615331668493
53.51	19.795795782782395
53.52	17.56006631182881
53.53	17.866184800551324
53.54	19.132345000712274
53.550000000000004	23.896374520991422
53.56	20.999350147725348
53.57	20.73421735367449
53.58	23.25961691943158
53.59	19.41999941232502
53.6	23.925768423733352
53.61	24.1445362312375
53.620000000000005	26.98580846786653
53.63	30.981168925255187
53.64	32.35993937832794
53.65	26.32406110110597
53.660000000000004	29.243078705503613
53.67	27.45843667262853
53.68	21.44216937717928
53.69	17.187533155127152
53.7	27.370134257012708
53.71	29.95723603389456
53.72	27.635872062776674
53.730000000000004	24.456322493350708
53.74	19.962694387321097
53.75	28.58734977322796
53.76	34.84037656418395
53.77	35.0071108537591
53.78	33.21067567779526
53.79	33.200950531309054
53.800000000000004	33.941097030070196
53.81	33.43253255493954
53.82	35.687876415294326
53.83	35.60729649476761
53.84	35.40685644224531
53.85	35.50129142738323
53.86	32.360447704427614
53.870000000000005	24.72943578127351
53.88	21.638447428687275
53.89	19.25334135904678
53.9	25.3405646879586
53.910000000000004	24.81219240243741
53.92	20.38076381841731
53.93	18.703596603258642
53.94	17.104214109750078
53.95	22.901188776973978
53.96	19.901961963726766
53.97	20.610802690054207
53.980000000000004	20.265389670718566
53.99	21.760874075443574
54.0	20.345735232601857
54.01	28.476142710494425
54.02	27.24204197130237
54.03	26.351826438989978
54.04	23.179486091290403
54.050000000000004	22.35229958732282
54.06	25.42587482825391
54.07	20.657480135875698
54.08	18.739909030614914
54.09	18.328438384429486
54.1	15.975506483843882
54.11	21.89809774827068
54.120000000000005	23.718207683866556
54.13	22.58188801134922
54.14	26.937096508086732
54.15	26.386095256424976
54.160000000000004	32.8286957842494
54.17	31.8578895160727
54.18	39.68945888071637
54.19	42.80159490704376
54.2	34.53295867566882
54.21	30.892718145605755
54.22	29.47469267906116
54.230000000000004	25.10113245910604
54.24	31.08300140963277
54.25	29.904678116188965
54.26	30.076365665620923
54.27	34.70786571688151
54.28	30.52194107289376
54.29	26.60109048686943
54.300000000000004	25.252517117708024
54.31	26.599348407162612
54.32	21.470020072047063
54.33	22.07999598806035
54.34	21.576526186656835
54.35	26.196718686480995
54.36	25.911418099114602
54.370000000000005	21.905949943648917
54.38	21.969880193500536
54.39	25.020747542683893
54.4	21.45654556663075
54.410000000000004	21.826739716721438
54.42	31.7062511821396
54.43	35.92528606670274
54.44	30.71573339106442
54.45	29.941287249618625
54.46	28.607510843552298
54.47	24.053744587570126
54.480000000000004	19.465244970959525
54.49	19.4753671045987
54.5	24.758213194131617
54.51	26.06132832476488
54.52	25.66025555022282
54.53	25.847032907831213
54.54	28.667972584665797
54.550000000000004	34.26390277763939
54.56	29.075922026946756
54.57	26.356793783474693
54.58	23.891814491164926
54.59	23.261350432913186
54.6	18.218863662685894
54.61	17.48182003456717
54.620000000000005	19.1701590721006
54.63	19.78533830359539
54.64	21.137692325642472
54.65	17.587042528849203
54.660000000000004	18.403158335776475
54.67	18.177193366817793
54.68	16.047261583910675
54.69	18.241813869859726
54.7	19.04768531827202
54.71	16.36413271398017
54.72	18.649534164401395
54.730000000000004	24.688260451249654
54.74	22.830410090164314
54.75	17.718116633755383
54.76	16.055378465842235
54.77	13.886465150421511
54.78	10.678668252527428
54.79	8.151275075090707
54.800000000000004	12.492503196988933
54.81	11.506855396070986
54.82	10.251739430154082
54.83	12.124300112829387
54.84	15.469120921806521
54.85	15.87804829461754
54.86	20.358772456083155
54.870000000000005	26.243341611723256
54.88	28.38564732132685
54.89	34.53090576559249
54.9	36.232025004911
54.910000000000004	28.61663728994113
54.92	23.33754696966353
54.93	23.686525545139304
54.94	18.992669873748927
54.95	14.298814202355208
54.96	11.825368229967745
54.97	10.432192481779618
54.980000000000004	9.039016733590497
54.99	14.88647452965968
55.0	14.028905404093546
55.01	12.44891539025182
55.02	16.502867622022546
55.03	15.587520828540226
55.04	17.83953456667422
55.050000000000004	16.730236895890542
55.06	15.563690664082682
55.07	14.976816841274223
55.08	24.862296253758547
55.09	21.31544812584712
55.1	30.264522479184954
55.11	27.186314184977526
55.120000000000005	22.847978504232096
55.13	21.031132530683156
55.14	18.60147414706511
55.15	15.370162425391069
55.160000000000004	15.946522787151462
55.17	14.369546693759437
55.18	16.115826639967167
55.19	17.752745199307114
55.2	15.890949137164572
55.21	20.594709990135037
55.22	21.33381905740252
55.230000000000004	24.469064150997156
55.24	22.664027042577434
55.25	19.40887755401958
55.26	18.07943649561978
55.27	15.608296427880893
55.28	13.520689487770339
55.29	16.115814781332936
55.300000000000004	16.576204174844857
55.31	12.809088765260725
55.32	13.088399241741913
55.33	10.30413364508561
55.34	10.352426411064757
55.35	10.328147003580632
55.36	9.942774941873877
55.370000000000005	11.721245177286486
55.38	12.634535930466152
55.39	12.335982947549844
55.4	17.231788016439594
55.410000000000004	15.489497642715177
55.42	15.209301712166528
55.43	13.422789609007802
55.44	22.874511199179114
55.45	25.963367558054937
55.46	21.81480136836197
55.47	18.719242963685044
55.480000000000004	16.455503004898443
55.49	14.521983322570742
55.5	15.466926283642099
55.51	23.296031043390187
55.52	29.475589490557834
55.53	26.110768384319513
55.54	26.705041112997872
55.550000000000004	27.477110029292152
55.56	25.22104571989975
55.57	23.049706317695957
55.58	18.54839952319188
55.59	18.64420918745057
55.6	14.632850882161012
55.61	14.645796497848323
55.620000000000005	18.636928499929912
55.63	16.184679250123096
55.64	13.537059032302006
55.65	11.497621903047127
55.660000000000004	12.452953450465461
55.67	19.879500503663266
55.68	16.6290431263457
55.69	17.766168246473764
55.7	20.3286980359479
55.71	18.931044246020495
55.72	23.77391140654206
55.730000000000004	21.31829050857949
55.74	21.073409123043767
55.75	19.869469619567997
55.76	18.070724053236916
55.77	29.556955315369613
55.78	23.864358437733745
55.79	27.12210013619515
55.800000000000004	28.12230467439355
55.81	35.53791444711413
55.82	35.022428719701416
55.83	30.074062711972438
55.84	31.680862625513406
55.85	32.74862663958898
55.86	26.037279468212486
55.870000000000005	20.87635242025447
55.88	17.714710720543447
55.89	15.464637510750505
55.9	14.886311510892181
55.910000000000004	13.564933434919107
55.92	11.910385783040631
55.93	11.653746636030313
55.94	19.18169799660964
55.95	16.495593507099173
55.96	18.46303254178951
55.97	18.801257891847705
55.980000000000004	21.179264593890366
55.99	23.85971928276425
56.0	24.841937418755975
56.01	23.329574875825283
56.02	23.225558450556928
56.03	23.12951401811642
56.04	23.88236199871021
56.050000000000004	22.905252507623285
56.06	18.20365280500596
56.07	17.94037406807914
56.08	19.084117576416784
56.09	16.77976489092581
56.1	15.989457326358297
56.11	18.192452068750818
56.120000000000005	15.570824279738508
56.13	17.908551891938295
56.14	17.283490809748624
56.15	15.743192359335886
56.160000000000004	23.933056977255927
56.17	22.908538772663462
56.18	19.00150433600115
56.19	16.54469228845496
56.2	13.961213103122232
56.21	11.018828742378918
56.22	9.278249338637714
56.230000000000004	11.113463656203583
56.24	11.065683803987955
56.25	10.071491423140465
56.26	9.677829150386007
56.27	11.021156249455032
56.28	13.126158401427746
56.29	14.955233889354744
56.300000000000004	16.443319100927734
56.31	13.902841151827996
56.32	15.810493778064696
56.33	12.388283391443467
56.34	9.989908218706855
56.35	7.808426216908601
56.36	19.2949555799825
56.370000000000005	16.299566685323573
56.38	21.79340291725852
56.39	16.976924115250895
56.4	15.16997522782426
56.410000000000004	18.416022715551918
56.42	21.668856616689492
56.43	27.278890052735374
56.44	27.584413337183328
56.45	28.60518996065677
56.46	26.85174159874075
56.47	33.25019072064352
56.480000000000004	26.96015559196654
56.49	21.950703617821084
56.5	20.03221953975289
56.51	18.5842637005149
56.52	26.06246716128225
56.53	22.903070822987853
56.54	31.0089349291735
56.550000000000004	27.292862090738712
56.56	25.704503795162545
56.57	33.81072375170315
56.58	27.626536473577037
56.59	31.60195283986314
56.6	34.45704934993886
56.61	28.120458182527276
56.620000000000005	25.597400574107514
56.63	23.821384805553937
56.64	21.90790582748224
56.65	20.315126916388856
56.660000000000004	22.23877697851981
56.67	26.52484419545166
56.68	23.485148850680357
56.69	24.614547889494652
56.7	23.815982074174936
56.71	33.51538924986797
56.72	34.86657552943602
56.730000000000004	35.18659054128566
56.74	30.32702020481597
56.75	27.954107392508813
56.76	25.530532332032575
56.77	21.582333279722256
56.78	24.371593767915936
56.79	24.655997876345815
56.800000000000004	24.13663565160371
56.81	21.480429798833736
56.82	18.006751958050412
56.83	17.22736586695097
56.84	29.488699266093697
56.85	27.57254367096798
56.86	23.852192712896624
56.870000000000005	32.91387475524063
56.88	30.132823685713262
56.89	25.978050105704483
56.9	28.53378780483686
56.910000000000004	22.797182435121687
56.92	26.956611850114097
56.93	32.48325155293635
56.94	30.64060829786474
56.95	31.464844571760842
56.96	28.295407580231082
56.97	24.953275416089543
56.980000000000004	26.978945352929085
56.99	24.184304266030576
57.0	25.281689120533176
57.01	24.029563590512105
57.02	30.158694151397082
57.03	24.14474079446182
57.04	24.26956651570698
57.050000000000004	24.62242138187156
57.06	21.682116857092407
57.07	21.143359634239868
57.08	23.68251363245784
57.09	24.687557236822013
57.1	28.746176025769955
57.11	25.676977668572
57.120000000000005	22.315003348593457
57.13	20.322511735301507
57.14	21.591580916652468
57.15	23.18371548662987
57.160000000000004	27.568831783208342
57.17	27.012899571312932
57.18	28.69278192439658
57.19	22.56921209140126
57.2	21.66986925827329
57.21	32.336887118900876
57.22	27.709377101737864
57.230000000000004	38.56678659891903
57.24	35.3207833480174
57.25	30.435761159076986
57.26	23.69399023445594
57.27	20.23404551556939
57.28	23.099164954493304
57.29	22.367510318702305
57.300000000000004	27.513582435102688
57.31	28.05181937365949
57.32	23.931748584456056
57.33	21.91607007924
57.34	21.427258048586513
57.35	21.344989589770996
57.36	23.43330122377689
57.370000000000005	24.43974479597234
57.38	23.48016894720673
57.39	18.467600038200022
57.4	20.178541613095305
57.410000000000004	23.23424384458866
57.42	18.37062506058418
57.43	19.681893473569563
57.44	16.985588361462092
57.45	17.748374545880196
57.46	14.235162693547181
57.47	14.895443801191192
57.480000000000004	14.546920381899593
57.49	11.585461915872617
57.5	10.50456719492707
57.51	10.222449779345704
57.52	10.434514894920037
57.53	11.377136186099818
57.54	11.481041666738527
57.550000000000004	19.35887828367455
57.56	18.933550355909833
57.57	17.771214747706665
57.58	19.053627700414623
57.59	23.150842178085053
57.6	23.86442280404411
57.61	22.15050541251536
57.620000000000005	18.42578659121874
57.63	17.91097526232744
57.64	13.803134440484486
57.65	11.912172874670762
57.660000000000004	10.65168066480208
57.67	15.509082438305375
57.68	20.880287898368064
57.69	30.728623690461156
57.7	28.66893850359204
57.71	25.177924216832366
57.72	23.82983111420074
57.730000000000004	19.41581103727828
57.74	19.71531167010868
57.75	29.458789005744052
57.76	24.175248360520733
57.77	20.155739864084293
57.78	22.4136673180205
57.79	20.506119380719056
57.800000000000004	21.884318153608824
57.81	28.645901314023583
57.82	23.742068191281966
57.83	20.277314996429162
57.84	18.51798868384893
57.85	18.207369270363987
57.86	23.500047265409254
57.870000000000005	21.70608437691313
57.88	28.735778419085683
57.89	27.440189424454527
57.9	30.497642202864522
57.910000000000004	27.48476210908609
57.92	27.406659738168774
57.93	27.194484179723375
57.94	25.05477836395591
57.95	22.95157546413054
57.96	19.102502146251144
57.97	16.980981872691547
57.980000000000004	16.173818816432345
57.99	18.738352060106312
58.0	16.165820160438663
58.01	15.916197783384659
58.02	19.7415722665739
58.03	16.596464271925793
58.04	19.79993224854372
58.050000000000004	23.53812314003594
58.06	19.838650323418445
58.07	18.01165451858534
58.08	16.909775491033024
58.09	25.016389466878504
58.1	28.76183530997971
58.11	25.369088409513683
58.120000000000005	26.127152601463784
58.13	25.449548025287093
58.14	21.728637859462808
58.15	21.97102355716675
58.160000000000004	19.234280214764045
58.17	22.346185458285298
58.18	23.421120386084493
58.19	20.669829388360938
58.2	23.715916054435393
58.21	22.949046550928536
58.22	18.38422163576768
58.230000000000004	15.42515886526189
58.24	17.34702087099302
58.25	24.954915367200492
58.26	25.032227517156024
58.27	27.21387354653327
58.28	23.708940962054868
58.29	19.273436519844058
58.300000000000004	21.328925832572043
58.31	38.141799480597115
58.32	33.11518210901288
58.33	29.23695392931627
58.34	27.34528250230051
58.35	24.570251640621553
58.36	22.684513014266077
58.370000000000005	22.113943001455667
58.38	29.13988786163767
58.39	27.800711384708258
58.4	27.866542110108387
58.410000000000004	26.234073277311044
58.42	24.848527499934015
58.43	22.510829188741255
58.44	25.233132393529473
58.45	36.722813844916836
58.46	43.61351328757569
58.47	35.384857886067394
58.480000000000004	37.52687036987248
58.49	36.26644035287053
58.5	32.24189940901561
58.51	29.383602540366795
58.52	31.253470194547738
58.53	28.816019335510695
58.54	24.757261736269303
58.550000000000004	20.672894110671358
58.56	17.7275955074413
58.57	14.672858694844136
58.58	13.523289820550767
58.59	12.509211868396449
58.6	13.491286309391288
58.61	16.432202684678458
58.620000000000005	19.638627264479663
58.63	20.734660527213542
58.64	22.144612796260642
58.65	24.79112687962084
58.660000000000004	23.9681225787466
58.67	26.39308203068765
58.68	24.803620031474676
58.69	24.458978686609573
58.7	23.65916279148428
58.71	29.60972285767364
58.72	30.502549856723945
58.730000000000004	34.09924700427582
58.74	27.765904646371055
58.75	24.981307799165386
58.76	25.52210887626702
58.77	22.397581537767778
58.78	21.995101670165322
58.79	17.207421703789155
58.800000000000004	13.608107799992496
58.81	14.20711108676101
58.82	17.83281485796109
58.83	14.523956850469377
58.84	18.802353959127366
58.85	16.604649760161625
58.86	17.339412674148257
58.870000000000005	16.87024926951712
58.88	16.57372951277679
58.89	13.592572210284446
58.9	18.99762517578488
58.910000000000004	31.190870523519802
58.92	31.628149599097245
58.93	25.51153428851014
58.94	26.06232579042468
58.95	28.169294819581083
58.96	23.504236010953495
58.97	24.51524326871374
58.980000000000004	20.443412760825726
58.99	21.38335428871159
59.0	22.36066791458295
59.01	23.265074929730204
59.02	21.951074885728893
59.03	25.546375797619152
59.04	26.439957037530206
59.050000000000004	22.306132940281632
59.06	19.537878731153484
59.07	23.660887961150415
59.08	25.23613288725034
59.09	26.635113467227896
59.1	22.303755147720974
59.11	21.657557717866574
59.120000000000005	22.91731729622525
59.13	19.875430073889166
59.14	17.62400729933798
59.15	28.236906606483874
59.160000000000004	28.195996544591434
59.17	24.711317064397708
59.18	23.993210905637014
59.19	19.83879452716193
59.2	19.461422318989673
59.21	23.024833175326272
59.22	23.7704125800559
59.230000000000004	21.414273729331594
59.24	18.596205402678603
59.25	21.93051805876468
59.26	31.311032937742045
59.27	35.23511406222337
59.28	31.42025855776477
59.29	27.158548218963134
59.300000000000004	27.68386653178089
59.31	24.542847726297623
59.32	26.03603693544061
59.33	27.41971381682362
59.34	24.89179264085145
59.35	22.298478896317064
59.36	19.921009927028855
59.370000000000005	26.356176736534856
59.38	21.737171961009167
59.39	20.47488754796071
59.4	16.262384762503544
59.410000000000004	14.984870296153641
59.42	12.80357257978199
59.43	12.503011572321899
59.44	14.663672966357645
59.45	12.183840264683411
59.46	11.199059500486209
59.47	9.966873794502149
59.480000000000004	10.310626382851611
59.49	14.307857103151786
59.5	18.467835232211378
59.51	15.846483773441673
59.52	25.913481751599697
59.53	29.33113379154264
59.54	26.72159371266523
59.550000000000004	26.924300029264415
59.56	29.77616295457994
59.57	29.280218261953618
59.58	32.08870189439585
59.59	27.328349766357434
59.6	22.027576334584705
59.61	17.647700016217616
59.620000000000005	14.909232039643708
59.63	14.48095493749647
59.64	11.857821910811374
59.65	15.747597096967661
59.660000000000004	12.885132565352707
59.67	15.088612711062787
59.68	12.325474962376193
59.69	9.911141442527395
59.7	6.437796645409702
59.71	5.041993447666318
59.72	5.845744484291853
59.730000000000004	7.637060022477436
59.74	6.245409485959193
59.75	3.2820923327807137
59.76	4.2436828565235825
59.77	1.9550964111617222
59.78	0.5315540860486804
59.79	-5.08242157386302
59.800000000000004	-8.362926535456326
59.81	-11.245541900986165
59.82	-16.61723873735799
59.83	-13.105687598019642
59.84	-11.669289418687152
59.85	-11.504909637623133
59.86	-12.85541262510465
59.870000000000005	-20.322587412107737
59.88	-27.27854484483606
59.89	-26.798861340980658
59.9	-24.304816161846635
59.910000000000004	-23.60741240126916
59.92	-21.932569553380127
59.93	-18.740676526968862
59.94	-23.90161343377687
59.95	-20.164347013406978
59.96	-23.36445996755185
59.97	-19.022561966336117
59.980000000000004	-19.315159183405612
59.99	-19.009119862822892
60.0	-24.116114657881628
60.01	-21.58206328928987
60.02	-18.865755296471335
60.03	-17.254382559123194
60.04	-18.37932999393629
60.050000000000004	-16.77699923767227
60.06	-19.758564045664123
60.07	-19.04729694250578
60.08	-27.27615874934116
60.09	-26.409587372018397
60.1	-33.99938354685237
60.11	-34.39951101403507
60.120000000000005	-33.58906666359935
60.13	-34.38374746938499
60.14	-29.902081905690455
60.15	-29.91388300521117
60.160000000000004	-27.93895920212087
60.17	-22.179280292818504
60.18	-21.101769989556765
60.19	-17.58662094175891
60.2	-17.300410640520425
60.21	-26.10688643821065
60.22	-23.133376077170755
60.230000000000004	-23.545964292282054
60.24	-26.008977890610783
60.25	-25.940423100301945
60.26	-23.222263014087687
60.27	-21.22013918877355
60.28	-23.49344187807872
60.29	-20.632140014641127
60.300000000000004	-22.355461824740587
60.31	-18.11969960687689
60.32	-19.50096445777227
60.33	-19.381914645504285
60.34	-24.768819786689296
60.35	-25.13642485373484
60.36	-22.014192834662254
60.370000000000005	-23.05759962904917
60.38	-23.464943890300443
60.39	-23.401127780673605
60.4	-22.04128873603429
60.410000000000004	-18.624855682434383
60.42	-19.191299205825413
60.43	-21.865069294293054
60.44	-22.453275450548947
60.45	-20.081140469177758
60.46	-16.5443170171415
60.47	-15.18007557405244
60.480000000000004	-16.431747176767598
60.49	-15.438797761506253
60.5	-15.003034728210647
60.51	-11.867799345413603
60.52	-12.410855862924418
60.53	-11.342906812364589
60.54	-14.857749362931589
60.550000000000004	-16.531793851478053
60.56	-19.870559001941487
60.57	-18.705012599861476
60.58	-27.94556042663163
60.59	-23.392773001591692
60.6	-21.722799796679663
60.61	-20.201618198784125
60.620000000000005	-17.54382098162835
60.63	-13.775681854489985
60.64	-11.42203822025457
60.65	-11.142883456409972
60.660000000000004	-13.790093982816124
60.67	-17.121639275473342
60.68	-19.817838471978092
60.69	-18.80331244479704
60.7	-29.890556300436867
60.71	-30.07323873576036
60.72	-31.529442154605636
60.730000000000004	-29.409870365282448
60.74	-27.331463306225988
60.75	-24.515433760553847
60.76	-25.751169353407164
60.77	-22.163236027992323
60.78	-20.533643042442716
60.79	-23.109647633694486
60.800000000000004	-23.591110419350773
60.81	-19.441545811400154
60.82	-17.862664996729784
60.83	-14.516474535306461
60.84	-12.053852823501538
60.85	-10.610930367108686
60.86	-11.180329923131277
60.870000000000005	-14.415970838342615
60.88	-16.85600863114813
60.89	-14.742435738565938
60.9	-14.532466718784535
60.910000000000004	-11.354177187716168
60.92	-9.048687870165505
60.93	-11.360814882980117
60.94	-8.923385367834381
60.95	-7.872023709397098
60.96	-10.77685213376732
60.97	-17.79521704645699
60.980000000000004	-18.98794992836421
60.99	-31.491984156056528
61.0	-28.758972134794615
61.01	-27.746115403291643
61.02	-24.483026362363223
61.03	-27.433409764242185
61.04	-25.37390069622004
61.050000000000004	-22.870933644977804
61.06	-19.34274258260887
61.07	-23.09458928855676
61.08	-24.25519703755896
61.09	-23.332181716340248
61.1	-37.283967889574086
61.11	-30.904651632353527
61.120000000000005	-35.57735483244778
61.13	-42.63439063897951
61.14	-34.44207208611767
61.15	-28.394520369304495
61.160000000000004	-25.359645325280276
61.17	-32.92747854874475
61.18	-35.05167986710709
61.19	-30.69848335897719
61.2	-26.272195173794646
61.21	-24.650306907697168
61.22	-20.318643515078936
61.230000000000004	-24.61005762010911
61.24	-23.855001821205207
61.25	-32.6420970311295
61.26	-26.678816139214415
61.27	-26.443516209727992
61.28	-25.61895011840131
61.29	-21.69489855883491
61.300000000000004	-18.37160286886018
61.31	-16.017954473154706
61.32	-15.957084660722622
61.33	-23.721157978342863
61.34	-23.12877923028769
61.35	-19.783855554029422
61.36	-16.08423071646051
61.370000000000005	-17.290506299189275
61.38	-16.43908717806866
61.39	-19.226491048581682
61.4	-24.460280576249637
61.410000000000004	-23.27708019985858
61.42	-25.06996749598306
61.43	-21.70025394491964
61.44	-27.38786629325958
61.45	-34.718094675789814
61.46	-34.492184091059755
61.47	-32.09553516797637
61.480000000000004	-32.71131308925235
61.49	-35.13049447184964
61.5	-30.717062231187263
61.51	-25.433257952503897
61.52	-32.12835384643157
61.53	-26.32139288536891
61.54	-21.643237570283244
61.550000000000004	-22.496443592199213
61.56	-27.87839735250187
61.57	-23.64626885351503
61.58	-30.423025888933065
61.59	-25.216496249168983
61.6	-20.06372436993069
61.61	-21.814379541286602
61.620000000000005	-25.785110787161774
61.63	-20.548907536120748
61.64	-17.193267354136296
61.65	-15.478672833110346
61.660000000000004	-22.260541052451504
61.67	-22.841621775241993
61.68	-19.59274441127369
61.690000000000005	-21.51482471147804
61.7	-21.205354789618426
61.71	-22.24520945942067
61.72	-32.945449539080194
61.730000000000004	-32.77586396206159
61.74	-29.85896248978125
61.75	-26.837568512343108
61.76	-25.79095172341418
61.77	-33.24720730039012
61.78	-34.62278316032843
61.79	-37.125542137945715
61.800000000000004	-29.935086165936834
61.81	-25.811856401556703
61.82	-22.267517936357276
61.83	-21.107920164553903
61.84	-20.26664203197987
61.85	-18.53352304872523
61.86	-16.545305245914854
61.870000000000005	-15.760479279288825
61.88	-18.8224278501778
61.89	-20.034239621034118
61.9	-28.073973744520217
61.910000000000004	-26.57585441908824
61.92	-22.90722478569601
61.93	-20.262084199481926
61.940000000000005	-20.017194823656126
61.95	-22.04849191802657
61.96	-19.979234865638055
61.97	-18.096587850081754
61.980000000000004	-15.926715880064629
61.99	-20.096031820113478
62.0	-23.73819996749436
62.01	-22.297909210911428
62.02	-20.40779666772217
62.03	-17.70502718928579
62.04	-17.781942367196116
62.050000000000004	-16.656080541850002
62.06	-13.530711668196544
62.07	-21.16952707663027
62.08	-24.99692412791505
62.09	-24.540959080057636
62.1	-28.653475121504886
62.11	-29.95904850536886
62.120000000000005	-31.297264934778593
62.13	-24.914753195096477
62.14	-25.552238366839195
62.15	-23.71122385460701
62.160000000000004	-23.737282715698225
62.17	-23.581252529423548
62.18	-31.358599381387506
62.190000000000005	-34.10964421114525
62.2	-39.832701230720595
62.21	-32.98187400633114
62.22	-32.17176127634319
62.230000000000004	-25.353042622257547
62.24	-20.379144827054038
62.25	-16.489089384279477
62.26	-17.09911487323925
62.27	-21.113925062471115
62.28	-18.062191689479715
62.29	-18.182976323428218
62.300000000000004	-19.031596401284634
62.31	-15.800333994601942
62.32	-15.06955457637197
62.33	-14.356624539695689
62.34	-21.537797218164865
62.35	-22.72115501946927
62.36	-24.95697297517803
62.370000000000005	-31.390622130703395
62.38	-26.085215367586258
62.39	-23.173023165826937
62.4	-24.258850811023276
62.410000000000004	-30.81616289488625
62.42	-31.235712906128413
62.43	-30.530081664314714
62.440000000000005	-26.888652407787387
62.45	-33.72369153975457
62.46	-30.93477664516212
62.47	-34.38690806437227
62.480000000000004	-30.423177018935412
62.49	-32.95763895162304
62.5	-32.97228494960812
62.51	-28.211859339216748
62.52	-28.325791277231495
62.53	-27.419154599652263
62.54	-27.588609243288705
62.550000000000004	-27.535648621926747
62.56	-28.780789670319695
62.57	-29.291121602718672
62.58	-30.11944086410032
62.59	-28.442999888445826
62.6	-25.97599613818478
62.61	-23.251276421038426
62.620000000000005	-23.810934368643245
62.63	-18.743739695356595
62.64	-14.550348451094939
62.65	-11.232759792004515
62.660000000000004	-11.811818458392638
62.67	-10.383729259452963
62.68	-16.25060025177514
62.690000000000005	-20.69991174981781
62.7	-19.685805207676797
62.71	-19.95746049642124
62.72	-17.326995513028162
62.730000000000004	-13.67524580184932
62.74	-10.96238851049613
62.75	-8.996591744962588
62.76	-8.612147691253162
62.77	-11.018479639378073
62.78	-12.458568450636962
62.79	-11.003732081715475
62.800000000000004	-11.18308217290384
62.81	-18.637198407477438
62.82	-18.38688335082978
62.83	-16.493183691499407
62.84	-18.12038608527726
62.85	-18.84610729984501
62.86	-21.449488639387503
62.870000000000005	-23.03655155601978
62.88	-23.585602578961318
62.89	-20.155139065424674
62.9	-20.299252758417474
62.910000000000004	-26.201716061045875
62.92	-37.67296372076668
62.93	-30.975933020170903
62.940000000000005	-30.013180216573247
62.95	-34.15406375659166
62.96	-27.443481687863898
62.97	-22.967222915799166
62.980000000000004	-20.321118707508113
62.99	-18.781697958851797
63.0	-21.12383441231249
63.01	-24.63196654179845
63.02	-23.396307394348778
63.03	-22.478813134905828
63.04	-22.21726654709919
63.050000000000004	-25.396579921062322
63.06	-26.718944108211442
63.07	-25.60523261834137
63.08	-24.612096487237086
63.09	-33.31614656567369
63.1	-31.187736665076066
63.11	-31.579344985279477
63.120000000000005	-25.214482938566075
63.13	-22.77170810846036
63.14	-24.066851856144847
63.15	-26.0579381323275
63.160000000000004	-25.987170203014276
63.17	-22.659704416912884
63.18	-24.088114805068113
63.190000000000005	-27.63195609234839
63.2	-29.006639892914247
63.21	-24.3044479873885
63.22	-20.068096872407818
63.230000000000004	-19.53731099919276
63.24	-19.135078900858794
63.25	-21.320699089004016
63.26	-21.8014874644175
63.27	-20.22409134225656
63.28	-21.12044000596639
63.29	-20.17409166310082
63.300000000000004	-17.92011631731164
63.31	-14.208191254942236
63.32	-11.34319426850283
63.33	-10.136449693508434
63.34	-9.897068730386172
63.35	-13.967497376270416
63.36	-11.201937179969635
63.370000000000005	-10.2616913803988
63.38	-11.697623306828879
63.39	-9.675430221048297
63.4	-9.636232864672605
63.410000000000004	-7.725451190522541
63.42	-13.717912962265691
63.43	-12.247985706720895
63.440000000000005	-11.767467014651835
63.45	-9.50828228771254
63.46	-7.56559142697604
63.47	-5.835008867071641
63.480000000000004	-8.445773092044888
63.49	-18.534293079457868
63.5	-21.229751669520482
63.51	-25.311427592076388
63.52	-25.199567253688347
63.53	-20.81679365398006
63.54	-19.29089411753442
63.550000000000004	-17.52295165892516
63.56	-22.070483361339537
63.57	-17.605970031965498
63.58	-14.743326616169547
63.59	-21.073171747736936
63.6	-18.88024794412696
63.61	-15.036885972452772
63.620000000000005	-11.73851856869799
63.63	-10.886999230166579
63.64	-9.446827444760963
63.65	-7.6294670045315
63.660000000000004	-11.001416934217902
63.67	-10.909021614155337
63.68	-13.66191221184041
63.690000000000005	-20.052319028409226
63.7	-20.302759628330723
63.71	-20.314229625502914
63.72	-16.85711288772529
63.730000000000004	-13.116417074613377
63.74	-14.06503491417368
63.75	-28.71366132709487
63.76	-27.134698030999676
63.77	-24.058463158732
63.78	-24.54180600505281
63.79	-24.424311465839917
63.800000000000004	-30.16401476459412
63.81	-27.852175708632046
63.82	-22.701434625800573
63.83	-18.563456411790114
63.84	-16.40409177733858
63.85	-15.786652211054374
63.86	-16.672189014907314
63.870000000000005	-20.64311073261725
63.88	-24.51326407760627
63.89	-21.118378781226927
63.9	-21.248677063994073
63.910000000000004	-26.215773917028734
63.92	-27.68062762970024
63.93	-31.962357120255454
63.940000000000005	-30.30850039461077
63.95	-27.296582208029932
63.96	-22.37091763860531
63.97	-19.54866372779052
63.980000000000004	-18.002325604419795
63.99	-18.85476894599524
64.0	-17.663191783327786
64.01	-19.979352245295626
64.02	-18.155208927439617
64.03	-30.84750426249203
64.04	-29.78058083162305
64.05	-28.924570832885124
64.06	-24.76214528060715
64.07000000000001	-24.703715008232646
64.08	-24.105008493867004
64.09	-22.138210149172536
64.1	-20.841817237489565
64.11	-23.341158146626828
64.12	-29.839427442010397
64.13	-29.239510061306245
64.14	-26.25695951511178
64.15	-29.37242134634579
64.16	-29.029418852269895
64.17	-24.11654936633869
64.18	-25.140264162508497
64.19	-23.987297481524998
64.2	-21.285540168485127
64.21000000000001	-18.74632729883531
64.22	-19.587982874036868
64.23	-16.093677231100877
64.24	-13.542306522186799
64.25	-12.48533089304221
64.26	-14.89552894446192
64.27	-13.142442932308283
64.28	-18.769170950022886
64.29	-15.32446436720612
64.3	-19.610091658217023
64.31	-17.124497494551594
64.32000000000001	-28.873715829562066
64.33	-26.0770481912902
64.34	-26.846940841812387
64.35	-21.156047731040076
64.36	-18.318660346973985
64.37	-22.164987216993342
64.38	-26.575410911553533
64.39	-34.13955794676972
64.4	-31.918936723253164
64.41	-25.396024455612988
64.42	-21.266535162516206
64.43	-18.099478626331813
64.44	-16.913570158986257
64.45	-19.833537724636617
64.46000000000001	-23.286814783583484
64.47	-23.383294610655653
64.48	-19.35362042594071
64.49	-20.48915292438585
64.5	-18.067734084687924
64.51	-19.107210749534335
64.52	-17.28465323301815
64.53	-33.09718459773249
64.54	-25.782695133340077
64.55	-23.330483400188985
64.56	-18.718714373946174
64.57000000000001	-16.327957024012
64.58	-24.100902991969548
64.59	-20.8489811370616
64.6	-17.735806532221957
64.61	-16.177758323311792
64.62	-17.85333937074527
64.63	-17.068800095552106
64.64	-20.835945338738618
64.65	-17.96361022695164
64.66	-18.465099499725277
64.67	-19.399411224686368
64.68	-20.164620215282255
64.69	-15.951769816796823
64.7	-13.818234663131227
64.71000000000001	-14.683685356130217
64.72	-24.446160532761887
64.73	-21.706891444694328
64.74	-24.096245877738305
64.75	-20.565865765925448
64.76	-20.177336748050816
64.77	-23.36013054078426
64.78	-25.078824276190005
64.79	-20.2169925622858
64.8	-19.254854725388743
64.81	-15.613707786970394
64.82000000000001	-17.706767023873187
64.83	-20.181789624265974
64.84	-21.285091866935264
64.85	-18.315286164182996
64.86	-21.016892887379058
64.87	-19.891745433507992
64.88	-25.363433055679486
64.89	-22.180870025915493
64.9	-19.195473600212747
64.91	-33.120156978839326
64.92	-28.200963661082614
64.93	-27.92403437076331
64.94	-25.881132962953767
64.95	-20.971706773366346
64.96000000000001	-18.818973710350818
64.97	-17.917609296134795
64.98	-14.090579219941782
64.99	-12.535386402187054
65.0	-21.590149159929954
65.01	-27.478641812610444
65.02	-24.901946239147904
65.03	-26.74571783345229
65.04	-22.864287464954565
65.05	-20.6823960043452
65.06	-19.61404156165541
65.07000000000001	-23.045339157008502
65.08	-20.787004847819535
65.09	-17.977325243035175
65.1	-15.46150386548397
65.11	-18.56834021833044
65.12	-20.713839600238284
65.13	-19.954328981913818
65.14	-18.87501735482695
65.15	-18.405926588669896
65.16	-32.29716812341583
65.17	-35.146091984911735
65.18	-29.02673809500468
65.19	-24.95170558125732
65.2	-24.998791390342408
65.21000000000001	-23.267738253213682
65.22	-23.249487811759366
65.23	-18.69898986452344
65.24	-16.868271973965324
65.25	-13.743557476955873
65.26	-16.429422310962586
65.27	-16.235947089732466
65.28	-19.400032973181506
65.29	-20.134971255102023
65.3	-26.043228126376675
65.31	-33.03813833099884
65.32000000000001	-32.028163576560544
65.33	-29.536228364519168
65.34	-30.72561102902695
65.35	-28.31774389393562
65.36	-30.51466570544104
65.37	-28.161664463631027
65.38	-31.401123769995454
65.39	-30.963109560774367
65.4	-32.32432562308466
65.41	-32.14119274472802
65.42	-27.53906958249745
65.43	-23.426937394251535
65.44	-19.605156655877856
65.45	-19.373992670966615
65.46000000000001	-17.445147759206783
65.47	-17.581234111540535
65.48	-13.602909528093026
65.49	-12.739613798142948
65.5	-16.142644337852587
65.51	-15.834364823847517
65.52	-13.856769466747656
65.53	-11.970675804023768
65.54	-20.84985334810449
65.55	-24.616628303669735
65.56	-26.346932025130815
65.57000000000001	-21.629557723596854
65.58	-19.533768988821013
65.59	-22.94194215003894
65.6	-23.64128901827652
65.61	-24.17123048139132
65.62	-21.113061064712223
65.63	-27.51071175906595
65.64	-27.937491437664796
65.65	-34.145826238209615
65.66	-31.370608893693976
65.67	-31.452286986706802
65.68	-27.207498093842975
65.69	-24.509619192395125
65.7	-23.478149190321528
65.71000000000001	-24.590970930516608
65.72	-21.985304703705225
65.73	-17.928174899808514
65.74	-21.23368241449372
65.75	-19.875603171168265
65.76	-21.1035762836534
65.77	-20.68345860323346
65.78	-17.689804929461214
65.79	-19.58385420519571
65.8	-17.269680313012657
65.81	-16.08438147770483
65.82000000000001	-13.535055433904866
65.83	-12.091341471095852
65.84	-15.52778366430149
65.85	-15.635902416158856
65.86	-14.530095841178927
65.87	-13.779175626673279
65.88	-16.548096623127595
65.89	-16.39283576182675
65.9	-16.128298547293376
65.91	-15.381399165677864
65.92	-19.43242969934094
65.93	-24.422651187188585
65.94	-25.372508827959344
65.95	-22.132948576073083
65.96000000000001	-21.131199975092784
65.97	-23.118392382516284
65.98	-24.04372343277977
65.99	-25.594177205964947
66.0	-32.34198525713296
66.01	-31.91221605346617
66.02	-29.420080926066312
66.03	-26.864429210118704
66.04	-23.54844186890516
66.05	-20.590529783581225
66.06	-19.777061470201893
66.07000000000001	-18.850783246923903
66.08	-16.393634982283377
66.09	-16.50892881255981
66.1	-26.177464163624308
66.11	-24.644482681833978
66.12	-23.198198254573185
66.13	-22.982085101676805
66.14	-29.484209988315676
66.15	-36.28577044988068
66.16	-35.184635378240436
66.17	-31.82155417026113
66.18	-27.80560715089305
66.19	-26.145935252951404
66.2	-29.565497769660805
66.21000000000001	-26.077579289218765
66.22	-24.14086280955945
66.23	-21.174339314802086
66.24	-22.569401715888887
66.25	-29.155912751868648
66.26	-23.781890327802884
66.27	-22.974563370607914
66.28	-21.380543573066635
66.29	-23.11166115352882
66.3	-22.1659357012861
66.31	-22.33345456620256
66.32000000000001	-25.42376398707813
66.33	-21.6155080682738
66.34	-20.385998649484637
66.35	-16.62745192993801
66.36	-12.868905210386044
66.37	-9.65214205869116
66.38	-7.214087754381975
66.39	-4.776033450069325
66.4	-3.030240561375929
66.41	-11.091600655810286
66.42	-22.840491915509336
66.43	-24.551980185510256
66.44	-20.258906460973844
66.45	-16.035803626313605
66.46000000000001	-13.90477338361504
66.47	-22.405825672897663
66.48	-22.633882512211866
66.49	-17.608937921892036
66.5	-15.539267277448964
66.51	-18.16836933494351
66.52	-25.223563972167312
66.53	-24.898772707167048
66.54	-26.743753933830394
66.55	-28.36290069902555
66.56	-23.456274201704954
66.57000000000001	-18.633375085838455
66.58	-17.483301635888782
66.59	-16.185947314533877
66.6	-15.751637862498452
66.61	-16.31582254178207
66.62	-14.433687485544123
66.63	-11.948383257685634
66.64	-12.385029496394832
66.65	-18.093917076786504
66.66	-25.270931845083183
66.67	-24.910815413589464
66.68	-19.135714097804236
66.69	-15.746942340969893
66.7	-14.957946937632059
66.71000000000001	-12.731323663645238
66.72	-12.45860450153871
66.73	-13.577918005085008
66.74	-16.99857490855051
66.75	-18.416013817130647
66.76	-16.79302423936191
66.77	-17.004415792689613
66.78	-18.34659682118484
66.79	-22.842675232729498
66.8	-30.179715087948445
66.81	-30.86021180667217
66.82000000000001	-28.590009245092528
66.83	-27.085460734748796
66.84	-26.651097799940437
66.85	-25.859748452259378
66.86	-22.506662752809675
66.87	-18.29812498712671
66.88	-16.245032221418967
66.89	-17.17985889714051
66.9	-13.623056706001632
66.91	-11.238151968657386
66.92	-10.9097919854095
66.93	-15.8134559096357
66.94	-20.43461597527322
66.95	-27.346177830659812
66.96000000000001	-22.718639473749317
66.97	-20.48308129722826
66.98	-21.796135706013036
66.99	-21.716912596389736
67.0	-18.022823502728798
67.01	-14.930847197242326
67.02	-13.203639874500032
67.03	-22.349288817936692
67.04	-31.80253679302935
67.05	-26.753762434253552
67.06	-27.463613186201552
67.07000000000001	-23.271340070954995
67.08	-28.09600610244809
67.09	-31.211168697211455
67.1	-24.28797946731565
67.11	-20.85658662670089
67.12	-23.980396441360853
67.13	-22.23377010473735
67.14	-20.668939661517935
67.15	-24.247061311813905
67.16	-20.143116174000834
67.17	-19.503206987094643
67.18	-16.849980799882882
67.19	-18.626150725594897
67.2	-23.299967872600813
67.21000000000001	-18.894989079612582
67.22	-20.983268931911592
67.23	-20.944458661601658
67.24	-17.320350620967336
67.25	-16.12914069072494
67.26	-17.0738112269568
67.27	-21.050072676055244
67.28	-24.165041506051637
67.29	-24.126267082418295
67.3	-19.36011774831403
67.31	-18.817834340176656
67.32000000000001	-22.07517857240692
67.33	-19.27112939038122
67.34	-18.299385624486852
67.35	-18.75085433824874
67.36	-15.296891478976313
67.37	-12.631549203263571
67.38	-14.032572381208041
67.39	-19.214852933666464
67.4	-19.105958367536996
67.41	-18.900048376799333
67.42	-16.012618304035644
67.43	-17.876639180310924
67.44	-27.374212019409295
67.45	-27.283262242554212
67.46000000000001	-27.39840049292708
67.47	-21.969802447116557
67.48	-28.04482986531479
67.49	-25.3850453497694
67.5	-25.58003330217236
67.51	-24.1222930852041
67.52	-18.75999802594014
67.53	-16.924953866384914
67.54	-24.236400144071336
67.55	-20.978504095867443
67.56	-18.708330153658576
67.57000000000001	-19.02623123652529
67.58	-21.833542043187897
67.59	-31.376202729669206
67.6	-26.80255490059244
67.61	-23.103939965463823
67.62	-22.609512608940936
67.63	-18.33632831103781
67.64	-21.919447230624137
67.65	-21.482564038676575
67.66	-22.514329743898696
67.67	-18.356568823862993
67.68	-16.721724154069985
67.69	-17.891179967256836
67.7	-25.712819565504507
67.71000000000001	-20.17437141576507
67.72	-18.47804322716019
67.73	-16.52169647516964
67.74	-18.072473448993918
67.75	-19.818753423447582
67.76	-22.684751294038303
67.77	-21.838336927418432
67.78	-20.669585693976394
67.79	-21.821886438139952
67.8	-17.120678742922802
67.81	-14.409014792253275
67.82000000000001	-13.24097824227329
67.83	-11.730670685598422
67.84	-12.828769647764739
67.85	-10.253541818905413
67.86	-12.860125003226424
67.87	-13.536030693698986
67.88	-15.53816415796928
67.89	-17.041186208761022
67.9	-17.425751324685706
67.91	-21.24017332612626
67.92	-27.938063638646504
67.93	-32.08007391167788
67.94	-40.5451950128894
67.95	-39.769186400281676
67.96000000000001	-31.450622943655805
67.97	-27.674548064211237
67.98	-34.477309055669885
67.99	-33.775723399331234
68.0	-30.42504186386581
68.01	-25.751774563615886
68.02	-22.650982087885577
68.03	-21.87481987294252
68.04	-20.234757675409742
68.05	-29.152325097480627
68.06	-25.43682136086111
68.07000000000001	-22.631620958647172
68.08	-21.93548151657448
68.09	-21.599543614190598
68.1	-19.82745081709244
68.11	-17.683523490987138
68.12	-16.531278940302066
68.13	-22.96184467231433
68.14	-20.17316983652055
68.15	-17.713985125355574
68.16	-18.074085864278143
68.17	-25.07374554644973
68.18	-21.11523821833947
68.19	-23.200446377683456
68.2	-20.266233593468474
68.21000000000001	-25.26759219251097
68.22	-20.62068801341804
68.23	-20.31552039775438
68.24	-18.70394940684415
68.25	-20.984680320171112
68.26	-21.643544669360374
68.27	-20.7395502118676
68.28	-19.604265773042258
68.29	-18.838975847902642
68.3	-17.675676223835683
68.31	-22.386127478092767
68.32000000000001	-28.794949100803816
68.33	-29.518961276570113
68.34	-26.055982310471997
68.35000000000001	-23.73200042630581
68.36	-31.88024683561549
68.37	-27.911462000322285
68.38	-33.524620504717106
68.39	-34.8741420164788
68.4	-27.77127629838489
68.41	-21.74272851257003
68.42	-18.237631980060762
68.43	-23.371220404296025
68.44	-26.78491213520804
68.45	-31.07899932207737
68.46000000000001	-31.011329673536462
68.47	-38.24643824351542
68.48	-35.60239801491443
68.49	-38.03896562608597
68.5	-34.55415417448907
68.51	-32.480627670101406
68.52	-31.780704222175967
68.53	-27.63739858652772
68.54	-22.92510052443026
68.55	-27.611385195470795
68.56	-27.360535043798777
68.57000000000001	-27.35047097813181
68.58	-23.912787198851547
68.59	-26.211782304131532
68.60000000000001	-28.60173119915362
68.61	-24.244380833164843
68.62	-22.364942384554027
68.63	-21.441687511752907
68.64	-22.746891268084976
68.65	-19.387989249914472
68.66	-15.454906884509073
68.67	-12.539530572984992
68.68	-12.418887667821528
68.69	-23.400016460460442
68.7	-22.68532021829329
68.71000000000001	-22.14104426254984
68.72	-23.36632816620961
68.73	-21.06392050921191
68.74	-21.514859332830778
68.75	-19.716029256093837
68.76	-19.95483046174991
68.77	-20.99711840935744
68.78	-24.16954637707839
68.79	-20.56016031079407
68.8	-21.07238669051902
68.81	-18.64659355491714
68.82000000000001	-16.68976711412579
68.83	-15.490714618106104
68.84	-16.26352458010322
68.85000000000001	-14.124015980922946
68.86	-10.70234248900012
68.87	-9.873372142929394
68.88	-10.139224288495551
68.89	-9.848523908218999
68.9	-13.812627900163758
68.91	-19.18196014827335
68.92	-18.086897619897186
68.93	-22.115804089624557
68.94	-35.78715146960655
68.95	-29.955389042813373
68.96000000000001	-23.75656793777387
68.97	-19.669059458523243
68.98	-18.05370098420919
68.99	-20.877730363334518
69.0	-20.147343995904034
69.01	-17.324455129223722
69.02	-21.41367943156038
69.03	-18.44664254639493
69.04	-18.112061800959363
69.05	-19.753473058603237
69.06	-20.510554921729018
69.07000000000001	-16.77858944641337
69.08	-15.119220164641517
69.09	-18.88659812795414
69.10000000000001	-19.97663648648151
69.11	-18.353927624840168
69.12	-21.63489625812203
69.13	-18.52342473218874
69.14	-21.036576052981264
69.15	-20.765746884151273
69.16	-18.725793483461022
69.17	-18.864622180433532
69.18	-18.181640265030993
69.19	-15.393151969611194
69.2	-17.25335097007963
69.21000000000001	-21.425282461601455
69.22	-16.87449247299187
69.23	-14.26593535325973
69.24	-14.263957553746353
69.25	-20.391432542630113
69.26	-20.86482162727883
69.27	-30.967335051843612
69.28	-32.43577650042362
69.29	-30.65176287899523
69.3	-33.766298473351156
69.31	-38.50559716815701
69.32000000000001	-31.11884766523573
69.33	-28.408841164356296
69.34	-25.818008848905517
69.35000000000001	-27.36396107403375
69.36	-24.116992024122418
69.37	-20.68778987020731
69.38	-20.936507857864452
69.39	-27.296324486981415
69.4	-23.018909352997003
69.41	-22.954538541884887
69.42	-21.051526074487317
69.43	-19.78431751670152
69.44	-18.79894820453862
69.45	-18.657914989345045
69.46000000000001	-21.64292081332272
69.47	-28.425189732571276
69.48	-25.26135891290785
69.49	-28.28247795029506
69.5	-26.462329670687375
69.51	-22.504929173707126
69.52	-19.71986199617487
69.53	-20.251411135717394
69.54	-15.868012825516374
69.55	-16.54507166798611
69.56	-27.190612918664456
69.57000000000001	-26.59775022081765
69.58	-20.79376266953735
69.59	-19.108632244685694
69.60000000000001	-16.106593174310404
69.61	-18.7821158802821
69.62	-34.078696270005764
69.63	-40.638110005693974
69.64	-32.663290377664644
69.65	-25.80261380427278
69.66	-20.864897167984974
69.67	-17.25359328702804
69.68	-14.529141962416876
69.69	-15.071204004812571
69.7	-16.464351385658475
69.71000000000001	-15.357918895935592
69.72	-18.27691354059057
69.73	-17.73079457633541
69.74	-16.923716915160387
69.75	-16.402435299735963
69.76	-20.86413513238144
69.77	-22.534879573721028
69.78	-21.95254007781341
69.79	-19.277646161481876
69.8	-22.337872515176404
69.81	-29.100801881220367
69.82000000000001	-28.108043950882085
69.83	-27.53928705164747
69.84	-25.417093674167376
69.85000000000001	-21.61251075851937
69.86	-20.858818010090793
69.87	-19.89861428451366
69.88	-20.23123708690812
69.89	-21.83594569948383
69.9	-24.842321636452418
69.91	-36.70936851303286
69.92	-32.98439188317439
69.93	-26.693086872248855
69.94	-29.398764382195154
69.95	-27.008410242751822
69.96000000000001	-22.769255568132714
69.97	-25.184605660006703
69.98	-23.06683740264029
69.99	-20.416815606729724
70.0	-17.380636309023078
70.01	-15.852321129490482
70.02	-14.305008906140074
70.03	-12.959804006596094
70.04	-13.958752744552719
70.05	-12.185540628565663
70.06	-10.753736141933041
70.07000000000001	-13.44711147552875
70.08	-15.890365403401322
70.09	-12.688063387620783
70.10000000000001	-10.725709838017302
70.11	-21.183113515787227
70.12	-16.45897186300135
70.13	-15.666918526102359
70.14	-14.149887141428346
70.15	-11.740154624276382
70.16	-11.344551266763798
70.17	-12.304593215703886
70.18	-18.307076189640778
70.19	-35.149977266081436
70.2	-30.61965920983172
70.21000000000001	-28.035265423472683
70.22	-25.84965273007644
70.23	-26.2874761727663
70.24	-29.434204671523673
70.25	-28.74761636727338
70.26	-26.69351610415534
70.27	-25.41822954383636
70.28	-24.10845421476002
70.29	-22.571286586146275
70.3	-18.92905062649241
70.31	-17.825284225962672
70.32000000000001	-23.13057892996236
70.33	-23.003693706409837
70.34	-32.89279188390136
70.35000000000001	-32.94542045575667
70.36	-29.589025105143087
70.37	-28.55061144412762
70.38	-27.40638924510956
70.39	-30.802365337868423
70.4	-28.10764604347542
70.41	-28.17576846931431
70.42	-23.37556130261111
70.43	-19.88197625467217
70.44	-17.890714991102467
70.45	-25.824810244038915
70.46000000000001	-21.151140081996207
70.47	-21.439797215898448
70.48	-17.729191422039793
70.49	-15.06816384573795
70.5	-14.890717250323505
70.51	-14.890970359951512
70.52	-11.668356867607114
70.53	-10.556853779997445
70.54	-13.170814937755624
70.55	-12.227830085030064
70.56	-10.008031817813375
70.57000000000001	-9.604278204468772
70.58	-15.406973603334398
70.59	-26.135067748661676
70.60000000000001	-24.97081914785321
70.61	-22.769731629785863
70.62	-23.145236603829783
70.63	-33.36222602748587
70.64	-31.439032431546625
70.65	-32.8850899018424
70.66	-32.40229510294326
70.67	-31.113277622883828
70.68	-29.038072063962925
70.69	-30.909664709818834
70.7	-30.45024818082907
70.71000000000001	-24.908319315734307
70.72	-26.98518236950886
70.73	-37.42617144476363
70.74	-35.512037731628276
70.75	-35.52451231457452
70.76	-35.18290277497633
70.77	-44.206757190925195
70.78	-38.369800658812174
70.79	-34.629854782203076
70.8	-32.83196937371143
70.81	-33.17500865295148
70.82000000000001	-27.441005492443125
70.83	-31.67342129418739
70.84	-25.905486458797036
70.85000000000001	-23.932263417101378
70.86	-21.880306678544954
70.87	-18.014371044078665
70.88	-14.174956058659955
70.89	-14.625297520397659
70.9	-19.67217146679156
70.91	-23.099721652601637
70.92	-22.736914110563713
70.93	-20.07886530262012
70.94	-24.683808731796933
70.95	-19.920425516196307
70.96000000000001	-22.01115490446406
70.97	-21.977119877652505
70.98	-18.047941312940225
70.99	-14.890480787934608
71.0	-14.598761483158025
71.01	-13.048994201954304
71.02	-11.641020781792514
71.03	-17.448842525548528
71.04	-19.638743273944716
71.05	-25.84446633238377
71.06	-21.44069718075709
71.07000000000001	-25.082444678671845
71.08	-22.731566660205182
71.09	-23.206392434256287
71.10000000000001	-19.29677335870691
71.11	-15.15823627600644
71.12	-16.021539886510503
71.13	-24.75058408140679
71.14	-19.411330833176795
71.15	-15.847482324564046
71.16	-12.993483116090024
71.17	-17.50918823188322
71.18	-14.873716874032267
71.19	-13.662023870983438
71.2	-16.389035251593878
71.21000000000001	-19.66256219820524
71.22	-18.928593522046565
71.23	-23.6339699199324
71.24	-30.640967177791744
71.25	-26.12964824503103
71.26	-24.397514272354474
71.27	-27.656493421190145
71.28	-25.866758596842
71.29	-27.863041261028833
71.3	-29.7033189772236
71.31	-24.886197635802915
71.32000000000001	-24.67174582222722
71.33	-26.361285498973224
71.34	-25.161511631350805
71.35000000000001	-19.72292011367553
71.36	-16.338192882537527
71.37	-24.272564530427612
71.38	-32.08082283464331
71.39	-26.03272625971199
71.4	-22.27860865892205
71.41	-26.039929621274876
71.42	-30.40309923533667
71.43	-26.65150392079821
71.44	-22.904737064458075
71.45	-22.111214674873796
71.46000000000001	-23.34462579653188
71.47	-27.428600085798497
71.48	-37.744122269981304
71.49	-44.99968075343898
71.5	-38.31429947854485
71.51	-30.760364772545113
71.52	-35.85714672726228
71.53	-33.016774819845715
71.54	-34.256727271724955
71.55	-27.068274514295545
71.56	-24.838272557086572
71.57000000000001	-25.65675053594522
71.58	-24.972144659288055
71.59	-26.78025096903586
71.60000000000001	-25.71170634557534
71.61	-24.64672960084515
71.62	-20.770836515825945
71.63	-18.834227331247927
71.64	-27.69116151762156
71.65	-23.475372067323644
71.66	-21.35496379206829
71.67	-19.81013497251649
71.68	-25.99715088121567
71.69	-29.24642479657481
71.7	-25.941367180235574
71.71000000000001	-25.454866312403436
71.72	-27.586396907400545
71.73	-27.51344156925243
71.74	-26.34101476447175
71.75	-23.99042443955487
71.76	-18.44793857216
71.77	-16.207056429054912
71.78	-23.088888085237063
71.79	-23.305421975006556
71.8	-18.480348970646826
71.81	-15.10961691184094
71.82000000000001	-15.357974968637537
71.83	-15.469908376345575
71.84	-23.50389740466814
71.85000000000001	-25.488175209631557
71.86	-23.43187146005882
71.87	-28.25027120474576
71.88	-31.927404773593576
71.89	-31.417830387480173
71.9	-26.932102617088233
71.91	-26.03391651098753
71.92	-32.561220528335475
71.93	-27.404456341932594
71.94	-23.972694431788742
71.95	-19.448939622748874
71.96000000000001	-26.977206495886154
71.97	-23.069508161187763
71.98	-18.399218122131717
71.99	-16.386423275624402
72.0	-13.08345240549239
72.01	-15.709987256618357
72.02	-16.828104645784038
72.03	-16.77154725916962
72.04	-13.423792629783089
72.05	-15.513577674092096
72.06	-14.73103207463744
72.07000000000001	-25.089851171073157
72.08	-21.355211182885785
72.09	-18.958349767091715
72.10000000000001	-16.26752363537713
72.11	-17.661825742319483
72.12	-18.41911240497031
72.13	-20.902089695140127
72.14	-20.937883862031732
72.15	-19.496279569965893
72.16	-17.011415247086006
72.17	-18.81831165531167
72.18	-17.55561088701969
72.19	-21.159888491465896
72.2	-19.585925171693898
72.21000000000001	-25.51859077712739
72.22	-24.15976894086868
72.23	-25.176220516384035
72.24	-23.775990305896773
72.25	-22.23203170666469
72.26	-21.40864643041879
72.27	-34.001421774583065
72.28	-27.808056550674358
72.29	-28.563452359562458
72.3	-30.30477860148211
72.31	-24.328654627739
72.32000000000001	-22.57584121996729
72.33	-26.81315851221446
72.34	-24.319487401825448
72.35000000000001	-24.26964693147011
72.36	-21.26122890417979
72.37	-21.118736142380836
72.38	-17.3849235082577
72.39	-22.56917580849023
72.4	-21.54982985475985
72.41	-28.172347931467048
72.42	-24.413181623702325
72.43	-21.54239581961664
72.44	-18.37249353453021
72.45	-17.26569243916196
72.46000000000001	-21.40648206020835
72.47	-19.928949660761866
72.48	-16.885302162274222
72.49	-17.713778693628754
72.5	-19.024716173490262
72.51	-15.640483277249364
72.52	-19.967299891097024
72.53	-20.78080566829961
72.54	-28.189713229030115
72.55	-25.371067972274005
72.56	-20.40208732415156
72.57000000000001	-18.40615557092923
72.58	-19.520536900729795
72.59	-17.936381773356704
72.60000000000001	-15.357808304280244
72.61	-14.444971680670278
72.62	-21.59554532516979
72.63	-30.499727808364682
72.64	-28.177888665001422
72.65	-30.629830235818503
72.66	-27.452350764226555
72.67	-32.125960293450326
72.68	-29.883810966225372
72.69	-37.389524134545056
72.7	-33.348189332460855
72.71000000000001	-25.87742790332233
72.72	-22.246768591841036
72.73	-19.93228573926112
72.74	-18.84155733514133
72.75	-15.136296053783562
72.76	-29.48796528689833
72.77	-27.27221023961153
72.78	-23.465307586379836
72.79	-23.12429954992709
72.8	-20.116215587871636
72.81	-24.851408316945534
72.82000000000001	-23.91041613447478
72.83	-25.828784583513738
72.84	-20.767937384196824
72.85000000000001	-20.54578249070178
72.86	-18.914962818189217
72.87	-22.68868517514634
72.88	-21.597328393076175
72.89	-21.40872722156019
72.9	-27.330068950537946
72.91	-25.146811156857215
72.92	-22.97185054690574
72.93	-21.74791447714531
72.94	-27.12228888244059
72.95	-30.20848517186087
72.96000000000001	-27.299237671696975
72.97	-26.23699591130227
72.98	-32.563318788645326
72.99	-30.82858500449205
73.0	-25.04127028940445
73.01	-20.040363193974553
73.02	-18.2784691515802
73.03	-18.26298126888125
73.04	-15.46988025987492
73.05	-16.456036903943765
73.06	-12.878845040705633
73.07000000000001	-9.947046754877746
73.08	-7.656529054165339
73.09	-4.979064909774186
73.10000000000001	-5.916248508273025
73.11	-4.818301531999627
73.12	-6.7485403265534964
73.13	-6.311533353721497
73.14	-11.53061055945945
73.15	-15.781793799766966
73.16	-17.03972037475781
73.17	-24.8604422239955
73.18	-21.32851560818769
73.19	-29.583285927662107
73.2	-24.96748564787223
73.21000000000001	-24.470526414783016
73.22	-26.003687231943196
73.23	-32.14724956634829
73.24	-30.093141505352918
73.25	-27.59606653180152
73.26	-27.917421028446373
73.27	-26.098282048108388
73.28	-22.178862960395875
73.29	-20.225897341714237
73.3	-22.49253552012539
73.31	-18.75044182052961
73.32000000000001	-16.007601922551636
73.33	-15.119832974629357
73.34	-23.63142649773354
73.35000000000001	-18.8812048650893
73.36	-20.534147832212817
73.37	-17.50899021461905
73.38	-15.471256810711065
73.39	-12.041644075406325
73.4	-11.699319561041992
73.41	-12.391687671573875
73.42	-11.857947693350674
73.43	-12.829494620258295
73.44	-14.867255798613245
73.45	-12.4883299291397
73.46000000000001	-11.636740000424599
73.47	-12.483618950489307
73.48	-17.16481129731543
73.49	-18.131984024649853
73.5	-23.346412599479567
73.51	-25.049718327418244
73.52	-20.573618948910603
73.53	-17.625117077083985
73.54	-16.134622401376195
73.55	-14.333411799060967
73.56	-13.411096631762568
73.57000000000001	-15.41095789647996
73.58	-18.774025146284462
73.59	-17.751715079092463
73.60000000000001	-16.800721918803436
73.61	-17.886634600043376
73.62	-21.9755341206752
73.63	-21.927487250567715
73.64	-24.364285497236832
73.65	-20.042368952380556
73.66	-27.58793833874645
73.67	-26.25302044347963
73.68	-20.46496135128387
73.69	-18.629603081339372
73.7	-33.80324426750647
73.71000000000001	-34.839036327147305
73.72	-28.01329900369297
73.73	-32.51722279509132
73.74	-29.184686361857164
73.75	-30.192663281778444
73.76	-28.972545719796848
73.77	-31.646031750326912
73.78	-28.63852565292896
73.79	-28.2946474793736
73.8	-28.271385424045388
73.81	-26.782379704890023
73.82000000000001	-30.772884047229066
73.83	-26.91198834084385
73.84	-28.916005950464413
73.85000000000001	-28.28980552471422
73.86	-28.98807751740074
73.87	-23.18791042137745
73.88	-18.28380216638226
73.89	-21.678997369390576
73.9	-19.804956136619015
73.91	-17.339702875423672
73.92	-16.773832021943278
73.93	-14.80901476171107
73.94	-12.33518260404166
73.95	-14.964978464779522
73.96000000000001	-18.709926396257703
73.97	-19.249008231566613
73.98	-20.795638787993443
73.99	-21.011559762511887
74.0	-19.42441724920418
74.01	-22.78646998083543
74.02	-27.05549165216051
74.03	-21.39473217356449
74.04	-18.540850059829967
74.05	-18.912799601297117
74.06	-16.886393764854706
74.07000000000001	-18.297504502837185
74.08	-20.21577890960607
74.09	-20.787539926953905
74.10000000000001	-16.825920453385383
74.11	-17.283617094386436
74.12	-18.277242900388234
74.13	-25.448888651794814
74.14	-25.959617447463646
74.15	-28.90459554514137
74.16	-31.229722748803564
74.17	-31.326206756067823
74.18	-29.910282342926145
74.19	-23.547303755438836
74.2	-19.874426126945615
74.21000000000001	-24.24853644528449
74.22	-27.157422222986792
74.23	-28.588303389862098
74.24	-30.90826699419002
74.25	-28.274405555202126
74.26	-28.954551904435665
74.27	-25.01326080051141
74.28	-24.40746689972205
74.29	-20.392572971575166
74.3	-16.902559740514306
74.31	-19.543172941940693
74.32000000000001	-18.683594722183653
74.33	-19.782189495905346
74.34	-25.46767846738485
74.35000000000001	-24.860011610532847
74.36	-25.424411439053827
74.37	-21.76500901556324
74.38	-35.405427746778805
74.39	-31.6849613083769
74.4	-30.983723404149725
74.41	-31.808302682497736
74.42	-26.128687540735374
74.43	-27.460187386872228
74.44	-26.82850044852428
74.45	-25.95109163562481
74.46000000000001	-25.983582741410892
74.47	-20.18309426888318
74.48	-18.13332712783713
74.49	-14.691688191050588
74.5	-18.238717260400087
74.51	-15.643839633005616
74.52	-17.44149284776132
74.53	-14.9468686536809
74.54	-15.165089684881899
74.55	-15.983115206668515
74.56	-16.910653182215803
74.57000000000001	-15.2572305745618
74.58	-14.226886841882996
74.59	-12.684598595260875
74.60000000000001	-11.124589236975728
74.61	-9.896538627453934
74.62	-9.507818734514961
74.63	-10.353594894951911
74.64	-16.900872367486425
74.65	-15.37690643264107
74.66	-13.871453903326397
74.67	-15.28490086650412
74.68	-19.912069650814903
74.69	-21.475564008937717
74.7	-27.338490805473818
74.71000000000001	-29.19651007959838
74.72	-30.81304091495015
74.73	-24.790716205844216
74.74	-20.929195783225445
74.75	-19.035856890168766
74.76	-15.007988043383664
74.77	-13.72354925433408
74.78	-15.3614755615159
74.79	-19.03685123576251
74.8	-19.857483525664726
74.81	-18.941030996281533
74.82000000000001	-18.380073546796602
74.83	-22.64586668476566
74.84	-27.438710513693735
74.85000000000001	-27.498455443333746
74.86	-26.63760035449173
74.87	-26.40175236527192
74.88	-25.45136565325502
74.89	-28.76169839471916
74.9	-27.50174868261512
74.91	-23.480499751118327
74.92	-27.389618920931998
74.93	-24.350442425738684
74.94	-22.003895977349433
74.95	-25.654361449461366
74.96000000000001	-27.129428370541543
74.97	-25.94135876578063
74.98	-22.151785419538296
74.99	-21.75611342881228
75.0	-26.64547763408399
75.01	-25.48476637794383
75.02	-24.372586718217125
75.03	-22.518634736926273
75.04	-22.994655324282583
75.05	-20.546411904919104
75.06	-17.122638901028154
75.07000000000001	-23.055073424251407
75.08	-21.673277079604176
75.09	-22.243641504835587
75.10000000000001	-21.726371941259412
75.11	-25.40764565340409
75.12	-25.461162039773622
75.13	-29.152539988487767
75.14	-26.16657008438618
75.15	-21.24773725057298
75.16	-18.613735844588632
75.17	-17.369771664939023
75.18	-14.059679080549548
75.19	-16.076083912927093
75.2	-21.92953924878567
75.21000000000001	-22.831357048562435
75.22	-24.570814295744146
75.23	-32.5998223610322
75.24	-33.00307248763976
75.25	-28.784466817478815
75.26	-24.866806669707618
75.27	-30.894768667319063
75.28	-30.15567370749006
75.29	-35.6818743616073
75.3	-37.08162941838546
75.31	-34.814036933567124
75.32000000000001	-33.60886280308313
75.33	-29.127644514412502
75.34	-32.75792318757172
75.35000000000001	-40.69186352411157
75.36	-40.513740790461455
75.37	-34.18481791526451
75.38	-27.20698287816986
75.39	-23.87745694633604
75.4	-27.072987739242794
75.41	-24.70145514248815
75.42	-27.34542335573315
75.43	-25.199029689098932
75.44	-22.684020191428143
75.45	-27.788800914833658
75.46000000000001	-27.314746814929705
75.47	-26.38486709848963
75.48	-26.63310397212935
75.49	-21.909564965413114
75.5	-22.507295646710755
75.51	-29.231942267933903
75.52	-37.27435414121808
75.53	-32.56383940321043
75.54	-29.094907948041886
75.55	-31.86251732094305
75.56	-26.311053758187217
75.57000000000001	-25.50349295397724
75.58	-21.415694957082305
75.59	-17.944595520694318
75.60000000000001	-14.479119541312498
75.61	-11.532252369438751
75.62	-9.149418162631207
75.63	-10.98780071122507
75.64	-16.402674188382818
75.65	-19.843106900920095
75.66	-16.784802958289113
75.67	-16.640901402260027
75.68	-18.21597182776681
75.69	-23.79689436689893
75.7	-24.14677420964789
75.71000000000001	-23.358706114722512
75.72	-24.06277189645557
75.73	-30.94045173005376
75.74	-27.49210444717206
75.75	-23.83267357433153
75.76	-19.53212986390607
75.77	-19.408306308347477
75.78	-20.161861263362017
75.79	-17.585025763931096
75.8	-18.19667272386016
75.81	-20.238328458870832
75.82000000000001	-20.556947477237383
75.83	-20.760975520860033
75.84	-28.805232663769775
75.85000000000001	-27.260175686602018
75.86	-21.22983699266362
75.87	-18.390247653691624
75.88	-17.13915111988572
75.89	-16.469671440585774
75.9	-24.77414144143357
75.91	-28.44369723411388
75.92	-36.434508996604094
75.93	-35.37285864449189
75.94	-35.58884263320069
75.95	-35.8476799268881
75.96000000000001	-32.147276248529224
75.97	-32.077817154620725
75.98	-39.63255160036626
75.99	-36.33889853713587
76.0	-34.1963106893345
76.01	-31.292599694442227
76.02	-25.6239947966452
76.03	-25.232089013685606
76.04	-20.59575556322133
76.05	-16.7225583198488
76.06	-15.506649615654137
76.07000000000001	-17.17145744726066
76.08	-27.21499831648593
76.09	-26.63533273650138
76.10000000000001	-28.21674582698451
76.11	-23.22674964726877
76.12	-28.225323435429264
76.13	-26.56696088401235
76.14	-27.66055017879744
76.15	-28.29700225968931
76.16	-31.955151076935678
76.17	-27.247731091141464
76.18	-21.802827296894208
76.19	-20.26886146057374
76.2	-19.618180155588934
76.21000000000001	-26.431184277119833
76.22	-27.99170397122235
76.23	-21.719977170205063
76.24	-18.632514269467745
76.25	-17.399711250942385
76.26	-16.69010138635379
76.27	-20.978592793915055
76.28	-19.986626132630352
76.29	-26.559861082258646
76.3	-30.38172854130499
76.31	-23.708793346540283
76.32000000000001	-20.361419389390527
76.33	-18.21962055496395
76.34	-37.87227427908293
76.35000000000001	-32.74418636788858
76.36	-25.796664294900015
76.37	-20.93287288161094
76.38	-19.044251552666864
76.39	-20.33656178633486
76.4	-17.788712637808462
76.41	-24.790831229393643
76.42	-23.364823471672075
76.43	-19.14772933069498
76.44	-19.932747408901978
76.45	-22.32721770522426
76.46000000000001	-23.663604705570595
76.47	-25.734822001945428
76.48	-31.415679209832437
76.49	-34.41373349954615
76.5	-32.05305696021615
76.51	-33.666172781487425
76.52	-31.681231391616524
76.53	-26.234189539826563
76.54	-23.235762592423075
76.55	-19.31526067986355
76.56	-24.122536725555953
76.57000000000001	-34.561985009877546
76.58	-37.461010750452495
76.59	-34.93318581253985
76.60000000000001	-28.62139930520311
76.61	-25.852574887419138
76.62	-23.651738750734758
76.63	-21.12016679099398
76.64	-22.413181973944404
76.65	-25.169950511488796
76.66	-28.391082138357124
76.67	-33.46131693985699
76.68	-30.982296903478638
76.69	-30.031974023830298
76.7	-28.995587518675656
76.71000000000001	-23.648661552323723
76.72	-21.21249029013948
76.73	-18.013255925334185
76.74	-19.86547188754628
76.75	-25.489997633894447
76.76	-27.737199963411193
76.77	-28.048991196850558
76.78	-24.143072397585538
76.79	-32.210227402822404
76.8	-27.56770352061156
76.81	-25.95687786852685
76.82000000000001	-26.516692527913786
76.83	-23.494640496982157
76.84	-27.676830905121964
76.85000000000001	-26.14971257821718
76.86	-26.908067716521824
76.87	-24.017478743492685
76.88	-22.035335709090287
76.89	-23.748800731349398
76.9	-25.59451079951996
76.91	-23.268441387667774
76.92	-20.260289674916812
76.93	-19.725885595751375
76.94	-26.66819919456956
76.95	-22.958489693522466
76.96000000000001	-24.09761037649622
76.97	-26.282402363605435
76.98	-22.869186780474873
76.99	-20.609995459588678
77.0	-19.889653239251217
77.01	-26.91474732340958
77.02	-27.213635208356855
77.03	-25.62975351572422
77.04	-21.048167364928265
77.05	-23.030176468985125
77.06	-18.825202844482035
77.07000000000001	-21.401192148179618
77.08	-24.170647687711195
77.09	-26.20328054978926
77.10000000000001	-27.617131823279607
77.11	-25.536747222348705
77.12	-22.13037375174757
77.13	-20.388108423383848
77.14	-19.884392201139313
77.15	-22.383477381404795
77.16	-22.22854101838919
77.17	-20.230492145570846
77.18	-17.31640839549316
77.19	-20.291355331299663
77.2	-21.08979431500135
77.21000000000001	-23.647892877293273
77.22	-21.16889726213882
77.23	-19.999251539808693
77.24	-24.019096895093345
77.25	-31.479702952560753
77.26	-27.17849585077569
77.27	-26.180438332675465
77.28	-25.225001448982297
77.29	-22.017208939684327
77.3	-24.877525531300755
77.31	-30.732431715528016
77.32000000000001	-26.123838305791445
77.33	-20.994025135634104
77.34	-18.978936412871104
77.35000000000001	-21.3299094072372
77.36	-21.09245380737153
77.37	-25.039233205959047
77.38	-29.548535910807175
77.39	-32.411238327748684
77.4	-26.55444349853472
77.41	-21.725617716115156
77.42	-17.266460664425882
77.43	-17.766569525096013
77.44	-14.808245164522377
77.45	-16.434424359339506
77.46000000000001	-15.303114163893325
77.47	-12.483580824052396
77.48	-22.31699485279771
77.49	-25.157232462662858
77.5	-22.928788737595976
77.51	-23.911749187774284
77.52	-20.517106778073263
77.53	-24.240948490139004
77.54	-22.879180864118702
77.55	-18.423657399313843
77.56	-17.409700786479895
77.57000000000001	-17.825187395002768
77.58	-18.39882458113848
77.59	-17.299349181429733
77.60000000000001	-15.093450686242674
77.61	-17.980841239305665
77.62	-20.638995507718302
77.63	-20.34038264725082
77.64	-30.88688344224509
77.65	-34.7694106690611
77.66	-33.00035941339755
77.67	-29.00254431927762
77.68	-23.13773455137442
77.69	-21.876500583606198
77.7	-24.52869037749032
77.71000000000001	-28.26154366282262
77.72	-24.225870830564638
77.73	-24.589264915726506
77.74	-30.58108455823783
77.75	-33.338125941648805
77.76	-26.190870881230484
77.77	-25.491593862428267
77.78	-27.514218166948556
77.79	-22.618894219635667
77.8	-25.713794429331426
77.81	-26.815139472623756
77.82000000000001	-26.025934005197318
77.83	-31.625579386197888
77.84	-31.629988433954622
77.85000000000001	-29.598843292467194
77.86	-28.259034095246182
77.87	-25.125944670808313
77.88	-21.082455754589205
77.89	-19.587163979583764
77.9	-27.523572686639145
77.91	-30.662094286975552
77.92	-28.104957061670955
77.93	-30.047432372837825
77.94	-29.71657020196886
77.95	-24.226154594422034
77.96000000000001	-26.83443561612125
77.97	-26.19857902067292
77.98	-36.028088579070804
77.99	-32.80581206430379
78.0	-28.565510597597573
78.01	-23.736358838676463
78.02	-22.047665334728126
78.03	-22.469938848131978
78.04	-25.831619966615545
78.05	-21.39171022388539
78.06	-20.352313692275963
78.07000000000001	-19.38799990484659
78.08	-22.301588411803785
78.09	-19.24041503297478
78.10000000000001	-16.627505748417125
78.11	-18.038242416854658
78.12	-19.08869991013668
78.13	-22.612458269484975
78.14	-18.904404265310138
78.15	-20.267969125526598
78.16	-20.595600455100097
78.17	-23.701938778277448
78.18	-21.15211441045735
78.19	-22.52430299316493
78.2	-24.671643537324297
78.21000000000001	-22.729995680567477
78.22	-24.643517787456524
78.23	-19.686945040707993
78.24	-22.036246275075474
78.25	-22.804658465022595
78.26	-27.398137060127727
78.27	-31.970973623617784
78.28	-29.713418694829606
78.29	-25.541055588142473
78.3	-23.5263454077482
78.31	-23.80395977300987
78.32000000000001	-26.24633725387881
78.33	-30.59774094970548
78.34	-30.501669488363003
78.35000000000001	-29.88588933402375
78.36	-24.673681403058094
78.37	-26.66169522853803
78.38	-24.8140270664482
78.39	-27.021486300751267
78.4	-30.130982025564883
78.41	-30.308018921816174
78.42	-30.886733958880605
78.43	-26.955669603043816
78.44	-26.1979914676963
78.45	-25.453039975552063
78.46000000000001	-23.790815154034156
78.47	-23.27544958947605
78.48	-20.287086495249113
78.49	-20.092360913301874
78.5	-27.440666849235043
78.51	-32.429588613327304
78.52	-33.54840495514408
78.53	-27.502961731990496
78.54	-28.578924137105812
78.55	-23.684763187102103
78.56	-21.834089428730465
78.57000000000001	-28.694382159332697
78.58	-26.432001654497324
78.59	-24.545316774951257
78.60000000000001	-22.690111122267062
78.61	-27.251792555258632
78.62	-31.06505239049002
78.63	-29.195837062927517
78.64	-33.75392036085523
78.65	-30.34454612568861
78.66	-28.182045625463974
78.67	-26.081727736575957
78.68	-25.590351214606223
78.69	-31.73158322426787
78.7	-35.01979968982513
78.71000000000001	-33.73900774176823
78.72	-28.889841308337036
78.73	-25.63853334603807
78.74	-24.703850306451923
78.75	-28.456619709904285
78.76	-29.03303355056348
78.77	-23.95732447862606
78.78	-27.019351516588564
78.79	-23.47367298258633
78.8	-24.482133545113978
78.81	-26.424644182145784
78.82000000000001	-28.40325748060795
78.83	-30.66145177494224
78.84	-25.966799236204352
78.85000000000001	-21.08141707562522
78.86	-22.121944197690468
78.87	-24.31888335199906
78.88	-21.802894789804185
78.89	-21.84199427271341
78.9	-17.9207557690017
78.91	-16.487315525951832
78.92	-17.539864822220117
78.93	-17.191226218110288
78.94	-18.314959667600235
78.95	-15.273265103782483
78.96000000000001	-13.901219750518573
78.97	-14.717797330436962
78.98	-18.9392627998318
78.99	-17.80579550610723
79.0	-14.975514714717198
79.01	-15.50506498287586
79.02	-12.015466644213584
79.03	-9.69478042573942
79.04	-7.346757396040187
79.05	-12.112731801364413
79.06	-10.9495101117019
79.07000000000001	-8.07871945654926
79.08	-11.740178723174266
79.09	-14.541296436805402
79.10000000000001	-19.01810576103347
79.11	-16.29520404409599
79.12	-14.872264974559355
79.13	-19.772177647430446
79.14	-18.46110054116428
79.15	-19.900406702616458
79.16	-18.17568017543207
79.17	-17.951336408499188
79.18	-21.873339411751758
79.19	-22.143488515608762
79.2	-18.759919037427682
79.21000000000001	-16.482849171903915
79.22	-19.126979706060794
79.23	-19.353581651449293
79.24	-17.813636757509254
79.25	-20.376849282212554
79.26	-21.679669831363988
79.27	-22.65868073113034
79.28	-24.888506919160122
79.29	-25.075735314204106
79.3	-19.60852234996776
79.31	-18.7211540625718
79.32000000000001	-19.80923627864598
79.33	-23.400028114800122
79.34	-23.947846487850835
79.35000000000001	-28.076522993416287
79.36	-30.661215942528823
79.37	-29.968938604316246
79.38	-27.136736004184034
79.39	-22.131991358658933
79.4	-18.894920210934366
79.41	-18.31967894649653
79.42	-18.751099882692163
79.43	-18.98528069801118
79.44	-20.579724099939185
79.45	-20.48599268484713
79.46000000000001	-16.66561372898388
79.47	-12.498414920786695
79.48	-8.48566760075136
79.49	-8.079289899737187
79.5	-7.4638848273750895
79.51	-13.718331919549433
79.52	-13.355744018646908
79.53	-10.87075993310992
79.54	-13.495247043501562
79.55	-11.65421171949242
79.56	-15.234665528039788
79.57000000000001	-20.589491542181754
79.58	-25.2106501587581
79.59	-28.475767868137925
79.60000000000001	-26.265692571146836
79.61	-20.803173860976617
79.62	-18.468780488062258
79.63	-18.036271377039604
79.64	-22.543878504540007
79.65	-22.36289548003596
79.66	-19.238463986197587
79.67	-15.410029310056325
79.68	-15.466267405219368
79.69	-16.96515383797183
79.7	-17.828124518818683
79.71000000000001	-15.25334371654042
79.72	-13.865597877633554
79.73	-17.535103577730247
79.74	-20.879006831144196
79.75	-20.00208781928493
79.76	-18.28138393605556
79.77	-22.481390772907332
79.78	-28.388970481389567
79.79	-22.10215981350083
79.8	-21.625831258542433
79.81	-26.994880012288725
79.82000000000001	-25.405158181265957
79.83	-28.027056901013324
79.84	-25.433881791626035
79.85000000000001	-25.284105537296718
79.86	-22.454713186944716
79.87	-19.62988938482811
79.88	-19.20729187661728
79.89	-15.469839806514559
79.9	-11.732387736411834
79.91	-10.830742010633143
79.92	-10.82789383881259
79.93	-10.146411424206198
79.94	-14.293104652959224
79.95	-19.468133118069122
79.96000000000001	-23.61548629592278
79.97	-22.456322535241647
79.98	-24.912412863162203
79.99	-33.7678924625331
80.0	-27.12909570372471
80.01	-20.490298944916315
80.02	-19.18317760585202
80.03	-17.97458288434933
80.04	-14.606758871113687
80.05	-15.810754908309969
80.06	-15.239993664678853
80.07000000000001	-13.837182735969717
80.08	-12.744700014809533
80.09	-14.142937060355093
80.10000000000001	-16.107547312314658
80.11	-23.065117051301982
80.12	-21.00427657543573
80.13	-18.966558186540468
80.14	-23.13293278337229
80.15	-22.906670914646718
80.16	-19.265576723974732
80.17	-22.230200476377433
80.18	-19.766604571969427
80.19	-16.538476065368364
80.2	-20.22599656369297
80.21000000000001	-15.728359456701796
80.22	-12.137935108556203
80.23	-12.883133077975417
80.24	-13.745368544858291
80.25	-12.69235909592534
80.26	-15.683768055838177
80.27	-12.94695430697524
80.28	-12.963136561168282
80.29	-22.070968935175916
80.3	-21.638693223943584
80.31	-20.480347076927952
80.32000000000001	-23.371650680757284
80.33	-27.80786151455703
80.34	-25.909948182550963
80.35000000000001	-25.312909500910827
80.36	-34.03372951547268
80.37	-28.80265396698719
80.38	-32.684307427474835
80.39	-31.015438986024133
80.4	-36.09812418071848
80.41	-32.54410738781584
80.42	-29.148236104940036
80.43	-24.252585845111582
80.44	-27.288527143508706
80.45	-26.06617182310602
80.46000000000001	-22.58339241954564
80.47	-21.280155167511516
80.48	-20.079884991099394
80.49	-21.813366014228247
80.5	-30.080108036432865
80.51	-24.834392119048978
80.52	-22.162638710778342
80.53	-21.48494634280242
80.54	-23.100115859317203
80.55	-26.62198242786023
80.56	-22.985392707925584
80.57000000000001	-23.042278898170338
80.58	-19.891019327458025
80.59	-19.13353329299237
80.60000000000001	-14.802829646151814
80.61	-13.106754530045775
80.62	-16.0198300073056
80.63	-13.448132143261665
80.64	-14.610406798794141
80.65	-28.787148705666915
80.66	-29.203441270593437
80.67	-28.149929961438644
80.68	-25.918704300584732
80.69	-29.426924025937634
80.7	-32.274856116516276
80.71000000000001	-29.315133726071405
80.72	-24.248433356372114
80.73	-28.02068478168796
80.74	-27.470190411980784
80.75	-25.028794522981613
80.76	-24.347511250686736
80.77	-23.69140025217791
80.78	-19.509571737683572
80.79	-21.620350476962713
80.8	-20.50469934685762
80.81	-18.58988609183601
80.82000000000001	-15.25587563361987
80.83	-17.207905887010746
80.84	-23.412935769211806
80.85000000000001	-26.25964050158536
80.86	-23.341870859367813
80.87	-28.108092679266978
80.88	-31.854092965434663
80.89	-27.305030997355004
80.9	-25.858128240995395
80.91	-28.208102614011562
80.92	-27.692147638950306
80.93	-27.52802924620875
80.94	-33.26777145934888
80.95	-36.31767972903389
80.96000000000001	-37.727261859172245
80.97	-30.17956109998715
80.98	-30.121386777222583
80.99	-30.88397205599547
81.0	-26.975130518594888
81.01	-23.774268095897533
81.02	-19.330840664151808
81.03	-16.746648534885715
81.04	-15.693626433698345
81.05	-16.171685162830038
81.06	-19.943781403490185
81.07000000000001	-26.66178889634998
81.08	-26.051065081265694
81.09	-22.170718148440013
81.10000000000001	-19.19162968056754
81.11	-24.65493875174085
81.12	-21.930602050052755
81.13	-22.885964423482353
81.14	-19.66419546345885
81.15	-26.806177879243943
81.16	-26.588254928042613
81.17	-24.583968245131828
81.18	-24.016933049857204
81.19	-25.236137330935097
81.2	-21.9883183288126
81.21000000000001	-20.760125099837868
81.22	-21.59730062287695
81.23	-22.081838339348867
81.24	-21.434886786314962
81.25	-28.62041237589943
81.26	-29.501295774077114
81.27	-32.27000772620959
81.28	-28.35861235312414
81.29	-30.199882096408096
81.3	-27.73909956553825
81.31	-23.829492432526717
81.32000000000001	-22.254832975613816
81.33	-19.64493333110462
81.34	-16.45717939433758
81.35000000000001	-25.691409849774598
81.36	-20.169290977882543
81.37	-16.82481606063745
81.38	-14.048973572844432
81.39	-11.963315783070636
81.4	-18.36021382309587
81.41	-20.185532999879804
81.42	-19.937026266293213
81.43	-22.328198135659953
81.44	-18.842321337651768
81.45	-15.221742164014476
81.46000000000001	-15.137946311836549
81.47	-12.929980108311328
81.48	-9.986724021832618
81.49	-7.03409803922051
81.5	-6.627846222172508
81.51	-4.824045305732806
81.52	-2.444414801835234
81.53	-2.6456633170280366
81.54	-3.5666313835764574
81.55	-9.24362084048647
81.56	-14.413845398847878
81.57000000000001	-15.049351249546465
81.58	-20.994485028694292
81.59	-20.243754417090805
81.60000000000001	-19.059241170724786
81.61	-16.455498457598388
81.62	-19.95267785344398
81.63	-21.142114493323486
81.64	-27.563235223068357
81.65	-29.06586939297934
81.66	-26.908651614965052
81.67	-28.00066299295105
81.68	-30.715059417792347
81.69	-25.65942808838533
81.7	-25.336868501958186
81.71000000000001	-25.254236512079697
81.72	-27.96109164704795
81.73	-29.76873714721628
81.74	-30.61465902892647
81.75	-33.602856018219384
81.76	-30.102765414638636
81.77	-34.384801710402634
81.78	-33.449139390118894
81.79	-27.74609702677265
81.8	-26.86914742448501
81.81	-21.901745015534107
81.82000000000001	-19.26919807312483
81.83	-24.47452498039786
81.84	-20.550141759150655
81.85000000000001	-16.320406570304506
81.86	-16.16160270737359
81.87	-21.745952126083193
81.88	-19.07548648738361
81.89	-26.837915151298432
81.9	-25.19528998152678
81.91	-25.33247967911871
81.92	-28.819437775561294
81.93	-34.43562471089927
81.94	-30.926861408067964
81.95	-26.107022507831825
81.96000000000001	-26.930386303184896
81.97	-29.56767699043961
81.98	-27.433300423043875
81.99	-27.532874759559473
82.0	-29.548228060787796
82.01	-25.610619069212877
82.02	-24.596959223863752
82.03	-20.311283681525953
82.04	-23.65777880619653
82.05	-31.912631350286247
82.06	-28.70630970389397
82.07000000000001	-23.714260902716067
82.08	-21.712358344189692
82.09	-22.84651156866137
82.10000000000001	-20.734704595542695
82.11	-20.406799729949103
82.12	-19.99032541256503
82.13	-20.04703034573965
82.14	-16.403292961275397
82.15	-15.043180486428176
82.16	-11.237835390769192
82.17	-12.99948116926893
82.18	-20.193444221098968
82.19	-25.47182914487892
82.2	-19.927652763958818
82.21000000000001	-17.396552263922707
82.22	-16.133622135752123
82.23	-18.645771924970838
82.24	-16.291290851496477
82.25	-24.407226838250114
82.26	-23.437996297446606
82.27	-24.867649923848568
82.28	-20.07557998953791
82.29	-18.786742667974046
82.3	-19.833131037574184
82.31	-22.235005217156715
82.32000000000001	-23.264889744381257
82.33	-25.396228146253364
82.34	-24.420976652538233
82.35000000000001	-29.91352717672024
82.36	-29.799969132380983
82.37	-26.888817524639467
82.38	-28.886486161361287
82.39	-30.935358981839528
82.4	-28.44237066821858
82.41	-23.896387736686595
82.42	-21.8662401555171
82.43	-17.0290423478257
82.44	-14.447593179199671
82.45	-13.339189255038768
82.46000000000001	-13.400072167291503
82.47	-17.28405934466748
82.48	-18.187171011438224
82.49	-14.962940297253294
82.5	-11.674826009392469
82.51	-9.063992253794238
82.52	-8.663574496906563
82.53	-7.00168188163717
82.54	-10.615382241554316
82.55	-12.567185623571705
82.56	-9.907553477993456
82.57000000000001	-8.176935585307332
82.58	-7.312363702895824
82.59	-8.191162284920118
82.60000000000001	-10.198177852556224
82.61	-9.862021030398859
82.62	-17.561202216814713
82.63	-14.870297635713602
82.64	-13.795273814126665
82.65	-12.043053221492203
82.66	-12.519445897739171
82.67	-13.239633283456971
82.68	-16.93753852161817
82.69	-19.44644254409964
82.7	-16.834508616374176
82.71000000000001	-16.346442892659763
82.72	-14.52671631328335
82.73	-13.322880407774518
82.74	-17.660231161349508
82.75	-13.66145652144844
82.76	-10.751550178234925
82.77	-11.938133722404531
82.78	-14.43433474201257
82.79	-20.34491726403272
82.8	-19.72127086045257
82.81	-18.90791404153661
82.82000000000001	-20.56190995747221
82.83	-21.356800492793848
82.84	-20.205190739133332
82.85000000000001	-17.63777411055707
82.86	-16.267153050853317
82.87	-17.904345600428407
82.88	-15.11328413348822
82.89	-13.308935235856504
82.9	-17.274053140972256
82.91	-14.743823217784998
82.92	-19.348039343459117
82.93	-19.92400253483211
82.94	-21.542460072324968
82.95	-20.79852084587435
82.96000000000001	-29.14466925266917
82.97	-31.145697441088796
82.98	-32.251831226686335
82.99	-30.74803259841319
83.0	-33.8818605272601
83.01	-27.21515956545247
83.02	-26.53893179061353
83.03	-20.88536366373187
83.04	-17.742948844413583
83.05	-14.93861998881411
83.06	-15.603970374191519
83.07000000000001	-12.886760213047346
83.08	-16.43282991541497
83.09	-20.26343160795525
83.10000000000001	-26.82095992695001
83.11	-24.889812927109492
83.12	-34.38645789474861
83.13	-27.45623617811755
83.14	-21.77451358672613
83.15	-25.409114352064233
83.16	-26.55479742542534
83.17	-23.94460420594779
83.18	-22.14239367294842
83.19	-18.909508700039158
83.2	-16.729518251418387
83.21000000000001	-19.705528421502155
83.22	-24.78145319333907
83.23	-22.119829559567666
83.24	-20.552981463330216
83.25	-18.85375991627635
83.26	-19.342167793320918
83.27	-22.44023332860557
83.28	-33.58086408391501
83.29	-29.332985257824728
83.3	-24.777174731954688
83.31	-24.024422300092688
83.32000000000001	-20.084808524282458
83.33	-28.44537990551419
83.34	-22.33085571105329
83.35000000000001	-19.489386312301274
83.36	-19.568462099240936
83.37	-16.66289792307995
83.38	-20.291741172864185
83.39	-15.760540012449296
83.4	-14.088224358542643
83.41	-11.668499502847347
83.42	-10.665171501767114
83.43	-8.161759848516345
83.44	-5.7075257452248085
83.45	-3.3065749749892177
83.46000000000001	-4.335268945641734
83.47	-5.641290013600624
83.48	-2.833377157452822
83.49	-1.039680150325428
83.5	-6.476867881466966
83.51	-8.837288028760254
83.52	-8.910609608645485
83.53	-11.09792566584511
83.54	-11.289066867703728
83.55	-11.443194808324073
83.56	-11.430594251700295
83.57000000000001	-16.256288813987354
83.58	-22.43059102828026
83.59	-20.297459921116857
83.60000000000001	-19.559995159007013
83.61	-15.614855409287244
83.62	-17.293074238194766
83.63	-18.157958167465395
83.64	-25.055095468775548
83.65	-21.976452673726172
83.66	-21.658969717227237
83.67	-18.053572566397747
83.68	-17.683806429113353
83.69	-17.245865829302364
83.7	-19.624338415349552
83.71000000000001	-21.437419228975326
83.72	-17.623178619324356
83.73	-14.61612398660487
83.74	-11.220756933082344
83.75	-18.134979499874532
83.76	-15.55384322883014
83.77	-17.129154164428098
83.78	-30.30400866837277
83.79	-30.827927785465757
83.8	-25.036285019805348
83.81	-24.408330359923585
83.82000000000001	-30.61417917245916
83.83	-25.536252828620025
83.84	-24.16920167306567
83.85000000000001	-18.790141671040256
83.86	-16.88066010159921
83.87	-16.726916025833393
83.88	-23.830116711399857
83.89	-25.144151788786882
83.9	-25.048584109317808
83.91	-35.4116271583856
83.92	-35.784616346071246
83.93	-28.693065725961546
83.94	-21.939476572925116
83.95	-18.16993974678238
83.96000000000001	-14.626914904279827
83.97	-12.409504834874953
83.98	-12.662731108357402
83.99	-17.04654111628018
84.0	-19.554420644000263
84.01	-19.56637328693014
84.02	-20.050241533368702
84.03	-19.007935803195124
84.04	-21.50294420339554
84.05	-24.107595657543367
84.06	-22.603601027569518
84.07000000000001	-26.495852927562677
84.08	-23.28031994749826
84.09	-24.401090139943108
84.10000000000001	-24.725198668941484
84.11	-31.075856652272375
84.12	-27.527038593648886
84.13	-24.783549020794847
84.14	-21.964447198684013
84.15	-22.540152825263476
84.16	-20.835857180288528
84.17	-22.101425598013545
84.18	-18.78522712496605
84.19	-22.659149055131873
84.2	-24.010145230666556
84.21000000000001	-19.78367150468736
84.22	-18.169043550996573
84.23	-22.876263499457725
84.24	-28.671415705715773
84.25	-27.74397957920204
84.26	-33.55856766864957
84.27	-32.159194760869845
84.28	-29.873290111153395
84.29	-27.180541959040415
84.3	-23.55352614846093
84.31	-21.545778882677457
84.32000000000001	-29.003484627119963
84.33	-24.026996689224596
84.34	-20.836783161524284
84.35000000000001	-20.187486214529265
84.36	-18.185973811771625
84.37	-15.254337098536993
84.38	-11.965027219848851
84.39	-9.835342389598367
84.4	-18.34208722200667
84.41	-21.17863207163746
84.42	-17.93428767898235
84.43	-18.546522682544296
84.44	-19.376535200240617
84.45	-18.822718892701907
84.46000000000001	-20.31210966960538
84.47	-17.801144271440428
84.48	-27.13807906297718
84.49	-28.78940254716864
84.5	-24.460993635435337
84.51	-25.612857735627692
84.52	-22.87287907689325
84.53	-18.604341314677146
84.54	-24.528697430451718
84.55	-20.381163655149482
84.56	-24.529901940794456
84.57000000000001	-20.177126579581856
84.58	-17.636092758461682
84.59	-15.270265115688751
84.60000000000001	-21.813591009707228
84.61	-22.69499890473227
84.62	-19.480029535580563
84.63	-15.366677699308301
84.64	-14.71404489436484
84.65	-13.805422772043729
84.66	-10.910101209245694
84.67	-9.627287420776934
84.68	-14.809778435156279
84.69	-16.69008186136806
84.7	-17.946583173315386
84.71000000000001	-16.76726970296343
84.72	-24.888299061618913
84.73	-24.01430380906526
84.74	-22.708291310164583
84.75	-19.238349700824113
84.76	-17.42714847627567
84.77	-20.484866819497512
84.78	-18.714181125975088
84.79	-18.126831126889968
84.8	-18.232687184301252
84.81	-16.636957969715436
84.82000000000001	-20.392197921827215
84.83	-22.910152153873366
84.84	-25.593167832834876
84.85000000000001	-23.118675473161968
84.86	-26.013668516508485
84.87	-23.856487047966056
84.88	-21.658080684452358
84.89	-21.12818512513798
84.9	-26.828104172980844
84.91	-24.35632443003757
84.92	-24.95691876939606
84.93	-20.219676767012853
84.94	-16.584185680414116
84.95	-17.186078663419746
84.96000000000001	-22.69315233025161
84.97	-22.143896698795125
84.98	-18.94936776689607
84.99	-23.81791296760192
85.0	-20.484122722991263
85.01	-20.322832154767234
85.02	-17.74107431628702
85.03	-16.442592658594545
85.04	-16.907590083682894
85.05	-19.927822601747014
85.06	-16.50917425405657
85.07000000000001	-13.289521812849275
85.08	-10.390615253227917
85.09	-8.216049868871131
85.10000000000001	-8.685288014944165
85.11	-10.20423883423651
85.12	-12.689400635718174
85.13	-23.673347425421785
85.14	-28.26786968606277
85.15	-22.30782360470613
85.16	-22.056921434614562
85.17	-26.54409789112142
85.18	-23.62581284716235
85.19	-23.56656882572803
85.2	-30.81642577329606
85.21000000000001	-25.9873111649631
85.22	-22.347325255478438
85.23	-19.60610988566604
85.24	-24.421123516735165
85.25	-27.89042181384361
85.26	-30.417238371990646
85.27	-25.666071500450975
85.28	-22.839968009814715
85.29	-24.642479281272788
85.3	-23.496954007149263
85.31	-25.041003674560056
85.32000000000001	-30.244378245770683
85.33	-24.706404956841098
85.34	-25.70318935974331
85.35000000000001	-22.02307375011595
85.36	-21.90150021468565
85.37	-17.934515977365376
85.38	-18.59168814385695
85.39	-18.945880580867343
85.4	-16.73896560304444
85.41	-23.693140860838643
85.42	-25.55466052182726
85.43	-23.723282093791035
85.44	-21.230555461910182
85.45	-19.2117307946517
85.46000000000001	-20.015630910152833
85.47	-19.704023174533987
85.48	-17.688314815663027
85.49	-18.452435438338558
85.5	-14.234312434895129
85.51	-11.402147074792182
85.52	-11.48602094406394
85.53	-19.650316950078107
85.54	-24.417457263620296
85.55	-18.899282886534372
85.56	-16.95704218101098
85.57000000000001	-18.98389286884375
85.58	-17.281304516032623
85.59	-17.81013231368313
85.60000000000001	-16.736128083616475
85.61	-14.963219814120718
85.62	-22.678184669571447
85.63	-19.28563562172748
85.64	-18.602025449274837
85.65	-22.331824349719202
85.66	-18.111683423164106
85.67	-21.567857531820184
85.68	-18.994841707548822
85.69	-15.851818267859803
85.7	-15.98552583630756
85.71000000000001	-13.302588163469272
85.72	-14.755936012923776
85.73	-15.791637252050805
85.74	-14.733387706364729
85.75	-15.847986325136944
85.76	-21.938707594551037
85.77	-23.90867541751356
85.78	-20.592738891548294
85.79	-25.451566493935324
85.8	-26.14341023924174
85.81	-23.32350401208031
85.82000000000001	-23.82500808614766
85.83	-34.41128387685129
85.84	-29.46855579347576
85.85000000000001	-26.030303349492126
85.86	-25.84242281091083
85.87	-27.26152262937321
85.88	-27.70465933129764
85.89	-23.97272891482401
85.9	-23.316868991577195
85.91	-22.2139474790755
85.92	-21.93669215374952
85.93	-17.370170863297684
85.94	-15.163285175839047
85.95	-14.753054652362145
85.96000000000001	-14.092412330610303
85.97	-17.51231109173939
85.98	-17.564284065222108
85.99	-18.15477560688395
86.0	-14.786519213419172
86.01	-13.825130502394218
86.02	-12.489313581273448
86.03	-13.87591631433807
86.04	-20.705909298680076
86.05	-21.263983504221876
86.06	-19.391775317911787
86.07000000000001	-18.590532967829834
86.08	-19.174982181891583
86.09	-19.1404369288398
86.10000000000001	-32.617172541070794
86.11	-33.2098888302372
86.12	-28.17464027235798
86.13	-25.173136895806117
86.14	-29.48720633574961
86.15	-30.60166566912268
86.16	-27.6923107315389
86.17	-26.480705844780452
86.18	-24.12252416003757
86.19	-25.256458776678944
86.2	-22.012804125621432
86.21000000000001	-18.481737222999428
86.22	-20.063722044484653
86.23	-22.970215492804712
86.24	-18.210946516080202
86.25	-18.43739044144631
86.26	-14.665489749806929
86.27	-12.13571057173446
86.28	-12.927640609623053
86.29	-10.167644039972668
86.3	-9.503985495698403
86.31	-18.50323351168855
86.32000000000001	-15.989029994839361
86.33	-17.95749358479558
86.34	-20.526888396231325
86.35000000000001	-25.050099107492684
86.36	-23.56809481236902
86.37	-22.00131402259131
86.38	-20.645715413719376
86.39	-26.74611729313887
86.4	-26.16895593613785
86.41	-28.69691017236269
86.42	-22.67933088628491
86.43	-20.08342287327062
86.44	-24.06052139401791
86.45	-26.235790282261316
86.46000000000001	-26.24416796926351
86.47	-23.465769536347192
86.48	-21.062937549384177
86.49	-19.10822924972649
86.5	-17.840367071720998
86.51	-17.552793448042248
86.52	-27.235478057782036
86.53	-27.47478714787977
86.54	-22.686103768026598
86.55	-17.464775595195245
86.56	-16.40940517881727
86.57000000000001	-18.021244468675032
86.58	-20.26712621256879
86.59	-16.43555503348642
86.60000000000001	-15.027660415596783
86.61	-16.26424905814903
86.62	-13.469275805425653
86.63	-18.155778464709698
86.64	-19.171107058429737
86.65	-18.35839187889107
86.66	-15.927960541895343
86.67	-20.391010928803457
86.68	-21.140355130012527
86.69	-20.57479273683717
86.7	-24.77866241232493
86.71000000000001	-21.60223249516141
86.72	-19.656539472492444
86.73	-25.41910491072786
86.74	-27.904940966184917
86.75	-23.543763133532227
86.76	-24.701798076878152
86.77	-28.36369174862316
86.78	-27.15117873607169
86.79	-22.685232202078353
86.8	-19.942847673465778
86.81	-22.17494580161361
86.82000000000001	-25.156710818175622
86.83	-24.076655779526128
86.84	-23.226678468463582
86.85000000000001	-19.124918949266927
86.86	-19.297846117093147
86.87	-19.369853006971137
86.88	-31.53675247898404
86.89	-31.254229849511823
86.9	-30.009348081375
86.91	-26.467761897047584
86.92	-22.941911624616964
86.93	-22.955970756653308
86.94	-20.847599205585606
86.95	-21.964602893567196
86.96000000000001	-22.32711408458183
86.97	-22.332241733400895
86.98	-25.56508213804808
86.99	-24.392213757500603
87.0	-22.635311932495167
87.01	-26.196893752702763
87.02	-24.665472658712048
87.03	-23.59817240504889
87.04	-20.623616946037533
87.05	-24.984131752119005
87.06	-20.58415614891144
87.07000000000001	-20.755017276171266
87.08	-20.544002793317546
87.09	-20.800213498663684
87.10000000000001	-16.42553357166879
87.11	-14.330988497920682
87.12	-13.01708329762374
87.13	-11.416567135086375
87.14	-10.143089719639221
87.15	-11.477489626849069
87.16	-12.401959473183936
87.17	-9.2672946521381
87.18	-5.824942915191069
87.19	-4.824111646960486
87.2	-4.258160367595228
87.21000000000001	-4.705982728211556
87.22	-5.937068184777929
87.23	-13.089148970789553
87.24	-13.478365508867554
87.25	-11.288750540324685
87.26	-15.833371034132695
87.27	-23.79154684217251
87.28	-21.228109726339355
87.29	-22.147226513794777
87.3	-20.68162066201107
87.31	-20.300801697181672
87.32000000000001	-19.21228087438984
87.33	-17.86472671071164
87.34	-16.74270550184099
87.35000000000001	-14.507216597441841
87.36	-17.588053085979144
87.37	-22.819678361145534
87.38	-28.62509233163615
87.39	-26.416014890192642
87.4	-26.053847114149836
87.41	-25.01072478116185
87.42	-28.66751242184825
87.43	-33.44982052668687
87.44	-28.78297586836789
87.45	-28.603487202553694
87.46000000000001	-23.963984744960342
87.47	-26.163671600229236
87.48	-21.064865475241614
87.49	-29.78534645646891
87.5	-31.082411875325157
87.51	-31.07898509146834
87.52	-24.50236553426123
87.53	-19.704129441670016
87.54	-16.87661396780772
87.55	-21.179565435583985
87.56	-22.475256993428847
87.57000000000001	-25.920179769139388
87.58	-21.67788034714824
87.59	-26.070815097106934
87.60000000000001	-26.91495077495238
87.61	-30.23998504198332
87.62	-26.48634215563572
87.63	-22.491582778675337
87.64	-19.282986178251935
87.65	-16.882831810526273
87.66	-22.324405330884982
87.67	-24.19768422189637
87.68	-19.66214895110416
87.69	-19.41346609051341
87.7	-16.274860942715318
87.71000000000001	-15.31605663470604
87.72	-20.323307525286697
87.73	-18.760874336772353
87.74	-31.887966911412875
87.75	-28.496376786030975
87.76	-28.76191609854094
87.77	-28.370816819000193
87.78	-24.135634153115276
87.79	-21.800275497761056
87.8	-20.906379349234907
87.81	-22.44347086590587
87.82000000000001	-35.40691577826156
87.83	-27.918414786490217
87.84	-22.36227845193255
87.85000000000001	-20.265519620223202
87.86	-19.39393735829122
87.87	-18.077833227449094
87.88	-19.19314029185829
87.89	-18.25644466951323
87.9	-14.751686554343737
87.91	-11.246928439179221
87.92	-9.065401988972544
87.93	-7.3372606876618764
87.94	-4.447774403620863
87.95	-9.101140391387604
87.96000000000001	-14.083538335055742
87.97	-13.24687683241001
87.98	-14.51135794762801
87.99	-18.18453052771868
88.0	-25.373202169470005
88.01	-25.811273911219256
88.02	-24.02442424420912
88.03	-23.79427899806186
88.04	-22.654855737053335
88.05	-21.353953931860158
88.06	-19.183569015110486
88.07000000000001	-19.15250112362618
88.08	-21.215720285417508
88.09	-19.68350133127305
88.10000000000001	-24.7978983016617
88.11	-23.82958153527423
88.12	-26.922027849247062
88.13	-24.523121697568964
88.14	-23.622855558134468
88.15	-23.185736863384488
88.16	-22.688593566852578
88.17	-18.963277755072088
88.18	-19.58749781614278
88.19	-17.543555654319174
88.2	-18.74777685704691
88.21000000000001	-20.203543252144797
88.22	-23.38092035703339
88.23	-30.248444148874153
88.24	-33.23943052870016
88.25	-33.387279537664604
88.26	-40.463393927745095
88.27	-33.447192954328614
88.28	-37.681461830083066
88.29	-37.55389101926867
88.3	-32.35628972825289
88.31	-25.786743295321198
88.32000000000001	-29.540289722062305
88.33	-26.835710531601837
88.34	-27.607848972616072
88.35000000000001	-31.593118630582502
88.36	-27.114362240327758
88.37	-22.299891804134166
88.38	-21.555732590306135
88.39	-22.687474467329828
88.4	-20.14587904158459
88.41	-28.848739701954912
88.42	-31.979132266552114
88.43	-29.23725241911862
88.44	-26.434830763023022
88.45	-24.58689866190192
88.46000000000001	-20.900268999481234
88.47	-17.55810494366033
88.48	-16.96226848533766
88.49	-13.565594065417002
88.5	-16.633449263014807
88.51	-14.94493203385389
88.52	-15.723977887219698
88.53	-18.246226607740784
88.54	-22.906488360927383
88.55	-21.893676366753002
88.56	-17.1046201557273
88.57000000000001	-14.742674036074932
88.58	-15.370746418620884
88.59	-16.847551717810045
88.60000000000001	-15.108365833465086
88.61	-22.87031296405451
88.62	-17.65249982077619
88.63	-15.844604707040256
88.64	-20.483179391661015
88.65	-21.375972859246303
88.66	-26.08095006107183
88.67	-22.826868652398307
88.68	-20.191218518873107
88.69	-20.361997546292724
88.7	-22.390840636983974
88.71000000000001	-20.32861283169131
88.72	-21.861832016654507
88.73	-18.744643389806537
88.74	-17.324737609028634
88.75	-14.426830407019454
88.76	-19.20929108679364
88.77	-20.770897277617433
88.78	-26.083569547160057
88.79	-20.93681028958351
88.8	-19.608561065270464
88.81	-18.865662737672892
88.82000000000001	-21.702210348854624
88.83	-27.379747481132977
88.84	-31.45191107900636
88.85000000000001	-28.38730547573542
88.86	-31.97802159540605
88.87	-30.48222464909167
88.88	-31.162949690593504
88.89	-31.282615555143927
88.9	-31.406376279367382
88.91	-29.029202382424444
88.92	-30.848323854612804
88.93	-28.057827541635252
88.94	-29.308887812366013
88.95	-28.08586845380522
88.96000000000001	-27.80939618863449
88.97	-27.43508734114687
88.98	-26.024170027607994
88.99	-26.11546025697864
89.0	-21.24477197742311
89.01	-21.518618466299703
89.02	-21.01298077759111
89.03	-20.466377274166064
89.04	-15.94236683606035
89.05	-13.015360513717454
89.06	-10.267960670804266
89.07000000000001	-11.088731732535367
89.08	-14.116629885477787
89.09	-15.226434113898542
89.10000000000001	-16.85343774130661
89.11	-19.55507103406825
89.12	-23.392639319409426
89.13	-23.308384261918583
89.14	-24.589497295210144
89.15	-30.889930889489285
89.16	-27.70245119800922
89.17	-24.30484262410765
89.18	-25.676271284647438
89.19	-21.91664013518631
89.2	-27.162220413324185
89.21000000000001	-28.79110040069083
89.22	-24.581562082295214
89.23	-25.912302127052026
89.24	-24.671745024684874
89.25	-19.540710115218634
89.26	-16.16863114586754
89.27	-12.542361573673618
89.28	-10.887554396564008
89.29	-11.367868703535756
89.3	-9.199287427503354
89.31	-7.1539583699076035
89.32000000000001	-6.465088711929425
89.33	-5.635595944880346
89.34	-3.5372528588859993
89.35000000000001	-3.7621409092740703
89.36	-7.486201698751982
89.37	-9.508693748186362
89.38	-18.236707480029846
89.39	-16.94691609994217
89.4	-17.246813680703667
89.41	-18.670103042294485
89.42	-14.525547009574813
89.43	-16.080522588814716
89.44	-22.18866698286546
89.45	-20.75950050993339
89.46000000000001	-22.936960027852713
89.47	-27.393329157227896
89.48	-23.07752180143272
89.49	-22.260937878449628
89.5	-30.854851433170673
89.51	-25.185059339983834
89.52	-33.75923059666331
89.53	-26.246079237007145
89.54	-21.913195651830545
89.55	-20.645591336912958
89.56	-19.53666370257436
89.57000000000001	-27.026148049000767
89.58	-24.382346482318678
89.59	-26.567231975738373
89.60000000000001	-28.95153799367479
89.61	-36.211360592878854
89.62	-39.77197641181908
89.63	-36.368071239133165
89.64	-37.37378429469766
89.65	-33.01281837307288
89.66	-29.76258199707579
89.67	-25.77955628730328
89.68	-21.741524317358056
89.69	-17.92272051125046
89.7	-17.87347342970423
89.71000000000001	-13.963327554871507
89.72	-14.250856462187262
89.73	-20.936902497131516
89.74	-23.864946508869128
89.75	-21.504082518727696
89.76	-20.171405729273157
89.77	-24.520478791814025
89.78	-21.97369633299464
89.79	-18.393634861286184
89.8	-22.178899978175764
89.81	-22.932494201018443
89.82000000000001	-23.021608995419495
89.83	-19.678325811412293
89.84	-23.684911638845183
89.85000000000001	-19.391253458690855
89.86	-20.006278094272993
89.87	-23.47577070823944
89.88	-18.370050673451225
89.89	-15.941533471309013
89.9	-14.677362194070374
89.91	-19.295856377748482
89.92	-31.603675735334296
89.93	-29.539945619713162
89.94	-28.320986089546576
89.95	-29.81366332566147
89.96000000000001	-28.952596191217534
89.97	-31.44074812274214
89.98	-25.335750994274175
89.99	-28.93850064266969
90.0	-26.542091343950247
90.01	-26.631935012278863
90.02	-27.811557088626977
90.03	-25.664865783587523
90.04	-20.91085050065862
90.05	-15.905146866346922
90.06	-14.353117506281245
90.07000000000001	-13.103406387839449
90.08	-18.186083046815625
90.09	-14.032689419175094
90.10000000000001	-11.416229078266664
90.11	-30.485062851616334
90.12	-24.259709323662026
90.13	-21.061394353609337
90.14	-33.328428820520415
90.15	-32.532882014907855
90.16	-32.14946589671654
90.17	-29.281507733901933
90.18	-24.50019462487771
90.19	-29.570242324582264
90.2	-28.456565229510666
90.21000000000001	-25.566318916518597
90.22	-20.072498544196687
90.23	-16.141584737756208
90.24	-13.304883690830065
90.25	-26.994251712470156
90.26	-25.249770119728623
90.27	-27.849791050754323
90.28	-28.371725356783763
90.29	-29.027971969386655
90.3	-25.479838191691346
90.31	-30.775685830770513
90.32000000000001	-34.92260131201583
90.33	-35.45911223907751
90.34	-28.65944207154871
90.35000000000001	-29.36584188581669
90.36	-28.941171580203097
90.37	-26.532616158387665
90.38	-26.088493247209946
90.39	-23.74268135055587
90.4	-24.24333433705403
90.41	-19.458744380191348
90.42	-19.948431218322273
90.43	-15.86470337993794
90.44	-15.686710386734841
90.45	-13.93031040875971
90.46000000000001	-18.248882278801933
90.47	-14.239069526461476
90.48	-14.397915690206554
90.49	-13.002814779871414
90.5	-19.26715667175768
90.51	-21.920873318596044
90.52	-28.657015227923527
90.53	-27.802481371284685
90.54	-26.073574088402758
90.55	-29.221213432296604
90.56	-25.81362987384233
90.57000000000001	-19.664544029524553
90.58	-17.323896249334712
90.59	-14.794581986532949
90.60000000000001	-17.562095838277955
90.61	-22.83216477086577
90.62	-24.078766499742795
90.63	-20.73993994949902
90.64	-17.47475081818437
90.65	-15.654277304591794
90.66	-14.96122280497063
90.67	-18.47033653893438
90.68	-33.222065206377195
90.69	-35.344554647465124
90.7	-30.81774887145149
90.71000000000001	-31.18909117904171
90.72	-25.945872206080786
90.73	-24.904338047741955
90.74	-22.846224209735816
90.75	-22.12883699198804
90.76	-29.226839240951524
90.77	-31.098626016263744
90.78	-30.624120842778822
90.79	-25.900347243661436
90.8	-22.018230897324475
90.81	-23.239298567238404
90.82000000000001	-21.894177037577816
90.83	-18.135232373585055
90.84	-19.37017897577162
90.85000000000001	-24.096259647718348
90.86	-30.197601533471925
90.87	-26.763807806455848
90.88	-22.734874728999195
90.89	-20.787429184095757
90.9	-17.660703046663674
90.91	-17.03585551566905
90.92	-21.808604489154956
90.93	-22.354100643376395
90.94	-26.957585427272587
90.95	-27.276416281337163
90.96000000000001	-25.644351876438183
90.97	-24.91215332630569
90.98	-20.985657996280615
90.99	-21.203748439837597
91.0	-26.936343711140864
91.01	-21.435497548342365
91.02	-20.335832730720533
91.03	-22.88227349795633
91.04	-20.251060608428148
91.05	-27.368198872914103
91.06	-22.134178690470204
91.07000000000001	-18.245990818822793
91.08	-15.69909740969696
91.09	-14.604364137742056
91.10000000000001	-15.157806361680406
91.11	-14.004648867940093
91.12	-14.743493967266236
91.13	-14.022322670325575
91.14	-18.817158629756282
91.15	-17.79186301465943
91.16	-20.191720493005516
91.17	-23.42831049247148
91.18	-26.24617649299322
91.19	-33.733613714468184
91.2	-37.02546667860942
91.21000000000001	-36.3740797064643
91.22	-31.444194120393487
91.23	-32.65958487311242
91.24	-35.22434422836797
91.25	-28.423998381719326
91.26	-27.614298228067238
91.27	-24.326369531139978
91.28	-21.10582159721752
91.29	-18.84455136428012
91.3	-18.470373764772134
91.31	-20.41914785046107
91.32000000000001	-21.80856442393024
91.33	-19.28715620700196
91.34	-23.442202472665546
91.35000000000001	-31.376272000288164
91.36	-32.37177734684681
91.37	-32.114176086549996
91.38	-33.23276832555338
91.39	-27.588810017990998
91.4	-26.156296470070405
91.41	-24.58821489423272
91.42	-23.833569378806658
91.43	-20.36326357163987
91.44	-24.344341857326615
91.45	-27.898444708555342
91.46000000000001	-27.141594366092257
91.47	-29.58665572397151
91.48	-28.089761174475765
91.49	-24.787508274292698
91.5	-24.470653814206955
91.51	-23.397133325937368
91.52	-24.60378355475984
91.53	-22.398000097764264
91.54	-20.517893758820584
91.55	-26.144920532620695
91.56	-31.93071903312713
91.57000000000001	-28.654345086814182
91.58	-26.360520771359678
91.59	-22.137196552895546
91.60000000000001	-22.924289228876738
91.61	-26.99395871763767
91.62	-28.965962398936533
91.63	-25.624985432576473
91.64	-23.188908030464546
91.65	-22.94957905602125
91.66	-19.400394817682088
91.67	-18.49509181008125
91.68	-22.11065867323764
91.69	-25.35770565681673
91.7	-21.26268975436734
91.71000000000001	-18.19259449478036
91.72	-20.46662520177108
91.73	-21.15817986263346
91.74	-22.37380112316985
91.75	-18.265656129473033
91.76	-17.98171581410888
91.77	-18.38599669569349
91.78	-22.966468990567808
91.79	-17.817272184592074
91.8	-17.71286392821807
91.81	-15.225082838152652
91.82000000000001	-16.705889113850585
91.83	-25.827260515039338
91.84	-24.503255061272377
91.85000000000001	-23.525225800572336
91.86	-19.783125304077448
91.87	-19.19391568858478
91.88	-17.866871716008557
91.89	-16.9881362212332
91.9	-14.773043442594552
91.91	-14.484623076781507
91.92	-11.576466997726031
91.93	-10.233594526026195
91.94	-9.84705183095171
91.95	-7.744051121295248
91.96000000000001	-10.119803824193259
91.97	-16.108130490863026
91.98	-22.290404663976283
91.99	-26.476705052831825
92.0	-26.440091006383867
92.01	-26.83335453915845
92.02	-21.28540666437064
92.03	-17.303720046008934
92.04	-16.637448989059425
92.05	-16.27925959720715
92.06	-16.764590465059722
92.07000000000001	-21.609535284342382
92.08	-19.92060158183167
92.09	-24.346420928037364
92.10000000000001	-38.32379545902334
92.11	-39.79915977103081
92.12	-37.07614065008853
92.13	-38.02460945582241
92.14	-31.703800078435826
92.15	-26.30534014602339
92.16	-24.011218723437484
92.17	-26.146364004229856
92.18	-21.49083050429097
92.19	-22.93542983875094
92.2	-28.683780003619784
92.21000000000001	-32.707248262432486
92.22	-28.494260950240346
92.23	-22.498107033137256
92.24	-19.507345625857162
92.25	-30.111707903359246
92.26	-27.85209426673065
92.27	-29.431599917965894
92.28	-23.907849258653037
92.29	-23.209626054395827
92.3	-24.278638704389124
92.31	-25.65388779510284
92.32000000000001	-19.830486327318223
92.33	-17.147268342319382
92.34	-15.308398865697365
92.35000000000001	-16.470761933930312
92.36	-19.829658971179718
92.37	-25.69544805940587
92.38	-20.93540810364632
92.39	-25.89311103583047
92.4	-27.63963389764339
92.41	-35.945445955502834
92.42	-33.33718616366553
92.43	-28.754979979764222
92.44	-22.711913361741615
92.45	-18.065607648772758
92.46000000000001	-20.124073784147445
92.47	-20.440445960519153
92.48	-21.8892428485987
92.49	-19.8177485729756
92.5	-18.250391316680833
92.51	-20.41913665160895
92.52	-29.104401657000505
92.53	-26.905518719026674
92.54	-29.163602238075693
92.55	-33.260323293033984
92.56	-30.212923191249768
92.57000000000001	-28.059993721408887
92.58	-27.515241189082438
92.59	-27.222678033593777
92.60000000000001	-25.943428542240394
92.61	-29.817485392855453
92.62	-28.648110580241305
92.63	-23.136469497087603
92.64	-20.57718672485324
92.65	-23.23171114255239
92.66	-20.74639831393146
92.67	-20.949991645157372
92.68	-18.64761433751313
92.69	-23.28789754693521
92.7	-29.110358381702305
92.71000000000001	-25.85320350316301
92.72	-21.332046315578733
92.73	-17.38645656148925
92.74	-14.104130684789281
92.75	-15.291483739282816
92.76	-18.50559582316307
92.77	-22.130459894817598
92.78	-30.919792231763434
92.79	-29.42165979850677
92.8	-36.445532673378686
92.81	-36.672779578802256
92.82000000000001	-29.429273341989866
92.83	-26.37431810711539
92.84	-21.695242591638028
92.85000000000001	-17.849832090312244
92.86	-14.547744490007881
92.87	-19.44012045997238
92.88	-23.81691215054872
92.89	-22.876847961099543
92.9	-26.353202205707834
92.91	-22.59636162496486
92.92	-21.596745148090488
92.93	-28.38095368242617
92.94	-29.428225487964117
92.95	-24.473909260286387
92.96000000000001	-22.846043296019197
92.97	-17.826704287407907
92.98	-15.178351777520476
92.99	-12.308902786931945
93.0	-12.056944212685496
93.01	-9.84002201268986
93.02	-9.049242910595968
93.03	-15.681788973835708
93.04	-22.874106356016693
93.05	-20.13345687153475
93.06	-21.852016875638387
93.07000000000001	-31.195824571107135
93.08	-31.525713091914334
93.09	-36.339348848943
93.10000000000001	-30.27040718501273
93.11	-36.45891336835112
93.12	-40.33908212840725
93.13	-31.686992546405477
93.14	-26.742513189058357
93.15	-26.93436911895649
93.16	-25.21203858720864
93.17	-29.273001367132196
93.18	-26.97116760021131
93.19	-23.389523654885735
93.2	-22.66612900427908
93.21000000000001	-23.935619109211427
93.22	-23.987956721543913
93.23	-19.561805283281075
93.24	-20.89335212619435
93.25	-28.38069725617014
93.26	-23.607282810811423
93.27	-27.531047005252987
93.28	-24.676137642027584
93.29	-21.147264179600405
93.3	-24.50392293684336
93.31	-21.6912299778546
93.32000000000001	-18.89931291541971
93.33	-19.580185392751076
93.34	-16.962955494048558
93.35000000000001	-16.277538422168334
93.36	-18.378414452451374
93.37	-18.757631817694058
93.38	-15.037873978059293
93.39	-13.558487544551122
93.4	-13.550733219757042
93.41	-20.9235124396868
93.42	-16.69688668774496
93.43	-16.97400491504815
93.44	-15.93636224695593
93.45	-15.655737622416408
93.46000000000001	-26.829041159047705
93.47	-24.764162282056454
93.48	-21.438201699312426
93.49	-18.334448762175132
93.5	-16.542117661735237
93.51	-15.35995167053853
93.52	-19.16923301678206
93.53	-18.154739685312467
93.54	-14.679482964140426
93.55	-11.329177969309292
93.56	-11.36940677164038
93.57000000000001	-17.185306767162494
93.58	-20.11475710994974
93.59	-34.59776029887689
93.60000000000001	-31.463184880014
93.61	-26.75660748249419
93.62	-34.54928501292245
93.63	-34.81796464499228
93.64	-28.729302092533327
93.65	-31.92368009062148
93.66	-33.72599257100572
93.67	-26.132098357835233
93.68	-21.800962602763335
93.69	-17.74321226718083
93.7	-18.546591322543144
93.71000000000001	-16.936959155625495
93.72	-15.24450160122062
93.73	-23.721036400134167
93.74	-20.503039888851212
93.75	-18.689680041670872
93.76	-27.089870621631945
93.77	-21.566252513775755
93.78	-17.02640176661536
93.79	-13.648459549799904
93.8	-12.542395634706867
93.81	-13.560579694114876
93.82000000000001	-13.648020056256419
93.83	-27.5774152586897
93.84	-25.822449055556245
93.85000000000001	-21.23753868075154
93.86	-19.450234504124605
93.87	-19.24150108380264
93.88	-18.864896690938984
93.89	-18.193957774481124
93.9	-19.18468572323274
93.91	-16.338821620889217
93.92	-15.977333897834024
93.93	-15.360552136156336
93.94	-14.102367516630364
93.95	-18.76602197738376
93.96000000000001	-17.14762676167167
93.97	-15.885181693448882
93.98	-19.122777827532296
93.99	-20.639126278802852
94.0	-22.915798072875205
94.01	-18.6935234430887
94.02	-14.471248813308193
94.03	-10.91483244525986
94.04	-8.561252082674242
94.05	-6.207671720091968
94.06	-3.9849613859281177
94.07000000000001	-3.067213214229188
94.08	-6.806715694231892
94.09	-5.02884321238972
94.10000000000001	-8.420896155380134
94.11	-8.71288939358091
94.12	-13.6081602779283
94.13	-17.04630530498068
94.14	-22.652809840171038
94.15	-23.3532039196944
94.16	-22.89494008242183
94.17	-26.01899820481813
94.18	-24.314006198303158
94.19	-23.86511889065923
94.2	-19.553024074568043
94.21000000000001	-16.97372273106494
94.22	-14.426522356528006
94.23	-16.50810305959126
94.24	-16.95661147629717
94.25	-20.98492752536025
94.26	-17.108857891995218
94.27	-16.460820897378532
94.28	-13.536695289277668
94.29	-12.895405961218417
94.3	-10.176040520055139
94.31	-8.738210662956357
94.32000000000001	-13.833284865900584
94.33	-27.507053603765517
94.34	-24.761135899287773
94.35000000000001	-21.076931911245456
94.36	-17.624614355429404
94.37	-17.61229061798659
94.38	-16.116118850785327
94.39	-21.324767995684663
94.4	-21.90731571163687
94.41	-25.18262538574036
94.42	-21.108608889845677
94.43	-21.883938484098
94.44	-27.71320995990791
94.45	-27.47128678278093
94.46000000000001	-33.0075190426868
94.47	-27.34817994668925
94.48	-27.03657938882818
94.49	-26.616928745641587
94.5	-28.620478352726447
94.51	-26.905427076338636
94.52	-24.37252121247755
94.53	-20.92633251002128
94.54	-17.07239108575442
94.55	-21.99605892512362
94.56	-17.45800950362449
94.57000000000001	-14.839598280106788
94.58	-29.780667981470394
94.59	-31.24144601840505
94.60000000000001	-27.478886148085312
94.61	-24.25294589166312
94.62	-22.563652942980113
94.63	-19.33791737494274
94.64	-26.509319430019115
94.65	-24.731437995259633
94.66	-27.2200148469145
94.67	-26.023588851325844
94.68	-22.879784579474773
94.69	-22.554985441943707
94.7	-19.913291101772796
94.71000000000001	-22.11940958360653
94.72	-19.85291013117088
94.73	-22.105884142286154
94.74	-22.192528406936567
94.75	-21.445871615929164
94.76	-21.387003133254858
94.77	-21.911848182521318
94.78	-22.613859920321573
94.79	-25.099677928795785
94.8	-22.8009745128624
94.81	-21.27008601875724
94.82000000000001	-23.982512235769647
94.83	-22.71576750074924
94.84	-24.199179665026723
94.85000000000001	-27.97289134635685
94.86	-26.04904157380157
94.87	-21.815054566055323
94.88	-17.874698372921834
94.89	-16.996731447101176
94.9	-22.459469766928535
94.91	-29.460467486306992
94.92	-27.31567083997021
94.93	-24.63591381812428
94.94	-19.740438631804984
94.95	-18.00068902657678
94.96000000000001	-22.686664312636562
94.97	-24.462631345044453
94.98	-20.041171827358923
94.99	-20.62069145636732
95.0	-18.90314545191573
95.01	-18.210064951013162
95.02	-18.54032922181481
95.03	-22.480128766240284
95.04	-18.88450058182541
95.05	-15.184827973047662
95.06	-18.256937975437946
95.07000000000001	-18.8416479680925
95.08	-17.62866620495721
95.09	-14.119055806865253
95.10000000000001	-11.368021337151838
95.11	-9.007982578176597
95.12	-6.236332781609904
95.13	-4.869174708354642
95.14	-5.078972460526333
95.15	-7.34180524651435
95.16	-9.843699330835218
95.17	-15.364669360394746
95.18	-13.187046280235093
95.19	-12.519645156584291
95.2	-11.669416211207155
95.21000000000001	-13.117544782838431
95.22	-17.121983392036668
95.23	-25.154933060821847
95.24	-23.376807532653682
95.25	-19.39381746959263
95.26	-30.808465476690714
95.27	-28.445820718120142
95.28	-25.104139359062735
95.29	-29.792765493298305
95.3	-24.26653451765783
95.31	-22.00775024209348
95.32000000000001	-17.337671721616204
95.33	-14.310800370808604
95.34	-13.948047300522841
95.35000000000001	-23.036021297590064
95.36	-26.761752949113145
95.37	-22.340434840525717
95.38	-19.203908384116822
95.39	-16.974187636721613
95.4	-21.696474965132083
95.41	-17.313611239183917
95.42	-14.598329184910044
95.43	-12.467866479997154
95.44	-13.199770602610661
95.45	-13.83860532752259
95.46000000000001	-20.322924302830316
95.47	-17.401454945518264
95.48	-15.096459963766723
95.49	-12.55889878288303
95.5	-13.171508310704695
95.51	-12.603820216353531
95.52	-11.016292919211145
95.53	-9.913666248165002
95.54	-16.567250959756336
95.55	-15.006546486373026
95.56	-13.213326051400044
95.57000000000001	-13.273453080846943
95.58	-20.329637585914508
95.59	-22.86943473046876
95.60000000000001	-29.505495068890255
95.61	-27.822911909384178
95.62	-30.33048104814947
95.63	-27.960130309698158
95.64	-27.875872484057677
95.65	-27.08402538136054
95.66	-28.471946318632263
95.67	-25.083479719201044
95.68	-23.686681841681736
95.69	-19.884002529500734
95.7	-17.69922825655759
95.71000000000001	-18.302774361904856
95.72	-16.06030380725809
95.73	-21.737696624375133
95.74000000000001	-18.965821546945367
95.75	-24.217494669648378
95.76	-28.546167661406223
95.77	-28.960970053530463
95.78	-24.016448450214174
95.79	-20.56413533266651
95.8	-16.780361471118837
95.81	-16.117741385254277
95.82000000000001	-14.608974845067703
95.83	-12.894519322320514
95.84	-11.637236358843198
95.85000000000001	-15.659410893212664
95.86	-16.921613939387502
95.87	-21.200624731227236
95.88	-25.134160842756142
95.89	-26.042340466978896
95.9	-22.080199535729285
95.91	-18.46583257563167
95.92	-26.267194222625594
95.93	-28.117782652015133
95.94	-31.03514739062947
95.95	-30.79028116301966
95.96000000000001	-34.37773097653324
95.97	-30.402892511653285
95.98	-28.73226412295278
95.99000000000001	-29.793755286461145
96.0	-30.62102454463716
96.01	-30.297692693123107
96.02	-26.79855580574771
96.03	-36.98303243248734
96.04	-36.78016122020729
96.05	-36.26346815533567
96.06	-32.4096356667773
96.07000000000001	-27.465311967191248
96.08	-32.45964118954753
96.09	-34.469996314244
96.10000000000001	-31.83972715029653
96.11	-26.216803427955437
96.12	-25.227613632640455
96.13	-22.45414700986512
96.14	-21.631825850894057
96.15	-19.27821526557557
96.16	-22.647721412610526
96.17	-19.511429770338335
96.18	-18.369802652801873
96.19	-22.758253989274472
96.2	-24.600573195317878
96.21000000000001	-26.986726201784425
96.22	-22.657676997215585
96.23	-18.792013163111086
96.24000000000001	-17.533218167971736
96.25	-25.392568100142068
96.26	-27.231727053702155
96.27	-33.2740202241363
96.28	-27.034239408405377
96.29	-22.569943639110583
96.3	-26.18356156128536
96.31	-23.5471790217833
96.32000000000001	-29.724482897420078
96.33	-23.249354858626155
96.34	-20.847887182540234
96.35000000000001	-21.092151933992316
96.36	-18.689774284122045
96.37	-18.500176682359502
96.38	-26.292913314727105
96.39	-29.944767667716714
96.4	-26.855704981726433
96.41	-25.897394283152543
96.42	-20.829425273942686
96.43	-17.351491067093296
96.44	-15.16822527426997
96.45	-12.167044743247835
96.46000000000001	-13.462854130022441
96.47	-18.171802863914625
96.48	-30.936900734702345
96.49000000000001	-25.274426670529316
96.5	-22.291858367995676
96.51	-26.55036314054619
96.52	-22.53286297124604
96.53	-26.471101611131303
96.54	-23.612629791881222
96.55	-25.273437555666867
96.56	-23.264748806139373
96.57000000000001	-20.225609470675707
96.58	-19.83669063814916
96.59	-17.792630716632083
96.60000000000001	-14.133297616295444
96.61	-12.416836993885745
96.62	-17.006056841825632
96.63	-17.067598195455908
96.64	-21.6551711534747
96.65	-26.10984661889612
96.66	-24.69373617618027
96.67	-28.366124548839025
96.68	-24.650845735477024
96.69	-26.686979964851673
96.7	-30.257221499319208
96.71000000000001	-24.393088624134766
96.72	-26.5311536994232
96.73	-24.472093085916445
96.74000000000001	-31.24651305319565
96.75	-27.095367558387387
96.76	-26.54049086754783
96.77	-24.501383988456976
96.78	-24.371816455273574
96.79	-26.300661445571418
96.8	-27.80922274126426
96.81	-22.05075725211742
96.82000000000001	-20.854341220562233
96.83	-20.370970833484787
96.84	-19.10195520550921
96.85000000000001	-20.496749383613015
96.86	-23.923281077220082
96.87	-18.494201874639856
96.88	-14.683005194180005
96.89	-17.579412139331186
96.9	-19.389446602012843
96.91	-16.846209686410276
96.92	-27.670837892898422
96.93	-32.82909412497689
96.94	-26.166163009326244
96.95	-24.816154656154406
96.96000000000001	-26.950637637024357
96.97	-20.935107741410764
96.98	-17.505057575125907
96.99000000000001	-16.104940924692862
97.0	-24.301529091139365
97.01	-25.640019351874294
97.02	-24.75555581659684
97.03	-32.478980626383716
97.04	-30.125048796421623
97.05	-31.755240205092658
97.06	-34.62839821065737
97.07000000000001	-30.387447454362857
97.08	-30.376208397938548
97.09	-32.27363891693088
97.10000000000001	-26.08802635771831
97.11	-21.16945362657575
97.12	-17.948108419277442
97.13	-21.750503690547816
97.14	-33.25370718256012
97.15	-30.077831718660686
97.16	-31.693049226190023
97.17	-32.71430926054582
97.18	-32.066381809471544
97.19	-32.07015624842578
97.2	-25.811444011707234
97.21000000000001	-26.848226458080312
97.22	-24.181678045588153
97.23	-24.135314144461685
97.24000000000001	-21.61380327967935
97.25	-17.122621107452208
97.26	-15.014762052405242
97.27	-15.133759609658506
97.28	-14.38615239715145
97.29	-21.57285167887601
97.3	-25.438081022026
97.31	-23.22058174337503
97.32000000000001	-19.685076472499354
97.33	-18.17715012339456
97.34	-16.21864456550741
97.35000000000001	-13.941711190481918
97.36	-13.44464564878058
97.37	-12.101277244802962
97.38	-14.801110913141276
97.39	-19.892160637482935
97.4	-15.546280564640277
97.41	-15.70756755001884
97.42	-17.052907373217685
97.43	-15.574618845739208
97.44	-13.403110370976353
97.45	-11.990585355774536
97.46000000000001	-12.336398032812886
97.47	-14.588864221437008
97.48	-12.06976395915497
97.49000000000001	-12.036211007490992
97.5	-16.74537575594112
97.51	-20.159242745411813
97.52	-29.452096277470364
97.53	-28.4714511092913
97.54	-29.146094588699157
97.55	-29.50490761875181
97.56	-28.006356311738735
97.57000000000001	-23.69296642005813
97.58	-20.671921488153444
97.59	-19.58016467845813
97.60000000000001	-22.103582525170346
97.61	-25.6856192284436
97.62	-20.103742677059127
97.63	-16.47848883926134
97.64	-14.047706618307954
97.65	-12.215981075450289
97.66	-20.224140467783574
97.67	-16.0833025503178
97.68	-12.595041021125407
97.69	-10.328763540359153
97.7	-10.47545011675169
97.71000000000001	-11.324120396670361
97.72	-13.78184372151228
97.73	-13.44559178882038
97.74000000000001	-11.122760727770464
97.75	-10.678392350673803
97.76	-14.023608741850598
97.77	-11.901440393413276
97.78	-10.470255325073207
97.79	-8.585501004848927
97.8	-10.746335857247045
97.81	-23.23072139403141
97.82000000000001	-25.892095141835448
97.83	-24.682720994359148
97.84	-22.02244114296732
97.85000000000001	-20.935377777698395
97.86	-18.75965803803908
97.87	-20.630454035642977
97.88	-22.05697662765857
97.89	-19.020851526757077
97.9	-17.98882920188432
97.91	-21.12344476381794
97.92	-20.305951534135293
97.93	-24.26339770241329
97.94	-24.324172407992744
97.95	-25.02128447564838
97.96000000000001	-27.163733678091628
97.97	-34.67461184808481
97.98	-33.20711150251016
97.99000000000001	-30.498774174898518
98.0	-36.02949697892698
98.01	-37.38296430825364
98.02	-31.337144672442804
98.03	-25.946912903431798
98.04	-22.511382980953126
98.05	-22.88955451860057
98.06	-29.104301285577726
98.07000000000001	-27.49045587217079
98.08	-24.40152273406188
98.09	-25.289703608699277
98.10000000000001	-22.790927703472384
98.11	-29.49753499334423
98.12	-25.12730814751273
98.13	-23.485579785265546
98.14	-22.636146468767937
98.15	-21.346234039043292
98.16	-20.629156823611606
98.17	-18.696407310986746
98.18	-15.335346198146585
98.19	-14.425476451201904
98.2	-15.017748703785292
98.21000000000001	-14.449490862852356
98.22	-12.550530515499037
98.23	-10.96943654323838
98.24000000000001	-8.70924491389198
98.25	-7.1495855506288555
98.26	-8.371833914373564
98.27	-6.215712686782424
98.28	-7.348773653032375
98.29	-8.455159312428078
98.3	-14.781745799737699
98.31	-13.441787071606932
98.32000000000001	-17.673755392887692
98.33	-25.876691035061576
98.34	-27.14773734302939
98.35000000000001	-22.087265116832818
98.36	-26.950505087116383
98.37	-22.742295448892623
98.38	-19.69775540572095
98.39	-18.680704996129567
98.4	-14.443362019720443
98.41	-13.118120699712948
98.42	-13.450232665031837
98.43	-10.312768143274946
98.44	-11.033939057163252
98.45	-16.513446538490058
98.46000000000001	-16.648581810498655
98.47	-14.57760342895028
98.48	-12.56858488342414
98.49000000000001	-13.678883088976827
98.5	-16.99245579401976
98.51	-29.26225621215459
98.52	-31.57773234677062
98.53	-29.263680180322048
98.54	-33.18311760639692
98.55	-32.59988181059086
98.56	-29.598614051588434
98.57000000000001	-26.42032470956784
98.58	-35.50592132589203
98.59	-36.40456646556933
98.60000000000001	-38.758161750790556
98.61	-34.593926271873315
98.62	-36.86796435765054
98.63	-33.09877559729588
98.64	-30.606096006611466
98.65	-28.83920778096618
98.66	-25.68931377222677
98.67	-20.72436142553567
98.68	-22.69312360405132
98.69	-21.66365033650675
98.7	-31.694265632913485
98.71000000000001	-25.34887776045745
98.72	-21.951740517522424
98.73	-20.025458618409825
98.74000000000001	-20.08549637832869
98.75	-18.045912841499817
98.76	-27.590584535375886
98.77	-29.578274465643325
98.78	-25.589106993108928
98.79	-25.423664835397734
98.8	-26.195767555264084
98.81	-25.505418638826125
98.82000000000001	-21.69599354119888
98.83	-25.615288960623822
98.84	-20.873261890863414
98.85000000000001	-18.232679495315185
98.86	-17.510514957230626
98.87	-17.50627039635323
98.88	-18.39884817195452
98.89	-19.346571100172913
98.9	-16.29374011311401
98.91	-12.9521477964078
98.92	-13.631530821957389
98.93	-18.413937814941033
98.94	-16.568691716250015
98.95	-15.774800121501459
98.96000000000001	-16.451523585693078
98.97	-17.14959682977727
98.98	-22.53989138165335
98.99000000000001	-21.174617084545293
99.0	-23.13181554869466
99.01	-20.06028543867089
99.02	-16.765592456794128
99.03	-17.22409814196553
99.04	-34.452831159613275
99.05	-29.330317962259514
99.06	-25.31447676580687
99.07000000000001	-23.680530538119996
99.08	-20.850258762894832
99.09	-20.36428242297281
99.10000000000001	-19.323631793336272
99.11	-24.91294591685889
99.12	-23.179536820950176
99.13	-22.26914125971593
99.14	-19.995046312060353
99.15	-24.044076912381968
99.16	-37.21262274345671
99.17	-33.67814072269223
99.18	-33.25617789246192
99.19	-29.958139981099148
99.2	-26.649198524004827
99.21000000000001	-21.003254521798716
99.22	-18.503087634202522
99.23	-14.968519520280799
99.24000000000001	-16.55772079633944
99.25	-19.412375338502322
99.26	-24.22352446149506
99.27	-27.98097477368165
99.28	-24.018031035897383
99.29	-24.869456349641446
99.3	-19.44662226923229
99.31	-16.35820263199158
99.32000000000001	-19.558965731869197
99.33	-16.798037850692594
99.34	-20.615670459978443
99.35000000000001	-19.09816245132255
99.36	-17.774230026655967
99.37	-15.524210087381748
99.38	-12.740648394814547
99.39	-15.122473943853457
99.4	-13.348143744663624
99.41	-15.745009015629185
99.42	-13.034981023012149
99.43	-14.818358750227418
99.44	-14.219972692672664
99.45	-15.217903378617562
99.46000000000001	-16.48351551723473
99.47	-14.578571979037774
99.48	-17.43142431163363
99.49000000000001	-25.39063219121058
99.5	-21.513459161870113
99.51	-17.759023767335407
99.52	-15.446201481401348
99.53	-24.991776647198257
99.54	-22.331728387279227
99.55	-20.402015460495484
99.56	-17.576810468562254
99.57000000000001	-22.001730360505366
99.58	-24.211271886170426
99.59	-22.859177895854884
99.60000000000001	-21.14491593801492
99.61	-20.114579966681394
99.62	-20.137576237221676
99.63	-19.15214022148741
99.64	-25.762250816900224
99.65	-30.357884544076608
99.66	-32.46931584793008
99.67	-28.412716012116064
99.68	-24.49493768689884
99.69	-23.783143017371945
99.7	-21.619029180305574
99.71000000000001	-22.828298197301418
99.72	-23.065733268628964
99.73	-22.74092600561517
99.74000000000001	-28.869033520869422
99.75	-23.468541443941227
99.76	-23.678269340472042
99.77	-23.875711543620653
99.78	-22.523663582260472
99.79	-19.78364745253725
99.8	-19.99048057787114
99.81	-21.128651126926506
99.82000000000001	-18.272267120390097
99.83	-28.845038740514802
99.84	-33.696554840451576
99.85000000000001	-35.33873925840338
99.86	-31.092010116445998
99.87	-24.69665507957986
99.88	-22.17625510750642
99.89	-26.73375982190103
99.9	-40.22685895225336
99.91	-31.908740543695863
99.92	-27.706987458325752
99.93	-30.739858912666058
99.94	-29.64268727477836
99.95	-26.939289996461422
99.96000000000001	-23.201506074069766
99.97	-29.469512204557752
99.98	-24.953288284777113
99.99000000000001	-22.142166061572887
100.0	-26.84347415279995
100.01	-26.855373113772384
100.02	-20.809971500029103
100.03	-19.15456596716137
100.04	-19.139320147797758
100.05	-24.578461330921996
100.06	-21.39517754707788
100.07000000000001	-24.306692476020245
100.08	-21.97920874284467
100.09	-25.178850225099993
100.10000000000001	-24.230892937825235
100.11	-25.67690891659826
100.12	-29.292865928563078
100.13	-23.841228490949458
100.14	-23.972825899605933
100.15	-18.75116824832947
100.16	-15.626291898828594
100.17	-15.380090347607991
100.18	-14.280885094583978
100.19	-12.544083468647678
100.2	-11.724264698165156
100.21000000000001	-12.200811552200136
100.22	-10.909698227953577
100.23	-10.788054503522376
100.24000000000001	-11.906281699997956
100.25	-14.824517607318105
100.26	-22.90995173411872
100.27	-25.225434036530867
100.28	-21.88056794118596
100.29	-33.362291340497784
100.3	-30.847018549621534
100.31	-30.154812907952607
100.32000000000001	-34.36211337612175
100.33	-33.14607727527617
100.34	-28.51382813645137
100.35000000000001	-25.155850286400725
100.36	-26.16908931233206
100.37	-25.770121137989683
100.38	-21.88613124441537
100.39	-25.870891554490047
100.4	-23.20202858678829
100.41	-21.673580800808804
100.42	-20.05903511704647
100.43	-25.045814859934527
100.44	-26.366750791319056
100.45	-23.29596504359384
100.46000000000001	-26.72946728570527
100.47	-22.082570029241072
100.48	-25.87177295828956
100.49000000000001	-23.27904816402292
100.5	-18.591230049440124
100.51	-16.323566227366133
100.52	-20.613579745301767
100.53	-19.752126715409847
100.54	-20.476234158285042
100.55	-20.810636768727267
100.56	-25.60718599275452
100.57000000000001	-28.31528332451529
100.58	-24.155823527871924
100.59	-32.41649331718524
100.60000000000001	-26.776351194451777
100.61	-24.505937293827916
100.62	-24.382108398880565
100.63	-23.486439306924126
100.64	-25.614910204870363
100.65	-22.87165972637915
100.66	-20.18995317578897
100.67	-18.39077746194322
100.68	-18.48243895238214
100.69	-22.26045609345716
100.7	-19.635920971062212
100.71000000000001	-21.892630801059948
100.72	-17.740893525900816
100.73	-15.38765284757692
100.74000000000001	-20.531083433433956
100.75	-20.46428942244004
100.76	-16.76555797253395
100.77	-13.439231000041444
100.78	-12.838672892566898
100.79	-15.218737753136741
100.8	-15.804395187559244
100.81	-23.823796418218123
100.82000000000001	-19.171814103072883
100.83	-15.856044222249484
100.84	-19.6244245838876
100.85000000000001	-24.157938614257997
100.86	-25.850493385278106
100.87	-32.5517985253976
100.88	-32.00896594123004
100.89	-29.064077022916706
100.9	-22.932298108230427
100.91	-18.696514920850426
100.92	-16.113592715793825
100.93	-18.97698068968748
100.94	-17.46281528173297
100.95	-15.282342906193339
100.96000000000001	-12.89024971440341
100.97	-11.487638459072473
100.98	-11.132331970306524
100.99000000000001	-11.143839898352335
101.0	-11.443735551534598
101.01	-11.282761738715921
101.02	-11.847157401693753
101.03	-13.541381931286923
101.04	-16.546920857977135
101.05	-17.057636186509097
101.06	-17.371491490892158
101.07000000000001	-17.12208188135055
101.08	-21.122979287934
101.09	-23.39056515101504
101.10000000000001	-29.40004255577208
101.11	-28.87825520783427
101.12	-23.620648664398473
101.13	-19.299713227748356
101.14	-17.981522811787475
101.15	-17.341040189151876
101.16	-22.700467902011994
101.17	-24.092856389169267
101.18	-38.64318643777314
101.19	-33.64339384742473
101.2	-36.312006710766994
101.21000000000001	-30.167875398312834
101.22	-24.422463189904427
101.23	-30.621883244409744
101.24000000000001	-34.65495018637372
101.25	-27.399710167105283
101.26	-25.16353096351883
101.27	-19.709317631290098
101.28	-20.23345274844707
101.29	-30.95618164037862
101.3	-29.669547775927107
101.31	-26.434621610404818
101.32000000000001	-22.313747222461995
101.33	-23.600825117631647
101.34	-27.505983347781843
101.35000000000001	-32.37720982348962
101.36	-29.965510796119766
101.37	-27.20927013707645
101.38	-26.514809017310338
101.39	-22.29710531866449
101.4	-20.87540053032948
101.41	-17.769608090486727
101.42	-16.87109245626886
101.43	-14.050071973993823
101.44	-12.232372803094274
101.45	-10.932863146284712
101.46000000000001	-14.488454655997536
101.47	-16.887354883607827
101.48	-16.25656677545066
101.49000000000001	-14.101609425409324
101.5	-11.536009392692849
101.51	-9.808898833605216
101.52	-8.159318808919126
101.53	-9.591489478787908
101.54	-10.794074181947096
101.55	-14.46145561366887
101.56	-24.854481470572658
101.57000000000001	-23.300273115596408
101.58	-24.436402063545884
101.59	-30.243821546091134
101.60000000000001	-31.433492264913845
101.61	-26.585600298782076
101.62	-26.82833106267208
101.63	-28.11974275575803
101.64	-30.976504110258546
101.65	-24.677573618759414
101.66	-23.57901053369663
101.67	-28.637218728108973
101.68	-29.042999889567096
101.69	-28.6288639506797
101.7	-24.95182797951007
101.71000000000001	-20.234073543605884
101.72	-20.45959011019439
101.73	-22.78070563018432
101.74000000000001	-23.24564805148091
101.75	-20.88187018142037
101.76	-26.59237460974134
101.77	-24.698025310011392
101.78	-20.96992234632941
101.79	-18.19134255023096
101.8	-15.987684224884214
101.81	-18.67954163751624
101.82000000000001	-15.535649756077003
101.83	-16.41022578553084
101.84	-14.516695107228617
101.85000000000001	-16.540337675085205
101.86	-29.398182338074005
101.87	-24.619809312111933
101.88	-26.19054964727268
101.89	-20.496717155783198
101.9	-17.75998873705671
101.91	-14.674672824979005
101.92	-13.200078250944369
101.93	-13.448960612217034
101.94	-21.472551515441488
101.95	-32.46711317547742
101.96000000000001	-25.266238158785367
101.97	-20.887119214528806
101.98	-22.53740513970382
101.99000000000001	-30.05721514703085
102.0	-25.00006365209093
102.01	-26.783722690298056
102.02	-27.429524042258024
102.03	-22.578293846598307
102.04	-21.60890217033092
102.05	-26.28043697315037
102.06	-24.09703055756256
102.07000000000001	-30.946376638141214
102.08	-31.72004008222261
102.09	-29.72415629978646
102.10000000000001	-26.163516164365248
102.11	-24.180372828552393
102.12	-22.83940493917576
102.13	-18.65355911517267
102.14	-20.961100496651717
102.15	-24.217593514269115
102.16	-27.889436335886934
102.17	-27.41014847532166
102.18	-26.844703707882083
102.19	-33.11120438603389
102.2	-36.92103222566431
102.21000000000001	-31.819466943379005
102.22	-33.01583024990598
102.23	-28.38353783355853
102.24000000000001	-24.331374815349914
102.25	-30.521256228139734
102.26	-27.61179024607287
102.27	-21.612349904571442
102.28	-17.85246929783817
102.29	-18.486436524318865
102.3	-19.11551820688178
102.31	-18.350457436708435
102.32000000000001	-24.59676818913108
102.33	-23.09382020617142
102.34	-30.333460191493753
102.35000000000001	-30.53637072937763
102.36	-25.8192371226497
102.37	-25.32638585803082
102.38	-26.376541589453815
102.39	-24.9938566673239
102.4	-23.828068294341332
102.41	-19.728462992998242
102.42	-20.014646099581697
102.43	-32.21914414281193
102.44	-31.619847696975416
102.45	-33.13636986246257
102.46000000000001	-32.940358206331304
102.47	-33.36903070929711
102.48	-32.20482503222427
102.49000000000001	-29.99951216790645
102.5	-27.771060052772864
102.51	-24.039624550402742
102.52	-26.811494411668082
102.53	-25.567322003159337
102.54	-24.209303479816032
102.55	-31.54339149596672
102.56	-33.98613736921631
102.57000000000001	-28.579815612491714
102.58	-27.93620820691891
102.59	-22.0232395584429
102.60000000000001	-19.95162757617562
102.61	-24.923336321516352
102.62	-20.87001332244653
102.63	-21.414623129914062
102.64	-26.140854251025676
102.65	-27.147533992557452
102.66	-22.85793869483026
102.67	-24.75471619440786
102.68	-34.33283868959526
102.69	-30.758681545447043
102.7	-25.301567368112725
102.71000000000001	-29.144049284299015
102.72	-33.659552036081294
102.73	-29.403746007809524
102.74000000000001	-32.44880026780386
102.75	-31.20802443224751
102.76	-33.061187903691035
102.77	-29.10210450968382
102.78	-23.94413564192662
102.79	-25.493119474050168
102.8	-19.857337612169953
102.81	-16.304022537116005
102.82000000000001	-15.794563443458856
102.83	-16.81991692845637
102.84	-20.247592928020033
102.85000000000001	-19.58042827627212
102.86	-21.553251953622322
102.87	-19.40869112916265
102.88	-26.543831757717825
102.89	-29.29750409284751
102.9	-26.12241091809697
102.91	-27.92096020280331
102.92	-29.59455859832348
102.93	-30.54206952581917
102.94	-27.283298329713475
102.95	-25.49090894889423
102.96000000000001	-24.746324791613194
102.97	-22.436898799663723
102.98	-22.734734559029974
102.99000000000001	-24.0072370664107
103.0	-20.030895590465864
103.01	-18.076151185285358
103.02	-24.8348668778589
103.03	-21.899476802196606
103.04	-29.80436174261204
103.05	-27.07211558316499
103.06	-23.984699677485576
103.07000000000001	-22.22659332876586
103.08	-20.84444749819825
103.09	-16.109540909542805
103.10000000000001	-13.437179746184212
103.11	-11.029503627664976
103.12	-13.568568558671673
103.13	-12.019006625747684
103.14	-13.249528753128839
103.15	-15.713415935128019
103.16	-12.500510442072333
103.17	-11.011319150445344
103.18	-17.953522664685725
103.19	-18.185859483849946
103.2	-15.296964713226988
103.21000000000001	-15.22312400243759
103.22	-14.93377320190203
103.23	-21.011158758281876
103.24000000000001	-22.094104410324988
103.25	-28.12073230478792
103.26	-27.72112572480297
103.27	-23.01014120807343
103.28	-31.938163222399265
103.29	-29.81318272533833
103.3	-31.09702634084486
103.31	-30.16290290413116
103.32000000000001	-27.26768428280353
103.33	-31.549214985889204
103.34	-25.629525778319678
103.35000000000001	-24.433868544280916
103.36	-22.22939363298881
103.37	-27.159689591212192
103.38	-24.730587838001007
103.39	-23.51682205313809
103.4	-22.758053110250593
103.41	-23.720810455178125
103.42	-31.51483080180948
103.43	-26.55998611555999
103.44	-29.62834824927678
103.45	-26.469812607582156
103.46000000000001	-24.308949959421625
103.47	-23.915284688693827
103.48	-20.860937646346866
103.49000000000001	-19.462512211209948
103.5	-20.959170452226182
103.51	-19.77961040886874
103.52	-21.238258473424597
103.53	-23.425101530636883
103.54	-24.78056354475788
103.55	-19.994187275223542
103.56	-23.480896437506225
103.57000000000001	-23.62062297016339
103.58	-23.75270482969717
103.59	-23.25689637267076
103.60000000000001	-24.10421983310033
103.61	-28.09235830566847
103.62	-26.236513721903776
103.63	-28.541951363499653
103.64	-24.005643040721978
103.65	-27.622333287926374
103.66	-29.072523161574477
103.67	-25.650160605519982
103.68	-23.20367284459134
103.69	-21.767468590476895
103.7	-22.17963118419898
103.71000000000001	-19.13875627452141
103.72	-21.13881415955274
103.73	-22.145801316173095
103.74000000000001	-19.07725680747361
103.75	-23.326141592765627
103.76	-18.777317226468572
103.77	-16.344069780073486
103.78	-13.852931409374213
103.79	-22.319565628854328
103.8	-21.938364597269253
103.81	-19.424322422863007
103.82000000000001	-20.307545952985933
103.83	-19.344254344928615
103.84	-23.757446910687655
103.85000000000001	-27.93950538161918
103.86	-27.00431380416481
103.87	-31.28987298425138
103.88	-27.514421854296486
103.89	-25.13867081613103
103.9	-23.840868900483873
103.91	-31.787839322511246
103.92	-37.47353967166932
103.93	-33.31411908042676
103.94	-27.552082538919034
103.95	-28.525319843460817
103.96000000000001	-24.276535495584753
103.97	-19.136018252352994
103.98	-18.318717451748515
103.99000000000001	-26.627796268244467
104.0	-30.419330490786013
104.01	-27.56094069540491
104.02	-26.557272793807154
104.03	-22.891583874953003
104.04	-27.63814189979309
104.05	-25.048788351967794
104.06	-21.662003844833887
104.07000000000001	-23.296745402340445
104.08	-20.58041258022302
104.09	-23.26774737909048
104.10000000000001	-28.923992479884138
104.11	-30.456474171021274
104.12	-27.867278689377173
104.13	-22.378557912442503
104.14	-17.679687749911682
104.15	-15.021013613047351
104.16	-14.980863342323786
104.17	-19.402501492053794
104.18	-16.98117631614618
104.19	-15.53113617882143
104.2	-12.832750613683297
104.21000000000001	-13.890241120263553
104.22	-15.235602152861677
104.23	-17.123054797901972
104.24000000000001	-19.8944111384435
104.25	-22.608689690999963
104.26	-18.65679755726467
104.27	-17.51202474045603
104.28	-19.913932881442246
104.29	-23.236141300838423
104.3	-34.117663330351284
104.31	-31.533779121543315
104.32000000000001	-30.805252955840228
104.33	-30.723375250941483
104.34	-29.663464308513653
104.35000000000001	-24.882733458751638
104.36	-24.868715931230433
104.37	-24.358923322190062
104.38	-21.425853668404418
104.39	-18.581856272812498
104.4	-22.634887105796178
104.41	-20.633621067678217
104.42	-20.29949560679498
104.43	-18.950889779623804
104.44	-17.495314065250433
104.45	-18.4422626545298
104.46000000000001	-20.438711663382307
104.47	-22.283558585281202
104.48	-23.915054451973035
104.49000000000001	-31.574943368526796
104.5	-27.438559846225
104.51	-24.71994156390511
104.52	-22.198574862713485
104.53	-27.415624470428003
104.54	-23.700786516028167
104.55	-21.694676597666575
104.56	-20.732714436256348
104.57000000000001	-19.781324520653648
104.58	-20.63857397239553
104.59	-27.538181092946516
104.60000000000001	-24.702580959835245
104.61	-21.351009643478474
104.62	-19.725023122708592
104.63	-22.637260009203523
104.64	-20.35454136209048
104.65	-16.237905921946496
104.66	-16.417081068420934
104.67	-20.660719146648532
104.68	-18.51596190196268
104.69	-18.159197142452495
104.7	-15.57763875562031
104.71000000000001	-20.768426788920955
104.72	-31.273425375853517
104.73	-25.897473452911676
104.74000000000001	-23.934946621710868
104.75	-27.534017003751828
104.76	-26.51829571059051
104.77	-20.86899439257203
104.78	-16.853818782672473
104.79	-15.502112211874543
104.8	-15.489804999499244
104.81	-17.507788474936497
104.82000000000001	-17.981661121296032
104.83	-20.678158989420087
104.84	-21.117993698601403
104.85000000000001	-19.36507471878512
104.86	-17.82026035488778
104.87	-17.607147994438687
104.88	-20.44430220242817
104.89	-18.963010450607285
104.9	-19.917747616025146
104.91	-18.677566107386212
104.92	-25.199822105391384
104.93	-25.063530577024032
104.94	-22.307291159680496
104.95	-17.87663734788217
104.96000000000001	-15.396405647122965
104.97	-23.75913291704998
104.98	-20.7120922729773
104.99000000000001	-20.841948533971678
105.0	-21.327262464406218
105.01	-16.348724335066663
105.02	-13.699353875771239
105.03	-17.13844319170761
105.04	-18.599173428270884
105.05	-35.9058984349471
105.06	-31.832621331572152
105.07000000000001	-35.3830935967825
105.08	-37.963608801534455
105.09	-29.864405319702918
105.10000000000001	-25.249292592231452
105.11	-24.699956185207093
105.12	-24.655259516140525
105.13	-24.66559845118256
105.14	-25.831685009375438
105.15	-24.154623380776695
105.16	-22.71283215633357
105.17	-23.447090483725407
105.18	-24.63134344417666
105.19	-19.25607762138811
105.2	-16.9591049177115
105.21000000000001	-18.47903605938875
105.22	-18.794267194883542
105.23	-23.612457330495744
105.24000000000001	-21.218925558261986
105.25	-21.8135498821199
105.26	-20.65440159295245
105.27	-17.82472142971577
105.28	-15.615665997479939
105.29	-21.19246560036985
105.3	-24.77076280624446
105.31	-29.540574771666485
105.32000000000001	-24.99706127461713
105.33	-26.66335069134108
105.34	-22.57748474481481
105.35000000000001	-28.65737710226503
105.36	-27.915803406788477
105.37	-23.795784521630953
105.38	-25.157257382918186
105.39	-31.226939970994366
105.4	-30.211299109547337
105.41	-29.525470049414803
105.42	-29.666539326076943
105.43	-25.29360305957891
105.44	-22.44699161734023
105.45	-29.653141674502518
105.46000000000001	-29.667262604846215
105.47	-30.813240402218252
105.48	-31.381826033426716
105.49000000000001	-28.34208595431191
105.5	-25.073508581969936
105.51	-23.284768441852155
105.52	-21.533223100721525
105.53	-20.775872093341324
105.54	-17.273580781943526
105.55	-16.36996881017628
105.56	-17.37941809043881
105.57000000000001	-13.660992691413487
105.58	-12.667527002157792
105.59	-12.011776452579054
105.60000000000001	-10.387283544194922
105.61	-17.61400216071001
105.62	-13.736389307717099
105.63	-13.930869046032907
105.64	-11.865857181473528
105.65	-12.580149330494663
105.66	-10.881479892543618
105.67	-12.652717230223658
105.68	-10.695044341830156
105.69	-13.04482577252254
105.7	-11.813284395210724
105.71000000000001	-10.62698509635031
105.72	-12.223807585278399
105.73	-10.861026700248113
105.74000000000001	-7.987750997389213
105.75	-7.721756435013417
105.76	-7.196020218345867
105.77	-8.18547470424744
105.78	-16.369580405240743
105.79	-27.30613505236111
105.8	-22.555571147212078
105.81	-22.225457072908853
105.82000000000001	-21.265517935045935
105.83	-20.622944708598173
105.84	-19.449718268160918
105.85000000000001	-23.891932225122215
105.86	-28.300702484192836
105.87	-34.63201376451812
105.88	-33.80846399936443
105.89	-30.5756968650338
105.9	-29.88286656884863
105.91	-27.956294491988896
105.92	-28.39695153133177
105.93	-31.156332387753185
105.94	-26.82690619567733
105.95	-25.96334394513402
105.96000000000001	-26.402892008332568
105.97	-26.49512028556257
105.98	-22.394556513879852
105.99000000000001	-17.55213418339781
106.0	-14.706051832499098
106.01	-11.180753733054578
106.02	-9.011608238893443
106.03	-13.895988574195009
106.04	-14.141810515106119
106.05	-15.017229343374279
106.06	-12.574707184728862
106.07000000000001	-11.081242682498363
106.08	-10.927922545353583
106.09	-9.562200627194713
106.10000000000001	-17.017840417080343
106.11	-16.413190079027906
106.12	-19.896936079792948
106.13	-24.363395438240364
106.14	-21.15264550176753
106.15	-19.100642297015558
106.16	-15.42458246782638
106.17	-14.408587695479605
106.18	-13.367739702063075
106.19	-10.856598811796703
106.2	-9.585238341342082
106.21000000000001	-10.270721607353272
106.22	-12.177841478033677
106.23	-13.667446836022696
106.24000000000001	-12.334338233543262
106.25	-16.634906665612746
106.26	-14.937645912263504
106.27	-19.37375776508931
106.28	-24.04881156386758
106.29	-25.808893296166403
106.3	-23.603436502504692
106.31	-26.007140515432557
106.32000000000001	-31.558065809116172
106.33	-29.3940857498417
106.34	-30.727656161999583
106.35000000000001	-29.926114580088825
106.36	-27.649400887879857
106.37	-22.211533421644376
106.38	-20.19366269053911
106.39	-34.51162429383339
106.4	-27.55345039587254
106.41	-29.6929230908233
106.42	-27.841861005557544
106.43	-23.06654785059782
106.44	-22.585735211393942
106.45	-27.956920543838002
106.46000000000001	-33.652929417423195
106.47	-28.658048897823374
106.48	-29.125729480700873
106.49000000000001	-23.993745587809716
106.5	-29.729597642190384
106.51	-24.158413309674792
106.52	-19.68868942404064
106.53	-20.062261756143656
106.54	-17.252930054586475
106.55	-19.197390505270146
106.56	-24.794812243447065
106.57000000000001	-26.292207689832132
106.58	-22.356278415952954
106.59	-24.782688956667915
106.60000000000001	-24.08531441454928
106.61	-20.741279187419615
106.62	-18.918736711701154
106.63	-21.797753812677783
106.64	-23.042384248613686
106.65	-21.180516753851283
106.66	-28.739600059099498
106.67	-31.309493932893258
106.68	-25.533461332746818
106.69	-22.46745123452189
106.7	-29.903100779127094
106.71000000000001	-25.298651205314783
106.72	-27.632267017129696
106.73	-21.930780916361616
106.74000000000001	-19.0343949174755
106.75	-20.488365243611838
106.76	-22.70895949441842
106.77	-19.399515340477123
106.78	-17.077789285786455
106.79	-14.684411509684574
106.8	-12.237961448609092
106.81	-11.551405775201914
106.82000000000001	-13.599267664067673
106.83	-12.662435553943595
106.84	-13.890447150256211
106.85000000000001	-11.287881395851308
106.86	-11.36091903693788
106.87	-12.4435465848545
106.88	-15.741872165285695
106.89	-22.077301985329267
106.9	-20.93729913402029
106.91	-19.450838945277855
106.92	-15.113369464162092
106.93	-15.993090620496368
106.94	-26.913742084358773
106.95	-26.651433073614985
106.96000000000001	-27.83406435005969
106.97	-21.69549546085794
106.98	-17.38810458386684
106.99000000000001	-18.603333029394452
107.0	-20.102697866546333
107.01	-23.990047176453167
107.02	-31.04231277430507
107.03	-28.71041552614271
107.04	-26.93778553130467
107.05	-22.475152069409912
107.06	-25.33805863376323
107.07000000000001	-21.23439837292338
107.08	-23.192903483277384
107.09	-20.89349026192524
107.10000000000001	-18.71436337457242
107.11	-21.520478213955005
107.12	-17.384308488637203
107.13	-14.166352389851772
107.14	-13.076247084694652
107.15	-13.842595802343608
107.16	-11.745953355165758
107.17	-10.104720247313985
107.18	-12.100247551246559
107.19	-21.03572397700035
107.2	-21.547141815885357
107.21000000000001	-29.354744251419685
107.22	-28.808889384436146
107.23	-28.351459207237266
107.24000000000001	-23.390429779321256
107.25	-20.78734769522038
107.26	-25.334478872017616
107.27	-31.57737408013901
107.28	-28.042507409896
107.29	-22.109429397341117
107.3	-22.438545169365284
107.31	-24.968399775113376
107.32000000000001	-21.845864323942525
107.33	-29.3330421800912
107.34	-30.205594805162978
107.35000000000001	-25.917627063656344
107.36	-25.380578423070016
107.37	-27.645701570784794
107.38	-30.36454327873214
107.39	-34.48195338255405
107.4	-28.361891195417133
107.41	-26.28065744998943
107.42	-26.371130882758386
107.43	-21.61876996672672
107.44	-20.293866006534387
107.45	-16.42113964719938
107.46000000000001	-14.80425425249242
107.47	-18.083335716823072
107.48	-18.0879391143558
107.49000000000001	-15.9582592967456
107.5	-17.48007399420531
107.51	-18.57915102966331
107.52	-22.373551028397824
107.53	-26.463215528760138
107.54	-23.380285398003547
107.55	-23.01641287378389
107.56	-18.542293725297007
107.57000000000001	-32.81346991902088
107.58	-29.107831408190588
107.59	-25.755746745591377
107.60000000000001	-24.630299107995874
107.61	-25.06942969390182
107.62	-19.578825183724994
107.63	-15.431468270474745
107.64	-11.85186930056853
107.65	-16.37026816048445
107.66	-16.914912556130744
107.67	-24.01708893101541
107.68	-23.24463289079324
107.69	-19.106248475430682
107.7	-23.021786703484
107.71000000000001	-18.002020399524525
107.72	-16.87143923401534
107.73	-13.980536775944369
107.74000000000001	-12.837722329086377
107.75	-12.108064155863785
107.76	-19.462499568801746
107.77	-19.278854599523736
107.78	-21.611170067644096
107.79	-31.278618415965823
107.8	-28.84231164825224
107.81	-26.727016812714055
107.82000000000001	-29.8422679775891
107.83	-24.386137312619198
107.84	-33.21348552386003
107.85000000000001	-32.520815157513645
107.86	-38.478090124787144
107.87	-42.00324669055059
107.88	-39.59264295833408
107.89	-31.369849155436313
107.9	-27.46733662488212
107.91	-25.156070078183564
107.92	-29.903838109386438
107.93	-24.28553782295836
107.94	-22.279211163521264
107.95	-20.04159762024046
107.96000000000001	-18.85171444188354
107.97	-23.41057790818291
107.98	-19.205920883503563
107.99000000000001	-16.601411858690696
108.0	-26.51878188111606
108.01	-26.49307202310371
108.02	-22.783104492331095
108.03	-29.33179705621323
108.04	-27.23372664810221
108.05	-28.387157029283244
108.06	-29.47586339050135
108.07000000000001	-32.34400469770552
108.08	-27.5740465509543
108.09	-27.513718830629667
108.10000000000001	-22.38434612060504
108.11	-22.851685806226634
108.12	-24.445716732988547
108.13	-27.414933596997603
108.14	-32.94749652870236
108.15	-29.500433486893478
108.16	-24.171014493087853
108.17	-20.881424705423086
108.18	-22.185738596147708
108.19	-20.04221636742601
108.2	-19.35681636215673
108.21000000000001	-18.068579589554464
108.22	-20.145896776738883
108.23	-30.692340078756974
108.24000000000001	-23.970704413504876
108.25	-19.911554663793044
108.26	-18.985549068417743
108.27	-19.55425672256413
108.28	-26.71983068907652
108.29	-25.69812711442221
108.3	-23.274876316338535
108.31	-23.610258349324447
108.32000000000001	-26.704993967711268
108.33	-26.878174865503258
108.34	-24.64638615905817
108.35000000000001	-27.039302918560004
108.36	-24.414266869733545
108.37	-24.184613280497594
108.38	-20.889776217278435
108.39	-24.614695403988055
108.4	-24.026309013317608
108.41	-26.971315524103378
108.42	-22.981977155542864
108.43	-23.03306436211244
108.44	-23.056755571924725
108.45	-20.772332646019294
108.46000000000001	-17.89693328281648
108.47	-20.289237537281917
108.48	-23.12419607332563
108.49000000000001	-19.175190450144548
108.5	-22.107117209554573
108.51	-17.37530258179689
108.52	-15.048699480039629
108.53	-20.027447941253307
108.54	-15.465949376602884
108.55	-14.348126526607071
108.56	-17.217798525635228
108.57000000000001	-15.888443567175772
108.58	-25.418193417541893
108.59	-28.10933450212315
108.60000000000001	-27.98274149258518
108.61	-22.26657982316169
108.62	-21.903991489749373
108.63	-21.78135988510845
108.64	-29.555955223380007
108.65	-40.657264557216095
108.66	-40.20932757100726
108.67	-33.743816473504424
108.68	-27.71946416480194
108.69	-25.589112762139475
108.7	-21.878552016634004
108.71000000000001	-28.16466615091401
108.72	-32.8444227761038
108.73	-30.970073495460472
108.74000000000001	-28.407914125817868
108.75	-26.186403525164494
108.76	-25.209862491390336
108.77	-23.3902518946174
108.78	-24.422737750357484
108.79	-34.57441865827764
108.8	-31.635347172325886
108.81	-32.30441210432536
108.82000000000001	-34.21394147351166
108.83	-32.65039999870668
108.84	-31.961786610485937
108.85000000000001	-31.34396156816073
108.86	-33.49712123419523
108.87	-28.686218242463337
108.88	-27.161922690358573
108.89	-21.936475179378736
108.9	-23.49228812305032
108.91	-21.429899806067926
108.92	-26.229929354097294
108.93	-35.578897058400166
108.94	-31.13539690174312
108.95	-30.37265285077622
108.96000000000001	-24.403356308748574
108.97	-29.397796653798764
108.98	-29.750337032744735
108.99000000000001	-27.47199059519623
109.0	-24.76736242219248
109.01	-20.907011418686043
109.02	-20.198994987391945
109.03	-26.081681958887017
109.04	-23.264704985507333
109.05	-22.965418583037312
109.06	-17.88549881825993
109.07000000000001	-16.177100610164928
109.08	-15.550925348315108
109.09	-18.656116758157797
109.10000000000001	-16.94654380775121
109.11	-21.963652522013145
109.12	-19.884367728355862
109.13	-18.503831757765784
109.14	-23.48116136484612
109.15	-20.556767922019397
109.16	-18.09873791990605
109.17	-15.708884456992413
109.18	-17.289081478869697
109.19	-15.898332012087062
109.2	-16.19771366358551
109.21000000000001	-23.679497490919395
109.22	-19.312887824714288
109.23	-16.21144048335171
109.24000000000001	-25.386741666539454
109.25	-24.83252557078015
109.26	-32.42219384654048
109.27	-32.049274524702255
109.28	-34.09464717781664
109.29	-36.669438221047535
109.3	-31.95597433670032
109.31	-29.927246699077035
109.32000000000001	-28.397981030788383
109.33	-26.303878002450194
109.34	-27.93595916131333
109.35000000000001	-22.701862654095606
109.36	-22.45415144240676
109.37	-22.344929197493958
109.38	-18.851681089072866
109.39	-22.88453398491616
109.4	-26.525920612094172
109.41	-21.6049531552144
109.42	-22.26680633024369
109.43	-17.95608513431896
109.44	-21.44364316962363
109.45	-16.71970660266957
109.46000000000001	-18.021258436499583
109.47	-24.81948892967045
109.48	-31.548000469233543
109.49000000000001	-26.646892421227633
109.5	-22.121402794718225
109.51	-18.74686842730614
109.52	-17.07802479174266
109.53	-22.313778997734474
109.54	-25.487738659233486
109.55	-22.82472941619449
109.56	-21.244195503541764
109.57000000000001	-20.346322702244656
109.58	-17.206672165373604
109.59	-17.017551165109648
109.60000000000001	-14.379496564488475
109.61	-18.519308796751787
109.62	-26.16357664511353
109.63	-26.249386685033706
109.64	-24.423385099268902
109.65	-26.585610249990268
109.66	-22.149494839878354
109.67	-18.767637184722332
109.68	-19.87935525786268
109.69	-16.34504995496294
109.7	-22.166229706016498
109.71000000000001	-19.14396704480349
109.72	-24.90310899764277
109.73	-22.20951003555595
109.74000000000001	-17.38757402559774
109.75	-13.305716049180475
109.76	-11.532196504941004
109.77	-9.758676960704056
109.78	-7.979945731952777
109.79	-9.746865666455836
109.8	-9.423265128020793
109.81	-13.721259336112341
109.82000000000001	-11.533511850867177
109.83	-16.543767057509747
109.84	-15.761700516494194
109.85000000000001	-21.895226286684164
109.86	-24.78913900819213
109.87	-20.814397301050775
109.88	-22.451396502708466
109.89	-20.74628114303578
109.9	-23.740160450507652
109.91	-22.032543678346315
109.92	-24.19279880105347
109.93	-23.93625255283296
109.94	-27.24654902535621
109.95	-30.366366576873816
109.96000000000001	-30.848391654878505
109.97	-25.74447881325473
109.98	-22.631277170713684
109.99000000000001	-21.04888510438507
110.0	-31.136115846986986
110.01	-30.786150669987215
110.02	-33.007787223331334
110.03	-31.043464052976343
110.04	-35.920376282641875
110.05	-31.156495209535613
110.06	-39.83770270789131
110.07000000000001	-38.042151862752846
110.08	-32.13568207060532
110.09	-29.839134098344854
110.10000000000001	-31.48866245781186
110.11	-27.980735263002508
110.12	-22.72700425217113
110.13	-22.803576636205033
110.14	-31.54701196027673
110.15	-29.84948814366142
110.16	-27.157936765666058
110.17	-24.848718864598133
110.18	-21.214542247433176
110.19	-20.0370746882728
110.2	-17.885786554661568
110.21000000000001	-19.42336120897122
110.22	-18.32174628839731
110.23	-21.141315074653352
110.24000000000001	-19.62144058033729
110.25	-18.20971685864552
110.26	-20.397327413933162
110.27	-19.478374058516415
110.28	-20.713644441030517
110.29	-17.402223291593245
110.3	-17.252662722420784
110.31	-15.337434861917366
110.32000000000001	-13.143105954072746
110.33	-13.263306085340286
110.34	-13.810186004187205
110.35000000000001	-18.402125299752313
110.36	-21.04200373831361
110.37	-30.540426873935594
110.38	-26.750898129270485
110.39	-28.051745945442423
110.4	-32.204862766507546
110.41	-25.39891643767383
110.42	-20.682234009706978
110.43	-17.794448086014533
110.44	-14.333141708813114
110.45	-11.50850378941299
110.46000000000001	-11.848977628503093
110.47	-11.188378407835897
110.48	-10.932015112232516
110.49000000000001	-12.100921105195255
110.5	-14.223589206029454
110.51	-13.74418032782185
110.52	-16.199709027324054
110.53	-19.082014138479902
110.54	-34.08929152572397
110.55	-33.408318071578485
110.56	-29.05864030776333
110.57000000000001	-28.861831118891715
110.58	-27.362300694547503
110.59	-26.65736859316032
110.60000000000001	-28.530009107323348
110.61	-26.563736759407302
110.62	-28.92814656945471
110.63	-33.24651882482179
110.64	-27.498767351693985
110.65	-26.527923882199033
110.66	-22.36068366631812
110.67	-21.610462825127662
110.68	-18.52479946511784
110.69	-16.5807308594112
110.7	-26.272815079118274
110.71000000000001	-24.971338196614564
110.72	-20.58723181582181
110.73	-18.944587613667338
110.74000000000001	-19.7745082068906
110.75	-18.603638200239182
110.76	-19.199337578699765
110.77	-25.07126064173485
110.78	-25.29044887450269
110.79	-21.037284643044778
110.8	-20.54814434687372
110.81	-17.618671548883885
110.82000000000001	-17.980848927884487
110.83	-21.449369650675738
110.84	-18.643534089838635
110.85000000000001	-25.38709949493626
110.86	-30.41223635769625
110.87	-35.16541962394097
110.88	-28.635643353856842
110.89	-31.518709469991055
110.9	-35.1319775221564
110.91	-30.128187299015245
110.92	-27.727687854767094
110.93	-23.29570287700812
110.94	-26.982673501278335
110.95	-24.5692515105084
110.96000000000001	-25.841932641661632
110.97	-24.758624183215943
110.98	-30.105288229080553
110.99000000000001	-26.56291149329743
111.0	-22.346835919849596
111.01	-25.4979038068924
111.02	-20.97436901422715
111.03	-24.50788713162838
111.04	-21.256123073356473
111.05	-17.21422396434036
111.06	-13.880491581992102
111.07000000000001	-12.822479766918775
111.08	-18.348744607648662
111.09	-15.347984049998711
111.10000000000001	-14.188721561665082
111.11	-11.184839441758811
111.12	-8.794526569786843
111.13	-7.073840712491609
111.14	-7.036418630064009
111.15	-6.226927176709201
111.16	-3.644332001334201
111.17	-6.562208101703236
111.18	-2.6436966213527833
111.19	-2.6671510271562133
111.2	-5.154432003174465
111.21000000000001	-8.774966361977537
111.22	-6.92651588909183
111.23	-10.236936655342042
111.24000000000001	-7.728356630350173
111.25	-8.86562306239529
111.26	-7.289876430422917
111.27	-10.694806981968998
111.28	-10.154022369671715
111.29	-17.630438340926602
111.3	-14.513229008525473
111.31	-19.146567639102663
111.32000000000001	-19.81109279297762
111.33	-21.67596259568158
111.34	-25.417131062030993
111.35000000000001	-28.1067106482388
111.36	-30.179320801580115
111.37	-26.733425093964577
111.38	-23.108414116167904
111.39	-22.397782916216837
111.4	-26.493550069493427
111.41	-36.92079199899239
111.42	-37.222516049425515
111.43	-34.860970786200575
111.44	-29.466766834248986
111.45	-25.85902513936994
111.46000000000001	-24.54441281195052
111.47	-28.233020192523625
111.48	-24.645739101438263
111.49000000000001	-23.407484335700108
111.5	-20.07811336494427
111.51	-17.863503127216454
111.52	-19.979391844353355
111.53	-21.826413805744153
111.54	-22.982203468897215
111.55	-21.544032786842237
111.56	-19.797061781470124
111.57000000000001	-19.282062480321397
111.58	-22.26584837013689
111.59	-28.87128837652072
111.60000000000001	-31.73567249477183
111.61	-26.14996391704767
111.62	-22.859985358517896
111.63	-23.040683090372998
111.64	-28.34812356271928
111.65	-24.612529042781325
111.66	-20.534777053627803
111.67	-20.734694325022293
111.68	-21.16365623730331
111.69	-29.02206963873381
111.7	-23.515243177724866
111.71000000000001	-19.31270988129044
111.72	-18.47430982004001
111.73	-23.879630768505407
111.74000000000001	-29.2798780430715
111.75	-32.005249331694905
111.76	-30.929972521012278
111.77	-25.094099204831235
111.78	-26.449882838320026
111.79	-27.964066387737155
111.8	-25.949268309393624
111.81	-20.51758987701808
111.82000000000001	-17.20813539294956
111.83	-21.227346380348425
111.84	-29.29013532386697
111.85000000000001	-28.394386056709905
111.86	-22.126926212737267
111.87	-19.937271919548497
111.88	-26.312497037991378
111.89	-21.54740375896564
111.9	-18.05868321208891
111.91	-16.771333349974245
111.92	-13.783564669763923
111.93	-12.122807906120908
111.94	-12.539891533403052
111.95	-18.49605611025952
111.96000000000001	-18.908649717675424
111.97	-26.999989148790448
111.98	-25.12512956273955
111.99000000000001	-23.854518263796155
112.0	-20.111581337378496
112.01	-19.93112943296557
112.02	-24.010541348938734
112.03	-28.040446361648602
112.04	-30.557429087414153
112.05	-26.32606556846337
112.06	-24.84134692984707
112.07000000000001	-27.972646943233986
112.08	-29.272741639065373
112.09	-26.833693091812094
112.10000000000001	-22.425189545432932
112.11	-22.082883036004766
112.12	-18.20284499997604
112.13	-16.096875774192196
112.14	-19.275846712390216
112.15	-19.581632260316614
112.16	-24.784603202938307
112.17	-25.618249775260452
112.18	-26.831607051695997
112.19	-27.31142607253966
112.2	-31.5509195522059
112.21000000000001	-25.529952759969458
112.22	-27.288434215579013
112.23	-24.643540123650777
112.24000000000001	-21.269536924521795
112.25	-18.404775237230705
112.26	-21.446897822779896
112.27	-30.942567091702383
112.28	-29.17027958480847
112.29	-33.51799776452449
112.3	-28.15442853810181
112.31	-25.571675827710816
112.32000000000001	-22.267218312468568
112.33	-22.796395034439996
112.34	-22.094674313559757
112.35000000000001	-19.330505654684057
112.36	-17.044913748019617
112.37	-17.054968221099006
112.38	-14.477397902186253
112.39	-14.907922944789492
112.4	-16.49953145141144
112.41	-17.290561280886603
112.42	-17.152273765483912
112.43	-25.05392233486783
112.44	-20.600774425844442
112.45	-18.909089017699937
112.46000000000001	-19.265398782143514
112.47	-16.011052902731866
112.48	-16.317702463096158
112.49000000000001	-18.465919609582535
112.5	-16.693052098051613
112.51	-31.858200993691145
112.52	-28.922112367518597
112.53	-34.86616034752933
112.54	-32.345727546853176
112.55	-31.129346199166314
112.56	-25.338177951420423
112.57000000000001	-27.992910251283746
112.58	-26.80332589564357
112.59	-25.033185972451342
112.60000000000001	-31.10500108951656
112.61	-25.596056028045147
112.62	-24.553369307094567
112.63	-20.80179286268066
112.64	-18.295145191111313
112.65	-14.395006858353069
112.66	-11.291117746779193
112.67	-9.606703277614745
112.68	-8.052591809908593
112.69	-11.395642473895759
112.7	-10.779797694440676
112.71000000000001	-14.865293778846418
112.72	-15.107927318102426
112.73	-17.30920017880675
112.74000000000001	-16.494918126760005
112.75	-17.453844225505204
112.76	-19.13369638560546
112.77	-16.621605851445423
112.78	-19.548939262713525
112.79	-26.00663834180921
112.8	-30.587835087120517
112.81	-34.20309164763809
112.82000000000001	-28.984865597462385
112.83	-30.804727046341124
112.84	-29.29550202905458
112.85000000000001	-25.709513672154543
112.86	-28.025429994317157
112.87	-26.916433658070495
112.88	-32.07750020656042
112.89	-27.525127536709572
112.9	-25.8631518425757
112.91	-28.170099895915456
112.92	-25.101893879051573
112.93	-23.378142136602982
112.94	-20.67689705751055
112.95	-23.95381630656852
112.96000000000001	-21.369004749334525
112.97	-23.170573516932823
112.98	-21.294710551745613
112.99000000000001	-23.69587345265508
113.0	-23.426403074100875
113.01	-20.50184532708432
113.02	-20.697423978778854
113.03	-17.851480948247378
113.04	-16.470369125490176
113.05	-17.60600887447557
113.06	-15.797811700446374
113.07000000000001	-15.93919799301872
113.08	-14.274592733010214
113.09	-16.60295991642404
113.10000000000001	-21.956125454805267
113.11	-34.53429401130708
113.12	-35.94951345250588
113.13	-31.66006866706536
113.14	-25.044350002665862
113.15	-22.789235101167534
113.16	-25.269806620892084
113.17	-26.37411237286689
113.18	-24.24972786620306
113.19	-19.13818727778981
113.2	-18.02428928811898
113.21000000000001	-22.97875314023474
113.22	-18.08219781938785
113.23	-15.397799902165346
113.24000000000001	-15.151037091261976
113.25	-13.988885178937808
113.26	-18.78401365278218
113.27	-20.109079832379965
113.28	-23.23429297991704
113.29	-21.455514498689613
113.3	-17.3890558105481
113.31	-18.586834422313316
113.32000000000001	-15.471926695899421
113.33	-26.11429207192981
113.34	-23.439658571311682
113.35000000000001	-29.130639270636692
113.36	-28.26027474712865
113.37	-23.60004085384547
113.38	-22.43660326878254
113.39	-24.008954863915196
113.4	-26.78312078551193
113.41	-25.806260684846634
113.42	-30.256358750866557
113.43	-28.845813815995392
113.44	-31.377788053046636
113.45	-25.707098504470416
113.46000000000001	-23.211472931827476
113.47	-23.148313779371843
113.48	-21.403621573528117
113.49000000000001	-18.42616526059154
113.5	-16.317173190286105
113.51	-15.157148517197633
113.52	-20.55321416457651
113.53	-17.566139212673253
113.54	-20.208212480397627
113.55	-18.403100805058987
113.56	-20.43135782598233
113.57000000000001	-32.47843021974717
113.58	-28.589869647341327
113.59	-27.6343738306826
113.60000000000001	-28.54405100991888
113.61	-23.681165627007594
113.62	-20.235819479790564
113.63	-22.019811229008145
113.64	-19.52048249128884
113.65	-16.10553055877132
113.66	-17.353878097090615
113.67	-14.83460453742287
113.68	-15.103064016756978
113.69	-15.18770677562787
113.7	-13.57244133482575
113.71000000000001	-10.435738153815546
113.72	-8.533988988230114
113.73	-16.266731959015875
113.74000000000001	-16.766701723963894
113.75	-18.572195021305852
113.76	-14.624763001320066
113.77	-12.435543862092572
113.78	-13.773656182030312
113.79	-15.489793659809578
113.8	-13.557308344986371
113.81	-13.435259943281357
113.82000000000001	-13.416533641904383
113.83	-13.998275887900185
113.84	-11.243316799985333
113.85000000000001	-14.655216237510134
113.86	-20.367292492865133
113.87	-15.88714249770933
113.88	-14.857942108787539
113.89	-12.780962151755553
113.9	-14.24886655598919
113.91	-12.352410489142441
113.92	-20.297458971085952
113.93	-20.828628654044167
113.94	-20.69964052078962
113.95	-18.829693639876677
113.96000000000001	-20.19924224723311
113.97	-26.504260606745927
113.98	-25.353359293432472
113.99000000000001	-23.772809224951757
114.0	-20.376556273063507
114.01	-20.50254994198219
114.02	-22.086207016654317
114.03	-21.861288624825438
114.04	-18.744680095281886
114.05	-17.730842662360846
114.06	-21.851371600511815
114.07000000000001	-22.86096282317586
114.08	-17.976876220083902
114.09	-15.572441133804825
114.10000000000001	-18.126794027829927
114.11	-14.804725561777621
114.12	-13.47988863093815
114.13	-14.200813435088572
114.14	-12.290298333680886
114.15	-10.805584426192139
114.16	-10.797469794681495
114.17	-11.082277260128121
114.18	-9.281595814240392
114.19	-7.293714214814291
114.2	-7.875354014638334
114.21000000000001	-10.019366216584963
114.22	-11.904487625465414
114.23	-14.308919704897836
114.24000000000001	-13.437560364304577
114.25	-14.864535574365759
114.26	-19.18383753599593
114.27	-20.424049142673667
114.28	-25.25560169558338
114.29	-22.70152335909447
114.3	-29.522792570979707
114.31	-33.24335865690474
114.32000000000001	-31.776107758322773
114.33	-27.289571458498813
114.34	-25.827826473845178
114.35000000000001	-23.151112832968632
114.36	-22.021404815168385
114.37	-17.385980283137492
114.38	-14.329495846839878
114.39	-19.922817748543274
114.4	-19.774807756474566
114.41	-27.294791695185307
114.42	-28.09902067686607
114.43	-39.600924765991095
114.44	-39.35141261984351
114.45	-33.424056690881564
114.46000000000001	-29.54459746854128
114.47	-28.056880020920403
114.48	-33.0448947771461
114.49000000000001	-26.53959311174929
114.5	-28.82552430364854
114.51	-31.21064100547674
114.52	-30.834298752039345
114.53	-29.451929416265862
114.54	-24.477325025095293
114.55	-26.64269411098043
114.56	-24.376250047389092
114.57000000000001	-21.883866129775093
114.58	-28.08237553921584
114.59	-32.555405928084085
114.60000000000001	-28.038519275958134
114.61	-24.17258497220564
114.62	-22.94076254349827
114.63	-23.57969937988167
114.64	-23.88986546796156
114.65	-28.782874561958593
114.66	-29.489996293005433
114.67	-30.915369513914452
114.68	-29.49225266955698
114.69	-33.99574250081009
114.7	-31.171678251808114
114.71000000000001	-25.393120795059332
114.72	-22.45199890335559
114.73	-24.806255347972886
114.74000000000001	-23.816583968947732
114.75	-23.739208802418524
114.76	-29.886575107346925
114.77	-37.4268793633617
114.78	-29.24399239782263
114.79	-23.91183902073775
114.8	-19.65712582862522
114.81	-20.26482317004575
114.82000000000001	-24.231212321830984
114.83	-19.39933386074574
114.84	-17.488080115658867
114.85000000000001	-19.30158247118505
114.86	-15.822992325018458
114.87	-18.947453927072864
114.88	-26.255866899689405
114.89	-24.32192214925378
114.9	-24.27302115497174
114.91	-26.76857006167272
114.92	-24.33377541908323
114.93	-32.41493120642467
114.94	-32.98897596821382
114.95	-31.384473250711572
114.96000000000001	-28.242763530459865
114.97	-28.399645850574647
114.98	-34.87164321040052
114.99000000000001	-34.68867279686043
115.0	-34.994883642987084
115.01	-31.946889397740108
115.02	-30.591517414010237
115.03	-24.149462901035456
115.04	-19.307771599005118
115.05	-16.210086372758738
115.06	-15.673292534843386
115.07000000000001	-20.550884527992324
115.08	-20.788155579852425
115.09	-20.412048588454848
115.10000000000001	-21.705190046978174
115.11	-25.722310908488456
115.12	-32.34327906281957
115.13	-25.16653924697486
115.14	-22.455286113387505
115.15	-19.948540768614794
115.16	-24.05144636804523
115.17	-24.361074730597032
115.18	-23.222168374485786
115.19	-23.36848722933594
115.2	-23.17303269561068
115.21000000000001	-19.171003931247178
115.22	-16.898436066051232
115.23	-18.20903440177871
115.24000000000001	-20.83388764941751
115.25	-27.61703240695371
115.26	-23.111475835335728
115.27	-20.809317714184377
115.28	-23.053393863674593
115.29	-20.095846025445084
115.3	-27.021902180546064
115.31	-22.476048047587614
115.32000000000001	-19.9967728221334
115.33	-19.0922549596263
115.34	-18.90809356148974
115.35000000000001	-19.868460018017934
115.36	-18.555132906475027
115.37	-17.867380568496902
115.38	-33.98824795043139
115.39	-29.78734605631322
115.4	-24.207371002228843
115.41	-18.918799695697395
115.42	-15.946138349374309
115.43	-15.078778537577563
115.44	-15.152798723847999
115.45	-17.490745014226647
115.46000000000001	-17.47898471221247
115.47	-20.48492816537961
115.48	-22.796804652716702
115.49000000000001	-21.778518587280498
115.5	-23.430893641232128
115.51	-28.987629800006246
115.52	-29.551270093210384
115.53	-31.044156718444928
115.54	-28.819230960379638
115.55	-25.413660583263464
115.56	-23.061017415060146
115.57000000000001	-29.908045741282734
115.58	-34.14175613897866
115.59	-28.8328890459524
115.60000000000001	-27.477799605148725
115.61	-21.571783197426196
115.62	-20.172244156021307
115.63	-16.6060066295904
115.64	-19.948769068406474
115.65	-25.981742755132093
115.66	-22.33620272796869
115.67	-21.175722589825078
115.68	-17.532857046884402
115.69	-16.500949232634124
115.7	-15.86885615330149
115.71000000000001	-12.297073623879282
115.72	-12.914003909524931
115.73	-12.500983294309892
115.74000000000001	-11.992406298120946
115.75	-12.127005902274222
115.76	-18.448305906365515
115.77	-19.48271942563728
115.78	-30.834422957805245
115.79	-29.852503757654688
115.8	-25.285980206795262
115.81	-27.381032543222364
115.82000000000001	-26.39487921921579
115.83	-21.68295635165999
115.84	-26.052432317602758
115.85000000000001	-27.934756984958717
115.86	-29.29953761348361
115.87	-31.128324371656873
115.88	-34.15882330248334
115.89	-32.15821770950485
115.9	-25.92862452896178
115.91	-25.784925832872382
115.92	-23.289156196950106
115.93	-23.846106359807447
115.94	-29.044679377770002
115.95	-23.573828162554637
115.96000000000001	-20.817520944795476
115.97	-26.210922806097013
115.98	-25.954675952860697
115.99000000000001	-30.78941188697801
116.0	-32.98720872986705
116.01	-28.790038534918985
116.02	-25.786691861213832
116.03	-25.630994796126227
116.04	-21.21658775201264
116.05	-17.54443721236711
116.06	-18.52795281000067
116.07000000000001	-15.098264081440206
116.08	-19.89594826503838
116.09	-25.303749737181477
116.10000000000001	-23.492441313036647
116.11	-23.346183284457645
116.12	-24.42360675663139
116.13	-23.854885877369473
116.14	-30.783850286991438
116.15	-25.04654866551712
116.16	-22.667466314337748
116.17	-26.045618726332243
116.18	-28.345866753106126
116.19	-34.4924314311195
116.2	-33.00112816373176
116.21000000000001	-27.744123545915443
116.22	-24.706427973276107
116.23	-20.797971356577996
116.24000000000001	-19.582992798093635
116.25	-17.80118174616304
116.26	-20.512531780812363
116.27	-22.155140587250767
116.28	-21.6878610960171
116.29	-27.554561847644724
116.3	-24.59887523826399
116.31	-25.416494778309797
116.32000000000001	-26.230029403212203
116.33	-25.405797772195267
116.34	-25.295535716767937
116.35000000000001	-25.04117037595658
116.36	-26.85824959000738
116.37	-21.002078355639703
116.38	-17.677509109737727
116.39	-15.758576620314818
116.4	-18.737067260800426
116.41	-22.320159700382273
116.42	-17.909559367460567
116.43	-14.270848234633517
116.44	-16.63184459299208
116.45	-19.244239051485454
116.46000000000001	-21.563149969307013
116.47	-23.29925570515552
116.48	-19.23982962155864
116.49000000000001	-15.459117474542927
116.5	-18.543507420334723
116.51	-14.410839366364566
116.52	-14.298698738372556
116.53	-19.61277249474075
116.54	-19.481543007311327
116.55	-22.944251151199737
116.56	-25.395079230506383
116.57000000000001	-21.485850022761966
116.58	-23.341715584937496
116.59	-30.80401884745749
116.60000000000001	-29.45201075033521
116.61	-27.287110905818793
116.62	-28.318674176577293
116.63	-26.558841241684775
116.64	-24.917282836926503
116.65	-26.688464995779135
116.66	-26.534240234354765
116.67	-26.818052801849877
116.68	-33.029755701831554
116.69	-27.652875901890337
116.7	-23.552780768595
116.71000000000001	-25.008432906701273
116.72	-27.4636223665847
116.73	-29.01104075441107
116.74000000000001	-33.08471963027698
116.75	-25.88998329905469
116.76	-21.19422706631099
116.77	-16.941747297995807
116.78	-14.626243624698485
116.79	-21.354622112621676
116.8	-23.357524089622828
116.81	-19.633454107955977
116.82000000000001	-20.445127070177275
116.83	-27.69584051132155
116.84	-28.786314012878854
116.85000000000001	-32.55164977511463
116.86	-30.264974942792772
116.87	-31.59167516685396
116.88	-30.377258051128294
116.89	-27.056997258324326
116.9	-32.38991743716861
116.91	-31.130962407136813
116.92	-33.102827634571824
116.93	-27.242402871423838
116.94	-27.821619595678275
116.95	-23.308003589609267
116.96000000000001	-19.457383507708656
116.97	-20.091941467853072
116.98	-15.789742611247558
116.99000000000001	-13.994607220063461
117.0	-12.82944767807786
117.01	-12.858246531104692
117.02	-18.577864287256354
117.03	-30.015483113876403
117.04	-23.388131542085226
117.05	-19.885258955657488
117.06	-27.713061233137378
117.07000000000001	-31.821029167394965
117.08	-29.85124541437926
117.09	-25.723003749929852
117.10000000000001	-28.04873108717955
117.11	-34.44489364357205
117.12	-28.370925774151
117.13	-26.806979433266047
117.14	-27.180002981379708
117.15	-27.278556647541294
117.16	-30.181397384091152
117.17	-25.193187724799053
117.18	-23.306222149510404
117.19	-22.542409068632406
117.2	-20.127247971356844
117.21000000000001	-17.74977177526845
117.22	-19.237940308855723
117.23	-22.043526800916013
117.24000000000001	-22.406224291167188
117.25	-17.77298411980717
117.26	-17.47113879998052
117.27	-24.551480877401243
117.28	-29.921948838285555
117.29	-28.190446044608727
117.3	-29.18197761752065
117.31	-24.85591423822071
117.32000000000001	-22.56188926690337
117.33	-20.058902990935124
117.34	-17.261898802819193
117.35000000000001	-18.305383347715633
117.36	-18.794645002706428
117.37	-23.376358731303668
117.38	-22.32774915390808
117.39	-27.15725467919234
117.4	-29.404900085198516
117.41	-26.320486694703312
117.42	-20.71527858176618
117.43	-18.900789261276564
117.44	-21.286505164756225
117.45	-24.721252146765234
117.46000000000001	-26.490249369467712
117.47	-23.299320367121254
117.48	-22.502699638761225
117.49000000000001	-24.977317821547842
117.5	-19.442889367835278
117.51	-18.42627714769524
117.52	-21.527699704745782
117.53	-28.48153446651856
117.54	-27.924145174279666
117.55	-22.262038453711416
117.56	-18.183823776481233
117.57000000000001	-17.562536853222877
117.58	-18.870654899257374
117.59	-16.35979091381593
117.60000000000001	-16.70065978568687
117.61	-25.879617373420455
117.62	-22.90060022771297
117.63	-22.54453278934653
117.64	-25.535057781800134
117.65	-27.611735547318453
117.66	-26.291652149517557
117.67	-22.957988126808033
117.68	-30.218783733007893
117.69	-28.82529133825364
117.7	-26.372594937653936
117.71000000000001	-23.587836325507578
117.72	-26.052532779996813
117.73	-28.570748012568412
117.74000000000001	-38.67001611227155
117.75	-31.530490546306584
117.76	-27.331834302101736
117.77	-26.34411296843283
117.78	-28.34897501747411
117.79	-24.101247098194023
117.8	-25.379627018557947
117.81	-29.453753450483006
117.82000000000001	-25.9838497199064
117.83	-22.10326695292436
117.84	-19.547806526102832
117.85000000000001	-23.606162446385973
117.86	-21.576577463053862
117.87	-23.660994892275763
117.88	-33.9016967052801
117.89	-35.054445765341725
117.9	-31.17121915589012
117.91	-25.981231844609233
117.92	-23.00748256176765
117.93	-22.386258005005782
117.94	-20.50760542520385
117.95	-18.337162570183917
117.96000000000001	-19.37326720555227
117.97	-15.081360942563093
117.98	-14.703150169081226
117.99000000000001	-14.941001846802944
118.0	-17.429476247808292
118.01	-19.138492006597197
118.02	-27.693799186099323
118.03	-24.33380287812745
118.04	-23.86697166467678
118.05	-22.981544124817834
118.06	-31.184691987792483
118.07000000000001	-28.31672474357956
118.08	-23.25652384844319
118.09	-23.106421234062278
118.10000000000001	-22.79114600733855
118.11	-25.79531746925762
118.12	-22.564768769992067
118.13	-22.695748016334978
118.14	-25.0106921303003
118.15	-27.960073595138933
118.16	-22.92272297023888
118.17	-19.12107621365072
118.18	-18.927746713713187
118.19	-15.787360567647482
118.2	-18.995920858749397
118.21000000000001	-14.727491745225576
118.22	-11.91030090679783
118.23	-14.068635139556932
118.24000000000001	-12.334490541218413
118.25	-11.130494691414878
118.26	-11.621889204361144
118.27	-11.946593073141889
118.28	-14.576909928398765
118.29	-23.282965840312077
118.3	-23.387696987925267
118.31	-21.71616573568918
118.32000000000001	-27.76401751638097
118.33	-25.734334430839553
118.34	-25.3188346655113
118.35000000000001	-22.57564664715848
118.36	-28.33989114138331
118.37	-24.80509840164629
118.38	-22.10067485182644
118.39	-23.82010311898829
118.4	-26.064652296956734
118.41	-25.140872111628745
118.42	-24.105715658271592
118.43	-22.528972833853445
118.44	-17.933907505128378
118.45	-16.051977871797163
118.46000000000001	-20.49921705890757
118.47	-18.413897208825983
118.48	-24.42555262004003
118.49000000000001	-23.65392819995712
118.5	-21.02683900279095
118.51	-26.093157742650096
118.52	-24.65216918957406
118.53	-23.0780075526513
118.54	-28.510587757236973
118.55	-23.691225370801444
118.56	-21.71791434065355
118.57000000000001	-23.092544597603247
118.58	-24.435953517029354
118.59	-24.942154097904783
118.60000000000001	-29.84483099700857
118.61	-36.12690866306597
118.62	-32.78138694480708
118.63	-26.06228419137953
118.64	-22.69235395094285
118.65	-25.603785671554935
118.66	-24.797114201228236
118.67	-23.125732103230796
118.68	-23.615127389076957
118.69	-26.827862138469524
118.7	-25.74930566328983
118.71000000000001	-26.167973003661793
118.72	-27.808512379990233
118.73	-29.149783829498393
118.74000000000001	-29.4884485919596
118.75	-33.296188831951945
118.76	-34.94227125000872
118.77	-31.822179049782548
118.78	-30.697243392537917
118.79	-36.13726333220729
118.8	-33.209906854230816
118.81	-31.377132381198454
118.82000000000001	-30.03019403627291
118.83	-27.53378488340758
118.84	-30.803940639078885
118.85000000000001	-25.267201027810096
118.86	-24.429405881735242
118.87	-23.76585578162075
118.88	-19.65833491201279
118.89	-17.55860344765659
118.9	-20.256667677042042
118.91	-25.147516629343237
118.92	-28.185926764060262
118.93	-23.95107748908606
118.94	-22.613799728089354
118.95	-31.469257404783253
118.96000000000001	-38.69772578332408
118.97	-36.9888203900885
118.98	-30.743206738446315
118.99000000000001	-30.446756051026494
119.0	-28.04463521589174
119.01	-26.960377089088286
119.02	-30.493351698510583
119.03	-27.841344798988658
